Startpoint: _44097_ (falling edge-triggered flip-flop clocked by clk')
Endpoint: _44155_ (falling edge-triggered flip-flop clocked by clk')
Path Group: clk
Path Type: max

  Delay    Time   Description
---------------------------------------------------------
   0.00    0.00   clock clk' (fall edge)
   0.00    0.00   clock network delay (ideal)
   0.00    0.00 v _44097_/CLK (DFFLQNx3_ASAP7_75t_R)
 125.00  125.00 v _44097_/QN (DFFLQNx3_ASAP7_75t_R)
  48.66  173.66 v rebuffer1063/Y (BUFx12f_ASAP7_75t_R)
  36.20  209.86 v rebuffer1066/Y (BUFx2_ASAP7_75t_R)
  20.08  229.94 ^ _31134_/Y (NOR2x2_ASAP7_75t_R)
  53.87  283.80 ^ clone3293/Y (BUFx4_ASAP7_75t_R)
  26.14  309.94 v _31179_/Y (NAND2x2_ASAP7_75t_R)
  36.65  346.59 v _34163_/Y (AO21x1_ASAP7_75t_R)
  18.53  365.12 ^ _34164_/Y (NAND2x1_ASAP7_75t_R)
  17.79  382.91 v _34165_/Y (NOR2x1_ASAP7_75t_R)
  28.14  411.05 ^ _34169_/Y (NAND2x1_ASAP7_75t_R)
  25.97  437.02 v _34170_/Y (NOR2x2_ASAP7_75t_R)
  18.65  455.66 ^ _34171_/Y (INVx1_ASAP7_75t_R)
  27.65  483.32 v _34191_/Y (NOR2x1_ASAP7_75t_R)
  40.74  524.06 ^ _34192_/Y (NAND2x2_ASAP7_75t_R)
  64.18  588.24 v _34266_/Y (XOR2x2_ASAP7_75t_R)
  65.97  654.21 ^ _34273_/Y (XOR2x2_ASAP7_75t_R)
  17.15  671.36 v _34419_/Y (NAND2x2_ASAP7_75t_R)
  15.70  687.06 ^ _34420_/Y (INVx1_ASAP7_75t_R)
  15.30  702.35 v _34421_/Y (OAI21x1_ASAP7_75t_R)
  20.64  722.99 ^ _34423_/Y (AOI21x1_ASAP7_75t_R)
  19.14  742.13 v _34427_/Y (NOR2x1_ASAP7_75t_R)
   0.00  742.13 v _44155_/D (DFFLQNx2_ASAP7_75t_R)
         742.13   data arrival time

  10.00   10.00   clock clk' (fall edge)
   0.00   10.00   clock network delay (ideal)
   0.00   10.00   clock reconvergence pessimism
          10.00 v _44155_/CLK (DFFLQNx2_ASAP7_75t_R)
 -18.22   -8.22   library setup time
          -8.22   data required time
---------------------------------------------------------
          -8.22   data required time
        -742.13   data arrival time
---------------------------------------------------------
        -750.35   slack (VIOLATED)


Startpoint: _44187_ (falling edge-triggered flip-flop clocked by clk')
Endpoint: _44175_ (falling edge-triggered flip-flop clocked by clk')
Path Group: clk
Path Type: max

  Delay    Time   Description
---------------------------------------------------------
   0.00    0.00   clock clk' (fall edge)
   0.00    0.00   clock network delay (ideal)
   0.00    0.00 v _44187_/CLK (DFFLQNx3_ASAP7_75t_R)
 112.96  112.96 v _44187_/QN (DFFLQNx3_ASAP7_75t_R)
  39.57  152.53 v rebuffer3299/Y (BUFx3_ASAP7_75t_R)
  24.36  176.89 v rebuffer2940/Y (BUFx6f_ASAP7_75t_R)
  24.71  201.61 v clone2900/Y (BUFx6f_ASAP7_75t_R)
  28.17  229.77 v rebuffer1918/Y (BUFx3_ASAP7_75t_R)
  40.16  269.93 ^ _30448_/Y (NAND2x2_ASAP7_75t_R)
  41.31  311.24 ^ rebuffer2901/Y (BUFx6f_ASAP7_75t_R)
  32.08  343.32 ^ rebuffer1486/Y (BUFx2_ASAP7_75t_R)
  17.92  361.24 v _33991_/Y (AOI211x1_ASAP7_75t_R)
  22.12  383.36 ^ _33992_/Y (NOR2x1_ASAP7_75t_R)
  16.54  399.89 v _33993_/Y (NAND2x1_ASAP7_75t_R)
  19.16  419.06 ^ _33998_/Y (NOR2x1_ASAP7_75t_R)
  16.19  435.24 v _33999_/Y (NAND2x1_ASAP7_75t_R)
  29.22  464.46 ^ _34000_/Y (NOR2x1_ASAP7_75t_R)
  40.91  505.37 v _34039_/Y (NAND2x2_ASAP7_75t_R)
  66.70  572.07 ^ _34040_/Y (XOR2x2_ASAP7_75t_R)
  49.39  621.46 v _34112_/Y (XOR2x2_ASAP7_75t_R)
  38.88  660.34 v _34194_/Y (XOR2x1_ASAP7_75t_R)
  38.58  698.92 v _34196_/Y (AO21x1_ASAP7_75t_R)
  37.99  736.91 v _34197_/Y (XOR2x1_ASAP7_75t_R)
   0.00  736.91 v _44175_/D (DFFLQNx2_ASAP7_75t_R)
         736.91   data arrival time

  10.00   10.00   clock clk' (fall edge)
   0.00   10.00   clock network delay (ideal)
   0.00   10.00   clock reconvergence pessimism
          10.00 v _44175_/CLK (DFFLQNx2_ASAP7_75t_R)
 -19.87   -9.87   library setup time
          -9.87   data required time
---------------------------------------------------------
          -9.87   data required time
        -736.91   data arrival time
---------------------------------------------------------
        -746.78   slack (VIOLATED)


Startpoint: _44121_ (falling edge-triggered flip-flop clocked by clk')
Endpoint: _44109_ (falling edge-triggered flip-flop clocked by clk')
Path Group: clk
Path Type: max

  Delay    Time   Description
---------------------------------------------------------
   0.00    0.00   clock clk' (fall edge)
   0.00    0.00   clock network delay (ideal)
   0.00    0.00 v _44121_/CLK (DFFLQNx3_ASAP7_75t_R)
 123.00  123.00 v _44121_/QN (DFFLQNx3_ASAP7_75t_R)
  45.38  168.38 v rebuffer669/Y (BUFx6f_ASAP7_75t_R)
  39.89  208.27 v rebuffer670/Y (BUFx2_ASAP7_75t_R)
  36.58  244.85 v rebuffer671/Y (BUFx2_ASAP7_75t_R)
  26.32  271.16 ^ _38917_/Y (NAND2x2_ASAP7_75t_R)
  23.70  294.86 v _40777_/Y (INVx2_ASAP7_75t_R)
  37.49  332.35 v _42080_/Y (OA21x2_ASAP7_75t_R)
  33.84  366.20 v _42081_/Y (OR2x2_ASAP7_75t_R)
  72.44  438.63 v _42088_/Y (OR3x4_ASAP7_75t_R)
  24.26  462.90 ^ _42107_/Y (NOR3x1_ASAP7_75t_R)
  22.02  484.92 v _42143_/Y (NAND2x1_ASAP7_75t_R)
  53.55  538.47 ^ _42144_/Y (NOR2x2_ASAP7_75t_R)
  78.87  617.34 v _42145_/Y (XNOR2x2_ASAP7_75t_R)
  21.39  638.73 ^ _42146_/Y (INVx1_ASAP7_75t_R)
  22.51  661.23 v _42147_/Y (OAI21x1_ASAP7_75t_R)
  19.07  680.30 ^ _42148_/Y (INVx1_ASAP7_75t_R)
  15.70  696.00 v _42153_/Y (OAI21x1_ASAP7_75t_R)
  20.22  716.22 ^ _42154_/Y (AOI21x1_ASAP7_75t_R)
  21.53  737.75 v _42158_/Y (NOR2x1_ASAP7_75t_R)
   0.00  737.75 v _44109_/D (DFFLQNx2_ASAP7_75t_R)
         737.75   data arrival time

  10.00   10.00   clock clk' (fall edge)
   0.00   10.00   clock network delay (ideal)
   0.00   10.00   clock reconvergence pessimism
          10.00 v _44109_/CLK (DFFLQNx2_ASAP7_75t_R)
 -18.71   -8.71   library setup time
          -8.71   data required time
---------------------------------------------------------
          -8.71   data required time
        -737.75   data arrival time
---------------------------------------------------------
        -746.46   slack (VIOLATED)


Startpoint: _44187_ (falling edge-triggered flip-flop clocked by clk')
Endpoint: _44167_ (falling edge-triggered flip-flop clocked by clk')
Path Group: clk
Path Type: max

  Delay    Time   Description
---------------------------------------------------------
   0.00    0.00   clock clk' (fall edge)
   0.00    0.00   clock network delay (ideal)
   0.00    0.00 v _44187_/CLK (DFFLQNx3_ASAP7_75t_R)
 112.96  112.96 v _44187_/QN (DFFLQNx3_ASAP7_75t_R)
  39.57  152.53 v rebuffer3299/Y (BUFx3_ASAP7_75t_R)
  24.36  176.89 v rebuffer2940/Y (BUFx6f_ASAP7_75t_R)
  24.71  201.61 v clone2900/Y (BUFx6f_ASAP7_75t_R)
  28.17  229.77 v rebuffer1918/Y (BUFx3_ASAP7_75t_R)
  40.16  269.93 ^ _30448_/Y (NAND2x2_ASAP7_75t_R)
  41.31  311.24 ^ rebuffer2901/Y (BUFx6f_ASAP7_75t_R)
  32.08  343.32 ^ rebuffer1486/Y (BUFx2_ASAP7_75t_R)
  17.92  361.24 v _33991_/Y (AOI211x1_ASAP7_75t_R)
  22.12  383.36 ^ _33992_/Y (NOR2x1_ASAP7_75t_R)
  16.54  399.89 v _33993_/Y (NAND2x1_ASAP7_75t_R)
  19.16  419.06 ^ _33998_/Y (NOR2x1_ASAP7_75t_R)
  16.19  435.24 v _33999_/Y (NAND2x1_ASAP7_75t_R)
  29.22  464.46 ^ _34000_/Y (NOR2x1_ASAP7_75t_R)
  40.91  505.37 v _34039_/Y (NAND2x2_ASAP7_75t_R)
  66.70  572.07 ^ _34040_/Y (XOR2x2_ASAP7_75t_R)
  49.39  621.46 v _34112_/Y (XOR2x2_ASAP7_75t_R)
  38.88  660.34 v _34338_/Y (XOR2x1_ASAP7_75t_R)
  37.86  698.20 v _34340_/Y (AO21x1_ASAP7_75t_R)
  37.99  736.19 v _34341_/Y (XOR2x1_ASAP7_75t_R)
   0.00  736.19 v _44167_/D (DFFLQNx2_ASAP7_75t_R)
         736.19   data arrival time

  10.00   10.00   clock clk' (fall edge)
   0.00   10.00   clock network delay (ideal)
   0.00   10.00   clock reconvergence pessimism
          10.00 v _44167_/CLK (DFFLQNx2_ASAP7_75t_R)
 -19.87   -9.87   library setup time
          -9.87   data required time
---------------------------------------------------------
          -9.87   data required time
        -736.19   data arrival time
---------------------------------------------------------
        -746.06   slack (VIOLATED)


Startpoint: _44176_ (falling edge-triggered flip-flop clocked by clk')
Endpoint: _44187_ (falling edge-triggered flip-flop clocked by clk')
Path Group: clk
Path Type: max

  Delay    Time   Description
---------------------------------------------------------
   0.00    0.00   clock clk' (fall edge)
   0.00    0.00   clock network delay (ideal)
   0.00    0.00 v _44176_/CLK (DFFLQNx3_ASAP7_75t_R)
 133.62  133.62 v _44176_/QN (DFFLQNx3_ASAP7_75t_R)
  50.91  184.53 v rebuffer662/Y (BUFx12f_ASAP7_75t_R)
  16.48  201.01 ^ _26045_/Y (CKINVDCx20_ASAP7_75t_R)
  22.32  223.32 v _26112_/Y (NOR2x2_ASAP7_75t_R)
  37.99  261.32 v rebuffer1166/Y (BUFx2_ASAP7_75t_R)
  42.01  303.33 ^ _26327_/Y (NAND2x2_ASAP7_75t_R)
  53.31  356.64 ^ _26367_/Y (AO21x1_ASAP7_75t_R)
  35.96  392.60 ^ _28466_/Y (AND2x2_ASAP7_75t_R)
  17.97  410.57 v _28467_/Y (NAND2x1_ASAP7_75t_R)
  22.77  433.34 ^ _28468_/Y (NOR2x2_ASAP7_75t_R)
  19.49  452.83 v _28473_/Y (NAND3x2_ASAP7_75t_R)
  21.73  474.56 ^ _28474_/Y (NOR2x2_ASAP7_75t_R)
  32.57  507.12 v _28476_/Y (NAND2x2_ASAP7_75t_R)
  36.99  544.11 v rebuffer2272/Y (BUFx3_ASAP7_75t_R)
  56.71  600.82 ^ _30177_/Y (XOR2x2_ASAP7_75t_R)
  16.41  617.23 v _30178_/Y (INVx2_ASAP7_75t_R)
  21.39  638.62 ^ _30179_/Y (NAND2x2_ASAP7_75t_R)
  23.15  661.77 v _30189_/Y (AOI21x1_ASAP7_75t_R)
  19.29  681.05 ^ _30190_/Y (INVx1_ASAP7_75t_R)
  17.43  698.48 v _30192_/Y (AOI21x1_ASAP7_75t_R)
  20.81  719.29 ^ _30193_/Y (OAI21x1_ASAP7_75t_R)
  16.15  735.44 v _30200_/Y (NAND2x1_ASAP7_75t_R)
   0.00  735.44 v _44187_/D (DFFLQNx3_ASAP7_75t_R)
         735.44   data arrival time

  10.00   10.00   clock clk' (fall edge)
   0.00   10.00   clock network delay (ideal)
   0.00   10.00   clock reconvergence pessimism
          10.00 v _44187_/CLK (DFFLQNx3_ASAP7_75t_R)
 -17.83   -7.83   library setup time
          -7.83   data required time
---------------------------------------------------------
          -7.83   data required time
        -735.44   data arrival time
---------------------------------------------------------
        -743.27   slack (VIOLATED)


Startpoint: _44168_ (falling edge-triggered flip-flop clocked by clk')
Endpoint: _44196_ (falling edge-triggered flip-flop clocked by clk')
Path Group: clk
Path Type: max

  Delay    Time   Description
---------------------------------------------------------
   0.00    0.00   clock clk' (fall edge)
   0.00    0.00   clock network delay (ideal)
   0.00    0.00 v _44168_/CLK (DFFLQNx3_ASAP7_75t_R)
 122.71  122.71 v _44168_/QN (DFFLQNx3_ASAP7_75t_R)
  45.05  167.76 v rebuffer2656/Y (BUFx2_ASAP7_75t_R)
  25.93  193.69 v rebuffer1404/Y (BUFx6f_ASAP7_75t_R)
  36.68  230.37 ^ _27029_/Y (NOR2x2_ASAP7_75t_R)
  32.53  262.90 v _27186_/Y (INVx3_ASAP7_75t_R)
  30.78  293.68 ^ _27187_/Y (NOR2x2_ASAP7_75t_R)
  41.98  335.66 ^ rebuffer1727/Y (BUFx4f_ASAP7_75t_R)
  44.62  380.28 ^ _28709_/Y (OA31x2_ASAP7_75t_R)
  16.30  396.58 v _28710_/Y (NOR2x1_ASAP7_75t_R)
  27.70  424.28 ^ _28714_/Y (NAND2x1_ASAP7_75t_R)
  23.50  447.77 v _28715_/Y (NOR2x2_ASAP7_75t_R)
  28.49  476.26 ^ _28726_/Y (NAND3x2_ASAP7_75t_R)
  37.41  513.67 v _28783_/Y (NOR2x2_ASAP7_75t_R)
  41.69  555.36 v rebuffer2080/Y (BUFx3_ASAP7_75t_R)
  21.68  577.04 ^ _30030_/Y (NOR2x1_ASAP7_75t_R)
  17.64  594.68 v _30032_/Y (OAI21x1_ASAP7_75t_R)
  27.92  622.60 ^ _30035_/Y (NAND2x1_ASAP7_75t_R)
  20.79  643.39 v _30036_/Y (OAI21x1_ASAP7_75t_R)
  25.85  669.24 ^ _30047_/Y (AOI21x1_ASAP7_75t_R)
  19.51  688.75 v _30048_/Y (INVx1_ASAP7_75t_R)
  20.01  708.76 ^ _30049_/Y (AOI21x1_ASAP7_75t_R)
  22.94  731.70 v _30051_/Y (NOR2x1_ASAP7_75t_R)
   0.00  731.70 v _44196_/D (DFFLQNx2_ASAP7_75t_R)
         731.70   data arrival time

  10.00   10.00   clock clk' (fall edge)
   0.00   10.00   clock network delay (ideal)
   0.00   10.00   clock reconvergence pessimism
          10.00 v _44196_/CLK (DFFLQNx2_ASAP7_75t_R)
 -19.10   -9.10   library setup time
          -9.10   data required time
---------------------------------------------------------
          -9.10   data required time
        -731.70   data arrival time
---------------------------------------------------------
        -740.80   slack (VIOLATED)


Startpoint: _44183_ (falling edge-triggered flip-flop clocked by clk')
Endpoint: _44197_ (falling edge-triggered flip-flop clocked by clk')
Path Group: clk
Path Type: max

  Delay    Time   Description
---------------------------------------------------------
   0.00    0.00   clock clk' (fall edge)
   0.00    0.00   clock network delay (ideal)
   0.00    0.00 v _44183_/CLK (DFFLQNx2_ASAP7_75t_R)
 127.01  127.01 v _44183_/QN (DFFLQNx2_ASAP7_75t_R)
  46.37  173.38 v rebuffer2812/Y (BUFx6f_ASAP7_75t_R)
  20.00  193.38 ^ _26114_/Y (INVx4_ASAP7_75t_R)
  36.44  229.82 v _26255_/Y (NOR2x2_ASAP7_75t_R)
  52.31  282.13 ^ _26282_/Y (NAND2x2_ASAP7_75t_R)
  43.25  325.38 ^ rebuffer2392/Y (BUFx2_ASAP7_75t_R)
  31.59  356.97 ^ rebuffer2393/Y (BUFx2_ASAP7_75t_R)
  18.65  375.62 v _28991_/Y (NOR2x1_ASAP7_75t_R)
  24.67  400.29 ^ _28992_/Y (NOR2x1_ASAP7_75t_R)
  17.67  417.96 v _28997_/Y (NAND2x1_ASAP7_75t_R)
  16.67  434.63 ^ _28998_/Y (NOR2x1_ASAP7_75t_R)
  15.12  449.75 v _28999_/Y (NAND2x1_ASAP7_75t_R)
  25.10  474.85 ^ _29018_/Y (NOR2x1_ASAP7_75t_R)
  20.94  495.79 v _29060_/Y (NAND2x2_ASAP7_75t_R)
  38.07  533.87 ^ _29061_/Y (NOR2x2_ASAP7_75t_R)
  79.10  612.97 v _30053_/Y (XNOR2x2_ASAP7_75t_R)
  29.22  642.19 ^ _30054_/Y (NAND2x1_ASAP7_75t_R)
  35.80  677.98 ^ _30063_/Y (AO21x1_ASAP7_75t_R)
  17.24  695.22 v _30065_/Y (AOI21x1_ASAP7_75t_R)
  20.81  716.03 ^ _30066_/Y (OAI21x1_ASAP7_75t_R)
  14.90  730.93 v _30076_/Y (NAND2x1_ASAP7_75t_R)
   0.00  730.93 v _44197_/D (DFFLQNx2_ASAP7_75t_R)
         730.93   data arrival time

  10.00   10.00   clock clk' (fall edge)
   0.00   10.00   clock network delay (ideal)
   0.00   10.00   clock reconvergence pessimism
          10.00 v _44197_/CLK (DFFLQNx2_ASAP7_75t_R)
 -17.97   -7.97   library setup time
          -7.97   data required time
---------------------------------------------------------
          -7.97   data required time
        -730.93   data arrival time
---------------------------------------------------------
        -738.90   slack (VIOLATED)


Startpoint: _44160_ (falling edge-triggered flip-flop clocked by clk')
Endpoint: _44091_ (falling edge-triggered flip-flop clocked by clk')
Path Group: clk
Path Type: max

  Delay    Time   Description
---------------------------------------------------------
   0.00    0.00   clock clk' (fall edge)
   0.00    0.00   clock network delay (ideal)
   0.00    0.00 v _44160_/CLK (DFFLQNx3_ASAP7_75t_R)
 119.73  119.73 v _44160_/QN (DFFLQNx3_ASAP7_75t_R)
  46.42  166.15 v rebuffer1300/Y (BUFx12f_ASAP7_75t_R)
  29.18  195.33 v rebuffer1303/Y (BUFx6f_ASAP7_75t_R)
  21.87  217.20 ^ _39552_/Y (NOR2x2_ASAP7_75t_R)
  36.31  253.51 ^ rebuffer1250/Y (BUFx12f_ASAP7_75t_R)
  24.93  278.43 v _39553_/Y (NAND2x2_ASAP7_75t_R)
  37.77  316.21 v rebuffer2317/Y (BUFx2_ASAP7_75t_R)
  34.35  350.56 v _40981_/Y (AO21x1_ASAP7_75t_R)
  13.97  364.53 ^ _40982_/Y (OAI21x1_ASAP7_75t_R)
  22.24  386.77 v _40985_/Y (NOR2x1_ASAP7_75t_R)
  25.37  412.14 ^ _40986_/Y (NAND2x1_ASAP7_75t_R)
  18.43  430.57 v _41178_/Y (INVx1_ASAP7_75t_R)
  21.12  451.68 ^ _41180_/Y (NAND2x1_ASAP7_75t_R)
  24.27  475.96 v _41185_/Y (NOR2x1_ASAP7_75t_R)
  39.21  515.17 ^ _41186_/Y (NAND2x2_ASAP7_75t_R)
  36.63  551.80 ^ rebuffer2285/Y (BUFx3_ASAP7_75t_R)
  41.26  593.06 ^ _43007_/Y (XOR2x2_ASAP7_75t_R)
  35.16  628.22 ^ _43008_/Y (XOR2x1_ASAP7_75t_R)
  19.43  647.65 v _43009_/Y (NOR2x1_ASAP7_75t_R)
  27.93  675.58 ^ _43013_/Y (OAI21x1_ASAP7_75t_R)
  18.91  694.49 v _43014_/Y (INVx1_ASAP7_75t_R)
  20.00  714.49 ^ _43015_/Y (OAI21x1_ASAP7_75t_R)
  14.23  728.72 v _43019_/Y (NAND2x1_ASAP7_75t_R)
   0.00  728.72 v _44091_/D (DFFLQNx2_ASAP7_75t_R)
         728.72   data arrival time

  10.00   10.00   clock clk' (fall edge)
   0.00   10.00   clock network delay (ideal)
   0.00   10.00   clock reconvergence pessimism
          10.00 v _44091_/CLK (DFFLQNx2_ASAP7_75t_R)
 -17.61   -7.61   library setup time
          -7.61   data required time
---------------------------------------------------------
          -7.61   data required time
        -728.72   data arrival time
---------------------------------------------------------
        -736.33   slack (VIOLATED)


Startpoint: _44153_ (falling edge-triggered flip-flop clocked by clk')
Endpoint: _44131_ (falling edge-triggered flip-flop clocked by clk')
Path Group: clk
Path Type: max

  Delay    Time   Description
---------------------------------------------------------
   0.00    0.00   clock clk' (fall edge)
   0.00    0.00   clock network delay (ideal)
   0.00    0.00 v _44153_/CLK (DFFLQNx3_ASAP7_75t_R)
 109.79  109.79 v _44153_/QN (DFFLQNx3_ASAP7_75t_R)
  43.57  153.36 v rebuffer931/Y (BUFx12f_ASAP7_75t_R)
  30.97  184.33 v rebuffer932/Y (BUFx12f_ASAP7_75t_R)
  43.33  227.66 ^ _35096_/Y (NOR2x2_ASAP7_75t_R)
  34.47  262.12 v _35130_/Y (INVx3_ASAP7_75t_R)
  35.40  297.52 ^ _35131_/Y (NOR2x2_ASAP7_75t_R)
  50.72  348.24 ^ _37161_/Y (OA21x2_ASAP7_75t_R)
  12.95  361.19 v _37162_/Y (INVx2_ASAP7_75t_R)
  16.34  377.53 ^ _37163_/Y (NAND2x1_ASAP7_75t_R)
  22.45  399.98 v _37167_/Y (NOR2x1_ASAP7_75t_R)
  27.66  427.64 ^ _37168_/Y (NAND2x2_ASAP7_75t_R)
  16.66  444.31 v _37169_/Y (INVx2_ASAP7_75t_R)
  20.60  464.90 ^ _37170_/Y (NAND2x2_ASAP7_75t_R)
  18.24  483.15 v _37171_/Y (NOR2x2_ASAP7_75t_R)
  32.85  516.00 ^ _37227_/Y (NAND2x2_ASAP7_75t_R)
  57.73  573.73 v _37228_/Y (XOR2x2_ASAP7_75t_R)
  42.09  615.82 v _38478_/Y (XOR2x1_ASAP7_75t_R)
  52.10  667.92 ^ _38479_/Y (XOR2x2_ASAP7_75t_R)
  16.83  684.75 v _38481_/Y (AOI21x1_ASAP7_75t_R)
  39.44  724.19 v _38482_/Y (XOR2x1_ASAP7_75t_R)
   0.00  724.19 v _44131_/D (DFFLQNx2_ASAP7_75t_R)
         724.19   data arrival time

  10.00   10.00   clock clk' (fall edge)
   0.00   10.00   clock network delay (ideal)
   0.00   10.00   clock reconvergence pessimism
          10.00 v _44131_/CLK (DFFLQNx2_ASAP7_75t_R)
 -21.32  -11.32   library setup time
         -11.32   data required time
---------------------------------------------------------
         -11.32   data required time
        -724.19   data arrival time
---------------------------------------------------------
        -735.51   slack (VIOLATED)


Startpoint: _44185_ (falling edge-triggered flip-flop clocked by clk')
Endpoint: _44173_ (falling edge-triggered flip-flop clocked by clk')
Path Group: clk
Path Type: max

  Delay    Time   Description
---------------------------------------------------------
   0.00    0.00   clock clk' (fall edge)
   0.00    0.00   clock network delay (ideal)
   0.00    0.00 v _44185_/CLK (DFFLQNx3_ASAP7_75t_R)
 112.52  112.52 v _44185_/QN (DFFLQNx3_ASAP7_75t_R)
  39.43  151.95 v rebuffer1055/Y (BUFx12f_ASAP7_75t_R)
  28.73  180.68 v rebuffer1056/Y (BUFx12f_ASAP7_75t_R)
  29.04  209.72 ^ _30469_/Y (NOR2x2_ASAP7_75t_R)
  43.93  253.65 ^ rebuffer794/Y (BUFx3_ASAP7_75t_R)
  32.08  285.72 ^ rebuffer795/Y (BUFx4f_ASAP7_75t_R)
  25.12  310.84 v _30541_/Y (NAND2x2_ASAP7_75t_R)
  41.97  352.81 v _33194_/Y (AO21x1_ASAP7_75t_R)
  19.69  372.51 ^ _33364_/Y (NAND2x1_ASAP7_75t_R)
  19.87  392.37 v _33367_/Y (NOR2x1_ASAP7_75t_R)
  25.32  417.69 ^ _33372_/Y (NAND2x1_ASAP7_75t_R)
  17.64  435.33 v _33373_/Y (INVx1_ASAP7_75t_R)
  18.06  453.39 ^ _33374_/Y (NAND2x1_ASAP7_75t_R)
  26.31  479.71 v _33391_/Y (NOR2x1_ASAP7_75t_R)
  28.43  508.14 ^ _33392_/Y (NAND2x2_ASAP7_75t_R)
  38.67  546.81 v _33393_/Y (NOR2x2_ASAP7_75t_R)
  36.44  583.25 ^ _33467_/Y (NAND2x2_ASAP7_75t_R)
  19.34  602.59 v _33468_/Y (INVx1_ASAP7_75t_R)
  29.97  632.56 ^ _33545_/Y (OAI21x1_ASAP7_75t_R)
  20.27  652.83 v _33628_/Y (NAND3x2_ASAP7_75t_R)
  36.34  689.16 v _33639_/Y (AO21x1_ASAP7_75t_R)
  19.57  708.73 ^ _33640_/Y (AOI21x1_ASAP7_75t_R)
  18.21  726.95 v _33641_/Y (NOR2x1_ASAP7_75t_R)
   0.00  726.95 v _44173_/D (DFFLQNx2_ASAP7_75t_R)
         726.95   data arrival time

  10.00   10.00   clock clk' (fall edge)
   0.00   10.00   clock network delay (ideal)
   0.00   10.00   clock reconvergence pessimism
          10.00 v _44173_/CLK (DFFLQNx2_ASAP7_75t_R)
 -18.28   -8.28   library setup time
          -8.28   data required time
---------------------------------------------------------
          -8.28   data required time
        -726.95   data arrival time
---------------------------------------------------------
        -735.23   slack (VIOLATED)


Startpoint: _44113_ (falling edge-triggered flip-flop clocked by clk')
Endpoint: _44137_ (falling edge-triggered flip-flop clocked by clk')
Path Group: clk
Path Type: max

  Delay    Time   Description
---------------------------------------------------------
   0.00    0.00   clock clk' (fall edge)
   0.00    0.00   clock network delay (ideal)
   0.00    0.00 v _44113_/CLK (DFFLQNx3_ASAP7_75t_R)
 117.55  117.55 v _44113_/QN (DFFLQNx3_ASAP7_75t_R)
  41.88  159.43 v rebuffer767/Y (BUFx12f_ASAP7_75t_R)
  22.16  181.59 ^ _34683_/Y (NOR2x2_ASAP7_75t_R)
  47.22  228.81 ^ rebuffer1528/Y (BUFx4f_ASAP7_75t_R)
  34.14  262.95 v _34684_/Y (NAND2x2_ASAP7_75t_R)
  54.81  317.77 v _34779_/Y (AO21x2_ASAP7_75t_R)
  35.03  352.79 ^ _34934_/Y (NAND3x2_ASAP7_75t_R)
  25.03  377.82 v _34935_/Y (NOR2x2_ASAP7_75t_R)
  32.62  410.44 ^ _34938_/Y (NAND3x2_ASAP7_75t_R)
  32.95  443.39 v _34939_/Y (NOR2x1_ASAP7_75t_R)
  40.85  484.24 ^ _34940_/Y (NAND2x2_ASAP7_75t_R)
  46.25  530.50 ^ rebuffer3453/Y (BUFx3_ASAP7_75t_R)
  24.44  554.94 v _35337_/Y (AOI21x1_ASAP7_75t_R)
  22.35  577.28 ^ _35338_/Y (INVx2_ASAP7_75t_R)
  18.80  596.08 v _35968_/Y (AOI21x1_ASAP7_75t_R)
  25.39  621.47 ^ _35969_/Y (NOR2x1_ASAP7_75t_R)
  27.49  648.95 v _36426_/Y (NOR2x1_ASAP7_75t_R)
  18.55  667.50 ^ _36427_/Y (INVx1_ASAP7_75t_R)
  15.73  683.23 v _36428_/Y (AOI21x1_ASAP7_75t_R)
  26.91  710.14 ^ _36430_/Y (OAI21x1_ASAP7_75t_R)
  15.18  725.32 v _36440_/Y (NAND2x2_ASAP7_75t_R)
   0.00  725.32 v _44137_/D (DFFLQNx3_ASAP7_75t_R)
         725.32   data arrival time

  10.00   10.00   clock clk' (fall edge)
   0.00   10.00   clock network delay (ideal)
   0.00   10.00   clock reconvergence pessimism
          10.00 v _44137_/CLK (DFFLQNx3_ASAP7_75t_R)
 -17.68   -7.68   library setup time
          -7.68   data required time
---------------------------------------------------------
          -7.68   data required time
        -725.32   data arrival time
---------------------------------------------------------
        -733.00   slack (VIOLATED)


Startpoint: _44176_ (falling edge-triggered flip-flop clocked by clk')
Endpoint: _44206_ (falling edge-triggered flip-flop clocked by clk')
Path Group: clk
Path Type: max

  Delay    Time   Description
---------------------------------------------------------
   0.00    0.00   clock clk' (fall edge)
   0.00    0.00   clock network delay (ideal)
   0.00    0.00 v _44176_/CLK (DFFLQNx3_ASAP7_75t_R)
 133.62  133.62 v _44176_/QN (DFFLQNx3_ASAP7_75t_R)
  50.91  184.53 v rebuffer662/Y (BUFx12f_ASAP7_75t_R)
  16.48  201.01 ^ _26045_/Y (CKINVDCx20_ASAP7_75t_R)
  22.32  223.32 v _26112_/Y (NOR2x2_ASAP7_75t_R)
  33.62  256.95 v rebuffer3076/Y (BUFx3_ASAP7_75t_R)
  18.05  275.00 ^ _26197_/Y (NAND2x2_ASAP7_75t_R)
  35.70  310.69 ^ rebuffer2987/Y (BUFx2_ASAP7_75t_R)
  26.80  337.49 v _26204_/Y (AOI21x1_ASAP7_75t_R)
  24.27  361.77 ^ _29402_/Y (INVx1_ASAP7_75t_R)
  17.19  378.96 v _29403_/Y (NAND2x1_ASAP7_75t_R)
  38.80  417.76 ^ _29404_/Y (AOI211x1_ASAP7_75t_R)
  22.99  440.75 v _29414_/Y (NAND3x2_ASAP7_75t_R)
  20.99  461.74 ^ _29415_/Y (NOR2x2_ASAP7_75t_R)
  18.05  479.79 v _29416_/Y (NAND2x2_ASAP7_75t_R)
  42.68  522.47 ^ _29417_/Y (NOR2x2_ASAP7_75t_R)
  74.55  597.03 v _29650_/Y (XNOR2x2_ASAP7_75t_R)
  19.95  616.98 ^ _29651_/Y (NAND2x1_ASAP7_75t_R)
  17.26  634.24 v _29652_/Y (AOI21x1_ASAP7_75t_R)
  33.73  667.96 ^ _29654_/Y (OAI21x1_ASAP7_75t_R)
  43.28  711.24 ^ _29659_/Y (AO21x1_ASAP7_75t_R)
  13.68  724.92 v _29660_/Y (NAND2x2_ASAP7_75t_R)
   0.00  724.92 v _44206_/D (DFFLQNx2_ASAP7_75t_R)
         724.92   data arrival time

  10.00   10.00   clock clk' (fall edge)
   0.00   10.00   clock network delay (ideal)
   0.00   10.00   clock reconvergence pessimism
          10.00 v _44206_/CLK (DFFLQNx2_ASAP7_75t_R)
 -17.40   -7.40   library setup time
          -7.40   data required time
---------------------------------------------------------
          -7.40   data required time
        -724.92   data arrival time
---------------------------------------------------------
        -732.32   slack (VIOLATED)


Startpoint: _44160_ (falling edge-triggered flip-flop clocked by clk')
Endpoint: _44092_ (falling edge-triggered flip-flop clocked by clk')
Path Group: clk
Path Type: max

  Delay    Time   Description
---------------------------------------------------------
   0.00    0.00   clock clk' (fall edge)
   0.00    0.00   clock network delay (ideal)
   0.00    0.00 v _44160_/CLK (DFFLQNx3_ASAP7_75t_R)
 119.73  119.73 v _44160_/QN (DFFLQNx3_ASAP7_75t_R)
  46.42  166.15 v rebuffer1300/Y (BUFx12f_ASAP7_75t_R)
  29.18  195.33 v rebuffer1303/Y (BUFx6f_ASAP7_75t_R)
  21.87  217.20 ^ _39552_/Y (NOR2x2_ASAP7_75t_R)
  36.31  253.51 ^ rebuffer1250/Y (BUFx12f_ASAP7_75t_R)
  24.93  278.43 v _39553_/Y (NAND2x2_ASAP7_75t_R)
  37.77  316.21 v rebuffer2317/Y (BUFx2_ASAP7_75t_R)
  34.35  350.56 v _40981_/Y (AO21x1_ASAP7_75t_R)
  13.97  364.53 ^ _40982_/Y (OAI21x1_ASAP7_75t_R)
  22.24  386.77 v _40985_/Y (NOR2x1_ASAP7_75t_R)
  25.37  412.14 ^ _40986_/Y (NAND2x1_ASAP7_75t_R)
  18.43  430.57 v _41178_/Y (INVx1_ASAP7_75t_R)
  21.12  451.68 ^ _41180_/Y (NAND2x1_ASAP7_75t_R)
  24.27  475.96 v _41185_/Y (NOR2x1_ASAP7_75t_R)
  39.21  515.17 ^ _41186_/Y (NAND2x2_ASAP7_75t_R)
  58.66  573.84 v _42849_/Y (XOR2x2_ASAP7_75t_R)
  61.84  635.67 ^ _43021_/Y (XOR2x2_ASAP7_75t_R)
  16.25  651.93 v _43026_/Y (INVx2_ASAP7_75t_R)
  18.25  670.18 ^ _43032_/Y (NAND2x1_ASAP7_75t_R)
  18.75  688.93 v _43034_/Y (AOI21x1_ASAP7_75t_R)
  21.14  710.07 ^ _43035_/Y (OAI21x1_ASAP7_75t_R)
  14.34  724.41 v _43036_/Y (NAND2x1_ASAP7_75t_R)
   0.00  724.41 v _44092_/D (DFFLQNx2_ASAP7_75t_R)
         724.41   data arrival time

  10.00   10.00   clock clk' (fall edge)
   0.00   10.00   clock network delay (ideal)
   0.00   10.00   clock reconvergence pessimism
          10.00 v _44092_/CLK (DFFLQNx2_ASAP7_75t_R)
 -17.65   -7.65   library setup time
          -7.65   data required time
---------------------------------------------------------
          -7.65   data required time
        -724.41   data arrival time
---------------------------------------------------------
        -732.05   slack (VIOLATED)


Startpoint: _44187_ (falling edge-triggered flip-flop clocked by clk')
Endpoint: _44145_ (falling edge-triggered flip-flop clocked by clk')
Path Group: clk
Path Type: max

  Delay    Time   Description
---------------------------------------------------------
   0.00    0.00   clock clk' (fall edge)
   0.00    0.00   clock network delay (ideal)
   0.00    0.00 v _44187_/CLK (DFFLQNx3_ASAP7_75t_R)
 112.96  112.96 v _44187_/QN (DFFLQNx3_ASAP7_75t_R)
  39.57  152.53 v rebuffer3299/Y (BUFx3_ASAP7_75t_R)
  24.36  176.89 v rebuffer2940/Y (BUFx6f_ASAP7_75t_R)
  24.71  201.61 v clone2900/Y (BUFx6f_ASAP7_75t_R)
  28.17  229.77 v rebuffer1918/Y (BUFx3_ASAP7_75t_R)
  40.16  269.93 ^ _30448_/Y (NAND2x2_ASAP7_75t_R)
  41.31  311.24 ^ rebuffer2901/Y (BUFx6f_ASAP7_75t_R)
  32.08  343.32 ^ rebuffer1486/Y (BUFx2_ASAP7_75t_R)
  17.92  361.24 v _33991_/Y (AOI211x1_ASAP7_75t_R)
  22.12  383.36 ^ _33992_/Y (NOR2x1_ASAP7_75t_R)
  16.54  399.89 v _33993_/Y (NAND2x1_ASAP7_75t_R)
  19.16  419.06 ^ _33998_/Y (NOR2x1_ASAP7_75t_R)
  16.19  435.24 v _33999_/Y (NAND2x1_ASAP7_75t_R)
  29.22  464.46 ^ _34000_/Y (NOR2x1_ASAP7_75t_R)
  40.91  505.37 v _34039_/Y (NAND2x2_ASAP7_75t_R)
  40.95  546.32 v rebuffer1583/Y (BUFx6f_ASAP7_75t_R)
  28.01  574.33 ^ _34370_/Y (NAND3x2_ASAP7_75t_R)
  24.81  599.14 v _34523_/Y (NAND2x2_ASAP7_75t_R)
  47.50  646.64 v _34524_/Y (XOR2x1_ASAP7_75t_R)
  23.17  669.81 ^ _34525_/Y (NAND2x1_ASAP7_75t_R)
  18.75  688.56 v _34530_/Y (AOI21x1_ASAP7_75t_R)
  20.29  708.85 ^ _34531_/Y (OAI21x1_ASAP7_75t_R)
  15.29  724.14 v _34538_/Y (NAND2x1_ASAP7_75t_R)
   0.00  724.14 v _44145_/D (DFFLQNx3_ASAP7_75t_R)
         724.14   data arrival time

  10.00   10.00   clock clk' (fall edge)
   0.00   10.00   clock network delay (ideal)
   0.00   10.00   clock reconvergence pessimism
          10.00 v _44145_/CLK (DFFLQNx3_ASAP7_75t_R)
 -17.83   -7.83   library setup time
          -7.83   data required time
---------------------------------------------------------
          -7.83   data required time
        -724.14   data arrival time
---------------------------------------------------------
        -731.96   slack (VIOLATED)


Startpoint: _44113_ (falling edge-triggered flip-flop clocked by clk')
Endpoint: _44113_ (falling edge-triggered flip-flop clocked by clk')
Path Group: clk
Path Type: max

  Delay    Time   Description
---------------------------------------------------------
   0.00    0.00   clock clk' (fall edge)
   0.00    0.00   clock network delay (ideal)
   0.00    0.00 v _44113_/CLK (DFFLQNx3_ASAP7_75t_R)
 117.55  117.55 v _44113_/QN (DFFLQNx3_ASAP7_75t_R)
  41.88  159.43 v rebuffer767/Y (BUFx12f_ASAP7_75t_R)
  22.16  181.59 ^ _34683_/Y (NOR2x2_ASAP7_75t_R)
  47.22  228.81 ^ rebuffer1528/Y (BUFx4f_ASAP7_75t_R)
  34.14  262.95 v _34684_/Y (NAND2x2_ASAP7_75t_R)
  54.81  317.77 v _34779_/Y (AO21x2_ASAP7_75t_R)
  35.03  352.79 ^ _34934_/Y (NAND3x2_ASAP7_75t_R)
  25.03  377.82 v _34935_/Y (NOR2x2_ASAP7_75t_R)
  32.62  410.44 ^ _34938_/Y (NAND3x2_ASAP7_75t_R)
  32.95  443.39 v _34939_/Y (NOR2x1_ASAP7_75t_R)
  40.85  484.24 ^ _34940_/Y (NAND2x2_ASAP7_75t_R)
  46.25  530.50 ^ rebuffer3453/Y (BUFx3_ASAP7_75t_R)
  24.44  554.94 v _35337_/Y (AOI21x1_ASAP7_75t_R)
  22.35  577.28 ^ _35338_/Y (INVx2_ASAP7_75t_R)
  23.47  600.75 v _38762_/Y (AOI21x1_ASAP7_75t_R)
  23.12  623.88 ^ _38763_/Y (NOR2x2_ASAP7_75t_R)
  23.71  647.59 v _38765_/Y (INVx1_ASAP7_75t_R)
  23.85  671.44 ^ _38767_/Y (NAND2x1_ASAP7_75t_R)
  16.69  688.13 v _38768_/Y (AOI21x1_ASAP7_75t_R)
  21.23  709.36 ^ _38770_/Y (OAI21x1_ASAP7_75t_R)
  14.96  724.32 v _38776_/Y (NAND2x1_ASAP7_75t_R)
   0.00  724.32 v _44113_/D (DFFLQNx3_ASAP7_75t_R)
         724.32   data arrival time

  10.00   10.00   clock clk' (fall edge)
   0.00   10.00   clock network delay (ideal)
   0.00   10.00   clock reconvergence pessimism
          10.00 v _44113_/CLK (DFFLQNx3_ASAP7_75t_R)
 -17.59   -7.59   library setup time
          -7.59   data required time
---------------------------------------------------------
          -7.59   data required time
        -724.32   data arrival time
---------------------------------------------------------
        -731.91   slack (VIOLATED)


Startpoint: _44097_ (falling edge-triggered flip-flop clocked by clk')
Endpoint: _44164_ (falling edge-triggered flip-flop clocked by clk')
Path Group: clk
Path Type: max

  Delay    Time   Description
---------------------------------------------------------
   0.00    0.00   clock clk' (fall edge)
   0.00    0.00   clock network delay (ideal)
   0.00    0.00 v _44097_/CLK (DFFLQNx3_ASAP7_75t_R)
 125.00  125.00 v _44097_/QN (DFFLQNx3_ASAP7_75t_R)
  48.66  173.66 v rebuffer1063/Y (BUFx12f_ASAP7_75t_R)
  36.20  209.86 v rebuffer1066/Y (BUFx2_ASAP7_75t_R)
  20.08  229.94 ^ _31134_/Y (NOR2x2_ASAP7_75t_R)
  53.87  283.80 ^ clone3293/Y (BUFx4_ASAP7_75t_R)
  26.14  309.94 v _31179_/Y (NAND2x2_ASAP7_75t_R)
  36.65  346.59 v _34163_/Y (AO21x1_ASAP7_75t_R)
  18.53  365.12 ^ _34164_/Y (NAND2x1_ASAP7_75t_R)
  17.79  382.91 v _34165_/Y (NOR2x1_ASAP7_75t_R)
  28.14  411.05 ^ _34169_/Y (NAND2x1_ASAP7_75t_R)
  25.97  437.02 v _34170_/Y (NOR2x2_ASAP7_75t_R)
  18.65  455.66 ^ _34171_/Y (INVx1_ASAP7_75t_R)
  27.65  483.32 v _34191_/Y (NOR2x1_ASAP7_75t_R)
  40.74  524.06 ^ _34192_/Y (NAND2x2_ASAP7_75t_R)
  72.39  596.44 v _34292_/Y (XOR2x2_ASAP7_75t_R)
  47.68  644.12 v _34304_/Y (XOR2x1_ASAP7_75t_R)
  25.02  669.14 ^ _34305_/Y (NAND2x1_ASAP7_75t_R)
  18.84  687.98 v _34308_/Y (AOI21x1_ASAP7_75t_R)
  21.23  709.21 ^ _34309_/Y (OAI21x1_ASAP7_75t_R)
  15.07  724.28 v _34310_/Y (NAND2x1_ASAP7_75t_R)
   0.00  724.28 v _44164_/D (DFFLQNx2_ASAP7_75t_R)
         724.28   data arrival time

  10.00   10.00   clock clk' (fall edge)
   0.00   10.00   clock network delay (ideal)
   0.00   10.00   clock reconvergence pessimism
          10.00 v _44164_/CLK (DFFLQNx2_ASAP7_75t_R)
 -17.51   -7.51   library setup time
          -7.51   data required time
---------------------------------------------------------
          -7.51   data required time
        -724.28   data arrival time
---------------------------------------------------------
        -731.79   slack (VIOLATED)


Startpoint: _44097_ (falling edge-triggered flip-flop clocked by clk')
Endpoint: _44156_ (falling edge-triggered flip-flop clocked by clk')
Path Group: clk
Path Type: max

  Delay    Time   Description
---------------------------------------------------------
   0.00    0.00   clock clk' (fall edge)
   0.00    0.00   clock network delay (ideal)
   0.00    0.00 v _44097_/CLK (DFFLQNx3_ASAP7_75t_R)
 125.00  125.00 v _44097_/QN (DFFLQNx3_ASAP7_75t_R)
  48.66  173.66 v rebuffer1063/Y (BUFx12f_ASAP7_75t_R)
  36.20  209.86 v rebuffer1066/Y (BUFx2_ASAP7_75t_R)
  20.08  229.94 ^ _31134_/Y (NOR2x2_ASAP7_75t_R)
  53.87  283.80 ^ clone3293/Y (BUFx4_ASAP7_75t_R)
  26.14  309.94 v _31179_/Y (NAND2x2_ASAP7_75t_R)
  36.65  346.59 v _34163_/Y (AO21x1_ASAP7_75t_R)
  18.53  365.12 ^ _34164_/Y (NAND2x1_ASAP7_75t_R)
  17.79  382.91 v _34165_/Y (NOR2x1_ASAP7_75t_R)
  28.14  411.05 ^ _34169_/Y (NAND2x1_ASAP7_75t_R)
  25.97  437.02 v _34170_/Y (NOR2x2_ASAP7_75t_R)
  18.65  455.66 ^ _34171_/Y (INVx1_ASAP7_75t_R)
  27.65  483.32 v _34191_/Y (NOR2x1_ASAP7_75t_R)
  40.74  524.06 ^ _34192_/Y (NAND2x2_ASAP7_75t_R)
  72.39  596.44 v _34292_/Y (XOR2x2_ASAP7_75t_R)
  49.65  646.10 v _34437_/Y (XOR2x1_ASAP7_75t_R)
  23.23  669.32 ^ _34438_/Y (NAND2x1_ASAP7_75t_R)
  18.56  687.88 v _34442_/Y (AOI21x1_ASAP7_75t_R)
  21.23  709.11 ^ _34444_/Y (OAI21x1_ASAP7_75t_R)
  14.96  724.07 v _34462_/Y (NAND2x1_ASAP7_75t_R)
   0.00  724.07 v _44156_/D (DFFLQNx2_ASAP7_75t_R)
         724.07   data arrival time

  10.00   10.00   clock clk' (fall edge)
   0.00   10.00   clock network delay (ideal)
   0.00   10.00   clock reconvergence pessimism
          10.00 v _44156_/CLK (DFFLQNx2_ASAP7_75t_R)
 -17.55   -7.55   library setup time
          -7.55   data required time
---------------------------------------------------------
          -7.55   data required time
        -724.07   data arrival time
---------------------------------------------------------
        -731.62   slack (VIOLATED)


Startpoint: _44185_ (falling edge-triggered flip-flop clocked by clk')
Endpoint: _44150_ (falling edge-triggered flip-flop clocked by clk')
Path Group: clk
Path Type: max

  Delay    Time   Description
---------------------------------------------------------
   0.00    0.00   clock clk' (fall edge)
   0.00    0.00   clock network delay (ideal)
   0.00    0.00 v _44185_/CLK (DFFLQNx3_ASAP7_75t_R)
 112.52  112.52 v _44185_/QN (DFFLQNx3_ASAP7_75t_R)
  39.43  151.95 v rebuffer1055/Y (BUFx12f_ASAP7_75t_R)
  28.73  180.68 v rebuffer1056/Y (BUFx12f_ASAP7_75t_R)
  29.04  209.72 ^ _30469_/Y (NOR2x2_ASAP7_75t_R)
  43.93  253.65 ^ rebuffer794/Y (BUFx3_ASAP7_75t_R)
  32.08  285.72 ^ rebuffer795/Y (BUFx4f_ASAP7_75t_R)
  25.12  310.84 v _30541_/Y (NAND2x2_ASAP7_75t_R)
  41.97  352.81 v _33194_/Y (AO21x1_ASAP7_75t_R)
  19.69  372.51 ^ _33364_/Y (NAND2x1_ASAP7_75t_R)
  19.87  392.37 v _33367_/Y (NOR2x1_ASAP7_75t_R)
  25.32  417.69 ^ _33372_/Y (NAND2x1_ASAP7_75t_R)
  17.64  435.33 v _33373_/Y (INVx1_ASAP7_75t_R)
  18.06  453.39 ^ _33374_/Y (NAND2x1_ASAP7_75t_R)
  26.31  479.71 v _33391_/Y (NOR2x1_ASAP7_75t_R)
  28.43  508.14 ^ _33392_/Y (NAND2x2_ASAP7_75t_R)
  38.67  546.81 v _33393_/Y (NOR2x2_ASAP7_75t_R)
  36.44  583.25 ^ _33467_/Y (NAND2x2_ASAP7_75t_R)
  44.63  627.87 ^ _34625_/Y (AO21x1_ASAP7_75t_R)
  22.51  650.38 v _34627_/Y (AOI21x1_ASAP7_75t_R)
  20.19  670.57 ^ _34628_/Y (INVx1_ASAP7_75t_R)
  17.68  688.25 v _34630_/Y (AOI21x1_ASAP7_75t_R)
  20.41  708.66 ^ _34631_/Y (OAI21x1_ASAP7_75t_R)
  14.24  722.90 v _34643_/Y (NAND2x1_ASAP7_75t_R)
   0.00  722.90 v _44150_/D (DFFLQNx2_ASAP7_75t_R)
         722.90   data arrival time

  10.00   10.00   clock clk' (fall edge)
   0.00   10.00   clock network delay (ideal)
   0.00   10.00   clock reconvergence pessimism
          10.00 v _44150_/CLK (DFFLQNx2_ASAP7_75t_R)
 -17.62   -7.62   library setup time
          -7.62   data required time
---------------------------------------------------------
          -7.62   data required time
        -722.90   data arrival time
---------------------------------------------------------
        -730.52   slack (VIOLATED)


Startpoint: _44136_ (falling edge-triggered flip-flop clocked by clk')
Endpoint: _44172_ (falling edge-triggered flip-flop clocked by clk')
Path Group: clk
Path Type: max

  Delay    Time   Description
---------------------------------------------------------
   0.00    0.00   clock clk' (fall edge)
   0.00    0.00   clock network delay (ideal)
   0.00    0.00 v _44136_/CLK (DFFLQNx3_ASAP7_75t_R)
 112.05  112.05 v _44136_/QN (DFFLQNx3_ASAP7_75t_R)
  52.59  164.64 v rebuffer1387/Y (BUFx4f_ASAP7_75t_R)
  34.25  198.89 v rebuffer1389/Y (BUFx6f_ASAP7_75t_R)
  35.29  234.17 ^ _31365_/Y (NAND2x2_ASAP7_75t_R)
  37.94  272.11 ^ rebuffer1353/Y (BUFx6f_ASAP7_75t_R)
  29.44  301.56 ^ rebuffer1354/Y (BUFx2_ASAP7_75t_R)
  16.00  317.56 v _31369_/Y (NAND2x2_ASAP7_75t_R)
  33.20  350.76 v _31370_/Y (AO21x1_ASAP7_75t_R)
  17.66  368.42 ^ _31371_/Y (NAND2x1_ASAP7_75t_R)
  18.45  386.87 v _31382_/Y (AOI211x1_ASAP7_75t_R)
  30.89  417.76 ^ _31421_/Y (NAND2x1_ASAP7_75t_R)
  28.10  445.86 v _31479_/Y (NOR2x1_ASAP7_75t_R)
  33.11  478.97 ^ _31566_/Y (NAND2x2_ASAP7_75t_R)
  46.84  525.82 ^ rebuffer3037/Y (BUFx2_ASAP7_75t_R)
  52.78  578.59 ^ _33294_/Y (XOR2x2_ASAP7_75t_R)
  67.61  646.20 v _33299_/Y (XNOR2x2_ASAP7_75t_R)
  23.32  669.52 ^ _33306_/Y (NAND2x1_ASAP7_75t_R)
  16.61  686.14 v _33307_/Y (AOI21x1_ASAP7_75t_R)
  21.23  707.37 ^ _33308_/Y (OAI21x1_ASAP7_75t_R)
  15.03  722.40 v _33309_/Y (NAND2x1_ASAP7_75t_R)
   0.00  722.40 v _44172_/D (DFFLQNx2_ASAP7_75t_R)
         722.40   data arrival time

  10.00   10.00   clock clk' (fall edge)
   0.00   10.00   clock network delay (ideal)
   0.00   10.00   clock reconvergence pessimism
          10.00 v _44172_/CLK (DFFLQNx2_ASAP7_75t_R)
 -17.51   -7.51   library setup time
          -7.51   data required time
---------------------------------------------------------
          -7.51   data required time
        -722.40   data arrival time
---------------------------------------------------------
        -729.91   slack (VIOLATED)


Startpoint: _44121_ (falling edge-triggered flip-flop clocked by clk')
Endpoint: _44084_ (falling edge-triggered flip-flop clocked by clk')
Path Group: clk
Path Type: max

  Delay    Time   Description
---------------------------------------------------------
   0.00    0.00   clock clk' (fall edge)
   0.00    0.00   clock network delay (ideal)
   0.00    0.00 v _44121_/CLK (DFFLQNx3_ASAP7_75t_R)
 123.00  123.00 v _44121_/QN (DFFLQNx3_ASAP7_75t_R)
  49.61  172.61 v rebuffer676/Y (BUFx12f_ASAP7_75t_R)
  15.48  188.10 ^ _38875_/Y (CKINVDCx20_ASAP7_75t_R)
  27.49  215.59 v _38891_/Y (NOR2x2_ASAP7_75t_R)
  37.27  252.86 v rebuffer1833/Y (BUFx6f_ASAP7_75t_R)
  28.36  281.22 ^ _38918_/Y (NAND2x2_ASAP7_75t_R)
  37.94  319.16 ^ rebuffer844/Y (BUFx6f_ASAP7_75t_R)
  30.87  350.03 ^ _42611_/Y (AO21x1_ASAP7_75t_R)
  12.84  362.87 v _42612_/Y (NAND2x1_ASAP7_75t_R)
  45.98  408.85 v _42616_/Y (OR3x1_ASAP7_75t_R)
  23.89  432.74 ^ _42617_/Y (NOR2x1_ASAP7_75t_R)
  17.99  450.72 v _42618_/Y (NAND2x2_ASAP7_75t_R)
  37.87  488.59 ^ _42619_/Y (NOR2x2_ASAP7_75t_R)
  25.60  514.20 v _42953_/Y (INVx4_ASAP7_75t_R)
  58.01  572.21 ^ _43023_/Y (XOR2x2_ASAP7_75t_R)
  27.54  599.75 ^ rebuffer2554/Y (BUFx6f_ASAP7_75t_R)
  33.21  632.96 ^ _43161_/Y (XOR2x1_ASAP7_75t_R)
  18.32  651.28 v _43165_/Y (INVx1_ASAP7_75t_R)
  18.13  669.40 ^ _43167_/Y (NAND2x1_ASAP7_75t_R)
  16.30  685.71 v _43168_/Y (AOI21x1_ASAP7_75t_R)
  21.15  706.85 ^ _43169_/Y (OAI21x1_ASAP7_75t_R)
  15.35  722.20 v _43180_/Y (NAND2x1_ASAP7_75t_R)
   0.00  722.20 v _44084_/D (DFFLQNx2_ASAP7_75t_R)
         722.20   data arrival time

  10.00   10.00   clock clk' (fall edge)
   0.00   10.00   clock network delay (ideal)
   0.00   10.00   clock reconvergence pessimism
          10.00 v _44084_/CLK (DFFLQNx2_ASAP7_75t_R)
 -17.51   -7.51   library setup time
          -7.51   data required time
---------------------------------------------------------
          -7.51   data required time
        -722.20   data arrival time
---------------------------------------------------------
        -729.71   slack (VIOLATED)


Startpoint: _44153_ (falling edge-triggered flip-flop clocked by clk')
Endpoint: _44141_ (falling edge-triggered flip-flop clocked by clk')
Path Group: clk
Path Type: max

  Delay    Time   Description
---------------------------------------------------------
   0.00    0.00   clock clk' (fall edge)
   0.00    0.00   clock network delay (ideal)
   0.00    0.00 v _44153_/CLK (DFFLQNx3_ASAP7_75t_R)
 109.79  109.79 v _44153_/QN (DFFLQNx3_ASAP7_75t_R)
  43.57  153.36 v rebuffer931/Y (BUFx12f_ASAP7_75t_R)
  30.97  184.33 v rebuffer932/Y (BUFx12f_ASAP7_75t_R)
  43.33  227.66 ^ _35096_/Y (NOR2x2_ASAP7_75t_R)
  34.47  262.12 v _35130_/Y (INVx3_ASAP7_75t_R)
  35.40  297.52 ^ _35131_/Y (NOR2x2_ASAP7_75t_R)
  34.78  332.30 ^ rebuffer2016/Y (BUFx6f_ASAP7_75t_R)
  15.92  348.22 v _35134_/Y (OAI21x1_ASAP7_75t_R)
  29.34  377.56 ^ _37769_/Y (NAND2x1_ASAP7_75t_R)
  20.10  397.66 v _37770_/Y (AOI211x1_ASAP7_75t_R)
  35.84  433.50 ^ _37775_/Y (NAND2x1_ASAP7_75t_R)
  22.25  455.75 v _37785_/Y (NOR2x2_ASAP7_75t_R)
  25.67  481.42 ^ _37786_/Y (NAND2x2_ASAP7_75t_R)
  26.68  508.10 v _37787_/Y (AOI211x1_ASAP7_75t_R)
  45.34  553.44 v rebuffer1435/Y (BUFx6f_ASAP7_75t_R)
  22.09  575.53 ^ _37865_/Y (NOR2x2_ASAP7_75t_R)
  24.42  599.95 v _37877_/Y (NOR2x2_ASAP7_75t_R)
  38.19  638.14 v _37878_/Y (AO21x1_ASAP7_75t_R)
  19.26  657.40 ^ _37880_/Y (AOI21x1_ASAP7_75t_R)
  23.19  680.59 v _37881_/Y (NOR2x1_ASAP7_75t_R)
  38.77  719.36 v _37882_/Y (XOR2x1_ASAP7_75t_R)
   0.00  719.36 v _44141_/D (DFFLQNx2_ASAP7_75t_R)
         719.36   data arrival time

  10.00   10.00   clock clk' (fall edge)
   0.00   10.00   clock network delay (ideal)
   0.00   10.00   clock reconvergence pessimism
          10.00 v _44141_/CLK (DFFLQNx2_ASAP7_75t_R)
 -20.14  -10.14   library setup time
         -10.14   data required time
---------------------------------------------------------
         -10.14   data required time
        -719.36   data arrival time
---------------------------------------------------------
        -729.50   slack (VIOLATED)


Startpoint: _44185_ (falling edge-triggered flip-flop clocked by clk')
Endpoint: _44149_ (falling edge-triggered flip-flop clocked by clk')
Path Group: clk
Path Type: max

  Delay    Time   Description
---------------------------------------------------------
   0.00    0.00   clock clk' (fall edge)
   0.00    0.00   clock network delay (ideal)
   0.00    0.00 v _44185_/CLK (DFFLQNx3_ASAP7_75t_R)
 112.52  112.52 v _44185_/QN (DFFLQNx3_ASAP7_75t_R)
  39.43  151.95 v rebuffer1055/Y (BUFx12f_ASAP7_75t_R)
  28.73  180.68 v rebuffer1056/Y (BUFx12f_ASAP7_75t_R)
  29.04  209.72 ^ _30469_/Y (NOR2x2_ASAP7_75t_R)
  43.93  253.65 ^ rebuffer794/Y (BUFx3_ASAP7_75t_R)
  32.08  285.72 ^ rebuffer795/Y (BUFx4f_ASAP7_75t_R)
  25.12  310.84 v _30541_/Y (NAND2x2_ASAP7_75t_R)
  41.97  352.81 v _33194_/Y (AO21x1_ASAP7_75t_R)
  19.69  372.51 ^ _33364_/Y (NAND2x1_ASAP7_75t_R)
  19.87  392.37 v _33367_/Y (NOR2x1_ASAP7_75t_R)
  25.32  417.69 ^ _33372_/Y (NAND2x1_ASAP7_75t_R)
  17.64  435.33 v _33373_/Y (INVx1_ASAP7_75t_R)
  18.06  453.39 ^ _33374_/Y (NAND2x1_ASAP7_75t_R)
  26.31  479.71 v _33391_/Y (NOR2x1_ASAP7_75t_R)
  28.43  508.14 ^ _33392_/Y (NAND2x2_ASAP7_75t_R)
  44.64  552.79 v clone2683/Y (NOR2x1_ASAP7_75t_R)
  26.23  579.01 ^ _34606_/Y (NOR2x1_ASAP7_75t_R)
  22.20  601.22 v _34608_/Y (OAI21x1_ASAP7_75t_R)
  20.58  621.79 ^ _34609_/Y (INVx1_ASAP7_75t_R)
  16.72  638.52 v _34614_/Y (OAI21x1_ASAP7_75t_R)
  25.03  663.54 ^ _34617_/Y (AOI21x1_ASAP7_75t_R)
  19.51  683.06 v _34618_/Y (INVx1_ASAP7_75t_R)
  20.28  703.34 ^ _34619_/Y (AOI21x1_ASAP7_75t_R)
  17.53  720.87 v _34622_/Y (NOR2x1_ASAP7_75t_R)
   0.00  720.87 v _44149_/D (DFFLQNx2_ASAP7_75t_R)
         720.87   data arrival time

  10.00   10.00   clock clk' (fall edge)
   0.00   10.00   clock network delay (ideal)
   0.00   10.00   clock reconvergence pessimism
          10.00 v _44149_/CLK (DFFLQNx2_ASAP7_75t_R)
 -18.20   -8.20   library setup time
          -8.20   data required time
---------------------------------------------------------
          -8.20   data required time
        -720.87   data arrival time
---------------------------------------------------------
        -729.06   slack (VIOLATED)


Startpoint: _44121_ (falling edge-triggered flip-flop clocked by clk')
Endpoint: _44100_ (falling edge-triggered flip-flop clocked by clk')
Path Group: clk
Path Type: max

  Delay    Time   Description
---------------------------------------------------------
   0.00    0.00   clock clk' (fall edge)
   0.00    0.00   clock network delay (ideal)
   0.00    0.00 v _44121_/CLK (DFFLQNx3_ASAP7_75t_R)
 123.00  123.00 v _44121_/QN (DFFLQNx3_ASAP7_75t_R)
  49.61  172.61 v rebuffer676/Y (BUFx12f_ASAP7_75t_R)
  15.48  188.10 ^ _38875_/Y (CKINVDCx20_ASAP7_75t_R)
  27.49  215.59 v _38891_/Y (NOR2x2_ASAP7_75t_R)
  37.27  252.86 v rebuffer1833/Y (BUFx6f_ASAP7_75t_R)
  28.36  281.22 ^ _38918_/Y (NAND2x2_ASAP7_75t_R)
  37.94  319.16 ^ rebuffer844/Y (BUFx6f_ASAP7_75t_R)
  35.36  354.52 ^ _41119_/Y (AO21x1_ASAP7_75t_R)
  18.30  372.83 v _41539_/Y (OAI21x1_ASAP7_75t_R)
  77.09  449.92 v _41545_/Y (OR3x4_ASAP7_75t_R)
  26.27  476.19 ^ _41546_/Y (NOR3x2_ASAP7_75t_R)
  28.20  504.39 v _41588_/Y (NAND2x2_ASAP7_75t_R)
  74.69  579.08 ^ _41589_/Y (XOR2x2_ASAP7_75t_R)
  45.65  624.74 ^ _42850_/Y (XOR2x1_ASAP7_75t_R)
  26.87  651.61 v _42860_/Y (NOR2x1_ASAP7_75t_R)
  18.80  670.40 ^ _42861_/Y (INVx1_ASAP7_75t_R)
  15.79  686.19 v _42862_/Y (AOI21x1_ASAP7_75t_R)
  21.14  707.33 ^ _42863_/Y (OAI21x1_ASAP7_75t_R)
  13.92  721.25 v _42870_/Y (NAND2x1_ASAP7_75t_R)
   0.00  721.25 v _44100_/D (DFFLQNx2_ASAP7_75t_R)
         721.25   data arrival time

  10.00   10.00   clock clk' (fall edge)
   0.00   10.00   clock network delay (ideal)
   0.00   10.00   clock reconvergence pessimism
          10.00 v _44100_/CLK (DFFLQNx2_ASAP7_75t_R)
 -17.51   -7.51   library setup time
          -7.51   data required time
---------------------------------------------------------
          -7.51   data required time
        -721.25   data arrival time
---------------------------------------------------------
        -728.77   slack (VIOLATED)


Startpoint: _44187_ (falling edge-triggered flip-flop clocked by clk')
Endpoint: _44147_ (falling edge-triggered flip-flop clocked by clk')
Path Group: clk
Path Type: max

  Delay    Time   Description
---------------------------------------------------------
   0.00    0.00   clock clk' (fall edge)
   0.00    0.00   clock network delay (ideal)
   0.00    0.00 v _44187_/CLK (DFFLQNx3_ASAP7_75t_R)
 112.96  112.96 v _44187_/QN (DFFLQNx3_ASAP7_75t_R)
  39.57  152.53 v rebuffer3299/Y (BUFx3_ASAP7_75t_R)
  24.36  176.89 v rebuffer2940/Y (BUFx6f_ASAP7_75t_R)
  24.71  201.61 v clone2900/Y (BUFx6f_ASAP7_75t_R)
  28.17  229.77 v rebuffer1918/Y (BUFx3_ASAP7_75t_R)
  40.16  269.93 ^ _30448_/Y (NAND2x2_ASAP7_75t_R)
  41.31  311.24 ^ rebuffer2901/Y (BUFx6f_ASAP7_75t_R)
  32.08  343.32 ^ rebuffer1486/Y (BUFx2_ASAP7_75t_R)
  17.92  361.24 v _33991_/Y (AOI211x1_ASAP7_75t_R)
  22.12  383.36 ^ _33992_/Y (NOR2x1_ASAP7_75t_R)
  16.54  399.89 v _33993_/Y (NAND2x1_ASAP7_75t_R)
  19.16  419.06 ^ _33998_/Y (NOR2x1_ASAP7_75t_R)
  16.19  435.24 v _33999_/Y (NAND2x1_ASAP7_75t_R)
  29.22  464.46 ^ _34000_/Y (NOR2x1_ASAP7_75t_R)
  40.91  505.37 v _34039_/Y (NAND2x2_ASAP7_75t_R)
  40.95  546.32 v rebuffer1583/Y (BUFx6f_ASAP7_75t_R)
  22.02  568.34 ^ _34407_/Y (NOR2x2_ASAP7_75t_R)
  30.09  598.43 v _34565_/Y (NOR2x2_ASAP7_75t_R)
  43.66  642.09 v _34575_/Y (XOR2x1_ASAP7_75t_R)
  25.77  667.86 ^ _34576_/Y (NAND2x1_ASAP7_75t_R)
  18.98  686.84 v _34579_/Y (AOI21x1_ASAP7_75t_R)
  20.34  707.18 ^ _34580_/Y (OAI21x1_ASAP7_75t_R)
  14.02  721.20 v _34581_/Y (NAND2x1_ASAP7_75t_R)
   0.00  721.20 v _44147_/D (DFFLQNx2_ASAP7_75t_R)
         721.20   data arrival time

  10.00   10.00   clock clk' (fall edge)
   0.00   10.00   clock network delay (ideal)
   0.00   10.00   clock reconvergence pessimism
          10.00 v _44147_/CLK (DFFLQNx2_ASAP7_75t_R)
 -17.55   -7.55   library setup time
          -7.55   data required time
---------------------------------------------------------
          -7.55   data required time
        -721.20   data arrival time
---------------------------------------------------------
        -728.74   slack (VIOLATED)


Startpoint: _44153_ (falling edge-triggered flip-flop clocked by clk')
Endpoint: _44143_ (falling edge-triggered flip-flop clocked by clk')
Path Group: clk
Path Type: max

  Delay    Time   Description
---------------------------------------------------------
   0.00    0.00   clock clk' (fall edge)
   0.00    0.00   clock network delay (ideal)
   0.00    0.00 v _44153_/CLK (DFFLQNx3_ASAP7_75t_R)
 109.79  109.79 v _44153_/QN (DFFLQNx3_ASAP7_75t_R)
  43.57  153.36 v rebuffer931/Y (BUFx12f_ASAP7_75t_R)
  30.97  184.33 v rebuffer932/Y (BUFx12f_ASAP7_75t_R)
  43.33  227.66 ^ _35096_/Y (NOR2x2_ASAP7_75t_R)
  44.08  271.73 ^ rebuffer884/Y (BUFx6f_ASAP7_75t_R)
  18.24  289.98 v _35114_/Y (NAND2x2_ASAP7_75t_R)
  37.21  327.18 v _36191_/Y (AO21x1_ASAP7_75t_R)
  19.70  346.88 ^ _38394_/Y (NAND2x1_ASAP7_75t_R)
  18.19  365.07 v _38397_/Y (NOR2x1_ASAP7_75t_R)
  23.08  388.15 ^ _38400_/Y (NAND2x1_ASAP7_75t_R)
  18.15  406.30 v _38401_/Y (INVx1_ASAP7_75t_R)
  18.25  424.54 ^ _38413_/Y (NAND2x1_ASAP7_75t_R)
  24.25  448.79 v _38414_/Y (NOR2x1_ASAP7_75t_R)
  26.92  475.72 ^ _38415_/Y (NAND2x2_ASAP7_75t_R)
  30.13  505.85 ^ rebuffer1808/Y (BUFx12f_ASAP7_75t_R)
  44.28  550.13 v _38416_/Y (XOR2x2_ASAP7_75t_R)
  50.42  600.56 v _38417_/Y (XOR2x2_ASAP7_75t_R)
  17.53  618.09 ^ _38419_/Y (INVx2_ASAP7_75t_R)
  14.60  632.69 v _38420_/Y (NAND2x1_ASAP7_75t_R)
  20.33  653.02 ^ _38421_/Y (NAND2x1_ASAP7_75t_R)
  18.72  671.74 v _38423_/Y (AOI21x1_ASAP7_75t_R)
  44.69  716.43 v _38424_/Y (XOR2x1_ASAP7_75t_R)
   0.00  716.43 v _44143_/D (DFFLQNx2_ASAP7_75t_R)
         716.43   data arrival time

  10.00   10.00   clock clk' (fall edge)
   0.00   10.00   clock network delay (ideal)
   0.00   10.00   clock reconvergence pessimism
          10.00 v _44143_/CLK (DFFLQNx2_ASAP7_75t_R)
 -21.05  -11.05   library setup time
         -11.05   data required time
---------------------------------------------------------
         -11.05   data required time
        -716.43   data arrival time
---------------------------------------------------------
        -727.47   slack (VIOLATED)


Startpoint: _44105_ (falling edge-triggered flip-flop clocked by clk')
Endpoint: _44133_ (falling edge-triggered flip-flop clocked by clk')
Path Group: clk
Path Type: max

  Delay    Time   Description
---------------------------------------------------------
   0.00    0.00   clock clk' (fall edge)
   0.00    0.00   clock network delay (ideal)
   0.00    0.00 v _44105_/CLK (DFFLQNx3_ASAP7_75t_R)
 115.53  115.53 v _44105_/QN (DFFLQNx3_ASAP7_75t_R)
  48.46  163.99 v rebuffer1423/Y (BUFx3_ASAP7_75t_R)
  31.21  195.19 ^ _35625_/Y (NOR2x2_ASAP7_75t_R)
  38.08  233.27 ^ rebuffer841/Y (BUFx3_ASAP7_75t_R)
  40.73  274.00 ^ rebuffer842/Y (BUFx2_ASAP7_75t_R)
  19.38  293.38 v _37583_/Y (INVx1_ASAP7_75t_R)
  20.24  313.62 ^ _37584_/Y (NOR2x1_ASAP7_75t_R)
  42.20  355.82 ^ _37585_/Y (AO22x1_ASAP7_75t_R)
  17.26  373.08 v _37586_/Y (NOR2x1_ASAP7_75t_R)
  26.87  399.95 ^ _37592_/Y (NAND2x1_ASAP7_75t_R)
  28.18  428.13 v _37593_/Y (NOR2x2_ASAP7_75t_R)
  32.48  460.61 ^ _37618_/Y (NAND3x2_ASAP7_75t_R)
  45.78  506.40 v _37647_/Y (NOR2x2_ASAP7_75t_R)
  76.60  583.00 ^ _38507_/Y (XOR2x2_ASAP7_75t_R)
  39.17  622.17 ^ _38517_/Y (XOR2x1_ASAP7_75t_R)
  19.28  641.45 v _38518_/Y (NOR2x1_ASAP7_75t_R)
  25.54  667.00 ^ _38519_/Y (OAI21x1_ASAP7_75t_R)
  18.83  685.83 v _38520_/Y (INVx1_ASAP7_75t_R)
  19.98  705.81 ^ _38521_/Y (OAI21x1_ASAP7_75t_R)
  13.97  719.78 v _38524_/Y (NAND2x1_ASAP7_75t_R)
   0.00  719.78 v _44133_/D (DFFLQNx2_ASAP7_75t_R)
         719.78   data arrival time

  10.00   10.00   clock clk' (fall edge)
   0.00   10.00   clock network delay (ideal)
   0.00   10.00   clock reconvergence pessimism
          10.00 v _44133_/CLK (DFFLQNx2_ASAP7_75t_R)
 -17.53   -7.53   library setup time
          -7.53   data required time
---------------------------------------------------------
          -7.53   data required time
        -719.78   data arrival time
---------------------------------------------------------
        -727.32   slack (VIOLATED)


Startpoint: _44097_ (falling edge-triggered flip-flop clocked by clk')
Endpoint: _44153_ (falling edge-triggered flip-flop clocked by clk')
Path Group: clk
Path Type: max

  Delay    Time   Description
---------------------------------------------------------
   0.00    0.00   clock clk' (fall edge)
   0.00    0.00   clock network delay (ideal)
   0.00    0.00 v _44097_/CLK (DFFLQNx3_ASAP7_75t_R)
 125.00  125.00 v _44097_/QN (DFFLQNx3_ASAP7_75t_R)
  48.66  173.66 v rebuffer1063/Y (BUFx12f_ASAP7_75t_R)
  36.20  209.86 v rebuffer1066/Y (BUFx2_ASAP7_75t_R)
  20.08  229.94 ^ _31134_/Y (NOR2x2_ASAP7_75t_R)
  53.87  283.80 ^ clone3293/Y (BUFx4_ASAP7_75t_R)
  26.14  309.94 v _31179_/Y (NAND2x2_ASAP7_75t_R)
  45.03  354.97 v _31315_/Y (AO21x1_ASAP7_75t_R)
  24.98  379.96 ^ _31320_/Y (NAND3x1_ASAP7_75t_R)
  19.94  399.90 v _31328_/Y (NOR2x1_ASAP7_75t_R)
  22.54  422.44 ^ _31329_/Y (NAND2x1_ASAP7_75t_R)
  17.99  440.43 v _31330_/Y (NOR2x1_ASAP7_75t_R)
  28.09  468.52 ^ _31331_/Y (NAND2x1_ASAP7_75t_R)
  30.80  499.32 v _31332_/Y (NOR2x2_ASAP7_75t_R)
  34.91  534.23 ^ _31333_/Y (NAND2x2_ASAP7_75t_R)
  57.73  591.96 v _34225_/Y (XOR2x2_ASAP7_75t_R)
  33.14  625.10 ^ _34366_/Y (NAND2x2_ASAP7_75t_R)
  15.05  640.15 v _34367_/Y (INVx2_ASAP7_75t_R)
  19.53  659.68 ^ _34376_/Y (OAI21x1_ASAP7_75t_R)
  18.79  678.46 v _34382_/Y (AOI21x1_ASAP7_75t_R)
  26.63  705.09 ^ _34383_/Y (OAI21x1_ASAP7_75t_R)
  14.47  719.56 v _34389_/Y (NAND2x2_ASAP7_75t_R)
   0.00  719.56 v _44153_/D (DFFLQNx3_ASAP7_75t_R)
         719.56   data arrival time

  10.00   10.00   clock clk' (fall edge)
   0.00   10.00   clock network delay (ideal)
   0.00   10.00   clock reconvergence pessimism
          10.00 v _44153_/CLK (DFFLQNx3_ASAP7_75t_R)
 -17.67   -7.67   library setup time
          -7.67   data required time
---------------------------------------------------------
          -7.67   data required time
        -719.56   data arrival time
---------------------------------------------------------
        -727.23   slack (VIOLATED)


Startpoint: _44097_ (falling edge-triggered flip-flop clocked by clk')
Endpoint: _44163_ (falling edge-triggered flip-flop clocked by clk')
Path Group: clk
Path Type: max

  Delay    Time   Description
---------------------------------------------------------
   0.00    0.00   clock clk' (fall edge)
   0.00    0.00   clock network delay (ideal)
   0.00    0.00 v _44097_/CLK (DFFLQNx3_ASAP7_75t_R)
 125.00  125.00 v _44097_/QN (DFFLQNx3_ASAP7_75t_R)
  48.66  173.66 v rebuffer1063/Y (BUFx12f_ASAP7_75t_R)
  36.20  209.86 v rebuffer1066/Y (BUFx2_ASAP7_75t_R)
  20.08  229.94 ^ _31134_/Y (NOR2x2_ASAP7_75t_R)
  53.87  283.80 ^ clone3293/Y (BUFx4_ASAP7_75t_R)
  26.14  309.94 v _31179_/Y (NAND2x2_ASAP7_75t_R)
  36.65  346.59 v _34163_/Y (AO21x1_ASAP7_75t_R)
  18.53  365.12 ^ _34164_/Y (NAND2x1_ASAP7_75t_R)
  17.79  382.91 v _34165_/Y (NOR2x1_ASAP7_75t_R)
  28.14  411.05 ^ _34169_/Y (NAND2x1_ASAP7_75t_R)
  25.97  437.02 v _34170_/Y (NOR2x2_ASAP7_75t_R)
  18.65  455.66 ^ _34171_/Y (INVx1_ASAP7_75t_R)
  27.65  483.32 v _34191_/Y (NOR2x1_ASAP7_75t_R)
  40.74  524.06 ^ _34192_/Y (NAND2x2_ASAP7_75t_R)
  64.18  588.24 v _34266_/Y (XOR2x2_ASAP7_75t_R)
  65.97  654.21 ^ _34273_/Y (XOR2x2_ASAP7_75t_R)
  19.99  674.20 v _34274_/Y (OAI21x1_ASAP7_75t_R)
  20.04  694.24 ^ _34275_/Y (AOI21x1_ASAP7_75t_R)
  17.34  711.58 v _34276_/Y (OAI21x1_ASAP7_75t_R)
  20.33  731.91 ^ _34289_/Y (NAND2x1_ASAP7_75t_R)
   0.00  731.91 ^ _44163_/D (DFFLQNx2_ASAP7_75t_R)
         731.91   data arrival time

  10.00   10.00   clock clk' (fall edge)
   0.00   10.00   clock network delay (ideal)
   0.00   10.00   clock reconvergence pessimism
          10.00 v _44163_/CLK (DFFLQNx2_ASAP7_75t_R)
  -5.26    4.74   library setup time
           4.74   data required time
---------------------------------------------------------
           4.74   data required time
        -731.91   data arrival time
---------------------------------------------------------
        -727.16   slack (VIOLATED)


Startpoint: _44192_ (falling edge-triggered flip-flop clocked by clk')
Endpoint: _44124_ (falling edge-triggered flip-flop clocked by clk')
Path Group: clk
Path Type: max

  Delay    Time   Description
---------------------------------------------------------
   0.00    0.00   clock clk' (fall edge)
   0.00    0.00   clock network delay (ideal)
   0.00    0.00 v _44192_/CLK (DFFLQNx3_ASAP7_75t_R)
 148.37  148.37 v _44192_/QN (DFFLQNx3_ASAP7_75t_R)
  62.26  210.63 ^ _35369_/Y (NOR2x2_ASAP7_75t_R)
  43.96  254.60 ^ rebuffer2717/Y (BUFx6f_ASAP7_75t_R)
  20.30  274.90 v _35424_/Y (NAND2x2_ASAP7_75t_R)
  21.09  295.99 ^ _36057_/Y (INVx3_ASAP7_75t_R)
  34.55  330.54 ^ _38246_/Y (OA21x2_ASAP7_75t_R)
  14.31  344.85 v _38248_/Y (AOI211x1_ASAP7_75t_R)
  39.08  383.93 v _38255_/Y (AND2x2_ASAP7_75t_R)
  19.41  403.34 ^ _38266_/Y (NAND2x1_ASAP7_75t_R)
  22.22  425.56 v _38267_/Y (NOR2x1_ASAP7_75t_R)
  42.41  467.97 ^ _38268_/Y (NAND2x2_ASAP7_75t_R)
  28.66  496.63 v _38269_/Y (INVx3_ASAP7_75t_R)
  66.43  563.06 ^ _38493_/Y (XOR2x2_ASAP7_75t_R)
  31.56  594.62 ^ rebuffer3381/Y (BUFx6f_ASAP7_75t_R)
  30.25  624.87 ^ _38682_/Y (XOR2x1_ASAP7_75t_R)
  21.45  646.32 v _38683_/Y (NAND2x1_ASAP7_75t_R)
  35.76  682.08 v _38690_/Y (AO21x1_ASAP7_75t_R)
  19.67  701.76 ^ _38691_/Y (AOI21x1_ASAP7_75t_R)
  16.42  718.18 v _38692_/Y (NOR2x1_ASAP7_75t_R)
   0.00  718.18 v _44124_/D (DFFLQNx2_ASAP7_75t_R)
         718.18   data arrival time

  10.00   10.00   clock clk' (fall edge)
   0.00   10.00   clock network delay (ideal)
   0.00   10.00   clock reconvergence pessimism
          10.00 v _44124_/CLK (DFFLQNx2_ASAP7_75t_R)
 -18.75   -8.75   library setup time
          -8.75   data required time
---------------------------------------------------------
          -8.75   data required time
        -718.18   data arrival time
---------------------------------------------------------
        -726.93   slack (VIOLATED)


Startpoint: _44128_ (falling edge-triggered flip-flop clocked by clk')
Endpoint: _44188_ (falling edge-triggered flip-flop clocked by clk')
Path Group: clk
Path Type: max

  Delay    Time   Description
---------------------------------------------------------
   0.00    0.00   clock clk' (fall edge)
   0.00    0.00   clock network delay (ideal)
   0.00    0.00 v _44128_/CLK (DFFLQNx3_ASAP7_75t_R)
 130.59  130.59 v _44128_/QN (DFFLQNx3_ASAP7_75t_R)
  51.76  182.35 v rebuffer1013/Y (BUFx12f_ASAP7_75t_R)
  46.02  228.37 ^ _26753_/Y (NAND2x2_ASAP7_75t_R)
  27.70  256.06 v _26754_/Y (NAND2x2_ASAP7_75t_R)
  39.29  295.35 v rebuffer1823/Y (BUFx2_ASAP7_75t_R)
  38.12  333.48 v _26801_/Y (AO21x1_ASAP7_75t_R)
  25.73  359.21 ^ _28657_/Y (NAND3x1_ASAP7_75t_R)
  20.90  380.11 v _28661_/Y (NOR2x1_ASAP7_75t_R)
  22.87  402.98 ^ _28662_/Y (INVx1_ASAP7_75t_R)
  23.54  426.52 v _28663_/Y (NOR2x2_ASAP7_75t_R)
  24.53  451.05 ^ _28664_/Y (INVx1_ASAP7_75t_R)
  25.35  476.40 v _28685_/Y (NOR2x2_ASAP7_75t_R)
  55.27  531.67 ^ _28686_/Y (NAND2x2_ASAP7_75t_R)
  68.04  599.70 v _30204_/Y (XOR2x2_ASAP7_75t_R)
  44.02  643.72 v _30205_/Y (XOR2x1_ASAP7_75t_R)
  20.90  664.62 ^ _30206_/Y (NAND2x1_ASAP7_75t_R)
  18.52  683.14 v _30211_/Y (AOI21x1_ASAP7_75t_R)
  20.81  703.95 ^ _30212_/Y (OAI21x1_ASAP7_75t_R)
  14.90  718.85 v _30222_/Y (NAND2x1_ASAP7_75t_R)
   0.00  718.85 v _44188_/D (DFFLQNx2_ASAP7_75t_R)
         718.85   data arrival time

  10.00   10.00   clock clk' (fall edge)
   0.00   10.00   clock network delay (ideal)
   0.00   10.00   clock reconvergence pessimism
          10.00 v _44188_/CLK (DFFLQNx2_ASAP7_75t_R)
 -17.56   -7.56   library setup time
          -7.56   data required time
---------------------------------------------------------
          -7.56   data required time
        -718.85   data arrival time
---------------------------------------------------------
        -726.40   slack (VIOLATED)


Startpoint: _44121_ (falling edge-triggered flip-flop clocked by clk')
Endpoint: _44086_ (falling edge-triggered flip-flop clocked by clk')
Path Group: clk
Path Type: max

  Delay    Time   Description
---------------------------------------------------------
   0.00    0.00   clock clk' (fall edge)
   0.00    0.00   clock network delay (ideal)
   0.00    0.00 v _44121_/CLK (DFFLQNx3_ASAP7_75t_R)
 123.00  123.00 v _44121_/QN (DFFLQNx3_ASAP7_75t_R)
  45.38  168.38 v rebuffer669/Y (BUFx6f_ASAP7_75t_R)
  27.56  195.94 v rebuffer673/Y (BUFx6f_ASAP7_75t_R)
  14.87  210.81 ^ _38985_/Y (NOR2x2_ASAP7_75t_R)
  34.61  245.42 ^ rebuffer2396/Y (BUFx6f_ASAP7_75t_R)
  24.95  270.37 v _38992_/Y (NAND2x2_ASAP7_75t_R)
  33.61  303.98 v rebuffer1946/Y (BUFx3_ASAP7_75t_R)
  27.06  331.04 v rebuffer1947/Y (BUFx2_ASAP7_75t_R)
  31.29  362.33 v _42100_/Y (AO21x1_ASAP7_75t_R)
  19.79  382.12 ^ _42102_/Y (NAND2x1_ASAP7_75t_R)
  23.21  405.33 v _42105_/Y (NOR3x1_ASAP7_75t_R)
  29.06  434.39 ^ _42106_/Y (NAND2x1_ASAP7_75t_R)
  28.28  462.67 v _42107_/Y (NOR3x1_ASAP7_75t_R)
  30.17  492.84 ^ _42143_/Y (NAND2x1_ASAP7_75t_R)
  49.94  542.78 v _42144_/Y (NOR2x2_ASAP7_75t_R)
  45.82  588.60 ^ _42887_/Y (NAND2x2_ASAP7_75t_R)
  20.37  608.97 v _43197_/Y (INVx2_ASAP7_75t_R)
  20.20  629.16 ^ _43198_/Y (OAI21x1_ASAP7_75t_R)
  20.61  649.78 v _43199_/Y (AOI21x1_ASAP7_75t_R)
  18.03  667.80 ^ _43200_/Y (INVx1_ASAP7_75t_R)
  15.61  683.41 v _43201_/Y (AOI21x1_ASAP7_75t_R)
  21.14  704.56 ^ _43202_/Y (OAI21x1_ASAP7_75t_R)
  14.15  718.71 v _43210_/Y (NAND2x1_ASAP7_75t_R)
   0.00  718.71 v _44086_/D (DFFLQNx2_ASAP7_75t_R)
         718.71   data arrival time

  10.00   10.00   clock clk' (fall edge)
   0.00   10.00   clock network delay (ideal)
   0.00   10.00   clock reconvergence pessimism
          10.00 v _44086_/CLK (DFFLQNx2_ASAP7_75t_R)
 -17.59   -7.59   library setup time
          -7.59   data required time
---------------------------------------------------------
          -7.59   data required time
        -718.71   data arrival time
---------------------------------------------------------
        -726.30   slack (VIOLATED)


Startpoint: _44160_ (falling edge-triggered flip-flop clocked by clk')
Endpoint: _44097_ (falling edge-triggered flip-flop clocked by clk')
Path Group: clk
Path Type: max

  Delay    Time   Description
---------------------------------------------------------
   0.00    0.00   clock clk' (fall edge)
   0.00    0.00   clock network delay (ideal)
   0.00    0.00 v _44160_/CLK (DFFLQNx3_ASAP7_75t_R)
 119.73  119.73 v _44160_/QN (DFFLQNx3_ASAP7_75t_R)
  46.42  166.15 v rebuffer1300/Y (BUFx12f_ASAP7_75t_R)
  29.18  195.33 v rebuffer1303/Y (BUFx6f_ASAP7_75t_R)
  21.87  217.20 ^ _39552_/Y (NOR2x2_ASAP7_75t_R)
  36.31  253.51 ^ rebuffer1250/Y (BUFx12f_ASAP7_75t_R)
  24.93  278.43 v _39553_/Y (NAND2x2_ASAP7_75t_R)
  33.30  311.74 v rebuffer2316/Y (BUFx6f_ASAP7_75t_R)
  41.63  353.37 v _39705_/Y (AO21x2_ASAP7_75t_R)
  27.74  381.10 v _39712_/Y (AND3x1_ASAP7_75t_R)
  20.83  401.93 ^ _39713_/Y (NAND2x1_ASAP7_75t_R)
  17.43  419.36 v _39714_/Y (INVx1_ASAP7_75t_R)
  27.45  446.81 ^ _39715_/Y (NAND2x1_ASAP7_75t_R)
  21.38  468.19 v _39716_/Y (NOR2x2_ASAP7_75t_R)
  30.60  498.79 ^ _39808_/Y (NAND2x2_ASAP7_75t_R)
  32.64  531.43 v _42779_/Y (OAI21x1_ASAP7_75t_R)
  24.35  555.78 ^ _42780_/Y (INVx1_ASAP7_75t_R)
  21.92  577.70 v _42782_/Y (OAI21x1_ASAP7_75t_R)
  29.56  607.26 ^ _42795_/Y (NAND2x2_ASAP7_75t_R)
  22.23  629.49 v _42796_/Y (OAI21x1_ASAP7_75t_R)
  26.15  655.64 ^ _42804_/Y (AOI21x1_ASAP7_75t_R)
  19.75  675.39 v _42805_/Y (INVx1_ASAP7_75t_R)
  20.08  695.47 ^ _42806_/Y (AOI21x1_ASAP7_75t_R)
  21.67  717.14 v _42809_/Y (NOR2x1_ASAP7_75t_R)
   0.00  717.14 v _44097_/D (DFFLQNx3_ASAP7_75t_R)
         717.14   data arrival time

  10.00   10.00   clock clk' (fall edge)
   0.00   10.00   clock network delay (ideal)
   0.00   10.00   clock reconvergence pessimism
          10.00 v _44097_/CLK (DFFLQNx3_ASAP7_75t_R)
 -18.73   -8.73   library setup time
          -8.73   data required time
---------------------------------------------------------
          -8.73   data required time
        -717.14   data arrival time
---------------------------------------------------------
        -725.87   slack (VIOLATED)


Startpoint: _44121_ (falling edge-triggered flip-flop clocked by clk')
Endpoint: _44085_ (falling edge-triggered flip-flop clocked by clk')
Path Group: clk
Path Type: max

  Delay    Time   Description
---------------------------------------------------------
   0.00    0.00   clock clk' (fall edge)
   0.00    0.00   clock network delay (ideal)
   0.00    0.00 v _44121_/CLK (DFFLQNx3_ASAP7_75t_R)
 123.00  123.00 v _44121_/QN (DFFLQNx3_ASAP7_75t_R)
  49.61  172.61 v rebuffer676/Y (BUFx12f_ASAP7_75t_R)
  15.48  188.10 ^ _38875_/Y (CKINVDCx20_ASAP7_75t_R)
  27.49  215.59 v _38891_/Y (NOR2x2_ASAP7_75t_R)
  37.27  252.86 v rebuffer1833/Y (BUFx6f_ASAP7_75t_R)
  28.36  281.22 ^ _38918_/Y (NAND2x2_ASAP7_75t_R)
  37.94  319.16 ^ rebuffer844/Y (BUFx6f_ASAP7_75t_R)
  35.36  354.52 ^ _41119_/Y (AO21x1_ASAP7_75t_R)
  18.30  372.83 v _41539_/Y (OAI21x1_ASAP7_75t_R)
  77.09  449.92 v _41545_/Y (OR3x4_ASAP7_75t_R)
  26.27  476.19 ^ _41546_/Y (NOR3x2_ASAP7_75t_R)
  28.20  504.39 v _41588_/Y (NAND2x2_ASAP7_75t_R)
  74.69  579.08 ^ _41589_/Y (XOR2x2_ASAP7_75t_R)
  43.10  622.18 ^ _43181_/Y (XOR2x1_ASAP7_75t_R)
  39.65  661.83 ^ _43183_/Y (OA21x2_ASAP7_75t_R)
  16.71  678.54 v _43185_/Y (AOI21x1_ASAP7_75t_R)
  38.66  717.20 v _43187_/Y (XOR2x1_ASAP7_75t_R)
   0.00  717.20 v _44085_/D (DFFLQNx2_ASAP7_75t_R)
         717.20   data arrival time

  10.00   10.00   clock clk' (fall edge)
   0.00   10.00   clock network delay (ideal)
   0.00   10.00   clock reconvergence pessimism
          10.00 v _44085_/CLK (DFFLQNx2_ASAP7_75t_R)
 -18.47   -8.47   library setup time
          -8.47   data required time
---------------------------------------------------------
          -8.47   data required time
        -717.20   data arrival time
---------------------------------------------------------
        -725.67   slack (VIOLATED)


Startpoint: _44089_ (falling edge-triggered flip-flop clocked by clk')
Endpoint: _44182_ (falling edge-triggered flip-flop clocked by clk')
Path Group: clk
Path Type: max

  Delay    Time   Description
---------------------------------------------------------
   0.00    0.00   clock clk' (fall edge)
   0.00    0.00   clock network delay (ideal)
   0.00    0.00 v _44089_/CLK (DFFLQNx3_ASAP7_75t_R)
 110.12  110.12 v _44089_/QN (DFFLQNx3_ASAP7_75t_R)
  37.28  147.40 v rebuffer2546/Y (BUFx6f_ASAP7_75t_R)
  29.91  177.31 v rebuffer641/Y (BUFx12f_ASAP7_75t_R)
  13.88  191.20 ^ _26453_/Y (CKINVDCx20_ASAP7_75t_R)
  30.26  221.46 v _26454_/Y (NOR2x2_ASAP7_75t_R)
  42.34  263.80 v rebuffer1575/Y (BUFx2_ASAP7_75t_R)
  28.86  292.66 ^ _26455_/Y (NAND2x2_ASAP7_75t_R)
  19.48  312.14 v _26457_/Y (AOI21x1_ASAP7_75t_R)
  22.06  334.20 ^ _26461_/Y (AOI211x1_ASAP7_75t_R)
  59.62  393.82 ^ _26485_/Y (AND4x2_ASAP7_75t_R)
  49.46  443.28 v _26486_/Y (NAND3x2_ASAP7_75t_R)
  39.26  482.55 ^ _29159_/Y (INVx4_ASAP7_75t_R)
  38.58  521.13 v _29485_/Y (NOR2x2_ASAP7_75t_R)
  65.08  586.21 ^ _30258_/Y (XOR2x2_ASAP7_75t_R)
  36.43  622.64 ^ rebuffer1859/Y (BUFx3_ASAP7_75t_R)
  16.51  639.15 v _30387_/Y (NAND2x2_ASAP7_75t_R)
  19.85  659.00 ^ _30393_/Y (AOI21x1_ASAP7_75t_R)
  17.14  676.14 v _30395_/Y (OAI21x1_ASAP7_75t_R)
  21.11  697.25 ^ _30396_/Y (AOI21x1_ASAP7_75t_R)
  19.98  717.23 v _30397_/Y (NOR2x1_ASAP7_75t_R)
   0.00  717.23 v _44182_/D (DFFLQNx2_ASAP7_75t_R)
         717.23   data arrival time

  10.00   10.00   clock clk' (fall edge)
   0.00   10.00   clock network delay (ideal)
   0.00   10.00   clock reconvergence pessimism
          10.00 v _44182_/CLK (DFFLQNx2_ASAP7_75t_R)
 -18.42   -8.42   library setup time
          -8.42   data required time
---------------------------------------------------------
          -8.42   data required time
        -717.23   data arrival time
---------------------------------------------------------
        -725.65   slack (VIOLATED)


Startpoint: _44168_ (falling edge-triggered flip-flop clocked by clk')
Endpoint: _44193_ (falling edge-triggered flip-flop clocked by clk')
Path Group: clk
Path Type: max

  Delay    Time   Description
---------------------------------------------------------
   0.00    0.00   clock clk' (fall edge)
   0.00    0.00   clock network delay (ideal)
   0.00    0.00 v _44168_/CLK (DFFLQNx3_ASAP7_75t_R)
 122.71  122.71 v _44168_/QN (DFFLQNx3_ASAP7_75t_R)
  45.05  167.76 v rebuffer2656/Y (BUFx2_ASAP7_75t_R)
  25.93  193.69 v rebuffer1404/Y (BUFx6f_ASAP7_75t_R)
  36.68  230.37 ^ _27029_/Y (NOR2x2_ASAP7_75t_R)
  41.87  272.25 ^ rebuffer2106/Y (BUFx6f_ASAP7_75t_R)
  26.36  298.61 v _27233_/Y (NAND2x2_ASAP7_75t_R)
  36.44  335.05 v _27243_/Y (AO21x1_ASAP7_75t_R)
  29.66  364.71 v _27244_/Y (AND2x2_ASAP7_75t_R)
  19.37  384.08 ^ _27248_/Y (NAND2x1_ASAP7_75t_R)
  15.79  399.86 v _27249_/Y (NOR2x1_ASAP7_75t_R)
  22.77  422.63 ^ _27250_/Y (INVx1_ASAP7_75t_R)
  22.19  444.82 v _27251_/Y (NOR2x2_ASAP7_75t_R)
  24.85  469.67 ^ _27252_/Y (INVx1_ASAP7_75t_R)
  20.68  490.35 v _27253_/Y (NOR2x2_ASAP7_75t_R)
  38.31  528.66 ^ _27254_/Y (NAND2x2_ASAP7_75t_R)
  28.66  557.33 v _27619_/Y (NAND2x1_ASAP7_75t_R)
  36.02  593.35 ^ _27658_/Y (NAND2x2_ASAP7_75t_R)
  53.02  646.37 v _29971_/Y (XOR2x2_ASAP7_75t_R)
  15.15  661.52 ^ _29980_/Y (OAI21x1_ASAP7_75t_R)
  19.74  681.26 v _29982_/Y (AOI21x1_ASAP7_75t_R)
  20.81  702.07 ^ _29983_/Y (OAI21x1_ASAP7_75t_R)
  15.11  717.18 v _29984_/Y (NAND2x1_ASAP7_75t_R)
   0.00  717.18 v _44193_/D (DFFLQNx3_ASAP7_75t_R)
         717.18   data arrival time

  10.00   10.00   clock clk' (fall edge)
   0.00   10.00   clock network delay (ideal)
   0.00   10.00   clock reconvergence pessimism
          10.00 v _44193_/CLK (DFFLQNx3_ASAP7_75t_R)
 -17.49   -7.49   library setup time
          -7.49   data required time
---------------------------------------------------------
          -7.49   data required time
        -717.18   data arrival time
---------------------------------------------------------
        -724.67   slack (VIOLATED)


Startpoint: _44168_ (falling edge-triggered flip-flop clocked by clk')
Endpoint: _44195_ (falling edge-triggered flip-flop clocked by clk')
Path Group: clk
Path Type: max

  Delay    Time   Description
---------------------------------------------------------
   0.00    0.00   clock clk' (fall edge)
   0.00    0.00   clock network delay (ideal)
   0.00    0.00 v _44168_/CLK (DFFLQNx3_ASAP7_75t_R)
 122.71  122.71 v _44168_/QN (DFFLQNx3_ASAP7_75t_R)
  45.05  167.76 v rebuffer2656/Y (BUFx2_ASAP7_75t_R)
  25.93  193.69 v rebuffer1404/Y (BUFx6f_ASAP7_75t_R)
  36.68  230.37 ^ _27029_/Y (NOR2x2_ASAP7_75t_R)
  41.87  272.25 ^ rebuffer2106/Y (BUFx6f_ASAP7_75t_R)
  26.36  298.61 v _27233_/Y (NAND2x2_ASAP7_75t_R)
  35.62  334.23 v _28235_/Y (AO21x1_ASAP7_75t_R)
  53.18  387.41 v _28237_/Y (OA211x2_ASAP7_75t_R)
  28.94  416.35 ^ _28238_/Y (NAND2x1_ASAP7_75t_R)
  21.53  437.88 v _28239_/Y (NOR2x2_ASAP7_75t_R)
  22.20  460.08 ^ _28240_/Y (NAND2x2_ASAP7_75t_R)
  38.39  498.47 v _28278_/Y (NOR2x2_ASAP7_75t_R)
  63.54  562.01 v _28279_/Y (XOR2x2_ASAP7_75t_R)
  61.93  623.93 ^ _30007_/Y (XOR2x2_ASAP7_75t_R)
  16.49  640.43 v _30013_/Y (INVx2_ASAP7_75t_R)
  17.44  657.87 ^ _30014_/Y (NAND2x1_ASAP7_75t_R)
  17.10  674.97 v _30015_/Y (AOI21x1_ASAP7_75t_R)
  27.21  702.17 ^ _30016_/Y (OAI21x1_ASAP7_75t_R)
  14.66  716.84 v _30023_/Y (NAND2x2_ASAP7_75t_R)
   0.00  716.84 v _44195_/D (DFFLQNx2_ASAP7_75t_R)
         716.84   data arrival time

  10.00   10.00   clock clk' (fall edge)
   0.00   10.00   clock network delay (ideal)
   0.00   10.00   clock reconvergence pessimism
          10.00 v _44195_/CLK (DFFLQNx2_ASAP7_75t_R)
 -17.75   -7.75   library setup time
          -7.75   data required time
---------------------------------------------------------
          -7.75   data required time
        -716.84   data arrival time
---------------------------------------------------------
        -724.59   slack (VIOLATED)


Startpoint: _44160_ (falling edge-triggered flip-flop clocked by clk')
Endpoint: _44089_ (falling edge-triggered flip-flop clocked by clk')
Path Group: clk
Path Type: max

  Delay    Time   Description
---------------------------------------------------------
   0.00    0.00   clock clk' (fall edge)
   0.00    0.00   clock network delay (ideal)
   0.00    0.00 v _44160_/CLK (DFFLQNx3_ASAP7_75t_R)
 119.73  119.73 v _44160_/QN (DFFLQNx3_ASAP7_75t_R)
  46.42  166.15 v rebuffer1300/Y (BUFx12f_ASAP7_75t_R)
  29.18  195.33 v rebuffer1303/Y (BUFx6f_ASAP7_75t_R)
  21.87  217.20 ^ _39552_/Y (NOR2x2_ASAP7_75t_R)
  36.31  253.51 ^ rebuffer1250/Y (BUFx12f_ASAP7_75t_R)
  24.93  278.43 v _39553_/Y (NAND2x2_ASAP7_75t_R)
  33.30  311.74 v rebuffer2316/Y (BUFx6f_ASAP7_75t_R)
  41.63  353.37 v _39705_/Y (AO21x2_ASAP7_75t_R)
  27.74  381.10 v _39712_/Y (AND3x1_ASAP7_75t_R)
  20.83  401.93 ^ _39713_/Y (NAND2x1_ASAP7_75t_R)
  17.43  419.36 v _39714_/Y (INVx1_ASAP7_75t_R)
  27.45  446.81 ^ _39715_/Y (NAND2x1_ASAP7_75t_R)
  21.38  468.19 v _39716_/Y (NOR2x2_ASAP7_75t_R)
  30.60  498.79 ^ _39808_/Y (NAND2x2_ASAP7_75t_R)
  32.64  531.43 v _42779_/Y (OAI21x1_ASAP7_75t_R)
  24.35  555.78 ^ _42780_/Y (INVx1_ASAP7_75t_R)
  21.92  577.70 v _42782_/Y (OAI21x1_ASAP7_75t_R)
  29.56  607.26 ^ _42795_/Y (NAND2x2_ASAP7_75t_R)
  25.64  632.90 v _42977_/Y (OAI21x1_ASAP7_75t_R)
  18.50  651.40 ^ _42978_/Y (INVx1_ASAP7_75t_R)
  15.98  667.37 v _42979_/Y (OAI21x1_ASAP7_75t_R)
  26.07  693.44 ^ _42980_/Y (AOI21x1_ASAP7_75t_R)
  22.12  715.56 v _42986_/Y (NOR2x2_ASAP7_75t_R)
   0.00  715.56 v _44089_/D (DFFLQNx3_ASAP7_75t_R)
         715.56   data arrival time

  10.00   10.00   clock clk' (fall edge)
   0.00   10.00   clock network delay (ideal)
   0.00   10.00   clock reconvergence pessimism
          10.00 v _44089_/CLK (DFFLQNx3_ASAP7_75t_R)
 -18.74   -8.74   library setup time
          -8.74   data required time
---------------------------------------------------------
          -8.74   data required time
        -715.56   data arrival time
---------------------------------------------------------
        -724.30   slack (VIOLATED)


Startpoint: _44168_ (falling edge-triggered flip-flop clocked by clk')
Endpoint: _44201_ (falling edge-triggered flip-flop clocked by clk')
Path Group: clk
Path Type: max

  Delay    Time   Description
---------------------------------------------------------
   0.00    0.00   clock clk' (fall edge)
   0.00    0.00   clock network delay (ideal)
   0.00    0.00 v _44168_/CLK (DFFLQNx3_ASAP7_75t_R)
 122.71  122.71 v _44168_/QN (DFFLQNx3_ASAP7_75t_R)
  45.05  167.76 v rebuffer2656/Y (BUFx2_ASAP7_75t_R)
  25.93  193.69 v rebuffer1404/Y (BUFx6f_ASAP7_75t_R)
  36.68  230.37 ^ _27029_/Y (NOR2x2_ASAP7_75t_R)
  41.87  272.25 ^ rebuffer2106/Y (BUFx6f_ASAP7_75t_R)
  26.36  298.61 v _27233_/Y (NAND2x2_ASAP7_75t_R)
  36.44  335.05 v _27243_/Y (AO21x1_ASAP7_75t_R)
  29.66  364.71 v _27244_/Y (AND2x2_ASAP7_75t_R)
  19.37  384.08 ^ _27248_/Y (NAND2x1_ASAP7_75t_R)
  15.79  399.86 v _27249_/Y (NOR2x1_ASAP7_75t_R)
  22.77  422.63 ^ _27250_/Y (INVx1_ASAP7_75t_R)
  22.19  444.82 v _27251_/Y (NOR2x2_ASAP7_75t_R)
  24.85  469.67 ^ _27252_/Y (INVx1_ASAP7_75t_R)
  20.68  490.35 v _27253_/Y (NOR2x2_ASAP7_75t_R)
  38.31  528.66 ^ _27254_/Y (NAND2x2_ASAP7_75t_R)
  28.66  557.33 v _27619_/Y (NAND2x1_ASAP7_75t_R)
  36.02  593.35 ^ _27658_/Y (NAND2x2_ASAP7_75t_R)
  53.02  646.37 v _27766_/Y (XOR2x2_ASAP7_75t_R)
  15.28  661.65 ^ _27767_/Y (OAI21x1_ASAP7_75t_R)
  19.29  680.94 v _27775_/Y (AOI21x1_ASAP7_75t_R)
  20.81  701.75 ^ _27776_/Y (OAI21x1_ASAP7_75t_R)
  14.90  716.65 v _27784_/Y (NAND2x1_ASAP7_75t_R)
   0.00  716.65 v _44201_/D (DFFLQNx3_ASAP7_75t_R)
         716.65   data arrival time

  10.00   10.00   clock clk' (fall edge)
   0.00   10.00   clock network delay (ideal)
   0.00   10.00   clock reconvergence pessimism
          10.00 v _44201_/CLK (DFFLQNx3_ASAP7_75t_R)
 -17.54   -7.54   library setup time
          -7.54   data required time
---------------------------------------------------------
          -7.54   data required time
        -716.65   data arrival time
---------------------------------------------------------
        -724.19   slack (VIOLATED)


Startpoint: _44081_ (falling edge-triggered flip-flop clocked by clk')
Endpoint: _44103_ (falling edge-triggered flip-flop clocked by clk')
Path Group: clk
Path Type: max

  Delay    Time   Description
---------------------------------------------------------
   0.00    0.00   clock clk' (fall edge)
   0.00    0.00   clock network delay (ideal)
   0.00    0.00 v _44081_/CLK (DFFLQNx3_ASAP7_75t_R)
 124.32  124.32 v _44081_/QN (DFFLQNx3_ASAP7_75t_R)
  49.90  174.21 v rebuffer708/Y (BUFx2_ASAP7_75t_R)
  31.83  206.04 v rebuffer709/Y (BUFx2_ASAP7_75t_R)
  41.89  247.93 v _39244_/Y (AND2x6_ASAP7_75t_R)
  37.36  285.29 ^ _39256_/Y (NAND2x2_ASAP7_75t_R)
  48.65  333.93 ^ _39260_/Y (AO21x2_ASAP7_75t_R)
  15.84  349.77 v _39265_/Y (NAND2x1_ASAP7_75t_R)
  45.87  395.65 v _39271_/Y (OR3x1_ASAP7_75t_R)
  18.13  413.78 ^ _39272_/Y (NOR2x1_ASAP7_75t_R)
  20.27  434.04 v _39273_/Y (NAND2x1_ASAP7_75t_R)
  49.40  483.45 ^ _39359_/Y (NOR2x2_ASAP7_75t_R)
  69.02  552.47 v _42620_/Y (XOR2x2_ASAP7_75t_R)
  25.89  578.36 ^ _42621_/Y (INVx2_ASAP7_75t_R)
  22.89  601.25 v _42622_/Y (NOR2x2_ASAP7_75t_R)
  27.48  628.73 ^ _42929_/Y (NOR2x2_ASAP7_75t_R)
  17.45  646.18 v _42932_/Y (INVx2_ASAP7_75t_R)
  17.79  663.98 ^ _42933_/Y (NAND2x1_ASAP7_75t_R)
  16.50  680.48 v _42934_/Y (AOI21x1_ASAP7_75t_R)
  21.15  701.62 ^ _42935_/Y (OAI21x1_ASAP7_75t_R)
  14.95  716.57 v _42941_/Y (NAND2x1_ASAP7_75t_R)
   0.00  716.57 v _44103_/D (DFFLQNx2_ASAP7_75t_R)
         716.57   data arrival time

  10.00   10.00   clock clk' (fall edge)
   0.00   10.00   clock network delay (ideal)
   0.00   10.00   clock reconvergence pessimism
          10.00 v _44103_/CLK (DFFLQNx2_ASAP7_75t_R)
 -17.54   -7.54   library setup time
          -7.54   data required time
---------------------------------------------------------
          -7.54   data required time
        -716.57   data arrival time
---------------------------------------------------------
        -724.12   slack (VIOLATED)


Startpoint: _44088_ (falling edge-triggered flip-flop clocked by clk')
Endpoint: _44190_ (falling edge-triggered flip-flop clocked by clk')
Path Group: clk
Path Type: max

  Delay    Time   Description
---------------------------------------------------------
   0.00    0.00   clock clk' (fall edge)
   0.00    0.00   clock network delay (ideal)
   0.00    0.00 v _44088_/CLK (DFFLQNx3_ASAP7_75t_R)
 112.85  112.85 v _44088_/QN (DFFLQNx3_ASAP7_75t_R)
  44.92  157.77 v rebuffer981/Y (BUFx6f_ASAP7_75t_R)
  37.40  195.17 ^ _26469_/Y (NOR2x2_ASAP7_75t_R)
  38.49  233.66 ^ rebuffer2310/Y (BUFx6f_ASAP7_75t_R)
  30.85  264.51 ^ rebuffer2059/Y (BUFx2_ASAP7_75t_R)
  24.91  289.41 v _26593_/Y (NAND2x2_ASAP7_75t_R)
  44.82  334.24 v _27966_/Y (AO21x1_ASAP7_75t_R)
  32.31  366.54 ^ _29132_/Y (NAND2x1_ASAP7_75t_R)
  25.51  392.06 v _29136_/Y (NOR2x1_ASAP7_75t_R)
  20.38  412.44 ^ _29137_/Y (NAND2x1_ASAP7_75t_R)
  22.54  434.97 v _29138_/Y (NOR2x1_ASAP7_75t_R)
  23.92  458.89 ^ _29139_/Y (NAND2x2_ASAP7_75t_R)
  24.93  483.83 v _29140_/Y (NOR2x2_ASAP7_75t_R)
  38.03  521.86 ^ _29141_/Y (NAND2x2_ASAP7_75t_R)
  71.01  592.87 v _30247_/Y (XNOR2x2_ASAP7_75t_R)
  40.79  633.65 v _30248_/Y (XOR2x1_ASAP7_75t_R)
  20.85  654.50 ^ _30249_/Y (NAND2x1_ASAP7_75t_R)
  21.29  675.79 v _30255_/Y (AOI21x1_ASAP7_75t_R)
  38.62  714.41 v _30256_/Y (XOR2x1_ASAP7_75t_R)
   0.00  714.41 v _44190_/D (DFFLQNx2_ASAP7_75t_R)
         714.41   data arrival time

  10.00   10.00   clock clk' (fall edge)
   0.00   10.00   clock network delay (ideal)
   0.00   10.00   clock reconvergence pessimism
          10.00 v _44190_/CLK (DFFLQNx2_ASAP7_75t_R)
 -19.67   -9.67   library setup time
          -9.67   data required time
---------------------------------------------------------
          -9.67   data required time
        -714.41   data arrival time
---------------------------------------------------------
        -724.08   slack (VIOLATED)


Startpoint: _44097_ (falling edge-triggered flip-flop clocked by clk')
Endpoint: _44171_ (falling edge-triggered flip-flop clocked by clk')
Path Group: clk
Path Type: max

  Delay    Time   Description
---------------------------------------------------------
   0.00    0.00   clock clk' (fall edge)
   0.00    0.00   clock network delay (ideal)
   0.00    0.00 v _44097_/CLK (DFFLQNx3_ASAP7_75t_R)
 125.00  125.00 v _44097_/QN (DFFLQNx3_ASAP7_75t_R)
  48.66  173.66 v rebuffer1063/Y (BUFx12f_ASAP7_75t_R)
  36.20  209.86 v rebuffer1066/Y (BUFx2_ASAP7_75t_R)
  20.08  229.94 ^ _31134_/Y (NOR2x2_ASAP7_75t_R)
  53.87  283.80 ^ clone3293/Y (BUFx4_ASAP7_75t_R)
  26.14  309.94 v _31179_/Y (NAND2x2_ASAP7_75t_R)
  45.03  354.97 v _31315_/Y (AO21x1_ASAP7_75t_R)
  14.87  369.84 ^ _32865_/Y (OAI21x1_ASAP7_75t_R)
  29.61  399.46 ^ _32869_/Y (OR3x1_ASAP7_75t_R)
  16.22  415.68 v _32870_/Y (NOR2x1_ASAP7_75t_R)
  25.44  441.12 ^ _32871_/Y (NAND2x1_ASAP7_75t_R)
  27.07  468.18 v _32872_/Y (NOR2x2_ASAP7_75t_R)
  34.92  503.11 ^ _32873_/Y (NAND2x2_ASAP7_75t_R)
  80.59  583.70 v _32874_/Y (XNOR2x2_ASAP7_75t_R)
  48.95  632.65 v _32960_/Y (XOR2x1_ASAP7_75t_R)
  23.63  656.28 ^ _32961_/Y (NAND2x1_ASAP7_75t_R)
  18.38  674.66 v _32967_/Y (AOI21x1_ASAP7_75t_R)
  25.82  700.48 ^ _32968_/Y (OAI21x1_ASAP7_75t_R)
  15.24  715.73 v _32980_/Y (NAND2x2_ASAP7_75t_R)
   0.00  715.73 v _44171_/D (DFFLQNx2_ASAP7_75t_R)
         715.73   data arrival time

  10.00   10.00   clock clk' (fall edge)
   0.00   10.00   clock network delay (ideal)
   0.00   10.00   clock reconvergence pessimism
          10.00 v _44171_/CLK (DFFLQNx2_ASAP7_75t_R)
 -17.67   -7.67   library setup time
          -7.67   data required time
---------------------------------------------------------
          -7.67   data required time
        -715.73   data arrival time
---------------------------------------------------------
        -723.40   slack (VIOLATED)


Startpoint: _44153_ (falling edge-triggered flip-flop clocked by clk')
Endpoint: _44119_ (falling edge-triggered flip-flop clocked by clk')
Path Group: clk
Path Type: max

  Delay    Time   Description
---------------------------------------------------------
   0.00    0.00   clock clk' (fall edge)
   0.00    0.00   clock network delay (ideal)
   0.00    0.00 v _44153_/CLK (DFFLQNx3_ASAP7_75t_R)
 109.79  109.79 v _44153_/QN (DFFLQNx3_ASAP7_75t_R)
  43.57  153.36 v rebuffer931/Y (BUFx12f_ASAP7_75t_R)
  30.97  184.33 v rebuffer932/Y (BUFx12f_ASAP7_75t_R)
  36.15  220.47 ^ _35060_/Y (NAND2x2_ASAP7_75t_R)
  30.83  251.30 v _35061_/Y (INVx5_ASAP7_75t_R)
  35.74  287.04 ^ _35190_/Y (NAND2x2_ASAP7_75t_R)
  36.87  323.91 ^ _38395_/Y (AO21x1_ASAP7_75t_R)
  18.38  342.29 v _38396_/Y (OAI21x1_ASAP7_75t_R)
  20.81  363.10 ^ _38397_/Y (NOR2x1_ASAP7_75t_R)
  18.22  381.32 v _38400_/Y (NAND2x1_ASAP7_75t_R)
  16.89  398.20 ^ _38401_/Y (INVx1_ASAP7_75t_R)
  14.73  412.94 v _38413_/Y (NAND2x1_ASAP7_75t_R)
  24.21  437.15 ^ _38414_/Y (NOR2x1_ASAP7_75t_R)
  20.24  457.39 v _38415_/Y (NAND2x2_ASAP7_75t_R)
  28.97  486.36 v rebuffer1808/Y (BUFx12f_ASAP7_75t_R)
  30.13  516.48 v rebuffer1809/Y (BUFx2_ASAP7_75t_R)
  40.05  556.53 v _38847_/Y (XOR2x1_ASAP7_75t_R)
  45.13  601.66 v _38848_/Y (XOR2x1_ASAP7_75t_R)
  33.72  635.39 v _38850_/Y (AND2x2_ASAP7_75t_R)
  23.95  659.33 ^ _38851_/Y (OAI21x1_ASAP7_75t_R)
  20.66  679.99 v _38852_/Y (INVx1_ASAP7_75t_R)
  20.49  700.48 ^ _38853_/Y (OAI21x1_ASAP7_75t_R)
  15.02  715.50 v _38856_/Y (NAND2x1_ASAP7_75t_R)
   0.00  715.50 v _44119_/D (DFFLQNx2_ASAP7_75t_R)
         715.50   data arrival time

  10.00   10.00   clock clk' (fall edge)
   0.00   10.00   clock network delay (ideal)
   0.00   10.00   clock reconvergence pessimism
          10.00 v _44119_/CLK (DFFLQNx2_ASAP7_75t_R)
 -17.82   -7.82   library setup time
          -7.82   data required time
---------------------------------------------------------
          -7.82   data required time
        -715.50   data arrival time
---------------------------------------------------------
        -723.32   slack (VIOLATED)


Startpoint: _44153_ (falling edge-triggered flip-flop clocked by clk')
Endpoint: _44135_ (falling edge-triggered flip-flop clocked by clk')
Path Group: clk
Path Type: max

  Delay    Time   Description
---------------------------------------------------------
   0.00    0.00   clock clk' (fall edge)
   0.00    0.00   clock network delay (ideal)
   0.00    0.00 v _44153_/CLK (DFFLQNx3_ASAP7_75t_R)
 109.79  109.79 v _44153_/QN (DFFLQNx3_ASAP7_75t_R)
  43.57  153.36 v rebuffer931/Y (BUFx12f_ASAP7_75t_R)
  30.97  184.33 v rebuffer932/Y (BUFx12f_ASAP7_75t_R)
  43.33  227.66 ^ _35096_/Y (NOR2x2_ASAP7_75t_R)
  44.08  271.73 ^ rebuffer884/Y (BUFx6f_ASAP7_75t_R)
  18.24  289.98 v _35114_/Y (NAND2x2_ASAP7_75t_R)
  37.21  327.18 v _36191_/Y (AO21x1_ASAP7_75t_R)
  19.70  346.88 ^ _38394_/Y (NAND2x1_ASAP7_75t_R)
  18.19  365.07 v _38397_/Y (NOR2x1_ASAP7_75t_R)
  23.08  388.15 ^ _38400_/Y (NAND2x1_ASAP7_75t_R)
  18.15  406.30 v _38401_/Y (INVx1_ASAP7_75t_R)
  18.25  424.54 ^ _38413_/Y (NAND2x1_ASAP7_75t_R)
  24.25  448.79 v _38414_/Y (NOR2x1_ASAP7_75t_R)
  26.92  475.72 ^ _38415_/Y (NAND2x2_ASAP7_75t_R)
  30.13  505.85 ^ rebuffer1808/Y (BUFx12f_ASAP7_75t_R)
  44.28  550.13 v _38416_/Y (XOR2x2_ASAP7_75t_R)
  50.42  600.56 v _38417_/Y (XOR2x2_ASAP7_75t_R)
  17.53  618.09 ^ _38419_/Y (INVx2_ASAP7_75t_R)
  14.55  632.64 v _38552_/Y (NAND2x1_ASAP7_75t_R)
  25.02  657.66 ^ _38553_/Y (AOI21x1_ASAP7_75t_R)
  22.79  680.45 v _38555_/Y (NOR2x1_ASAP7_75t_R)
  19.34  699.79 ^ _38556_/Y (NAND2x1_ASAP7_75t_R)
  15.42  715.20 v _38557_/Y (NAND2x1_ASAP7_75t_R)
   0.00  715.20 v _44135_/D (DFFLQNx2_ASAP7_75t_R)
         715.20   data arrival time

  10.00   10.00   clock clk' (fall edge)
   0.00   10.00   clock network delay (ideal)
   0.00   10.00   clock reconvergence pessimism
          10.00 v _44135_/CLK (DFFLQNx2_ASAP7_75t_R)
 -17.98   -7.98   library setup time
          -7.98   data required time
---------------------------------------------------------
          -7.98   data required time
        -715.20   data arrival time
---------------------------------------------------------
        -723.18   slack (VIOLATED)


Startpoint: _44192_ (falling edge-triggered flip-flop clocked by clk')
Endpoint: _44126_ (falling edge-triggered flip-flop clocked by clk')
Path Group: clk
Path Type: max

  Delay    Time   Description
---------------------------------------------------------
   0.00    0.00   clock clk' (fall edge)
   0.00    0.00   clock network delay (ideal)
   0.00    0.00 v _44192_/CLK (DFFLQNx3_ASAP7_75t_R)
 148.37  148.37 v _44192_/QN (DFFLQNx3_ASAP7_75t_R)
  28.43  176.80 ^ _35344_/Y (NOR2x2_ASAP7_75t_R)
  35.37  212.18 ^ rebuffer1938/Y (BUFx6f_ASAP7_75t_R)
  28.49  240.67 ^ rebuffer570/Y (BUFx4f_ASAP7_75t_R)
  16.00  256.66 v _35518_/Y (INVx4_ASAP7_75t_R)
  39.55  296.21 ^ _35569_/Y (NOR2x2_ASAP7_75t_R)
  41.30  337.51 ^ rebuffer3260/Y (BUFx3_ASAP7_75t_R)
  15.41  352.92 v _37658_/Y (NAND2x2_ASAP7_75t_R)
  28.16  381.08 ^ _37659_/Y (NAND3x2_ASAP7_75t_R)
  22.20  403.27 v _37660_/Y (NOR2x2_ASAP7_75t_R)
  25.58  428.86 ^ _37665_/Y (NAND3x2_ASAP7_75t_R)
  26.97  455.82 v _37682_/Y (NOR2x2_ASAP7_75t_R)
  26.13  481.95 ^ _37712_/Y (NAND2x2_ASAP7_75t_R)
  31.82  513.77 v _37713_/Y (NOR2x2_ASAP7_75t_R)
  41.40  555.17 v rebuffer2729/Y (BUFx6f_ASAP7_75t_R)
  36.04  591.20 v _38723_/Y (XNOR2x1_ASAP7_75t_R)
  20.90  612.10 ^ _38724_/Y (INVx1_ASAP7_75t_R)
  19.09  631.19 v _38725_/Y (OAI21x1_ASAP7_75t_R)
  25.49  656.68 ^ _38729_/Y (AOI21x1_ASAP7_75t_R)
  19.81  676.49 v _38730_/Y (INVx1_ASAP7_75t_R)
  20.36  696.86 ^ _38731_/Y (AOI21x1_ASAP7_75t_R)
  17.94  714.79 v _38733_/Y (NOR2x1_ASAP7_75t_R)
   0.00  714.79 v _44126_/D (DFFLQNx2_ASAP7_75t_R)
         714.79   data arrival time

  10.00   10.00   clock clk' (fall edge)
   0.00   10.00   clock network delay (ideal)
   0.00   10.00   clock reconvergence pessimism
          10.00 v _44126_/CLK (DFFLQNx2_ASAP7_75t_R)
 -18.24   -8.24   library setup time
          -8.24   data required time
---------------------------------------------------------
          -8.24   data required time
        -714.79   data arrival time
---------------------------------------------------------
        -723.03   slack (VIOLATED)


Startpoint: _44168_ (falling edge-triggered flip-flop clocked by clk')
Endpoint: _44189_ (falling edge-triggered flip-flop clocked by clk')
Path Group: clk
Path Type: max

  Delay    Time   Description
---------------------------------------------------------
   0.00    0.00   clock clk' (fall edge)
   0.00    0.00   clock network delay (ideal)
   0.00    0.00 v _44168_/CLK (DFFLQNx3_ASAP7_75t_R)
 122.71  122.71 v _44168_/QN (DFFLQNx3_ASAP7_75t_R)
  45.05  167.76 v rebuffer2656/Y (BUFx2_ASAP7_75t_R)
  25.93  193.69 v rebuffer1404/Y (BUFx6f_ASAP7_75t_R)
  36.68  230.37 ^ _27029_/Y (NOR2x2_ASAP7_75t_R)
  32.53  262.90 v _27186_/Y (INVx3_ASAP7_75t_R)
  30.78  293.68 ^ _27187_/Y (NOR2x2_ASAP7_75t_R)
  41.98  335.66 ^ rebuffer1727/Y (BUFx4f_ASAP7_75t_R)
  19.39  355.05 v _29570_/Y (NAND2x2_ASAP7_75t_R)
  29.83  384.88 v _29572_/Y (AND3x1_ASAP7_75t_R)
  21.76  406.64 ^ _29576_/Y (NAND2x1_ASAP7_75t_R)
  20.92  427.56 v _29586_/Y (NOR3x1_ASAP7_75t_R)
  30.08  457.64 ^ _29604_/Y (NAND2x1_ASAP7_75t_R)
  23.77  481.41 v _29640_/Y (NOR2x2_ASAP7_75t_R)
  48.93  530.34 ^ _29641_/Y (NAND2x2_ASAP7_75t_R)
  42.75  573.09 ^ rebuffer1781/Y (BUFx6f_ASAP7_75t_R)
  16.80  589.90 v _30227_/Y (AOI21x1_ASAP7_75t_R)
  27.70  617.60 ^ _30236_/Y (INVx1_ASAP7_75t_R)
  41.85  659.45 ^ _30237_/Y (AND3x1_ASAP7_75t_R)
  16.22  675.68 v _30239_/Y (OAI21x1_ASAP7_75t_R)
  21.11  696.79 ^ _30240_/Y (AOI21x1_ASAP7_75t_R)
  16.86  713.65 v _30246_/Y (NOR2x1_ASAP7_75t_R)
   0.00  713.65 v _44189_/D (DFFLQNx2_ASAP7_75t_R)
         713.65   data arrival time

  10.00   10.00   clock clk' (fall edge)
   0.00   10.00   clock network delay (ideal)
   0.00   10.00   clock reconvergence pessimism
          10.00 v _44189_/CLK (DFFLQNx2_ASAP7_75t_R)
 -19.02   -9.02   library setup time
          -9.02   data required time
---------------------------------------------------------
          -9.02   data required time
        -713.65   data arrival time
---------------------------------------------------------
        -722.67   slack (VIOLATED)


Startpoint: _44136_ (falling edge-triggered flip-flop clocked by clk')
Endpoint: _44151_ (falling edge-triggered flip-flop clocked by clk')
Path Group: clk
Path Type: max

  Delay    Time   Description
---------------------------------------------------------
   0.00    0.00   clock clk' (fall edge)
   0.00    0.00   clock network delay (ideal)
   0.00    0.00 v _44136_/CLK (DFFLQNx3_ASAP7_75t_R)
 112.05  112.05 v _44136_/QN (DFFLQNx3_ASAP7_75t_R)
  52.59  164.64 v rebuffer1387/Y (BUFx4f_ASAP7_75t_R)
  34.25  198.89 v rebuffer1389/Y (BUFx6f_ASAP7_75t_R)
  35.29  234.17 ^ _31365_/Y (NAND2x2_ASAP7_75t_R)
  37.94  272.11 ^ rebuffer1353/Y (BUFx6f_ASAP7_75t_R)
  29.44  301.56 ^ rebuffer1354/Y (BUFx2_ASAP7_75t_R)
  16.00  317.56 v _31369_/Y (NAND2x2_ASAP7_75t_R)
  33.20  350.76 v _31370_/Y (AO21x1_ASAP7_75t_R)
  17.66  368.42 ^ _31371_/Y (NAND2x1_ASAP7_75t_R)
  18.45  386.87 v _31382_/Y (AOI211x1_ASAP7_75t_R)
  30.89  417.76 ^ _31421_/Y (NAND2x1_ASAP7_75t_R)
  28.10  445.86 v _31479_/Y (NOR2x1_ASAP7_75t_R)
  33.11  478.97 ^ _31566_/Y (NAND2x2_ASAP7_75t_R)
  46.84  525.82 ^ rebuffer3037/Y (BUFx2_ASAP7_75t_R)
  31.76  557.57 ^ rebuffer3038/Y (BUFx6f_ASAP7_75t_R)
  60.20  617.77 v _34647_/Y (XNOR2x2_ASAP7_75t_R)
  28.09  645.87 ^ _34648_/Y (INVx1_ASAP7_75t_R)
  22.04  667.91 v _34658_/Y (OAI21x1_ASAP7_75t_R)
  20.48  688.39 ^ _34659_/Y (AOI21x1_ASAP7_75t_R)
  17.34  705.73 v _34660_/Y (OAI21x1_ASAP7_75t_R)
  21.30  727.03 ^ _34661_/Y (NAND2x1_ASAP7_75t_R)
   0.00  727.03 ^ _44151_/D (DFFLQNx2_ASAP7_75t_R)
         727.03   data arrival time

  10.00   10.00   clock clk' (fall edge)
   0.00   10.00   clock network delay (ideal)
   0.00   10.00   clock reconvergence pessimism
          10.00 v _44151_/CLK (DFFLQNx2_ASAP7_75t_R)
  -5.38    4.62   library setup time
           4.62   data required time
---------------------------------------------------------
           4.62   data required time
        -727.03   data arrival time
---------------------------------------------------------
        -722.41   slack (VIOLATED)


Startpoint: _44121_ (falling edge-triggered flip-flop clocked by clk')
Endpoint: _44108_ (falling edge-triggered flip-flop clocked by clk')
Path Group: clk
Path Type: max

  Delay    Time   Description
---------------------------------------------------------
   0.00    0.00   clock clk' (fall edge)
   0.00    0.00   clock network delay (ideal)
   0.00    0.00 v _44121_/CLK (DFFLQNx3_ASAP7_75t_R)
 123.00  123.00 v _44121_/QN (DFFLQNx3_ASAP7_75t_R)
  49.61  172.61 v rebuffer676/Y (BUFx12f_ASAP7_75t_R)
  15.48  188.10 ^ _38875_/Y (CKINVDCx20_ASAP7_75t_R)
  27.49  215.59 v _38891_/Y (NOR2x2_ASAP7_75t_R)
  37.27  252.86 v rebuffer1833/Y (BUFx6f_ASAP7_75t_R)
  28.36  281.22 ^ _38918_/Y (NAND2x2_ASAP7_75t_R)
  37.94  319.16 ^ rebuffer844/Y (BUFx6f_ASAP7_75t_R)
  35.36  354.52 ^ _41119_/Y (AO21x1_ASAP7_75t_R)
  18.30  372.83 v _41539_/Y (OAI21x1_ASAP7_75t_R)
  77.09  449.92 v _41545_/Y (OR3x4_ASAP7_75t_R)
  26.27  476.19 ^ _41546_/Y (NOR3x2_ASAP7_75t_R)
  28.20  504.39 v _41588_/Y (NAND2x2_ASAP7_75t_R)
  74.69  579.08 ^ _41589_/Y (XOR2x2_ASAP7_75t_R)
  43.15  622.23 ^ _41590_/Y (XOR2x1_ASAP7_75t_R)
  18.67  640.91 v _41770_/Y (INVx1_ASAP7_75t_R)
  17.21  658.11 ^ _41771_/Y (NOR2x1_ASAP7_75t_R)
  16.19  674.30 v _41772_/Y (OAI21x1_ASAP7_75t_R)
  20.85  695.15 ^ _41773_/Y (AOI21x1_ASAP7_75t_R)
  18.91  714.06 v _41860_/Y (NOR2x1_ASAP7_75t_R)
   0.00  714.06 v _44108_/D (DFFLQNx2_ASAP7_75t_R)
         714.06   data arrival time

  10.00   10.00   clock clk' (fall edge)
   0.00   10.00   clock network delay (ideal)
   0.00   10.00   clock reconvergence pessimism
          10.00 v _44108_/CLK (DFFLQNx2_ASAP7_75t_R)
 -18.14   -8.14   library setup time
          -8.14   data required time
---------------------------------------------------------
          -8.14   data required time
        -714.06   data arrival time
---------------------------------------------------------
        -722.20   slack (VIOLATED)


Startpoint: _44097_ (falling edge-triggered flip-flop clocked by clk')
Endpoint: _44157_ (falling edge-triggered flip-flop clocked by clk')
Path Group: clk
Path Type: max

  Delay    Time   Description
---------------------------------------------------------
   0.00    0.00   clock clk' (fall edge)
   0.00    0.00   clock network delay (ideal)
   0.00    0.00 v _44097_/CLK (DFFLQNx3_ASAP7_75t_R)
 125.00  125.00 v _44097_/QN (DFFLQNx3_ASAP7_75t_R)
  48.66  173.66 v rebuffer1063/Y (BUFx12f_ASAP7_75t_R)
  29.30  202.96 v rebuffer1067/Y (BUFx6f_ASAP7_75t_R)
  29.52  232.48 ^ _31092_/Y (NAND2x2_ASAP7_75t_R)
  30.00  262.48 v _31155_/Y (INVx4_ASAP7_75t_R)
  34.54  297.02 ^ _31156_/Y (NAND2x2_ASAP7_75t_R)
  36.06  333.07 ^ rebuffer1790/Y (BUFx3_ASAP7_75t_R)
  16.05  349.12 v _31157_/Y (NOR2x1_ASAP7_75t_R)
  38.24  387.36 v _32994_/Y (AO21x1_ASAP7_75t_R)
  24.21  411.57 ^ _32995_/Y (AOI211x1_ASAP7_75t_R)
  19.68  431.25 v _32996_/Y (NAND2x1_ASAP7_75t_R)
  23.59  454.84 ^ _32997_/Y (NOR2x1_ASAP7_75t_R)
  23.40  478.24 v _33017_/Y (NAND2x2_ASAP7_75t_R)
  38.90  517.13 ^ _33049_/Y (NOR2x2_ASAP7_75t_R)
  32.27  549.40 v _34464_/Y (NAND2x2_ASAP7_75t_R)
  46.68  596.09 v _34466_/Y (AO21x1_ASAP7_75t_R)
  21.53  617.62 ^ _34471_/Y (NAND2x1_ASAP7_75t_R)
  18.54  636.17 v _34472_/Y (NOR2x1_ASAP7_75t_R)
  25.26  661.42 ^ _34473_/Y (OAI21x1_ASAP7_75t_R)
  18.83  680.25 v _34474_/Y (INVx1_ASAP7_75t_R)
  19.98  700.23 ^ _34475_/Y (OAI21x1_ASAP7_75t_R)
  14.28  714.52 v _34478_/Y (NAND2x1_ASAP7_75t_R)
   0.00  714.52 v _44157_/D (DFFLQNx2_ASAP7_75t_R)
         714.52   data arrival time

  10.00   10.00   clock clk' (fall edge)
   0.00   10.00   clock network delay (ideal)
   0.00   10.00   clock reconvergence pessimism
          10.00 v _44157_/CLK (DFFLQNx2_ASAP7_75t_R)
 -17.63   -7.63   library setup time
          -7.63   data required time
---------------------------------------------------------
          -7.63   data required time
        -714.52   data arrival time
---------------------------------------------------------
        -722.14   slack (VIOLATED)


Startpoint: _44176_ (falling edge-triggered flip-flop clocked by clk')
Endpoint: _44198_ (falling edge-triggered flip-flop clocked by clk')
Path Group: clk
Path Type: max

  Delay    Time   Description
---------------------------------------------------------
   0.00    0.00   clock clk' (fall edge)
   0.00    0.00   clock network delay (ideal)
   0.00    0.00 v _44176_/CLK (DFFLQNx3_ASAP7_75t_R)
 133.62  133.62 v _44176_/QN (DFFLQNx3_ASAP7_75t_R)
  50.91  184.53 v rebuffer662/Y (BUFx12f_ASAP7_75t_R)
  16.48  201.01 ^ _26045_/Y (CKINVDCx20_ASAP7_75t_R)
  22.32  223.32 v _26112_/Y (NOR2x2_ASAP7_75t_R)
  33.62  256.95 v rebuffer3076/Y (BUFx3_ASAP7_75t_R)
  18.05  275.00 ^ _26197_/Y (NAND2x2_ASAP7_75t_R)
  35.70  310.69 ^ rebuffer2987/Y (BUFx2_ASAP7_75t_R)
  26.80  337.49 v _26204_/Y (AOI21x1_ASAP7_75t_R)
  24.27  361.77 ^ _29402_/Y (INVx1_ASAP7_75t_R)
  17.19  378.96 v _29403_/Y (NAND2x1_ASAP7_75t_R)
  38.80  417.76 ^ _29404_/Y (AOI211x1_ASAP7_75t_R)
  22.99  440.75 v _29414_/Y (NAND3x2_ASAP7_75t_R)
  20.99  461.74 ^ _29415_/Y (NOR2x2_ASAP7_75t_R)
  18.05  479.79 v _29416_/Y (NAND2x2_ASAP7_75t_R)
  42.68  522.47 ^ _29417_/Y (NOR2x2_ASAP7_75t_R)
  25.48  547.96 v _29645_/Y (INVx2_ASAP7_75t_R)
  20.78  568.74 ^ _30084_/Y (NAND2x1_ASAP7_75t_R)
  22.14  590.88 v _30085_/Y (AOI21x1_ASAP7_75t_R)
  27.85  618.73 ^ _30086_/Y (INVx1_ASAP7_75t_R)
  22.63  641.36 v _30089_/Y (AOI21x1_ASAP7_75t_R)
  19.09  660.45 ^ _30090_/Y (INVx1_ASAP7_75t_R)
  17.38  677.83 v _30092_/Y (AOI21x1_ASAP7_75t_R)
  20.81  698.63 ^ _30093_/Y (OAI21x1_ASAP7_75t_R)
  15.49  714.12 v _30098_/Y (NAND2x1_ASAP7_75t_R)
   0.00  714.12 v _44198_/D (DFFLQNx2_ASAP7_75t_R)
         714.12   data arrival time

  10.00   10.00   clock clk' (fall edge)
   0.00   10.00   clock network delay (ideal)
   0.00   10.00   clock reconvergence pessimism
          10.00 v _44198_/CLK (DFFLQNx2_ASAP7_75t_R)
 -18.00   -8.00   library setup time
          -8.00   data required time
---------------------------------------------------------
          -8.00   data required time
        -714.12   data arrival time
---------------------------------------------------------
        -722.12   slack (VIOLATED)


Startpoint: _44153_ (falling edge-triggered flip-flop clocked by clk')
Endpoint: _44136_ (falling edge-triggered flip-flop clocked by clk')
Path Group: clk
Path Type: max

  Delay    Time   Description
---------------------------------------------------------
   0.00    0.00   clock clk' (fall edge)
   0.00    0.00   clock network delay (ideal)
   0.00    0.00 v _44153_/CLK (DFFLQNx3_ASAP7_75t_R)
 109.79  109.79 v _44153_/QN (DFFLQNx3_ASAP7_75t_R)
  43.57  153.36 v rebuffer931/Y (BUFx12f_ASAP7_75t_R)
  30.97  184.33 v rebuffer932/Y (BUFx12f_ASAP7_75t_R)
  43.33  227.66 ^ _35096_/Y (NOR2x2_ASAP7_75t_R)
  34.47  262.12 v _35130_/Y (INVx3_ASAP7_75t_R)
  35.40  297.52 ^ _35131_/Y (NOR2x2_ASAP7_75t_R)
  34.78  332.30 ^ rebuffer2016/Y (BUFx6f_ASAP7_75t_R)
  30.86  363.16 ^ _35274_/Y (OA21x2_ASAP7_75t_R)
  15.54  378.70 v _35278_/Y (NOR2x1_ASAP7_75t_R)
  18.93  397.63 ^ _35283_/Y (NAND2x1_ASAP7_75t_R)
  16.10  413.73 v _35284_/Y (NOR2x1_ASAP7_75t_R)
  32.81  446.54 v _35301_/Y (AND2x2_ASAP7_75t_R)
  20.11  466.65 ^ _35302_/Y (NAND2x2_ASAP7_75t_R)
  34.34  500.99 v _35303_/Y (NOR2x2_ASAP7_75t_R)
  55.32  556.31 ^ _35304_/Y (NAND2x2_ASAP7_75t_R)
  34.73  591.04 v _35850_/Y (NOR2x2_ASAP7_75t_R)
  24.41  615.45 ^ _35852_/Y (OAI21x1_ASAP7_75t_R)
  17.40  632.85 v _35854_/Y (AOI21x1_ASAP7_75t_R)
  20.44  653.29 ^ _35855_/Y (OAI21x1_ASAP7_75t_R)
  22.30  675.59 v _35856_/Y (NAND2x1_ASAP7_75t_R)
  37.93  713.52 v _35857_/Y (XOR2x1_ASAP7_75t_R)
   0.00  713.52 v _44136_/D (DFFLQNx3_ASAP7_75t_R)
         713.52   data arrival time

  10.00   10.00   clock clk' (fall edge)
   0.00   10.00   clock network delay (ideal)
   0.00   10.00   clock reconvergence pessimism
          10.00 v _44136_/CLK (DFFLQNx3_ASAP7_75t_R)
 -18.31   -8.31   library setup time
          -8.31   data required time
---------------------------------------------------------
          -8.31   data required time
        -713.52   data arrival time
---------------------------------------------------------
        -721.83   slack (VIOLATED)


Startpoint: _44169_ (falling edge-triggered flip-flop clocked by clk')
Endpoint: _44194_ (falling edge-triggered flip-flop clocked by clk')
Path Group: clk
Path Type: max

  Delay    Time   Description
---------------------------------------------------------
   0.00    0.00   clock clk' (fall edge)
   0.00    0.00   clock network delay (ideal)
   0.00    0.00 v _44169_/CLK (DFFLQNx3_ASAP7_75t_R)
 130.61  130.61 v _44169_/QN (DFFLQNx3_ASAP7_75t_R)
  50.01  180.62 v rebuffer1857/Y (BUFx2_ASAP7_75t_R)
  31.76  212.38 ^ _27026_/Y (NAND2x2_ASAP7_75t_R)
  45.30  257.68 ^ rebuffer558/Y (BUFx3_ASAP7_75t_R)
  33.49  291.17 ^ rebuffer559/Y (BUFx2_ASAP7_75t_R)
  15.73  306.90 v _27165_/Y (NAND2x2_ASAP7_75t_R)
  36.02  342.92 v _28121_/Y (OR2x2_ASAP7_75t_R)
  20.57  363.49 ^ _28123_/Y (NAND2x1_ASAP7_75t_R)
  17.72  381.21 v _28124_/Y (NOR2x1_ASAP7_75t_R)
  21.52  402.74 ^ _28131_/Y (NAND2x1_ASAP7_75t_R)
  20.05  422.78 v _28141_/Y (NOR2x1_ASAP7_75t_R)
  24.39  447.17 ^ _28142_/Y (NAND2x1_ASAP7_75t_R)
  23.25  470.43 v _28188_/Y (NOR2x2_ASAP7_75t_R)
  34.00  504.43 ^ _28189_/Y (NAND2x2_ASAP7_75t_R)
  61.71  566.13 v _29989_/Y (XOR2x2_ASAP7_75t_R)
  33.24  599.38 v rebuffer2057/Y (BUFx6f_ASAP7_75t_R)
  37.16  636.54 v _29998_/Y (XOR2x1_ASAP7_75t_R)
  18.50  655.04 ^ _29999_/Y (NOR2x1_ASAP7_75t_R)
  17.83  672.87 v _30001_/Y (OAI21x1_ASAP7_75t_R)
  22.70  695.57 ^ _30003_/Y (NAND3x1_ASAP7_75t_R)
  17.69  713.26 v _30004_/Y (NAND2x1_ASAP7_75t_R)
   0.00  713.26 v _44194_/D (DFFLQNx2_ASAP7_75t_R)
         713.26   data arrival time

  10.00   10.00   clock clk' (fall edge)
   0.00   10.00   clock network delay (ideal)
   0.00   10.00   clock reconvergence pessimism
          10.00 v _44194_/CLK (DFFLQNx2_ASAP7_75t_R)
 -17.53   -7.53   library setup time
          -7.53   data required time
---------------------------------------------------------
          -7.53   data required time
        -713.26   data arrival time
---------------------------------------------------------
        -720.80   slack (VIOLATED)


Startpoint: _44121_ (falling edge-triggered flip-flop clocked by clk')
Endpoint: _44101_ (falling edge-triggered flip-flop clocked by clk')
Path Group: clk
Path Type: max

  Delay    Time   Description
---------------------------------------------------------
   0.00    0.00   clock clk' (fall edge)
   0.00    0.00   clock network delay (ideal)
   0.00    0.00 v _44121_/CLK (DFFLQNx3_ASAP7_75t_R)
 123.00  123.00 v _44121_/QN (DFFLQNx3_ASAP7_75t_R)
  45.38  168.38 v rebuffer669/Y (BUFx6f_ASAP7_75t_R)
  27.56  195.94 v rebuffer673/Y (BUFx6f_ASAP7_75t_R)
  14.87  210.81 ^ _38985_/Y (NOR2x2_ASAP7_75t_R)
  34.61  245.42 ^ rebuffer2396/Y (BUFx6f_ASAP7_75t_R)
  24.95  270.37 v _38992_/Y (NAND2x2_ASAP7_75t_R)
  33.61  303.98 v rebuffer1946/Y (BUFx3_ASAP7_75t_R)
  27.06  331.04 v rebuffer1947/Y (BUFx2_ASAP7_75t_R)
  31.29  362.33 v _42100_/Y (AO21x1_ASAP7_75t_R)
  19.79  382.12 ^ _42102_/Y (NAND2x1_ASAP7_75t_R)
  23.21  405.33 v _42105_/Y (NOR3x1_ASAP7_75t_R)
  29.06  434.39 ^ _42106_/Y (NAND2x1_ASAP7_75t_R)
  28.28  462.67 v _42107_/Y (NOR3x1_ASAP7_75t_R)
  30.17  492.84 ^ _42143_/Y (NAND2x1_ASAP7_75t_R)
  49.94  542.78 v _42144_/Y (NOR2x2_ASAP7_75t_R)
  66.16  608.95 ^ _42145_/Y (XNOR2x2_ASAP7_75t_R)
  26.51  635.46 v _42894_/Y (NOR2x1_ASAP7_75t_R)
  23.89  659.35 ^ _42896_/Y (OAI21x1_ASAP7_75t_R)
  17.50  676.85 v _42897_/Y (AOI21x1_ASAP7_75t_R)
  21.15  698.00 ^ _42899_/Y (OAI21x1_ASAP7_75t_R)
  14.95  712.94 v _42905_/Y (NAND2x1_ASAP7_75t_R)
   0.00  712.94 v _44101_/D (DFFLQNx2_ASAP7_75t_R)
         712.94   data arrival time

  10.00   10.00   clock clk' (fall edge)
   0.00   10.00   clock network delay (ideal)
   0.00   10.00   clock reconvergence pessimism
          10.00 v _44101_/CLK (DFFLQNx2_ASAP7_75t_R)
 -17.63   -7.63   library setup time
          -7.63   data required time
---------------------------------------------------------
          -7.63   data required time
        -712.94   data arrival time
---------------------------------------------------------
        -720.58   slack (VIOLATED)


Startpoint: _44187_ (falling edge-triggered flip-flop clocked by clk')
Endpoint: _44170_ (falling edge-triggered flip-flop clocked by clk')
Path Group: clk
Path Type: max

  Delay    Time   Description
---------------------------------------------------------
   0.00    0.00   clock clk' (fall edge)
   0.00    0.00   clock network delay (ideal)
   0.00    0.00 v _44187_/CLK (DFFLQNx3_ASAP7_75t_R)
 112.96  112.96 v _44187_/QN (DFFLQNx3_ASAP7_75t_R)
  39.57  152.53 v rebuffer3299/Y (BUFx3_ASAP7_75t_R)
  24.36  176.89 v rebuffer2940/Y (BUFx6f_ASAP7_75t_R)
  24.71  201.61 v clone2900/Y (BUFx6f_ASAP7_75t_R)
  28.17  229.77 v rebuffer1918/Y (BUFx3_ASAP7_75t_R)
  40.16  269.93 ^ _30448_/Y (NAND2x2_ASAP7_75t_R)
  41.31  311.24 ^ rebuffer2901/Y (BUFx6f_ASAP7_75t_R)
  32.08  343.32 ^ rebuffer1486/Y (BUFx2_ASAP7_75t_R)
  31.49  374.81 ^ _32297_/Y (AO21x1_ASAP7_75t_R)
  12.78  387.59 v _32298_/Y (NAND2x1_ASAP7_75t_R)
  53.74  441.33 v _32299_/Y (OR3x1_ASAP7_75t_R)
  25.03  466.35 ^ _32300_/Y (NOR2x2_ASAP7_75t_R)
  18.39  484.75 v _32326_/Y (NAND3x2_ASAP7_75t_R)
  38.88  523.62 ^ _32367_/Y (NOR2x2_ASAP7_75t_R)
  51.22  574.84 ^ _32368_/Y (XOR2x2_ASAP7_75t_R)
  21.74  596.59 v _32369_/Y (INVx1_ASAP7_75t_R)
  25.79  622.38 ^ _32370_/Y (NAND2x1_ASAP7_75t_R)
  33.41  655.78 ^ _32472_/Y (AO21x1_ASAP7_75t_R)
  15.48  671.27 v _32473_/Y (AOI21x1_ASAP7_75t_R)
  26.34  697.60 ^ _32474_/Y (OAI21x1_ASAP7_75t_R)
  15.24  712.85 v _32485_/Y (NAND2x2_ASAP7_75t_R)
   0.00  712.85 v _44170_/D (DFFLQNx2_ASAP7_75t_R)
         712.85   data arrival time

  10.00   10.00   clock clk' (fall edge)
   0.00   10.00   clock network delay (ideal)
   0.00   10.00   clock reconvergence pessimism
          10.00 v _44170_/CLK (DFFLQNx2_ASAP7_75t_R)
 -17.69   -7.69   library setup time
          -7.69   data required time
---------------------------------------------------------
          -7.69   data required time
        -712.85   data arrival time
---------------------------------------------------------
        -720.54   slack (VIOLATED)


Startpoint: _44153_ (falling edge-triggered flip-flop clocked by clk')
Endpoint: _44122_ (falling edge-triggered flip-flop clocked by clk')
Path Group: clk
Path Type: max

  Delay    Time   Description
---------------------------------------------------------
   0.00    0.00   clock clk' (fall edge)
   0.00    0.00   clock network delay (ideal)
   0.00    0.00 v _44153_/CLK (DFFLQNx3_ASAP7_75t_R)
 109.79  109.79 v _44153_/QN (DFFLQNx3_ASAP7_75t_R)
  43.57  153.36 v rebuffer931/Y (BUFx12f_ASAP7_75t_R)
  30.97  184.33 v rebuffer932/Y (BUFx12f_ASAP7_75t_R)
  43.33  227.66 ^ _35096_/Y (NOR2x2_ASAP7_75t_R)
  44.08  271.73 ^ rebuffer884/Y (BUFx6f_ASAP7_75t_R)
  18.24  289.98 v _35114_/Y (NAND2x2_ASAP7_75t_R)
  28.42  318.40 v rebuffer3097/Y (BUFx6f_ASAP7_75t_R)
  31.84  350.24 v _36136_/Y (AO21x1_ASAP7_75t_R)
  34.70  384.93 v _36137_/Y (AND2x2_ASAP7_75t_R)
  20.04  404.98 ^ _36138_/Y (NAND2x2_ASAP7_75t_R)
  24.77  429.74 v _36146_/Y (NOR3x2_ASAP7_75t_R)
  23.69  453.43 ^ _36147_/Y (NAND2x2_ASAP7_75t_R)
  27.45  480.88 v _36203_/Y (AOI211x1_ASAP7_75t_R)
  43.09  523.98 v rebuffer1785/Y (BUFx6f_ASAP7_75t_R)
  53.47  577.44 v _38622_/Y (XOR2x2_ASAP7_75t_R)
  19.36  596.80 ^ _38626_/Y (INVx2_ASAP7_75t_R)
  18.97  615.77 v _38628_/Y (NOR2x1_ASAP7_75t_R)
  33.46  649.23 ^ _38629_/Y (OAI21x1_ASAP7_75t_R)
  21.68  670.91 v _38630_/Y (INVx1_ASAP7_75t_R)
  27.14  698.05 ^ _38631_/Y (OAI21x1_ASAP7_75t_R)
  14.71  712.76 v _38634_/Y (NAND2x2_ASAP7_75t_R)
   0.00  712.76 v _44122_/D (DFFLQNx2_ASAP7_75t_R)
         712.76   data arrival time

  10.00   10.00   clock clk' (fall edge)
   0.00   10.00   clock network delay (ideal)
   0.00   10.00   clock reconvergence pessimism
          10.00 v _44122_/CLK (DFFLQNx2_ASAP7_75t_R)
 -17.77   -7.77   library setup time
          -7.77   data required time
---------------------------------------------------------
          -7.77   data required time
        -712.76   data arrival time
---------------------------------------------------------
        -720.52   slack (VIOLATED)


Startpoint: _44160_ (falling edge-triggered flip-flop clocked by clk')
Endpoint: _44099_ (falling edge-triggered flip-flop clocked by clk')
Path Group: clk
Path Type: max

  Delay    Time   Description
---------------------------------------------------------
   0.00    0.00   clock clk' (fall edge)
   0.00    0.00   clock network delay (ideal)
   0.00    0.00 v _44160_/CLK (DFFLQNx3_ASAP7_75t_R)
 119.73  119.73 v _44160_/QN (DFFLQNx3_ASAP7_75t_R)
  46.42  166.15 v rebuffer1300/Y (BUFx12f_ASAP7_75t_R)
  29.18  195.33 v rebuffer1303/Y (BUFx6f_ASAP7_75t_R)
  21.87  217.20 ^ _39552_/Y (NOR2x2_ASAP7_75t_R)
  31.89  249.09 ^ rebuffer1249/Y (BUFx6f_ASAP7_75t_R)
  24.74  273.83 v _39652_/Y (NAND2x2_ASAP7_75t_R)
  35.66  309.49 v rebuffer759/Y (BUFx6f_ASAP7_75t_R)
  32.30  341.79 v _42666_/Y (AO21x1_ASAP7_75t_R)
  24.82  366.61 ^ _42667_/Y (NAND2x1_ASAP7_75t_R)
  22.73  389.34 v _42671_/Y (NOR2x2_ASAP7_75t_R)
  13.41  402.75 ^ _42672_/Y (INVx2_ASAP7_75t_R)
  14.16  416.91 v _42673_/Y (NOR2x1_ASAP7_75t_R)
  23.15  440.06 ^ _42674_/Y (NAND2x1_ASAP7_75t_R)
  23.78  463.84 v _42675_/Y (NOR2x1_ASAP7_75t_R)
  47.13  510.97 ^ _42721_/Y (NAND2x2_ASAP7_75t_R)
  55.57  566.54 ^ _42830_/Y (XOR2x2_ASAP7_75t_R)
  40.85  607.39 ^ _42838_/Y (XOR2x1_ASAP7_75t_R)
  24.48  631.87 v _42840_/Y (NOR2x1_ASAP7_75t_R)
  26.49  658.36 ^ _42841_/Y (OAI21x1_ASAP7_75t_R)
  18.74  677.10 v _42842_/Y (INVx1_ASAP7_75t_R)
  19.96  697.06 ^ _42843_/Y (OAI21x1_ASAP7_75t_R)
  15.21  712.27 v _42847_/Y (NAND2x1_ASAP7_75t_R)
   0.00  712.27 v _44099_/D (DFFLQNx2_ASAP7_75t_R)
         712.27   data arrival time

  10.00   10.00   clock clk' (fall edge)
   0.00   10.00   clock network delay (ideal)
   0.00   10.00   clock reconvergence pessimism
          10.00 v _44099_/CLK (DFFLQNx2_ASAP7_75t_R)
 -17.83   -7.83   library setup time
          -7.83   data required time
---------------------------------------------------------
          -7.83   data required time
        -712.27   data arrival time
---------------------------------------------------------
        -720.10   slack (VIOLATED)


Startpoint: _44180_ (falling edge-triggered flip-flop clocked by clk')
Endpoint: _44203_ (falling edge-triggered flip-flop clocked by clk')
Path Group: clk
Path Type: max

  Delay    Time   Description
---------------------------------------------------------
   0.00    0.00   clock clk' (fall edge)
   0.00    0.00   clock network delay (ideal)
   0.00    0.00 v _44180_/CLK (DFFLQNx2_ASAP7_75t_R)
 130.84  130.84 v _44180_/QN (DFFLQNx2_ASAP7_75t_R)
  39.87  170.71 ^ _26054_/Y (INVx2_ASAP7_75t_R)
  42.91  213.62 v _26055_/Y (NOR2x2_ASAP7_75t_R)
  75.62  289.23 ^ clone3445/Y (NAND2x1_ASAP7_75t_R)
  42.47  331.71 v _27302_/Y (INVx3_ASAP7_75t_R)
  36.08  367.79 v _27849_/Y (OA21x2_ASAP7_75t_R)
  46.19  413.97 v _27851_/Y (OR3x1_ASAP7_75t_R)
  18.14  432.11 ^ _27852_/Y (NOR2x1_ASAP7_75t_R)
  20.90  453.01 v _27868_/Y (NAND2x1_ASAP7_75t_R)
  25.05  478.06 ^ _27869_/Y (NOR2x2_ASAP7_75t_R)
  27.26  505.32 v _27870_/Y (NAND2x2_ASAP7_75t_R)
  67.78  573.10 ^ _28203_/Y (XOR2x2_ASAP7_75t_R)
  37.37  610.47 ^ _28595_/Y (XOR2x1_ASAP7_75t_R)
  16.27  626.74 v _28596_/Y (NAND2x1_ASAP7_75t_R)
  25.22  651.96 ^ _28598_/Y (AOI21x1_ASAP7_75t_R)
  19.51  671.48 v _28599_/Y (INVx1_ASAP7_75t_R)
  20.28  691.76 ^ _28600_/Y (AOI21x1_ASAP7_75t_R)
  19.84  711.60 v _28602_/Y (NOR2x1_ASAP7_75t_R)
   0.00  711.60 v _44203_/D (DFFLQNx2_ASAP7_75t_R)
         711.60   data arrival time

  10.00   10.00   clock clk' (fall edge)
   0.00   10.00   clock network delay (ideal)
   0.00   10.00   clock reconvergence pessimism
          10.00 v _44203_/CLK (DFFLQNx2_ASAP7_75t_R)
 -18.39   -8.39   library setup time
          -8.39   data required time
---------------------------------------------------------
          -8.39   data required time
        -711.60   data arrival time
---------------------------------------------------------
        -719.98   slack (VIOLATED)


Startpoint: _44089_ (falling edge-triggered flip-flop clocked by clk')
Endpoint: _44186_ (falling edge-triggered flip-flop clocked by clk')
Path Group: clk
Path Type: max

  Delay    Time   Description
---------------------------------------------------------
   0.00    0.00   clock clk' (fall edge)
   0.00    0.00   clock network delay (ideal)
   0.00    0.00 v _44089_/CLK (DFFLQNx3_ASAP7_75t_R)
 110.12  110.12 v _44089_/QN (DFFLQNx3_ASAP7_75t_R)
  42.52  152.64 v rebuffer642/Y (BUFx6f_ASAP7_75t_R)
  32.67  185.31 v rebuffer643/Y (BUFx12f_ASAP7_75t_R)
  33.06  218.36 ^ _26466_/Y (NOR2x2_ASAP7_75t_R)
  37.62  255.99 ^ rebuffer2066/Y (BUFx6f_ASAP7_75t_R)
  18.72  274.71 v _27394_/Y (NAND2x2_ASAP7_75t_R)
  28.43  303.14 v rebuffer3249/Y (BUFx6f_ASAP7_75t_R)
  31.32  334.46 v rebuffer1452/Y (BUFx2_ASAP7_75t_R)
  31.83  366.29 v _27420_/Y (AO21x1_ASAP7_75t_R)
  29.89  396.18 v _27421_/Y (AND2x2_ASAP7_75t_R)
  16.68  412.87 ^ _27422_/Y (NAND2x1_ASAP7_75t_R)
  23.93  436.80 v _27423_/Y (NOR2x1_ASAP7_75t_R)
  21.63  458.43 ^ _27424_/Y (NAND2x2_ASAP7_75t_R)
  22.00  480.43 v _27425_/Y (NOR2x2_ASAP7_75t_R)
  38.38  518.80 ^ _27481_/Y (NAND3x2_ASAP7_75t_R)
  38.35  557.15 ^ rebuffer3246/Y (BUFx6f_ASAP7_75t_R)
  16.00  573.15 v _30154_/Y (NOR2x1_ASAP7_75t_R)
  21.04  594.19 ^ _30159_/Y (OAI21x1_ASAP7_75t_R)
  19.48  613.68 v _30164_/Y (AOI21x1_ASAP7_75t_R)
  35.22  648.90 ^ _30170_/Y (OAI21x1_ASAP7_75t_R)
  21.70  670.61 v _30171_/Y (INVx1_ASAP7_75t_R)
  26.38  696.99 ^ _30172_/Y (OAI21x1_ASAP7_75t_R)
  15.13  712.11 v _30175_/Y (NAND2x2_ASAP7_75t_R)
   0.00  712.11 v _44186_/D (DFFLQNx2_ASAP7_75t_R)
         712.11   data arrival time

  10.00   10.00   clock clk' (fall edge)
   0.00   10.00   clock network delay (ideal)
   0.00   10.00   clock reconvergence pessimism
          10.00 v _44186_/CLK (DFFLQNx2_ASAP7_75t_R)
 -17.43   -7.43   library setup time
          -7.43   data required time
---------------------------------------------------------
          -7.43   data required time
        -712.11   data arrival time
---------------------------------------------------------
        -719.54   slack (VIOLATED)


Startpoint: _44081_ (falling edge-triggered flip-flop clocked by clk')
Endpoint: _44080_ (falling edge-triggered flip-flop clocked by clk')
Path Group: clk
Path Type: max

  Delay    Time   Description
---------------------------------------------------------
   0.00    0.00   clock clk' (fall edge)
   0.00    0.00   clock network delay (ideal)
   0.00    0.00 v _44081_/CLK (DFFLQNx3_ASAP7_75t_R)
 124.32  124.32 v _44081_/QN (DFFLQNx3_ASAP7_75t_R)
  49.90  174.21 v rebuffer708/Y (BUFx2_ASAP7_75t_R)
  31.83  206.04 v rebuffer709/Y (BUFx2_ASAP7_75t_R)
  41.89  247.93 v _39244_/Y (AND2x6_ASAP7_75t_R)
  37.36  285.29 ^ _39256_/Y (NAND2x2_ASAP7_75t_R)
  48.65  333.93 ^ _39260_/Y (AO21x2_ASAP7_75t_R)
  15.84  349.77 v _39265_/Y (NAND2x1_ASAP7_75t_R)
  45.87  395.65 v _39271_/Y (OR3x1_ASAP7_75t_R)
  18.13  413.78 ^ _39272_/Y (NOR2x1_ASAP7_75t_R)
  20.27  434.04 v _39273_/Y (NAND2x1_ASAP7_75t_R)
  49.40  483.45 ^ _39359_/Y (NOR2x2_ASAP7_75t_R)
  69.02  552.47 v _42620_/Y (XOR2x2_ASAP7_75t_R)
  19.26  571.73 ^ _43102_/Y (NOR2x1_ASAP7_75t_R)
  20.05  591.78 v _43103_/Y (INVx1_ASAP7_75t_R)
  35.77  627.55 v _43107_/Y (AO21x1_ASAP7_75t_R)
  19.57  647.13 ^ _43108_/Y (AOI21x1_ASAP7_75t_R)
  23.09  670.21 v _43109_/Y (NOR2x1_ASAP7_75t_R)
  38.77  708.98 v _43110_/Y (XOR2x1_ASAP7_75t_R)
   0.00  708.98 v _44080_/D (DFFLQNx3_ASAP7_75t_R)
         708.98   data arrival time

  10.00   10.00   clock clk' (fall edge)
   0.00   10.00   clock network delay (ideal)
   0.00   10.00   clock reconvergence pessimism
          10.00 v _44080_/CLK (DFFLQNx3_ASAP7_75t_R)
 -20.27  -10.27   library setup time
         -10.27   data required time
---------------------------------------------------------
         -10.27   data required time
        -708.98   data arrival time
---------------------------------------------------------
        -719.25   slack (VIOLATED)


Startpoint: _44088_ (falling edge-triggered flip-flop clocked by clk')
Endpoint: _44177_ (falling edge-triggered flip-flop clocked by clk')
Path Group: clk
Path Type: max

  Delay    Time   Description
---------------------------------------------------------
   0.00    0.00   clock clk' (fall edge)
   0.00    0.00   clock network delay (ideal)
   0.00    0.00 v _44088_/CLK (DFFLQNx3_ASAP7_75t_R)
 112.85  112.85 v _44088_/QN (DFFLQNx3_ASAP7_75t_R)
  44.92  157.77 v rebuffer981/Y (BUFx6f_ASAP7_75t_R)
  37.40  195.17 ^ _26469_/Y (NOR2x2_ASAP7_75t_R)
  37.70  232.87 ^ rebuffer1887/Y (BUFx6f_ASAP7_75t_R)
  19.08  251.95 v _26511_/Y (NAND2x2_ASAP7_75t_R)
  32.87  284.82 v rebuffer618/Y (BUFx6f_ASAP7_75t_R)
  28.34  313.16 v rebuffer617/Y (BUFx2_ASAP7_75t_R)
  34.63  347.79 v _26590_/Y (AO21x1_ASAP7_75t_R)
  19.79  367.58 ^ _26591_/Y (NAND2x1_ASAP7_75t_R)
  20.09  387.66 v _26597_/Y (NOR2x1_ASAP7_75t_R)
  19.61  407.27 ^ _26598_/Y (NAND2x1_ASAP7_75t_R)
  23.19  430.46 v _26599_/Y (NOR2x1_ASAP7_75t_R)
  22.31  452.77 ^ _26600_/Y (NAND2x2_ASAP7_75t_R)
  28.10  480.87 v _26703_/Y (NOR2x2_ASAP7_75t_R)
  15.96  496.82 ^ _30134_/Y (INVx2_ASAP7_75t_R)
  22.08  518.91 v _30135_/Y (OAI21x1_ASAP7_75t_R)
  43.08  561.99 ^ _30137_/Y (NAND2x2_ASAP7_75t_R)
  49.43  611.41 ^ _30298_/Y (XNOR2x1_ASAP7_75t_R)
  30.52  641.94 v _30300_/Y (NOR2x1_ASAP7_75t_R)
  19.18  661.12 ^ _30301_/Y (INVx1_ASAP7_75t_R)
  15.87  676.99 v _30302_/Y (AOI21x1_ASAP7_75t_R)
  20.81  697.80 ^ _30303_/Y (OAI21x1_ASAP7_75t_R)
  13.92  711.72 v _30312_/Y (NAND2x1_ASAP7_75t_R)
   0.00  711.72 v _44177_/D (DFFLQNx3_ASAP7_75t_R)
         711.72   data arrival time

  10.00   10.00   clock clk' (fall edge)
   0.00   10.00   clock network delay (ideal)
   0.00   10.00   clock reconvergence pessimism
          10.00 v _44177_/CLK (DFFLQNx3_ASAP7_75t_R)
 -17.52   -7.52   library setup time
          -7.52   data required time
---------------------------------------------------------
          -7.52   data required time
        -711.72   data arrival time
---------------------------------------------------------
        -719.23   slack (VIOLATED)


Startpoint: _44187_ (falling edge-triggered flip-flop clocked by clk')
Endpoint: _44144_ (falling edge-triggered flip-flop clocked by clk')
Path Group: clk
Path Type: max

  Delay    Time   Description
---------------------------------------------------------
   0.00    0.00   clock clk' (fall edge)
   0.00    0.00   clock network delay (ideal)
   0.00    0.00 v _44187_/CLK (DFFLQNx3_ASAP7_75t_R)
 112.96  112.96 v _44187_/QN (DFFLQNx3_ASAP7_75t_R)
  39.57  152.53 v rebuffer3299/Y (BUFx3_ASAP7_75t_R)
  24.36  176.89 v rebuffer2940/Y (BUFx6f_ASAP7_75t_R)
  24.71  201.61 v clone2900/Y (BUFx6f_ASAP7_75t_R)
  28.17  229.77 v rebuffer1918/Y (BUFx3_ASAP7_75t_R)
  40.16  269.93 ^ _30448_/Y (NAND2x2_ASAP7_75t_R)
  41.31  311.24 ^ rebuffer2901/Y (BUFx6f_ASAP7_75t_R)
  32.08  343.32 ^ rebuffer1486/Y (BUFx2_ASAP7_75t_R)
  17.92  361.24 v _33991_/Y (AOI211x1_ASAP7_75t_R)
  22.12  383.36 ^ _33992_/Y (NOR2x1_ASAP7_75t_R)
  16.54  399.89 v _33993_/Y (NAND2x1_ASAP7_75t_R)
  19.16  419.06 ^ _33998_/Y (NOR2x1_ASAP7_75t_R)
  16.19  435.24 v _33999_/Y (NAND2x1_ASAP7_75t_R)
  29.22  464.46 ^ _34000_/Y (NOR2x1_ASAP7_75t_R)
  40.91  505.37 v _34039_/Y (NAND2x2_ASAP7_75t_R)
  55.13  560.50 v _34040_/Y (XOR2x2_ASAP7_75t_R)
  42.13  602.63 v _34510_/Y (XOR2x1_ASAP7_75t_R)
  39.10  641.73 v _34512_/Y (XOR2x1_ASAP7_75t_R)
  38.49  680.22 v _34514_/Y (AO21x1_ASAP7_75t_R)
  30.56  710.79 v _34515_/Y (XNOR2x1_ASAP7_75t_R)
   0.00  710.79 v _44144_/D (DFFLQNx3_ASAP7_75t_R)
         710.79   data arrival time

  10.00   10.00   clock clk' (fall edge)
   0.00   10.00   clock network delay (ideal)
   0.00   10.00   clock reconvergence pessimism
          10.00 v _44144_/CLK (DFFLQNx3_ASAP7_75t_R)
 -18.44   -8.44   library setup time
          -8.44   data required time
---------------------------------------------------------
          -8.44   data required time
        -710.79   data arrival time
---------------------------------------------------------
        -719.22   slack (VIOLATED)


Startpoint: _44136_ (falling edge-triggered flip-flop clocked by clk')
Endpoint: _44159_ (falling edge-triggered flip-flop clocked by clk')
Path Group: clk
Path Type: max

  Delay    Time   Description
---------------------------------------------------------
   0.00    0.00   clock clk' (fall edge)
   0.00    0.00   clock network delay (ideal)
   0.00    0.00 v _44136_/CLK (DFFLQNx3_ASAP7_75t_R)
 112.05  112.05 v _44136_/QN (DFFLQNx3_ASAP7_75t_R)
  52.59  164.64 v rebuffer1387/Y (BUFx4f_ASAP7_75t_R)
  34.25  198.89 v rebuffer1389/Y (BUFx6f_ASAP7_75t_R)
  35.29  234.17 ^ _31365_/Y (NAND2x2_ASAP7_75t_R)
  37.94  272.11 ^ rebuffer1353/Y (BUFx6f_ASAP7_75t_R)
  29.44  301.56 ^ rebuffer1354/Y (BUFx2_ASAP7_75t_R)
  16.00  317.56 v _31369_/Y (NAND2x2_ASAP7_75t_R)
  33.20  350.76 v _31370_/Y (AO21x1_ASAP7_75t_R)
  17.66  368.42 ^ _31371_/Y (NAND2x1_ASAP7_75t_R)
  18.45  386.87 v _31382_/Y (AOI211x1_ASAP7_75t_R)
  30.89  417.76 ^ _31421_/Y (NAND2x1_ASAP7_75t_R)
  28.10  445.86 v _31479_/Y (NOR2x1_ASAP7_75t_R)
  33.11  478.97 ^ _31566_/Y (NAND2x2_ASAP7_75t_R)
  46.84  525.82 ^ rebuffer3037/Y (BUFx2_ASAP7_75t_R)
  31.76  557.57 ^ rebuffer3038/Y (BUFx6f_ASAP7_75t_R)
  47.09  604.66 v _34337_/Y (XOR2x2_ASAP7_75t_R)
  19.61  624.27 ^ _34501_/Y (INVx1_ASAP7_75t_R)
  15.76  640.03 v _34502_/Y (AOI21x1_ASAP7_75t_R)
  25.61  665.63 ^ _34503_/Y (OAI21x1_ASAP7_75t_R)
  33.55  699.18 ^ _34508_/Y (AO21x1_ASAP7_75t_R)
  12.73  711.92 v _34509_/Y (NAND2x1_ASAP7_75t_R)
   0.00  711.92 v _44159_/D (DFFLQNx2_ASAP7_75t_R)
         711.92   data arrival time

  10.00   10.00   clock clk' (fall edge)
   0.00   10.00   clock network delay (ideal)
   0.00   10.00   clock reconvergence pessimism
          10.00 v _44159_/CLK (DFFLQNx2_ASAP7_75t_R)
 -17.16   -7.16   library setup time
          -7.16   data required time
---------------------------------------------------------
          -7.16   data required time
        -711.92   data arrival time
---------------------------------------------------------
        -719.08   slack (VIOLATED)


Startpoint: _44192_ (falling edge-triggered flip-flop clocked by clk')
Endpoint: _44120_ (falling edge-triggered flip-flop clocked by clk')
Path Group: clk
Path Type: max

  Delay    Time   Description
---------------------------------------------------------
   0.00    0.00   clock clk' (fall edge)
   0.00    0.00   clock network delay (ideal)
   0.00    0.00 v _44192_/CLK (DFFLQNx3_ASAP7_75t_R)
 148.37  148.37 v _44192_/QN (DFFLQNx3_ASAP7_75t_R)
  28.43  176.80 ^ _35344_/Y (NOR2x2_ASAP7_75t_R)
  35.37  212.18 ^ rebuffer1938/Y (BUFx6f_ASAP7_75t_R)
  28.49  240.67 ^ rebuffer570/Y (BUFx4f_ASAP7_75t_R)
  16.00  256.66 v _35518_/Y (INVx4_ASAP7_75t_R)
  39.55  296.21 ^ _35569_/Y (NOR2x2_ASAP7_75t_R)
  23.53  319.73 v _35586_/Y (NAND2x2_ASAP7_75t_R)
  28.20  347.94 ^ _35587_/Y (NAND3x1_ASAP7_75t_R)
  20.12  368.06 v _35588_/Y (NOR2x1_ASAP7_75t_R)
  23.21  391.27 ^ _35602_/Y (NAND2x1_ASAP7_75t_R)
  18.32  409.59 v _35603_/Y (NOR2x1_ASAP7_75t_R)
  25.49  435.08 ^ _35604_/Y (NAND2x1_ASAP7_75t_R)
  34.62  469.71 v _35605_/Y (NOR2x2_ASAP7_75t_R)
  29.27  498.98 ^ _38438_/Y (AOI21x1_ASAP7_75t_R)
  25.06  524.03 v _38439_/Y (INVx1_ASAP7_75t_R)
  44.32  568.35 ^ _38441_/Y (NAND2x2_ASAP7_75t_R)
  32.90  601.26 v _38445_/Y (INVx2_ASAP7_75t_R)
  25.72  626.97 ^ _38575_/Y (AOI21x1_ASAP7_75t_R)
  17.48  644.46 v _38582_/Y (OAI21x1_ASAP7_75t_R)
  24.63  669.09 ^ _38583_/Y (NAND2x1_ASAP7_75t_R)
  42.37  711.46 v _38585_/Y (XOR2x2_ASAP7_75t_R)
   0.00  711.46 v _44120_/D (DFFLQNx3_ASAP7_75t_R)
         711.46   data arrival time

  10.00   10.00   clock clk' (fall edge)
   0.00   10.00   clock network delay (ideal)
   0.00   10.00   clock reconvergence pessimism
          10.00 v _44120_/CLK (DFFLQNx3_ASAP7_75t_R)
 -17.49   -7.49   library setup time
          -7.49   data required time
---------------------------------------------------------
          -7.49   data required time
        -711.46   data arrival time
---------------------------------------------------------
        -718.95   slack (VIOLATED)


Startpoint: _44160_ (falling edge-triggered flip-flop clocked by clk')
Endpoint: _44093_ (falling edge-triggered flip-flop clocked by clk')
Path Group: clk
Path Type: max

  Delay    Time   Description
---------------------------------------------------------
   0.00    0.00   clock clk' (fall edge)
   0.00    0.00   clock network delay (ideal)
   0.00    0.00 v _44160_/CLK (DFFLQNx3_ASAP7_75t_R)
 119.73  119.73 v _44160_/QN (DFFLQNx3_ASAP7_75t_R)
  46.42  166.15 v rebuffer1300/Y (BUFx12f_ASAP7_75t_R)
  29.18  195.33 v rebuffer1303/Y (BUFx6f_ASAP7_75t_R)
  21.87  217.20 ^ _39552_/Y (NOR2x2_ASAP7_75t_R)
  36.31  253.51 ^ rebuffer1250/Y (BUFx12f_ASAP7_75t_R)
  24.93  278.43 v _39553_/Y (NAND2x2_ASAP7_75t_R)
  33.30  311.74 v rebuffer2316/Y (BUFx6f_ASAP7_75t_R)
  35.96  347.70 v _41065_/Y (AO21x1_ASAP7_75t_R)
  34.44  382.14 v _41744_/Y (AND2x2_ASAP7_75t_R)
  19.03  401.17 ^ _41747_/Y (NAND3x1_ASAP7_75t_R)
  26.14  427.31 v _41754_/Y (NOR2x1_ASAP7_75t_R)
  21.98  449.29 ^ _41763_/Y (NAND2x2_ASAP7_75t_R)
  18.00  467.30 v _41764_/Y (NOR2x2_ASAP7_75t_R)
  46.02  513.31 ^ _41765_/Y (NAND2x2_ASAP7_75t_R)
  33.64  546.96 v _41766_/Y (INVx2_ASAP7_75t_R)
  17.57  564.52 ^ _43047_/Y (OAI21x1_ASAP7_75t_R)
  23.91  588.43 v _43049_/Y (NAND2x1_ASAP7_75t_R)
  27.38  615.81 ^ _43050_/Y (INVx1_ASAP7_75t_R)
  23.31  639.13 v _43051_/Y (AOI21x1_ASAP7_75t_R)
  19.64  658.77 ^ _43052_/Y (INVx1_ASAP7_75t_R)
  17.53  676.30 v _43054_/Y (AOI21x1_ASAP7_75t_R)
  21.14  697.44 ^ _43056_/Y (OAI21x1_ASAP7_75t_R)
  13.89  711.33 v _43061_/Y (NAND2x1_ASAP7_75t_R)
   0.00  711.33 v _44093_/D (DFFLQNx2_ASAP7_75t_R)
         711.33   data arrival time

  10.00   10.00   clock clk' (fall edge)
   0.00   10.00   clock network delay (ideal)
   0.00   10.00   clock reconvergence pessimism
          10.00 v _44093_/CLK (DFFLQNx2_ASAP7_75t_R)
 -17.51   -7.51   library setup time
          -7.51   data required time
---------------------------------------------------------
          -7.51   data required time
        -711.33   data arrival time
---------------------------------------------------------
        -718.84   slack (VIOLATED)


Startpoint: _44089_ (falling edge-triggered flip-flop clocked by clk')
Endpoint: _44191_ (falling edge-triggered flip-flop clocked by clk')
Path Group: clk
Path Type: max

  Delay    Time   Description
---------------------------------------------------------
   0.00    0.00   clock clk' (fall edge)
   0.00    0.00   clock network delay (ideal)
   0.00    0.00 v _44089_/CLK (DFFLQNx3_ASAP7_75t_R)
 110.12  110.12 v _44089_/QN (DFFLQNx3_ASAP7_75t_R)
  42.52  152.64 v rebuffer642/Y (BUFx6f_ASAP7_75t_R)
  34.34  186.98 v rebuffer647/Y (BUFx2_ASAP7_75t_R)
  19.21  206.19 ^ _26448_/Y (NAND2x2_ASAP7_75t_R)
  34.10  240.29 ^ rebuffer3127/Y (BUFx12f_ASAP7_75t_R)
  16.91  257.20 v _26449_/Y (CKINVDCx10_ASAP7_75t_R)
  32.90  290.10 ^ _26505_/Y (NAND2x2_ASAP7_75t_R)
  33.31  323.41 ^ rebuffer1604/Y (BUFx6f_ASAP7_75t_R)
  31.61  355.02 ^ _28376_/Y (AO21x1_ASAP7_75t_R)
  36.76  391.78 ^ _29424_/Y (AND3x1_ASAP7_75t_R)
  29.99  421.77 ^ _29425_/Y (AND2x2_ASAP7_75t_R)
  18.33  440.10 v _29435_/Y (NAND2x1_ASAP7_75t_R)
  28.09  468.19 ^ _29452_/Y (NOR2x2_ASAP7_75t_R)
  22.12  490.31 v _29484_/Y (NAND2x2_ASAP7_75t_R)
  36.12  526.43 ^ _29485_/Y (NOR2x2_ASAP7_75t_R)
  56.81  583.24 v _30258_/Y (XOR2x2_ASAP7_75t_R)
  24.06  607.29 ^ _30260_/Y (INVx2_ASAP7_75t_R)
  22.11  629.40 v _30261_/Y (NAND2x1_ASAP7_75t_R)
  23.15  652.55 ^ _30271_/Y (AOI21x1_ASAP7_75t_R)
  16.89  669.44 v _30273_/Y (OAI21x1_ASAP7_75t_R)
  21.11  690.55 ^ _30274_/Y (AOI21x1_ASAP7_75t_R)
  19.84  710.39 v _30275_/Y (NOR2x1_ASAP7_75t_R)
   0.00  710.39 v _44191_/D (DFFLQNx2_ASAP7_75t_R)
         710.39   data arrival time

  10.00   10.00   clock clk' (fall edge)
   0.00   10.00   clock network delay (ideal)
   0.00   10.00   clock reconvergence pessimism
          10.00 v _44191_/CLK (DFFLQNx2_ASAP7_75t_R)
 -18.38   -8.38   library setup time
          -8.38   data required time
---------------------------------------------------------
          -8.38   data required time
        -710.39   data arrival time
---------------------------------------------------------
        -718.77   slack (VIOLATED)


Startpoint: _44153_ (falling edge-triggered flip-flop clocked by clk')
Endpoint: _44139_ (falling edge-triggered flip-flop clocked by clk')
Path Group: clk
Path Type: max

  Delay    Time   Description
---------------------------------------------------------
   0.00    0.00   clock clk' (fall edge)
   0.00    0.00   clock network delay (ideal)
   0.00    0.00 v _44153_/CLK (DFFLQNx3_ASAP7_75t_R)
 109.79  109.79 v _44153_/QN (DFFLQNx3_ASAP7_75t_R)
  43.57  153.36 v rebuffer931/Y (BUFx12f_ASAP7_75t_R)
  30.97  184.33 v rebuffer932/Y (BUFx12f_ASAP7_75t_R)
  43.33  227.66 ^ _35096_/Y (NOR2x2_ASAP7_75t_R)
  34.47  262.12 v _35130_/Y (INVx3_ASAP7_75t_R)
  35.40  297.52 ^ _35131_/Y (NOR2x2_ASAP7_75t_R)
  50.72  348.24 ^ _37161_/Y (OA21x2_ASAP7_75t_R)
  12.95  361.19 v _37162_/Y (INVx2_ASAP7_75t_R)
  16.34  377.53 ^ _37163_/Y (NAND2x1_ASAP7_75t_R)
  22.45  399.98 v _37167_/Y (NOR2x1_ASAP7_75t_R)
  27.66  427.64 ^ _37168_/Y (NAND2x2_ASAP7_75t_R)
  16.66  444.31 v _37169_/Y (INVx2_ASAP7_75t_R)
  20.60  464.90 ^ _37170_/Y (NAND2x2_ASAP7_75t_R)
  18.24  483.15 v _37171_/Y (NOR2x2_ASAP7_75t_R)
  32.85  516.00 ^ _37227_/Y (NAND2x2_ASAP7_75t_R)
  55.60  571.60 ^ _37228_/Y (XOR2x2_ASAP7_75t_R)
  37.65  609.25 ^ _37229_/Y (XOR2x1_ASAP7_75t_R)
  19.64  628.89 v _37230_/Y (NOR2x1_ASAP7_75t_R)
  26.93  655.82 ^ _37236_/Y (OAI21x1_ASAP7_75t_R)
  20.66  676.48 v _37237_/Y (INVx1_ASAP7_75t_R)
  20.48  696.96 ^ _37238_/Y (OAI21x1_ASAP7_75t_R)
  14.20  711.16 v _37241_/Y (NAND2x1_ASAP7_75t_R)
   0.00  711.16 v _44139_/D (DFFLQNx2_ASAP7_75t_R)
         711.16   data arrival time

  10.00   10.00   clock clk' (fall edge)
   0.00   10.00   clock network delay (ideal)
   0.00   10.00   clock reconvergence pessimism
          10.00 v _44139_/CLK (DFFLQNx2_ASAP7_75t_R)
 -17.60   -7.60   library setup time
          -7.60   data required time
---------------------------------------------------------
          -7.60   data required time
        -711.16   data arrival time
---------------------------------------------------------
        -718.76   slack (VIOLATED)


Startpoint: _44088_ (falling edge-triggered flip-flop clocked by clk')
Endpoint: _44181_ (falling edge-triggered flip-flop clocked by clk')
Path Group: clk
Path Type: max

  Delay    Time   Description
---------------------------------------------------------
   0.00    0.00   clock clk' (fall edge)
   0.00    0.00   clock network delay (ideal)
   0.00    0.00 v _44088_/CLK (DFFLQNx3_ASAP7_75t_R)
 112.85  112.85 v _44088_/QN (DFFLQNx3_ASAP7_75t_R)
  44.92  157.77 v rebuffer981/Y (BUFx6f_ASAP7_75t_R)
  37.40  195.17 ^ _26469_/Y (NOR2x2_ASAP7_75t_R)
  38.49  233.66 ^ rebuffer2310/Y (BUFx6f_ASAP7_75t_R)
  30.85  264.51 ^ rebuffer2059/Y (BUFx2_ASAP7_75t_R)
  24.91  289.41 v _26593_/Y (NAND2x2_ASAP7_75t_R)
  44.82  334.24 v _27966_/Y (AO21x1_ASAP7_75t_R)
  32.31  366.54 ^ _29132_/Y (NAND2x1_ASAP7_75t_R)
  25.51  392.06 v _29136_/Y (NOR2x1_ASAP7_75t_R)
  20.38  412.44 ^ _29137_/Y (NAND2x1_ASAP7_75t_R)
  22.54  434.97 v _29138_/Y (NOR2x1_ASAP7_75t_R)
  23.92  458.89 ^ _29139_/Y (NAND2x2_ASAP7_75t_R)
  24.93  483.83 v _29140_/Y (NOR2x2_ASAP7_75t_R)
  38.03  521.86 ^ _29141_/Y (NAND2x2_ASAP7_75t_R)
  37.87  559.73 ^ rebuffer2526/Y (BUFx6f_ASAP7_75t_R)
  15.28  575.01 v _30372_/Y (NOR2x1_ASAP7_75t_R)
  29.84  604.85 ^ _30374_/Y (OAI21x1_ASAP7_75t_R)
  19.01  623.86 v _30377_/Y (NAND3x1_ASAP7_75t_R)
  26.53  650.39 ^ _30378_/Y (AOI21x1_ASAP7_75t_R)
  19.51  669.91 v _30379_/Y (INVx1_ASAP7_75t_R)
  20.28  690.19 ^ _30380_/Y (AOI21x1_ASAP7_75t_R)
  19.97  710.16 v _30382_/Y (NOR2x1_ASAP7_75t_R)
   0.00  710.16 v _44181_/D (DFFLQNx2_ASAP7_75t_R)
         710.16   data arrival time

  10.00   10.00   clock clk' (fall edge)
   0.00   10.00   clock network delay (ideal)
   0.00   10.00   clock reconvergence pessimism
          10.00 v _44181_/CLK (DFFLQNx2_ASAP7_75t_R)
 -18.42   -8.42   library setup time
          -8.42   data required time
---------------------------------------------------------
          -8.42   data required time
        -710.16   data arrival time
---------------------------------------------------------
        -718.58   slack (VIOLATED)


Startpoint: _44185_ (falling edge-triggered flip-flop clocked by clk')
Endpoint: _44160_ (falling edge-triggered flip-flop clocked by clk')
Path Group: clk
Path Type: max

  Delay    Time   Description
---------------------------------------------------------
   0.00    0.00   clock clk' (fall edge)
   0.00    0.00   clock network delay (ideal)
   0.00    0.00 v _44185_/CLK (DFFLQNx3_ASAP7_75t_R)
 112.52  112.52 v _44185_/QN (DFFLQNx3_ASAP7_75t_R)
  39.43  151.95 v rebuffer1055/Y (BUFx12f_ASAP7_75t_R)
  28.73  180.68 v rebuffer1056/Y (BUFx12f_ASAP7_75t_R)
  29.04  209.72 ^ _30469_/Y (NOR2x2_ASAP7_75t_R)
  43.93  253.65 ^ rebuffer794/Y (BUFx3_ASAP7_75t_R)
  32.08  285.72 ^ rebuffer795/Y (BUFx4f_ASAP7_75t_R)
  25.12  310.84 v _30541_/Y (NAND2x2_ASAP7_75t_R)
  42.24  353.08 v _30543_/Y (AO21x1_ASAP7_75t_R)
  19.97  373.05 ^ _30544_/Y (NAND2x1_ASAP7_75t_R)
  18.01  391.07 v _30545_/Y (NOR2x1_ASAP7_75t_R)
  23.15  414.22 ^ _30557_/Y (NAND2x1_ASAP7_75t_R)
  22.86  437.08 v _30586_/Y (NOR2x1_ASAP7_75t_R)
  24.28  461.36 ^ _30587_/Y (NAND2x2_ASAP7_75t_R)
  27.66  489.02 v _30672_/Y (NOR2x2_ASAP7_75t_R)
  47.12  536.14 ^ _30673_/Y (NAND2x2_ASAP7_75t_R)
  25.86  562.00 v _31570_/Y (INVx2_ASAP7_75t_R)
  18.05  580.05 ^ _34201_/Y (NAND2x1_ASAP7_75t_R)
  41.41  621.46 ^ _34206_/Y (AO21x2_ASAP7_75t_R)
  32.12  653.58 ^ _34210_/Y (AO21x1_ASAP7_75t_R)
  15.47  669.05 v _34211_/Y (AOI21x1_ASAP7_75t_R)
  27.27  696.31 ^ _34212_/Y (OAI21x1_ASAP7_75t_R)
  14.53  710.84 v _34220_/Y (NAND2x2_ASAP7_75t_R)
   0.00  710.84 v _44160_/D (DFFLQNx3_ASAP7_75t_R)
         710.84   data arrival time

  10.00   10.00   clock clk' (fall edge)
   0.00   10.00   clock network delay (ideal)
   0.00   10.00   clock reconvergence pessimism
          10.00 v _44160_/CLK (DFFLQNx3_ASAP7_75t_R)
 -17.70   -7.70   library setup time
          -7.70   data required time
---------------------------------------------------------
          -7.70   data required time
        -710.84   data arrival time
---------------------------------------------------------
        -718.53   slack (VIOLATED)


Startpoint: _44153_ (falling edge-triggered flip-flop clocked by clk')
Endpoint: _44112_ (falling edge-triggered flip-flop clocked by clk')
Path Group: clk
Path Type: max

  Delay    Time   Description
---------------------------------------------------------
   0.00    0.00   clock clk' (fall edge)
   0.00    0.00   clock network delay (ideal)
   0.00    0.00 v _44153_/CLK (DFFLQNx3_ASAP7_75t_R)
 109.79  109.79 v _44153_/QN (DFFLQNx3_ASAP7_75t_R)
  43.57  153.36 v rebuffer931/Y (BUFx12f_ASAP7_75t_R)
  30.97  184.33 v rebuffer932/Y (BUFx12f_ASAP7_75t_R)
  43.33  227.66 ^ _35096_/Y (NOR2x2_ASAP7_75t_R)
  44.08  271.73 ^ rebuffer884/Y (BUFx6f_ASAP7_75t_R)
  18.24  289.98 v _35114_/Y (NAND2x2_ASAP7_75t_R)
  37.21  327.18 v _36191_/Y (AO21x1_ASAP7_75t_R)
  19.70  346.88 ^ _38394_/Y (NAND2x1_ASAP7_75t_R)
  18.19  365.07 v _38397_/Y (NOR2x1_ASAP7_75t_R)
  23.08  388.15 ^ _38400_/Y (NAND2x1_ASAP7_75t_R)
  18.15  406.30 v _38401_/Y (INVx1_ASAP7_75t_R)
  18.25  424.54 ^ _38413_/Y (NAND2x1_ASAP7_75t_R)
  24.25  448.79 v _38414_/Y (NOR2x1_ASAP7_75t_R)
  26.92  475.72 ^ _38415_/Y (NAND2x2_ASAP7_75t_R)
  30.13  505.85 ^ rebuffer1808/Y (BUFx12f_ASAP7_75t_R)
  44.28  550.13 v _38416_/Y (XOR2x2_ASAP7_75t_R)
  42.11  592.24 v _38752_/Y (XOR2x1_ASAP7_75t_R)
  40.62  632.86 v _38754_/Y (XOR2x1_ASAP7_75t_R)
  38.37  671.24 v _38756_/Y (AO21x1_ASAP7_75t_R)
  38.79  710.02 v _38757_/Y (XOR2x1_ASAP7_75t_R)
   0.00  710.02 v _44112_/D (DFFLQNx3_ASAP7_75t_R)
         710.02   data arrival time

  10.00   10.00   clock clk' (fall edge)
   0.00   10.00   clock network delay (ideal)
   0.00   10.00   clock reconvergence pessimism
          10.00 v _44112_/CLK (DFFLQNx3_ASAP7_75t_R)
 -18.51   -8.51   library setup time
          -8.51   data required time
---------------------------------------------------------
          -8.51   data required time
        -710.02   data arrival time
---------------------------------------------------------
        -718.53   slack (VIOLATED)


Startpoint: _44193_ (falling edge-triggered flip-flop clocked by clk')
Endpoint: _44140_ (falling edge-triggered flip-flop clocked by clk')
Path Group: clk
Path Type: max

  Delay    Time   Description
---------------------------------------------------------
   0.00    0.00   clock clk' (fall edge)
   0.00    0.00   clock network delay (ideal)
   0.00    0.00 v _44193_/CLK (DFFLQNx3_ASAP7_75t_R)
 109.79  109.79 v _44193_/QN (DFFLQNx3_ASAP7_75t_R)
  45.44  155.23 v rebuffer900/Y (BUFx12f_ASAP7_75t_R)
  33.26  188.49 v rebuffer901/Y (BUFx12f_ASAP7_75t_R)
  32.34  220.83 v rebuffer902/Y (BUFx3_ASAP7_75t_R)
  36.27  257.10 v rebuffer903/Y (BUFx2_ASAP7_75t_R)
  22.22  279.32 ^ _35379_/Y (NOR2x2_ASAP7_75t_R)
  36.10  315.43 ^ rebuffer2162/Y (BUFx2_ASAP7_75t_R)
  23.83  339.25 v _36060_/Y (OAI21x1_ASAP7_75t_R)
  44.89  384.15 v _37432_/Y (AND2x2_ASAP7_75t_R)
  22.44  406.59 ^ _37435_/Y (NAND3x1_ASAP7_75t_R)
  27.93  434.52 v _37447_/Y (NOR2x1_ASAP7_75t_R)
  28.84  463.37 ^ _37448_/Y (NAND2x2_ASAP7_75t_R)
  32.79  496.16 v _37483_/Y (NOR2x2_ASAP7_75t_R)
  70.61  566.77 ^ _37484_/Y (XOR2x2_ASAP7_75t_R)
  67.40  634.16 v _37485_/Y (XNOR2x2_ASAP7_75t_R)
  17.55  651.71 ^ _37563_/Y (INVx2_ASAP7_75t_R)
  14.56  666.27 v _37564_/Y (NAND2x1_ASAP7_75t_R)
  18.68  684.95 ^ _37565_/Y (AOI21x1_ASAP7_75t_R)
  18.17  703.12 v _37567_/Y (OAI21x1_ASAP7_75t_R)
  19.89  723.00 ^ _37573_/Y (NAND2x1_ASAP7_75t_R)
   0.00  723.00 ^ _44140_/D (DFFLQNx2_ASAP7_75t_R)
         723.00   data arrival time

  10.00   10.00   clock clk' (fall edge)
   0.00   10.00   clock network delay (ideal)
   0.00   10.00   clock reconvergence pessimism
          10.00 v _44140_/CLK (DFFLQNx2_ASAP7_75t_R)
  -5.20    4.80   library setup time
           4.80   data required time
---------------------------------------------------------
           4.80   data required time
        -723.00   data arrival time
---------------------------------------------------------
        -718.20   slack (VIOLATED)


Startpoint: _44185_ (falling edge-triggered flip-flop clocked by clk')
Endpoint: _44165_ (falling edge-triggered flip-flop clocked by clk')
Path Group: clk
Path Type: max

  Delay    Time   Description
---------------------------------------------------------
   0.00    0.00   clock clk' (fall edge)
   0.00    0.00   clock network delay (ideal)
   0.00    0.00 v _44185_/CLK (DFFLQNx3_ASAP7_75t_R)
 112.52  112.52 v _44185_/QN (DFFLQNx3_ASAP7_75t_R)
  39.43  151.95 v rebuffer1055/Y (BUFx12f_ASAP7_75t_R)
  28.73  180.68 v rebuffer1056/Y (BUFx12f_ASAP7_75t_R)
  29.04  209.72 ^ _30469_/Y (NOR2x2_ASAP7_75t_R)
  43.93  253.65 ^ rebuffer794/Y (BUFx3_ASAP7_75t_R)
  32.08  285.72 ^ rebuffer795/Y (BUFx4f_ASAP7_75t_R)
  25.12  310.84 v _30541_/Y (NAND2x2_ASAP7_75t_R)
  41.97  352.81 v _33194_/Y (AO21x1_ASAP7_75t_R)
  19.69  372.51 ^ _33364_/Y (NAND2x1_ASAP7_75t_R)
  19.87  392.37 v _33367_/Y (NOR2x1_ASAP7_75t_R)
  25.32  417.69 ^ _33372_/Y (NAND2x1_ASAP7_75t_R)
  17.64  435.33 v _33373_/Y (INVx1_ASAP7_75t_R)
  18.06  453.39 ^ _33374_/Y (NAND2x1_ASAP7_75t_R)
  26.31  479.71 v _33391_/Y (NOR2x1_ASAP7_75t_R)
  28.43  508.14 ^ _33392_/Y (NAND2x2_ASAP7_75t_R)
  38.67  546.81 v _33393_/Y (NOR2x2_ASAP7_75t_R)
  26.05  572.87 ^ _33466_/Y (NOR2x2_ASAP7_75t_R)
  17.36  590.23 v _33629_/Y (INVx2_ASAP7_75t_R)
  27.71  617.94 ^ _34313_/Y (AOI21x1_ASAP7_75t_R)
  20.86  638.80 v _34316_/Y (OAI21x1_ASAP7_75t_R)
  19.78  658.58 ^ _34317_/Y (NAND2x1_ASAP7_75t_R)
  19.70  678.28 v _34319_/Y (OAI21x1_ASAP7_75t_R)
  30.96  709.24 v _34320_/Y (XNOR2x1_ASAP7_75t_R)
   0.00  709.24 v _44165_/D (DFFLQNx2_ASAP7_75t_R)
         709.24   data arrival time

  10.00   10.00   clock clk' (fall edge)
   0.00   10.00   clock network delay (ideal)
   0.00   10.00   clock reconvergence pessimism
          10.00 v _44165_/CLK (DFFLQNx2_ASAP7_75t_R)
 -18.94   -8.94   library setup time
          -8.94   data required time
---------------------------------------------------------
          -8.94   data required time
        -709.24   data arrival time
---------------------------------------------------------
        -718.18   slack (VIOLATED)


Startpoint: _44081_ (falling edge-triggered flip-flop clocked by clk')
Endpoint: _44111_ (falling edge-triggered flip-flop clocked by clk')
Path Group: clk
Path Type: max

  Delay    Time   Description
---------------------------------------------------------
   0.00    0.00   clock clk' (fall edge)
   0.00    0.00   clock network delay (ideal)
   0.00    0.00 v _44081_/CLK (DFFLQNx3_ASAP7_75t_R)
 124.32  124.32 v _44081_/QN (DFFLQNx3_ASAP7_75t_R)
  49.90  174.21 v rebuffer708/Y (BUFx2_ASAP7_75t_R)
  31.83  206.04 v rebuffer709/Y (BUFx2_ASAP7_75t_R)
  41.89  247.93 v _39244_/Y (AND2x6_ASAP7_75t_R)
  37.36  285.29 ^ _39256_/Y (NAND2x2_ASAP7_75t_R)
  48.65  333.93 ^ _39260_/Y (AO21x2_ASAP7_75t_R)
  15.84  349.77 v _39265_/Y (NAND2x1_ASAP7_75t_R)
  45.87  395.65 v _39271_/Y (OR3x1_ASAP7_75t_R)
  18.13  413.78 ^ _39272_/Y (NOR2x1_ASAP7_75t_R)
  20.27  434.04 v _39273_/Y (NAND2x1_ASAP7_75t_R)
  49.40  483.45 ^ _39359_/Y (NOR2x2_ASAP7_75t_R)
  69.02  552.47 v _42620_/Y (XOR2x2_ASAP7_75t_R)
  25.89  578.36 ^ _42621_/Y (INVx2_ASAP7_75t_R)
  22.89  601.25 v _42622_/Y (NOR2x2_ASAP7_75t_R)
  23.43  624.68 ^ _42724_/Y (OAI21x1_ASAP7_75t_R)
  36.34  661.02 ^ _42728_/Y (AO21x2_ASAP7_75t_R)
  15.15  676.16 v _42731_/Y (NAND2x1_ASAP7_75t_R)
  17.01  693.17 ^ _42732_/Y (NOR2x1_ASAP7_75t_R)
  16.57  709.74 v _42733_/Y (NOR2x1_ASAP7_75t_R)
   0.00  709.74 v _44111_/D (DFFLQNx2_ASAP7_75t_R)
         709.74   data arrival time

  10.00   10.00   clock clk' (fall edge)
   0.00   10.00   clock network delay (ideal)
   0.00   10.00   clock reconvergence pessimism
          10.00 v _44111_/CLK (DFFLQNx2_ASAP7_75t_R)
 -18.13   -8.13   library setup time
          -8.13   data required time
---------------------------------------------------------
          -8.13   data required time
        -709.74   data arrival time
---------------------------------------------------------
        -717.87   slack (VIOLATED)


Startpoint: _44193_ (falling edge-triggered flip-flop clocked by clk')
Endpoint: _44116_ (falling edge-triggered flip-flop clocked by clk')
Path Group: clk
Path Type: max

  Delay    Time   Description
---------------------------------------------------------
   0.00    0.00   clock clk' (fall edge)
   0.00    0.00   clock network delay (ideal)
   0.00    0.00 v _44193_/CLK (DFFLQNx3_ASAP7_75t_R)
 109.79  109.79 v _44193_/QN (DFFLQNx3_ASAP7_75t_R)
  45.44  155.23 v rebuffer900/Y (BUFx12f_ASAP7_75t_R)
  33.26  188.49 v rebuffer901/Y (BUFx12f_ASAP7_75t_R)
  32.34  220.83 v rebuffer902/Y (BUFx3_ASAP7_75t_R)
  36.27  257.10 v rebuffer903/Y (BUFx2_ASAP7_75t_R)
  22.22  279.32 ^ _35379_/Y (NOR2x2_ASAP7_75t_R)
  36.10  315.43 ^ rebuffer2162/Y (BUFx2_ASAP7_75t_R)
  23.83  339.25 v _36060_/Y (OAI21x1_ASAP7_75t_R)
  44.89  384.15 v _37432_/Y (AND2x2_ASAP7_75t_R)
  22.44  406.59 ^ _37435_/Y (NAND3x1_ASAP7_75t_R)
  27.93  434.52 v _37447_/Y (NOR2x1_ASAP7_75t_R)
  28.84  463.37 ^ _37448_/Y (NAND2x2_ASAP7_75t_R)
  32.79  496.16 v _37483_/Y (NOR2x2_ASAP7_75t_R)
  70.61  566.77 ^ _37484_/Y (XOR2x2_ASAP7_75t_R)
  37.93  604.69 ^ _38812_/Y (XOR2x1_ASAP7_75t_R)
  18.43  623.12 v _38815_/Y (NAND2x1_ASAP7_75t_R)
  25.04  648.16 ^ _38825_/Y (AOI21x1_ASAP7_75t_R)
  19.81  667.97 v _38826_/Y (INVx1_ASAP7_75t_R)
  20.09  688.07 ^ _38827_/Y (AOI21x1_ASAP7_75t_R)
  21.02  709.09 v _38829_/Y (NOR2x1_ASAP7_75t_R)
   0.00  709.09 v _44116_/D (DFFLQNx2_ASAP7_75t_R)
         709.09   data arrival time

  10.00   10.00   clock clk' (fall edge)
   0.00   10.00   clock network delay (ideal)
   0.00   10.00   clock reconvergence pessimism
          10.00 v _44116_/CLK (DFFLQNx2_ASAP7_75t_R)
 -18.60   -8.60   library setup time
          -8.60   data required time
---------------------------------------------------------
          -8.60   data required time
        -709.09   data arrival time
---------------------------------------------------------
        -717.69   slack (VIOLATED)


Startpoint: _44176_ (falling edge-triggered flip-flop clocked by clk')
Endpoint: _44199_ (falling edge-triggered flip-flop clocked by clk')
Path Group: clk
Path Type: max

  Delay    Time   Description
---------------------------------------------------------
   0.00    0.00   clock clk' (fall edge)
   0.00    0.00   clock network delay (ideal)
   0.00    0.00 v _44176_/CLK (DFFLQNx3_ASAP7_75t_R)
 133.62  133.62 v _44176_/QN (DFFLQNx3_ASAP7_75t_R)
  50.91  184.53 v rebuffer662/Y (BUFx12f_ASAP7_75t_R)
  16.48  201.01 ^ _26045_/Y (CKINVDCx20_ASAP7_75t_R)
  22.32  223.32 v _26112_/Y (NOR2x2_ASAP7_75t_R)
  37.99  261.32 v rebuffer1166/Y (BUFx2_ASAP7_75t_R)
  42.01  303.33 ^ _26327_/Y (NAND2x2_ASAP7_75t_R)
  53.31  356.64 ^ _26367_/Y (AO21x1_ASAP7_75t_R)
  19.69  376.33 v _26368_/Y (NAND2x1_ASAP7_75t_R)
  23.94  400.26 ^ _26372_/Y (NOR2x1_ASAP7_75t_R)
  17.49  417.75 v _26378_/Y (NAND2x1_ASAP7_75t_R)
  18.57  436.33 ^ _26389_/Y (NOR2x1_ASAP7_75t_R)
  20.17  456.50 v _26416_/Y (NAND2x1_ASAP7_75t_R)
  42.85  499.35 ^ _26417_/Y (NOR2x2_ASAP7_75t_R)
  42.91  542.25 ^ _29812_/Y (XNOR2x1_ASAP7_75t_R)
  50.64  592.90 v _29813_/Y (XOR2x2_ASAP7_75t_R)
  38.96  631.85 v _30100_/Y (XOR2x1_ASAP7_75t_R)
  38.32  670.17 v _30102_/Y (AO21x1_ASAP7_75t_R)
  38.01  708.17 v _30103_/Y (XOR2x1_ASAP7_75t_R)
   0.00  708.17 v _44199_/D (DFFLQNx2_ASAP7_75t_R)
         708.17   data arrival time

  10.00   10.00   clock clk' (fall edge)
   0.00   10.00   clock network delay (ideal)
   0.00   10.00   clock reconvergence pessimism
          10.00 v _44199_/CLK (DFFLQNx2_ASAP7_75t_R)
 -19.50   -9.50   library setup time
          -9.50   data required time
---------------------------------------------------------
          -9.50   data required time
        -708.17   data arrival time
---------------------------------------------------------
        -717.68   slack (VIOLATED)


Startpoint: _44187_ (falling edge-triggered flip-flop clocked by clk')
Endpoint: _44148_ (falling edge-triggered flip-flop clocked by clk')
Path Group: clk
Path Type: max

  Delay    Time   Description
---------------------------------------------------------
   0.00    0.00   clock clk' (fall edge)
   0.00    0.00   clock network delay (ideal)
   0.00    0.00 v _44187_/CLK (DFFLQNx3_ASAP7_75t_R)
 112.96  112.96 v _44187_/QN (DFFLQNx3_ASAP7_75t_R)
  39.57  152.53 v rebuffer3299/Y (BUFx3_ASAP7_75t_R)
  24.36  176.89 v rebuffer2940/Y (BUFx6f_ASAP7_75t_R)
  24.71  201.61 v clone2900/Y (BUFx6f_ASAP7_75t_R)
  28.17  229.77 v rebuffer1918/Y (BUFx3_ASAP7_75t_R)
  40.16  269.93 ^ _30448_/Y (NAND2x2_ASAP7_75t_R)
  41.31  311.24 ^ rebuffer2901/Y (BUFx6f_ASAP7_75t_R)
  32.08  343.32 ^ rebuffer1486/Y (BUFx2_ASAP7_75t_R)
  17.92  361.24 v _33991_/Y (AOI211x1_ASAP7_75t_R)
  22.12  383.36 ^ _33992_/Y (NOR2x1_ASAP7_75t_R)
  16.54  399.89 v _33993_/Y (NAND2x1_ASAP7_75t_R)
  19.16  419.06 ^ _33998_/Y (NOR2x1_ASAP7_75t_R)
  16.19  435.24 v _33999_/Y (NAND2x1_ASAP7_75t_R)
  29.22  464.46 ^ _34000_/Y (NOR2x1_ASAP7_75t_R)
  40.91  505.37 v _34039_/Y (NAND2x2_ASAP7_75t_R)
  22.28  527.65 ^ _34342_/Y (INVx8_ASAP7_75t_R)
  56.69  584.34 v _34429_/Y (XOR2x2_ASAP7_75t_R)
  23.02  607.36 ^ _34584_/Y (NOR2x1_ASAP7_75t_R)
  17.66  625.03 v _34591_/Y (OAI21x1_ASAP7_75t_R)
  25.58  650.61 ^ _34598_/Y (AOI21x1_ASAP7_75t_R)
  19.81  670.42 v _34599_/Y (INVx1_ASAP7_75t_R)
  20.09  690.51 ^ _34601_/Y (AOI21x1_ASAP7_75t_R)
  18.66  709.17 v _34603_/Y (NOR2x1_ASAP7_75t_R)
   0.00  709.17 v _44148_/D (DFFLQNx2_ASAP7_75t_R)
         709.17   data arrival time

  10.00   10.00   clock clk' (fall edge)
   0.00   10.00   clock network delay (ideal)
   0.00   10.00   clock reconvergence pessimism
          10.00 v _44148_/CLK (DFFLQNx2_ASAP7_75t_R)
 -18.12   -8.12   library setup time
          -8.12   data required time
---------------------------------------------------------
          -8.12   data required time
        -709.17   data arrival time
---------------------------------------------------------
        -717.29   slack (VIOLATED)


Startpoint: _44123_ (falling edge-triggered flip-flop clocked by clk')
Endpoint: _44096_ (falling edge-triggered flip-flop clocked by clk')
Path Group: clk
Path Type: max

  Delay    Time   Description
---------------------------------------------------------
   0.00    0.00   clock clk' (fall edge)
   0.00    0.00   clock network delay (ideal)
   0.00    0.00 v _44123_/CLK (DFFLQNx2_ASAP7_75t_R)
  91.64   91.64 v _44123_/QN (DFFLQNx2_ASAP7_75t_R)
  41.64  133.28 v rebuffer2108/Y (BUFx6f_ASAP7_75t_R)
  28.91  162.20 v rebuffer2109/Y (BUFx6f_ASAP7_75t_R)
  18.44  180.63 ^ _38882_/Y (NOR2x2_ASAP7_75t_R)
  39.93  220.56 ^ rebuffer695/Y (BUFx12f_ASAP7_75t_R)
  36.62  257.18 ^ rebuffer697/Y (BUFx2_ASAP7_75t_R)
  20.96  278.14 v _38917_/Y (NAND2x2_ASAP7_75t_R)
  32.92  311.06 v rebuffer2644/Y (BUFx3_ASAP7_75t_R)
  16.04  327.10 ^ _38919_/Y (NAND2x2_ASAP7_75t_R)
  18.39  345.49 v _38923_/Y (OAI21x1_ASAP7_75t_R)
  38.58  384.08 v _38932_/Y (AND2x2_ASAP7_75t_R)
  16.46  400.54 ^ _38947_/Y (NAND2x1_ASAP7_75t_R)
  19.68  420.22 v _38982_/Y (NOR2x1_ASAP7_75t_R)
  27.01  447.22 ^ _39038_/Y (NAND2x1_ASAP7_75t_R)
  31.63  478.86 v _39127_/Y (NOR2x2_ASAP7_75t_R)
  44.74  523.60 ^ _39128_/Y (NAND2x2_ASAP7_75t_R)
  28.04  551.64 v _39528_/Y (INVx2_ASAP7_75t_R)
  45.32  596.97 v _42761_/Y (XOR2x1_ASAP7_75t_R)
  22.75  619.71 ^ _42762_/Y (NAND2x1_ASAP7_75t_R)
  19.47  639.19 v _42763_/Y (AOI21x1_ASAP7_75t_R)
  18.05  657.23 ^ _42764_/Y (INVx1_ASAP7_75t_R)
  15.61  672.85 v _42766_/Y (AOI21x1_ASAP7_75t_R)
  21.15  693.99 ^ _42768_/Y (OAI21x1_ASAP7_75t_R)
  14.95  708.94 v _42774_/Y (NAND2x1_ASAP7_75t_R)
   0.00  708.94 v _44096_/D (DFFLQNx3_ASAP7_75t_R)
         708.94   data arrival time

  10.00   10.00   clock clk' (fall edge)
   0.00   10.00   clock network delay (ideal)
   0.00   10.00   clock reconvergence pessimism
          10.00 v _44096_/CLK (DFFLQNx3_ASAP7_75t_R)
 -18.23   -8.23   library setup time
          -8.23   data required time
---------------------------------------------------------
          -8.23   data required time
        -708.94   data arrival time
---------------------------------------------------------
        -717.17   slack (VIOLATED)


Startpoint: _44088_ (falling edge-triggered flip-flop clocked by clk')
Endpoint: _44205_ (falling edge-triggered flip-flop clocked by clk')
Path Group: clk
Path Type: max

  Delay    Time   Description
---------------------------------------------------------
   0.00    0.00   clock clk' (fall edge)
   0.00    0.00   clock network delay (ideal)
   0.00    0.00 v _44088_/CLK (DFFLQNx3_ASAP7_75t_R)
 112.85  112.85 v _44088_/QN (DFFLQNx3_ASAP7_75t_R)
  44.92  157.77 v rebuffer981/Y (BUFx6f_ASAP7_75t_R)
  37.40  195.17 ^ _26469_/Y (NOR2x2_ASAP7_75t_R)
  38.49  233.66 ^ rebuffer2310/Y (BUFx6f_ASAP7_75t_R)
  30.85  264.51 ^ rebuffer2059/Y (BUFx2_ASAP7_75t_R)
  24.91  289.41 v _26593_/Y (NAND2x2_ASAP7_75t_R)
  44.82  334.24 v _27966_/Y (AO21x1_ASAP7_75t_R)
  32.31  366.54 ^ _29132_/Y (NAND2x1_ASAP7_75t_R)
  25.51  392.06 v _29136_/Y (NOR2x1_ASAP7_75t_R)
  20.38  412.44 ^ _29137_/Y (NAND2x1_ASAP7_75t_R)
  22.54  434.97 v _29138_/Y (NOR2x1_ASAP7_75t_R)
  23.92  458.89 ^ _29139_/Y (NAND2x2_ASAP7_75t_R)
  24.93  483.83 v _29140_/Y (NOR2x2_ASAP7_75t_R)
  38.03  521.86 ^ _29141_/Y (NAND2x2_ASAP7_75t_R)
  37.87  559.73 ^ rebuffer2526/Y (BUFx6f_ASAP7_75t_R)
  16.40  576.13 v _29254_/Y (NOR2x1_ASAP7_75t_R)
  25.40  601.53 ^ _29265_/Y (OAI21x1_ASAP7_75t_R)
  21.73  623.26 v _29337_/Y (NAND3x1_ASAP7_75t_R)
  26.21  649.47 ^ _29339_/Y (AOI21x1_ASAP7_75t_R)
  19.51  668.99 v _29340_/Y (INVx1_ASAP7_75t_R)
  20.28  689.26 ^ _29341_/Y (AOI21x1_ASAP7_75t_R)
  19.55  708.82 v _29343_/Y (NOR2x1_ASAP7_75t_R)
   0.00  708.82 v _44205_/D (DFFLQNx2_ASAP7_75t_R)
         708.82   data arrival time

  10.00   10.00   clock clk' (fall edge)
   0.00   10.00   clock network delay (ideal)
   0.00   10.00   clock reconvergence pessimism
          10.00 v _44205_/CLK (DFFLQNx2_ASAP7_75t_R)
 -18.31   -8.31   library setup time
          -8.31   data required time
---------------------------------------------------------
          -8.31   data required time
        -708.82   data arrival time
---------------------------------------------------------
        -717.13   slack (VIOLATED)


Startpoint: _44097_ (falling edge-triggered flip-flop clocked by clk')
Endpoint: _44161_ (falling edge-triggered flip-flop clocked by clk')
Path Group: clk
Path Type: max

  Delay    Time   Description
---------------------------------------------------------
   0.00    0.00   clock clk' (fall edge)
   0.00    0.00   clock network delay (ideal)
   0.00    0.00 v _44097_/CLK (DFFLQNx3_ASAP7_75t_R)
 125.00  125.00 v _44097_/QN (DFFLQNx3_ASAP7_75t_R)
  48.66  173.66 v rebuffer1063/Y (BUFx12f_ASAP7_75t_R)
  36.20  209.86 v rebuffer1066/Y (BUFx2_ASAP7_75t_R)
  20.08  229.94 ^ _31134_/Y (NOR2x2_ASAP7_75t_R)
  53.87  283.80 ^ clone3293/Y (BUFx4_ASAP7_75t_R)
  26.14  309.94 v _31179_/Y (NAND2x2_ASAP7_75t_R)
  45.03  354.97 v _31315_/Y (AO21x1_ASAP7_75t_R)
  24.98  379.96 ^ _31320_/Y (NAND3x1_ASAP7_75t_R)
  19.94  399.90 v _31328_/Y (NOR2x1_ASAP7_75t_R)
  22.54  422.44 ^ _31329_/Y (NAND2x1_ASAP7_75t_R)
  17.99  440.43 v _31330_/Y (NOR2x1_ASAP7_75t_R)
  28.09  468.52 ^ _31331_/Y (NAND2x1_ASAP7_75t_R)
  30.80  499.32 v _31332_/Y (NOR2x2_ASAP7_75t_R)
  34.91  534.23 ^ _31333_/Y (NAND2x2_ASAP7_75t_R)
  57.73  591.96 v _34225_/Y (XOR2x2_ASAP7_75t_R)
  42.54  634.50 v _34226_/Y (XOR2x1_ASAP7_75t_R)
  20.74  655.24 ^ _34229_/Y (NAND2x1_ASAP7_75t_R)
  20.98  676.22 v _34237_/Y (AOI21x1_ASAP7_75t_R)
  31.33  707.55 v _34238_/Y (XNOR2x1_ASAP7_75t_R)
   0.00  707.55 v _44161_/D (DFFLQNx3_ASAP7_75t_R)
         707.55   data arrival time

  10.00   10.00   clock clk' (fall edge)
   0.00   10.00   clock network delay (ideal)
   0.00   10.00   clock reconvergence pessimism
          10.00 v _44161_/CLK (DFFLQNx3_ASAP7_75t_R)
 -18.94   -8.94   library setup time
          -8.94   data required time
---------------------------------------------------------
          -8.94   data required time
        -707.55   data arrival time
---------------------------------------------------------
        -716.49   slack (VIOLATED)


Startpoint: _44145_ (falling edge-triggered flip-flop clocked by clk')
Endpoint: _44168_ (falling edge-triggered flip-flop clocked by clk')
Path Group: clk
Path Type: max

  Delay    Time   Description
---------------------------------------------------------
   0.00    0.00   clock clk' (fall edge)
   0.00    0.00   clock network delay (ideal)
   0.00    0.00 v _44145_/CLK (DFFLQNx3_ASAP7_75t_R)
 114.90  114.90 v _44145_/QN (DFFLQNx3_ASAP7_75t_R)
  42.74  157.64 v rebuffer3315/Y (BUFx6f_ASAP7_75t_R)
  36.51  194.15 v rebuffer1211/Y (BUFx12f_ASAP7_75t_R)
  15.29  209.44 ^ _30715_/Y (CKINVDCx20_ASAP7_75t_R)
  28.38  237.82 v _30716_/Y (NOR2x2_ASAP7_75t_R)
  39.96  277.78 ^ _30773_/Y (NAND2x2_ASAP7_75t_R)
  35.64  313.42 ^ rebuffer3294/Y (BUFx6f_ASAP7_75t_R)
  13.25  326.67 v _30812_/Y (INVx6_ASAP7_75t_R)
  40.73  367.39 v _30814_/Y (OA21x2_ASAP7_75t_R)
  18.03  385.43 ^ _30815_/Y (NOR2x1_ASAP7_75t_R)
  16.45  401.87 v _30816_/Y (NAND2x1_ASAP7_75t_R)
  22.89  424.77 ^ _30817_/Y (NOR2x1_ASAP7_75t_R)
  18.19  442.96 v _30818_/Y (NAND2x2_ASAP7_75t_R)
  18.23  461.19 ^ _30819_/Y (NOR2x2_ASAP7_75t_R)
  19.33  480.52 v _30939_/Y (NAND2x2_ASAP7_75t_R)
  37.15  517.67 v rebuffer3318/Y (BUFx2_ASAP7_75t_R)
  26.84  544.51 ^ _31061_/Y (NOR3x2_ASAP7_75t_R)
  33.23  577.73 v _31062_/Y (NOR2x2_ASAP7_75t_R)
  24.45  602.18 ^ _31063_/Y (NAND2x1_ASAP7_75t_R)
  20.69  622.87 v _31569_/Y (AOI21x1_ASAP7_75t_R)
  28.04  650.91 ^ _31575_/Y (OAI21x1_ASAP7_75t_R)
  17.65  668.56 v _31576_/Y (NAND2x2_ASAP7_75t_R)
  37.32  705.87 v _31577_/Y (XOR2x1_ASAP7_75t_R)
   0.00  705.87 v _44168_/D (DFFLQNx3_ASAP7_75t_R)
         705.87   data arrival time

  10.00   10.00   clock clk' (fall edge)
   0.00   10.00   clock network delay (ideal)
   0.00   10.00   clock reconvergence pessimism
          10.00 v _44168_/CLK (DFFLQNx3_ASAP7_75t_R)
 -20.45  -10.45   library setup time
         -10.45   data required time
---------------------------------------------------------
         -10.45   data required time
        -705.87   data arrival time
---------------------------------------------------------
        -716.32   slack (VIOLATED)


Startpoint: _44176_ (falling edge-triggered flip-flop clocked by clk')
Endpoint: _44184_ (falling edge-triggered flip-flop clocked by clk')
Path Group: clk
Path Type: max

  Delay    Time   Description
---------------------------------------------------------
   0.00    0.00   clock clk' (fall edge)
   0.00    0.00   clock network delay (ideal)
   0.00    0.00 v _44176_/CLK (DFFLQNx3_ASAP7_75t_R)
 133.62  133.62 v _44176_/QN (DFFLQNx3_ASAP7_75t_R)
  50.91  184.53 v rebuffer662/Y (BUFx12f_ASAP7_75t_R)
  16.48  201.01 ^ _26045_/Y (CKINVDCx20_ASAP7_75t_R)
  22.32  223.32 v _26112_/Y (NOR2x2_ASAP7_75t_R)
  34.43  257.75 v rebuffer1163/Y (BUFx12f_ASAP7_75t_R)
  30.27  288.02 v rebuffer1165/Y (BUFx3_ASAP7_75t_R)
  15.59  303.61 ^ _26257_/Y (NOR2x2_ASAP7_75t_R)
  15.56  319.17 v _26258_/Y (INVx2_ASAP7_75t_R)
  20.80  339.97 ^ _26259_/Y (NOR2x1_ASAP7_75t_R)
  20.38  360.35 v _26262_/Y (NOR2x1_ASAP7_75t_R)
  20.18  380.53 ^ _26267_/Y (NAND2x1_ASAP7_75t_R)
  22.51  403.04 v _26278_/Y (NOR2x1_ASAP7_75t_R)
  24.05  427.09 ^ _26715_/Y (NAND3x1_ASAP7_75t_R)
  27.80  454.89 v _26716_/Y (NOR2x1_ASAP7_75t_R)
  32.38  487.27 ^ _26717_/Y (NAND2x2_ASAP7_75t_R)
  39.54  526.81 v _29908_/Y (NOR2x2_ASAP7_75t_R)
  45.29  572.09 v _30111_/Y (XOR2x1_ASAP7_75t_R)
  33.94  606.03 ^ _30112_/Y (NAND2x1_ASAP7_75t_R)
  23.83  629.86 v _30113_/Y (AOI21x1_ASAP7_75t_R)
  19.38  649.24 ^ _30114_/Y (INVx1_ASAP7_75t_R)
  17.46  666.70 v _30116_/Y (AOI21x1_ASAP7_75t_R)
  26.44  693.14 ^ _30117_/Y (OAI21x1_ASAP7_75t_R)
  15.21  708.35 v _30126_/Y (NAND2x2_ASAP7_75t_R)
   0.00  708.35 v _44184_/D (DFFLQNx3_ASAP7_75t_R)
         708.35   data arrival time

  10.00   10.00   clock clk' (fall edge)
   0.00   10.00   clock network delay (ideal)
   0.00   10.00   clock reconvergence pessimism
          10.00 v _44184_/CLK (DFFLQNx3_ASAP7_75t_R)
 -17.45   -7.45   library setup time
          -7.45   data required time
---------------------------------------------------------
          -7.45   data required time
        -708.35   data arrival time
---------------------------------------------------------
        -715.80   slack (VIOLATED)


Startpoint: _44121_ (falling edge-triggered flip-flop clocked by clk')
Endpoint: _44102_ (falling edge-triggered flip-flop clocked by clk')
Path Group: clk
Path Type: max

  Delay    Time   Description
---------------------------------------------------------
   0.00    0.00   clock clk' (fall edge)
   0.00    0.00   clock network delay (ideal)
   0.00    0.00 v _44121_/CLK (DFFLQNx3_ASAP7_75t_R)
 123.00  123.00 v _44121_/QN (DFFLQNx3_ASAP7_75t_R)
  45.38  168.38 v rebuffer669/Y (BUFx6f_ASAP7_75t_R)
  39.89  208.27 v rebuffer670/Y (BUFx2_ASAP7_75t_R)
  43.75  252.01 v _38937_/Y (AND2x4_ASAP7_75t_R)
  49.89  301.91 ^ clone2621/Y (NAND2x1_ASAP7_75t_R)
  45.63  347.54 ^ _42187_/Y (AO21x1_ASAP7_75t_R)
  16.53  364.06 v _42188_/Y (OAI21x1_ASAP7_75t_R)
  47.37  411.43 v _42192_/Y (OR3x1_ASAP7_75t_R)
  18.13  429.56 ^ _42193_/Y (NOR2x1_ASAP7_75t_R)
  19.58  449.14 v _42194_/Y (NAND2x1_ASAP7_75t_R)
  44.69  493.83 ^ _42225_/Y (AOI211x1_ASAP7_75t_R)
  41.39  535.22 ^ rebuffer815/Y (BUFx6f_ASAP7_75t_R)
  26.82  562.04 ^ rebuffer816/Y (BUFx3_ASAP7_75t_R)
  17.29  579.33 v _42913_/Y (NOR2x1_ASAP7_75t_R)
  35.23  614.56 ^ _42915_/Y (OAI21x1_ASAP7_75t_R)
  20.59  635.15 v _42919_/Y (NAND3x2_ASAP7_75t_R)
  17.55  652.71 ^ _42920_/Y (INVx1_ASAP7_75t_R)
  15.76  668.46 v _42921_/Y (OAI21x1_ASAP7_75t_R)
  20.49  688.96 ^ _42922_/Y (AOI21x1_ASAP7_75t_R)
  18.69  707.65 v _42926_/Y (NOR2x1_ASAP7_75t_R)
   0.00  707.65 v _44102_/D (DFFLQNx2_ASAP7_75t_R)
         707.65   data arrival time

  10.00   10.00   clock clk' (fall edge)
   0.00   10.00   clock network delay (ideal)
   0.00   10.00   clock reconvergence pessimism
          10.00 v _44102_/CLK (DFFLQNx2_ASAP7_75t_R)
 -18.08   -8.08   library setup time
          -8.08   data required time
---------------------------------------------------------
          -8.08   data required time
        -707.65   data arrival time
---------------------------------------------------------
        -715.74   slack (VIOLATED)


Startpoint: _44153_ (falling edge-triggered flip-flop clocked by clk')
Endpoint: _44118_ (falling edge-triggered flip-flop clocked by clk')
Path Group: clk
Path Type: max

  Delay    Time   Description
---------------------------------------------------------
   0.00    0.00   clock clk' (fall edge)
   0.00    0.00   clock network delay (ideal)
   0.00    0.00 v _44153_/CLK (DFFLQNx3_ASAP7_75t_R)
 109.79  109.79 v _44153_/QN (DFFLQNx3_ASAP7_75t_R)
  43.57  153.36 v rebuffer931/Y (BUFx12f_ASAP7_75t_R)
  30.97  184.33 v rebuffer932/Y (BUFx12f_ASAP7_75t_R)
  43.33  227.66 ^ _35096_/Y (NOR2x2_ASAP7_75t_R)
  34.47  262.12 v _35130_/Y (INVx3_ASAP7_75t_R)
  35.40  297.52 ^ _35131_/Y (NOR2x2_ASAP7_75t_R)
  34.78  332.30 ^ rebuffer2016/Y (BUFx6f_ASAP7_75t_R)
  15.92  348.22 v _35134_/Y (OAI21x1_ASAP7_75t_R)
  29.34  377.56 ^ _37769_/Y (NAND2x1_ASAP7_75t_R)
  20.10  397.66 v _37770_/Y (AOI211x1_ASAP7_75t_R)
  35.84  433.50 ^ _37775_/Y (NAND2x1_ASAP7_75t_R)
  22.25  455.75 v _37785_/Y (NOR2x2_ASAP7_75t_R)
  25.67  481.42 ^ _37786_/Y (NAND2x2_ASAP7_75t_R)
  26.68  508.10 v _37787_/Y (AOI211x1_ASAP7_75t_R)
  45.34  553.44 v rebuffer1435/Y (BUFx6f_ASAP7_75t_R)
  22.09  575.53 ^ _37865_/Y (NOR2x2_ASAP7_75t_R)
  18.39  593.92 v _38838_/Y (OAI21x1_ASAP7_75t_R)
  23.35  617.27 ^ _38840_/Y (NAND2x1_ASAP7_75t_R)
  32.91  650.18 ^ _38842_/Y (AND2x2_ASAP7_75t_R)
  16.73  666.91 v _38844_/Y (OAI21x1_ASAP7_75t_R)
  38.94  705.85 v _38845_/Y (XOR2x1_ASAP7_75t_R)
   0.00  705.85 v _44118_/D (DFFLQNx2_ASAP7_75t_R)
         705.85   data arrival time

  10.00   10.00   clock clk' (fall edge)
   0.00   10.00   clock network delay (ideal)
   0.00   10.00   clock reconvergence pessimism
          10.00 v _44118_/CLK (DFFLQNx2_ASAP7_75t_R)
 -19.83   -9.83   library setup time
          -9.83   data required time
---------------------------------------------------------
          -9.83   data required time
        -705.85   data arrival time
---------------------------------------------------------
        -715.68   slack (VIOLATED)


Startpoint: _44106_ (falling edge-triggered flip-flop clocked by clk')
Endpoint: _44142_ (falling edge-triggered flip-flop clocked by clk')
Path Group: clk
Path Type: max

  Delay    Time   Description
---------------------------------------------------------
   0.00    0.00   clock clk' (fall edge)
   0.00    0.00   clock network delay (ideal)
   0.00    0.00 v _44106_/CLK (DFFLQNx2_ASAP7_75t_R)
 116.41  116.41 v _44106_/QN (DFFLQNx2_ASAP7_75t_R)
  53.65  170.05 v rebuffer2677/Y (BUFx3_ASAP7_75t_R)
  21.52  191.57 ^ _35627_/Y (NOR2x2_ASAP7_75t_R)
  37.00  228.57 ^ rebuffer1001/Y (BUFx12f_ASAP7_75t_R)
  19.34  247.91 v _35722_/Y (NAND2x2_ASAP7_75t_R)
  38.59  286.50 v rebuffer887/Y (BUFx2_ASAP7_75t_R)
  30.88  317.38 v rebuffer888/Y (BUFx2_ASAP7_75t_R)
  43.68  361.06 v _36777_/Y (AO21x2_ASAP7_75t_R)
  26.86  387.92 ^ _37910_/Y (NAND3x2_ASAP7_75t_R)
  22.15  410.06 v _37911_/Y (NOR2x2_ASAP7_75t_R)
  26.22  436.29 ^ _37917_/Y (NAND3x2_ASAP7_75t_R)
  26.97  463.25 v _37918_/Y (NOR2x2_ASAP7_75t_R)
  25.46  488.71 ^ _37952_/Y (NAND2x2_ASAP7_75t_R)
  41.91  530.62 v _37953_/Y (NOR2x2_ASAP7_75t_R)
  39.32  569.94 ^ _37954_/Y (NAND2x2_ASAP7_75t_R)
  39.68  609.62 ^ _38036_/Y (AO21x1_ASAP7_75t_R)
  16.84  626.46 v _38037_/Y (INVx1_ASAP7_75t_R)
  20.07  646.54 ^ _38180_/Y (OAI21x1_ASAP7_75t_R)
  18.88  665.42 v _38187_/Y (AOI21x1_ASAP7_75t_R)
  27.69  693.10 ^ _38188_/Y (OAI21x1_ASAP7_75t_R)
  14.57  707.68 v _38194_/Y (NAND2x2_ASAP7_75t_R)
   0.00  707.68 v _44142_/D (DFFLQNx2_ASAP7_75t_R)
         707.68   data arrival time

  10.00   10.00   clock clk' (fall edge)
   0.00   10.00   clock network delay (ideal)
   0.00   10.00   clock reconvergence pessimism
          10.00 v _44142_/CLK (DFFLQNx2_ASAP7_75t_R)
 -17.71   -7.71   library setup time
          -7.71   data required time
---------------------------------------------------------
          -7.71   data required time
        -707.68   data arrival time
---------------------------------------------------------
        -715.39   slack (VIOLATED)


Startpoint: _44088_ (falling edge-triggered flip-flop clocked by clk')
Endpoint: _44192_ (falling edge-triggered flip-flop clocked by clk')
Path Group: clk
Path Type: max

  Delay    Time   Description
---------------------------------------------------------
   0.00    0.00   clock clk' (fall edge)
   0.00    0.00   clock network delay (ideal)
   0.00    0.00 v _44088_/CLK (DFFLQNx3_ASAP7_75t_R)
 112.85  112.85 v _44088_/QN (DFFLQNx3_ASAP7_75t_R)
  44.92  157.77 v rebuffer981/Y (BUFx6f_ASAP7_75t_R)
  37.40  195.17 ^ _26469_/Y (NOR2x2_ASAP7_75t_R)
  37.70  232.87 ^ rebuffer1887/Y (BUFx6f_ASAP7_75t_R)
  19.08  251.95 v _26511_/Y (NAND2x2_ASAP7_75t_R)
  32.87  284.82 v rebuffer618/Y (BUFx6f_ASAP7_75t_R)
  28.34  313.16 v rebuffer617/Y (BUFx2_ASAP7_75t_R)
  34.63  347.79 v _26590_/Y (AO21x1_ASAP7_75t_R)
  19.79  367.58 ^ _26591_/Y (NAND2x1_ASAP7_75t_R)
  20.09  387.66 v _26597_/Y (NOR2x1_ASAP7_75t_R)
  19.61  407.27 ^ _26598_/Y (NAND2x1_ASAP7_75t_R)
  23.19  430.46 v _26599_/Y (NOR2x1_ASAP7_75t_R)
  22.31  452.77 ^ _26600_/Y (NAND2x2_ASAP7_75t_R)
  28.10  480.87 v _26703_/Y (NOR2x2_ASAP7_75t_R)
  40.29  521.16 ^ _26704_/Y (NAND2x2_ASAP7_75t_R)
  28.43  549.59 v _26705_/Y (INVx2_ASAP7_75t_R)
  21.61  571.20 ^ _29943_/Y (NAND2x1_ASAP7_75t_R)
  22.02  593.23 v _29944_/Y (AOI21x1_ASAP7_75t_R)
  43.22  636.45 v _29945_/Y (OA21x2_ASAP7_75t_R)
  24.79  661.24 ^ _29948_/Y (OAI21x1_ASAP7_75t_R)
  33.72  694.96 ^ _29952_/Y (AO21x1_ASAP7_75t_R)
  12.74  707.70 v _29953_/Y (NAND2x1_ASAP7_75t_R)
   0.00  707.70 v _44192_/D (DFFLQNx3_ASAP7_75t_R)
         707.70   data arrival time

  10.00   10.00   clock clk' (fall edge)
   0.00   10.00   clock network delay (ideal)
   0.00   10.00   clock reconvergence pessimism
          10.00 v _44192_/CLK (DFFLQNx3_ASAP7_75t_R)
 -17.16   -7.16   library setup time
          -7.16   data required time
---------------------------------------------------------
          -7.16   data required time
        -707.70   data arrival time
---------------------------------------------------------
        -714.86   slack (VIOLATED)


Startpoint: _44192_ (falling edge-triggered flip-flop clocked by clk')
Endpoint: _44129_ (falling edge-triggered flip-flop clocked by clk')
Path Group: clk
Path Type: max

  Delay    Time   Description
---------------------------------------------------------
   0.00    0.00   clock clk' (fall edge)
   0.00    0.00   clock network delay (ideal)
   0.00    0.00 v _44192_/CLK (DFFLQNx3_ASAP7_75t_R)
 148.37  148.37 v _44192_/QN (DFFLQNx3_ASAP7_75t_R)
  52.95  201.32 v rebuffer1313/Y (BUFx2_ASAP7_75t_R)
  43.78  245.11 v _35374_/Y (AND2x6_ASAP7_75t_R)
  51.01  296.12 ^ _35453_/Y (NAND2x2_ASAP7_75t_R)
  49.66  345.78 ^ _35469_/Y (AO21x2_ASAP7_75t_R)
  39.91  385.70 ^ _35476_/Y (AND3x1_ASAP7_75t_R)
  16.32  402.02 v _35484_/Y (NAND2x1_ASAP7_75t_R)
  25.78  427.79 ^ _35505_/Y (NOR2x1_ASAP7_75t_R)
  18.04  445.84 v _35506_/Y (NAND2x2_ASAP7_75t_R)
  33.40  479.24 ^ _35605_/Y (NOR2x2_ASAP7_75t_R)
  25.38  504.62 v _38438_/Y (AOI21x1_ASAP7_75t_R)
  26.23  530.84 ^ _38439_/Y (INVx1_ASAP7_75t_R)
  33.14  563.98 v _38441_/Y (NAND2x2_ASAP7_75t_R)
  31.37  595.35 ^ _38445_/Y (INVx2_ASAP7_75t_R)
  27.04  622.39 v _38451_/Y (NOR2x1_ASAP7_75t_R)
  22.68  645.07 ^ _38457_/Y (OAI21x1_ASAP7_75t_R)
  19.53  664.60 v _38460_/Y (AOI21x1_ASAP7_75t_R)
  27.69  692.28 ^ _38461_/Y (OAI21x1_ASAP7_75t_R)
  14.61  706.89 v _38462_/Y (NAND2x2_ASAP7_75t_R)
   0.00  706.89 v _44129_/D (DFFLQNx3_ASAP7_75t_R)
         706.89   data arrival time

  10.00   10.00   clock clk' (fall edge)
   0.00   10.00   clock network delay (ideal)
   0.00   10.00   clock reconvergence pessimism
          10.00 v _44129_/CLK (DFFLQNx3_ASAP7_75t_R)
 -17.73   -7.73   library setup time
          -7.73   data required time
---------------------------------------------------------
          -7.73   data required time
        -706.89   data arrival time
---------------------------------------------------------
        -714.62   slack (VIOLATED)


Startpoint: _44144_ (falling edge-triggered flip-flop clocked by clk')
Endpoint: _44174_ (falling edge-triggered flip-flop clocked by clk')
Path Group: clk
Path Type: max

  Delay    Time   Description
---------------------------------------------------------
   0.00    0.00   clock clk' (fall edge)
   0.00    0.00   clock network delay (ideal)
   0.00    0.00 v _44144_/CLK (DFFLQNx3_ASAP7_75t_R)
 112.52  112.52 v _44144_/QN (DFFLQNx3_ASAP7_75t_R)
  44.15  156.67 v rebuffer1348/Y (BUFx12f_ASAP7_75t_R)
  34.56  191.23 v rebuffer1349/Y (BUFx2_ASAP7_75t_R)
  33.40  224.62 ^ _30690_/Y (NAND2x2_ASAP7_75t_R)
  33.65  258.27 v _30691_/Y (CKINVDCx6p67_ASAP7_75t_R)
  41.85  300.12 ^ _30692_/Y (NAND2x2_ASAP7_75t_R)
  42.77  342.89 ^ rebuffer2903/Y (BUFx2_ASAP7_75t_R)
  27.38  370.27 ^ _33675_/Y (AO21x1_ASAP7_75t_R)
  56.00  426.27 ^ _33679_/Y (AND4x2_ASAP7_75t_R)
  18.25  444.52 v _33692_/Y (NAND3x2_ASAP7_75t_R)
  24.14  468.67 ^ _33709_/Y (NOR2x2_ASAP7_75t_R)
  22.65  491.31 v _33710_/Y (NAND2x1_ASAP7_75t_R)
  43.30  534.61 ^ _33711_/Y (NOR2x2_ASAP7_75t_R)
  42.84  577.45 v _33787_/Y (NOR2x2_ASAP7_75t_R)
  27.92  605.36 ^ _33864_/Y (OAI21x1_ASAP7_75t_R)
  21.17  626.53 v _33947_/Y (AOI21x1_ASAP7_75t_R)
  27.35  653.89 ^ _33956_/Y (OAI21x1_ASAP7_75t_R)
  18.81  672.69 v _33957_/Y (INVx1_ASAP7_75t_R)
  19.97  692.67 ^ _33958_/Y (OAI21x1_ASAP7_75t_R)
  14.21  706.88 v _33961_/Y (NAND2x1_ASAP7_75t_R)
   0.00  706.88 v _44174_/D (DFFLQNx2_ASAP7_75t_R)
         706.88   data arrival time

  10.00   10.00   clock clk' (fall edge)
   0.00   10.00   clock network delay (ideal)
   0.00   10.00   clock reconvergence pessimism
          10.00 v _44174_/CLK (DFFLQNx2_ASAP7_75t_R)
 -17.61   -7.61   library setup time
          -7.61   data required time
---------------------------------------------------------
          -7.61   data required time
        -706.88   data arrival time
---------------------------------------------------------
        -714.48   slack (VIOLATED)


Startpoint: _44121_ (falling edge-triggered flip-flop clocked by clk')
Endpoint: _44105_ (falling edge-triggered flip-flop clocked by clk')
Path Group: clk
Path Type: max

  Delay    Time   Description
---------------------------------------------------------
   0.00    0.00   clock clk' (fall edge)
   0.00    0.00   clock network delay (ideal)
   0.00    0.00 v _44121_/CLK (DFFLQNx3_ASAP7_75t_R)
 123.00  123.00 v _44121_/QN (DFFLQNx3_ASAP7_75t_R)
  45.38  168.38 v rebuffer669/Y (BUFx6f_ASAP7_75t_R)
  27.56  195.94 v rebuffer673/Y (BUFx6f_ASAP7_75t_R)
  14.87  210.81 ^ _38985_/Y (NOR2x2_ASAP7_75t_R)
  34.61  245.42 ^ rebuffer2396/Y (BUFx6f_ASAP7_75t_R)
  24.95  270.37 v _38992_/Y (NAND2x2_ASAP7_75t_R)
  27.03  297.40 ^ _40277_/Y (NOR2x2_ASAP7_75t_R)
  27.84  325.24 v _40278_/Y (AOI21x1_ASAP7_75t_R)
  22.38  347.62 ^ _40279_/Y (INVx1_ASAP7_75t_R)
  18.20  365.82 v _40280_/Y (NOR2x1_ASAP7_75t_R)
  23.79  389.61 ^ _40281_/Y (NAND2x1_ASAP7_75t_R)
  25.48  415.09 v _40295_/Y (NOR2x2_ASAP7_75t_R)
  22.55  437.64 ^ _40333_/Y (NAND3x2_ASAP7_75t_R)
  22.73  460.37 v _40334_/Y (NOR2x2_ASAP7_75t_R)
  33.72  494.09 ^ _40335_/Y (NAND2x2_ASAP7_75t_R)
  72.24  566.32 v _40430_/Y (XOR2x2_ASAP7_75t_R)
  51.17  617.49 v _40555_/Y (XOR2x1_ASAP7_75t_R)
  27.69  645.18 ^ _40560_/Y (NAND2x1_ASAP7_75t_R)
  19.34  664.52 v _40563_/Y (AOI21x1_ASAP7_75t_R)
  26.82  691.34 ^ _40564_/Y (OAI21x1_ASAP7_75t_R)
  15.23  706.57 v _40565_/Y (NAND2x2_ASAP7_75t_R)
   0.00  706.57 v _44105_/D (DFFLQNx3_ASAP7_75t_R)
         706.57   data arrival time

  10.00   10.00   clock clk' (fall edge)
   0.00   10.00   clock network delay (ideal)
   0.00   10.00   clock reconvergence pessimism
          10.00 v _44105_/CLK (DFFLQNx3_ASAP7_75t_R)
 -17.71   -7.71   library setup time
          -7.71   data required time
---------------------------------------------------------
          -7.71   data required time
        -706.57   data arrival time
---------------------------------------------------------
        -714.27   slack (VIOLATED)


Startpoint: _44145_ (falling edge-triggered flip-flop clocked by clk')
Endpoint: _44152_ (falling edge-triggered flip-flop clocked by clk')
Path Group: clk
Path Type: max

  Delay    Time   Description
---------------------------------------------------------
   0.00    0.00   clock clk' (fall edge)
   0.00    0.00   clock network delay (ideal)
   0.00    0.00 v _44145_/CLK (DFFLQNx3_ASAP7_75t_R)
 114.90  114.90 v _44145_/QN (DFFLQNx3_ASAP7_75t_R)
  42.74  157.64 v rebuffer3315/Y (BUFx6f_ASAP7_75t_R)
  36.51  194.15 v rebuffer1211/Y (BUFx12f_ASAP7_75t_R)
  15.29  209.44 ^ _30715_/Y (CKINVDCx20_ASAP7_75t_R)
  28.38  237.82 v _30716_/Y (NOR2x2_ASAP7_75t_R)
  39.96  277.78 ^ _30773_/Y (NAND2x2_ASAP7_75t_R)
  35.64  313.42 ^ rebuffer3294/Y (BUFx6f_ASAP7_75t_R)
  13.25  326.67 v _30812_/Y (INVx6_ASAP7_75t_R)
  40.73  367.39 v _30814_/Y (OA21x2_ASAP7_75t_R)
  18.03  385.43 ^ _30815_/Y (NOR2x1_ASAP7_75t_R)
  16.45  401.87 v _30816_/Y (NAND2x1_ASAP7_75t_R)
  22.89  424.77 ^ _30817_/Y (NOR2x1_ASAP7_75t_R)
  18.19  442.96 v _30818_/Y (NAND2x2_ASAP7_75t_R)
  18.23  461.19 ^ _30819_/Y (NOR2x2_ASAP7_75t_R)
  19.33  480.52 v _30939_/Y (NAND2x2_ASAP7_75t_R)
  39.11  519.63 ^ _34199_/Y (NOR2x2_ASAP7_75t_R)
  28.85  548.48 v _34200_/Y (INVx2_ASAP7_75t_R)
  26.84  575.32 ^ _34345_/Y (NOR2x1_ASAP7_75t_R)
  21.20  596.52 v _34349_/Y (NOR2x1_ASAP7_75t_R)
  20.07  616.59 ^ _34350_/Y (NAND2x1_ASAP7_75t_R)
  17.26  633.85 v _34351_/Y (AOI21x1_ASAP7_75t_R)
  26.81  660.67 ^ _34357_/Y (OAI21x1_ASAP7_75t_R)
  33.56  694.23 ^ _34361_/Y (AO21x1_ASAP7_75t_R)
  12.74  706.96 v _34362_/Y (NAND2x1_ASAP7_75t_R)
   0.00  706.96 v _44152_/D (DFFLQNx3_ASAP7_75t_R)
         706.96   data arrival time

  10.00   10.00   clock clk' (fall edge)
   0.00   10.00   clock network delay (ideal)
   0.00   10.00   clock reconvergence pessimism
          10.00 v _44152_/CLK (DFFLQNx3_ASAP7_75t_R)
 -17.16   -7.16   library setup time
          -7.16   data required time
---------------------------------------------------------
          -7.16   data required time
        -706.96   data arrival time
---------------------------------------------------------
        -714.13   slack (VIOLATED)


Startpoint: _44089_ (falling edge-triggered flip-flop clocked by clk')
Endpoint: _44180_ (falling edge-triggered flip-flop clocked by clk')
Path Group: clk
Path Type: max

  Delay    Time   Description
---------------------------------------------------------
   0.00    0.00   clock clk' (fall edge)
   0.00    0.00   clock network delay (ideal)
   0.00    0.00 v _44089_/CLK (DFFLQNx3_ASAP7_75t_R)
 110.12  110.12 v _44089_/QN (DFFLQNx3_ASAP7_75t_R)
  37.28  147.40 v rebuffer2546/Y (BUFx6f_ASAP7_75t_R)
  29.91  177.31 v rebuffer641/Y (BUFx12f_ASAP7_75t_R)
  13.88  191.20 ^ _26453_/Y (CKINVDCx20_ASAP7_75t_R)
  30.26  221.46 v _26454_/Y (NOR2x2_ASAP7_75t_R)
  42.34  263.80 v rebuffer1575/Y (BUFx2_ASAP7_75t_R)
  28.86  292.66 ^ _26455_/Y (NAND2x2_ASAP7_75t_R)
  39.59  332.25 ^ rebuffer1246/Y (BUFx2_ASAP7_75t_R)
  28.21  360.46 ^ _28877_/Y (AO21x1_ASAP7_75t_R)
  37.85  398.31 ^ _28879_/Y (AND3x1_ASAP7_75t_R)
  20.94  419.25 v _28883_/Y (NAND2x1_ASAP7_75t_R)
  17.88  437.13 ^ _28884_/Y (NOR2x2_ASAP7_75t_R)
  19.66  456.79 v _28885_/Y (INVx1_ASAP7_75t_R)
  23.76  480.55 ^ _28906_/Y (NOR2x2_ASAP7_75t_R)
  25.06  505.61 v _28952_/Y (NAND2x2_ASAP7_75t_R)
  31.13  536.73 v rebuffer1955/Y (BUFx6f_ASAP7_75t_R)
  21.41  558.15 ^ _30231_/Y (NAND2x2_ASAP7_75t_R)
  18.01  576.15 v _30355_/Y (AOI21x1_ASAP7_75t_R)
  23.95  600.11 ^ _30359_/Y (NOR2x1_ASAP7_75t_R)
  18.66  618.76 v _30360_/Y (OAI21x1_ASAP7_75t_R)
  25.79  644.55 ^ _30361_/Y (AOI21x1_ASAP7_75t_R)
  19.51  664.06 v _30362_/Y (INVx1_ASAP7_75t_R)
  20.28  684.34 ^ _30363_/Y (AOI21x1_ASAP7_75t_R)
  19.61  703.95 v _30365_/Y (NOR2x1_ASAP7_75t_R)
   0.00  703.95 v _44180_/D (DFFLQNx2_ASAP7_75t_R)
         703.95   data arrival time

  10.00   10.00   clock clk' (fall edge)
   0.00   10.00   clock network delay (ideal)
   0.00   10.00   clock reconvergence pessimism
          10.00 v _44180_/CLK (DFFLQNx2_ASAP7_75t_R)
 -18.32   -8.32   library setup time
          -8.32   data required time
---------------------------------------------------------
          -8.32   data required time
        -703.95   data arrival time
---------------------------------------------------------
        -712.28   slack (VIOLATED)


Startpoint: _44180_ (falling edge-triggered flip-flop clocked by clk')
Endpoint: _44179_ (falling edge-triggered flip-flop clocked by clk')
Path Group: clk
Path Type: max

  Delay    Time   Description
---------------------------------------------------------
   0.00    0.00   clock clk' (fall edge)
   0.00    0.00   clock network delay (ideal)
   0.00    0.00 v _44180_/CLK (DFFLQNx2_ASAP7_75t_R)
 130.84  130.84 v _44180_/QN (DFFLQNx2_ASAP7_75t_R)
  39.87  170.71 ^ _26054_/Y (INVx2_ASAP7_75t_R)
  42.91  213.62 v _26055_/Y (NOR2x2_ASAP7_75t_R)
  75.62  289.23 ^ clone3445/Y (NAND2x1_ASAP7_75t_R)
  42.47  331.71 v _27302_/Y (INVx3_ASAP7_75t_R)
  36.08  367.79 v _27849_/Y (OA21x2_ASAP7_75t_R)
  46.19  413.97 v _27851_/Y (OR3x1_ASAP7_75t_R)
  18.14  432.11 ^ _27852_/Y (NOR2x1_ASAP7_75t_R)
  20.90  453.01 v _27868_/Y (NAND2x1_ASAP7_75t_R)
  25.05  478.06 ^ _27869_/Y (NOR2x2_ASAP7_75t_R)
  27.26  505.32 v _27870_/Y (NAND2x2_ASAP7_75t_R)
  67.78  573.10 ^ _28203_/Y (XOR2x2_ASAP7_75t_R)
  41.39  614.49 ^ _30331_/Y (XOR2x1_ASAP7_75t_R)
  34.59  649.08 ^ _30337_/Y (OR2x2_ASAP7_75t_R)
  16.22  665.30 v _30339_/Y (AOI21x1_ASAP7_75t_R)
  38.90  704.20 v _30340_/Y (XOR2x1_ASAP7_75t_R)
   0.00  704.20 v _44179_/D (DFFLQNx2_ASAP7_75t_R)
         704.20   data arrival time

  10.00   10.00   clock clk' (fall edge)
   0.00   10.00   clock network delay (ideal)
   0.00   10.00   clock reconvergence pessimism
          10.00 v _44179_/CLK (DFFLQNx2_ASAP7_75t_R)
 -18.07   -8.07   library setup time
          -8.07   data required time
---------------------------------------------------------
          -8.07   data required time
        -704.20   data arrival time
---------------------------------------------------------
        -712.27   slack (VIOLATED)


Startpoint: _44089_ (falling edge-triggered flip-flop clocked by clk')
Endpoint: _44204_ (falling edge-triggered flip-flop clocked by clk')
Path Group: clk
Path Type: max

  Delay    Time   Description
---------------------------------------------------------
   0.00    0.00   clock clk' (fall edge)
   0.00    0.00   clock network delay (ideal)
   0.00    0.00 v _44089_/CLK (DFFLQNx3_ASAP7_75t_R)
 110.12  110.12 v _44089_/QN (DFFLQNx3_ASAP7_75t_R)
  42.52  152.64 v rebuffer642/Y (BUFx6f_ASAP7_75t_R)
  34.34  186.98 v rebuffer647/Y (BUFx2_ASAP7_75t_R)
  19.21  206.19 ^ _26448_/Y (NAND2x2_ASAP7_75t_R)
  34.10  240.29 ^ rebuffer3127/Y (BUFx12f_ASAP7_75t_R)
  16.91  257.20 v _26449_/Y (CKINVDCx10_ASAP7_75t_R)
  32.90  290.10 ^ _26505_/Y (NAND2x2_ASAP7_75t_R)
  33.31  323.41 ^ rebuffer1604/Y (BUFx6f_ASAP7_75t_R)
  25.42  348.84 ^ rebuffer1605/Y (BUFx2_ASAP7_75t_R)
  38.81  387.64 ^ _28889_/Y (AO21x1_ASAP7_75t_R)
  21.84  409.48 v _28891_/Y (NAND3x2_ASAP7_75t_R)
  22.44  431.92 ^ _28895_/Y (NOR3x2_ASAP7_75t_R)
  16.72  448.64 v _28958_/Y (INVx1_ASAP7_75t_R)
  16.94  465.58 ^ _28959_/Y (NOR2x1_ASAP7_75t_R)
  19.46  485.04 v _28960_/Y (NAND2x1_ASAP7_75t_R)
  33.70  518.74 ^ _28964_/Y (NOR2x2_ASAP7_75t_R)
  57.73  576.47 v _28965_/Y (XOR2x2_ASAP7_75t_R)
  46.36  622.83 v _28966_/Y (XOR2x1_ASAP7_75t_R)
  21.95  644.78 ^ _28974_/Y (NAND2x1_ASAP7_75t_R)
  17.60  662.38 v _28975_/Y (AOI21x1_ASAP7_75t_R)
  26.44  688.82 ^ _28976_/Y (OAI21x1_ASAP7_75t_R)
  15.42  704.24 v _28977_/Y (NAND2x2_ASAP7_75t_R)
   0.00  704.24 v _44204_/D (DFFLQNx2_ASAP7_75t_R)
         704.24   data arrival time

  10.00   10.00   clock clk' (fall edge)
   0.00   10.00   clock network delay (ideal)
   0.00   10.00   clock reconvergence pessimism
          10.00 v _44204_/CLK (DFFLQNx2_ASAP7_75t_R)
 -17.69   -7.69   library setup time
          -7.69   data required time
---------------------------------------------------------
          -7.69   data required time
        -704.24   data arrival time
---------------------------------------------------------
        -711.93   slack (VIOLATED)


Startpoint: _44082_ (falling edge-triggered flip-flop clocked by clk')
Endpoint: _44110_ (falling edge-triggered flip-flop clocked by clk')
Path Group: clk
Path Type: max

  Delay    Time   Description
---------------------------------------------------------
   0.00    0.00   clock clk' (fall edge)
   0.00    0.00   clock network delay (ideal)
   0.00    0.00 v _44082_/CLK (DFFLQNx2_ASAP7_75t_R)
 129.86  129.86 v _44082_/QN (DFFLQNx2_ASAP7_75t_R)
  50.06  179.93 ^ _39162_/Y (NAND2x2_ASAP7_75t_R)
  41.94  221.87 ^ rebuffer946/Y (BUFx12f_ASAP7_75t_R)
  16.60  238.47 v _39163_/Y (INVx11_ASAP7_75t_R)
  33.75  272.22 ^ _39165_/Y (NAND2x2_ASAP7_75t_R)
  34.85  307.06 ^ rebuffer2710/Y (BUFx6f_ASAP7_75t_R)
  17.07  324.14 v _41474_/Y (NOR2x1_ASAP7_75t_R)
  51.47  375.60 v _41816_/Y (AO21x2_ASAP7_75t_R)
  19.52  395.12 ^ _42059_/Y (NOR2x2_ASAP7_75t_R)
  17.95  413.07 v _42061_/Y (NAND2x2_ASAP7_75t_R)
  22.30  435.37 ^ _42068_/Y (NOR3x2_ASAP7_75t_R)
  16.53  451.90 v _42069_/Y (NAND2x2_ASAP7_75t_R)
  23.74  475.64 ^ _42070_/Y (NOR2x2_ASAP7_75t_R)
  35.83  511.46 v _42071_/Y (NAND2x2_ASAP7_75t_R)
  36.43  547.90 v rebuffer1705/Y (BUFx6f_ASAP7_75t_R)
  39.26  587.15 v _42462_/Y (XOR2x1_ASAP7_75t_R)
  21.31  608.46 ^ _42463_/Y (INVx1_ASAP7_75t_R)
  16.88  625.34 v _42464_/Y (AOI21x1_ASAP7_75t_R)
  26.42  651.76 ^ _42468_/Y (OAI21x1_ASAP7_75t_R)
  18.65  670.41 v _42469_/Y (INVx1_ASAP7_75t_R)
  19.93  690.34 ^ _42470_/Y (OAI21x1_ASAP7_75t_R)
  14.03  704.37 v _42473_/Y (NAND2x1_ASAP7_75t_R)
   0.00  704.37 v _44110_/D (DFFLQNx2_ASAP7_75t_R)
         704.37   data arrival time

  10.00   10.00   clock clk' (fall edge)
   0.00   10.00   clock network delay (ideal)
   0.00   10.00   clock reconvergence pessimism
          10.00 v _44110_/CLK (DFFLQNx2_ASAP7_75t_R)
 -17.55   -7.55   library setup time
          -7.55   data required time
---------------------------------------------------------
          -7.55   data required time
        -704.37   data arrival time
---------------------------------------------------------
        -711.92   slack (VIOLATED)


Startpoint: _44089_ (falling edge-triggered flip-flop clocked by clk')
Endpoint: _44178_ (falling edge-triggered flip-flop clocked by clk')
Path Group: clk
Path Type: max

  Delay    Time   Description
---------------------------------------------------------
   0.00    0.00   clock clk' (fall edge)
   0.00    0.00   clock network delay (ideal)
   0.00    0.00 v _44089_/CLK (DFFLQNx3_ASAP7_75t_R)
 110.12  110.12 v _44089_/QN (DFFLQNx3_ASAP7_75t_R)
  42.52  152.64 v rebuffer642/Y (BUFx6f_ASAP7_75t_R)
  32.67  185.31 v rebuffer643/Y (BUFx12f_ASAP7_75t_R)
  33.06  218.36 ^ _26466_/Y (NOR2x2_ASAP7_75t_R)
  37.62  255.99 ^ rebuffer2066/Y (BUFx6f_ASAP7_75t_R)
  18.72  274.71 v _27394_/Y (NAND2x2_ASAP7_75t_R)
  28.43  303.14 v rebuffer3249/Y (BUFx6f_ASAP7_75t_R)
  31.32  334.46 v rebuffer1452/Y (BUFx2_ASAP7_75t_R)
  31.83  366.29 v _27420_/Y (AO21x1_ASAP7_75t_R)
  29.89  396.18 v _27421_/Y (AND2x2_ASAP7_75t_R)
  16.68  412.87 ^ _27422_/Y (NAND2x1_ASAP7_75t_R)
  23.93  436.80 v _27423_/Y (NOR2x1_ASAP7_75t_R)
  21.63  458.43 ^ _27424_/Y (NAND2x2_ASAP7_75t_R)
  22.00  480.43 v _27425_/Y (NOR2x2_ASAP7_75t_R)
  38.38  518.80 ^ _27481_/Y (NAND3x2_ASAP7_75t_R)
  71.77  590.57 ^ _27482_/Y (XNOR2x2_ASAP7_75t_R)
  33.20  623.77 v _30316_/Y (NOR2x1_ASAP7_75t_R)
  25.13  648.90 ^ _30319_/Y (OAI21x1_ASAP7_75t_R)
  19.60  668.50 v _30323_/Y (AOI21x1_ASAP7_75t_R)
  20.81  689.31 ^ _30324_/Y (OAI21x1_ASAP7_75t_R)
  14.90  704.21 v _30330_/Y (NAND2x1_ASAP7_75t_R)
   0.00  704.21 v _44178_/D (DFFLQNx2_ASAP7_75t_R)
         704.21   data arrival time

  10.00   10.00   clock clk' (fall edge)
   0.00   10.00   clock network delay (ideal)
   0.00   10.00   clock reconvergence pessimism
          10.00 v _44178_/CLK (DFFLQNx2_ASAP7_75t_R)
 -17.54   -7.54   library setup time
          -7.54   data required time
---------------------------------------------------------
          -7.54   data required time
        -704.21   data arrival time
---------------------------------------------------------
        -711.75   slack (VIOLATED)


Startpoint: _44145_ (falling edge-triggered flip-flop clocked by clk')
Endpoint: _44169_ (falling edge-triggered flip-flop clocked by clk')
Path Group: clk
Path Type: max

  Delay    Time   Description
---------------------------------------------------------
   0.00    0.00   clock clk' (fall edge)
   0.00    0.00   clock network delay (ideal)
   0.00    0.00 v _44145_/CLK (DFFLQNx3_ASAP7_75t_R)
 114.90  114.90 v _44145_/QN (DFFLQNx3_ASAP7_75t_R)
  42.74  157.64 v rebuffer3315/Y (BUFx6f_ASAP7_75t_R)
  36.51  194.15 v rebuffer1211/Y (BUFx12f_ASAP7_75t_R)
  15.29  209.44 ^ _30715_/Y (CKINVDCx20_ASAP7_75t_R)
  28.38  237.82 v _30716_/Y (NOR2x2_ASAP7_75t_R)
  39.96  277.78 ^ _30773_/Y (NAND2x2_ASAP7_75t_R)
  35.64  313.42 ^ rebuffer3294/Y (BUFx6f_ASAP7_75t_R)
  13.25  326.67 v _30812_/Y (INVx6_ASAP7_75t_R)
  40.73  367.39 v _30814_/Y (OA21x2_ASAP7_75t_R)
  18.03  385.43 ^ _30815_/Y (NOR2x1_ASAP7_75t_R)
  16.45  401.87 v _30816_/Y (NAND2x1_ASAP7_75t_R)
  22.89  424.77 ^ _30817_/Y (NOR2x1_ASAP7_75t_R)
  18.19  442.96 v _30818_/Y (NAND2x2_ASAP7_75t_R)
  18.23  461.19 ^ _30819_/Y (NOR2x2_ASAP7_75t_R)
  19.33  480.52 v _30939_/Y (NAND2x2_ASAP7_75t_R)
  37.15  517.67 v rebuffer3318/Y (BUFx2_ASAP7_75t_R)
  26.84  544.51 ^ _31061_/Y (NOR3x2_ASAP7_75t_R)
  33.23  577.73 v _31062_/Y (NOR2x2_ASAP7_75t_R)
  46.57  624.31 v _31673_/Y (XOR2x1_ASAP7_75t_R)
  25.69  649.99 ^ _32050_/Y (NAND2x1_ASAP7_75t_R)
  18.96  668.96 v _32055_/Y (AOI21x1_ASAP7_75t_R)
  20.34  689.30 ^ _32056_/Y (OAI21x1_ASAP7_75t_R)
  14.83  704.12 v _32062_/Y (NAND2x1_ASAP7_75t_R)
   0.00  704.12 v _44169_/D (DFFLQNx3_ASAP7_75t_R)
         704.12   data arrival time

  10.00   10.00   clock clk' (fall edge)
   0.00   10.00   clock network delay (ideal)
   0.00   10.00   clock reconvergence pessimism
          10.00 v _44169_/CLK (DFFLQNx3_ASAP7_75t_R)
 -17.55   -7.55   library setup time
          -7.55   data required time
---------------------------------------------------------
          -7.55   data required time
        -704.12   data arrival time
---------------------------------------------------------
        -711.67   slack (VIOLATED)


Startpoint: _44145_ (falling edge-triggered flip-flop clocked by clk')
Endpoint: _44146_ (falling edge-triggered flip-flop clocked by clk')
Path Group: clk
Path Type: max

  Delay    Time   Description
---------------------------------------------------------
   0.00    0.00   clock clk' (fall edge)
   0.00    0.00   clock network delay (ideal)
   0.00    0.00 v _44145_/CLK (DFFLQNx3_ASAP7_75t_R)
  97.90   97.90 ^ _44145_/QN (DFFLQNx3_ASAP7_75t_R)
  37.99  135.89 ^ rebuffer3315/Y (BUFx6f_ASAP7_75t_R)
  36.13  172.02 ^ rebuffer1211/Y (BUFx12f_ASAP7_75t_R)
  15.15  187.17 v _30715_/Y (CKINVDCx20_ASAP7_75t_R)
  33.24  220.41 ^ _30716_/Y (NOR2x2_ASAP7_75t_R)
  46.43  266.84 ^ rebuffer2845/Y (BUFx6f_ASAP7_75t_R)
  31.77  298.61 ^ rebuffer1789/Y (BUFx6f_ASAP7_75t_R)
  16.79  315.40 v clone658/Y (NAND2x2_ASAP7_75t_R)
  31.58  346.99 v _31618_/Y (AO21x1_ASAP7_75t_R)
  29.97  376.95 v _31619_/Y (AND2x2_ASAP7_75t_R)
  16.66  393.61 ^ _31622_/Y (NAND2x1_ASAP7_75t_R)
  17.72  411.33 v _31623_/Y (NOR2x1_ASAP7_75t_R)
  22.57  433.90 ^ _31624_/Y (NAND2x1_ASAP7_75t_R)
  23.64  457.53 v _31625_/Y (NOR2x1_ASAP7_75t_R)
  24.70  482.24 ^ _31670_/Y (NAND2x2_ASAP7_75t_R)
  34.72  516.95 v _31671_/Y (NOR2x2_ASAP7_75t_R)
  40.19  557.14 ^ _34223_/Y (NAND2x2_ASAP7_75t_R)
  25.44  582.58 v _34540_/Y (AOI21x1_ASAP7_75t_R)
  22.94  605.52 ^ _34541_/Y (INVx1_ASAP7_75t_R)
  19.16  624.68 v _34545_/Y (AOI21x1_ASAP7_75t_R)
  26.89  651.57 ^ _34550_/Y (OAI21x1_ASAP7_75t_R)
  18.90  670.47 v _34551_/Y (INVx1_ASAP7_75t_R)
  20.00  690.47 ^ _34553_/Y (OAI21x1_ASAP7_75t_R)
  13.74  704.20 v _34556_/Y (NAND2x1_ASAP7_75t_R)
   0.00  704.20 v _44146_/D (DFFLQNx2_ASAP7_75t_R)
         704.20   data arrival time

  10.00   10.00   clock clk' (fall edge)
   0.00   10.00   clock network delay (ideal)
   0.00   10.00   clock reconvergence pessimism
          10.00 v _44146_/CLK (DFFLQNx2_ASAP7_75t_R)
 -17.46   -7.46   library setup time
          -7.46   data required time
---------------------------------------------------------
          -7.46   data required time
        -704.20   data arrival time
---------------------------------------------------------
        -711.66   slack (VIOLATED)


Startpoint: _44160_ (falling edge-triggered flip-flop clocked by clk')
Endpoint: _44104_ (falling edge-triggered flip-flop clocked by clk')
Path Group: clk
Path Type: max

  Delay    Time   Description
---------------------------------------------------------
   0.00    0.00   clock clk' (fall edge)
   0.00    0.00   clock network delay (ideal)
   0.00    0.00 v _44160_/CLK (DFFLQNx3_ASAP7_75t_R)
 119.73  119.73 v _44160_/QN (DFFLQNx3_ASAP7_75t_R)
  46.42  166.15 v rebuffer1300/Y (BUFx12f_ASAP7_75t_R)
  29.18  195.33 v rebuffer1303/Y (BUFx6f_ASAP7_75t_R)
  21.87  217.20 ^ _39552_/Y (NOR2x2_ASAP7_75t_R)
  36.31  253.51 ^ rebuffer1250/Y (BUFx12f_ASAP7_75t_R)
  24.93  278.43 v _39553_/Y (NAND2x2_ASAP7_75t_R)
  33.30  311.74 v rebuffer2316/Y (BUFx6f_ASAP7_75t_R)
  41.63  353.37 v _39705_/Y (AO21x2_ASAP7_75t_R)
  27.74  381.10 v _39712_/Y (AND3x1_ASAP7_75t_R)
  20.83  401.93 ^ _39713_/Y (NAND2x1_ASAP7_75t_R)
  17.43  419.36 v _39714_/Y (INVx1_ASAP7_75t_R)
  27.45  446.81 ^ _39715_/Y (NAND2x1_ASAP7_75t_R)
  21.38  468.19 v _39716_/Y (NOR2x2_ASAP7_75t_R)
  30.60  498.79 ^ _39808_/Y (NAND2x2_ASAP7_75t_R)
  30.69  529.47 v _39809_/Y (NOR2x2_ASAP7_75t_R)
  47.94  577.41 v _40049_/Y (XOR2x1_ASAP7_75t_R)
  28.22  605.63 ^ _40050_/Y (INVx1_ASAP7_75t_R)
  22.92  628.55 v _40058_/Y (AOI21x1_ASAP7_75t_R)
  17.49  646.04 ^ _40059_/Y (INVx1_ASAP7_75t_R)
  15.49  661.53 v _40060_/Y (AOI21x1_ASAP7_75t_R)
  26.82  688.35 ^ _40061_/Y (OAI21x1_ASAP7_75t_R)
  15.17  703.52 v _40068_/Y (NAND2x2_ASAP7_75t_R)
   0.00  703.52 v _44104_/D (DFFLQNx3_ASAP7_75t_R)
         703.52   data arrival time

  10.00   10.00   clock clk' (fall edge)
   0.00   10.00   clock network delay (ideal)
   0.00   10.00   clock reconvergence pessimism
          10.00 v _44104_/CLK (DFFLQNx3_ASAP7_75t_R)
 -17.45   -7.45   library setup time
          -7.45   data required time
---------------------------------------------------------
          -7.45   data required time
        -703.52   data arrival time
---------------------------------------------------------
        -710.97   slack (VIOLATED)


Startpoint: _44153_ (falling edge-triggered flip-flop clocked by clk')
Endpoint: _44128_ (falling edge-triggered flip-flop clocked by clk')
Path Group: clk
Path Type: max

  Delay    Time   Description
---------------------------------------------------------
   0.00    0.00   clock clk' (fall edge)
   0.00    0.00   clock network delay (ideal)
   0.00    0.00 v _44153_/CLK (DFFLQNx3_ASAP7_75t_R)
 109.79  109.79 v _44153_/QN (DFFLQNx3_ASAP7_75t_R)
  43.57  153.36 v rebuffer931/Y (BUFx12f_ASAP7_75t_R)
  30.97  184.33 v rebuffer932/Y (BUFx12f_ASAP7_75t_R)
  43.33  227.66 ^ _35096_/Y (NOR2x2_ASAP7_75t_R)
  34.47  262.12 v _35130_/Y (INVx3_ASAP7_75t_R)
  35.40  297.52 ^ _35131_/Y (NOR2x2_ASAP7_75t_R)
  34.78  332.30 ^ rebuffer2016/Y (BUFx6f_ASAP7_75t_R)
  30.86  363.16 ^ _35274_/Y (OA21x2_ASAP7_75t_R)
  15.54  378.70 v _35278_/Y (NOR2x1_ASAP7_75t_R)
  18.93  397.63 ^ _35283_/Y (NAND2x1_ASAP7_75t_R)
  16.10  413.73 v _35284_/Y (NOR2x1_ASAP7_75t_R)
  32.81  446.54 v _35301_/Y (AND2x2_ASAP7_75t_R)
  20.11  466.65 ^ _35302_/Y (NAND2x2_ASAP7_75t_R)
  34.34  500.99 v _35303_/Y (NOR2x2_ASAP7_75t_R)
  55.32  556.31 ^ _35304_/Y (NAND2x2_ASAP7_75t_R)
  28.62  584.93 v _35305_/Y (INVx2_ASAP7_75t_R)
  20.00  604.93 ^ _35851_/Y (NOR2x2_ASAP7_75t_R)
  19.42  624.34 v _38429_/Y (OAI21x1_ASAP7_75t_R)
  35.26  659.60 v _38430_/Y (AO21x1_ASAP7_75t_R)
  25.90  685.51 ^ _38431_/Y (AOI21x1_ASAP7_75t_R)
  17.41  702.92 v _38435_/Y (NOR2x2_ASAP7_75t_R)
   0.00  702.92 v _44128_/D (DFFLQNx3_ASAP7_75t_R)
         702.92   data arrival time

  10.00   10.00   clock clk' (fall edge)
   0.00   10.00   clock network delay (ideal)
   0.00   10.00   clock reconvergence pessimism
          10.00 v _44128_/CLK (DFFLQNx3_ASAP7_75t_R)
 -17.93   -7.93   library setup time
          -7.93   data required time
---------------------------------------------------------
          -7.93   data required time
        -702.92   data arrival time
---------------------------------------------------------
        -710.85   slack (VIOLATED)


Startpoint: _44105_ (falling edge-triggered flip-flop clocked by clk')
Endpoint: _44121_ (falling edge-triggered flip-flop clocked by clk')
Path Group: clk
Path Type: max

  Delay    Time   Description
---------------------------------------------------------
   0.00    0.00   clock clk' (fall edge)
   0.00    0.00   clock network delay (ideal)
   0.00    0.00 v _44105_/CLK (DFFLQNx3_ASAP7_75t_R)
 115.53  115.53 v _44105_/QN (DFFLQNx3_ASAP7_75t_R)
  48.46  163.99 v rebuffer1423/Y (BUFx3_ASAP7_75t_R)
  30.42  194.40 v rebuffer1424/Y (BUFx6f_ASAP7_75t_R)
  45.51  239.91 v _35699_/Y (AND2x6_ASAP7_75t_R)
  27.69  267.60 ^ _35722_/Y (NAND2x2_ASAP7_75t_R)
  39.88  307.49 ^ rebuffer887/Y (BUFx2_ASAP7_75t_R)
  29.16  336.64 ^ rebuffer888/Y (BUFx2_ASAP7_75t_R)
  36.84  373.48 ^ _36777_/Y (AO21x2_ASAP7_75t_R)
  40.68  414.16 ^ _36780_/Y (AND3x1_ASAP7_75t_R)
  15.46  429.62 v _36781_/Y (NAND2x1_ASAP7_75t_R)
  18.81  448.43 ^ _36792_/Y (NOR2x1_ASAP7_75t_R)
  15.20  463.63 v _36793_/Y (NAND2x1_ASAP7_75t_R)
  24.36  487.99 ^ _36839_/Y (NOR2x1_ASAP7_75t_R)
  28.37  516.36 v _36840_/Y (NAND2x2_ASAP7_75t_R)
  62.38  578.74 v _38467_/Y (XOR2x2_ASAP7_75t_R)
  42.85  621.58 v _38615_/Y (XOR2x1_ASAP7_75t_R)
  22.75  644.33 ^ _38617_/Y (NAND2x1_ASAP7_75t_R)
  16.53  660.86 v _38618_/Y (AOI21x1_ASAP7_75t_R)
  26.91  687.78 ^ _38619_/Y (OAI21x1_ASAP7_75t_R)
  15.27  703.05 v _38620_/Y (NAND2x2_ASAP7_75t_R)
   0.00  703.05 v _44121_/D (DFFLQNx3_ASAP7_75t_R)
         703.05   data arrival time

  10.00   10.00   clock clk' (fall edge)
   0.00   10.00   clock network delay (ideal)
   0.00   10.00   clock reconvergence pessimism
          10.00 v _44121_/CLK (DFFLQNx3_ASAP7_75t_R)
 -17.71   -7.71   library setup time
          -7.71   data required time
---------------------------------------------------------
          -7.71   data required time
        -703.05   data arrival time
---------------------------------------------------------
        -710.76   slack (VIOLATED)


Startpoint: _44160_ (falling edge-triggered flip-flop clocked by clk')
Endpoint: _44098_ (falling edge-triggered flip-flop clocked by clk')
Path Group: clk
Path Type: max

  Delay    Time   Description
---------------------------------------------------------
   0.00    0.00   clock clk' (fall edge)
   0.00    0.00   clock network delay (ideal)
   0.00    0.00 v _44160_/CLK (DFFLQNx3_ASAP7_75t_R)
 119.73  119.73 v _44160_/QN (DFFLQNx3_ASAP7_75t_R)
  46.42  166.15 v rebuffer1300/Y (BUFx12f_ASAP7_75t_R)
  29.18  195.33 v rebuffer1303/Y (BUFx6f_ASAP7_75t_R)
  21.87  217.20 ^ _39552_/Y (NOR2x2_ASAP7_75t_R)
  31.89  249.09 ^ rebuffer1249/Y (BUFx6f_ASAP7_75t_R)
  24.74  273.83 v _39652_/Y (NAND2x2_ASAP7_75t_R)
  35.66  309.49 v rebuffer759/Y (BUFx6f_ASAP7_75t_R)
  27.89  337.38 v rebuffer760/Y (BUFx2_ASAP7_75t_R)
  32.20  369.58 v _40533_/Y (AO21x1_ASAP7_75t_R)
  26.59  396.17 ^ _40534_/Y (NAND3x1_ASAP7_75t_R)
  22.56  418.72 v _40544_/Y (NOR2x1_ASAP7_75t_R)
  19.66  438.38 ^ _40545_/Y (NAND2x1_ASAP7_75t_R)
  23.60  461.98 v _40546_/Y (NOR2x1_ASAP7_75t_R)
  22.03  484.01 ^ _40547_/Y (NAND2x2_ASAP7_75t_R)
  32.94  516.95 v _40548_/Y (NOR2x2_ASAP7_75t_R)
  30.27  547.22 ^ _40549_/Y (INVx2_ASAP7_75t_R)
  52.78  600.00 v _42814_/Y (XOR2x2_ASAP7_75t_R)
  29.91  629.91 v rebuffer3366/Y (BUFx6f_ASAP7_75t_R)
  10.95  640.86 ^ _42824_/Y (OAI21x1_ASAP7_75t_R)
  19.85  660.72 v _42826_/Y (AOI21x1_ASAP7_75t_R)
  26.82  687.54 ^ _42827_/Y (OAI21x1_ASAP7_75t_R)
  15.23  702.77 v _42828_/Y (NAND2x2_ASAP7_75t_R)
   0.00  702.77 v _44098_/D (DFFLQNx2_ASAP7_75t_R)
         702.77   data arrival time

  10.00   10.00   clock clk' (fall edge)
   0.00   10.00   clock network delay (ideal)
   0.00   10.00   clock reconvergence pessimism
          10.00 v _44098_/CLK (DFFLQNx2_ASAP7_75t_R)
 -17.70   -7.70   library setup time
          -7.70   data required time
---------------------------------------------------------
          -7.70   data required time
        -702.77   data arrival time
---------------------------------------------------------
        -710.48   slack (VIOLATED)


Startpoint: _44176_ (falling edge-triggered flip-flop clocked by clk')
Endpoint: _44207_ (falling edge-triggered flip-flop clocked by clk')
Path Group: clk
Path Type: max

  Delay    Time   Description
---------------------------------------------------------
   0.00    0.00   clock clk' (fall edge)
   0.00    0.00   clock network delay (ideal)
   0.00    0.00 v _44176_/CLK (DFFLQNx3_ASAP7_75t_R)
 133.62  133.62 v _44176_/QN (DFFLQNx3_ASAP7_75t_R)
  50.91  184.53 v rebuffer662/Y (BUFx12f_ASAP7_75t_R)
  16.48  201.01 ^ _26045_/Y (CKINVDCx20_ASAP7_75t_R)
  22.32  223.32 v _26112_/Y (NOR2x2_ASAP7_75t_R)
  37.99  261.32 v rebuffer1166/Y (BUFx2_ASAP7_75t_R)
  42.01  303.33 ^ _26327_/Y (NAND2x2_ASAP7_75t_R)
  53.31  356.64 ^ _26367_/Y (AO21x1_ASAP7_75t_R)
  19.69  376.33 v _26368_/Y (NAND2x1_ASAP7_75t_R)
  23.94  400.26 ^ _26372_/Y (NOR2x1_ASAP7_75t_R)
  17.49  417.75 v _26378_/Y (NAND2x1_ASAP7_75t_R)
  18.57  436.33 ^ _26389_/Y (NOR2x1_ASAP7_75t_R)
  20.17  456.50 v _26416_/Y (NAND2x1_ASAP7_75t_R)
  42.85  499.35 ^ _26417_/Y (NOR2x2_ASAP7_75t_R)
  42.91  542.25 ^ _29812_/Y (XNOR2x1_ASAP7_75t_R)
  50.64  592.90 v _29813_/Y (XOR2x2_ASAP7_75t_R)
  34.39  627.28 v _29903_/Y (AO21x1_ASAP7_75t_R)
  36.27  663.56 v _29906_/Y (OA21x2_ASAP7_75t_R)
  38.95  702.51 v _29907_/Y (XOR2x2_ASAP7_75t_R)
   0.00  702.51 v _44207_/D (DFFLQNx2_ASAP7_75t_R)
         702.51   data arrival time

  10.00   10.00   clock clk' (fall edge)
   0.00   10.00   clock network delay (ideal)
   0.00   10.00   clock reconvergence pessimism
          10.00 v _44207_/CLK (DFFLQNx2_ASAP7_75t_R)
 -17.53   -7.53   library setup time
          -7.53   data required time
---------------------------------------------------------
          -7.53   data required time
        -702.51   data arrival time
---------------------------------------------------------
        -710.03   slack (VIOLATED)


Startpoint: _44187_ (falling edge-triggered flip-flop clocked by clk')
Endpoint: _44162_ (falling edge-triggered flip-flop clocked by clk')
Path Group: clk
Path Type: max

  Delay    Time   Description
---------------------------------------------------------
   0.00    0.00   clock clk' (fall edge)
   0.00    0.00   clock network delay (ideal)
   0.00    0.00 v _44187_/CLK (DFFLQNx3_ASAP7_75t_R)
 112.96  112.96 v _44187_/QN (DFFLQNx3_ASAP7_75t_R)
  39.57  152.53 v rebuffer3299/Y (BUFx3_ASAP7_75t_R)
  24.36  176.89 v rebuffer2940/Y (BUFx6f_ASAP7_75t_R)
  24.71  201.61 v clone2900/Y (BUFx6f_ASAP7_75t_R)
  28.17  229.77 v rebuffer1918/Y (BUFx3_ASAP7_75t_R)
  40.16  269.93 ^ _30448_/Y (NAND2x2_ASAP7_75t_R)
  41.31  311.24 ^ rebuffer2901/Y (BUFx6f_ASAP7_75t_R)
  32.08  343.32 ^ rebuffer1486/Y (BUFx2_ASAP7_75t_R)
  31.49  374.81 ^ _32297_/Y (AO21x1_ASAP7_75t_R)
  12.78  387.59 v _32298_/Y (NAND2x1_ASAP7_75t_R)
  53.74  441.33 v _32299_/Y (OR3x1_ASAP7_75t_R)
  25.03  466.35 ^ _32300_/Y (NOR2x2_ASAP7_75t_R)
  18.39  484.75 v _32326_/Y (NAND3x2_ASAP7_75t_R)
  38.88  523.62 ^ _32367_/Y (NOR2x2_ASAP7_75t_R)
  39.56  563.18 ^ _34250_/Y (AND2x2_ASAP7_75t_R)
  18.77  581.95 v _34251_/Y (OAI21x1_ASAP7_75t_R)
  21.79  603.75 ^ _34255_/Y (NAND2x1_ASAP7_75t_R)
  18.32  622.07 v _34256_/Y (NOR2x1_ASAP7_75t_R)
  25.92  647.98 ^ _34257_/Y (OAI21x1_ASAP7_75t_R)
  18.90  666.88 v _34258_/Y (INVx1_ASAP7_75t_R)
  20.00  686.88 ^ _34260_/Y (OAI21x1_ASAP7_75t_R)
  14.80  701.68 v _34263_/Y (NAND2x1_ASAP7_75t_R)
   0.00  701.68 v _44162_/D (DFFLQNx2_ASAP7_75t_R)
         701.68   data arrival time

  10.00   10.00   clock clk' (fall edge)
   0.00   10.00   clock network delay (ideal)
   0.00   10.00   clock reconvergence pessimism
          10.00 v _44162_/CLK (DFFLQNx2_ASAP7_75t_R)
 -17.92   -7.92   library setup time
          -7.92   data required time
---------------------------------------------------------
          -7.92   data required time
        -701.68   data arrival time
---------------------------------------------------------
        -709.60   slack (VIOLATED)


Startpoint: _44192_ (falling edge-triggered flip-flop clocked by clk')
Endpoint: _44132_ (falling edge-triggered flip-flop clocked by clk')
Path Group: clk
Path Type: max

  Delay    Time   Description
---------------------------------------------------------
   0.00    0.00   clock clk' (fall edge)
   0.00    0.00   clock network delay (ideal)
   0.00    0.00 v _44192_/CLK (DFFLQNx3_ASAP7_75t_R)
 148.37  148.37 v _44192_/QN (DFFLQNx3_ASAP7_75t_R)
  62.26  210.63 ^ _35369_/Y (NOR2x2_ASAP7_75t_R)
  43.96  254.60 ^ rebuffer2717/Y (BUFx6f_ASAP7_75t_R)
  20.30  274.90 v _35424_/Y (NAND2x2_ASAP7_75t_R)
  21.09  295.99 ^ _36057_/Y (INVx3_ASAP7_75t_R)
  34.55  330.54 ^ _38246_/Y (OA21x2_ASAP7_75t_R)
  14.31  344.85 v _38248_/Y (AOI211x1_ASAP7_75t_R)
  39.08  383.93 v _38255_/Y (AND2x2_ASAP7_75t_R)
  19.41  403.34 ^ _38266_/Y (NAND2x1_ASAP7_75t_R)
  22.22  425.56 v _38267_/Y (NOR2x1_ASAP7_75t_R)
  42.41  467.97 ^ _38268_/Y (NAND2x2_ASAP7_75t_R)
  28.66  496.63 v _38269_/Y (INVx3_ASAP7_75t_R)
  66.43  563.06 ^ _38493_/Y (XOR2x2_ASAP7_75t_R)
  36.96  600.02 ^ _38495_/Y (XOR2x1_ASAP7_75t_R)
  19.57  619.59 v _38496_/Y (NOR2x1_ASAP7_75t_R)
  26.90  646.50 ^ _38500_/Y (OAI21x1_ASAP7_75t_R)
  20.66  667.16 v _38501_/Y (INVx1_ASAP7_75t_R)
  20.48  687.64 ^ _38502_/Y (OAI21x1_ASAP7_75t_R)
  14.29  701.93 v _38505_/Y (NAND2x1_ASAP7_75t_R)
   0.00  701.93 v _44132_/D (DFFLQNx2_ASAP7_75t_R)
         701.93   data arrival time

  10.00   10.00   clock clk' (fall edge)
   0.00   10.00   clock network delay (ideal)
   0.00   10.00   clock reconvergence pessimism
          10.00 v _44132_/CLK (DFFLQNx2_ASAP7_75t_R)
 -17.63   -7.63   library setup time
          -7.63   data required time
---------------------------------------------------------
          -7.63   data required time
        -701.93   data arrival time
---------------------------------------------------------
        -709.55   slack (VIOLATED)


Startpoint: _44144_ (falling edge-triggered flip-flop clocked by clk')
Endpoint: _44166_ (falling edge-triggered flip-flop clocked by clk')
Path Group: clk
Path Type: max

  Delay    Time   Description
---------------------------------------------------------
   0.00    0.00   clock clk' (fall edge)
   0.00    0.00   clock network delay (ideal)
   0.00    0.00 v _44144_/CLK (DFFLQNx3_ASAP7_75t_R)
 112.52  112.52 v _44144_/QN (DFFLQNx3_ASAP7_75t_R)
  44.15  156.67 v rebuffer1348/Y (BUFx12f_ASAP7_75t_R)
  34.56  191.23 v rebuffer1349/Y (BUFx2_ASAP7_75t_R)
  33.40  224.62 ^ _30690_/Y (NAND2x2_ASAP7_75t_R)
  33.65  258.27 v _30691_/Y (CKINVDCx6p67_ASAP7_75t_R)
  41.85  300.12 ^ _30692_/Y (NAND2x2_ASAP7_75t_R)
  42.77  342.89 ^ rebuffer2903/Y (BUFx2_ASAP7_75t_R)
  27.38  370.27 ^ _33675_/Y (AO21x1_ASAP7_75t_R)
  56.00  426.27 ^ _33679_/Y (AND4x2_ASAP7_75t_R)
  18.25  444.52 v _33692_/Y (NAND3x2_ASAP7_75t_R)
  24.14  468.67 ^ _33709_/Y (NOR2x2_ASAP7_75t_R)
  22.65  491.31 v _33710_/Y (NAND2x1_ASAP7_75t_R)
  43.30  534.61 ^ _33711_/Y (NOR2x2_ASAP7_75t_R)
  42.84  577.45 v _33787_/Y (NOR2x2_ASAP7_75t_R)
  27.92  605.36 ^ _34321_/Y (OAI21x1_ASAP7_75t_R)
  21.17  626.53 v _34326_/Y (AOI21x1_ASAP7_75t_R)
  26.94  653.47 ^ _34330_/Y (OAI21x1_ASAP7_75t_R)
  33.58  687.05 ^ _34335_/Y (AO21x1_ASAP7_75t_R)
  12.74  699.79 v _34336_/Y (NAND2x1_ASAP7_75t_R)
   0.00  699.79 v _44166_/D (DFFLQNx2_ASAP7_75t_R)
         699.79   data arrival time

  10.00   10.00   clock clk' (fall edge)
   0.00   10.00   clock network delay (ideal)
   0.00   10.00   clock reconvergence pessimism
          10.00 v _44166_/CLK (DFFLQNx2_ASAP7_75t_R)
 -17.16   -7.16   library setup time
          -7.16   data required time
---------------------------------------------------------
          -7.16   data required time
        -699.79   data arrival time
---------------------------------------------------------
        -706.95   slack (VIOLATED)


Startpoint: _44119_ (falling edge-triggered flip-flop clocked by clk')
Endpoint: _44114_ (falling edge-triggered flip-flop clocked by clk')
Path Group: clk
Path Type: max

  Delay    Time   Description
---------------------------------------------------------
   0.00    0.00   clock clk' (fall edge)
   0.00    0.00   clock network delay (ideal)
   0.00    0.00 v _44119_/CLK (DFFLQNx2_ASAP7_75t_R)
 129.44  129.44 v _44119_/QN (DFFLQNx2_ASAP7_75t_R)
  55.77  185.21 ^ _34708_/Y (NAND2x2_ASAP7_75t_R)
  31.59  216.80 v _34763_/Y (INVx4_ASAP7_75t_R)
  58.05  274.85 ^ _34764_/Y (NAND2x2_ASAP7_75t_R)
  35.20  310.05 v _34765_/Y (INVx5_ASAP7_75t_R)
  33.41  343.47 ^ _34930_/Y (NAND2x2_ASAP7_75t_R)
  21.05  364.52 v _34931_/Y (NAND3x2_ASAP7_75t_R)
  22.35  386.86 ^ _34935_/Y (NOR2x2_ASAP7_75t_R)
  24.32  411.19 v _34938_/Y (NAND3x2_ASAP7_75t_R)
  30.63  441.82 ^ _34939_/Y (NOR2x1_ASAP7_75t_R)
  30.51  472.33 v _34940_/Y (NAND2x2_ASAP7_75t_R)
  61.12  533.45 ^ clone3447/Y (NAND2x1_ASAP7_75t_R)
  32.56  566.01 v _38777_/Y (NOR2x1_ASAP7_75t_R)
  32.48  598.49 ^ _38779_/Y (OAI21x1_ASAP7_75t_R)
  19.93  618.42 v _38786_/Y (NAND2x1_ASAP7_75t_R)
  20.17  638.59 ^ _38787_/Y (AOI21x1_ASAP7_75t_R)
  20.52  659.10 v _38789_/Y (AOI21x1_ASAP7_75t_R)
  39.04  698.14 v _38790_/Y (XOR2x1_ASAP7_75t_R)
   0.00  698.14 v _44114_/D (DFFLQNx2_ASAP7_75t_R)
         698.14   data arrival time

  10.00   10.00   clock clk' (fall edge)
   0.00   10.00   clock network delay (ideal)
   0.00   10.00   clock reconvergence pessimism
          10.00 v _44114_/CLK (DFFLQNx2_ASAP7_75t_R)
 -18.54   -8.54   library setup time
          -8.54   data required time
---------------------------------------------------------
          -8.54   data required time
        -698.14   data arrival time
---------------------------------------------------------
        -706.68   slack (VIOLATED)


Startpoint: _44183_ (falling edge-triggered flip-flop clocked by clk')
Endpoint: _44185_ (falling edge-triggered flip-flop clocked by clk')
Path Group: clk
Path Type: max

  Delay    Time   Description
---------------------------------------------------------
   0.00    0.00   clock clk' (fall edge)
   0.00    0.00   clock network delay (ideal)
   0.00    0.00 v _44183_/CLK (DFFLQNx2_ASAP7_75t_R)
 127.01  127.01 v _44183_/QN (DFFLQNx2_ASAP7_75t_R)
  46.37  173.38 v rebuffer2812/Y (BUFx6f_ASAP7_75t_R)
  20.00  193.38 ^ _26114_/Y (INVx4_ASAP7_75t_R)
  36.44  229.82 v _26255_/Y (NOR2x2_ASAP7_75t_R)
  77.42  307.24 ^ clone2951/Y (NAND2xp67_ASAP7_75t_R)
  51.07  358.31 ^ rebuffer2949/Y (BUFx2_ASAP7_75t_R)
  27.13  385.45 ^ _27335_/Y (AO21x1_ASAP7_75t_R)
  18.47  403.91 v _27336_/Y (NAND3x1_ASAP7_75t_R)
  19.64  423.55 ^ _27343_/Y (NOR2x1_ASAP7_75t_R)
  15.23  438.78 v _27344_/Y (NAND2x1_ASAP7_75t_R)
  25.14  463.92 ^ _27363_/Y (NOR2x1_ASAP7_75t_R)
  21.14  485.07 v _27364_/Y (NAND2x2_ASAP7_75t_R)
  29.17  514.23 ^ _27365_/Y (NOR2x2_ASAP7_75t_R)
  58.85  573.08 v _28190_/Y (XOR2x2_ASAP7_75t_R)
  46.15  619.23 v _30138_/Y (XOR2x1_ASAP7_75t_R)
  25.03  644.26 ^ _30139_/Y (NAND2x1_ASAP7_75t_R)
  18.72  662.99 v _30145_/Y (AOI21x1_ASAP7_75t_R)
  20.81  683.79 ^ _30146_/Y (OAI21x1_ASAP7_75t_R)
  15.03  698.82 v _30152_/Y (NAND2x1_ASAP7_75t_R)
   0.00  698.82 v _44185_/D (DFFLQNx3_ASAP7_75t_R)
         698.82   data arrival time

  10.00   10.00   clock clk' (fall edge)
   0.00   10.00   clock network delay (ideal)
   0.00   10.00   clock reconvergence pessimism
          10.00 v _44185_/CLK (DFFLQNx3_ASAP7_75t_R)
 -17.82   -7.82   library setup time
          -7.82   data required time
---------------------------------------------------------
          -7.82   data required time
        -698.82   data arrival time
---------------------------------------------------------
        -706.64   slack (VIOLATED)


Startpoint: _44081_ (falling edge-triggered flip-flop clocked by clk')
Endpoint: _44107_ (falling edge-triggered flip-flop clocked by clk')
Path Group: clk
Path Type: max

  Delay    Time   Description
---------------------------------------------------------
   0.00    0.00   clock clk' (fall edge)
   0.00    0.00   clock network delay (ideal)
   0.00    0.00 v _44081_/CLK (DFFLQNx3_ASAP7_75t_R)
 124.32  124.32 v _44081_/QN (DFFLQNx3_ASAP7_75t_R)
  49.90  174.21 v rebuffer708/Y (BUFx2_ASAP7_75t_R)
  31.83  206.04 v rebuffer709/Y (BUFx2_ASAP7_75t_R)
  41.89  247.93 v _39244_/Y (AND2x6_ASAP7_75t_R)
  37.36  285.29 ^ _39256_/Y (NAND2x2_ASAP7_75t_R)
  48.65  333.93 ^ _39260_/Y (AO21x2_ASAP7_75t_R)
  15.84  349.77 v _39265_/Y (NAND2x1_ASAP7_75t_R)
  45.87  395.65 v _39271_/Y (OR3x1_ASAP7_75t_R)
  18.13  413.78 ^ _39272_/Y (NOR2x1_ASAP7_75t_R)
  20.27  434.04 v _39273_/Y (NAND2x1_ASAP7_75t_R)
  49.40  483.45 ^ _39359_/Y (NOR2x2_ASAP7_75t_R)
  32.74  516.19 v _40053_/Y (INVx3_ASAP7_75t_R)
  54.43  570.62 v _41427_/Y (XOR2x2_ASAP7_75t_R)
  44.68  615.30 v _41428_/Y (XOR2x1_ASAP7_75t_R)
  28.56  643.86 ^ _41434_/Y (NAND2x1_ASAP7_75t_R)
  19.50  663.36 v _41436_/Y (AOI21x1_ASAP7_75t_R)
  21.14  684.50 ^ _41437_/Y (OAI21x1_ASAP7_75t_R)
  14.31  698.81 v _41438_/Y (NAND2x1_ASAP7_75t_R)
   0.00  698.81 v _44107_/D (DFFLQNx3_ASAP7_75t_R)
         698.81   data arrival time

  10.00   10.00   clock clk' (fall edge)
   0.00   10.00   clock network delay (ideal)
   0.00   10.00   clock reconvergence pessimism
          10.00 v _44107_/CLK (DFFLQNx3_ASAP7_75t_R)
 -17.64   -7.64   library setup time
          -7.64   data required time
---------------------------------------------------------
          -7.64   data required time
        -698.81   data arrival time
---------------------------------------------------------
        -706.44   slack (VIOLATED)


Startpoint: _44088_ (falling edge-triggered flip-flop clocked by clk')
Endpoint: _44176_ (falling edge-triggered flip-flop clocked by clk')
Path Group: clk
Path Type: max

  Delay    Time   Description
---------------------------------------------------------
   0.00    0.00   clock clk' (fall edge)
   0.00    0.00   clock network delay (ideal)
   0.00    0.00 v _44088_/CLK (DFFLQNx3_ASAP7_75t_R)
 112.85  112.85 v _44088_/QN (DFFLQNx3_ASAP7_75t_R)
  44.92  157.77 v rebuffer981/Y (BUFx6f_ASAP7_75t_R)
  37.40  195.17 ^ _26469_/Y (NOR2x2_ASAP7_75t_R)
  37.70  232.87 ^ rebuffer1887/Y (BUFx6f_ASAP7_75t_R)
  19.08  251.95 v _26511_/Y (NAND2x2_ASAP7_75t_R)
  32.87  284.82 v rebuffer618/Y (BUFx6f_ASAP7_75t_R)
  28.34  313.16 v rebuffer617/Y (BUFx2_ASAP7_75t_R)
  34.63  347.79 v _26590_/Y (AO21x1_ASAP7_75t_R)
  19.79  367.58 ^ _26591_/Y (NAND2x1_ASAP7_75t_R)
  20.09  387.66 v _26597_/Y (NOR2x1_ASAP7_75t_R)
  19.61  407.27 ^ _26598_/Y (NAND2x1_ASAP7_75t_R)
  23.19  430.46 v _26599_/Y (NOR2x1_ASAP7_75t_R)
  22.31  452.77 ^ _26600_/Y (NAND2x2_ASAP7_75t_R)
  28.10  480.87 v _26703_/Y (NOR2x2_ASAP7_75t_R)
  15.96  496.82 ^ _30134_/Y (INVx2_ASAP7_75t_R)
  22.08  518.91 v _30135_/Y (OAI21x1_ASAP7_75t_R)
  43.08  561.99 ^ _30137_/Y (NAND2x2_ASAP7_75t_R)
  31.83  593.81 v _30142_/Y (INVx2_ASAP7_75t_R)
  22.73  616.54 ^ _30277_/Y (NAND2x2_ASAP7_75t_R)
  31.12  647.66 ^ _30281_/Y (AO21x1_ASAP7_75t_R)
  15.40  663.07 v _30283_/Y (AOI21x1_ASAP7_75t_R)
  20.81  683.88 ^ _30284_/Y (OAI21x1_ASAP7_75t_R)
  14.90  698.77 v _30293_/Y (NAND2x1_ASAP7_75t_R)
   0.00  698.77 v _44176_/D (DFFLQNx3_ASAP7_75t_R)
         698.77   data arrival time

  10.00   10.00   clock clk' (fall edge)
   0.00   10.00   clock network delay (ideal)
   0.00   10.00   clock reconvergence pessimism
          10.00 v _44176_/CLK (DFFLQNx3_ASAP7_75t_R)
 -17.54   -7.54   library setup time
          -7.54   data required time
---------------------------------------------------------
          -7.54   data required time
        -698.77   data arrival time
---------------------------------------------------------
        -706.32   slack (VIOLATED)


Startpoint: _44168_ (falling edge-triggered flip-flop clocked by clk')
Endpoint: _44183_ (falling edge-triggered flip-flop clocked by clk')
Path Group: clk
Path Type: max

  Delay    Time   Description
---------------------------------------------------------
   0.00    0.00   clock clk' (fall edge)
   0.00    0.00   clock network delay (ideal)
   0.00    0.00 v _44168_/CLK (DFFLQNx3_ASAP7_75t_R)
 122.71  122.71 v _44168_/QN (DFFLQNx3_ASAP7_75t_R)
  45.05  167.76 v rebuffer2656/Y (BUFx2_ASAP7_75t_R)
  25.93  193.69 v rebuffer1404/Y (BUFx6f_ASAP7_75t_R)
  36.68  230.37 ^ _27029_/Y (NOR2x2_ASAP7_75t_R)
  41.87  272.25 ^ rebuffer2106/Y (BUFx6f_ASAP7_75t_R)
  26.36  298.61 v _27233_/Y (NAND2x2_ASAP7_75t_R)
  36.44  335.05 v _27243_/Y (AO21x1_ASAP7_75t_R)
  29.66  364.71 v _27244_/Y (AND2x2_ASAP7_75t_R)
  19.37  384.08 ^ _27248_/Y (NAND2x1_ASAP7_75t_R)
  15.79  399.86 v _27249_/Y (NOR2x1_ASAP7_75t_R)
  22.77  422.63 ^ _27250_/Y (INVx1_ASAP7_75t_R)
  22.19  444.82 v _27251_/Y (NOR2x2_ASAP7_75t_R)
  21.98  466.80 ^ _27655_/Y (NAND2x2_ASAP7_75t_R)
  32.35  499.15 v _27656_/Y (NOR2x2_ASAP7_75t_R)
  46.00  545.15 v _30400_/Y (XOR2x1_ASAP7_75t_R)
  43.28  588.43 v _30401_/Y (XOR2x1_ASAP7_75t_R)
  57.11  645.54 ^ _30402_/Y (XOR2x2_ASAP7_75t_R)
  15.82  661.36 v _30403_/Y (NAND2x1_ASAP7_75t_R)
  20.24  681.60 ^ _30404_/Y (AOI21x1_ASAP7_75t_R)
  15.89  697.50 v _30406_/Y (NOR2x1_ASAP7_75t_R)
   0.00  697.50 v _44183_/D (DFFLQNx2_ASAP7_75t_R)
         697.50   data arrival time

  10.00   10.00   clock clk' (fall edge)
   0.00   10.00   clock network delay (ideal)
   0.00   10.00   clock reconvergence pessimism
          10.00 v _44183_/CLK (DFFLQNx2_ASAP7_75t_R)
 -18.62   -8.62   library setup time
          -8.62   data required time
---------------------------------------------------------
          -8.62   data required time
        -697.50   data arrival time
---------------------------------------------------------
        -706.12   slack (VIOLATED)


Startpoint: _44113_ (falling edge-triggered flip-flop clocked by clk')
Endpoint: _44138_ (falling edge-triggered flip-flop clocked by clk')
Path Group: clk
Path Type: max

  Delay    Time   Description
---------------------------------------------------------
   0.00    0.00   clock clk' (fall edge)
   0.00    0.00   clock network delay (ideal)
   0.00    0.00 v _44113_/CLK (DFFLQNx3_ASAP7_75t_R)
 117.55  117.55 v _44113_/QN (DFFLQNx3_ASAP7_75t_R)
  41.88  159.43 v rebuffer767/Y (BUFx12f_ASAP7_75t_R)
  22.16  181.59 ^ _34683_/Y (NOR2x2_ASAP7_75t_R)
  47.22  228.81 ^ rebuffer1528/Y (BUFx4f_ASAP7_75t_R)
  34.14  262.95 v _34684_/Y (NAND2x2_ASAP7_75t_R)
  54.81  317.77 v _34779_/Y (AO21x2_ASAP7_75t_R)
  35.03  352.79 ^ _34934_/Y (NAND3x2_ASAP7_75t_R)
  25.03  377.82 v _34935_/Y (NOR2x2_ASAP7_75t_R)
  32.62  410.44 ^ _34938_/Y (NAND3x2_ASAP7_75t_R)
  32.95  443.39 v _34939_/Y (NOR2x1_ASAP7_75t_R)
  40.85  484.24 ^ _34940_/Y (NAND2x2_ASAP7_75t_R)
  34.99  519.23 v _35965_/Y (NAND2x2_ASAP7_75t_R)
  47.64  566.87 v _36841_/Y (XOR2x1_ASAP7_75t_R)
  22.44  589.31 ^ _36845_/Y (INVx1_ASAP7_75t_R)
  18.74  608.05 v _36846_/Y (OAI21x1_ASAP7_75t_R)
  26.52  634.57 ^ _36847_/Y (AOI21x1_ASAP7_75t_R)
  21.46  656.03 v _36848_/Y (NOR2x2_ASAP7_75t_R)
  37.88  693.91 v _36849_/Y (XOR2x1_ASAP7_75t_R)
   0.00  693.91 v _44138_/D (DFFLQNx2_ASAP7_75t_R)
         693.91   data arrival time

  10.00   10.00   clock clk' (fall edge)
   0.00   10.00   clock network delay (ideal)
   0.00   10.00   clock reconvergence pessimism
          10.00 v _44138_/CLK (DFFLQNx2_ASAP7_75t_R)
 -21.27  -11.27   library setup time
         -11.27   data required time
---------------------------------------------------------
         -11.27   data required time
        -693.91   data arrival time
---------------------------------------------------------
        -705.18   slack (VIOLATED)


Startpoint: _44121_ (falling edge-triggered flip-flop clocked by clk')
Endpoint: _44082_ (falling edge-triggered flip-flop clocked by clk')
Path Group: clk
Path Type: max

  Delay    Time   Description
---------------------------------------------------------
   0.00    0.00   clock clk' (fall edge)
   0.00    0.00   clock network delay (ideal)
   0.00    0.00 v _44121_/CLK (DFFLQNx3_ASAP7_75t_R)
 123.00  123.00 v _44121_/QN (DFFLQNx3_ASAP7_75t_R)
  49.61  172.61 v rebuffer676/Y (BUFx12f_ASAP7_75t_R)
  15.48  188.10 ^ _38875_/Y (CKINVDCx20_ASAP7_75t_R)
  27.49  215.59 v _38891_/Y (NOR2x2_ASAP7_75t_R)
  37.27  252.86 v rebuffer1833/Y (BUFx6f_ASAP7_75t_R)
  28.36  281.22 ^ _38918_/Y (NAND2x2_ASAP7_75t_R)
  35.11  316.33 ^ rebuffer2464/Y (BUFx2_ASAP7_75t_R)
  33.15  349.48 ^ _40245_/Y (AO21x1_ASAP7_75t_R)
  20.43  369.90 v _40246_/Y (OAI21x1_ASAP7_75t_R)
  20.09  389.99 ^ _40250_/Y (NOR2x1_ASAP7_75t_R)
  15.80  405.79 v _40251_/Y (NAND2x1_ASAP7_75t_R)
  24.68  430.47 ^ _40269_/Y (NOR2x1_ASAP7_75t_R)
  18.16  448.63 v _40270_/Y (NAND2x2_ASAP7_75t_R)
  17.81  466.44 ^ _40334_/Y (NOR2x2_ASAP7_75t_R)
  23.81  490.25 v _40335_/Y (NAND2x2_ASAP7_75t_R)
  88.27  578.52 ^ _40430_/Y (XOR2x2_ASAP7_75t_R)
  51.64  630.16 ^ _43125_/Y (XOR2x1_ASAP7_75t_R)
  19.50  649.66 v _43126_/Y (NAND2x1_ASAP7_75t_R)
  20.13  669.79 ^ _43127_/Y (AOI21x1_ASAP7_75t_R)
  18.10  687.89 v _43129_/Y (OAI21x1_ASAP7_75t_R)
  20.91  708.80 ^ _43135_/Y (NAND2x1_ASAP7_75t_R)
   0.00  708.80 ^ _44082_/D (DFFLQNx2_ASAP7_75t_R)
         708.80   data arrival time

  10.00   10.00   clock clk' (fall edge)
   0.00   10.00   clock network delay (ideal)
   0.00   10.00   clock reconvergence pessimism
          10.00 v _44082_/CLK (DFFLQNx2_ASAP7_75t_R)
  -5.33    4.67   library setup time
           4.67   data required time
---------------------------------------------------------
           4.67   data required time
        -708.80   data arrival time
---------------------------------------------------------
        -704.13   slack (VIOLATED)


Startpoint: _44176_ (falling edge-triggered flip-flop clocked by clk')
Endpoint: _44200_ (falling edge-triggered flip-flop clocked by clk')
Path Group: clk
Path Type: max

  Delay    Time   Description
---------------------------------------------------------
   0.00    0.00   clock clk' (fall edge)
   0.00    0.00   clock network delay (ideal)
   0.00    0.00 v _44176_/CLK (DFFLQNx3_ASAP7_75t_R)
 133.62  133.62 v _44176_/QN (DFFLQNx3_ASAP7_75t_R)
  50.91  184.53 v rebuffer662/Y (BUFx12f_ASAP7_75t_R)
  16.48  201.01 ^ _26045_/Y (CKINVDCx20_ASAP7_75t_R)
  22.32  223.32 v _26112_/Y (NOR2x2_ASAP7_75t_R)
  37.99  261.32 v rebuffer1166/Y (BUFx2_ASAP7_75t_R)
  42.01  303.33 ^ _26327_/Y (NAND2x2_ASAP7_75t_R)
  53.31  356.64 ^ _26367_/Y (AO21x1_ASAP7_75t_R)
  19.69  376.33 v _26368_/Y (NAND2x1_ASAP7_75t_R)
  23.94  400.26 ^ _26372_/Y (NOR2x1_ASAP7_75t_R)
  17.49  417.75 v _26378_/Y (NAND2x1_ASAP7_75t_R)
  18.57  436.33 ^ _26389_/Y (NOR2x1_ASAP7_75t_R)
  20.17  456.50 v _26416_/Y (NAND2x1_ASAP7_75t_R)
  42.85  499.35 ^ _26417_/Y (NOR2x2_ASAP7_75t_R)
  43.70  543.04 v _26432_/Y (NOR2x2_ASAP7_75t_R)
  35.08  578.12 ^ _26744_/Y (NOR2x2_ASAP7_75t_R)
  19.77  597.89 v _26745_/Y (NAND2x1_ASAP7_75t_R)
  21.21  619.10 ^ _27256_/Y (AOI21x1_ASAP7_75t_R)
  17.49  636.59 v _27263_/Y (OAI21x1_ASAP7_75t_R)
  18.77  655.36 ^ _27264_/Y (NAND2x1_ASAP7_75t_R)
  41.22  696.57 v _27265_/Y (XOR2x2_ASAP7_75t_R)
   0.00  696.57 v _44200_/D (DFFLQNx3_ASAP7_75t_R)
         696.57   data arrival time

  10.00   10.00   clock clk' (fall edge)
   0.00   10.00   clock network delay (ideal)
   0.00   10.00   clock reconvergence pessimism
          10.00 v _44200_/CLK (DFFLQNx3_ASAP7_75t_R)
 -17.49   -7.49   library setup time
          -7.49   data required time
---------------------------------------------------------
          -7.49   data required time
        -696.57   data arrival time
---------------------------------------------------------
        -704.06   slack (VIOLATED)


Startpoint: _44123_ (falling edge-triggered flip-flop clocked by clk')
Endpoint: _44081_ (falling edge-triggered flip-flop clocked by clk')
Path Group: clk
Path Type: max

  Delay    Time   Description
---------------------------------------------------------
   0.00    0.00   clock clk' (fall edge)
   0.00    0.00   clock network delay (ideal)
   0.00    0.00 v _44123_/CLK (DFFLQNx2_ASAP7_75t_R)
  91.64   91.64 v _44123_/QN (DFFLQNx2_ASAP7_75t_R)
  41.64  133.28 v rebuffer2108/Y (BUFx6f_ASAP7_75t_R)
  28.91  162.20 v rebuffer2109/Y (BUFx6f_ASAP7_75t_R)
  18.44  180.63 ^ _38882_/Y (NOR2x2_ASAP7_75t_R)
  39.93  220.56 ^ rebuffer695/Y (BUFx12f_ASAP7_75t_R)
  36.62  257.18 ^ rebuffer697/Y (BUFx2_ASAP7_75t_R)
  20.96  278.14 v _38917_/Y (NAND2x2_ASAP7_75t_R)
  32.92  311.06 v rebuffer2644/Y (BUFx3_ASAP7_75t_R)
  16.04  327.10 ^ _38919_/Y (NAND2x2_ASAP7_75t_R)
  18.39  345.49 v _38923_/Y (OAI21x1_ASAP7_75t_R)
  38.58  384.08 v _38932_/Y (AND2x2_ASAP7_75t_R)
  16.46  400.54 ^ _38947_/Y (NAND2x1_ASAP7_75t_R)
  19.68  420.22 v _38982_/Y (NOR2x1_ASAP7_75t_R)
  27.01  447.22 ^ _39038_/Y (NAND2x1_ASAP7_75t_R)
  31.63  478.86 v _39127_/Y (NOR2x2_ASAP7_75t_R)
  44.74  523.60 ^ _39128_/Y (NAND2x2_ASAP7_75t_R)
  56.64  580.24 v _42973_/Y (XOR2x2_ASAP7_75t_R)
  39.68  619.92 v _43112_/Y (XOR2x1_ASAP7_75t_R)
  22.48  642.40 ^ _43113_/Y (NAND2x1_ASAP7_75t_R)
  21.04  663.44 v _43117_/Y (AOI21x1_ASAP7_75t_R)
  31.35  694.79 v _43118_/Y (XNOR2x1_ASAP7_75t_R)
   0.00  694.79 v _44081_/D (DFFLQNx3_ASAP7_75t_R)
         694.79   data arrival time

  10.00   10.00   clock clk' (fall edge)
   0.00   10.00   clock network delay (ideal)
   0.00   10.00   clock reconvergence pessimism
          10.00 v _44081_/CLK (DFFLQNx3_ASAP7_75t_R)
 -18.78   -8.78   library setup time
          -8.78   data required time
---------------------------------------------------------
          -8.78   data required time
        -694.79   data arrival time
---------------------------------------------------------
        -703.57   slack (VIOLATED)


Startpoint: _44081_ (falling edge-triggered flip-flop clocked by clk')
Endpoint: _44083_ (falling edge-triggered flip-flop clocked by clk')
Path Group: clk
Path Type: max

  Delay    Time   Description
---------------------------------------------------------
   0.00    0.00   clock clk' (fall edge)
   0.00    0.00   clock network delay (ideal)
   0.00    0.00 v _44081_/CLK (DFFLQNx3_ASAP7_75t_R)
 124.32  124.32 v _44081_/QN (DFFLQNx3_ASAP7_75t_R)
  49.90  174.21 v rebuffer708/Y (BUFx2_ASAP7_75t_R)
  31.83  206.04 v rebuffer709/Y (BUFx2_ASAP7_75t_R)
  41.89  247.93 v _39244_/Y (AND2x6_ASAP7_75t_R)
  37.36  285.29 ^ _39256_/Y (NAND2x2_ASAP7_75t_R)
  48.65  333.93 ^ _39260_/Y (AO21x2_ASAP7_75t_R)
  15.84  349.77 v _39265_/Y (NAND2x1_ASAP7_75t_R)
  45.87  395.65 v _39271_/Y (OR3x1_ASAP7_75t_R)
  18.13  413.78 ^ _39272_/Y (NOR2x1_ASAP7_75t_R)
  20.27  434.04 v _39273_/Y (NAND2x1_ASAP7_75t_R)
  49.40  483.45 ^ _39359_/Y (NOR2x2_ASAP7_75t_R)
  32.74  516.19 v _40053_/Y (INVx3_ASAP7_75t_R)
  65.70  581.88 ^ _41427_/Y (XOR2x2_ASAP7_75t_R)
  23.14  605.02 v _43136_/Y (NOR2x1_ASAP7_75t_R)
  22.25  627.27 ^ _43143_/Y (OAI21x1_ASAP7_75t_R)
  23.35  650.62 v _43154_/Y (AOI21x1_ASAP7_75t_R)
  40.45  691.07 v _43158_/Y (OA21x2_ASAP7_75t_R)
  15.85  706.92 ^ _43159_/Y (NOR2x1_ASAP7_75t_R)
   0.00  706.92 ^ _44083_/D (DFFLQNx2_ASAP7_75t_R)
         706.92   data arrival time

  10.00   10.00   clock clk' (fall edge)
   0.00   10.00   clock network delay (ideal)
   0.00   10.00   clock reconvergence pessimism
          10.00 v _44083_/CLK (DFFLQNx2_ASAP7_75t_R)
  -5.15    4.85   library setup time
           4.85   data required time
---------------------------------------------------------
           4.85   data required time
        -706.92   data arrival time
---------------------------------------------------------
        -702.07   slack (VIOLATED)


Startpoint: _44160_ (falling edge-triggered flip-flop clocked by clk')
Endpoint: _44094_ (falling edge-triggered flip-flop clocked by clk')
Path Group: clk
Path Type: max

  Delay    Time   Description
---------------------------------------------------------
   0.00    0.00   clock clk' (fall edge)
   0.00    0.00   clock network delay (ideal)
   0.00    0.00 v _44160_/CLK (DFFLQNx3_ASAP7_75t_R)
 119.73  119.73 v _44160_/QN (DFFLQNx3_ASAP7_75t_R)
  46.42  166.15 v rebuffer1300/Y (BUFx12f_ASAP7_75t_R)
  29.18  195.33 v rebuffer1303/Y (BUFx6f_ASAP7_75t_R)
  21.87  217.20 ^ _39552_/Y (NOR2x2_ASAP7_75t_R)
  36.31  253.51 ^ rebuffer1250/Y (BUFx12f_ASAP7_75t_R)
  39.02  292.52 ^ rebuffer1251/Y (BUFx2_ASAP7_75t_R)
  22.31  314.83 v clone777/Y (NAND2x2_ASAP7_75t_R)
  33.05  347.88 v _42357_/Y (AO21x1_ASAP7_75t_R)
  55.98  403.86 v _42358_/Y (OA211x2_ASAP7_75t_R)
  19.67  423.54 ^ _42359_/Y (NAND2x1_ASAP7_75t_R)
  17.84  441.38 v _42360_/Y (NOR2x1_ASAP7_75t_R)
  25.08  466.46 ^ _42361_/Y (NAND2x1_ASAP7_75t_R)
  23.89  490.35 v _42392_/Y (NOR2x2_ASAP7_75t_R)
  33.95  524.30 ^ _42393_/Y (NAND2x2_ASAP7_75t_R)
  69.63  593.94 v _43069_/Y (XNOR2x2_ASAP7_75t_R)
  28.15  622.08 ^ _43070_/Y (INVx1_ASAP7_75t_R)
  22.93  645.01 v _43078_/Y (OAI21x1_ASAP7_75t_R)
  19.90  664.91 ^ _43080_/Y (AOI21x1_ASAP7_75t_R)
  23.06  687.97 v _43081_/Y (OAI21x1_ASAP7_75t_R)
  18.96  706.92 ^ _43082_/Y (NAND2x2_ASAP7_75t_R)
   0.00  706.92 ^ _44094_/D (DFFLQNx2_ASAP7_75t_R)
         706.92   data arrival time

  10.00   10.00   clock clk' (fall edge)
   0.00   10.00   clock network delay (ideal)
   0.00   10.00   clock reconvergence pessimism
          10.00 v _44094_/CLK (DFFLQNx2_ASAP7_75t_R)
  -4.92    5.08   library setup time
           5.08   data required time
---------------------------------------------------------
           5.08   data required time
        -706.92   data arrival time
---------------------------------------------------------
        -701.84   slack (VIOLATED)


Startpoint: _44126_ (falling edge-triggered flip-flop clocked by clk')
Endpoint: _44095_ (falling edge-triggered flip-flop clocked by clk')
Path Group: clk
Path Type: max

  Delay    Time   Description
---------------------------------------------------------
   0.00    0.00   clock clk' (fall edge)
   0.00    0.00   clock network delay (ideal)
   0.00    0.00 v _44126_/CLK (DFFLQNx2_ASAP7_75t_R)
 111.81  111.81 v _44126_/QN (DFFLQNx2_ASAP7_75t_R)
  42.79  154.60 v rebuffer1923/Y (BUFx3_ASAP7_75t_R)
  19.25  173.85 ^ _38955_/Y (NOR2x2_ASAP7_75t_R)
  32.39  206.24 ^ rebuffer1853/Y (BUFx6f_ASAP7_75t_R)
  19.75  225.99 v _39020_/Y (NAND2x2_ASAP7_75t_R)
  34.84  260.83 v rebuffer1038/Y (BUFx2_ASAP7_75t_R)
  35.05  295.88 v rebuffer1039/Y (BUFx2_ASAP7_75t_R)
  30.24  326.13 v rebuffer1040/Y (BUFx2_ASAP7_75t_R)
  34.93  361.06 v _42169_/Y (AO21x1_ASAP7_75t_R)
  28.51  389.58 ^ _42170_/Y (NAND3x1_ASAP7_75t_R)
  26.00  415.57 v _42175_/Y (NOR3x1_ASAP7_75t_R)
  29.48  445.05 ^ _42194_/Y (NAND2x1_ASAP7_75t_R)
  34.57  479.62 v _42225_/Y (AOI211x1_ASAP7_75t_R)
  57.71  537.34 v rebuffer814/Y (BUFx2_ASAP7_75t_R)
  41.71  579.04 v _43094_/Y (XOR2x1_ASAP7_75t_R)
  24.68  603.72 ^ _43095_/Y (NAND2x1_ASAP7_75t_R)
  37.58  641.30 ^ _43096_/Y (AO21x1_ASAP7_75t_R)
  17.25  658.55 v _43098_/Y (AOI21x1_ASAP7_75t_R)
  21.14  679.70 ^ _43099_/Y (OAI21x1_ASAP7_75t_R)
  14.46  694.16 v _43100_/Y (NAND2x1_ASAP7_75t_R)
   0.00  694.16 v _44095_/D (DFFLQNx2_ASAP7_75t_R)
         694.16   data arrival time

  10.00   10.00   clock clk' (fall edge)
   0.00   10.00   clock network delay (ideal)
   0.00   10.00   clock reconvergence pessimism
          10.00 v _44095_/CLK (DFFLQNx2_ASAP7_75t_R)
 -17.68   -7.68   library setup time
          -7.68   data required time
---------------------------------------------------------
          -7.68   data required time
        -694.16   data arrival time
---------------------------------------------------------
        -701.84   slack (VIOLATED)


Startpoint: _44137_ (falling edge-triggered flip-flop clocked by clk')
Endpoint: _44154_ (falling edge-triggered flip-flop clocked by clk')
Path Group: clk
Path Type: max

  Delay    Time   Description
---------------------------------------------------------
   0.00    0.00   clock clk' (fall edge)
   0.00    0.00   clock network delay (ideal)
   0.00    0.00 v _44137_/CLK (DFFLQNx3_ASAP7_75t_R)
 114.91  114.91 v _44137_/QN (DFFLQNx3_ASAP7_75t_R)
  45.94  160.85 v rebuffer1151/Y (BUFx12f_ASAP7_75t_R)
  34.74  195.59 ^ _31383_/Y (NOR2x2_ASAP7_75t_R)
  41.14  236.74 ^ rebuffer1194/Y (BUFx2_ASAP7_75t_R)
  20.07  256.80 v _31384_/Y (INVx3_ASAP7_75t_R)
  55.56  312.36 ^ clone3475/Y (NOR2xp67_ASAP7_75t_R)
  50.80  363.16 ^ _32578_/Y (OA21x2_ASAP7_75t_R)
  25.92  389.08 ^ _32579_/Y (OR3x1_ASAP7_75t_R)
  16.19  405.27 v _32580_/Y (NOR2x1_ASAP7_75t_R)
  25.46  430.73 ^ _32581_/Y (NAND2x1_ASAP7_75t_R)
  23.20  453.93 v _32582_/Y (NOR2x2_ASAP7_75t_R)
  21.83  475.76 ^ _32583_/Y (NAND2x2_ASAP7_75t_R)
  38.71  514.47 ^ rebuffer3199/Y (BUFx4f_ASAP7_75t_R)
  38.66  553.13 ^ rebuffer3200/Y (BUFx3_ASAP7_75t_R)
  35.36  588.49 ^ _34393_/Y (OA21x2_ASAP7_75t_R)
  15.14  603.63 v _34395_/Y (OAI21x1_ASAP7_75t_R)
  27.26  630.89 ^ _34401_/Y (AOI21x1_ASAP7_75t_R)
  20.79  651.68 v _34402_/Y (NOR2x2_ASAP7_75t_R)
  37.88  689.56 v _34403_/Y (XOR2x1_ASAP7_75t_R)
   0.00  689.56 v _44154_/D (DFFLQNx2_ASAP7_75t_R)
         689.56   data arrival time

  10.00   10.00   clock clk' (fall edge)
   0.00   10.00   clock network delay (ideal)
   0.00   10.00   clock reconvergence pessimism
          10.00 v _44154_/CLK (DFFLQNx2_ASAP7_75t_R)
 -19.83   -9.83   library setup time
          -9.83   data required time
---------------------------------------------------------
          -9.83   data required time
        -689.56   data arrival time
---------------------------------------------------------
        -699.40   slack (VIOLATED)


Startpoint: _44192_ (falling edge-triggered flip-flop clocked by clk')
Endpoint: _44117_ (falling edge-triggered flip-flop clocked by clk')
Path Group: clk
Path Type: max

  Delay    Time   Description
---------------------------------------------------------
   0.00    0.00   clock clk' (fall edge)
   0.00    0.00   clock network delay (ideal)
   0.00    0.00 v _44192_/CLK (DFFLQNx3_ASAP7_75t_R)
 148.37  148.37 v _44192_/QN (DFFLQNx3_ASAP7_75t_R)
  52.95  201.32 v rebuffer1313/Y (BUFx2_ASAP7_75t_R)
  43.78  245.11 v _35374_/Y (AND2x6_ASAP7_75t_R)
  32.20  277.30 ^ _35375_/Y (NAND2x2_ASAP7_75t_R)
  43.56  320.86 ^ rebuffer2146/Y (BUFx2_ASAP7_75t_R)
  37.64  358.50 ^ _37685_/Y (AO21x1_ASAP7_75t_R)
  19.45  377.95 v _37687_/Y (NAND2x2_ASAP7_75t_R)
  24.91  402.87 ^ _37688_/Y (NOR3x2_ASAP7_75t_R)
  18.08  420.95 v _37695_/Y (NAND3x2_ASAP7_75t_R)
  27.57  448.52 ^ _37711_/Y (NOR2x2_ASAP7_75t_R)
  21.65  470.17 v _37712_/Y (NAND2x2_ASAP7_75t_R)
  31.63  501.80 ^ _37713_/Y (NOR2x2_ASAP7_75t_R)
  41.87  543.67 ^ rebuffer2729/Y (BUFx6f_ASAP7_75t_R)
  20.37  564.04 v _38532_/Y (NOR2x2_ASAP7_75t_R)
  29.48  593.52 ^ _38830_/Y (OAI21x1_ASAP7_75t_R)
  38.72  632.25 ^ _38833_/Y (AO31x2_ASAP7_75t_R)
  17.59  649.84 v _38835_/Y (OAI21x1_ASAP7_75t_R)
  38.94  688.78 v _38836_/Y (XOR2x1_ASAP7_75t_R)
   0.00  688.78 v _44117_/D (DFFLQNx2_ASAP7_75t_R)
         688.78   data arrival time

  10.00   10.00   clock clk' (fall edge)
   0.00   10.00   clock network delay (ideal)
   0.00   10.00   clock reconvergence pessimism
          10.00 v _44117_/CLK (DFFLQNx2_ASAP7_75t_R)
 -20.46  -10.46   library setup time
         -10.46   data required time
---------------------------------------------------------
         -10.46   data required time
        -688.78   data arrival time
---------------------------------------------------------
        -699.24   slack (VIOLATED)


Startpoint: _44185_ (falling edge-triggered flip-flop clocked by clk')
Endpoint: _44158_ (falling edge-triggered flip-flop clocked by clk')
Path Group: clk
Path Type: max

  Delay    Time   Description
---------------------------------------------------------
   0.00    0.00   clock clk' (fall edge)
   0.00    0.00   clock network delay (ideal)
   0.00    0.00 v _44185_/CLK (DFFLQNx3_ASAP7_75t_R)
 112.52  112.52 v _44185_/QN (DFFLQNx3_ASAP7_75t_R)
  39.43  151.95 v rebuffer1055/Y (BUFx12f_ASAP7_75t_R)
  28.73  180.68 v rebuffer1056/Y (BUFx12f_ASAP7_75t_R)
  29.04  209.72 ^ _30469_/Y (NOR2x2_ASAP7_75t_R)
  43.93  253.65 ^ rebuffer794/Y (BUFx3_ASAP7_75t_R)
  32.08  285.72 ^ rebuffer795/Y (BUFx4f_ASAP7_75t_R)
  25.12  310.84 v _30541_/Y (NAND2x2_ASAP7_75t_R)
  41.97  352.81 v _33194_/Y (AO21x1_ASAP7_75t_R)
  19.69  372.51 ^ _33364_/Y (NAND2x1_ASAP7_75t_R)
  19.87  392.37 v _33367_/Y (NOR2x1_ASAP7_75t_R)
  25.32  417.69 ^ _33372_/Y (NAND2x1_ASAP7_75t_R)
  17.64  435.33 v _33373_/Y (INVx1_ASAP7_75t_R)
  18.06  453.39 ^ _33374_/Y (NAND2x1_ASAP7_75t_R)
  26.31  479.71 v _33391_/Y (NOR2x1_ASAP7_75t_R)
  28.43  508.14 ^ _33392_/Y (NAND2x2_ASAP7_75t_R)
  38.67  546.81 v _33393_/Y (NOR2x2_ASAP7_75t_R)
  32.11  578.93 ^ _34479_/Y (NAND2x1_ASAP7_75t_R)
  27.62  606.55 v _34481_/Y (AOI21x1_ASAP7_75t_R)
  24.51  631.05 ^ _34487_/Y (OAI21x1_ASAP7_75t_R)
  16.58  647.64 v _34488_/Y (NAND2x1_ASAP7_75t_R)
  22.82  670.45 ^ _34490_/Y (OAI21x1_ASAP7_75t_R)
  33.35  703.81 ^ _34491_/Y (XOR2x1_ASAP7_75t_R)
   0.00  703.81 ^ _44158_/D (DFFLQNx2_ASAP7_75t_R)
         703.81   data arrival time

  10.00   10.00   clock clk' (fall edge)
   0.00   10.00   clock network delay (ideal)
   0.00   10.00   clock reconvergence pessimism
          10.00 v _44158_/CLK (DFFLQNx2_ASAP7_75t_R)
  -5.41    4.59   library setup time
           4.59   data required time
---------------------------------------------------------
           4.59   data required time
        -703.81   data arrival time
---------------------------------------------------------
        -699.22   slack (VIOLATED)


Startpoint: _44192_ (falling edge-triggered flip-flop clocked by clk')
Endpoint: _44127_ (falling edge-triggered flip-flop clocked by clk')
Path Group: clk
Path Type: max

  Delay    Time   Description
---------------------------------------------------------
   0.00    0.00   clock clk' (fall edge)
   0.00    0.00   clock network delay (ideal)
   0.00    0.00 v _44192_/CLK (DFFLQNx3_ASAP7_75t_R)
 148.37  148.37 v _44192_/QN (DFFLQNx3_ASAP7_75t_R)
  28.43  176.80 ^ _35344_/Y (NOR2x2_ASAP7_75t_R)
  38.58  215.38 ^ rebuffer571/Y (BUFx3_ASAP7_75t_R)
  20.41  235.79 v _35353_/Y (NAND2x2_ASAP7_75t_R)
  30.64  266.43 v rebuffer3213/Y (BUFx6f_ASAP7_75t_R)
  28.48  294.91 v rebuffer3214/Y (BUFx2_ASAP7_75t_R)
  15.38  310.29 ^ _37975_/Y (NOR2x1_ASAP7_75t_R)
  15.85  326.14 v _37976_/Y (INVx1_ASAP7_75t_R)
  20.45  346.59 ^ _37978_/Y (NAND2x1_ASAP7_75t_R)
  19.51  366.11 v _37979_/Y (NOR2x1_ASAP7_75t_R)
  21.09  387.20 ^ _37983_/Y (NAND3x1_ASAP7_75t_R)
  27.66  414.86 v _37992_/Y (NOR2x1_ASAP7_75t_R)
  33.04  447.90 ^ _37993_/Y (NAND2x2_ASAP7_75t_R)
  31.29  479.19 v _38181_/Y (NOR2x2_ASAP7_75t_R)
  38.87  518.06 ^ _38182_/Y (NAND2x2_ASAP7_75t_R)
  57.86  575.92 v _38549_/Y (XOR2x2_ASAP7_75t_R)
  34.26  610.18 v _38736_/Y (AND2x4_ASAP7_75t_R)
  19.19  629.36 ^ _38738_/Y (OAI21x1_ASAP7_75t_R)
  19.49  648.85 v _38743_/Y (AOI21x1_ASAP7_75t_R)
  27.69  676.54 ^ _38745_/Y (OAI21x1_ASAP7_75t_R)
  14.56  691.10 v _38751_/Y (NAND2x2_ASAP7_75t_R)
   0.00  691.10 v _44127_/D (DFFLQNx2_ASAP7_75t_R)
         691.10   data arrival time

  10.00   10.00   clock clk' (fall edge)
   0.00   10.00   clock network delay (ideal)
   0.00   10.00   clock reconvergence pessimism
          10.00 v _44127_/CLK (DFFLQNx2_ASAP7_75t_R)
 -17.71   -7.71   library setup time
          -7.71   data required time
---------------------------------------------------------
          -7.71   data required time
        -691.10   data arrival time
---------------------------------------------------------
        -698.80   slack (VIOLATED)


Startpoint: _44160_ (falling edge-triggered flip-flop clocked by clk')
Endpoint: _44087_ (falling edge-triggered flip-flop clocked by clk')
Path Group: clk
Path Type: max

  Delay    Time   Description
---------------------------------------------------------
   0.00    0.00   clock clk' (fall edge)
   0.00    0.00   clock network delay (ideal)
   0.00    0.00 v _44160_/CLK (DFFLQNx3_ASAP7_75t_R)
 119.73  119.73 v _44160_/QN (DFFLQNx3_ASAP7_75t_R)
  46.42  166.15 v rebuffer1300/Y (BUFx12f_ASAP7_75t_R)
  29.18  195.33 v rebuffer1303/Y (BUFx6f_ASAP7_75t_R)
  21.87  217.20 ^ _39552_/Y (NOR2x2_ASAP7_75t_R)
  31.89  249.09 ^ rebuffer1249/Y (BUFx6f_ASAP7_75t_R)
  24.74  273.83 v _39652_/Y (NAND2x2_ASAP7_75t_R)
  35.66  309.49 v rebuffer759/Y (BUFx6f_ASAP7_75t_R)
  32.30  341.79 v _42666_/Y (AO21x1_ASAP7_75t_R)
  24.82  366.61 ^ _42667_/Y (NAND2x1_ASAP7_75t_R)
  22.73  389.34 v _42671_/Y (NOR2x2_ASAP7_75t_R)
  23.02  412.36 ^ _42736_/Y (NAND2x1_ASAP7_75t_R)
  18.09  430.45 v _42737_/Y (NOR2x1_ASAP7_75t_R)
  27.81  458.26 ^ _42743_/Y (NAND2x1_ASAP7_75t_R)
  30.26  488.52 v _42753_/Y (NOR2x2_ASAP7_75t_R)
  43.01  531.53 v rebuffer2566/Y (BUFx4f_ASAP7_75t_R)
  43.68  575.21 v _43214_/Y (XOR2x1_ASAP7_75t_R)
  19.86  595.07 ^ _43215_/Y (INVx1_ASAP7_75t_R)
  16.49  611.56 v _43216_/Y (AOI21x1_ASAP7_75t_R)
  26.42  637.99 ^ _43220_/Y (OAI21x1_ASAP7_75t_R)
  18.65  656.63 v _43221_/Y (INVx1_ASAP7_75t_R)
  19.93  676.56 ^ _43222_/Y (OAI21x1_ASAP7_75t_R)
  14.31  690.87 v _43226_/Y (NAND2x1_ASAP7_75t_R)
   0.00  690.87 v _44087_/D (DFFLQNx2_ASAP7_75t_R)
         690.87   data arrival time

  10.00   10.00   clock clk' (fall edge)
   0.00   10.00   clock network delay (ideal)
   0.00   10.00   clock reconvergence pessimism
          10.00 v _44087_/CLK (DFFLQNx2_ASAP7_75t_R)
 -17.64   -7.64   library setup time
          -7.64   data required time
---------------------------------------------------------
          -7.64   data required time
        -690.87   data arrival time
---------------------------------------------------------
        -698.50   slack (VIOLATED)


Startpoint: _44113_ (falling edge-triggered flip-flop clocked by clk')
Endpoint: _44125_ (falling edge-triggered flip-flop clocked by clk')
Path Group: clk
Path Type: max

  Delay    Time   Description
---------------------------------------------------------
   0.00    0.00   clock clk' (fall edge)
   0.00    0.00   clock network delay (ideal)
   0.00    0.00 v _44113_/CLK (DFFLQNx3_ASAP7_75t_R)
 117.55  117.55 v _44113_/QN (DFFLQNx3_ASAP7_75t_R)
  41.88  159.43 v rebuffer767/Y (BUFx12f_ASAP7_75t_R)
  22.16  181.59 ^ _34683_/Y (NOR2x2_ASAP7_75t_R)
  47.37  228.96 ^ rebuffer608/Y (BUFx2_ASAP7_75t_R)
  25.65  254.61 v _34813_/Y (INVx3_ASAP7_75t_R)
  29.16  283.77 ^ _34850_/Y (NOR2x2_ASAP7_75t_R)
  52.20  335.97 ^ _35022_/Y (OA21x2_ASAP7_75t_R)
  23.36  359.33 v _37856_/Y (NOR2x2_ASAP7_75t_R)
  24.14  383.47 ^ _37859_/Y (NAND3x2_ASAP7_75t_R)
  23.96  407.43 v _37860_/Y (NOR2x1_ASAP7_75t_R)
  19.69  427.12 ^ _37861_/Y (NAND2x1_ASAP7_75t_R)
  25.03  452.15 v _37862_/Y (NOR2x1_ASAP7_75t_R)
  30.56  482.71 ^ _37863_/Y (NAND2x2_ASAP7_75t_R)
  41.53  524.24 v _37864_/Y (NOR2x2_ASAP7_75t_R)
  32.88  557.12 ^ _38698_/Y (NAND2x2_ASAP7_75t_R)
  23.68  580.80 v _38700_/Y (NAND3x2_ASAP7_75t_R)
  30.61  611.41 v rebuffer3364/Y (BUFx6f_ASAP7_75t_R)
  17.01  628.42 ^ _38709_/Y (NAND3x1_ASAP7_75t_R)
  19.36  647.78 v _38710_/Y (AOI21x1_ASAP7_75t_R)
  26.91  674.69 ^ _38711_/Y (OAI21x1_ASAP7_75t_R)
  15.27  689.97 v _38712_/Y (NAND2x2_ASAP7_75t_R)
   0.00  689.97 v _44125_/D (DFFLQNx2_ASAP7_75t_R)
         689.97   data arrival time

  10.00   10.00   clock clk' (fall edge)
   0.00   10.00   clock network delay (ideal)
   0.00   10.00   clock reconvergence pessimism
          10.00 v _44125_/CLK (DFFLQNx2_ASAP7_75t_R)
 -17.71   -7.71   library setup time
          -7.71   data required time
---------------------------------------------------------
          -7.71   data required time
        -689.97   data arrival time
---------------------------------------------------------
        -697.68   slack (VIOLATED)


Startpoint: _44105_ (falling edge-triggered flip-flop clocked by clk')
Endpoint: _44130_ (falling edge-triggered flip-flop clocked by clk')
Path Group: clk
Path Type: max

  Delay    Time   Description
---------------------------------------------------------
   0.00    0.00   clock clk' (fall edge)
   0.00    0.00   clock network delay (ideal)
   0.00    0.00 v _44105_/CLK (DFFLQNx3_ASAP7_75t_R)
 115.53  115.53 v _44105_/QN (DFFLQNx3_ASAP7_75t_R)
  48.46  163.99 v rebuffer1423/Y (BUFx3_ASAP7_75t_R)
  30.42  194.40 v rebuffer1424/Y (BUFx6f_ASAP7_75t_R)
  45.51  239.91 v _35699_/Y (AND2x6_ASAP7_75t_R)
  27.69  267.60 ^ _35722_/Y (NAND2x2_ASAP7_75t_R)
  39.88  307.49 ^ rebuffer887/Y (BUFx2_ASAP7_75t_R)
  29.16  336.64 ^ rebuffer888/Y (BUFx2_ASAP7_75t_R)
  36.84  373.48 ^ _36777_/Y (AO21x2_ASAP7_75t_R)
  40.68  414.16 ^ _36780_/Y (AND3x1_ASAP7_75t_R)
  15.46  429.62 v _36781_/Y (NAND2x1_ASAP7_75t_R)
  18.81  448.43 ^ _36792_/Y (NOR2x1_ASAP7_75t_R)
  15.20  463.63 v _36793_/Y (NAND2x1_ASAP7_75t_R)
  24.36  487.99 ^ _36839_/Y (NOR2x1_ASAP7_75t_R)
  28.37  516.36 v _36840_/Y (NAND2x2_ASAP7_75t_R)
  71.40  587.76 ^ _38467_/Y (XOR2x2_ASAP7_75t_R)
  23.17  610.93 v _38468_/Y (OAI21x1_ASAP7_75t_R)
  20.51  631.44 ^ _38473_/Y (AOI21x1_ASAP7_75t_R)
  19.15  650.58 v _38474_/Y (NOR2x1_ASAP7_75t_R)
  39.29  689.87 v _38475_/Y (XNOR2x2_ASAP7_75t_R)
   0.00  689.87 v _44130_/D (DFFLQNx2_ASAP7_75t_R)
         689.87   data arrival time

  10.00   10.00   clock clk' (fall edge)
   0.00   10.00   clock network delay (ideal)
   0.00   10.00   clock reconvergence pessimism
          10.00 v _44130_/CLK (DFFLQNx2_ASAP7_75t_R)
 -17.76   -7.76   library setup time
          -7.76   data required time
---------------------------------------------------------
          -7.76   data required time
        -689.87   data arrival time
---------------------------------------------------------
        -697.63   slack (VIOLATED)


Startpoint: _44081_ (falling edge-triggered flip-flop clocked by clk')
Endpoint: _44088_ (falling edge-triggered flip-flop clocked by clk')
Path Group: clk
Path Type: max

  Delay    Time   Description
---------------------------------------------------------
   0.00    0.00   clock clk' (fall edge)
   0.00    0.00   clock network delay (ideal)
   0.00    0.00 v _44081_/CLK (DFFLQNx3_ASAP7_75t_R)
 124.32  124.32 v _44081_/QN (DFFLQNx3_ASAP7_75t_R)
  49.90  174.21 v rebuffer708/Y (BUFx2_ASAP7_75t_R)
  20.84  195.05 ^ _39141_/Y (NOR2x2_ASAP7_75t_R)
  33.14  228.20 ^ rebuffer1710/Y (BUFx6f_ASAP7_75t_R)
  32.24  260.44 ^ rebuffer1711/Y (BUFx2_ASAP7_75t_R)
  21.32  281.76 v _39181_/Y (NAND2x2_ASAP7_75t_R)
  39.70  321.47 v rebuffer1244/Y (BUFx2_ASAP7_75t_R)
  19.73  341.20 ^ _39462_/Y (NOR2x1_ASAP7_75t_R)
  24.97  366.17 v _39464_/Y (NOR2x1_ASAP7_75t_R)
  28.89  395.05 ^ _39465_/Y (NAND3x1_ASAP7_75t_R)
  20.23  415.28 v _39466_/Y (NOR2x1_ASAP7_75t_R)
  26.83  442.11 ^ _39509_/Y (NAND2x1_ASAP7_75t_R)
  34.99  477.10 v _39510_/Y (NOR2x2_ASAP7_75t_R)
  47.52  524.62 ^ _40054_/Y (NAND2x2_ASAP7_75t_R)
  35.63  560.25 v _42951_/Y (NOR2x1_ASAP7_75t_R)
  21.95  582.20 ^ _42955_/Y (NOR2x1_ASAP7_75t_R)
  21.32  603.52 v _42956_/Y (NAND2x1_ASAP7_75t_R)
  22.51  626.03 ^ _42957_/Y (AOI21x1_ASAP7_75t_R)
  17.15  643.19 v _42958_/Y (OAI21x1_ASAP7_75t_R)
  26.75  669.94 ^ _42959_/Y (AOI21x1_ASAP7_75t_R)
  18.99  688.93 v _42965_/Y (NOR2x2_ASAP7_75t_R)
   0.00  688.93 v _44088_/D (DFFLQNx3_ASAP7_75t_R)
         688.93   data arrival time

  10.00   10.00   clock clk' (fall edge)
   0.00   10.00   clock network delay (ideal)
   0.00   10.00   clock reconvergence pessimism
          10.00 v _44088_/CLK (DFFLQNx3_ASAP7_75t_R)
 -18.20   -8.20   library setup time
          -8.20   data required time
---------------------------------------------------------
          -8.20   data required time
        -688.93   data arrival time
---------------------------------------------------------
        -697.13   slack (VIOLATED)


Startpoint: _44121_ (falling edge-triggered flip-flop clocked by clk')
Endpoint: _44090_ (falling edge-triggered flip-flop clocked by clk')
Path Group: clk
Path Type: max

  Delay    Time   Description
---------------------------------------------------------
   0.00    0.00   clock clk' (fall edge)
   0.00    0.00   clock network delay (ideal)
   0.00    0.00 v _44121_/CLK (DFFLQNx3_ASAP7_75t_R)
 123.00  123.00 v _44121_/QN (DFFLQNx3_ASAP7_75t_R)
  45.38  168.38 v rebuffer669/Y (BUFx6f_ASAP7_75t_R)
  27.56  195.94 v rebuffer673/Y (BUFx6f_ASAP7_75t_R)
  14.87  210.81 ^ _38985_/Y (NOR2x2_ASAP7_75t_R)
  34.61  245.42 ^ rebuffer2396/Y (BUFx6f_ASAP7_75t_R)
  24.95  270.37 v _38992_/Y (NAND2x2_ASAP7_75t_R)
  27.03  297.40 ^ _40277_/Y (NOR2x2_ASAP7_75t_R)
  27.84  325.24 v _40278_/Y (AOI21x1_ASAP7_75t_R)
  22.38  347.62 ^ _40279_/Y (INVx1_ASAP7_75t_R)
  18.20  365.82 v _40280_/Y (NOR2x1_ASAP7_75t_R)
  23.79  389.61 ^ _40281_/Y (NAND2x1_ASAP7_75t_R)
  25.48  415.09 v _40295_/Y (NOR2x2_ASAP7_75t_R)
  22.55  437.64 ^ _40333_/Y (NAND3x2_ASAP7_75t_R)
  22.73  460.37 v _40334_/Y (NOR2x2_ASAP7_75t_R)
  33.72  494.09 ^ _40335_/Y (NAND2x2_ASAP7_75t_R)
  71.75  565.83 v _42988_/Y (XNOR2x2_ASAP7_75t_R)
  45.48  611.31 v _42994_/Y (XOR2x1_ASAP7_75t_R)
  25.23  636.54 ^ _42995_/Y (NAND2x1_ASAP7_75t_R)
  16.93  653.47 v _42996_/Y (AOI21x1_ASAP7_75t_R)
  21.15  674.62 ^ _42998_/Y (OAI21x1_ASAP7_75t_R)
  14.95  689.57 v _43004_/Y (NAND2x1_ASAP7_75t_R)
   0.00  689.57 v _44090_/D (DFFLQNx2_ASAP7_75t_R)
         689.57   data arrival time

  10.00   10.00   clock clk' (fall edge)
   0.00   10.00   clock network delay (ideal)
   0.00   10.00   clock reconvergence pessimism
          10.00 v _44090_/CLK (DFFLQNx2_ASAP7_75t_R)
 -17.54   -7.54   library setup time
          -7.54   data required time
---------------------------------------------------------
          -7.54   data required time
        -689.57   data arrival time
---------------------------------------------------------
        -697.11   slack (VIOLATED)


Startpoint: _44192_ (falling edge-triggered flip-flop clocked by clk')
Endpoint: _44123_ (falling edge-triggered flip-flop clocked by clk')
Path Group: clk
Path Type: max

  Delay    Time   Description
---------------------------------------------------------
   0.00    0.00   clock clk' (fall edge)
   0.00    0.00   clock network delay (ideal)
   0.00    0.00 v _44192_/CLK (DFFLQNx3_ASAP7_75t_R)
 148.37  148.37 v _44192_/QN (DFFLQNx3_ASAP7_75t_R)
  52.95  201.32 v rebuffer1313/Y (BUFx2_ASAP7_75t_R)
  43.78  245.11 v _35374_/Y (AND2x6_ASAP7_75t_R)
  32.20  277.30 ^ _35375_/Y (NAND2x2_ASAP7_75t_R)
  43.56  320.86 ^ rebuffer2146/Y (BUFx2_ASAP7_75t_R)
  28.56  349.42 ^ _36724_/Y (AO21x1_ASAP7_75t_R)
  45.56  394.98 ^ _36727_/Y (AND4x1_ASAP7_75t_R)
  16.06  411.03 v _36728_/Y (NAND2x1_ASAP7_75t_R)
  19.00  430.04 ^ _36738_/Y (NOR2x1_ASAP7_75t_R)
  20.07  450.11 v _36739_/Y (NAND2x1_ASAP7_75t_R)
  34.34  484.45 ^ _36740_/Y (NOR2x2_ASAP7_75t_R)
  73.35  557.80 v _38477_/Y (XNOR2x2_ASAP7_75t_R)
  26.14  583.94 ^ _38637_/Y (NOR2x2_ASAP7_75t_R)
  25.89  609.83 v _38651_/Y (NOR2x1_ASAP7_75t_R)
  20.70  630.52 ^ _38652_/Y (NAND2x1_ASAP7_75t_R)
  16.46  646.98 v _38653_/Y (AOI21x1_ASAP7_75t_R)
  27.69  674.67 ^ _38655_/Y (OAI21x1_ASAP7_75t_R)
  14.56  689.22 v _38662_/Y (NAND2x2_ASAP7_75t_R)
   0.00  689.22 v _44123_/D (DFFLQNx2_ASAP7_75t_R)
         689.22   data arrival time

  10.00   10.00   clock clk' (fall edge)
   0.00   10.00   clock network delay (ideal)
   0.00   10.00   clock reconvergence pessimism
          10.00 v _44123_/CLK (DFFLQNx2_ASAP7_75t_R)
 -17.71   -7.71   library setup time
          -7.71   data required time
---------------------------------------------------------
          -7.71   data required time
        -689.22   data arrival time
---------------------------------------------------------
        -696.93   slack (VIOLATED)


Startpoint: _44153_ (falling edge-triggered flip-flop clocked by clk')
Endpoint: _44134_ (falling edge-triggered flip-flop clocked by clk')
Path Group: clk
Path Type: max

  Delay    Time   Description
---------------------------------------------------------
   0.00    0.00   clock clk' (fall edge)
   0.00    0.00   clock network delay (ideal)
   0.00    0.00 v _44153_/CLK (DFFLQNx3_ASAP7_75t_R)
 109.79  109.79 v _44153_/QN (DFFLQNx3_ASAP7_75t_R)
  43.57  153.36 v rebuffer931/Y (BUFx12f_ASAP7_75t_R)
  30.97  184.33 v rebuffer932/Y (BUFx12f_ASAP7_75t_R)
  43.33  227.66 ^ _35096_/Y (NOR2x2_ASAP7_75t_R)
  44.08  271.73 ^ rebuffer884/Y (BUFx6f_ASAP7_75t_R)
  18.24  289.98 v _35114_/Y (NAND2x2_ASAP7_75t_R)
  28.42  318.40 v rebuffer3097/Y (BUFx6f_ASAP7_75t_R)
  27.83  346.23 v _38081_/Y (AO21x1_ASAP7_75t_R)
  52.74  398.97 v _38083_/Y (OA211x2_ASAP7_75t_R)
  26.22  425.19 ^ _38084_/Y (NAND2x1_ASAP7_75t_R)
  22.16  447.35 v _38085_/Y (NOR2x2_ASAP7_75t_R)
  19.56  466.91 ^ _38105_/Y (NAND2x2_ASAP7_75t_R)
  17.73  484.64 v _38106_/Y (NOR2x2_ASAP7_75t_R)
  41.76  526.40 ^ _38107_/Y (NAND2x2_ASAP7_75t_R)
  60.09  586.49 v _38179_/Y (XOR2x2_ASAP7_75t_R)
  32.90  619.38 v rebuffer3430/Y (BUFx6f_ASAP7_75t_R)
  12.24  631.63 ^ _38535_/Y (OAI21x1_ASAP7_75t_R)
  18.86  650.48 v _38540_/Y (AOI21x1_ASAP7_75t_R)
  21.23  671.71 ^ _38541_/Y (OAI21x1_ASAP7_75t_R)
  14.96  686.67 v _38547_/Y (NAND2x1_ASAP7_75t_R)
   0.00  686.67 v _44134_/D (DFFLQNx2_ASAP7_75t_R)
         686.67   data arrival time

  10.00   10.00   clock clk' (fall edge)
   0.00   10.00   clock network delay (ideal)
   0.00   10.00   clock reconvergence pessimism
          10.00 v _44134_/CLK (DFFLQNx2_ASAP7_75t_R)
 -17.90   -7.90   library setup time
          -7.90   data required time
---------------------------------------------------------
          -7.90   data required time
        -686.67   data arrival time
---------------------------------------------------------
        -694.58   slack (VIOLATED)


Startpoint: _44153_ (falling edge-triggered flip-flop clocked by clk')
Endpoint: _44115_ (falling edge-triggered flip-flop clocked by clk')
Path Group: clk
Path Type: max

  Delay    Time   Description
---------------------------------------------------------
   0.00    0.00   clock clk' (fall edge)
   0.00    0.00   clock network delay (ideal)
   0.00    0.00 v _44153_/CLK (DFFLQNx3_ASAP7_75t_R)
 109.79  109.79 v _44153_/QN (DFFLQNx3_ASAP7_75t_R)
  43.57  153.36 v rebuffer931/Y (BUFx12f_ASAP7_75t_R)
  30.97  184.33 v rebuffer932/Y (BUFx12f_ASAP7_75t_R)
  43.33  227.66 ^ _35096_/Y (NOR2x2_ASAP7_75t_R)
  44.08  271.73 ^ rebuffer884/Y (BUFx6f_ASAP7_75t_R)
  18.24  289.98 v _35114_/Y (NAND2x2_ASAP7_75t_R)
  37.21  327.18 v _36191_/Y (AO21x1_ASAP7_75t_R)
  19.70  346.88 ^ _38394_/Y (NAND2x1_ASAP7_75t_R)
  18.19  365.07 v _38397_/Y (NOR2x1_ASAP7_75t_R)
  23.08  388.15 ^ _38400_/Y (NAND2x1_ASAP7_75t_R)
  18.15  406.30 v _38401_/Y (INVx1_ASAP7_75t_R)
  18.25  424.54 ^ _38413_/Y (NAND2x1_ASAP7_75t_R)
  24.25  448.79 v _38414_/Y (NOR2x1_ASAP7_75t_R)
  26.92  475.72 ^ _38415_/Y (NAND2x2_ASAP7_75t_R)
  52.43  528.15 ^ clone3104/Y (BUFx4_ASAP7_75t_R)
  26.41  554.56 v _38640_/Y (NOR2x2_ASAP7_75t_R)
  27.30  581.86 ^ _38794_/Y (NOR2x1_ASAP7_75t_R)
  26.67  608.52 v _38795_/Y (NOR2x1_ASAP7_75t_R)
  23.10  631.62 ^ _38797_/Y (OAI21x1_ASAP7_75t_R)
  19.16  650.78 v _38802_/Y (AOI21x1_ASAP7_75t_R)
  21.23  672.01 ^ _38803_/Y (OAI21x1_ASAP7_75t_R)
  14.96  686.97 v _38809_/Y (NAND2x1_ASAP7_75t_R)
   0.00  686.97 v _44115_/D (DFFLQNx2_ASAP7_75t_R)
         686.97   data arrival time

  10.00   10.00   clock clk' (fall edge)
   0.00   10.00   clock network delay (ideal)
   0.00   10.00   clock reconvergence pessimism
          10.00 v _44115_/CLK (DFFLQNx2_ASAP7_75t_R)
 -17.56   -7.56   library setup time
          -7.56   data required time
---------------------------------------------------------
          -7.56   data required time
        -686.97   data arrival time
---------------------------------------------------------
        -694.53   slack (VIOLATED)


Startpoint: _44089_ (falling edge-triggered flip-flop clocked by clk')
Endpoint: _44202_ (falling edge-triggered flip-flop clocked by clk')
Path Group: clk
Path Type: max

  Delay    Time   Description
---------------------------------------------------------
   0.00    0.00   clock clk' (fall edge)
   0.00    0.00   clock network delay (ideal)
   0.00    0.00 v _44089_/CLK (DFFLQNx3_ASAP7_75t_R)
 110.12  110.12 v _44089_/QN (DFFLQNx3_ASAP7_75t_R)
  37.28  147.40 v rebuffer2546/Y (BUFx6f_ASAP7_75t_R)
  29.91  177.31 v rebuffer641/Y (BUFx12f_ASAP7_75t_R)
  13.88  191.20 ^ _26453_/Y (CKINVDCx20_ASAP7_75t_R)
  30.26  221.46 v _26454_/Y (NOR2x2_ASAP7_75t_R)
  42.34  263.80 v rebuffer1575/Y (BUFx2_ASAP7_75t_R)
  28.86  292.66 ^ _26455_/Y (NAND2x2_ASAP7_75t_R)
  39.59  332.25 ^ rebuffer1246/Y (BUFx2_ASAP7_75t_R)
  28.47  360.72 ^ _27888_/Y (AO21x1_ASAP7_75t_R)
  44.52  405.24 ^ _27892_/Y (AND3x1_ASAP7_75t_R)
  23.22  428.45 v _27893_/Y (NAND2x2_ASAP7_75t_R)
  23.45  451.90 ^ _28081_/Y (NOR3x2_ASAP7_75t_R)
  17.40  469.30 v _28082_/Y (NAND2x2_ASAP7_75t_R)
  34.97  504.27 ^ _28088_/Y (NOR2x2_ASAP7_75t_R)
  27.93  532.20 v _28090_/Y (NOR2x2_ASAP7_75t_R)
  18.59  550.79 ^ _28091_/Y (INVx1_ASAP7_75t_R)
  18.03  568.82 v _28093_/Y (AOI21x1_ASAP7_75t_R)
  44.04  612.87 v _28191_/Y (OA21x2_ASAP7_75t_R)
  14.89  627.75 ^ _28196_/Y (NOR2x2_ASAP7_75t_R)
  18.04  645.79 v _28199_/Y (AOI21x1_ASAP7_75t_R)
  39.17  684.96 v _28200_/Y (XOR2x1_ASAP7_75t_R)
   0.00  684.96 v _44202_/D (DFFLQNx2_ASAP7_75t_R)
         684.96   data arrival time

  10.00   10.00   clock clk' (fall edge)
   0.00   10.00   clock network delay (ideal)
   0.00   10.00   clock reconvergence pessimism
          10.00 v _44202_/CLK (DFFLQNx2_ASAP7_75t_R)
 -18.14   -8.14   library setup time
          -8.14   data required time
---------------------------------------------------------
          -8.14   data required time
        -684.96   data arrival time
---------------------------------------------------------
        -693.10   slack (VIOLATED)


Startpoint: _44328_ (falling edge-triggered flip-flop clocked by clk')
Endpoint: _44273_ (falling edge-triggered flip-flop clocked by clk')
Path Group: clk
Path Type: max

  Delay    Time   Description
---------------------------------------------------------
   0.00    0.00   clock clk' (fall edge)
   0.00    0.00   clock network delay (ideal)
   0.00    0.00 v _44328_/CLK (DFFLQNx3_ASAP7_75t_R)
 130.72  130.72 v _44328_/QN (DFFLQNx3_ASAP7_75t_R)
  48.15  178.87 v rebuffer3485/Y (BUFx6f_ASAP7_75t_R)
  18.80  197.67 ^ _24669_/Y (CKINVDCx11_ASAP7_75t_R)
  31.02  228.69 v _24670_/Y (NAND2x2_ASAP7_75t_R)
  38.49  267.18 v rebuffer3501/Y (BUFx2_ASAP7_75t_R)
  31.37  298.55 v rebuffer3493/Y (BUFx2_ASAP7_75t_R)
  25.07  323.63 ^ _24918_/Y (NAND2x2_ASAP7_75t_R)
  37.08  360.70 ^ _25088_/Y (AO21x1_ASAP7_75t_R)
  36.71  397.41 ^ _25090_/Y (AND3x1_ASAP7_75t_R)
  11.85  409.26 v _25091_/Y (INVx1_ASAP7_75t_R)
  70.13  479.39 v _25096_/Y (OR4x2_ASAP7_75t_R)
  22.35  501.74 ^ _25109_/Y (NOR3x2_ASAP7_75t_R)
  14.96  516.71 v _25110_/Y (NAND2x2_ASAP7_75t_R)
  20.67  537.38 ^ _25111_/Y (INVx1_ASAP7_75t_R)
  24.38  561.75 v _25156_/Y (NAND2x2_ASAP7_75t_R)
  41.51  603.27 v _25872_/Y (AND2x2_ASAP7_75t_R)
  37.70  640.96 v _25875_/Y (OA21x2_ASAP7_75t_R)
  20.54  661.50 ^ _25876_/Y (OAI21x1_ASAP7_75t_R)
  18.33  679.83 v _25877_/Y (OAI21x1_ASAP7_75t_R)
   0.00  679.83 v _44273_/D (DFFLQNx2_ASAP7_75t_R)
         679.83   data arrival time

  10.00   10.00   clock clk' (fall edge)
   0.00   10.00   clock network delay (ideal)
   0.00   10.00   clock reconvergence pessimism
          10.00 v _44273_/CLK (DFFLQNx2_ASAP7_75t_R)
 -18.49   -8.49   library setup time
          -8.49   data required time
---------------------------------------------------------
          -8.49   data required time
        -679.83   data arrival time
---------------------------------------------------------
        -688.32   slack (VIOLATED)


Startpoint: _44082_ (falling edge-triggered flip-flop clocked by clk')
Endpoint: _44106_ (falling edge-triggered flip-flop clocked by clk')
Path Group: clk
Path Type: max

  Delay    Time   Description
---------------------------------------------------------
   0.00    0.00   clock clk' (fall edge)
   0.00    0.00   clock network delay (ideal)
   0.00    0.00 v _44082_/CLK (DFFLQNx2_ASAP7_75t_R)
 129.86  129.86 v _44082_/QN (DFFLQNx2_ASAP7_75t_R)
  35.52  165.38 ^ _39145_/Y (INVx3_ASAP7_75t_R)
  29.83  195.20 v _39146_/Y (NOR2x2_ASAP7_75t_R)
  36.06  231.26 v rebuffer1420/Y (BUFx12f_ASAP7_75t_R)
  28.72  259.98 ^ _39175_/Y (NAND2x2_ASAP7_75t_R)
  38.58  298.56 ^ rebuffer1206/Y (BUFx3_ASAP7_75t_R)
  18.08  316.64 v _39379_/Y (INVx2_ASAP7_75t_R)
  24.61  341.25 ^ _40721_/Y (NAND2x1_ASAP7_75t_R)
  19.47  360.73 v _40724_/Y (NAND2x2_ASAP7_75t_R)
  13.46  374.19 ^ _40725_/Y (INVx1_ASAP7_75t_R)
  39.91  414.10 ^ _40726_/Y (AND3x1_ASAP7_75t_R)
  18.19  432.29 v _40735_/Y (NAND3x1_ASAP7_75t_R)
  25.96  458.25 ^ _40766_/Y (NOR2x1_ASAP7_75t_R)
  28.51  486.76 v _40767_/Y (NAND2x2_ASAP7_75t_R)
  68.14  554.90 ^ _40867_/Y (XOR2x2_ASAP7_75t_R)
  22.63  577.53 v _40868_/Y (NOR2x1_ASAP7_75t_R)
  23.89  601.42 ^ _40969_/Y (OAI21x1_ASAP7_75t_R)
  19.78  621.20 v _40974_/Y (AOI21x1_ASAP7_75t_R)
  17.93  639.12 ^ _40975_/Y (NOR2x1_ASAP7_75t_R)
  41.11  680.24 v _40976_/Y (XOR2x2_ASAP7_75t_R)
   0.00  680.24 v _44106_/D (DFFLQNx2_ASAP7_75t_R)
         680.24   data arrival time

  10.00   10.00   clock clk' (fall edge)
   0.00   10.00   clock network delay (ideal)
   0.00   10.00   clock reconvergence pessimism
          10.00 v _44106_/CLK (DFFLQNx2_ASAP7_75t_R)
 -17.51   -7.51   library setup time
          -7.51   data required time
---------------------------------------------------------
          -7.51   data required time
        -680.24   data arrival time
---------------------------------------------------------
        -687.75   slack (VIOLATED)


Startpoint: _44328_ (falling edge-triggered flip-flop clocked by clk')
Endpoint: _44241_ (falling edge-triggered flip-flop clocked by clk')
Path Group: clk
Path Type: max

  Delay    Time   Description
---------------------------------------------------------
   0.00    0.00   clock clk' (fall edge)
   0.00    0.00   clock network delay (ideal)
   0.00    0.00 v _44328_/CLK (DFFLQNx3_ASAP7_75t_R)
 130.72  130.72 v _44328_/QN (DFFLQNx3_ASAP7_75t_R)
  48.15  178.87 v rebuffer3485/Y (BUFx6f_ASAP7_75t_R)
  18.80  197.67 ^ _24669_/Y (CKINVDCx11_ASAP7_75t_R)
  31.02  228.69 v _24670_/Y (NAND2x2_ASAP7_75t_R)
  38.49  267.18 v rebuffer3501/Y (BUFx2_ASAP7_75t_R)
  31.37  298.55 v rebuffer3493/Y (BUFx2_ASAP7_75t_R)
  25.07  323.63 ^ _24918_/Y (NAND2x2_ASAP7_75t_R)
  37.08  360.70 ^ _25088_/Y (AO21x1_ASAP7_75t_R)
  36.71  397.41 ^ _25090_/Y (AND3x1_ASAP7_75t_R)
  11.85  409.26 v _25091_/Y (INVx1_ASAP7_75t_R)
  70.13  479.39 v _25096_/Y (OR4x2_ASAP7_75t_R)
  22.35  501.74 ^ _25109_/Y (NOR3x2_ASAP7_75t_R)
  14.96  516.71 v _25110_/Y (NAND2x2_ASAP7_75t_R)
  20.67  537.38 ^ _25111_/Y (INVx1_ASAP7_75t_R)
  24.38  561.75 v _25156_/Y (NAND2x2_ASAP7_75t_R)
  41.51  603.27 v _25872_/Y (AND2x2_ASAP7_75t_R)
  36.43  639.70 v _26008_/Y (OA21x2_ASAP7_75t_R)
  32.05  671.75 v _26009_/Y (AO21x1_ASAP7_75t_R)
   0.00  671.75 v _44241_/D (DFFLQNx2_ASAP7_75t_R)
         671.75   data arrival time

  10.00   10.00   clock clk' (fall edge)
   0.00   10.00   clock network delay (ideal)
   0.00   10.00   clock reconvergence pessimism
          10.00 v _44241_/CLK (DFFLQNx2_ASAP7_75t_R)
 -17.50   -7.50   library setup time
          -7.50   data required time
---------------------------------------------------------
          -7.50   data required time
        -671.75   data arrival time
---------------------------------------------------------
        -679.25   slack (VIOLATED)


Startpoint: _44336_ (falling edge-triggered flip-flop clocked by clk')
Endpoint: _44252_ (falling edge-triggered flip-flop clocked by clk')
Path Group: clk
Path Type: max

  Delay    Time   Description
---------------------------------------------------------
   0.00    0.00   clock clk' (fall edge)
   0.00    0.00   clock network delay (ideal)
   0.00    0.00 v _44336_/CLK (DFFLQNx3_ASAP7_75t_R)
 112.52  112.52 v _44336_/QN (DFFLQNx3_ASAP7_75t_R)
  41.30  153.82 v rebuffer1374/Y (BUFx12f_ASAP7_75t_R)
  30.67  184.49 ^ _22132_/Y (NAND2x2_ASAP7_75t_R)
  33.12  217.61 ^ rebuffer3417/Y (BUFx6f_ASAP7_75t_R)
  21.10  238.72 v _22150_/Y (INVx1_ASAP7_75t_R)
  47.33  286.04 ^ _22151_/Y (NAND2x2_ASAP7_75t_R)
  42.60  328.65 ^ _22152_/Y (AO21x1_ASAP7_75t_R)
  33.91  362.56 ^ _22153_/Y (OA21x2_ASAP7_75t_R)
  10.71  373.26 v _22154_/Y (INVx1_ASAP7_75t_R)
  71.47  444.73 v _22166_/Y (OR5x1_ASAP7_75t_R)
  90.37  535.10 v _22172_/Y (OR4x2_ASAP7_75t_R)
  27.98  563.08 ^ _22516_/Y (INVx4_ASAP7_75t_R)
  30.44  593.53 v _22850_/Y (NOR2x2_ASAP7_75t_R)
  41.00  634.53 v _25786_/Y (XOR2x1_ASAP7_75t_R)
  32.20  666.73 v _25788_/Y (AO21x1_ASAP7_75t_R)
   0.00  666.73 v _44252_/D (DFFLQNx2_ASAP7_75t_R)
         666.73   data arrival time

  10.00   10.00   clock clk' (fall edge)
   0.00   10.00   clock network delay (ideal)
   0.00   10.00   clock reconvergence pessimism
          10.00 v _44252_/CLK (DFFLQNx2_ASAP7_75t_R)
 -17.37   -7.37   library setup time
          -7.37   data required time
---------------------------------------------------------
          -7.37   data required time
        -666.73   data arrival time
---------------------------------------------------------
        -674.10   slack (VIOLATED)


Startpoint: _44327_ (falling edge-triggered flip-flop clocked by clk')
Endpoint: _44243_ (falling edge-triggered flip-flop clocked by clk')
Path Group: clk
Path Type: max

  Delay    Time   Description
---------------------------------------------------------
   0.00    0.00   clock clk' (fall edge)
   0.00    0.00   clock network delay (ideal)
   0.00    0.00 v _44327_/CLK (DFFLQNx3_ASAP7_75t_R)
 118.63  118.63 v _44327_/QN (DFFLQNx3_ASAP7_75t_R)
  45.73  164.36 v rebuffer1910/Y (BUFx12f_ASAP7_75t_R)
  53.70  218.06 ^ _24682_/Y (NAND2x2_ASAP7_75t_R)
  57.79  275.85 v _24725_/Y (NOR2x2_ASAP7_75t_R)
  49.71  325.56 v rebuffer1996/Y (BUFx2_ASAP7_75t_R)
  39.63  365.19 v _25229_/Y (OA21x2_ASAP7_75t_R)
  33.36  398.54 v _25316_/Y (AO21x1_ASAP7_75t_R)
  12.16  410.70 ^ _25317_/Y (INVx1_ASAP7_75t_R)
  42.93  453.63 ^ _25321_/Y (AND4x1_ASAP7_75t_R)
  38.25  491.88 ^ _25332_/Y (AND3x1_ASAP7_75t_R)
  19.19  511.07 v _25333_/Y (NAND2x1_ASAP7_75t_R)
  27.36  538.43 ^ _25334_/Y (INVx1_ASAP7_75t_R)
  25.06  563.49 v _25335_/Y (NAND2x2_ASAP7_75t_R)
  35.01  598.50 v _26017_/Y (AND2x2_ASAP7_75t_R)
  34.53  633.03 v _26019_/Y (OA21x2_ASAP7_75t_R)
  32.05  665.08 v _26020_/Y (AO21x1_ASAP7_75t_R)
   0.00  665.08 v _44243_/D (DFFLQNx2_ASAP7_75t_R)
         665.08   data arrival time

  10.00   10.00   clock clk' (fall edge)
   0.00   10.00   clock network delay (ideal)
   0.00   10.00   clock reconvergence pessimism
          10.00 v _44243_/CLK (DFFLQNx2_ASAP7_75t_R)
 -17.34   -7.34   library setup time
          -7.34   data required time
---------------------------------------------------------
          -7.34   data required time
        -665.08   data arrival time
---------------------------------------------------------
        -672.41   slack (VIOLATED)


Startpoint: _44336_ (falling edge-triggered flip-flop clocked by clk')
Endpoint: _44284_ (falling edge-triggered flip-flop clocked by clk')
Path Group: clk
Path Type: max

  Delay    Time   Description
---------------------------------------------------------
   0.00    0.00   clock clk' (fall edge)
   0.00    0.00   clock network delay (ideal)
   0.00    0.00 v _44336_/CLK (DFFLQNx3_ASAP7_75t_R)
 112.52  112.52 v _44336_/QN (DFFLQNx3_ASAP7_75t_R)
  41.30  153.82 v rebuffer1374/Y (BUFx12f_ASAP7_75t_R)
  30.67  184.49 ^ _22132_/Y (NAND2x2_ASAP7_75t_R)
  33.12  217.61 ^ rebuffer3417/Y (BUFx6f_ASAP7_75t_R)
  21.10  238.72 v _22150_/Y (INVx1_ASAP7_75t_R)
  47.33  286.04 ^ _22151_/Y (NAND2x2_ASAP7_75t_R)
  42.60  328.65 ^ _22152_/Y (AO21x1_ASAP7_75t_R)
  33.91  362.56 ^ _22153_/Y (OA21x2_ASAP7_75t_R)
  10.71  373.26 v _22154_/Y (INVx1_ASAP7_75t_R)
  71.47  444.73 v _22166_/Y (OR5x1_ASAP7_75t_R)
  90.37  535.10 v _22172_/Y (OR4x2_ASAP7_75t_R)
  27.98  563.08 ^ _22516_/Y (INVx4_ASAP7_75t_R)
  30.44  593.53 v _22850_/Y (NOR2x2_ASAP7_75t_R)
  38.35  631.88 v _25583_/Y (AND2x2_ASAP7_75t_R)
  18.46  650.34 ^ _25584_/Y (OAI21x1_ASAP7_75t_R)
  13.99  664.33 v _25585_/Y (NAND2x1_ASAP7_75t_R)
   0.00  664.33 v _44284_/D (DFFLQNx2_ASAP7_75t_R)
         664.33   data arrival time

  10.00   10.00   clock clk' (fall edge)
   0.00   10.00   clock network delay (ideal)
   0.00   10.00   clock reconvergence pessimism
          10.00 v _44284_/CLK (DFFLQNx2_ASAP7_75t_R)
 -17.54   -7.54   library setup time
          -7.54   data required time
---------------------------------------------------------
          -7.54   data required time
        -664.33   data arrival time
---------------------------------------------------------
        -671.87   slack (VIOLATED)


Startpoint: _44322_ (falling edge-triggered flip-flop clocked by clk')
Endpoint: _44332_ (falling edge-triggered flip-flop clocked by clk')
Path Group: clk
Path Type: max

  Delay    Time   Description
---------------------------------------------------------
   0.00    0.00   clock clk' (fall edge)
   0.00    0.00   clock network delay (ideal)
   0.00    0.00 v _44322_/CLK (DFFLQNx2_ASAP7_75t_R)
 136.60  136.60 v _44322_/QN (DFFLQNx2_ASAP7_75t_R)
  38.50  175.10 ^ _23832_/Y (INVx3_ASAP7_75t_R)
  21.17  196.27 v _23833_/Y (NAND2x2_ASAP7_75t_R)
  37.36  233.63 v rebuffer3567/Y (BUFx12f_ASAP7_75t_R)
  33.88  267.51 v rebuffer3568/Y (BUFx2_ASAP7_75t_R)
  35.45  302.96 ^ _24094_/Y (NOR2x2_ASAP7_75t_R)
  26.01  328.97 v _24095_/Y (INVx8_ASAP7_75t_R)
  41.40  370.36 v _24318_/Y (AO21x1_ASAP7_75t_R)
  54.87  425.24 v _24497_/Y (OA211x2_ASAP7_75t_R)
  58.49  483.73 v _24500_/Y (OA211x2_ASAP7_75t_R)
  23.29  507.02 ^ _24510_/Y (NAND2x2_ASAP7_75t_R)
  17.70  524.72 v _24525_/Y (NOR2x2_ASAP7_75t_R)
  24.14  548.86 ^ _24526_/Y (NAND2x1_ASAP7_75t_R)
  32.87  581.73 v _24527_/Y (NOR2x2_ASAP7_75t_R)
  43.49  625.23 v _24529_/Y (AND2x2_ASAP7_75t_R)
  20.19  645.42 ^ _24530_/Y (OAI21x1_ASAP7_75t_R)
  17.90  663.32 v _24531_/Y (OAI21x1_ASAP7_75t_R)
   0.00  663.32 v _44332_/D (DFFLQNx2_ASAP7_75t_R)
         663.32   data arrival time

  10.00   10.00   clock clk' (fall edge)
   0.00   10.00   clock network delay (ideal)
   0.00   10.00   clock reconvergence pessimism
          10.00 v _44332_/CLK (DFFLQNx2_ASAP7_75t_R)
 -18.38   -8.38   library setup time
          -8.38   data required time
---------------------------------------------------------
          -8.38   data required time
        -663.32   data arrival time
---------------------------------------------------------
        -671.70   slack (VIOLATED)


Startpoint: _44328_ (falling edge-triggered flip-flop clocked by clk')
Endpoint: _44337_ (falling edge-triggered flip-flop clocked by clk')
Path Group: clk
Path Type: max

  Delay    Time   Description
---------------------------------------------------------
   0.00    0.00   clock clk' (fall edge)
   0.00    0.00   clock network delay (ideal)
   0.00    0.00 v _44328_/CLK (DFFLQNx3_ASAP7_75t_R)
 130.72  130.72 v _44328_/QN (DFFLQNx3_ASAP7_75t_R)
  48.15  178.87 v rebuffer3485/Y (BUFx6f_ASAP7_75t_R)
  18.80  197.67 ^ _24669_/Y (CKINVDCx11_ASAP7_75t_R)
  31.02  228.69 v _24670_/Y (NAND2x2_ASAP7_75t_R)
  38.49  267.18 v rebuffer3501/Y (BUFx2_ASAP7_75t_R)
  31.37  298.55 v rebuffer3493/Y (BUFx2_ASAP7_75t_R)
  25.07  323.63 ^ _24918_/Y (NAND2x2_ASAP7_75t_R)
  37.08  360.70 ^ _25088_/Y (AO21x1_ASAP7_75t_R)
  36.71  397.41 ^ _25090_/Y (AND3x1_ASAP7_75t_R)
  11.85  409.26 v _25091_/Y (INVx1_ASAP7_75t_R)
  70.13  479.39 v _25096_/Y (OR4x2_ASAP7_75t_R)
  22.35  501.74 ^ _25109_/Y (NOR3x2_ASAP7_75t_R)
  14.96  516.71 v _25110_/Y (NAND2x2_ASAP7_75t_R)
  20.67  537.38 ^ _25111_/Y (INVx1_ASAP7_75t_R)
  24.38  561.75 v _25156_/Y (NAND2x2_ASAP7_75t_R)
  23.06  584.81 ^ _25161_/Y (XOR2x1_ASAP7_75t_R)
  16.55  601.36 v _25162_/Y (NOR2x1_ASAP7_75t_R)
  34.80  636.16 v _25163_/Y (AO21x1_ASAP7_75t_R)
  27.87  664.03 v hold3947/Y (BUFx2_ASAP7_75t_R)
   0.00  664.03 v _44337_/D (DFFLQNx2_ASAP7_75t_R)
         664.03   data arrival time

  10.00   10.00   clock clk' (fall edge)
   0.00   10.00   clock network delay (ideal)
   0.00   10.00   clock reconvergence pessimism
          10.00 v _44337_/CLK (DFFLQNx2_ASAP7_75t_R)
 -16.65   -6.65   library setup time
          -6.65   data required time
---------------------------------------------------------
          -6.65   data required time
        -664.03   data arrival time
---------------------------------------------------------
        -670.68   slack (VIOLATED)


Startpoint: _44322_ (falling edge-triggered flip-flop clocked by clk')
Endpoint: _44236_ (falling edge-triggered flip-flop clocked by clk')
Path Group: clk
Path Type: max

  Delay    Time   Description
---------------------------------------------------------
   0.00    0.00   clock clk' (fall edge)
   0.00    0.00   clock network delay (ideal)
   0.00    0.00 v _44322_/CLK (DFFLQNx2_ASAP7_75t_R)
 136.60  136.60 v _44322_/QN (DFFLQNx2_ASAP7_75t_R)
  38.50  175.10 ^ _23832_/Y (INVx3_ASAP7_75t_R)
  21.17  196.27 v _23833_/Y (NAND2x2_ASAP7_75t_R)
  37.36  233.63 v rebuffer3567/Y (BUFx12f_ASAP7_75t_R)
  33.88  267.51 v rebuffer3568/Y (BUFx2_ASAP7_75t_R)
  35.45  302.96 ^ _24094_/Y (NOR2x2_ASAP7_75t_R)
  26.01  328.97 v _24095_/Y (INVx8_ASAP7_75t_R)
  41.40  370.36 v _24318_/Y (AO21x1_ASAP7_75t_R)
  54.87  425.24 v _24497_/Y (OA211x2_ASAP7_75t_R)
  58.49  483.73 v _24500_/Y (OA211x2_ASAP7_75t_R)
  23.29  507.02 ^ _24510_/Y (NAND2x2_ASAP7_75t_R)
  17.70  524.72 v _24525_/Y (NOR2x2_ASAP7_75t_R)
  24.14  548.86 ^ _24526_/Y (NAND2x1_ASAP7_75t_R)
  32.87  581.73 v _24527_/Y (NOR2x2_ASAP7_75t_R)
  44.37  626.11 v _25987_/Y (XOR2x1_ASAP7_75t_R)
  34.75  660.86 v _25990_/Y (AO21x1_ASAP7_75t_R)
   0.00  660.86 v _44236_/D (DFFLQNx2_ASAP7_75t_R)
         660.86   data arrival time

  10.00   10.00   clock clk' (fall edge)
   0.00   10.00   clock network delay (ideal)
   0.00   10.00   clock reconvergence pessimism
          10.00 v _44236_/CLK (DFFLQNx2_ASAP7_75t_R)
 -17.39   -7.39   library setup time
          -7.39   data required time
---------------------------------------------------------
          -7.39   data required time
        -660.86   data arrival time
---------------------------------------------------------
        -668.25   slack (VIOLATED)


Startpoint: _44322_ (falling edge-triggered flip-flop clocked by clk')
Endpoint: _44233_ (falling edge-triggered flip-flop clocked by clk')
Path Group: clk
Path Type: max

  Delay    Time   Description
---------------------------------------------------------
   0.00    0.00   clock clk' (fall edge)
   0.00    0.00   clock network delay (ideal)
   0.00    0.00 v _44322_/CLK (DFFLQNx2_ASAP7_75t_R)
 136.60  136.60 v _44322_/QN (DFFLQNx2_ASAP7_75t_R)
  50.47  187.08 ^ _23814_/Y (NAND2x2_ASAP7_75t_R)
  46.52  233.60 ^ rebuffer3550/Y (BUFx3_ASAP7_75t_R)
  39.07  272.67 ^ rebuffer3553/Y (BUFx3_ASAP7_75t_R)
  29.75  302.42 v _23926_/Y (NOR2x2_ASAP7_75t_R)
  43.71  346.13 v _24287_/Y (AND2x2_ASAP7_75t_R)
  17.71  363.84 ^ _24288_/Y (INVx1_ASAP7_75t_R)
  61.68  425.52 ^ _24289_/Y (AND5x1_ASAP7_75t_R)
  15.51  441.03 v _24290_/Y (INVx1_ASAP7_75t_R)
  13.85  454.88 ^ _24291_/Y (NOR2x1_ASAP7_75t_R)
  35.56  490.44 ^ _24298_/Y (AND3x1_ASAP7_75t_R)
  14.01  504.45 v _24299_/Y (INVx1_ASAP7_75t_R)
  22.64  527.09 ^ _24300_/Y (NOR2x1_ASAP7_75t_R)
  23.48  550.57 v _24301_/Y (NAND2x2_ASAP7_75t_R)
  58.51  609.08 ^ _25833_/Y (XOR2x2_ASAP7_75t_R)
  16.03  625.11 v _25978_/Y (NOR2x1_ASAP7_75t_R)
  35.42  660.53 v _25979_/Y (AO21x1_ASAP7_75t_R)
   0.00  660.53 v _44233_/D (DFFLQNx2_ASAP7_75t_R)
         660.53   data arrival time

  10.00   10.00   clock clk' (fall edge)
   0.00   10.00   clock network delay (ideal)
   0.00   10.00   clock reconvergence pessimism
          10.00 v _44233_/CLK (DFFLQNx2_ASAP7_75t_R)
 -17.56   -7.56   library setup time
          -7.56   data required time
---------------------------------------------------------
          -7.56   data required time
        -660.53   data arrival time
---------------------------------------------------------
        -668.09   slack (VIOLATED)


Startpoint: _44322_ (falling edge-triggered flip-flop clocked by clk')
Endpoint: _44265_ (falling edge-triggered flip-flop clocked by clk')
Path Group: clk
Path Type: max

  Delay    Time   Description
---------------------------------------------------------
   0.00    0.00   clock clk' (fall edge)
   0.00    0.00   clock network delay (ideal)
   0.00    0.00 v _44322_/CLK (DFFLQNx2_ASAP7_75t_R)
 136.60  136.60 v _44322_/QN (DFFLQNx2_ASAP7_75t_R)
  50.47  187.08 ^ _23814_/Y (NAND2x2_ASAP7_75t_R)
  46.52  233.60 ^ rebuffer3550/Y (BUFx3_ASAP7_75t_R)
  39.07  272.67 ^ rebuffer3553/Y (BUFx3_ASAP7_75t_R)
  29.75  302.42 v _23926_/Y (NOR2x2_ASAP7_75t_R)
  43.71  346.13 v _24287_/Y (AND2x2_ASAP7_75t_R)
  17.71  363.84 ^ _24288_/Y (INVx1_ASAP7_75t_R)
  61.68  425.52 ^ _24289_/Y (AND5x1_ASAP7_75t_R)
  15.51  441.03 v _24290_/Y (INVx1_ASAP7_75t_R)
  13.85  454.88 ^ _24291_/Y (NOR2x1_ASAP7_75t_R)
  35.56  490.44 ^ _24298_/Y (AND3x1_ASAP7_75t_R)
  14.01  504.45 v _24299_/Y (INVx1_ASAP7_75t_R)
  22.64  527.09 ^ _24300_/Y (NOR2x1_ASAP7_75t_R)
  23.48  550.57 v _24301_/Y (NAND2x2_ASAP7_75t_R)
  58.51  609.08 ^ _25833_/Y (XOR2x2_ASAP7_75t_R)
  33.34  642.42 ^ _25835_/Y (XOR2x1_ASAP7_75t_R)
  14.93  657.35 v _25837_/Y (AOI21x1_ASAP7_75t_R)
   0.00  657.35 v _44265_/D (DFFLQNx2_ASAP7_75t_R)
         657.35   data arrival time

  10.00   10.00   clock clk' (fall edge)
   0.00   10.00   clock network delay (ideal)
   0.00   10.00   clock reconvergence pessimism
          10.00 v _44265_/CLK (DFFLQNx2_ASAP7_75t_R)
 -19.51   -9.51   library setup time
          -9.51   data required time
---------------------------------------------------------
          -9.51   data required time
        -657.35   data arrival time
---------------------------------------------------------
        -666.87   slack (VIOLATED)


Startpoint: _44335_ (falling edge-triggered flip-flop clocked by clk')
Endpoint: _44285_ (falling edge-triggered flip-flop clocked by clk')
Path Group: clk
Path Type: max

  Delay    Time   Description
---------------------------------------------------------
   0.00    0.00   clock clk' (fall edge)
   0.00    0.00   clock network delay (ideal)
   0.00    0.00 v _44335_/CLK (DFFLQNx3_ASAP7_75t_R)
 136.17  136.17 v _44335_/QN (DFFLQNx3_ASAP7_75t_R)
  51.09  187.26 v rebuffer3416/Y (BUFx2_ASAP7_75t_R)
  49.80  237.06 ^ _22175_/Y (NAND2x2_ASAP7_75t_R)
  59.72  296.78 v _22255_/Y (NOR2x2_ASAP7_75t_R)
  28.81  325.58 ^ _22256_/Y (CKINVDCx11_ASAP7_75t_R)
  36.09  361.67 ^ _22864_/Y (AO21x1_ASAP7_75t_R)
  12.91  374.59 v _22865_/Y (INVx1_ASAP7_75t_R)
  31.92  406.51 v _22866_/Y (AO21x1_ASAP7_75t_R)
  41.08  447.58 v _22868_/Y (OR3x1_ASAP7_75t_R)
  12.90  460.48 ^ _22869_/Y (INVx1_ASAP7_75t_R)
  58.76  519.24 ^ _22873_/Y (AND4x2_ASAP7_75t_R)
  18.25  537.50 v _22888_/Y (NAND3x2_ASAP7_75t_R)
  24.84  562.33 ^ _22919_/Y (NOR2x2_ASAP7_75t_R)
  22.78  585.12 v _25586_/Y (NAND2x2_ASAP7_75t_R)
  42.75  627.86 v _25589_/Y (XOR2x2_ASAP7_75t_R)
  30.95  658.81 v _25591_/Y (AO21x1_ASAP7_75t_R)
   0.00  658.81 v _44285_/D (DFFLQNx2_ASAP7_75t_R)
         658.81   data arrival time

  10.00   10.00   clock clk' (fall edge)
   0.00   10.00   clock network delay (ideal)
   0.00   10.00   clock reconvergence pessimism
          10.00 v _44285_/CLK (DFFLQNx2_ASAP7_75t_R)
 -17.39   -7.39   library setup time
          -7.39   data required time
---------------------------------------------------------
          -7.39   data required time
        -658.81   data arrival time
---------------------------------------------------------
        -666.20   slack (VIOLATED)


Startpoint: _44335_ (falling edge-triggered flip-flop clocked by clk')
Endpoint: _44221_ (falling edge-triggered flip-flop clocked by clk')
Path Group: clk
Path Type: max

  Delay    Time   Description
---------------------------------------------------------
   0.00    0.00   clock clk' (fall edge)
   0.00    0.00   clock network delay (ideal)
   0.00    0.00 v _44335_/CLK (DFFLQNx3_ASAP7_75t_R)
 136.17  136.17 v _44335_/QN (DFFLQNx3_ASAP7_75t_R)
  51.09  187.26 v rebuffer3416/Y (BUFx2_ASAP7_75t_R)
  49.80  237.06 ^ _22175_/Y (NAND2x2_ASAP7_75t_R)
  59.72  296.78 v _22255_/Y (NOR2x2_ASAP7_75t_R)
  28.81  325.58 ^ _22256_/Y (CKINVDCx11_ASAP7_75t_R)
  36.09  361.67 ^ _22864_/Y (AO21x1_ASAP7_75t_R)
  12.91  374.59 v _22865_/Y (INVx1_ASAP7_75t_R)
  31.92  406.51 v _22866_/Y (AO21x1_ASAP7_75t_R)
  41.08  447.58 v _22868_/Y (OR3x1_ASAP7_75t_R)
  12.90  460.48 ^ _22869_/Y (INVx1_ASAP7_75t_R)
  58.76  519.24 ^ _22873_/Y (AND4x2_ASAP7_75t_R)
  18.25  537.50 v _22888_/Y (NAND3x2_ASAP7_75t_R)
  24.84  562.33 ^ _22919_/Y (NOR2x2_ASAP7_75t_R)
  22.78  585.12 v _25586_/Y (NAND2x2_ASAP7_75t_R)
  39.32  624.43 v _25936_/Y (XOR2x1_ASAP7_75t_R)
  33.58  658.02 v _25938_/Y (AO21x1_ASAP7_75t_R)
   0.00  658.02 v _44221_/D (DFFLQNx2_ASAP7_75t_R)
         658.02   data arrival time

  10.00   10.00   clock clk' (fall edge)
   0.00   10.00   clock network delay (ideal)
   0.00   10.00   clock reconvergence pessimism
          10.00 v _44221_/CLK (DFFLQNx2_ASAP7_75t_R)
 -17.37   -7.37   library setup time
          -7.37   data required time
---------------------------------------------------------
          -7.37   data required time
        -658.02   data arrival time
---------------------------------------------------------
        -665.39   slack (VIOLATED)


Startpoint: _44335_ (falling edge-triggered flip-flop clocked by clk')
Endpoint: _44253_ (falling edge-triggered flip-flop clocked by clk')
Path Group: clk
Path Type: max

  Delay    Time   Description
---------------------------------------------------------
   0.00    0.00   clock clk' (fall edge)
   0.00    0.00   clock network delay (ideal)
   0.00    0.00 v _44335_/CLK (DFFLQNx3_ASAP7_75t_R)
 136.17  136.17 v _44335_/QN (DFFLQNx3_ASAP7_75t_R)
  51.09  187.26 v rebuffer3416/Y (BUFx2_ASAP7_75t_R)
  49.80  237.06 ^ _22175_/Y (NAND2x2_ASAP7_75t_R)
  59.72  296.78 v _22255_/Y (NOR2x2_ASAP7_75t_R)
  28.81  325.58 ^ _22256_/Y (CKINVDCx11_ASAP7_75t_R)
  36.09  361.67 ^ _22864_/Y (AO21x1_ASAP7_75t_R)
  12.91  374.59 v _22865_/Y (INVx1_ASAP7_75t_R)
  31.92  406.51 v _22866_/Y (AO21x1_ASAP7_75t_R)
  41.08  447.58 v _22868_/Y (OR3x1_ASAP7_75t_R)
  12.90  460.48 ^ _22869_/Y (INVx1_ASAP7_75t_R)
  58.76  519.24 ^ _22873_/Y (AND4x2_ASAP7_75t_R)
  18.25  537.50 v _22888_/Y (NAND3x2_ASAP7_75t_R)
  24.84  562.33 ^ _22919_/Y (NOR2x2_ASAP7_75t_R)
  22.78  585.12 v _25586_/Y (NAND2x2_ASAP7_75t_R)
  39.32  624.43 v _25789_/Y (XOR2x1_ASAP7_75t_R)
  32.38  656.81 v _25791_/Y (AO21x1_ASAP7_75t_R)
   0.00  656.81 v _44253_/D (DFFLQNx2_ASAP7_75t_R)
         656.81   data arrival time

  10.00   10.00   clock clk' (fall edge)
   0.00   10.00   clock network delay (ideal)
   0.00   10.00   clock reconvergence pessimism
          10.00 v _44253_/CLK (DFFLQNx2_ASAP7_75t_R)
 -17.31   -7.31   library setup time
          -7.31   data required time
---------------------------------------------------------
          -7.31   data required time
        -656.81   data arrival time
---------------------------------------------------------
        -664.13   slack (VIOLATED)


Startpoint: _44322_ (falling edge-triggered flip-flop clocked by clk')
Endpoint: _44268_ (falling edge-triggered flip-flop clocked by clk')
Path Group: clk
Path Type: max

  Delay    Time   Description
---------------------------------------------------------
   0.00    0.00   clock clk' (fall edge)
   0.00    0.00   clock network delay (ideal)
   0.00    0.00 v _44322_/CLK (DFFLQNx2_ASAP7_75t_R)
 136.60  136.60 v _44322_/QN (DFFLQNx2_ASAP7_75t_R)
  38.50  175.10 ^ _23832_/Y (INVx3_ASAP7_75t_R)
  21.17  196.27 v _23833_/Y (NAND2x2_ASAP7_75t_R)
  37.36  233.63 v rebuffer3567/Y (BUFx12f_ASAP7_75t_R)
  33.88  267.51 v rebuffer3568/Y (BUFx2_ASAP7_75t_R)
  35.45  302.96 ^ _24094_/Y (NOR2x2_ASAP7_75t_R)
  26.01  328.97 v _24095_/Y (INVx8_ASAP7_75t_R)
  41.40  370.36 v _24318_/Y (AO21x1_ASAP7_75t_R)
  54.87  425.24 v _24497_/Y (OA211x2_ASAP7_75t_R)
  58.49  483.73 v _24500_/Y (OA211x2_ASAP7_75t_R)
  23.29  507.02 ^ _24510_/Y (NAND2x2_ASAP7_75t_R)
  17.70  524.72 v _24525_/Y (NOR2x2_ASAP7_75t_R)
  24.14  548.86 ^ _24526_/Y (NAND2x1_ASAP7_75t_R)
  32.87  581.73 v _24527_/Y (NOR2x2_ASAP7_75t_R)
  38.97  620.70 v _25846_/Y (XNOR2x1_ASAP7_75t_R)
  32.68  653.38 v _25848_/Y (AO21x1_ASAP7_75t_R)
   0.00  653.38 v _44268_/D (DFFLQNx2_ASAP7_75t_R)
         653.38   data arrival time

  10.00   10.00   clock clk' (fall edge)
   0.00   10.00   clock network delay (ideal)
   0.00   10.00   clock reconvergence pessimism
          10.00 v _44268_/CLK (DFFLQNx2_ASAP7_75t_R)
 -17.39   -7.39   library setup time
          -7.39   data required time
---------------------------------------------------------
          -7.39   data required time
        -653.38   data arrival time
---------------------------------------------------------
        -660.77   slack (VIOLATED)


Startpoint: _44322_ (falling edge-triggered flip-flop clocked by clk')
Endpoint: _44300_ (falling edge-triggered flip-flop clocked by clk')
Path Group: clk
Path Type: max

  Delay    Time   Description
---------------------------------------------------------
   0.00    0.00   clock clk' (fall edge)
   0.00    0.00   clock network delay (ideal)
   0.00    0.00 v _44322_/CLK (DFFLQNx2_ASAP7_75t_R)
 136.60  136.60 v _44322_/QN (DFFLQNx2_ASAP7_75t_R)
  38.50  175.10 ^ _23832_/Y (INVx3_ASAP7_75t_R)
  21.17  196.27 v _23833_/Y (NAND2x2_ASAP7_75t_R)
  37.36  233.63 v rebuffer3567/Y (BUFx12f_ASAP7_75t_R)
  33.88  267.51 v rebuffer3568/Y (BUFx2_ASAP7_75t_R)
  35.45  302.96 ^ _24094_/Y (NOR2x2_ASAP7_75t_R)
  26.01  328.97 v _24095_/Y (INVx8_ASAP7_75t_R)
  41.40  370.36 v _24318_/Y (AO21x1_ASAP7_75t_R)
  54.87  425.24 v _24497_/Y (OA211x2_ASAP7_75t_R)
  58.49  483.73 v _24500_/Y (OA211x2_ASAP7_75t_R)
  23.29  507.02 ^ _24510_/Y (NAND2x2_ASAP7_75t_R)
  17.70  524.72 v _24525_/Y (NOR2x2_ASAP7_75t_R)
  24.14  548.86 ^ _24526_/Y (NAND2x1_ASAP7_75t_R)
  32.87  581.73 v _24527_/Y (NOR2x2_ASAP7_75t_R)
  38.97  620.70 v _25688_/Y (XNOR2x1_ASAP7_75t_R)
  32.68  653.38 v _25690_/Y (AO21x1_ASAP7_75t_R)
   0.00  653.38 v _44300_/D (DFFLQNx2_ASAP7_75t_R)
         653.38   data arrival time

  10.00   10.00   clock clk' (fall edge)
   0.00   10.00   clock network delay (ideal)
   0.00   10.00   clock reconvergence pessimism
          10.00 v _44300_/CLK (DFFLQNx2_ASAP7_75t_R)
 -17.39   -7.39   library setup time
          -7.39   data required time
---------------------------------------------------------
          -7.39   data required time
        -653.38   data arrival time
---------------------------------------------------------
        -660.77   slack (VIOLATED)


Startpoint: _44329_ (falling edge-triggered flip-flop clocked by clk')
Endpoint: _44246_ (falling edge-triggered flip-flop clocked by clk')
Path Group: clk
Path Type: max

  Delay    Time   Description
---------------------------------------------------------
   0.00    0.00   clock clk' (fall edge)
   0.00    0.00   clock network delay (ideal)
   0.00    0.00 v _44329_/CLK (DFFLQNx3_ASAP7_75t_R)
 125.70  125.70 v _44329_/QN (DFFLQNx3_ASAP7_75t_R)
  42.96  168.66 v rebuffer3495/Y (BUFx6f_ASAP7_75t_R)
  28.38  197.04 v rebuffer3496/Y (BUFx4f_ASAP7_75t_R)
  19.28  216.32 ^ _24684_/Y (NAND2x2_ASAP7_75t_R)
  44.05  260.38 ^ rebuffer2339/Y (BUFx2_ASAP7_75t_R)
  39.87  300.24 ^ rebuffer2340/Y (BUFx2_ASAP7_75t_R)
  16.77  317.01 v _24788_/Y (INVx5_ASAP7_75t_R)
  24.35  341.37 ^ _24812_/Y (NAND2x1_ASAP7_75t_R)
  19.85  361.21 v _24813_/Y (NOR2x1_ASAP7_75t_R)
  17.20  378.41 ^ _24814_/Y (INVx1_ASAP7_75t_R)
  42.14  420.56 ^ _25513_/Y (AND4x1_ASAP7_75t_R)
  64.19  484.74 ^ _25521_/Y (AND5x1_ASAP7_75t_R)
  18.58  503.32 v _25536_/Y (NAND2x2_ASAP7_75t_R)
  22.02  525.34 ^ _25537_/Y (INVx1_ASAP7_75t_R)
  25.28  550.62 v _25538_/Y (NAND2x2_ASAP7_75t_R)
  35.79  586.41 v _26030_/Y (AND2x2_ASAP7_75t_R)
  34.54  620.95 v _26032_/Y (OA21x2_ASAP7_75t_R)
  32.05  653.00 v _26033_/Y (AO21x1_ASAP7_75t_R)
   0.00  653.00 v _44246_/D (DFFLQNx2_ASAP7_75t_R)
         653.00   data arrival time

  10.00   10.00   clock clk' (fall edge)
   0.00   10.00   clock network delay (ideal)
   0.00   10.00   clock reconvergence pessimism
          10.00 v _44246_/CLK (DFFLQNx2_ASAP7_75t_R)
 -17.50   -7.50   library setup time
          -7.50   data required time
---------------------------------------------------------
          -7.50   data required time
        -653.00   data arrival time
---------------------------------------------------------
        -660.49   slack (VIOLATED)


Startpoint: _44330_ (falling edge-triggered flip-flop clocked by clk')
Endpoint: _44306_ (falling edge-triggered flip-flop clocked by clk')
Path Group: clk
Path Type: max

  Delay    Time   Description
---------------------------------------------------------
   0.00    0.00   clock clk' (fall edge)
   0.00    0.00   clock network delay (ideal)
   0.00    0.00 v _44330_/CLK (DFFLQNx3_ASAP7_75t_R)
 149.23  149.23 v _44330_/QN (DFFLQNx3_ASAP7_75t_R)
  37.16  186.40 ^ _24702_/Y (NAND2x2_ASAP7_75t_R)
  38.56  224.96 ^ rebuffer2260/Y (BUFx12f_ASAP7_75t_R)
  17.50  242.46 v _24703_/Y (CKINVDCx8_ASAP7_75t_R)
  56.45  298.91 ^ _24876_/Y (NAND2x2_ASAP7_75t_R)
  44.99  343.90 v _25003_/Y (NOR2x1_ASAP7_75t_R)
  60.44  404.34 v _25247_/Y (OR4x1_ASAP7_75t_R)
  84.77  489.11 v _25254_/Y (OR5x2_ASAP7_75t_R)
  24.09  513.20 ^ _25255_/Y (NOR2x2_ASAP7_75t_R)
  24.52  537.72 v _25256_/Y (NAND2x2_ASAP7_75t_R)
  43.32  581.05 v _25728_/Y (OA21x2_ASAP7_75t_R)
  38.22  619.27 v _25730_/Y (OA21x2_ASAP7_75t_R)
  19.61  638.88 ^ _25732_/Y (OAI21x1_ASAP7_75t_R)
  14.00  652.88 v _25733_/Y (NAND2x1_ASAP7_75t_R)
   0.00  652.88 v _44306_/D (DFFLQNx2_ASAP7_75t_R)
         652.88   data arrival time

  10.00   10.00   clock clk' (fall edge)
   0.00   10.00   clock network delay (ideal)
   0.00   10.00   clock reconvergence pessimism
          10.00 v _44306_/CLK (DFFLQNx2_ASAP7_75t_R)
 -17.54   -7.54   library setup time
          -7.54   data required time
---------------------------------------------------------
          -7.54   data required time
        -652.88   data arrival time
---------------------------------------------------------
        -660.42   slack (VIOLATED)


Startpoint: _44330_ (falling edge-triggered flip-flop clocked by clk')
Endpoint: _44274_ (falling edge-triggered flip-flop clocked by clk')
Path Group: clk
Path Type: max

  Delay    Time   Description
---------------------------------------------------------
   0.00    0.00   clock clk' (fall edge)
   0.00    0.00   clock network delay (ideal)
   0.00    0.00 v _44330_/CLK (DFFLQNx3_ASAP7_75t_R)
 149.23  149.23 v _44330_/QN (DFFLQNx3_ASAP7_75t_R)
  37.16  186.40 ^ _24702_/Y (NAND2x2_ASAP7_75t_R)
  38.56  224.96 ^ rebuffer2260/Y (BUFx12f_ASAP7_75t_R)
  17.50  242.46 v _24703_/Y (CKINVDCx8_ASAP7_75t_R)
  56.45  298.91 ^ _24876_/Y (NAND2x2_ASAP7_75t_R)
  44.99  343.90 v _25003_/Y (NOR2x1_ASAP7_75t_R)
  60.44  404.34 v _25247_/Y (OR4x1_ASAP7_75t_R)
  84.77  489.11 v _25254_/Y (OR5x2_ASAP7_75t_R)
  24.09  513.20 ^ _25255_/Y (NOR2x2_ASAP7_75t_R)
  24.52  537.72 v _25256_/Y (NAND2x2_ASAP7_75t_R)
  43.31  581.03 v _25882_/Y (OA21x2_ASAP7_75t_R)
  38.02  619.05 v _25884_/Y (OA21x2_ASAP7_75t_R)
  18.98  638.03 ^ _25885_/Y (OAI21x1_ASAP7_75t_R)
  14.24  652.27 v _25886_/Y (NAND2x1_ASAP7_75t_R)
   0.00  652.27 v _44274_/D (DFFLQNx2_ASAP7_75t_R)
         652.27   data arrival time

  10.00   10.00   clock clk' (fall edge)
   0.00   10.00   clock network delay (ideal)
   0.00   10.00   clock reconvergence pessimism
          10.00 v _44274_/CLK (DFFLQNx2_ASAP7_75t_R)
 -17.62   -7.62   library setup time
          -7.62   data required time
---------------------------------------------------------
          -7.62   data required time
        -652.27   data arrival time
---------------------------------------------------------
        -659.89   slack (VIOLATED)


Startpoint: _44328_ (falling edge-triggered flip-flop clocked by clk')
Endpoint: _44305_ (falling edge-triggered flip-flop clocked by clk')
Path Group: clk
Path Type: max

  Delay    Time   Description
---------------------------------------------------------
   0.00    0.00   clock clk' (fall edge)
   0.00    0.00   clock network delay (ideal)
   0.00    0.00 v _44328_/CLK (DFFLQNx3_ASAP7_75t_R)
 130.72  130.72 v _44328_/QN (DFFLQNx3_ASAP7_75t_R)
  48.15  178.87 v rebuffer3485/Y (BUFx6f_ASAP7_75t_R)
  18.80  197.67 ^ _24669_/Y (CKINVDCx11_ASAP7_75t_R)
  31.02  228.69 v _24670_/Y (NAND2x2_ASAP7_75t_R)
  38.49  267.18 v rebuffer3501/Y (BUFx2_ASAP7_75t_R)
  31.37  298.55 v rebuffer3493/Y (BUFx2_ASAP7_75t_R)
  25.07  323.63 ^ _24918_/Y (NAND2x2_ASAP7_75t_R)
  37.08  360.70 ^ _25088_/Y (AO21x1_ASAP7_75t_R)
  36.71  397.41 ^ _25090_/Y (AND3x1_ASAP7_75t_R)
  11.85  409.26 v _25091_/Y (INVx1_ASAP7_75t_R)
  70.13  479.39 v _25096_/Y (OR4x2_ASAP7_75t_R)
  22.35  501.74 ^ _25109_/Y (NOR3x2_ASAP7_75t_R)
  14.96  516.71 v _25110_/Y (NAND2x2_ASAP7_75t_R)
  20.67  537.38 ^ _25111_/Y (INVx1_ASAP7_75t_R)
  24.38  561.75 v _25156_/Y (NAND2x2_ASAP7_75t_R)
  26.68  588.43 ^ _25718_/Y (NAND2x1_ASAP7_75t_R)
  21.28  609.71 v _25720_/Y (AOI21x1_ASAP7_75t_R)
  23.80  633.51 ^ _25722_/Y (OAI21x1_ASAP7_75t_R)
  17.93  651.44 v _25723_/Y (OAI21x1_ASAP7_75t_R)
   0.00  651.44 v _44305_/D (DFFLQNx2_ASAP7_75t_R)
         651.44   data arrival time

  10.00   10.00   clock clk' (fall edge)
   0.00   10.00   clock network delay (ideal)
   0.00   10.00   clock reconvergence pessimism
          10.00 v _44305_/CLK (DFFLQNx2_ASAP7_75t_R)
 -18.38   -8.38   library setup time
          -8.38   data required time
---------------------------------------------------------
          -8.38   data required time
        -651.44   data arrival time
---------------------------------------------------------
        -659.83   slack (VIOLATED)


Startpoint: _44327_ (falling edge-triggered flip-flop clocked by clk')
Endpoint: _44307_ (falling edge-triggered flip-flop clocked by clk')
Path Group: clk
Path Type: max

  Delay    Time   Description
---------------------------------------------------------
   0.00    0.00   clock clk' (fall edge)
   0.00    0.00   clock network delay (ideal)
   0.00    0.00 v _44327_/CLK (DFFLQNx3_ASAP7_75t_R)
 118.63  118.63 v _44327_/QN (DFFLQNx3_ASAP7_75t_R)
  45.73  164.36 v rebuffer1910/Y (BUFx12f_ASAP7_75t_R)
  53.70  218.06 ^ _24682_/Y (NAND2x2_ASAP7_75t_R)
  57.79  275.85 v _24725_/Y (NOR2x2_ASAP7_75t_R)
  49.71  325.56 v rebuffer1996/Y (BUFx2_ASAP7_75t_R)
  39.63  365.19 v _25229_/Y (OA21x2_ASAP7_75t_R)
  33.36  398.54 v _25316_/Y (AO21x1_ASAP7_75t_R)
  12.16  410.70 ^ _25317_/Y (INVx1_ASAP7_75t_R)
  42.93  453.63 ^ _25321_/Y (AND4x1_ASAP7_75t_R)
  38.25  491.88 ^ _25332_/Y (AND3x1_ASAP7_75t_R)
  19.19  511.07 v _25333_/Y (NAND2x1_ASAP7_75t_R)
  27.36  538.43 ^ _25334_/Y (INVx1_ASAP7_75t_R)
  25.06  563.49 v _25335_/Y (NAND2x2_ASAP7_75t_R)
  28.73  592.22 ^ _25738_/Y (NAND2x1_ASAP7_75t_R)
  22.82  615.04 v _25740_/Y (AOI21x1_ASAP7_75t_R)
  22.90  637.94 ^ _25744_/Y (OAI21x1_ASAP7_75t_R)
  14.17  652.11 v _25745_/Y (NAND2x1_ASAP7_75t_R)
   0.00  652.11 v _44307_/D (DFFLQNx2_ASAP7_75t_R)
         652.11   data arrival time

  10.00   10.00   clock clk' (fall edge)
   0.00   10.00   clock network delay (ideal)
   0.00   10.00   clock reconvergence pessimism
          10.00 v _44307_/CLK (DFFLQNx2_ASAP7_75t_R)
 -17.59   -7.59   library setup time
          -7.59   data required time
---------------------------------------------------------
          -7.59   data required time
        -652.11   data arrival time
---------------------------------------------------------
        -659.71   slack (VIOLATED)


Startpoint: _44322_ (falling edge-triggered flip-flop clocked by clk')
Endpoint: _44297_ (falling edge-triggered flip-flop clocked by clk')
Path Group: clk
Path Type: max

  Delay    Time   Description
---------------------------------------------------------
   0.00    0.00   clock clk' (fall edge)
   0.00    0.00   clock network delay (ideal)
   0.00    0.00 v _44322_/CLK (DFFLQNx2_ASAP7_75t_R)
 136.60  136.60 v _44322_/QN (DFFLQNx2_ASAP7_75t_R)
  50.47  187.08 ^ _23814_/Y (NAND2x2_ASAP7_75t_R)
  46.52  233.60 ^ rebuffer3550/Y (BUFx3_ASAP7_75t_R)
  39.07  272.67 ^ rebuffer3553/Y (BUFx3_ASAP7_75t_R)
  29.75  302.42 v _23926_/Y (NOR2x2_ASAP7_75t_R)
  43.71  346.13 v _24287_/Y (AND2x2_ASAP7_75t_R)
  17.71  363.84 ^ _24288_/Y (INVx1_ASAP7_75t_R)
  61.68  425.52 ^ _24289_/Y (AND5x1_ASAP7_75t_R)
  15.51  441.03 v _24290_/Y (INVx1_ASAP7_75t_R)
  13.85  454.88 ^ _24291_/Y (NOR2x1_ASAP7_75t_R)
  35.56  490.44 ^ _24298_/Y (AND3x1_ASAP7_75t_R)
  14.01  504.45 v _24299_/Y (INVx1_ASAP7_75t_R)
  22.64  527.09 ^ _24300_/Y (NOR2x1_ASAP7_75t_R)
  23.48  550.57 v _24301_/Y (NAND2x2_ASAP7_75t_R)
  34.45  585.02 v _25669_/Y (AND2x2_ASAP7_75t_R)
  34.52  619.54 v _25671_/Y (OA21x2_ASAP7_75t_R)
  32.04  651.59 v _25672_/Y (AO21x1_ASAP7_75t_R)
   0.00  651.59 v _44297_/D (DFFLQNx2_ASAP7_75t_R)
         651.59   data arrival time

  10.00   10.00   clock clk' (fall edge)
   0.00   10.00   clock network delay (ideal)
   0.00   10.00   clock reconvergence pessimism
          10.00 v _44297_/CLK (DFFLQNx2_ASAP7_75t_R)
 -17.56   -7.56   library setup time
          -7.56   data required time
---------------------------------------------------------
          -7.56   data required time
        -651.59   data arrival time
---------------------------------------------------------
        -659.15   slack (VIOLATED)


Startpoint: _44330_ (falling edge-triggered flip-flop clocked by clk')
Endpoint: _44242_ (falling edge-triggered flip-flop clocked by clk')
Path Group: clk
Path Type: max

  Delay    Time   Description
---------------------------------------------------------
   0.00    0.00   clock clk' (fall edge)
   0.00    0.00   clock network delay (ideal)
   0.00    0.00 v _44330_/CLK (DFFLQNx3_ASAP7_75t_R)
 149.23  149.23 v _44330_/QN (DFFLQNx3_ASAP7_75t_R)
  37.16  186.40 ^ _24702_/Y (NAND2x2_ASAP7_75t_R)
  38.56  224.96 ^ rebuffer2260/Y (BUFx12f_ASAP7_75t_R)
  17.50  242.46 v _24703_/Y (CKINVDCx8_ASAP7_75t_R)
  56.45  298.91 ^ _24876_/Y (NAND2x2_ASAP7_75t_R)
  44.99  343.90 v _25003_/Y (NOR2x1_ASAP7_75t_R)
  60.44  404.34 v _25247_/Y (OR4x1_ASAP7_75t_R)
  84.77  489.11 v _25254_/Y (OR5x2_ASAP7_75t_R)
  24.09  513.20 ^ _25255_/Y (NOR2x2_ASAP7_75t_R)
  24.52  537.72 v _25256_/Y (NAND2x2_ASAP7_75t_R)
  45.05  582.77 v _25257_/Y (OR2x2_ASAP7_75t_R)
  19.27  602.04 ^ _26013_/Y (NAND2x1_ASAP7_75t_R)
  15.15  617.19 v _26014_/Y (AOI21x1_ASAP7_75t_R)
  32.81  650.00 v _26015_/Y (AO21x1_ASAP7_75t_R)
   0.00  650.00 v _44242_/D (DFFLQNx2_ASAP7_75t_R)
         650.00   data arrival time

  10.00   10.00   clock clk' (fall edge)
   0.00   10.00   clock network delay (ideal)
   0.00   10.00   clock reconvergence pessimism
          10.00 v _44242_/CLK (DFFLQNx2_ASAP7_75t_R)
 -17.34   -7.34   library setup time
          -7.34   data required time
---------------------------------------------------------
          -7.34   data required time
        -650.00   data arrival time
---------------------------------------------------------
        -657.34   slack (VIOLATED)


Startpoint: _44314_ (falling edge-triggered flip-flop clocked by clk')
Endpoint: _44294_ (falling edge-triggered flip-flop clocked by clk')
Path Group: clk
Path Type: max

  Delay    Time   Description
---------------------------------------------------------
   0.00    0.00   clock clk' (fall edge)
   0.00    0.00   clock network delay (ideal)
   0.00    0.00 v _44314_/CLK (DFFLQNx2_ASAP7_75t_R)
 139.63  139.63 v _44314_/QN (DFFLQNx2_ASAP7_75t_R)
  43.73  183.36 ^ _23020_/Y (INVx4_ASAP7_75t_R)
  54.26  237.62 v _23021_/Y (NOR2x2_ASAP7_75t_R)
  60.22  297.85 ^ _23157_/Y (NAND2x2_ASAP7_75t_R)
  30.51  328.35 v _23210_/Y (INVx4_ASAP7_75t_R)
  42.70  371.06 v _23633_/Y (OA21x2_ASAP7_75t_R)
  33.07  404.13 v _23770_/Y (AO21x1_ASAP7_75t_R)
  11.38  415.51 ^ _23771_/Y (INVx1_ASAP7_75t_R)
  36.38  451.89 ^ _23774_/Y (OA211x2_ASAP7_75t_R)
  43.58  495.48 ^ _23778_/Y (AND4x1_ASAP7_75t_R)
  45.80  541.27 ^ _23788_/Y (AND3x1_ASAP7_75t_R)
  29.00  570.27 v _23789_/Y (NAND2x2_ASAP7_75t_R)
  38.68  608.95 v _25653_/Y (AND2x2_ASAP7_75t_R)
  20.03  628.97 ^ _25654_/Y (OAI21x1_ASAP7_75t_R)
  17.88  646.86 v _25655_/Y (OAI21x1_ASAP7_75t_R)
   0.00  646.86 v _44294_/D (DFFLQNx2_ASAP7_75t_R)
         646.86   data arrival time

  10.00   10.00   clock clk' (fall edge)
   0.00   10.00   clock network delay (ideal)
   0.00   10.00   clock reconvergence pessimism
          10.00 v _44294_/CLK (DFFLQNx2_ASAP7_75t_R)
 -18.37   -8.37   library setup time
          -8.37   data required time
---------------------------------------------------------
          -8.37   data required time
        -646.86   data arrival time
---------------------------------------------------------
        -655.23   slack (VIOLATED)


Startpoint: _44330_ (falling edge-triggered flip-flop clocked by clk')
Endpoint: _44304_ (falling edge-triggered flip-flop clocked by clk')
Path Group: clk
Path Type: max

  Delay    Time   Description
---------------------------------------------------------
   0.00    0.00   clock clk' (fall edge)
   0.00    0.00   clock network delay (ideal)
   0.00    0.00 v _44330_/CLK (DFFLQNx3_ASAP7_75t_R)
 149.23  149.23 v _44330_/QN (DFFLQNx3_ASAP7_75t_R)
  37.16  186.40 ^ _24702_/Y (NAND2x2_ASAP7_75t_R)
  38.56  224.96 ^ rebuffer2260/Y (BUFx12f_ASAP7_75t_R)
  17.50  242.46 v _24703_/Y (CKINVDCx8_ASAP7_75t_R)
  56.45  298.91 ^ _24876_/Y (NAND2x2_ASAP7_75t_R)
  44.99  343.90 v _25003_/Y (NOR2x1_ASAP7_75t_R)
  38.61  382.51 v _25004_/Y (AO21x1_ASAP7_75t_R)
  63.66  446.17 v _25008_/Y (OR5x1_ASAP7_75t_R)
  15.12  461.29 ^ _25009_/Y (INVx1_ASAP7_75t_R)
  40.44  501.73 ^ _25027_/Y (AND4x1_ASAP7_75t_R)
  14.82  516.54 v _25028_/Y (INVx1_ASAP7_75t_R)
  16.07  532.61 ^ _25044_/Y (NOR2x1_ASAP7_75t_R)
  18.71  551.32 v _25045_/Y (INVx1_ASAP7_75t_R)
  35.33  586.65 ^ _25046_/Y (NOR2x2_ASAP7_75t_R)
  20.95  607.60 v _25709_/Y (NAND3x1_ASAP7_75t_R)
  23.37  630.97 ^ _25711_/Y (NAND2x1_ASAP7_75t_R)
  14.79  645.75 v _25713_/Y (AOI21x1_ASAP7_75t_R)
   0.00  645.75 v _44304_/D (DFFLQNx2_ASAP7_75t_R)
         645.75   data arrival time

  10.00   10.00   clock clk' (fall edge)
   0.00   10.00   clock network delay (ideal)
   0.00   10.00   clock reconvergence pessimism
          10.00 v _44304_/CLK (DFFLQNx2_ASAP7_75t_R)
 -19.34   -9.34   library setup time
          -9.34   data required time
---------------------------------------------------------
          -9.34   data required time
        -645.75   data arrival time
---------------------------------------------------------
        -655.09   slack (VIOLATED)


Startpoint: _44330_ (falling edge-triggered flip-flop clocked by clk')
Endpoint: _44336_ (falling edge-triggered flip-flop clocked by clk')
Path Group: clk
Path Type: max

  Delay    Time   Description
---------------------------------------------------------
   0.00    0.00   clock clk' (fall edge)
   0.00    0.00   clock network delay (ideal)
   0.00    0.00 v _44330_/CLK (DFFLQNx3_ASAP7_75t_R)
 149.23  149.23 v _44330_/QN (DFFLQNx3_ASAP7_75t_R)
  37.16  186.40 ^ _24702_/Y (NAND2x2_ASAP7_75t_R)
  38.56  224.96 ^ rebuffer2260/Y (BUFx12f_ASAP7_75t_R)
  17.50  242.46 v _24703_/Y (CKINVDCx8_ASAP7_75t_R)
  56.45  298.91 ^ _24876_/Y (NAND2x2_ASAP7_75t_R)
  44.99  343.90 v _25003_/Y (NOR2x1_ASAP7_75t_R)
  38.61  382.51 v _25004_/Y (AO21x1_ASAP7_75t_R)
  63.66  446.17 v _25008_/Y (OR5x1_ASAP7_75t_R)
  15.12  461.29 ^ _25009_/Y (INVx1_ASAP7_75t_R)
  40.44  501.73 ^ _25027_/Y (AND4x1_ASAP7_75t_R)
  14.82  516.54 v _25028_/Y (INVx1_ASAP7_75t_R)
  16.07  532.61 ^ _25044_/Y (NOR2x1_ASAP7_75t_R)
  18.71  551.32 v _25045_/Y (INVx1_ASAP7_75t_R)
  35.33  586.65 ^ _25046_/Y (NOR2x2_ASAP7_75t_R)
  20.95  607.60 v _25053_/Y (NAND3x1_ASAP7_75t_R)
  23.37  630.97 ^ _25055_/Y (NAND2x1_ASAP7_75t_R)
  14.79  645.75 v _25058_/Y (AOI21x1_ASAP7_75t_R)
   0.00  645.75 v _44336_/D (DFFLQNx3_ASAP7_75t_R)
         645.75   data arrival time

  10.00   10.00   clock clk' (fall edge)
   0.00   10.00   clock network delay (ideal)
   0.00   10.00   clock reconvergence pessimism
          10.00 v _44336_/CLK (DFFLQNx3_ASAP7_75t_R)
 -19.31   -9.31   library setup time
          -9.31   data required time
---------------------------------------------------------
          -9.31   data required time
        -645.75   data arrival time
---------------------------------------------------------
        -655.07   slack (VIOLATED)


Startpoint: _44330_ (falling edge-triggered flip-flop clocked by clk')
Endpoint: _44240_ (falling edge-triggered flip-flop clocked by clk')
Path Group: clk
Path Type: max

  Delay    Time   Description
---------------------------------------------------------
   0.00    0.00   clock clk' (fall edge)
   0.00    0.00   clock network delay (ideal)
   0.00    0.00 v _44330_/CLK (DFFLQNx3_ASAP7_75t_R)
 149.23  149.23 v _44330_/QN (DFFLQNx3_ASAP7_75t_R)
  37.16  186.40 ^ _24702_/Y (NAND2x2_ASAP7_75t_R)
  38.56  224.96 ^ rebuffer2260/Y (BUFx12f_ASAP7_75t_R)
  17.50  242.46 v _24703_/Y (CKINVDCx8_ASAP7_75t_R)
  56.45  298.91 ^ _24876_/Y (NAND2x2_ASAP7_75t_R)
  44.99  343.90 v _25003_/Y (NOR2x1_ASAP7_75t_R)
  38.61  382.51 v _25004_/Y (AO21x1_ASAP7_75t_R)
  63.66  446.17 v _25008_/Y (OR5x1_ASAP7_75t_R)
  15.12  461.29 ^ _25009_/Y (INVx1_ASAP7_75t_R)
  40.44  501.73 ^ _25027_/Y (AND4x1_ASAP7_75t_R)
  14.82  516.54 v _25028_/Y (INVx1_ASAP7_75t_R)
  16.07  532.61 ^ _25044_/Y (NOR2x1_ASAP7_75t_R)
  18.71  551.32 v _25045_/Y (INVx1_ASAP7_75t_R)
  35.33  586.65 ^ _25046_/Y (NOR2x2_ASAP7_75t_R)
  20.95  607.60 v _26003_/Y (NAND3x1_ASAP7_75t_R)
  23.37  630.97 ^ _26005_/Y (NAND2x1_ASAP7_75t_R)
  14.79  645.75 v _26007_/Y (AOI21x1_ASAP7_75t_R)
   0.00  645.75 v _44240_/D (DFFLQNx2_ASAP7_75t_R)
         645.75   data arrival time

  10.00   10.00   clock clk' (fall edge)
   0.00   10.00   clock network delay (ideal)
   0.00   10.00   clock reconvergence pessimism
          10.00 v _44240_/CLK (DFFLQNx2_ASAP7_75t_R)
 -19.31   -9.31   library setup time
          -9.31   data required time
---------------------------------------------------------
          -9.31   data required time
        -645.75   data arrival time
---------------------------------------------------------
        -655.06   slack (VIOLATED)


Startpoint: _44330_ (falling edge-triggered flip-flop clocked by clk')
Endpoint: _44272_ (falling edge-triggered flip-flop clocked by clk')
Path Group: clk
Path Type: max

  Delay    Time   Description
---------------------------------------------------------
   0.00    0.00   clock clk' (fall edge)
   0.00    0.00   clock network delay (ideal)
   0.00    0.00 v _44330_/CLK (DFFLQNx3_ASAP7_75t_R)
 149.23  149.23 v _44330_/QN (DFFLQNx3_ASAP7_75t_R)
  37.16  186.40 ^ _24702_/Y (NAND2x2_ASAP7_75t_R)
  38.56  224.96 ^ rebuffer2260/Y (BUFx12f_ASAP7_75t_R)
  17.50  242.46 v _24703_/Y (CKINVDCx8_ASAP7_75t_R)
  56.45  298.91 ^ _24876_/Y (NAND2x2_ASAP7_75t_R)
  44.99  343.90 v _25003_/Y (NOR2x1_ASAP7_75t_R)
  38.61  382.51 v _25004_/Y (AO21x1_ASAP7_75t_R)
  63.66  446.17 v _25008_/Y (OR5x1_ASAP7_75t_R)
  15.12  461.29 ^ _25009_/Y (INVx1_ASAP7_75t_R)
  40.44  501.73 ^ _25027_/Y (AND4x1_ASAP7_75t_R)
  14.82  516.54 v _25028_/Y (INVx1_ASAP7_75t_R)
  16.07  532.61 ^ _25044_/Y (NOR2x1_ASAP7_75t_R)
  18.71  551.32 v _25045_/Y (INVx1_ASAP7_75t_R)
  35.33  586.65 ^ _25046_/Y (NOR2x2_ASAP7_75t_R)
  20.95  607.60 v _25865_/Y (NAND3x1_ASAP7_75t_R)
  23.37  630.97 ^ _25867_/Y (NAND2x1_ASAP7_75t_R)
  14.79  645.75 v _25869_/Y (AOI21x1_ASAP7_75t_R)
   0.00  645.75 v _44272_/D (DFFLQNx2_ASAP7_75t_R)
         645.75   data arrival time

  10.00   10.00   clock clk' (fall edge)
   0.00   10.00   clock network delay (ideal)
   0.00   10.00   clock reconvergence pessimism
          10.00 v _44272_/CLK (DFFLQNx2_ASAP7_75t_R)
 -19.31   -9.31   library setup time
          -9.31   data required time
---------------------------------------------------------
          -9.31   data required time
        -645.75   data arrival time
---------------------------------------------------------
        -655.06   slack (VIOLATED)


Startpoint: _44335_ (falling edge-triggered flip-flop clocked by clk')
Endpoint: _44248_ (falling edge-triggered flip-flop clocked by clk')
Path Group: clk
Path Type: max

  Delay    Time   Description
---------------------------------------------------------
   0.00    0.00   clock clk' (fall edge)
   0.00    0.00   clock network delay (ideal)
   0.00    0.00 v _44335_/CLK (DFFLQNx3_ASAP7_75t_R)
 136.17  136.17 v _44335_/QN (DFFLQNx3_ASAP7_75t_R)
  51.09  187.26 v rebuffer3416/Y (BUFx2_ASAP7_75t_R)
  49.80  237.06 ^ _22175_/Y (NAND2x2_ASAP7_75t_R)
  63.12  300.17 v _22187_/Y (NOR2x2_ASAP7_75t_R)
  30.15  330.32 ^ _22260_/Y (CKINVDCx6p67_ASAP7_75t_R)
  32.70  363.02 ^ _22444_/Y (AO21x1_ASAP7_75t_R)
  15.65  378.67 v _22445_/Y (INVx1_ASAP7_75t_R)
  70.14  448.81 v _22448_/Y (OR5x1_ASAP7_75t_R)
  73.24  522.05 v _22460_/Y (OR4x2_ASAP7_75t_R)
  20.21  542.26 ^ _22461_/Y (NOR2x2_ASAP7_75t_R)
  20.92  563.17 v _22515_/Y (NAND2x2_ASAP7_75t_R)
  28.12  591.30 ^ _25549_/Y (NOR2x2_ASAP7_75t_R)
  37.34  628.64 ^ _25771_/Y (XOR2x1_ASAP7_75t_R)
  15.20  643.84 v _25773_/Y (AOI21x1_ASAP7_75t_R)
   0.00  643.84 v _44248_/D (DFFLQNx2_ASAP7_75t_R)
         643.84   data arrival time

  10.00   10.00   clock clk' (fall edge)
   0.00   10.00   clock network delay (ideal)
   0.00   10.00   clock reconvergence pessimism
          10.00 v _44248_/CLK (DFFLQNx2_ASAP7_75t_R)
 -19.34   -9.34   library setup time
          -9.34   data required time
---------------------------------------------------------
          -9.34   data required time
        -643.84   data arrival time
---------------------------------------------------------
        -653.17   slack (VIOLATED)


Startpoint: _44335_ (falling edge-triggered flip-flop clocked by clk')
Endpoint: _44280_ (falling edge-triggered flip-flop clocked by clk')
Path Group: clk
Path Type: max

  Delay    Time   Description
---------------------------------------------------------
   0.00    0.00   clock clk' (fall edge)
   0.00    0.00   clock network delay (ideal)
   0.00    0.00 v _44335_/CLK (DFFLQNx3_ASAP7_75t_R)
 136.17  136.17 v _44335_/QN (DFFLQNx3_ASAP7_75t_R)
  51.09  187.26 v rebuffer3416/Y (BUFx2_ASAP7_75t_R)
  49.80  237.06 ^ _22175_/Y (NAND2x2_ASAP7_75t_R)
  63.12  300.17 v _22187_/Y (NOR2x2_ASAP7_75t_R)
  30.15  330.32 ^ _22260_/Y (CKINVDCx6p67_ASAP7_75t_R)
  32.70  363.02 ^ _22444_/Y (AO21x1_ASAP7_75t_R)
  15.65  378.67 v _22445_/Y (INVx1_ASAP7_75t_R)
  70.14  448.81 v _22448_/Y (OR5x1_ASAP7_75t_R)
  73.24  522.05 v _22460_/Y (OR4x2_ASAP7_75t_R)
  20.21  542.26 ^ _22461_/Y (NOR2x2_ASAP7_75t_R)
  20.92  563.17 v _22515_/Y (NAND2x2_ASAP7_75t_R)
  28.12  591.30 ^ _25549_/Y (NOR2x2_ASAP7_75t_R)
  37.34  628.64 ^ _25552_/Y (XOR2x1_ASAP7_75t_R)
  15.20  643.84 v _25554_/Y (AOI21x1_ASAP7_75t_R)
   0.00  643.84 v _44280_/D (DFFLQNx2_ASAP7_75t_R)
         643.84   data arrival time

  10.00   10.00   clock clk' (fall edge)
   0.00   10.00   clock network delay (ideal)
   0.00   10.00   clock reconvergence pessimism
          10.00 v _44280_/CLK (DFFLQNx2_ASAP7_75t_R)
 -19.34   -9.34   library setup time
          -9.34   data required time
---------------------------------------------------------
          -9.34   data required time
        -643.84   data arrival time
---------------------------------------------------------
        -653.17   slack (VIOLATED)


Startpoint: _44314_ (falling edge-triggered flip-flop clocked by clk')
Endpoint: _44230_ (falling edge-triggered flip-flop clocked by clk')
Path Group: clk
Path Type: max

  Delay    Time   Description
---------------------------------------------------------
   0.00    0.00   clock clk' (fall edge)
   0.00    0.00   clock network delay (ideal)
   0.00    0.00 v _44314_/CLK (DFFLQNx2_ASAP7_75t_R)
 139.63  139.63 v _44314_/QN (DFFLQNx2_ASAP7_75t_R)
  43.73  183.36 ^ _23020_/Y (INVx4_ASAP7_75t_R)
  54.26  237.62 v _23021_/Y (NOR2x2_ASAP7_75t_R)
  60.22  297.85 ^ _23157_/Y (NAND2x2_ASAP7_75t_R)
  30.51  328.35 v _23210_/Y (INVx4_ASAP7_75t_R)
  42.70  371.06 v _23633_/Y (OA21x2_ASAP7_75t_R)
  33.07  404.13 v _23770_/Y (AO21x1_ASAP7_75t_R)
  11.38  415.51 ^ _23771_/Y (INVx1_ASAP7_75t_R)
  36.38  451.89 ^ _23774_/Y (OA211x2_ASAP7_75t_R)
  43.58  495.48 ^ _23778_/Y (AND4x1_ASAP7_75t_R)
  45.80  541.27 ^ _23788_/Y (AND3x1_ASAP7_75t_R)
  29.00  570.27 v _23789_/Y (NAND2x2_ASAP7_75t_R)
  41.22  611.49 v _25967_/Y (XOR2x1_ASAP7_75t_R)
  33.58  645.07 v _25969_/Y (AO21x1_ASAP7_75t_R)
   0.00  645.07 v _44230_/D (DFFLQNx2_ASAP7_75t_R)
         645.07   data arrival time

  10.00   10.00   clock clk' (fall edge)
   0.00   10.00   clock network delay (ideal)
   0.00   10.00   clock reconvergence pessimism
          10.00 v _44230_/CLK (DFFLQNx2_ASAP7_75t_R)
 -17.37   -7.37   library setup time
          -7.37   data required time
---------------------------------------------------------
          -7.37   data required time
        -645.07   data arrival time
---------------------------------------------------------
        -652.44   slack (VIOLATED)


Startpoint: _44330_ (falling edge-triggered flip-flop clocked by clk')
Endpoint: _44338_ (falling edge-triggered flip-flop clocked by clk')
Path Group: clk
Path Type: max

  Delay    Time   Description
---------------------------------------------------------
   0.00    0.00   clock clk' (fall edge)
   0.00    0.00   clock network delay (ideal)
   0.00    0.00 v _44330_/CLK (DFFLQNx3_ASAP7_75t_R)
 149.23  149.23 v _44330_/QN (DFFLQNx3_ASAP7_75t_R)
  37.16  186.40 ^ _24702_/Y (NAND2x2_ASAP7_75t_R)
  38.56  224.96 ^ rebuffer2260/Y (BUFx12f_ASAP7_75t_R)
  17.50  242.46 v _24703_/Y (CKINVDCx8_ASAP7_75t_R)
  56.45  298.91 ^ _24876_/Y (NAND2x2_ASAP7_75t_R)
  44.99  343.90 v _25003_/Y (NOR2x1_ASAP7_75t_R)
  60.44  404.34 v _25247_/Y (OR4x1_ASAP7_75t_R)
  84.77  489.11 v _25254_/Y (OR5x2_ASAP7_75t_R)
  24.09  513.20 ^ _25255_/Y (NOR2x2_ASAP7_75t_R)
  24.52  537.72 v _25256_/Y (NAND2x2_ASAP7_75t_R)
  45.05  582.77 v _25257_/Y (OR2x2_ASAP7_75t_R)
  30.60  613.38 v _25258_/Y (XNOR2x1_ASAP7_75t_R)
  31.52  644.89 v _25260_/Y (AO21x1_ASAP7_75t_R)
   0.00  644.89 v _44338_/D (DFFLQNx3_ASAP7_75t_R)
         644.89   data arrival time

  10.00   10.00   clock clk' (fall edge)
   0.00   10.00   clock network delay (ideal)
   0.00   10.00   clock reconvergence pessimism
          10.00 v _44338_/CLK (DFFLQNx3_ASAP7_75t_R)
 -17.39   -7.39   library setup time
          -7.39   data required time
---------------------------------------------------------
          -7.39   data required time
        -644.89   data arrival time
---------------------------------------------------------
        -652.28   slack (VIOLATED)


Startpoint: _44335_ (falling edge-triggered flip-flop clocked by clk')
Endpoint: _44216_ (falling edge-triggered flip-flop clocked by clk')
Path Group: clk
Path Type: max

  Delay    Time   Description
---------------------------------------------------------
   0.00    0.00   clock clk' (fall edge)
   0.00    0.00   clock network delay (ideal)
   0.00    0.00 v _44335_/CLK (DFFLQNx3_ASAP7_75t_R)
 136.17  136.17 v _44335_/QN (DFFLQNx3_ASAP7_75t_R)
  51.09  187.26 v rebuffer3416/Y (BUFx2_ASAP7_75t_R)
  49.80  237.06 ^ _22175_/Y (NAND2x2_ASAP7_75t_R)
  63.12  300.17 v _22187_/Y (NOR2x2_ASAP7_75t_R)
  30.15  330.32 ^ _22260_/Y (CKINVDCx6p67_ASAP7_75t_R)
  32.70  363.02 ^ _22444_/Y (AO21x1_ASAP7_75t_R)
  15.65  378.67 v _22445_/Y (INVx1_ASAP7_75t_R)
  70.14  448.81 v _22448_/Y (OR5x1_ASAP7_75t_R)
  73.24  522.05 v _22460_/Y (OR4x2_ASAP7_75t_R)
  20.21  542.26 ^ _22461_/Y (NOR2x2_ASAP7_75t_R)
  20.92  563.17 v _22515_/Y (NAND2x2_ASAP7_75t_R)
  28.12  591.30 ^ _25549_/Y (NOR2x2_ASAP7_75t_R)
  37.27  628.56 ^ _25916_/Y (XOR2x1_ASAP7_75t_R)
  15.52  644.08 v _25918_/Y (OAI21x1_ASAP7_75t_R)
   0.00  644.08 v _44216_/D (DFFLQNx2_ASAP7_75t_R)
         644.08   data arrival time

  10.00   10.00   clock clk' (fall edge)
   0.00   10.00   clock network delay (ideal)
   0.00   10.00   clock reconvergence pessimism
          10.00 v _44216_/CLK (DFFLQNx2_ASAP7_75t_R)
 -17.81   -7.81   library setup time
          -7.81   data required time
---------------------------------------------------------
          -7.81   data required time
        -644.08   data arrival time
---------------------------------------------------------
        -651.90   slack (VIOLATED)


Startpoint: _44322_ (falling edge-triggered flip-flop clocked by clk')
Endpoint: _44333_ (falling edge-triggered flip-flop clocked by clk')
Path Group: clk
Path Type: max

  Delay    Time   Description
---------------------------------------------------------
   0.00    0.00   clock clk' (fall edge)
   0.00    0.00   clock network delay (ideal)
   0.00    0.00 v _44322_/CLK (DFFLQNx2_ASAP7_75t_R)
 136.60  136.60 v _44322_/QN (DFFLQNx2_ASAP7_75t_R)
  50.47  187.08 ^ _23814_/Y (NAND2x2_ASAP7_75t_R)
  46.52  233.60 ^ rebuffer3550/Y (BUFx3_ASAP7_75t_R)
  39.07  272.67 ^ rebuffer3553/Y (BUFx3_ASAP7_75t_R)
  31.57  304.24 ^ rebuffer3554/Y (BUFx2_ASAP7_75t_R)
  16.19  320.43 v _23862_/Y (NOR2x1_ASAP7_75t_R)
  36.94  357.36 v _24352_/Y (AND2x2_ASAP7_75t_R)
  14.64  372.01 ^ _24553_/Y (NOR2x1_ASAP7_75t_R)
  40.50  412.50 ^ _24555_/Y (AND4x1_ASAP7_75t_R)
  35.46  447.96 ^ _24556_/Y (AND3x1_ASAP7_75t_R)
  11.63  459.59 v _24557_/Y (INVx1_ASAP7_75t_R)
  59.05  518.64 v _24566_/Y (OR3x2_ASAP7_75t_R)
  21.31  539.95 ^ _24597_/Y (NOR3x2_ASAP7_75t_R)
  26.76  566.71 v _24598_/Y (NAND2x2_ASAP7_75t_R)
  38.13  604.83 v _24600_/Y (AND2x2_ASAP7_75t_R)
  20.02  624.85 ^ _24601_/Y (OAI21x1_ASAP7_75t_R)
  17.92  642.77 v _24602_/Y (OAI21x1_ASAP7_75t_R)
   0.00  642.77 v _44333_/D (DFFLQNx2_ASAP7_75t_R)
         642.77   data arrival time

  10.00   10.00   clock clk' (fall edge)
   0.00   10.00   clock network delay (ideal)
   0.00   10.00   clock reconvergence pessimism
          10.00 v _44333_/CLK (DFFLQNx2_ASAP7_75t_R)
 -18.38   -8.38   library setup time
          -8.38   data required time
---------------------------------------------------------
          -8.38   data required time
        -642.77   data arrival time
---------------------------------------------------------
        -651.15   slack (VIOLATED)


Startpoint: _44329_ (falling edge-triggered flip-flop clocked by clk')
Endpoint: _44310_ (falling edge-triggered flip-flop clocked by clk')
Path Group: clk
Path Type: max

  Delay    Time   Description
---------------------------------------------------------
   0.00    0.00   clock clk' (fall edge)
   0.00    0.00   clock network delay (ideal)
   0.00    0.00 v _44329_/CLK (DFFLQNx3_ASAP7_75t_R)
 125.70  125.70 v _44329_/QN (DFFLQNx3_ASAP7_75t_R)
  42.96  168.66 v rebuffer3495/Y (BUFx6f_ASAP7_75t_R)
  28.38  197.04 v rebuffer3496/Y (BUFx4f_ASAP7_75t_R)
  19.28  216.32 ^ _24684_/Y (NAND2x2_ASAP7_75t_R)
  33.90  250.22 ^ rebuffer2337/Y (BUFx12f_ASAP7_75t_R)
  34.36  284.58 v _24949_/Y (NOR2x2_ASAP7_75t_R)
  47.78  332.36 v rebuffer1498/Y (BUFx2_ASAP7_75t_R)
  36.51  368.87 v _25350_/Y (OA21x2_ASAP7_75t_R)
  17.36  386.23 ^ _25351_/Y (INVx1_ASAP7_75t_R)
  12.85  399.08 v _25507_/Y (NAND2x1_ASAP7_75t_R)
  85.54  484.63 v _25509_/Y (OR5x2_ASAP7_75t_R)
  28.56  513.18 ^ _25510_/Y (NOR3x2_ASAP7_75t_R)
  18.34  531.52 v _25762_/Y (INVx1_ASAP7_75t_R)
  40.87  572.39 v _25763_/Y (OA21x2_ASAP7_75t_R)
  37.92  610.31 v _25765_/Y (OA21x2_ASAP7_75t_R)
  19.00  629.32 ^ _25766_/Y (OAI21x1_ASAP7_75t_R)
  14.11  643.42 v _25767_/Y (NAND2x1_ASAP7_75t_R)
   0.00  643.42 v _44310_/D (DFFLQNx2_ASAP7_75t_R)
         643.42   data arrival time

  10.00   10.00   clock clk' (fall edge)
   0.00   10.00   clock network delay (ideal)
   0.00   10.00   clock reconvergence pessimism
          10.00 v _44310_/CLK (DFFLQNx2_ASAP7_75t_R)
 -17.57   -7.57   library setup time
          -7.57   data required time
---------------------------------------------------------
          -7.57   data required time
        -643.42   data arrival time
---------------------------------------------------------
        -651.00   slack (VIOLATED)


Startpoint: _44329_ (falling edge-triggered flip-flop clocked by clk')
Endpoint: _44278_ (falling edge-triggered flip-flop clocked by clk')
Path Group: clk
Path Type: max

  Delay    Time   Description
---------------------------------------------------------
   0.00    0.00   clock clk' (fall edge)
   0.00    0.00   clock network delay (ideal)
   0.00    0.00 v _44329_/CLK (DFFLQNx3_ASAP7_75t_R)
 125.70  125.70 v _44329_/QN (DFFLQNx3_ASAP7_75t_R)
  42.96  168.66 v rebuffer3495/Y (BUFx6f_ASAP7_75t_R)
  28.38  197.04 v rebuffer3496/Y (BUFx4f_ASAP7_75t_R)
  19.28  216.32 ^ _24684_/Y (NAND2x2_ASAP7_75t_R)
  33.90  250.22 ^ rebuffer2337/Y (BUFx12f_ASAP7_75t_R)
  34.36  284.58 v _24949_/Y (NOR2x2_ASAP7_75t_R)
  47.78  332.36 v rebuffer1498/Y (BUFx2_ASAP7_75t_R)
  36.51  368.87 v _25350_/Y (OA21x2_ASAP7_75t_R)
  17.36  386.23 ^ _25351_/Y (INVx1_ASAP7_75t_R)
  12.85  399.08 v _25507_/Y (NAND2x1_ASAP7_75t_R)
  85.54  484.63 v _25509_/Y (OR5x2_ASAP7_75t_R)
  28.56  513.18 ^ _25510_/Y (NOR3x2_ASAP7_75t_R)
  18.34  531.52 v _25762_/Y (INVx1_ASAP7_75t_R)
  40.87  572.39 v _25907_/Y (OA21x2_ASAP7_75t_R)
  37.92  610.31 v _25909_/Y (OA21x2_ASAP7_75t_R)
  19.00  629.31 ^ _25910_/Y (OAI21x1_ASAP7_75t_R)
  14.11  643.42 v _25911_/Y (NAND2x1_ASAP7_75t_R)
   0.00  643.42 v _44278_/D (DFFLQNx2_ASAP7_75t_R)
         643.42   data arrival time

  10.00   10.00   clock clk' (fall edge)
   0.00   10.00   clock network delay (ideal)
   0.00   10.00   clock reconvergence pessimism
          10.00 v _44278_/CLK (DFFLQNx2_ASAP7_75t_R)
 -17.57   -7.57   library setup time
          -7.57   data required time
---------------------------------------------------------
          -7.57   data required time
        -643.42   data arrival time
---------------------------------------------------------
        -650.99   slack (VIOLATED)


Startpoint: _44336_ (falling edge-triggered flip-flop clocked by clk')
Endpoint: _44283_ (falling edge-triggered flip-flop clocked by clk')
Path Group: clk
Path Type: max

  Delay    Time   Description
---------------------------------------------------------
   0.00    0.00   clock clk' (fall edge)
   0.00    0.00   clock network delay (ideal)
   0.00    0.00 v _44336_/CLK (DFFLQNx3_ASAP7_75t_R)
 112.52  112.52 v _44336_/QN (DFFLQNx3_ASAP7_75t_R)
  41.30  153.82 v rebuffer1374/Y (BUFx12f_ASAP7_75t_R)
  30.67  184.49 ^ _22132_/Y (NAND2x2_ASAP7_75t_R)
  33.12  217.61 ^ rebuffer3417/Y (BUFx6f_ASAP7_75t_R)
  23.18  240.79 ^ rebuffer3418/Y (BUFx2_ASAP7_75t_R)
  27.65  268.44 ^ rebuffer599/Y (BUFx2_ASAP7_75t_R)
  34.82  303.26 v _22161_/Y (NOR2x2_ASAP7_75t_R)
  26.44  329.70 ^ _22248_/Y (CKINVDCx9p33_ASAP7_75t_R)
  33.23  362.93 ^ _22605_/Y (AO21x1_ASAP7_75t_R)
  15.56  378.48 v _22768_/Y (INVx1_ASAP7_75t_R)
  38.24  416.72 v _22769_/Y (AO21x1_ASAP7_75t_R)
  71.08  487.80 v _22772_/Y (OR5x1_ASAP7_75t_R)
  55.00  542.80 v _22777_/Y (OR3x1_ASAP7_75t_R)
  33.72  576.52 ^ _22778_/Y (NOR2x2_ASAP7_75t_R)
  24.64  601.17 v _25574_/Y (NOR2x1_ASAP7_75t_R)
  23.48  624.65 ^ _25576_/Y (OAI21x1_ASAP7_75t_R)
  17.87  642.51 v _25577_/Y (OAI21x1_ASAP7_75t_R)
   0.00  642.51 v _44283_/D (DFFLQNx2_ASAP7_75t_R)
         642.51   data arrival time

  10.00   10.00   clock clk' (fall edge)
   0.00   10.00   clock network delay (ideal)
   0.00   10.00   clock reconvergence pessimism
          10.00 v _44283_/CLK (DFFLQNx2_ASAP7_75t_R)
 -18.37   -8.37   library setup time
          -8.37   data required time
---------------------------------------------------------
          -8.37   data required time
        -642.51   data arrival time
---------------------------------------------------------
        -650.88   slack (VIOLATED)


Startpoint: _44314_ (falling edge-triggered flip-flop clocked by clk')
Endpoint: _44292_ (falling edge-triggered flip-flop clocked by clk')
Path Group: clk
Path Type: max

  Delay    Time   Description
---------------------------------------------------------
   0.00    0.00   clock clk' (fall edge)
   0.00    0.00   clock network delay (ideal)
   0.00    0.00 v _44314_/CLK (DFFLQNx2_ASAP7_75t_R)
 127.37  127.37 ^ _44314_/QN (DFFLQNx2_ASAP7_75t_R)
  41.39  168.76 v _23020_/Y (INVx4_ASAP7_75t_R)
  56.66  225.42 ^ _23021_/Y (NOR2x2_ASAP7_75t_R)
  31.82  257.23 v _23022_/Y (INVx6_ASAP7_75t_R)
  50.45  307.68 ^ _23039_/Y (NOR2x2_ASAP7_75t_R)
  26.19  333.88 v _23135_/Y (INVx8_ASAP7_75t_R)
  37.65  371.53 v _23300_/Y (AO21x1_ASAP7_75t_R)
  52.36  423.88 v _23652_/Y (OA211x2_ASAP7_75t_R)
  53.19  477.07 v _23655_/Y (OA211x2_ASAP7_75t_R)
  27.73  504.80 v _23661_/Y (AND3x1_ASAP7_75t_R)
  23.66  528.45 ^ _23662_/Y (NAND2x1_ASAP7_75t_R)
  25.17  553.63 v _23663_/Y (NOR2x2_ASAP7_75t_R)
  31.75  585.38 ^ _23664_/Y (NAND2x2_ASAP7_75t_R)
  23.33  608.71 v _25638_/Y (NOR2x1_ASAP7_75t_R)
  20.67  629.38 ^ _25639_/Y (OAI21x1_ASAP7_75t_R)
  13.90  643.29 v _25640_/Y (NAND2x1_ASAP7_75t_R)
   0.00  643.29 v _44292_/D (DFFLQNx2_ASAP7_75t_R)
         643.29   data arrival time

  10.00   10.00   clock clk' (fall edge)
   0.00   10.00   clock network delay (ideal)
   0.00   10.00   clock reconvergence pessimism
          10.00 v _44292_/CLK (DFFLQNx2_ASAP7_75t_R)
 -17.51   -7.51   library setup time
          -7.51   data required time
---------------------------------------------------------
          -7.51   data required time
        -643.29   data arrival time
---------------------------------------------------------
        -650.79   slack (VIOLATED)


Startpoint: _44335_ (falling edge-triggered flip-flop clocked by clk')
Endpoint: _44312_ (falling edge-triggered flip-flop clocked by clk')
Path Group: clk
Path Type: max

  Delay    Time   Description
---------------------------------------------------------
   0.00    0.00   clock clk' (fall edge)
   0.00    0.00   clock network delay (ideal)
   0.00    0.00 v _44335_/CLK (DFFLQNx3_ASAP7_75t_R)
 136.17  136.17 v _44335_/QN (DFFLQNx3_ASAP7_75t_R)
  51.09  187.26 v rebuffer3416/Y (BUFx2_ASAP7_75t_R)
  49.80  237.06 ^ _22175_/Y (NAND2x2_ASAP7_75t_R)
  63.12  300.17 v _22187_/Y (NOR2x2_ASAP7_75t_R)
  30.15  330.32 ^ _22260_/Y (CKINVDCx6p67_ASAP7_75t_R)
  32.70  363.02 ^ _22444_/Y (AO21x1_ASAP7_75t_R)
  15.65  378.67 v _22445_/Y (INVx1_ASAP7_75t_R)
  70.14  448.81 v _22448_/Y (OR5x1_ASAP7_75t_R)
  73.24  522.05 v _22460_/Y (OR4x2_ASAP7_75t_R)
  20.21  542.26 ^ _22461_/Y (NOR2x2_ASAP7_75t_R)
  20.92  563.17 v _22515_/Y (NAND2x2_ASAP7_75t_R)
  39.63  602.81 v _22524_/Y (OA21x2_ASAP7_75t_R)
  20.55  623.36 ^ _22527_/Y (OAI21x1_ASAP7_75t_R)
  18.25  641.61 v _22528_/Y (OAI21x1_ASAP7_75t_R)
   0.00  641.61 v _44312_/D (DFFLQNx3_ASAP7_75t_R)
         641.61   data arrival time

  10.00   10.00   clock clk' (fall edge)
   0.00   10.00   clock network delay (ideal)
   0.00   10.00   clock reconvergence pessimism
          10.00 v _44312_/CLK (DFFLQNx3_ASAP7_75t_R)
 -18.47   -8.47   library setup time
          -8.47   data required time
---------------------------------------------------------
          -8.47   data required time
        -641.61   data arrival time
---------------------------------------------------------
        -650.07   slack (VIOLATED)


Startpoint: _44334_ (falling edge-triggered flip-flop clocked by clk')
Endpoint: _44340_ (falling edge-triggered flip-flop clocked by clk')
Path Group: clk
Path Type: max

  Delay    Time   Description
---------------------------------------------------------
   0.00    0.00   clock clk' (fall edge)
   0.00    0.00   clock network delay (ideal)
   0.00    0.00 v _44334_/CLK (DFFLQNx3_ASAP7_75t_R)
 150.20  150.20 v _44334_/QN (DFFLQNx3_ASAP7_75t_R)
  62.22  212.42 ^ _24676_/Y (NAND2x2_ASAP7_75t_R)
  53.31  265.73 v _24748_/Y (NOR2x2_ASAP7_75t_R)
  32.69  298.42 ^ _24749_/Y (CKINVDCx5p33_ASAP7_75t_R)
  26.09  324.51 v _25246_/Y (NOR2x1_ASAP7_75t_R)
  35.10  359.60 v _25368_/Y (AO21x1_ASAP7_75t_R)
  40.82  400.42 v _25370_/Y (OR3x1_ASAP7_75t_R)
  71.25  471.67 v _25372_/Y (OR4x2_ASAP7_75t_R)
  16.79  488.46 ^ _25379_/Y (NOR3x2_ASAP7_75t_R)
  55.67  544.13 ^ _25397_/Y (AND4x1_ASAP7_75t_R)
  27.10  571.23 v _25398_/Y (NAND2x2_ASAP7_75t_R)
  56.52  627.75 ^ _25403_/Y (XOR2x2_ASAP7_75t_R)
  13.09  640.83 v _25405_/Y (OAI21x1_ASAP7_75t_R)
   0.00  640.83 v _44340_/D (DFFLQNx2_ASAP7_75t_R)
         640.83   data arrival time

  10.00   10.00   clock clk' (fall edge)
   0.00   10.00   clock network delay (ideal)
   0.00   10.00   clock reconvergence pessimism
          10.00 v _44340_/CLK (DFFLQNx2_ASAP7_75t_R)
 -18.67   -8.67   library setup time
          -8.67   data required time
---------------------------------------------------------
          -8.67   data required time
        -640.83   data arrival time
---------------------------------------------------------
        -649.50   slack (VIOLATED)


Startpoint: _44314_ (falling edge-triggered flip-flop clocked by clk')
Endpoint: _44260_ (falling edge-triggered flip-flop clocked by clk')
Path Group: clk
Path Type: max

  Delay    Time   Description
---------------------------------------------------------
   0.00    0.00   clock clk' (fall edge)
   0.00    0.00   clock network delay (ideal)
   0.00    0.00 v _44314_/CLK (DFFLQNx2_ASAP7_75t_R)
 127.37  127.37 ^ _44314_/QN (DFFLQNx2_ASAP7_75t_R)
  41.39  168.76 v _23020_/Y (INVx4_ASAP7_75t_R)
  56.66  225.42 ^ _23021_/Y (NOR2x2_ASAP7_75t_R)
  31.82  257.23 v _23022_/Y (INVx6_ASAP7_75t_R)
  50.45  307.68 ^ _23039_/Y (NOR2x2_ASAP7_75t_R)
  26.19  333.88 v _23135_/Y (INVx8_ASAP7_75t_R)
  37.65  371.53 v _23300_/Y (AO21x1_ASAP7_75t_R)
  52.36  423.88 v _23652_/Y (OA211x2_ASAP7_75t_R)
  53.19  477.07 v _23655_/Y (OA211x2_ASAP7_75t_R)
  27.73  504.80 v _23661_/Y (AND3x1_ASAP7_75t_R)
  23.66  528.45 ^ _23662_/Y (NAND2x1_ASAP7_75t_R)
  25.17  553.63 v _23663_/Y (NOR2x2_ASAP7_75t_R)
  31.75  585.38 ^ _23664_/Y (NAND2x2_ASAP7_75t_R)
  39.30  624.68 ^ _25815_/Y (XOR2x1_ASAP7_75t_R)
  15.19  639.87 v _25817_/Y (AOI21x1_ASAP7_75t_R)
   0.00  639.87 v _44260_/D (DFFLQNx2_ASAP7_75t_R)
         639.87   data arrival time

  10.00   10.00   clock clk' (fall edge)
   0.00   10.00   clock network delay (ideal)
   0.00   10.00   clock reconvergence pessimism
          10.00 v _44260_/CLK (DFFLQNx2_ASAP7_75t_R)
 -19.51   -9.51   library setup time
          -9.51   data required time
---------------------------------------------------------
          -9.51   data required time
        -639.87   data arrival time
---------------------------------------------------------
        -649.38   slack (VIOLATED)


Startpoint: _44314_ (falling edge-triggered flip-flop clocked by clk')
Endpoint: _44228_ (falling edge-triggered flip-flop clocked by clk')
Path Group: clk
Path Type: max

  Delay    Time   Description
---------------------------------------------------------
   0.00    0.00   clock clk' (fall edge)
   0.00    0.00   clock network delay (ideal)
   0.00    0.00 v _44314_/CLK (DFFLQNx2_ASAP7_75t_R)
 127.37  127.37 ^ _44314_/QN (DFFLQNx2_ASAP7_75t_R)
  41.39  168.76 v _23020_/Y (INVx4_ASAP7_75t_R)
  56.66  225.42 ^ _23021_/Y (NOR2x2_ASAP7_75t_R)
  31.82  257.23 v _23022_/Y (INVx6_ASAP7_75t_R)
  50.45  307.68 ^ _23039_/Y (NOR2x2_ASAP7_75t_R)
  26.19  333.88 v _23135_/Y (INVx8_ASAP7_75t_R)
  37.65  371.53 v _23300_/Y (AO21x1_ASAP7_75t_R)
  52.36  423.88 v _23652_/Y (OA211x2_ASAP7_75t_R)
  53.19  477.07 v _23655_/Y (OA211x2_ASAP7_75t_R)
  27.73  504.80 v _23661_/Y (AND3x1_ASAP7_75t_R)
  23.66  528.45 ^ _23662_/Y (NAND2x1_ASAP7_75t_R)
  25.17  553.63 v _23663_/Y (NOR2x2_ASAP7_75t_R)
  31.75  585.38 ^ _23664_/Y (NAND2x2_ASAP7_75t_R)
  39.23  624.60 ^ _25959_/Y (XOR2x1_ASAP7_75t_R)
  16.51  641.11 v _25961_/Y (OAI21x1_ASAP7_75t_R)
   0.00  641.11 v _44228_/D (DFFLQNx2_ASAP7_75t_R)
         641.11   data arrival time

  10.00   10.00   clock clk' (fall edge)
   0.00   10.00   clock network delay (ideal)
   0.00   10.00   clock reconvergence pessimism
          10.00 v _44228_/CLK (DFFLQNx2_ASAP7_75t_R)
 -18.02   -8.02   library setup time
          -8.02   data required time
---------------------------------------------------------
          -8.02   data required time
        -641.11   data arrival time
---------------------------------------------------------
        -649.13   slack (VIOLATED)


Startpoint: _44335_ (falling edge-triggered flip-flop clocked by clk')
Endpoint: _44286_ (falling edge-triggered flip-flop clocked by clk')
Path Group: clk
Path Type: max

  Delay    Time   Description
---------------------------------------------------------
   0.00    0.00   clock clk' (fall edge)
   0.00    0.00   clock network delay (ideal)
   0.00    0.00 v _44335_/CLK (DFFLQNx3_ASAP7_75t_R)
 136.17  136.17 v _44335_/QN (DFFLQNx3_ASAP7_75t_R)
  51.09  187.26 v rebuffer3416/Y (BUFx2_ASAP7_75t_R)
  49.80  237.06 ^ _22175_/Y (NAND2x2_ASAP7_75t_R)
  63.12  300.17 v _22187_/Y (NOR2x2_ASAP7_75t_R)
  30.15  330.32 ^ _22260_/Y (CKINVDCx6p67_ASAP7_75t_R)
  32.70  363.02 ^ _22444_/Y (AO21x1_ASAP7_75t_R)
  15.65  378.67 v _22445_/Y (INVx1_ASAP7_75t_R)
  41.47  420.14 v _22934_/Y (OR3x1_ASAP7_75t_R)
  41.00  461.13 v _22936_/Y (OR3x1_ASAP7_75t_R)
  57.61  518.74 v _22941_/Y (OR4x1_ASAP7_75t_R)
  21.99  540.74 ^ _22954_/Y (NOR2x1_ASAP7_75t_R)
  19.29  560.03 v _22955_/Y (INVx2_ASAP7_75t_R)
  44.30  604.33 v _25595_/Y (OR3x1_ASAP7_75t_R)
  34.33  638.65 v _25598_/Y (AO21x1_ASAP7_75t_R)
  15.31  653.97 ^ _25599_/Y (NAND2x1_ASAP7_75t_R)
   0.00  653.97 ^ _44286_/D (DFFLQNx2_ASAP7_75t_R)
         653.97   data arrival time

  10.00   10.00   clock clk' (fall edge)
   0.00   10.00   clock network delay (ideal)
   0.00   10.00   clock reconvergence pessimism
          10.00 v _44286_/CLK (DFFLQNx2_ASAP7_75t_R)
  -4.90    5.10   library setup time
           5.10   data required time
---------------------------------------------------------
           5.10   data required time
        -653.97   data arrival time
---------------------------------------------------------
        -648.87   slack (VIOLATED)


Startpoint: _44314_ (falling edge-triggered flip-flop clocked by clk')
Endpoint: _44324_ (falling edge-triggered flip-flop clocked by clk')
Path Group: clk
Path Type: max

  Delay    Time   Description
---------------------------------------------------------
   0.00    0.00   clock clk' (fall edge)
   0.00    0.00   clock network delay (ideal)
   0.00    0.00 v _44314_/CLK (DFFLQNx2_ASAP7_75t_R)
 127.37  127.37 ^ _44314_/QN (DFFLQNx2_ASAP7_75t_R)
  41.39  168.76 v _23020_/Y (INVx4_ASAP7_75t_R)
  56.66  225.42 ^ _23021_/Y (NOR2x2_ASAP7_75t_R)
  31.82  257.23 v _23022_/Y (INVx6_ASAP7_75t_R)
  50.45  307.68 ^ _23039_/Y (NOR2x2_ASAP7_75t_R)
  26.19  333.88 v _23135_/Y (INVx8_ASAP7_75t_R)
  37.65  371.53 v _23300_/Y (AO21x1_ASAP7_75t_R)
  52.36  423.88 v _23652_/Y (OA211x2_ASAP7_75t_R)
  53.19  477.07 v _23655_/Y (OA211x2_ASAP7_75t_R)
  27.73  504.80 v _23661_/Y (AND3x1_ASAP7_75t_R)
  23.66  528.45 ^ _23662_/Y (NAND2x1_ASAP7_75t_R)
  25.17  553.63 v _23663_/Y (NOR2x2_ASAP7_75t_R)
  31.75  585.38 ^ _23664_/Y (NAND2x2_ASAP7_75t_R)
  39.23  624.60 ^ _23670_/Y (XOR2x1_ASAP7_75t_R)
  15.51  640.11 v _23672_/Y (OAI21x1_ASAP7_75t_R)
   0.00  640.11 v _44324_/D (DFFLQNx2_ASAP7_75t_R)
         640.11   data arrival time

  10.00   10.00   clock clk' (fall edge)
   0.00   10.00   clock network delay (ideal)
   0.00   10.00   clock reconvergence pessimism
          10.00 v _44324_/CLK (DFFLQNx2_ASAP7_75t_R)
 -17.81   -7.81   library setup time
          -7.81   data required time
---------------------------------------------------------
          -7.81   data required time
        -640.11   data arrival time
---------------------------------------------------------
        -647.93   slack (VIOLATED)


Startpoint: _44322_ (falling edge-triggered flip-flop clocked by clk')
Endpoint: _44237_ (falling edge-triggered flip-flop clocked by clk')
Path Group: clk
Path Type: max

  Delay    Time   Description
---------------------------------------------------------
   0.00    0.00   clock clk' (fall edge)
   0.00    0.00   clock network delay (ideal)
   0.00    0.00 v _44322_/CLK (DFFLQNx2_ASAP7_75t_R)
 136.60  136.60 v _44322_/QN (DFFLQNx2_ASAP7_75t_R)
  50.47  187.08 ^ _23814_/Y (NAND2x2_ASAP7_75t_R)
  46.52  233.60 ^ rebuffer3550/Y (BUFx3_ASAP7_75t_R)
  39.07  272.67 ^ rebuffer3553/Y (BUFx3_ASAP7_75t_R)
  31.57  304.24 ^ rebuffer3554/Y (BUFx2_ASAP7_75t_R)
  16.19  320.43 v _23862_/Y (NOR2x1_ASAP7_75t_R)
  36.94  357.36 v _24352_/Y (AND2x2_ASAP7_75t_R)
  14.64  372.01 ^ _24553_/Y (NOR2x1_ASAP7_75t_R)
  40.50  412.50 ^ _24555_/Y (AND4x1_ASAP7_75t_R)
  35.46  447.96 ^ _24556_/Y (AND3x1_ASAP7_75t_R)
  11.63  459.59 v _24557_/Y (INVx1_ASAP7_75t_R)
  59.05  518.64 v _24566_/Y (OR3x2_ASAP7_75t_R)
  21.31  539.95 ^ _24597_/Y (NOR3x2_ASAP7_75t_R)
  26.76  566.71 v _24598_/Y (NAND2x2_ASAP7_75t_R)
  40.86  607.56 v _25992_/Y (XOR2x1_ASAP7_75t_R)
  32.76  640.33 v _25994_/Y (AO21x1_ASAP7_75t_R)
   0.00  640.33 v _44237_/D (DFFLQNx2_ASAP7_75t_R)
         640.33   data arrival time

  10.00   10.00   clock clk' (fall edge)
   0.00   10.00   clock network delay (ideal)
   0.00   10.00   clock reconvergence pessimism
          10.00 v _44237_/CLK (DFFLQNx2_ASAP7_75t_R)
 -17.39   -7.39   library setup time
          -7.39   data required time
---------------------------------------------------------
          -7.39   data required time
        -640.33   data arrival time
---------------------------------------------------------
        -647.72   slack (VIOLATED)


Startpoint: _44322_ (falling edge-triggered flip-flop clocked by clk')
Endpoint: _44269_ (falling edge-triggered flip-flop clocked by clk')
Path Group: clk
Path Type: max

  Delay    Time   Description
---------------------------------------------------------
   0.00    0.00   clock clk' (fall edge)
   0.00    0.00   clock network delay (ideal)
   0.00    0.00 v _44322_/CLK (DFFLQNx2_ASAP7_75t_R)
 136.60  136.60 v _44322_/QN (DFFLQNx2_ASAP7_75t_R)
  50.47  187.08 ^ _23814_/Y (NAND2x2_ASAP7_75t_R)
  46.52  233.60 ^ rebuffer3550/Y (BUFx3_ASAP7_75t_R)
  39.07  272.67 ^ rebuffer3553/Y (BUFx3_ASAP7_75t_R)
  31.57  304.24 ^ rebuffer3554/Y (BUFx2_ASAP7_75t_R)
  16.19  320.43 v _23862_/Y (NOR2x1_ASAP7_75t_R)
  36.94  357.36 v _24352_/Y (AND2x2_ASAP7_75t_R)
  14.64  372.01 ^ _24553_/Y (NOR2x1_ASAP7_75t_R)
  40.50  412.50 ^ _24555_/Y (AND4x1_ASAP7_75t_R)
  35.46  447.96 ^ _24556_/Y (AND3x1_ASAP7_75t_R)
  11.63  459.59 v _24557_/Y (INVx1_ASAP7_75t_R)
  59.05  518.64 v _24566_/Y (OR3x2_ASAP7_75t_R)
  21.31  539.95 ^ _24597_/Y (NOR3x2_ASAP7_75t_R)
  26.76  566.71 v _24598_/Y (NAND2x2_ASAP7_75t_R)
  40.86  607.56 v _25849_/Y (XOR2x1_ASAP7_75t_R)
  32.76  640.33 v _25851_/Y (AO21x1_ASAP7_75t_R)
   0.00  640.33 v _44269_/D (DFFLQNx2_ASAP7_75t_R)
         640.33   data arrival time

  10.00   10.00   clock clk' (fall edge)
   0.00   10.00   clock network delay (ideal)
   0.00   10.00   clock reconvergence pessimism
          10.00 v _44269_/CLK (DFFLQNx2_ASAP7_75t_R)
 -17.39   -7.39   library setup time
          -7.39   data required time
---------------------------------------------------------
          -7.39   data required time
        -640.33   data arrival time
---------------------------------------------------------
        -647.72   slack (VIOLATED)


Startpoint: _44322_ (falling edge-triggered flip-flop clocked by clk')
Endpoint: _44301_ (falling edge-triggered flip-flop clocked by clk')
Path Group: clk
Path Type: max

  Delay    Time   Description
---------------------------------------------------------
   0.00    0.00   clock clk' (fall edge)
   0.00    0.00   clock network delay (ideal)
   0.00    0.00 v _44322_/CLK (DFFLQNx2_ASAP7_75t_R)
 136.60  136.60 v _44322_/QN (DFFLQNx2_ASAP7_75t_R)
  50.47  187.08 ^ _23814_/Y (NAND2x2_ASAP7_75t_R)
  46.52  233.60 ^ rebuffer3550/Y (BUFx3_ASAP7_75t_R)
  39.07  272.67 ^ rebuffer3553/Y (BUFx3_ASAP7_75t_R)
  31.57  304.24 ^ rebuffer3554/Y (BUFx2_ASAP7_75t_R)
  16.19  320.43 v _23862_/Y (NOR2x1_ASAP7_75t_R)
  36.94  357.36 v _24352_/Y (AND2x2_ASAP7_75t_R)
  14.64  372.01 ^ _24553_/Y (NOR2x1_ASAP7_75t_R)
  40.50  412.50 ^ _24555_/Y (AND4x1_ASAP7_75t_R)
  35.46  447.96 ^ _24556_/Y (AND3x1_ASAP7_75t_R)
  11.63  459.59 v _24557_/Y (INVx1_ASAP7_75t_R)
  59.05  518.64 v _24566_/Y (OR3x2_ASAP7_75t_R)
  21.31  539.95 ^ _24597_/Y (NOR3x2_ASAP7_75t_R)
  26.76  566.71 v _24598_/Y (NAND2x2_ASAP7_75t_R)
  40.86  607.56 v _25693_/Y (XOR2x1_ASAP7_75t_R)
  32.76  640.33 v _25695_/Y (AO21x1_ASAP7_75t_R)
   0.00  640.33 v _44301_/D (DFFLQNx2_ASAP7_75t_R)
         640.33   data arrival time

  10.00   10.00   clock clk' (fall edge)
   0.00   10.00   clock network delay (ideal)
   0.00   10.00   clock reconvergence pessimism
          10.00 v _44301_/CLK (DFFLQNx2_ASAP7_75t_R)
 -17.39   -7.39   library setup time
          -7.39   data required time
---------------------------------------------------------
          -7.39   data required time
        -640.33   data arrival time
---------------------------------------------------------
        -647.72   slack (VIOLATED)


Startpoint: _44315_ (falling edge-triggered flip-flop clocked by clk')
Endpoint: _44224_ (falling edge-triggered flip-flop clocked by clk')
Path Group: clk
Path Type: max

  Delay    Time   Description
---------------------------------------------------------
   0.00    0.00   clock clk' (fall edge)
   0.00    0.00   clock network delay (ideal)
   0.00    0.00 v _44315_/CLK (DFFLQNx2_ASAP7_75t_R)
 123.14  123.14 ^ _44315_/QN (DFFLQNx2_ASAP7_75t_R)
  34.34  157.49 v _23073_/Y (INVx3_ASAP7_75t_R)
  51.84  209.32 ^ _23074_/Y (NAND2x2_ASAP7_75t_R)
  61.28  270.60 v _23152_/Y (NOR2x2_ASAP7_75t_R)
  34.19  304.80 ^ _23159_/Y (CKINVDCx5p33_ASAP7_75t_R)
  23.63  328.43 v _23267_/Y (NOR2x1_ASAP7_75t_R)
  35.40  363.83 v _23268_/Y (AO21x1_ASAP7_75t_R)
  67.36  431.19 v _23271_/Y (OR5x1_ASAP7_75t_R)
  69.71  500.90 v _23295_/Y (OR4x2_ASAP7_75t_R)
  19.00  519.90 ^ _23296_/Y (NOR2x2_ASAP7_75t_R)
  45.61  565.51 ^ _23351_/Y (AND3x4_ASAP7_75t_R)
  42.76  608.27 v _25947_/Y (XOR2x2_ASAP7_75t_R)
  31.26  639.53 v _25949_/Y (AO21x1_ASAP7_75t_R)
   0.00  639.53 v _44224_/D (DFFLQNx2_ASAP7_75t_R)
         639.53   data arrival time

  10.00   10.00   clock clk' (fall edge)
   0.00   10.00   clock network delay (ideal)
   0.00   10.00   clock reconvergence pessimism
          10.00 v _44224_/CLK (DFFLQNx2_ASAP7_75t_R)
 -17.39   -7.39   library setup time
          -7.39   data required time
---------------------------------------------------------
          -7.39   data required time
        -639.53   data arrival time
---------------------------------------------------------
        -646.92   slack (VIOLATED)


Startpoint: _44322_ (falling edge-triggered flip-flop clocked by clk')
Endpoint: _44263_ (falling edge-triggered flip-flop clocked by clk')
Path Group: clk
Path Type: max

  Delay    Time   Description
---------------------------------------------------------
   0.00    0.00   clock clk' (fall edge)
   0.00    0.00   clock network delay (ideal)
   0.00    0.00 v _44322_/CLK (DFFLQNx2_ASAP7_75t_R)
 136.60  136.60 v _44322_/QN (DFFLQNx2_ASAP7_75t_R)
  75.48  212.09 ^ _23827_/Y (NAND2x2_ASAP7_75t_R)
  55.94  268.03 ^ rebuffer3555/Y (BUFx2_ASAP7_75t_R)
  34.38  302.41 ^ rebuffer3556/Y (BUFx2_ASAP7_75t_R)
  18.45  320.86 v _23892_/Y (NOR2x2_ASAP7_75t_R)
  38.76  359.61 v _24026_/Y (OA21x2_ASAP7_75t_R)
  70.57  430.19 v _24028_/Y (OR5x1_ASAP7_75t_R)
  15.12  445.31 ^ _24029_/Y (INVx1_ASAP7_75t_R)
  39.82  485.13 ^ _24046_/Y (AND4x1_ASAP7_75t_R)
  46.71  531.84 ^ _24047_/Y (AND3x1_ASAP7_75t_R)
  23.94  555.78 v _24048_/Y (NAND2x2_ASAP7_75t_R)
  28.06  583.84 ^ _25656_/Y (NOR2x2_ASAP7_75t_R)
  38.12  621.96 ^ _25827_/Y (XOR2x1_ASAP7_75t_R)
  15.59  637.55 v _25829_/Y (AOI21x1_ASAP7_75t_R)
   0.00  637.55 v _44263_/D (DFFLQNx2_ASAP7_75t_R)
         637.55   data arrival time

  10.00   10.00   clock clk' (fall edge)
   0.00   10.00   clock network delay (ideal)
   0.00   10.00   clock reconvergence pessimism
          10.00 v _44263_/CLK (DFFLQNx2_ASAP7_75t_R)
 -19.34   -9.34   library setup time
          -9.34   data required time
---------------------------------------------------------
          -9.34   data required time
        -637.55   data arrival time
---------------------------------------------------------
        -646.89   slack (VIOLATED)


Startpoint: _44322_ (falling edge-triggered flip-flop clocked by clk')
Endpoint: _44295_ (falling edge-triggered flip-flop clocked by clk')
Path Group: clk
Path Type: max

  Delay    Time   Description
---------------------------------------------------------
   0.00    0.00   clock clk' (fall edge)
   0.00    0.00   clock network delay (ideal)
   0.00    0.00 v _44322_/CLK (DFFLQNx2_ASAP7_75t_R)
 136.60  136.60 v _44322_/QN (DFFLQNx2_ASAP7_75t_R)
  75.48  212.09 ^ _23827_/Y (NAND2x2_ASAP7_75t_R)
  55.94  268.03 ^ rebuffer3555/Y (BUFx2_ASAP7_75t_R)
  34.38  302.41 ^ rebuffer3556/Y (BUFx2_ASAP7_75t_R)
  18.45  320.86 v _23892_/Y (NOR2x2_ASAP7_75t_R)
  38.76  359.61 v _24026_/Y (OA21x2_ASAP7_75t_R)
  70.57  430.19 v _24028_/Y (OR5x1_ASAP7_75t_R)
  15.12  445.31 ^ _24029_/Y (INVx1_ASAP7_75t_R)
  39.82  485.13 ^ _24046_/Y (AND4x1_ASAP7_75t_R)
  46.71  531.84 ^ _24047_/Y (AND3x1_ASAP7_75t_R)
  23.94  555.78 v _24048_/Y (NAND2x2_ASAP7_75t_R)
  28.06  583.84 ^ _25656_/Y (NOR2x2_ASAP7_75t_R)
  38.12  621.96 ^ _25659_/Y (XOR2x1_ASAP7_75t_R)
  15.59  637.55 v _25661_/Y (AOI21x1_ASAP7_75t_R)
   0.00  637.55 v _44295_/D (DFFLQNx2_ASAP7_75t_R)
         637.55   data arrival time

  10.00   10.00   clock clk' (fall edge)
   0.00   10.00   clock network delay (ideal)
   0.00   10.00   clock reconvergence pessimism
          10.00 v _44295_/CLK (DFFLQNx2_ASAP7_75t_R)
 -19.34   -9.34   library setup time
          -9.34   data required time
---------------------------------------------------------
          -9.34   data required time
        -637.55   data arrival time
---------------------------------------------------------
        -646.89   slack (VIOLATED)


Startpoint: _44322_ (falling edge-triggered flip-flop clocked by clk')
Endpoint: _44302_ (falling edge-triggered flip-flop clocked by clk')
Path Group: clk
Path Type: max

  Delay    Time   Description
---------------------------------------------------------
   0.00    0.00   clock clk' (fall edge)
   0.00    0.00   clock network delay (ideal)
   0.00    0.00 v _44322_/CLK (DFFLQNx2_ASAP7_75t_R)
 136.60  136.60 v _44322_/QN (DFFLQNx2_ASAP7_75t_R)
  75.48  212.09 ^ _23827_/Y (NAND2x2_ASAP7_75t_R)
  32.78  244.87 v _23828_/Y (CKINVDCx9p33_ASAP7_75t_R)
  59.95  304.81 ^ _24087_/Y (NAND2x2_ASAP7_75t_R)
  30.94  335.75 v _24314_/Y (INVx2_ASAP7_75t_R)
  24.40  360.15 ^ _24468_/Y (NAND2x1_ASAP7_75t_R)
  15.80  375.95 v _24644_/Y (INVx1_ASAP7_75t_R)
  69.41  445.36 v _24645_/Y (OR5x1_ASAP7_75t_R)
  63.84  509.19 v _24655_/Y (OR5x1_ASAP7_75t_R)
  26.88  536.08 ^ _24656_/Y (NOR2x1_ASAP7_75t_R)
  29.27  565.34 v _24657_/Y (NAND2x2_ASAP7_75t_R)
  41.26  606.60 v _25697_/Y (XOR2x1_ASAP7_75t_R)
  32.90  639.50 v _25701_/Y (AO21x1_ASAP7_75t_R)
   0.00  639.50 v _44302_/D (DFFLQNx2_ASAP7_75t_R)
         639.50   data arrival time

  10.00   10.00   clock clk' (fall edge)
   0.00   10.00   clock network delay (ideal)
   0.00   10.00   clock reconvergence pessimism
          10.00 v _44302_/CLK (DFFLQNx2_ASAP7_75t_R)
 -17.39   -7.39   library setup time
          -7.39   data required time
---------------------------------------------------------
          -7.39   data required time
        -639.50   data arrival time
---------------------------------------------------------
        -646.89   slack (VIOLATED)


Startpoint: _44322_ (falling edge-triggered flip-flop clocked by clk')
Endpoint: _44334_ (falling edge-triggered flip-flop clocked by clk')
Path Group: clk
Path Type: max

  Delay    Time   Description
---------------------------------------------------------
   0.00    0.00   clock clk' (fall edge)
   0.00    0.00   clock network delay (ideal)
   0.00    0.00 v _44322_/CLK (DFFLQNx2_ASAP7_75t_R)
 136.60  136.60 v _44322_/QN (DFFLQNx2_ASAP7_75t_R)
  75.48  212.09 ^ _23827_/Y (NAND2x2_ASAP7_75t_R)
  32.78  244.87 v _23828_/Y (CKINVDCx9p33_ASAP7_75t_R)
  59.95  304.81 ^ _24087_/Y (NAND2x2_ASAP7_75t_R)
  30.94  335.75 v _24314_/Y (INVx2_ASAP7_75t_R)
  24.40  360.15 ^ _24468_/Y (NAND2x1_ASAP7_75t_R)
  15.80  375.95 v _24644_/Y (INVx1_ASAP7_75t_R)
  69.41  445.36 v _24645_/Y (OR5x1_ASAP7_75t_R)
  63.84  509.19 v _24655_/Y (OR5x1_ASAP7_75t_R)
  26.88  536.08 ^ _24656_/Y (NOR2x1_ASAP7_75t_R)
  29.27  565.34 v _24657_/Y (NAND2x2_ASAP7_75t_R)
  41.26  606.60 v _24662_/Y (XOR2x1_ASAP7_75t_R)
  32.76  639.36 v _24664_/Y (AO21x1_ASAP7_75t_R)
   0.00  639.36 v _44334_/D (DFFLQNx3_ASAP7_75t_R)
         639.36   data arrival time

  10.00   10.00   clock clk' (fall edge)
   0.00   10.00   clock network delay (ideal)
   0.00   10.00   clock reconvergence pessimism
          10.00 v _44334_/CLK (DFFLQNx3_ASAP7_75t_R)
 -17.39   -7.39   library setup time
          -7.39   data required time
---------------------------------------------------------
          -7.39   data required time
        -639.36   data arrival time
---------------------------------------------------------
        -646.75   slack (VIOLATED)


Startpoint: _44322_ (falling edge-triggered flip-flop clocked by clk')
Endpoint: _44238_ (falling edge-triggered flip-flop clocked by clk')
Path Group: clk
Path Type: max

  Delay    Time   Description
---------------------------------------------------------
   0.00    0.00   clock clk' (fall edge)
   0.00    0.00   clock network delay (ideal)
   0.00    0.00 v _44322_/CLK (DFFLQNx2_ASAP7_75t_R)
 136.60  136.60 v _44322_/QN (DFFLQNx2_ASAP7_75t_R)
  75.48  212.09 ^ _23827_/Y (NAND2x2_ASAP7_75t_R)
  32.78  244.87 v _23828_/Y (CKINVDCx9p33_ASAP7_75t_R)
  59.95  304.81 ^ _24087_/Y (NAND2x2_ASAP7_75t_R)
  30.94  335.75 v _24314_/Y (INVx2_ASAP7_75t_R)
  24.40  360.15 ^ _24468_/Y (NAND2x1_ASAP7_75t_R)
  15.80  375.95 v _24644_/Y (INVx1_ASAP7_75t_R)
  69.41  445.36 v _24645_/Y (OR5x1_ASAP7_75t_R)
  63.84  509.19 v _24655_/Y (OR5x1_ASAP7_75t_R)
  26.88  536.08 ^ _24656_/Y (NOR2x1_ASAP7_75t_R)
  29.27  565.34 v _24657_/Y (NAND2x2_ASAP7_75t_R)
  41.26  606.60 v _25996_/Y (XOR2x1_ASAP7_75t_R)
  32.63  639.22 v _25998_/Y (AO21x1_ASAP7_75t_R)
   0.00  639.22 v _44238_/D (DFFLQNx2_ASAP7_75t_R)
         639.22   data arrival time

  10.00   10.00   clock clk' (fall edge)
   0.00   10.00   clock network delay (ideal)
   0.00   10.00   clock reconvergence pessimism
          10.00 v _44238_/CLK (DFFLQNx2_ASAP7_75t_R)
 -17.39   -7.39   library setup time
          -7.39   data required time
---------------------------------------------------------
          -7.39   data required time
        -639.22   data arrival time
---------------------------------------------------------
        -646.61   slack (VIOLATED)


Startpoint: _44322_ (falling edge-triggered flip-flop clocked by clk')
Endpoint: _44231_ (falling edge-triggered flip-flop clocked by clk')
Path Group: clk
Path Type: max

  Delay    Time   Description
---------------------------------------------------------
   0.00    0.00   clock clk' (fall edge)
   0.00    0.00   clock network delay (ideal)
   0.00    0.00 v _44322_/CLK (DFFLQNx2_ASAP7_75t_R)
 136.60  136.60 v _44322_/QN (DFFLQNx2_ASAP7_75t_R)
  75.48  212.09 ^ _23827_/Y (NAND2x2_ASAP7_75t_R)
  55.94  268.03 ^ rebuffer3555/Y (BUFx2_ASAP7_75t_R)
  34.38  302.41 ^ rebuffer3556/Y (BUFx2_ASAP7_75t_R)
  18.45  320.86 v _23892_/Y (NOR2x2_ASAP7_75t_R)
  38.76  359.61 v _24026_/Y (OA21x2_ASAP7_75t_R)
  70.57  430.19 v _24028_/Y (OR5x1_ASAP7_75t_R)
  15.12  445.31 ^ _24029_/Y (INVx1_ASAP7_75t_R)
  39.82  485.13 ^ _24046_/Y (AND4x1_ASAP7_75t_R)
  46.71  531.84 ^ _24047_/Y (AND3x1_ASAP7_75t_R)
  23.94  555.78 v _24048_/Y (NAND2x2_ASAP7_75t_R)
  28.06  583.84 ^ _25656_/Y (NOR2x2_ASAP7_75t_R)
  38.05  621.88 ^ _25971_/Y (XOR2x1_ASAP7_75t_R)
  15.92  637.80 v _25973_/Y (OAI21x1_ASAP7_75t_R)
   0.00  637.80 v _44231_/D (DFFLQNx2_ASAP7_75t_R)
         637.80   data arrival time

  10.00   10.00   clock clk' (fall edge)
   0.00   10.00   clock network delay (ideal)
   0.00   10.00   clock reconvergence pessimism
          10.00 v _44231_/CLK (DFFLQNx2_ASAP7_75t_R)
 -18.77   -8.77   library setup time
          -8.77   data required time
---------------------------------------------------------
          -8.77   data required time
        -637.80   data arrival time
---------------------------------------------------------
        -646.57   slack (VIOLATED)


Startpoint: _44335_ (falling edge-triggered flip-flop clocked by clk')
Endpoint: _44222_ (falling edge-triggered flip-flop clocked by clk')
Path Group: clk
Path Type: max

  Delay    Time   Description
---------------------------------------------------------
   0.00    0.00   clock clk' (fall edge)
   0.00    0.00   clock network delay (ideal)
   0.00    0.00 v _44335_/CLK (DFFLQNx3_ASAP7_75t_R)
 136.17  136.17 v _44335_/QN (DFFLQNx3_ASAP7_75t_R)
  51.09  187.26 v rebuffer3416/Y (BUFx2_ASAP7_75t_R)
  49.80  237.06 ^ _22175_/Y (NAND2x2_ASAP7_75t_R)
  63.12  300.17 v _22187_/Y (NOR2x2_ASAP7_75t_R)
  30.15  330.32 ^ _22260_/Y (CKINVDCx6p67_ASAP7_75t_R)
  32.70  363.02 ^ _22444_/Y (AO21x1_ASAP7_75t_R)
  15.65  378.67 v _22445_/Y (INVx1_ASAP7_75t_R)
  41.47  420.14 v _22934_/Y (OR3x1_ASAP7_75t_R)
  41.00  461.13 v _22936_/Y (OR3x1_ASAP7_75t_R)
  57.61  518.74 v _22941_/Y (OR4x1_ASAP7_75t_R)
  21.99  540.74 ^ _22954_/Y (NOR2x1_ASAP7_75t_R)
  19.29  560.03 v _22955_/Y (INVx2_ASAP7_75t_R)
  27.61  587.64 ^ _22979_/Y (NOR2x2_ASAP7_75t_R)
  16.99  604.63 v _25939_/Y (XOR2x1_ASAP7_75t_R)
  34.35  638.98 v _25943_/Y (AO21x1_ASAP7_75t_R)
   0.00  638.98 v _44222_/D (DFFLQNx2_ASAP7_75t_R)
         638.98   data arrival time

  10.00   10.00   clock clk' (fall edge)
   0.00   10.00   clock network delay (ideal)
   0.00   10.00   clock reconvergence pessimism
          10.00 v _44222_/CLK (DFFLQNx2_ASAP7_75t_R)
 -17.33   -7.33   library setup time
          -7.33   data required time
---------------------------------------------------------
          -7.33   data required time
        -638.98   data arrival time
---------------------------------------------------------
        -646.31   slack (VIOLATED)


Startpoint: _44327_ (falling edge-triggered flip-flop clocked by clk')
Endpoint: _44275_ (falling edge-triggered flip-flop clocked by clk')
Path Group: clk
Path Type: max

  Delay    Time   Description
---------------------------------------------------------
   0.00    0.00   clock clk' (fall edge)
   0.00    0.00   clock network delay (ideal)
   0.00    0.00 v _44327_/CLK (DFFLQNx3_ASAP7_75t_R)
 118.63  118.63 v _44327_/QN (DFFLQNx3_ASAP7_75t_R)
  45.73  164.36 v rebuffer1910/Y (BUFx12f_ASAP7_75t_R)
  53.70  218.06 ^ _24682_/Y (NAND2x2_ASAP7_75t_R)
  57.79  275.85 v _24725_/Y (NOR2x2_ASAP7_75t_R)
  49.71  325.56 v rebuffer1996/Y (BUFx2_ASAP7_75t_R)
  39.63  365.19 v _25229_/Y (OA21x2_ASAP7_75t_R)
  33.36  398.54 v _25316_/Y (AO21x1_ASAP7_75t_R)
  12.16  410.70 ^ _25317_/Y (INVx1_ASAP7_75t_R)
  42.93  453.63 ^ _25321_/Y (AND4x1_ASAP7_75t_R)
  38.25  491.88 ^ _25332_/Y (AND3x1_ASAP7_75t_R)
  19.19  511.07 v _25333_/Y (NAND2x1_ASAP7_75t_R)
  51.79  562.85 v _25890_/Y (OR3x1_ASAP7_75t_R)
  22.02  584.87 ^ _25892_/Y (NAND2x1_ASAP7_75t_R)
  18.22  603.09 v _25893_/Y (NOR2x1_ASAP7_75t_R)
  21.07  624.15 ^ _25894_/Y (OAI21x1_ASAP7_75t_R)
  14.17  638.33 v _25895_/Y (NAND2x1_ASAP7_75t_R)
   0.00  638.33 v _44275_/D (DFFLQNx2_ASAP7_75t_R)
         638.33   data arrival time

  10.00   10.00   clock clk' (fall edge)
   0.00   10.00   clock network delay (ideal)
   0.00   10.00   clock reconvergence pessimism
          10.00 v _44275_/CLK (DFFLQNx2_ASAP7_75t_R)
 -17.59   -7.59   library setup time
          -7.59   data required time
---------------------------------------------------------
          -7.59   data required time
        -638.33   data arrival time
---------------------------------------------------------
        -645.92   slack (VIOLATED)


Startpoint: _44336_ (falling edge-triggered flip-flop clocked by clk')
Endpoint: _44316_ (falling edge-triggered flip-flop clocked by clk')
Path Group: clk
Path Type: max

  Delay    Time   Description
---------------------------------------------------------
   0.00    0.00   clock clk' (fall edge)
   0.00    0.00   clock network delay (ideal)
   0.00    0.00 v _44336_/CLK (DFFLQNx3_ASAP7_75t_R)
 112.52  112.52 v _44336_/QN (DFFLQNx3_ASAP7_75t_R)
  41.30  153.82 v rebuffer1374/Y (BUFx12f_ASAP7_75t_R)
  30.67  184.49 ^ _22132_/Y (NAND2x2_ASAP7_75t_R)
  33.12  217.61 ^ rebuffer3417/Y (BUFx6f_ASAP7_75t_R)
  21.10  238.72 v _22150_/Y (INVx1_ASAP7_75t_R)
  47.33  286.04 ^ _22151_/Y (NAND2x2_ASAP7_75t_R)
  42.60  328.65 ^ _22152_/Y (AO21x1_ASAP7_75t_R)
  33.91  362.56 ^ _22153_/Y (OA21x2_ASAP7_75t_R)
  10.71  373.26 v _22154_/Y (INVx1_ASAP7_75t_R)
  71.47  444.73 v _22166_/Y (OR5x1_ASAP7_75t_R)
  90.37  535.10 v _22172_/Y (OR4x2_ASAP7_75t_R)
  27.98  563.08 ^ _22516_/Y (INVx4_ASAP7_75t_R)
  30.44  593.53 v _22850_/Y (NOR2x2_ASAP7_75t_R)
  23.20  616.73 ^ _22851_/Y (NAND2x1_ASAP7_75t_R)
  16.65  633.38 v _22854_/Y (NAND2x1_ASAP7_75t_R)
  16.55  649.93 ^ _22857_/Y (OAI21x1_ASAP7_75t_R)
   0.00  649.93 ^ _44316_/D (DFFLQNx2_ASAP7_75t_R)
         649.93   data arrival time

  10.00   10.00   clock clk' (fall edge)
   0.00   10.00   clock network delay (ideal)
   0.00   10.00   clock reconvergence pessimism
          10.00 v _44316_/CLK (DFFLQNx2_ASAP7_75t_R)
  -5.84    4.16   library setup time
           4.16   data required time
---------------------------------------------------------
           4.16   data required time
        -649.93   data arrival time
---------------------------------------------------------
        -645.77   slack (VIOLATED)


Startpoint: _44314_ (falling edge-triggered flip-flop clocked by clk')
Endpoint: _44262_ (falling edge-triggered flip-flop clocked by clk')
Path Group: clk
Path Type: max

  Delay    Time   Description
---------------------------------------------------------
   0.00    0.00   clock clk' (fall edge)
   0.00    0.00   clock network delay (ideal)
   0.00    0.00 v _44314_/CLK (DFFLQNx2_ASAP7_75t_R)
 139.63  139.63 v _44314_/QN (DFFLQNx2_ASAP7_75t_R)
  43.73  183.36 ^ _23020_/Y (INVx4_ASAP7_75t_R)
  54.26  237.62 v _23021_/Y (NOR2x2_ASAP7_75t_R)
  60.22  297.85 ^ _23157_/Y (NAND2x2_ASAP7_75t_R)
  30.51  328.35 v _23210_/Y (INVx4_ASAP7_75t_R)
  42.70  371.06 v _23633_/Y (OA21x2_ASAP7_75t_R)
  33.07  404.13 v _23770_/Y (AO21x1_ASAP7_75t_R)
  11.38  415.51 ^ _23771_/Y (INVx1_ASAP7_75t_R)
  36.38  451.89 ^ _23774_/Y (OA211x2_ASAP7_75t_R)
  43.58  495.48 ^ _23778_/Y (AND4x1_ASAP7_75t_R)
  45.80  541.27 ^ _23788_/Y (AND3x1_ASAP7_75t_R)
  29.00  570.27 v _23789_/Y (NAND2x2_ASAP7_75t_R)
  34.98  605.25 v _25824_/Y (XNOR2x1_ASAP7_75t_R)
  32.61  637.86 v _25826_/Y (AO21x1_ASAP7_75t_R)
   0.00  637.86 v _44262_/D (DFFLQNx2_ASAP7_75t_R)
         637.86   data arrival time

  10.00   10.00   clock clk' (fall edge)
   0.00   10.00   clock network delay (ideal)
   0.00   10.00   clock reconvergence pessimism
          10.00 v _44262_/CLK (DFFLQNx2_ASAP7_75t_R)
 -17.39   -7.39   library setup time
          -7.39   data required time
---------------------------------------------------------
          -7.39   data required time
        -637.86   data arrival time
---------------------------------------------------------
        -645.25   slack (VIOLATED)


Startpoint: _44314_ (falling edge-triggered flip-flop clocked by clk')
Endpoint: _44326_ (falling edge-triggered flip-flop clocked by clk')
Path Group: clk
Path Type: max

  Delay    Time   Description
---------------------------------------------------------
   0.00    0.00   clock clk' (fall edge)
   0.00    0.00   clock network delay (ideal)
   0.00    0.00 v _44314_/CLK (DFFLQNx2_ASAP7_75t_R)
 139.63  139.63 v _44314_/QN (DFFLQNx2_ASAP7_75t_R)
  43.73  183.36 ^ _23020_/Y (INVx4_ASAP7_75t_R)
  54.26  237.62 v _23021_/Y (NOR2x2_ASAP7_75t_R)
  60.22  297.85 ^ _23157_/Y (NAND2x2_ASAP7_75t_R)
  30.51  328.35 v _23210_/Y (INVx4_ASAP7_75t_R)
  42.70  371.06 v _23633_/Y (OA21x2_ASAP7_75t_R)
  33.07  404.13 v _23770_/Y (AO21x1_ASAP7_75t_R)
  11.38  415.51 ^ _23771_/Y (INVx1_ASAP7_75t_R)
  36.38  451.89 ^ _23774_/Y (OA211x2_ASAP7_75t_R)
  43.58  495.48 ^ _23778_/Y (AND4x1_ASAP7_75t_R)
  45.80  541.27 ^ _23788_/Y (AND3x1_ASAP7_75t_R)
  29.00  570.27 v _23789_/Y (NAND2x2_ASAP7_75t_R)
  34.98  605.25 v _23790_/Y (XNOR2x1_ASAP7_75t_R)
  32.61  637.86 v _23794_/Y (AO21x1_ASAP7_75t_R)
   0.00  637.86 v _44326_/D (DFFLQNx2_ASAP7_75t_R)
         637.86   data arrival time

  10.00   10.00   clock clk' (fall edge)
   0.00   10.00   clock network delay (ideal)
   0.00   10.00   clock reconvergence pessimism
          10.00 v _44326_/CLK (DFFLQNx2_ASAP7_75t_R)
 -17.39   -7.39   library setup time
          -7.39   data required time
---------------------------------------------------------
          -7.39   data required time
        -637.86   data arrival time
---------------------------------------------------------
        -645.25   slack (VIOLATED)


Startpoint: _44185_ (falling edge-triggered flip-flop clocked by clk')
Endpoint: _44029_ (falling edge-triggered flip-flop clocked by clk')
Path Group: clk
Path Type: max

  Delay    Time   Description
---------------------------------------------------------
   0.00    0.00   clock clk' (fall edge)
   0.00    0.00   clock network delay (ideal)
   0.00    0.00 v _44185_/CLK (DFFLQNx3_ASAP7_75t_R)
 112.52  112.52 v _44185_/QN (DFFLQNx3_ASAP7_75t_R)
  39.43  151.95 v rebuffer1055/Y (BUFx12f_ASAP7_75t_R)
  28.73  180.68 v rebuffer1056/Y (BUFx12f_ASAP7_75t_R)
  29.04  209.72 ^ _30469_/Y (NOR2x2_ASAP7_75t_R)
  43.93  253.65 ^ rebuffer794/Y (BUFx3_ASAP7_75t_R)
  32.08  285.72 ^ rebuffer795/Y (BUFx4f_ASAP7_75t_R)
  25.12  310.84 v _30541_/Y (NAND2x2_ASAP7_75t_R)
  41.97  352.81 v _33194_/Y (AO21x1_ASAP7_75t_R)
  19.69  372.51 ^ _33364_/Y (NAND2x1_ASAP7_75t_R)
  19.87  392.37 v _33367_/Y (NOR2x1_ASAP7_75t_R)
  25.32  417.69 ^ _33372_/Y (NAND2x1_ASAP7_75t_R)
  17.64  435.33 v _33373_/Y (INVx1_ASAP7_75t_R)
  18.06  453.39 ^ _33374_/Y (NAND2x1_ASAP7_75t_R)
  26.31  479.71 v _33391_/Y (NOR2x1_ASAP7_75t_R)
  28.43  508.14 ^ _33392_/Y (NAND2x2_ASAP7_75t_R)
  44.64  552.79 v clone2683/Y (NOR2x1_ASAP7_75t_R)
  45.60  598.39 v rebuffer1603/Y (BUFx2_ASAP7_75t_R)
  36.72  635.11 v _43280_/Y (XOR2x1_ASAP7_75t_R)
   0.00  635.11 v _44029_/D (DFFLQNx3_ASAP7_75t_R)
         635.11   data arrival time

  10.00   10.00   clock clk' (fall edge)
   0.00   10.00   clock network delay (ideal)
   0.00   10.00   clock reconvergence pessimism
          10.00 v _44029_/CLK (DFFLQNx3_ASAP7_75t_R)
 -20.10  -10.10   library setup time
         -10.10   data required time
---------------------------------------------------------
         -10.10   data required time
        -635.11   data arrival time
---------------------------------------------------------
        -645.21   slack (VIOLATED)


Startpoint: _44335_ (falling edge-triggered flip-flop clocked by clk')
Endpoint: _44254_ (falling edge-triggered flip-flop clocked by clk')
Path Group: clk
Path Type: max

  Delay    Time   Description
---------------------------------------------------------
   0.00    0.00   clock clk' (fall edge)
   0.00    0.00   clock network delay (ideal)
   0.00    0.00 v _44335_/CLK (DFFLQNx3_ASAP7_75t_R)
 136.17  136.17 v _44335_/QN (DFFLQNx3_ASAP7_75t_R)
  51.09  187.26 v rebuffer3416/Y (BUFx2_ASAP7_75t_R)
  49.80  237.06 ^ _22175_/Y (NAND2x2_ASAP7_75t_R)
  63.12  300.17 v _22187_/Y (NOR2x2_ASAP7_75t_R)
  30.15  330.32 ^ _22260_/Y (CKINVDCx6p67_ASAP7_75t_R)
  32.70  363.02 ^ _22444_/Y (AO21x1_ASAP7_75t_R)
  15.65  378.67 v _22445_/Y (INVx1_ASAP7_75t_R)
  41.47  420.14 v _22934_/Y (OR3x1_ASAP7_75t_R)
  41.00  461.13 v _22936_/Y (OR3x1_ASAP7_75t_R)
  57.61  518.74 v _22941_/Y (OR4x1_ASAP7_75t_R)
  21.99  540.74 ^ _22954_/Y (NOR2x1_ASAP7_75t_R)
  19.29  560.03 v _22955_/Y (INVx2_ASAP7_75t_R)
  27.61  587.64 ^ _22979_/Y (NOR2x2_ASAP7_75t_R)
  16.99  604.63 v _25793_/Y (XOR2x1_ASAP7_75t_R)
  33.24  637.87 v _25795_/Y (AO21x1_ASAP7_75t_R)
   0.00  637.87 v _44254_/D (DFFLQNx2_ASAP7_75t_R)
         637.87   data arrival time

  10.00   10.00   clock clk' (fall edge)
   0.00   10.00   clock network delay (ideal)
   0.00   10.00   clock reconvergence pessimism
          10.00 v _44254_/CLK (DFFLQNx2_ASAP7_75t_R)
 -17.31   -7.31   library setup time
          -7.31   data required time
---------------------------------------------------------
          -7.31   data required time
        -637.87   data arrival time
---------------------------------------------------------
        -645.18   slack (VIOLATED)


Startpoint: _44318_ (falling edge-triggered flip-flop clocked by clk')
Endpoint: _44257_ (falling edge-triggered flip-flop clocked by clk')
Path Group: clk
Path Type: max

  Delay    Time   Description
---------------------------------------------------------
   0.00    0.00   clock clk' (fall edge)
   0.00    0.00   clock network delay (ideal)
   0.00    0.00 v _44318_/CLK (DFFLQNx2_ASAP7_75t_R)
 122.60  122.60 ^ _44318_/QN (DFFLQNx2_ASAP7_75t_R)
  37.79  160.38 v _23036_/Y (INVx2_ASAP7_75t_R)
  44.43  204.81 ^ _23037_/Y (NAND2x2_ASAP7_75t_R)
  35.60  240.42 v _23047_/Y (INVx1_ASAP7_75t_R)
  55.00  295.42 ^ _23048_/Y (NAND2x2_ASAP7_75t_R)
  34.17  329.59 v _23053_/Y (INVx4_ASAP7_75t_R)
  27.07  356.66 ^ _23054_/Y (NAND2x1_ASAP7_75t_R)
  36.50  393.17 ^ _23055_/Y (AND2x2_ASAP7_75t_R)
  52.98  446.15 ^ _23406_/Y (AND5x1_ASAP7_75t_R)
  49.04  495.19 ^ _23419_/Y (AND3x2_ASAP7_75t_R)
  21.64  516.83 v _23445_/Y (NAND3x2_ASAP7_75t_R)
  23.24  540.07 ^ _23446_/Y (NOR2x2_ASAP7_75t_R)
  41.51  581.58 ^ _25802_/Y (XOR2x1_ASAP7_75t_R)
  38.42  620.00 ^ _25803_/Y (XOR2x1_ASAP7_75t_R)
  16.13  636.13 v _25805_/Y (AOI21x1_ASAP7_75t_R)
   0.00  636.13 v _44257_/D (DFFLQNx2_ASAP7_75t_R)
         636.13   data arrival time

  10.00   10.00   clock clk' (fall edge)
   0.00   10.00   clock network delay (ideal)
   0.00   10.00   clock reconvergence pessimism
          10.00 v _44257_/CLK (DFFLQNx2_ASAP7_75t_R)
 -18.67   -8.67   library setup time
          -8.67   data required time
---------------------------------------------------------
          -8.67   data required time
        -636.13   data arrival time
---------------------------------------------------------
        -644.80   slack (VIOLATED)


Startpoint: _44335_ (falling edge-triggered flip-flop clocked by clk')
Endpoint: _44318_ (falling edge-triggered flip-flop clocked by clk')
Path Group: clk
Path Type: max

  Delay    Time   Description
---------------------------------------------------------
   0.00    0.00   clock clk' (fall edge)
   0.00    0.00   clock network delay (ideal)
   0.00    0.00 v _44335_/CLK (DFFLQNx3_ASAP7_75t_R)
 136.17  136.17 v _44335_/QN (DFFLQNx3_ASAP7_75t_R)
  51.09  187.26 v rebuffer3416/Y (BUFx2_ASAP7_75t_R)
  49.80  237.06 ^ _22175_/Y (NAND2x2_ASAP7_75t_R)
  63.12  300.17 v _22187_/Y (NOR2x2_ASAP7_75t_R)
  30.15  330.32 ^ _22260_/Y (CKINVDCx6p67_ASAP7_75t_R)
  32.70  363.02 ^ _22444_/Y (AO21x1_ASAP7_75t_R)
  15.65  378.67 v _22445_/Y (INVx1_ASAP7_75t_R)
  41.47  420.14 v _22934_/Y (OR3x1_ASAP7_75t_R)
  41.00  461.13 v _22936_/Y (OR3x1_ASAP7_75t_R)
  57.61  518.74 v _22941_/Y (OR4x1_ASAP7_75t_R)
  21.99  540.74 ^ _22954_/Y (NOR2x1_ASAP7_75t_R)
  19.29  560.03 v _22955_/Y (INVx2_ASAP7_75t_R)
  27.61  587.64 ^ _22979_/Y (NOR2x2_ASAP7_75t_R)
  16.99  604.63 v _22984_/Y (XOR2x1_ASAP7_75t_R)
  32.46  637.10 v _22986_/Y (AO21x1_ASAP7_75t_R)
   0.00  637.10 v _44318_/D (DFFLQNx2_ASAP7_75t_R)
         637.10   data arrival time

  10.00   10.00   clock clk' (fall edge)
   0.00   10.00   clock network delay (ideal)
   0.00   10.00   clock reconvergence pessimism
          10.00 v _44318_/CLK (DFFLQNx2_ASAP7_75t_R)
 -17.31   -7.31   library setup time
          -7.31   data required time
---------------------------------------------------------
          -7.31   data required time
        -637.10   data arrival time
---------------------------------------------------------
        -644.41   slack (VIOLATED)


Startpoint: _44336_ (falling edge-triggered flip-flop clocked by clk')
Endpoint: _44220_ (falling edge-triggered flip-flop clocked by clk')
Path Group: clk
Path Type: max

  Delay    Time   Description
---------------------------------------------------------
   0.00    0.00   clock clk' (fall edge)
   0.00    0.00   clock network delay (ideal)
   0.00    0.00 v _44336_/CLK (DFFLQNx3_ASAP7_75t_R)
 112.52  112.52 v _44336_/QN (DFFLQNx3_ASAP7_75t_R)
  41.30  153.82 v rebuffer1374/Y (BUFx12f_ASAP7_75t_R)
  30.67  184.49 ^ _22132_/Y (NAND2x2_ASAP7_75t_R)
  33.12  217.61 ^ rebuffer3417/Y (BUFx6f_ASAP7_75t_R)
  23.18  240.79 ^ rebuffer3418/Y (BUFx2_ASAP7_75t_R)
  27.65  268.44 ^ rebuffer599/Y (BUFx2_ASAP7_75t_R)
  34.82  303.26 v _22161_/Y (NOR2x2_ASAP7_75t_R)
  26.44  329.70 ^ _22248_/Y (CKINVDCx9p33_ASAP7_75t_R)
  33.23  362.93 ^ _22605_/Y (AO21x1_ASAP7_75t_R)
  15.56  378.48 v _22768_/Y (INVx1_ASAP7_75t_R)
  71.24  449.73 v _22793_/Y (OR5x1_ASAP7_75t_R)
  52.23  501.95 v _22803_/Y (OR3x1_ASAP7_75t_R)
  23.13  525.09 ^ _22820_/Y (NOR2x2_ASAP7_75t_R)
  18.36  543.44 v _22849_/Y (NAND2x2_ASAP7_75t_R)
  27.92  571.36 ^ _22850_/Y (NOR2x2_ASAP7_75t_R)
  23.04  594.40 v _25931_/Y (NOR2x1_ASAP7_75t_R)
  23.38  617.78 ^ _25933_/Y (OAI21x1_ASAP7_75t_R)
  17.85  635.63 v _25934_/Y (OAI21x1_ASAP7_75t_R)
   0.00  635.63 v _44220_/D (DFFLQNx2_ASAP7_75t_R)
         635.63   data arrival time

  10.00   10.00   clock clk' (fall edge)
   0.00   10.00   clock network delay (ideal)
   0.00   10.00   clock reconvergence pessimism
          10.00 v _44220_/CLK (DFFLQNx2_ASAP7_75t_R)
 -18.36   -8.36   library setup time
          -8.36   data required time
---------------------------------------------------------
          -8.36   data required time
        -635.63   data arrival time
---------------------------------------------------------
        -643.99   slack (VIOLATED)


Startpoint: _44322_ (falling edge-triggered flip-flop clocked by clk')
Endpoint: _44327_ (falling edge-triggered flip-flop clocked by clk')
Path Group: clk
Path Type: max

  Delay    Time   Description
---------------------------------------------------------
   0.00    0.00   clock clk' (fall edge)
   0.00    0.00   clock network delay (ideal)
   0.00    0.00 v _44322_/CLK (DFFLQNx2_ASAP7_75t_R)
 136.60  136.60 v _44322_/QN (DFFLQNx2_ASAP7_75t_R)
  75.48  212.09 ^ _23827_/Y (NAND2x2_ASAP7_75t_R)
  55.94  268.03 ^ rebuffer3555/Y (BUFx2_ASAP7_75t_R)
  34.38  302.41 ^ rebuffer3556/Y (BUFx2_ASAP7_75t_R)
  18.45  320.86 v _23892_/Y (NOR2x2_ASAP7_75t_R)
  38.76  359.61 v _24026_/Y (OA21x2_ASAP7_75t_R)
  70.57  430.19 v _24028_/Y (OR5x1_ASAP7_75t_R)
  15.12  445.31 ^ _24029_/Y (INVx1_ASAP7_75t_R)
  39.82  485.13 ^ _24046_/Y (AND4x1_ASAP7_75t_R)
  46.71  531.84 ^ _24047_/Y (AND3x1_ASAP7_75t_R)
  23.94  555.78 v _24048_/Y (NAND2x2_ASAP7_75t_R)
  39.58  595.36 v _24064_/Y (OA21x2_ASAP7_75t_R)
  20.79  616.15 ^ _24065_/Y (OAI21x1_ASAP7_75t_R)
  18.58  634.73 v _24066_/Y (OAI21x1_ASAP7_75t_R)
   0.00  634.73 v _44327_/D (DFFLQNx3_ASAP7_75t_R)
         634.73   data arrival time

  10.00   10.00   clock clk' (fall edge)
   0.00   10.00   clock network delay (ideal)
   0.00   10.00   clock reconvergence pessimism
          10.00 v _44327_/CLK (DFFLQNx3_ASAP7_75t_R)
 -18.56   -8.56   library setup time
          -8.56   data required time
---------------------------------------------------------
          -8.56   data required time
        -634.73   data arrival time
---------------------------------------------------------
        -643.28   slack (VIOLATED)


Startpoint: _44314_ (falling edge-triggered flip-flop clocked by clk')
Endpoint: _44229_ (falling edge-triggered flip-flop clocked by clk')
Path Group: clk
Path Type: max

  Delay    Time   Description
---------------------------------------------------------
   0.00    0.00   clock clk' (fall edge)
   0.00    0.00   clock network delay (ideal)
   0.00    0.00 v _44314_/CLK (DFFLQNx2_ASAP7_75t_R)
 139.63  139.63 v _44314_/QN (DFFLQNx2_ASAP7_75t_R)
  43.73  183.36 ^ _23020_/Y (INVx4_ASAP7_75t_R)
  54.26  237.62 v _23021_/Y (NOR2x2_ASAP7_75t_R)
  31.62  269.24 ^ _23022_/Y (INVx6_ASAP7_75t_R)
  44.84  314.08 v _23039_/Y (NOR2x2_ASAP7_75t_R)
  25.18  339.27 ^ _23135_/Y (INVx8_ASAP7_75t_R)
  28.48  367.75 ^ _23708_/Y (AO21x1_ASAP7_75t_R)
  27.48  395.24 ^ _23710_/Y (AND2x2_ASAP7_75t_R)
  51.51  446.75 ^ _23715_/Y (AND5x1_ASAP7_75t_R)
  48.78  495.53 ^ _23721_/Y (AND3x2_ASAP7_75t_R)
  19.29  514.82 v _23729_/Y (NAND3x2_ASAP7_75t_R)
  23.54  538.36 ^ _23730_/Y (NOR2x2_ASAP7_75t_R)
  24.22  562.58 v _23731_/Y (NAND2x2_ASAP7_75t_R)
  39.65  602.23 v _25963_/Y (XOR2x1_ASAP7_75t_R)
  32.21  634.44 v _25965_/Y (AO21x1_ASAP7_75t_R)
   0.00  634.44 v _44229_/D (DFFLQNx2_ASAP7_75t_R)
         634.44   data arrival time

  10.00   10.00   clock clk' (fall edge)
   0.00   10.00   clock network delay (ideal)
   0.00   10.00   clock reconvergence pessimism
          10.00 v _44229_/CLK (DFFLQNx2_ASAP7_75t_R)
 -17.39   -7.39   library setup time
          -7.39   data required time
---------------------------------------------------------
          -7.39   data required time
        -634.44   data arrival time
---------------------------------------------------------
        -641.83   slack (VIOLATED)


Startpoint: _44336_ (falling edge-triggered flip-flop clocked by clk')
Endpoint: _44279_ (falling edge-triggered flip-flop clocked by clk')
Path Group: clk
Path Type: max

  Delay    Time   Description
---------------------------------------------------------
   0.00    0.00   clock clk' (fall edge)
   0.00    0.00   clock network delay (ideal)
   0.00    0.00 v _44336_/CLK (DFFLQNx3_ASAP7_75t_R)
 112.52  112.52 v _44336_/QN (DFFLQNx3_ASAP7_75t_R)
  41.30  153.82 v rebuffer1374/Y (BUFx12f_ASAP7_75t_R)
  30.67  184.49 ^ _22132_/Y (NAND2x2_ASAP7_75t_R)
  33.12  217.61 ^ rebuffer3417/Y (BUFx6f_ASAP7_75t_R)
  21.10  238.72 v _22150_/Y (INVx1_ASAP7_75t_R)
  47.33  286.04 ^ _22151_/Y (NAND2x2_ASAP7_75t_R)
  42.60  328.65 ^ _22152_/Y (AO21x1_ASAP7_75t_R)
  33.91  362.56 ^ _22153_/Y (OA21x2_ASAP7_75t_R)
  10.71  373.26 v _22154_/Y (INVx1_ASAP7_75t_R)
  71.47  444.73 v _22166_/Y (OR5x1_ASAP7_75t_R)
  90.37  535.10 v _22172_/Y (OR4x2_ASAP7_75t_R)
  41.68  576.78 ^ _25542_/Y (NAND2x2_ASAP7_75t_R)
  39.46  616.24 ^ _25545_/Y (XOR2x1_ASAP7_75t_R)
  15.14  631.39 v _25547_/Y (AOI21x1_ASAP7_75t_R)
   0.00  631.39 v _44279_/D (DFFLQNx2_ASAP7_75t_R)
         631.39   data arrival time

  10.00   10.00   clock clk' (fall edge)
   0.00   10.00   clock network delay (ideal)
   0.00   10.00   clock reconvergence pessimism
          10.00 v _44279_/CLK (DFFLQNx2_ASAP7_75t_R)
 -19.34   -9.34   library setup time
          -9.34   data required time
---------------------------------------------------------
          -9.34   data required time
        -631.39   data arrival time
---------------------------------------------------------
        -640.72   slack (VIOLATED)


Startpoint: _44336_ (falling edge-triggered flip-flop clocked by clk')
Endpoint: _44215_ (falling edge-triggered flip-flop clocked by clk')
Path Group: clk
Path Type: max

  Delay    Time   Description
---------------------------------------------------------
   0.00    0.00   clock clk' (fall edge)
   0.00    0.00   clock network delay (ideal)
   0.00    0.00 v _44336_/CLK (DFFLQNx3_ASAP7_75t_R)
 112.52  112.52 v _44336_/QN (DFFLQNx3_ASAP7_75t_R)
  41.30  153.82 v rebuffer1374/Y (BUFx12f_ASAP7_75t_R)
  30.67  184.49 ^ _22132_/Y (NAND2x2_ASAP7_75t_R)
  33.12  217.61 ^ rebuffer3417/Y (BUFx6f_ASAP7_75t_R)
  21.10  238.72 v _22150_/Y (INVx1_ASAP7_75t_R)
  47.33  286.04 ^ _22151_/Y (NAND2x2_ASAP7_75t_R)
  42.60  328.65 ^ _22152_/Y (AO21x1_ASAP7_75t_R)
  33.91  362.56 ^ _22153_/Y (OA21x2_ASAP7_75t_R)
  10.71  373.26 v _22154_/Y (INVx1_ASAP7_75t_R)
  71.47  444.73 v _22166_/Y (OR5x1_ASAP7_75t_R)
  90.37  535.10 v _22172_/Y (OR4x2_ASAP7_75t_R)
  41.68  576.78 ^ _25542_/Y (NAND2x2_ASAP7_75t_R)
  39.38  616.17 ^ _25912_/Y (XOR2x1_ASAP7_75t_R)
  16.38  632.54 v _25914_/Y (OAI21x1_ASAP7_75t_R)
   0.00  632.54 v _44215_/D (DFFLQNx2_ASAP7_75t_R)
         632.54   data arrival time

  10.00   10.00   clock clk' (fall edge)
   0.00   10.00   clock network delay (ideal)
   0.00   10.00   clock reconvergence pessimism
          10.00 v _44215_/CLK (DFFLQNx2_ASAP7_75t_R)
 -17.99   -7.99   library setup time
          -7.99   data required time
---------------------------------------------------------
          -7.99   data required time
        -632.54   data arrival time
---------------------------------------------------------
        -640.54   slack (VIOLATED)


Startpoint: _44322_ (falling edge-triggered flip-flop clocked by clk')
Endpoint: _44270_ (falling edge-triggered flip-flop clocked by clk')
Path Group: clk
Path Type: max

  Delay    Time   Description
---------------------------------------------------------
   0.00    0.00   clock clk' (fall edge)
   0.00    0.00   clock network delay (ideal)
   0.00    0.00 v _44322_/CLK (DFFLQNx2_ASAP7_75t_R)
 136.60  136.60 v _44322_/QN (DFFLQNx2_ASAP7_75t_R)
  75.48  212.09 ^ _23827_/Y (NAND2x2_ASAP7_75t_R)
  32.78  244.87 v _23828_/Y (CKINVDCx9p33_ASAP7_75t_R)
  59.95  304.81 ^ _24087_/Y (NAND2x2_ASAP7_75t_R)
  30.94  335.75 v _24314_/Y (INVx2_ASAP7_75t_R)
  24.40  360.15 ^ _24468_/Y (NAND2x1_ASAP7_75t_R)
  15.80  375.95 v _24644_/Y (INVx1_ASAP7_75t_R)
  69.41  445.36 v _24645_/Y (OR5x1_ASAP7_75t_R)
  63.84  509.19 v _24655_/Y (OR5x1_ASAP7_75t_R)
  26.88  536.08 ^ _24656_/Y (NOR2x1_ASAP7_75t_R)
  29.27  565.34 v _24657_/Y (NAND2x2_ASAP7_75t_R)
  35.03  600.37 v _25853_/Y (XNOR2x1_ASAP7_75t_R)
  32.61  632.98 v _25855_/Y (AO21x1_ASAP7_75t_R)
   0.00  632.98 v _44270_/D (DFFLQNx2_ASAP7_75t_R)
         632.98   data arrival time

  10.00   10.00   clock clk' (fall edge)
   0.00   10.00   clock network delay (ideal)
   0.00   10.00   clock reconvergence pessimism
          10.00 v _44270_/CLK (DFFLQNx2_ASAP7_75t_R)
 -17.39   -7.39   library setup time
          -7.39   data required time
---------------------------------------------------------
          -7.39   data required time
        -632.98   data arrival time
---------------------------------------------------------
        -640.37   slack (VIOLATED)


Startpoint: _44336_ (falling edge-triggered flip-flop clocked by clk')
Endpoint: _44247_ (falling edge-triggered flip-flop clocked by clk')
Path Group: clk
Path Type: max

  Delay    Time   Description
---------------------------------------------------------
   0.00    0.00   clock clk' (fall edge)
   0.00    0.00   clock network delay (ideal)
   0.00    0.00 v _44336_/CLK (DFFLQNx3_ASAP7_75t_R)
 112.52  112.52 v _44336_/QN (DFFLQNx3_ASAP7_75t_R)
  41.30  153.82 v rebuffer1374/Y (BUFx12f_ASAP7_75t_R)
  30.67  184.49 ^ _22132_/Y (NAND2x2_ASAP7_75t_R)
  33.12  217.61 ^ rebuffer3417/Y (BUFx6f_ASAP7_75t_R)
  21.10  238.72 v _22150_/Y (INVx1_ASAP7_75t_R)
  47.33  286.04 ^ _22151_/Y (NAND2x2_ASAP7_75t_R)
  42.60  328.65 ^ _22152_/Y (AO21x1_ASAP7_75t_R)
  33.91  362.56 ^ _22153_/Y (OA21x2_ASAP7_75t_R)
  10.71  373.26 v _22154_/Y (INVx1_ASAP7_75t_R)
  71.47  444.73 v _22166_/Y (OR5x1_ASAP7_75t_R)
  90.37  535.10 v _22172_/Y (OR4x2_ASAP7_75t_R)
  41.68  576.78 ^ _25542_/Y (NAND2x2_ASAP7_75t_R)
  39.02  615.80 ^ _25768_/Y (XNOR2x1_ASAP7_75t_R)
  15.16  630.96 v _25770_/Y (AOI21x1_ASAP7_75t_R)
   0.00  630.96 v _44247_/D (DFFLQNx2_ASAP7_75t_R)
         630.96   data arrival time

  10.00   10.00   clock clk' (fall edge)
   0.00   10.00   clock network delay (ideal)
   0.00   10.00   clock reconvergence pessimism
          10.00 v _44247_/CLK (DFFLQNx2_ASAP7_75t_R)
 -19.34   -9.34   library setup time
          -9.34   data required time
---------------------------------------------------------
          -9.34   data required time
        -630.96   data arrival time
---------------------------------------------------------
        -640.30   slack (VIOLATED)


Startpoint: _44207_ (falling edge-triggered flip-flop clocked by clk')
Endpoint: _43978_ (falling edge-triggered flip-flop clocked by clk')
Path Group: clk
Path Type: max

  Delay    Time   Description
---------------------------------------------------------
   0.00    0.00   clock clk' (fall edge)
   0.00    0.00   clock network delay (ideal)
   0.00    0.00 v _44207_/CLK (DFFLQNx2_ASAP7_75t_R)
 142.22  142.22 v _44207_/QN (DFFLQNx2_ASAP7_75t_R)
  65.20  207.42 ^ _40000_/Y (NOR2x2_ASAP7_75t_R)
  43.20  250.61 v _40016_/Y (NAND2x2_ASAP7_75t_R)
  48.58  299.19 v rebuffer3335/Y (BUFx2_ASAP7_75t_R)
  33.17  332.37 v rebuffer3336/Y (BUFx2_ASAP7_75t_R)
  31.90  364.27 v _41296_/Y (AO21x1_ASAP7_75t_R)
  26.16  390.43 v _41297_/Y (AND3x1_ASAP7_75t_R)
  25.16  415.59 ^ _41302_/Y (NAND2x1_ASAP7_75t_R)
  23.09  438.68 v _41316_/Y (NOR2x2_ASAP7_75t_R)
  21.92  460.60 ^ _41334_/Y (NAND2x2_ASAP7_75t_R)
  20.70  481.30 v _41335_/Y (NOR2x2_ASAP7_75t_R)
  62.81  544.11 v rebuffer2206/Y (BUFx2_ASAP7_75t_R)
  47.52  591.63 v rebuffer2207/Y (BUFx2_ASAP7_75t_R)
  36.82  628.45 v _43325_/Y (XOR2x1_ASAP7_75t_R)
   0.00  628.45 v _43978_/D (DFFLQNx3_ASAP7_75t_R)
         628.45   data arrival time

  10.00   10.00   clock clk' (fall edge)
   0.00   10.00   clock network delay (ideal)
   0.00   10.00   clock reconvergence pessimism
          10.00 v _43978_/CLK (DFFLQNx3_ASAP7_75t_R)
 -20.12  -10.12   library setup time
         -10.12   data required time
---------------------------------------------------------
         -10.12   data required time
        -628.45   data arrival time
---------------------------------------------------------
        -638.57   slack (VIOLATED)


Startpoint: _44322_ (falling edge-triggered flip-flop clocked by clk')
Endpoint: _44235_ (falling edge-triggered flip-flop clocked by clk')
Path Group: clk
Path Type: max

  Delay    Time   Description
---------------------------------------------------------
   0.00    0.00   clock clk' (fall edge)
   0.00    0.00   clock network delay (ideal)
   0.00    0.00 v _44322_/CLK (DFFLQNx2_ASAP7_75t_R)
 136.60  136.60 v _44322_/QN (DFFLQNx2_ASAP7_75t_R)
  75.48  212.09 ^ _23827_/Y (NAND2x2_ASAP7_75t_R)
  55.94  268.03 ^ rebuffer3555/Y (BUFx2_ASAP7_75t_R)
  32.29  300.32 v _23903_/Y (NOR2x2_ASAP7_75t_R)
  26.91  327.23 ^ _23904_/Y (INVx8_ASAP7_75t_R)
  21.05  348.28 v _24421_/Y (NOR2x1_ASAP7_75t_R)
  17.42  365.70 ^ _24422_/Y (INVx1_ASAP7_75t_R)
  57.92  423.62 ^ _24425_/Y (AND5x1_ASAP7_75t_R)
  56.56  480.17 ^ _24432_/Y (AND5x1_ASAP7_75t_R)
  50.56  530.73 ^ _24451_/Y (AND3x2_ASAP7_75t_R)
  26.50  557.23 v _24452_/Y (NAND2x2_ASAP7_75t_R)
  40.56  597.79 v _25984_/Y (XOR2x1_ASAP7_75t_R)
  32.49  630.28 v _25986_/Y (AO21x1_ASAP7_75t_R)
   0.00  630.28 v _44235_/D (DFFLQNx2_ASAP7_75t_R)
         630.28   data arrival time

  10.00   10.00   clock clk' (fall edge)
   0.00   10.00   clock network delay (ideal)
   0.00   10.00   clock reconvergence pessimism
          10.00 v _44235_/CLK (DFFLQNx2_ASAP7_75t_R)
 -17.39   -7.39   library setup time
          -7.39   data required time
---------------------------------------------------------
          -7.39   data required time
        -630.28   data arrival time
---------------------------------------------------------
        -637.67   slack (VIOLATED)


Startpoint: _44312_ (falling edge-triggered flip-flop clocked by clk')
Endpoint: _44320_ (falling edge-triggered flip-flop clocked by clk')
Path Group: clk
Path Type: max

  Delay    Time   Description
---------------------------------------------------------
   0.00    0.00   clock clk' (fall edge)
   0.00    0.00   clock network delay (ideal)
   0.00    0.00 v _44312_/CLK (DFFLQNx3_ASAP7_75t_R)
 118.59  118.59 v _44312_/QN (DFFLQNx3_ASAP7_75t_R)
  45.45  164.05 v rebuffer1903/Y (BUFx6f_ASAP7_75t_R)
  18.98  183.02 ^ _23011_/Y (INVx13_ASAP7_75t_R)
  35.99  219.01 v _23012_/Y (NOR2x2_ASAP7_75t_R)
  29.89  248.91 ^ _23025_/Y (INVx2_ASAP7_75t_R)
  41.55  290.46 v _23026_/Y (NOR2x2_ASAP7_75t_R)
  26.82  317.28 ^ _23027_/Y (CKINVDCx8_ASAP7_75t_R)
  36.07  353.35 ^ _23030_/Y (AO21x1_ASAP7_75t_R)
  37.03  390.38 ^ _23031_/Y (OA21x2_ASAP7_75t_R)
  30.48  420.85 ^ _23032_/Y (AND2x2_ASAP7_75t_R)
  66.66  487.51 ^ _23033_/Y (AND5x2_ASAP7_75t_R)
  23.52  511.03 v _23297_/Y (INVx6_ASAP7_75t_R)
  48.37  559.40 v _23351_/Y (AND3x4_ASAP7_75t_R)
  38.24  597.65 v _23357_/Y (XOR2x1_ASAP7_75t_R)
  32.56  630.21 v _23359_/Y (AO21x1_ASAP7_75t_R)
   0.00  630.21 v _44320_/D (DFFLQNx3_ASAP7_75t_R)
         630.21   data arrival time

  10.00   10.00   clock clk' (fall edge)
   0.00   10.00   clock network delay (ideal)
   0.00   10.00   clock reconvergence pessimism
          10.00 v _44320_/CLK (DFFLQNx3_ASAP7_75t_R)
 -17.31   -7.31   library setup time
          -7.31   data required time
---------------------------------------------------------
          -7.31   data required time
        -630.21   data arrival time
---------------------------------------------------------
        -637.52   slack (VIOLATED)


Startpoint: _44314_ (falling edge-triggered flip-flop clocked by clk')
Endpoint: _44287_ (falling edge-triggered flip-flop clocked by clk')
Path Group: clk
Path Type: max

  Delay    Time   Description
---------------------------------------------------------
   0.00    0.00   clock clk' (fall edge)
   0.00    0.00   clock network delay (ideal)
   0.00    0.00 v _44314_/CLK (DFFLQNx2_ASAP7_75t_R)
 139.63  139.63 v _44314_/QN (DFFLQNx2_ASAP7_75t_R)
  43.73  183.36 ^ _23020_/Y (INVx4_ASAP7_75t_R)
  54.26  237.62 v _23021_/Y (NOR2x2_ASAP7_75t_R)
  31.62  269.24 ^ _23022_/Y (INVx6_ASAP7_75t_R)
  44.84  314.08 v _23039_/Y (NOR2x2_ASAP7_75t_R)
  25.18  339.27 ^ _23135_/Y (INVx8_ASAP7_75t_R)
  20.44  359.70 v _23136_/Y (NOR2x1_ASAP7_75t_R)
  47.79  407.50 v _23138_/Y (OR3x1_ASAP7_75t_R)
  17.33  424.83 ^ _23144_/Y (NOR2x1_ASAP7_75t_R)
  44.73  469.56 ^ _23145_/Y (AND4x1_ASAP7_75t_R)
  14.88  484.44 v _23146_/Y (INVx1_ASAP7_75t_R)
  16.39  500.83 ^ _23147_/Y (NOR2x1_ASAP7_75t_R)
  20.58  521.41 v _23234_/Y (NAND2x1_ASAP7_75t_R)
  29.75  551.16 ^ _23235_/Y (NOR2x2_ASAP7_75t_R)
  38.69  589.85 ^ _25603_/Y (XOR2x1_ASAP7_75t_R)
  14.47  604.32 v _25604_/Y (NAND2x1_ASAP7_75t_R)
  25.67  629.98 v _25605_/Y (OA21x2_ASAP7_75t_R)
   0.00  629.98 v _44287_/D (DFFLQNx2_ASAP7_75t_R)
         629.98   data arrival time

  10.00   10.00   clock clk' (fall edge)
   0.00   10.00   clock network delay (ideal)
   0.00   10.00   clock reconvergence pessimism
          10.00 v _44287_/CLK (DFFLQNx2_ASAP7_75t_R)
 -17.33   -7.33   library setup time
          -7.33   data required time
---------------------------------------------------------
          -7.33   data required time
        -629.98   data arrival time
---------------------------------------------------------
        -637.32   slack (VIOLATED)


Startpoint: _44314_ (falling edge-triggered flip-flop clocked by clk')
Endpoint: _44255_ (falling edge-triggered flip-flop clocked by clk')
Path Group: clk
Path Type: max

  Delay    Time   Description
---------------------------------------------------------
   0.00    0.00   clock clk' (fall edge)
   0.00    0.00   clock network delay (ideal)
   0.00    0.00 v _44314_/CLK (DFFLQNx2_ASAP7_75t_R)
 139.63  139.63 v _44314_/QN (DFFLQNx2_ASAP7_75t_R)
  43.73  183.36 ^ _23020_/Y (INVx4_ASAP7_75t_R)
  54.26  237.62 v _23021_/Y (NOR2x2_ASAP7_75t_R)
  31.62  269.24 ^ _23022_/Y (INVx6_ASAP7_75t_R)
  44.84  314.08 v _23039_/Y (NOR2x2_ASAP7_75t_R)
  25.18  339.27 ^ _23135_/Y (INVx8_ASAP7_75t_R)
  20.44  359.70 v _23136_/Y (NOR2x1_ASAP7_75t_R)
  47.79  407.50 v _23138_/Y (OR3x1_ASAP7_75t_R)
  17.33  424.83 ^ _23144_/Y (NOR2x1_ASAP7_75t_R)
  44.73  469.56 ^ _23145_/Y (AND4x1_ASAP7_75t_R)
  14.88  484.44 v _23146_/Y (INVx1_ASAP7_75t_R)
  16.39  500.83 ^ _23147_/Y (NOR2x1_ASAP7_75t_R)
  20.58  521.41 v _23234_/Y (NAND2x1_ASAP7_75t_R)
  29.75  551.16 ^ _23235_/Y (NOR2x2_ASAP7_75t_R)
  38.69  589.85 ^ _25796_/Y (XOR2x1_ASAP7_75t_R)
  14.47  604.32 v _25797_/Y (NAND2x1_ASAP7_75t_R)
  25.67  629.98 v _25798_/Y (OA21x2_ASAP7_75t_R)
   0.00  629.98 v _44255_/D (DFFLQNx2_ASAP7_75t_R)
         629.98   data arrival time

  10.00   10.00   clock clk' (fall edge)
   0.00   10.00   clock network delay (ideal)
   0.00   10.00   clock reconvergence pessimism
          10.00 v _44255_/CLK (DFFLQNx2_ASAP7_75t_R)
 -17.33   -7.33   library setup time
          -7.33   data required time
---------------------------------------------------------
          -7.33   data required time
        -629.98   data arrival time
---------------------------------------------------------
        -637.31   slack (VIOLATED)


Startpoint: _44336_ (falling edge-triggered flip-flop clocked by clk')
Endpoint: _44219_ (falling edge-triggered flip-flop clocked by clk')
Path Group: clk
Path Type: max

  Delay    Time   Description
---------------------------------------------------------
   0.00    0.00   clock clk' (fall edge)
   0.00    0.00   clock network delay (ideal)
   0.00    0.00 v _44336_/CLK (DFFLQNx3_ASAP7_75t_R)
 112.52  112.52 v _44336_/QN (DFFLQNx3_ASAP7_75t_R)
  41.30  153.82 v rebuffer1374/Y (BUFx12f_ASAP7_75t_R)
  30.67  184.49 ^ _22132_/Y (NAND2x2_ASAP7_75t_R)
  33.12  217.61 ^ rebuffer3417/Y (BUFx6f_ASAP7_75t_R)
  23.18  240.79 ^ rebuffer3418/Y (BUFx2_ASAP7_75t_R)
  27.65  268.44 ^ rebuffer599/Y (BUFx2_ASAP7_75t_R)
  34.82  303.26 v _22161_/Y (NOR2x2_ASAP7_75t_R)
  26.44  329.70 ^ _22248_/Y (CKINVDCx9p33_ASAP7_75t_R)
  33.23  362.93 ^ _22605_/Y (AO21x1_ASAP7_75t_R)
  15.56  378.48 v _22768_/Y (INVx1_ASAP7_75t_R)
  38.24  416.72 v _22769_/Y (AO21x1_ASAP7_75t_R)
  71.08  487.80 v _22772_/Y (OR5x1_ASAP7_75t_R)
  55.00  542.80 v _22777_/Y (OR3x1_ASAP7_75t_R)
  33.72  576.52 ^ _22778_/Y (NOR2x2_ASAP7_75t_R)
  18.62  595.15 v _25926_/Y (XOR2x1_ASAP7_75t_R)
  34.76  629.91 v _25928_/Y (AO21x1_ASAP7_75t_R)
   0.00  629.91 v _44219_/D (DFFLQNx2_ASAP7_75t_R)
         629.91   data arrival time

  10.00   10.00   clock clk' (fall edge)
   0.00   10.00   clock network delay (ideal)
   0.00   10.00   clock reconvergence pessimism
          10.00 v _44219_/CLK (DFFLQNx2_ASAP7_75t_R)
 -17.37   -7.37   library setup time
          -7.37   data required time
---------------------------------------------------------
          -7.37   data required time
        -629.91   data arrival time
---------------------------------------------------------
        -637.28   slack (VIOLATED)


Startpoint: _44312_ (falling edge-triggered flip-flop clocked by clk')
Endpoint: _44256_ (falling edge-triggered flip-flop clocked by clk')
Path Group: clk
Path Type: max

  Delay    Time   Description
---------------------------------------------------------
   0.00    0.00   clock clk' (fall edge)
   0.00    0.00   clock network delay (ideal)
   0.00    0.00 v _44312_/CLK (DFFLQNx3_ASAP7_75t_R)
 118.59  118.59 v _44312_/QN (DFFLQNx3_ASAP7_75t_R)
  45.45  164.05 v rebuffer1903/Y (BUFx6f_ASAP7_75t_R)
  18.98  183.02 ^ _23011_/Y (INVx13_ASAP7_75t_R)
  35.99  219.01 v _23012_/Y (NOR2x2_ASAP7_75t_R)
  29.89  248.91 ^ _23025_/Y (INVx2_ASAP7_75t_R)
  41.55  290.46 v _23026_/Y (NOR2x2_ASAP7_75t_R)
  26.82  317.28 ^ _23027_/Y (CKINVDCx8_ASAP7_75t_R)
  36.07  353.35 ^ _23030_/Y (AO21x1_ASAP7_75t_R)
  37.03  390.38 ^ _23031_/Y (OA21x2_ASAP7_75t_R)
  30.48  420.85 ^ _23032_/Y (AND2x2_ASAP7_75t_R)
  66.66  487.51 ^ _23033_/Y (AND5x2_ASAP7_75t_R)
  23.52  511.03 v _23297_/Y (INVx6_ASAP7_75t_R)
  48.37  559.40 v _23351_/Y (AND3x4_ASAP7_75t_R)
  38.24  597.65 v _25799_/Y (XOR2x1_ASAP7_75t_R)
  32.14  629.79 v _25801_/Y (AO21x1_ASAP7_75t_R)
   0.00  629.79 v _44256_/D (DFFLQNx2_ASAP7_75t_R)
         629.79   data arrival time

  10.00   10.00   clock clk' (fall edge)
   0.00   10.00   clock network delay (ideal)
   0.00   10.00   clock reconvergence pessimism
          10.00 v _44256_/CLK (DFFLQNx2_ASAP7_75t_R)
 -17.31   -7.31   library setup time
          -7.31   data required time
---------------------------------------------------------
          -7.31   data required time
        -629.79   data arrival time
---------------------------------------------------------
        -637.10   slack (VIOLATED)


Startpoint: _44335_ (falling edge-triggered flip-flop clocked by clk')
Endpoint: _44217_ (falling edge-triggered flip-flop clocked by clk')
Path Group: clk
Path Type: max

  Delay    Time   Description
---------------------------------------------------------
   0.00    0.00   clock clk' (fall edge)
   0.00    0.00   clock network delay (ideal)
   0.00    0.00 v _44335_/CLK (DFFLQNx3_ASAP7_75t_R)
 118.55  118.55 ^ _44335_/QN (DFFLQNx3_ASAP7_75t_R)
  40.40  158.95 ^ rebuffer1929/Y (BUFx6f_ASAP7_75t_R)
  31.14  190.09 ^ rebuffer1930/Y (BUFx3_ASAP7_75t_R)
  29.35  219.44 v _22224_/Y (NOR2x2_ASAP7_75t_R)
  26.25  245.69 ^ _22225_/Y (INVx5_ASAP7_75t_R)
  42.47  288.16 v _22252_/Y (NOR2x2_ASAP7_75t_R)
  46.95  335.11 v _22440_/Y (AND2x2_ASAP7_75t_R)
  35.38  370.48 v _22441_/Y (AO21x1_ASAP7_75t_R)
  36.93  407.42 v _22556_/Y (AO21x1_ASAP7_75t_R)
  56.85  464.27 v _22561_/Y (OR4x1_ASAP7_75t_R)
  17.71  481.97 ^ _22568_/Y (NOR3x1_ASAP7_75t_R)
  47.73  529.71 ^ _22569_/Y (AND3x2_ASAP7_75t_R)
  25.68  555.39 v _22615_/Y (NAND2x2_ASAP7_75t_R)
  40.73  596.12 v _25920_/Y (XOR2x1_ASAP7_75t_R)
  33.30  629.42 v _25922_/Y (AO21x1_ASAP7_75t_R)
   0.00  629.42 v _44217_/D (DFFLQNx2_ASAP7_75t_R)
         629.42   data arrival time

  10.00   10.00   clock clk' (fall edge)
   0.00   10.00   clock network delay (ideal)
   0.00   10.00   clock reconvergence pessimism
          10.00 v _44217_/CLK (DFFLQNx2_ASAP7_75t_R)
 -17.39   -7.39   library setup time
          -7.39   data required time
---------------------------------------------------------
          -7.39   data required time
        -629.42   data arrival time
---------------------------------------------------------
        -636.81   slack (VIOLATED)


Startpoint: _44329_ (falling edge-triggered flip-flop clocked by clk')
Endpoint: _44303_ (falling edge-triggered flip-flop clocked by clk')
Path Group: clk
Path Type: max

  Delay    Time   Description
---------------------------------------------------------
   0.00    0.00   clock clk' (fall edge)
   0.00    0.00   clock network delay (ideal)
   0.00    0.00 v _44329_/CLK (DFFLQNx3_ASAP7_75t_R)
 125.70  125.70 v _44329_/QN (DFFLQNx3_ASAP7_75t_R)
  42.96  168.66 v rebuffer3495/Y (BUFx6f_ASAP7_75t_R)
  28.38  197.04 v rebuffer3496/Y (BUFx4f_ASAP7_75t_R)
  19.28  216.32 ^ _24684_/Y (NAND2x2_ASAP7_75t_R)
  44.05  260.38 ^ rebuffer2339/Y (BUFx2_ASAP7_75t_R)
  39.87  300.24 ^ rebuffer2340/Y (BUFx2_ASAP7_75t_R)
  16.77  317.01 v _24788_/Y (INVx5_ASAP7_75t_R)
  24.35  341.37 ^ _24812_/Y (NAND2x1_ASAP7_75t_R)
  19.85  361.21 v _24813_/Y (NOR2x1_ASAP7_75t_R)
  17.20  378.41 ^ _24814_/Y (INVx1_ASAP7_75t_R)
  45.01  423.42 ^ _24815_/Y (AND4x1_ASAP7_75t_R)
  34.87  458.29 ^ _24837_/Y (AND3x1_ASAP7_75t_R)
  35.76  494.05 ^ _24838_/Y (AND3x1_ASAP7_75t_R)
  13.93  507.98 v _24839_/Y (INVx1_ASAP7_75t_R)
  23.75  531.73 ^ _24923_/Y (NOR2x1_ASAP7_75t_R)
  26.19  557.92 v _24932_/Y (NAND2x2_ASAP7_75t_R)
  56.59  614.51 ^ _25704_/Y (XOR2x2_ASAP7_75t_R)
  12.82  627.33 v _25706_/Y (AOI21x1_ASAP7_75t_R)
   0.00  627.33 v _44303_/D (DFFLQNx2_ASAP7_75t_R)
         627.33   data arrival time

  10.00   10.00   clock clk' (fall edge)
   0.00   10.00   clock network delay (ideal)
   0.00   10.00   clock reconvergence pessimism
          10.00 v _44303_/CLK (DFFLQNx2_ASAP7_75t_R)
 -19.34   -9.34   library setup time
          -9.34   data required time
---------------------------------------------------------
          -9.34   data required time
        -627.33   data arrival time
---------------------------------------------------------
        -636.67   slack (VIOLATED)


Startpoint: _44314_ (falling edge-triggered flip-flop clocked by clk')
Endpoint: _44223_ (falling edge-triggered flip-flop clocked by clk')
Path Group: clk
Path Type: max

  Delay    Time   Description
---------------------------------------------------------
   0.00    0.00   clock clk' (fall edge)
   0.00    0.00   clock network delay (ideal)
   0.00    0.00 v _44314_/CLK (DFFLQNx2_ASAP7_75t_R)
 139.63  139.63 v _44314_/QN (DFFLQNx2_ASAP7_75t_R)
  43.73  183.36 ^ _23020_/Y (INVx4_ASAP7_75t_R)
  54.26  237.62 v _23021_/Y (NOR2x2_ASAP7_75t_R)
  31.62  269.24 ^ _23022_/Y (INVx6_ASAP7_75t_R)
  44.84  314.08 v _23039_/Y (NOR2x2_ASAP7_75t_R)
  25.18  339.27 ^ _23135_/Y (INVx8_ASAP7_75t_R)
  20.44  359.70 v _23136_/Y (NOR2x1_ASAP7_75t_R)
  47.79  407.50 v _23138_/Y (OR3x1_ASAP7_75t_R)
  17.33  424.83 ^ _23144_/Y (NOR2x1_ASAP7_75t_R)
  44.73  469.56 ^ _23145_/Y (AND4x1_ASAP7_75t_R)
  14.88  484.44 v _23146_/Y (INVx1_ASAP7_75t_R)
  16.39  500.83 ^ _23147_/Y (NOR2x1_ASAP7_75t_R)
  20.58  521.41 v _23234_/Y (NAND2x1_ASAP7_75t_R)
  29.75  551.16 ^ _23235_/Y (NOR2x2_ASAP7_75t_R)
  46.77  597.93 v _25944_/Y (XOR2x2_ASAP7_75t_R)
  31.27  629.20 v _25946_/Y (AO21x1_ASAP7_75t_R)
   0.00  629.20 v _44223_/D (DFFLQNx2_ASAP7_75t_R)
         629.20   data arrival time

  10.00   10.00   clock clk' (fall edge)
   0.00   10.00   clock network delay (ideal)
   0.00   10.00   clock reconvergence pessimism
          10.00 v _44223_/CLK (DFFLQNx2_ASAP7_75t_R)
 -17.37   -7.37   library setup time
          -7.37   data required time
---------------------------------------------------------
          -7.37   data required time
        -629.20   data arrival time
---------------------------------------------------------
        -636.57   slack (VIOLATED)


Startpoint: _44335_ (falling edge-triggered flip-flop clocked by clk')
Endpoint: _44313_ (falling edge-triggered flip-flop clocked by clk')
Path Group: clk
Path Type: max

  Delay    Time   Description
---------------------------------------------------------
   0.00    0.00   clock clk' (fall edge)
   0.00    0.00   clock network delay (ideal)
   0.00    0.00 v _44335_/CLK (DFFLQNx3_ASAP7_75t_R)
 118.55  118.55 ^ _44335_/QN (DFFLQNx3_ASAP7_75t_R)
  40.40  158.95 ^ rebuffer1929/Y (BUFx6f_ASAP7_75t_R)
  31.14  190.09 ^ rebuffer1930/Y (BUFx3_ASAP7_75t_R)
  29.35  219.44 v _22224_/Y (NOR2x2_ASAP7_75t_R)
  26.25  245.69 ^ _22225_/Y (INVx5_ASAP7_75t_R)
  42.47  288.16 v _22252_/Y (NOR2x2_ASAP7_75t_R)
  46.95  335.11 v _22440_/Y (AND2x2_ASAP7_75t_R)
  35.38  370.48 v _22441_/Y (AO21x1_ASAP7_75t_R)
  36.93  407.42 v _22556_/Y (AO21x1_ASAP7_75t_R)
  56.85  464.27 v _22561_/Y (OR4x1_ASAP7_75t_R)
  17.71  481.97 ^ _22568_/Y (NOR3x1_ASAP7_75t_R)
  47.73  529.71 ^ _22569_/Y (AND3x2_ASAP7_75t_R)
  25.68  555.39 v _22615_/Y (NAND2x2_ASAP7_75t_R)
  40.73  596.12 v _22620_/Y (XOR2x1_ASAP7_75t_R)
  32.66  628.78 v _22625_/Y (AO21x1_ASAP7_75t_R)
   0.00  628.78 v _44313_/D (DFFLQNx3_ASAP7_75t_R)
         628.78   data arrival time

  10.00   10.00   clock clk' (fall edge)
   0.00   10.00   clock network delay (ideal)
   0.00   10.00   clock reconvergence pessimism
          10.00 v _44313_/CLK (DFFLQNx3_ASAP7_75t_R)
 -17.39   -7.39   library setup time
          -7.39   data required time
---------------------------------------------------------
          -7.39   data required time
        -628.78   data arrival time
---------------------------------------------------------
        -636.17   slack (VIOLATED)


Startpoint: _44336_ (falling edge-triggered flip-flop clocked by clk')
Endpoint: _44251_ (falling edge-triggered flip-flop clocked by clk')
Path Group: clk
Path Type: max

  Delay    Time   Description
---------------------------------------------------------
   0.00    0.00   clock clk' (fall edge)
   0.00    0.00   clock network delay (ideal)
   0.00    0.00 v _44336_/CLK (DFFLQNx3_ASAP7_75t_R)
 112.52  112.52 v _44336_/QN (DFFLQNx3_ASAP7_75t_R)
  41.30  153.82 v rebuffer1374/Y (BUFx12f_ASAP7_75t_R)
  30.67  184.49 ^ _22132_/Y (NAND2x2_ASAP7_75t_R)
  33.12  217.61 ^ rebuffer3417/Y (BUFx6f_ASAP7_75t_R)
  23.18  240.79 ^ rebuffer3418/Y (BUFx2_ASAP7_75t_R)
  27.65  268.44 ^ rebuffer599/Y (BUFx2_ASAP7_75t_R)
  34.82  303.26 v _22161_/Y (NOR2x2_ASAP7_75t_R)
  26.44  329.70 ^ _22248_/Y (CKINVDCx9p33_ASAP7_75t_R)
  33.23  362.93 ^ _22605_/Y (AO21x1_ASAP7_75t_R)
  15.56  378.48 v _22768_/Y (INVx1_ASAP7_75t_R)
  38.24  416.72 v _22769_/Y (AO21x1_ASAP7_75t_R)
  71.08  487.80 v _22772_/Y (OR5x1_ASAP7_75t_R)
  55.00  542.80 v _22777_/Y (OR3x1_ASAP7_75t_R)
  33.72  576.52 ^ _22778_/Y (NOR2x2_ASAP7_75t_R)
  37.37  613.89 ^ _25783_/Y (XNOR2x1_ASAP7_75t_R)
  28.06  641.95 ^ _25785_/Y (AO21x1_ASAP7_75t_R)
   0.00  641.95 ^ _44251_/D (DFFLQNx2_ASAP7_75t_R)
         641.95   data arrival time

  10.00   10.00   clock clk' (fall edge)
   0.00   10.00   clock network delay (ideal)
   0.00   10.00   clock reconvergence pessimism
          10.00 v _44251_/CLK (DFFLQNx2_ASAP7_75t_R)
  -4.04    5.96   library setup time
           5.96   data required time
---------------------------------------------------------
           5.96   data required time
        -641.95   data arrival time
---------------------------------------------------------
        -636.00   slack (VIOLATED)


Startpoint: _44327_ (falling edge-triggered flip-flop clocked by clk')
Endpoint: _44339_ (falling edge-triggered flip-flop clocked by clk')
Path Group: clk
Path Type: max

  Delay    Time   Description
---------------------------------------------------------
   0.00    0.00   clock clk' (fall edge)
   0.00    0.00   clock network delay (ideal)
   0.00    0.00 v _44327_/CLK (DFFLQNx3_ASAP7_75t_R)
 118.63  118.63 v _44327_/QN (DFFLQNx3_ASAP7_75t_R)
  45.73  164.36 v rebuffer1910/Y (BUFx12f_ASAP7_75t_R)
  53.70  218.06 ^ _24682_/Y (NAND2x2_ASAP7_75t_R)
  57.79  275.85 v _24725_/Y (NOR2x2_ASAP7_75t_R)
  49.71  325.56 v rebuffer1996/Y (BUFx2_ASAP7_75t_R)
  39.63  365.19 v _25229_/Y (OA21x2_ASAP7_75t_R)
  33.36  398.54 v _25316_/Y (AO21x1_ASAP7_75t_R)
  12.16  410.70 ^ _25317_/Y (INVx1_ASAP7_75t_R)
  42.93  453.63 ^ _25321_/Y (AND4x1_ASAP7_75t_R)
  38.25  491.88 ^ _25332_/Y (AND3x1_ASAP7_75t_R)
  19.19  511.07 v _25333_/Y (NAND2x1_ASAP7_75t_R)
  27.36  538.43 ^ _25334_/Y (INVx1_ASAP7_75t_R)
  25.06  563.49 v _25335_/Y (NAND2x2_ASAP7_75t_R)
  32.75  596.24 v _25336_/Y (XNOR2x1_ASAP7_75t_R)
  32.13  628.36 v _25338_/Y (AO21x1_ASAP7_75t_R)
   0.00  628.36 v _44339_/D (DFFLQNx3_ASAP7_75t_R)
         628.36   data arrival time

  10.00   10.00   clock clk' (fall edge)
   0.00   10.00   clock network delay (ideal)
   0.00   10.00   clock reconvergence pessimism
          10.00 v _44339_/CLK (DFFLQNx3_ASAP7_75t_R)
 -17.39   -7.39   library setup time
          -7.39   data required time
---------------------------------------------------------
          -7.39   data required time
        -628.36   data arrival time
---------------------------------------------------------
        -635.75   slack (VIOLATED)


Startpoint: _44336_ (falling edge-triggered flip-flop clocked by clk')
Endpoint: _44315_ (falling edge-triggered flip-flop clocked by clk')
Path Group: clk
Path Type: max

  Delay    Time   Description
---------------------------------------------------------
   0.00    0.00   clock clk' (fall edge)
   0.00    0.00   clock network delay (ideal)
   0.00    0.00 v _44336_/CLK (DFFLQNx3_ASAP7_75t_R)
 112.52  112.52 v _44336_/QN (DFFLQNx3_ASAP7_75t_R)
  41.30  153.82 v rebuffer1374/Y (BUFx12f_ASAP7_75t_R)
  30.67  184.49 ^ _22132_/Y (NAND2x2_ASAP7_75t_R)
  33.12  217.61 ^ rebuffer3417/Y (BUFx6f_ASAP7_75t_R)
  23.18  240.79 ^ rebuffer3418/Y (BUFx2_ASAP7_75t_R)
  27.65  268.44 ^ rebuffer599/Y (BUFx2_ASAP7_75t_R)
  34.82  303.26 v _22161_/Y (NOR2x2_ASAP7_75t_R)
  26.44  329.70 ^ _22248_/Y (CKINVDCx9p33_ASAP7_75t_R)
  33.23  362.93 ^ _22605_/Y (AO21x1_ASAP7_75t_R)
  15.56  378.48 v _22768_/Y (INVx1_ASAP7_75t_R)
  38.24  416.72 v _22769_/Y (AO21x1_ASAP7_75t_R)
  71.08  487.80 v _22772_/Y (OR5x1_ASAP7_75t_R)
  55.00  542.80 v _22777_/Y (OR3x1_ASAP7_75t_R)
  33.72  576.52 ^ _22778_/Y (NOR2x2_ASAP7_75t_R)
  36.94  613.47 ^ _22785_/Y (XOR2x1_ASAP7_75t_R)
  27.76  641.23 ^ _22787_/Y (AO21x1_ASAP7_75t_R)
   0.00  641.23 ^ _44315_/D (DFFLQNx2_ASAP7_75t_R)
         641.23   data arrival time

  10.00   10.00   clock clk' (fall edge)
   0.00   10.00   clock network delay (ideal)
   0.00   10.00   clock reconvergence pessimism
          10.00 v _44315_/CLK (DFFLQNx2_ASAP7_75t_R)
  -3.95    6.05   library setup time
           6.05   data required time
---------------------------------------------------------
           6.05   data required time
        -641.23   data arrival time
---------------------------------------------------------
        -635.19   slack (VIOLATED)


Startpoint: _44314_ (falling edge-triggered flip-flop clocked by clk')
Endpoint: _44261_ (falling edge-triggered flip-flop clocked by clk')
Path Group: clk
Path Type: max

  Delay    Time   Description
---------------------------------------------------------
   0.00    0.00   clock clk' (fall edge)
   0.00    0.00   clock network delay (ideal)
   0.00    0.00 v _44314_/CLK (DFFLQNx2_ASAP7_75t_R)
 139.63  139.63 v _44314_/QN (DFFLQNx2_ASAP7_75t_R)
  43.73  183.36 ^ _23020_/Y (INVx4_ASAP7_75t_R)
  54.26  237.62 v _23021_/Y (NOR2x2_ASAP7_75t_R)
  31.62  269.24 ^ _23022_/Y (INVx6_ASAP7_75t_R)
  44.84  314.08 v _23039_/Y (NOR2x2_ASAP7_75t_R)
  25.18  339.27 ^ _23135_/Y (INVx8_ASAP7_75t_R)
  28.48  367.75 ^ _23708_/Y (AO21x1_ASAP7_75t_R)
  27.48  395.24 ^ _23710_/Y (AND2x2_ASAP7_75t_R)
  51.51  446.75 ^ _23715_/Y (AND5x1_ASAP7_75t_R)
  48.78  495.53 ^ _23721_/Y (AND3x2_ASAP7_75t_R)
  19.29  514.82 v _23729_/Y (NAND3x2_ASAP7_75t_R)
  23.54  538.36 ^ _23730_/Y (NOR2x2_ASAP7_75t_R)
  24.22  562.58 v _23731_/Y (NAND2x2_ASAP7_75t_R)
  32.81  595.40 v _25818_/Y (XNOR2x1_ASAP7_75t_R)
  32.23  627.63 v _25822_/Y (AO21x1_ASAP7_75t_R)
   0.00  627.63 v _44261_/D (DFFLQNx2_ASAP7_75t_R)
         627.63   data arrival time

  10.00   10.00   clock clk' (fall edge)
   0.00   10.00   clock network delay (ideal)
   0.00   10.00   clock reconvergence pessimism
          10.00 v _44261_/CLK (DFFLQNx2_ASAP7_75t_R)
 -17.39   -7.39   library setup time
          -7.39   data required time
---------------------------------------------------------
          -7.39   data required time
        -627.63   data arrival time
---------------------------------------------------------
        -635.02   slack (VIOLATED)


Startpoint: _44314_ (falling edge-triggered flip-flop clocked by clk')
Endpoint: _44325_ (falling edge-triggered flip-flop clocked by clk')
Path Group: clk
Path Type: max

  Delay    Time   Description
---------------------------------------------------------
   0.00    0.00   clock clk' (fall edge)
   0.00    0.00   clock network delay (ideal)
   0.00    0.00 v _44314_/CLK (DFFLQNx2_ASAP7_75t_R)
 139.63  139.63 v _44314_/QN (DFFLQNx2_ASAP7_75t_R)
  43.73  183.36 ^ _23020_/Y (INVx4_ASAP7_75t_R)
  54.26  237.62 v _23021_/Y (NOR2x2_ASAP7_75t_R)
  31.62  269.24 ^ _23022_/Y (INVx6_ASAP7_75t_R)
  44.84  314.08 v _23039_/Y (NOR2x2_ASAP7_75t_R)
  25.18  339.27 ^ _23135_/Y (INVx8_ASAP7_75t_R)
  28.48  367.75 ^ _23708_/Y (AO21x1_ASAP7_75t_R)
  27.48  395.24 ^ _23710_/Y (AND2x2_ASAP7_75t_R)
  51.51  446.75 ^ _23715_/Y (AND5x1_ASAP7_75t_R)
  48.78  495.53 ^ _23721_/Y (AND3x2_ASAP7_75t_R)
  19.29  514.82 v _23729_/Y (NAND3x2_ASAP7_75t_R)
  23.54  538.36 ^ _23730_/Y (NOR2x2_ASAP7_75t_R)
  24.22  562.58 v _23731_/Y (NAND2x2_ASAP7_75t_R)
  32.81  595.40 v _23732_/Y (XNOR2x1_ASAP7_75t_R)
  32.23  627.63 v _23734_/Y (AO21x1_ASAP7_75t_R)
   0.00  627.63 v _44325_/D (DFFLQNx2_ASAP7_75t_R)
         627.63   data arrival time

  10.00   10.00   clock clk' (fall edge)
   0.00   10.00   clock network delay (ideal)
   0.00   10.00   clock reconvergence pessimism
          10.00 v _44325_/CLK (DFFLQNx2_ASAP7_75t_R)
 -17.39   -7.39   library setup time
          -7.39   data required time
---------------------------------------------------------
          -7.39   data required time
        -627.63   data arrival time
---------------------------------------------------------
        -635.02   slack (VIOLATED)


Startpoint: _44312_ (falling edge-triggered flip-flop clocked by clk')
Endpoint: _44291_ (falling edge-triggered flip-flop clocked by clk')
Path Group: clk
Path Type: max

  Delay    Time   Description
---------------------------------------------------------
   0.00    0.00   clock clk' (fall edge)
   0.00    0.00   clock network delay (ideal)
   0.00    0.00 v _44312_/CLK (DFFLQNx3_ASAP7_75t_R)
 118.59  118.59 v _44312_/QN (DFFLQNx3_ASAP7_75t_R)
  45.45  164.05 v rebuffer1903/Y (BUFx6f_ASAP7_75t_R)
  18.98  183.02 ^ _23011_/Y (INVx13_ASAP7_75t_R)
  35.99  219.01 v _23012_/Y (NOR2x2_ASAP7_75t_R)
  29.89  248.91 ^ _23025_/Y (INVx2_ASAP7_75t_R)
  41.55  290.46 v _23026_/Y (NOR2x2_ASAP7_75t_R)
  43.27  333.73 v rebuffer3531/Y (BUFx3_ASAP7_75t_R)
  23.82  357.55 ^ _23316_/Y (NAND2x1_ASAP7_75t_R)
  17.00  374.55 v _23550_/Y (NAND2x1_ASAP7_75t_R)
  44.12  418.67 v _23551_/Y (OR3x1_ASAP7_75t_R)
  75.21  493.87 v _23552_/Y (OR5x1_ASAP7_75t_R)
  27.50  521.38 ^ _23565_/Y (NOR2x1_ASAP7_75t_R)
  27.51  548.89 v _23598_/Y (NAND2x2_ASAP7_75t_R)
  38.66  587.55 v _25629_/Y (AND2x2_ASAP7_75t_R)
  20.03  607.57 ^ _25630_/Y (OAI21x1_ASAP7_75t_R)
  17.90  625.47 v _25631_/Y (OAI21x1_ASAP7_75t_R)
   0.00  625.47 v _44291_/D (DFFLQNx2_ASAP7_75t_R)
         625.47   data arrival time

  10.00   10.00   clock clk' (fall edge)
   0.00   10.00   clock network delay (ideal)
   0.00   10.00   clock reconvergence pessimism
          10.00 v _44291_/CLK (DFFLQNx2_ASAP7_75t_R)
 -18.38   -8.38   library setup time
          -8.38   data required time
---------------------------------------------------------
          -8.38   data required time
        -625.47   data arrival time
---------------------------------------------------------
        -633.85   slack (VIOLATED)


Startpoint: _44153_ (falling edge-triggered flip-flop clocked by clk')
Endpoint: _44037_ (falling edge-triggered flip-flop clocked by clk')
Path Group: clk
Path Type: max

  Delay    Time   Description
---------------------------------------------------------
   0.00    0.00   clock clk' (fall edge)
   0.00    0.00   clock network delay (ideal)
   0.00    0.00 v _44153_/CLK (DFFLQNx3_ASAP7_75t_R)
 109.79  109.79 v _44153_/QN (DFFLQNx3_ASAP7_75t_R)
  43.57  153.36 v rebuffer931/Y (BUFx12f_ASAP7_75t_R)
  30.97  184.33 v rebuffer932/Y (BUFx12f_ASAP7_75t_R)
  43.33  227.66 ^ _35096_/Y (NOR2x2_ASAP7_75t_R)
  34.47  262.12 v _35130_/Y (INVx3_ASAP7_75t_R)
  35.40  297.52 ^ _35131_/Y (NOR2x2_ASAP7_75t_R)
  34.78  332.30 ^ rebuffer2016/Y (BUFx6f_ASAP7_75t_R)
  15.92  348.22 v _35134_/Y (OAI21x1_ASAP7_75t_R)
  29.34  377.56 ^ _37769_/Y (NAND2x1_ASAP7_75t_R)
  20.10  397.66 v _37770_/Y (AOI211x1_ASAP7_75t_R)
  35.84  433.50 ^ _37775_/Y (NAND2x1_ASAP7_75t_R)
  22.25  455.75 v _37785_/Y (NOR2x2_ASAP7_75t_R)
  25.67  481.42 ^ _37786_/Y (NAND2x2_ASAP7_75t_R)
  26.68  508.10 v _37787_/Y (AOI211x1_ASAP7_75t_R)
  45.34  553.44 v rebuffer1435/Y (BUFx6f_ASAP7_75t_R)
  33.25  586.69 v rebuffer1436/Y (BUFx2_ASAP7_75t_R)
  36.30  623.00 v _43272_/Y (XOR2x1_ASAP7_75t_R)
   0.00  623.00 v _44037_/D (DFFLQNx2_ASAP7_75t_R)
         623.00   data arrival time

  10.00   10.00   clock clk' (fall edge)
   0.00   10.00   clock network delay (ideal)
   0.00   10.00   clock reconvergence pessimism
          10.00 v _44037_/CLK (DFFLQNx2_ASAP7_75t_R)
 -20.27  -10.27   library setup time
         -10.27   data required time
---------------------------------------------------------
         -10.27   data required time
        -623.00   data arrival time
---------------------------------------------------------
        -633.27   slack (VIOLATED)


Startpoint: _44315_ (falling edge-triggered flip-flop clocked by clk')
Endpoint: _44288_ (falling edge-triggered flip-flop clocked by clk')
Path Group: clk
Path Type: max

  Delay    Time   Description
---------------------------------------------------------
   0.00    0.00   clock clk' (fall edge)
   0.00    0.00   clock network delay (ideal)
   0.00    0.00 v _44315_/CLK (DFFLQNx2_ASAP7_75t_R)
 123.14  123.14 ^ _44315_/QN (DFFLQNx2_ASAP7_75t_R)
  34.34  157.49 v _23073_/Y (INVx3_ASAP7_75t_R)
  51.84  209.32 ^ _23074_/Y (NAND2x2_ASAP7_75t_R)
  61.28  270.60 v _23152_/Y (NOR2x2_ASAP7_75t_R)
  34.19  304.80 ^ _23159_/Y (CKINVDCx5p33_ASAP7_75t_R)
  23.63  328.43 v _23267_/Y (NOR2x1_ASAP7_75t_R)
  35.40  363.83 v _23268_/Y (AO21x1_ASAP7_75t_R)
  67.36  431.19 v _23271_/Y (OR5x1_ASAP7_75t_R)
  69.71  500.90 v _23295_/Y (OR4x2_ASAP7_75t_R)
  19.00  519.90 ^ _23296_/Y (NOR2x2_ASAP7_75t_R)
  45.61  565.51 ^ _23351_/Y (AND3x4_ASAP7_75t_R)
  18.51  584.02 v _25611_/Y (NOR2x1_ASAP7_75t_R)
  22.27  606.30 ^ _25612_/Y (OAI21x1_ASAP7_75t_R)
  17.65  623.95 v _25613_/Y (OAI21x1_ASAP7_75t_R)
   0.00  623.95 v _44288_/D (DFFLQNx2_ASAP7_75t_R)
         623.95   data arrival time

  10.00   10.00   clock clk' (fall edge)
   0.00   10.00   clock network delay (ideal)
   0.00   10.00   clock reconvergence pessimism
          10.00 v _44288_/CLK (DFFLQNx2_ASAP7_75t_R)
 -18.31   -8.31   library setup time
          -8.31   data required time
---------------------------------------------------------
          -8.31   data required time
        -623.95   data arrival time
---------------------------------------------------------
        -632.26   slack (VIOLATED)


Startpoint: _44335_ (falling edge-triggered flip-flop clocked by clk')
Endpoint: _44281_ (falling edge-triggered flip-flop clocked by clk')
Path Group: clk
Path Type: max

  Delay    Time   Description
---------------------------------------------------------
   0.00    0.00   clock clk' (fall edge)
   0.00    0.00   clock network delay (ideal)
   0.00    0.00 v _44335_/CLK (DFFLQNx3_ASAP7_75t_R)
 118.55  118.55 ^ _44335_/QN (DFFLQNx3_ASAP7_75t_R)
  40.40  158.95 ^ rebuffer1929/Y (BUFx6f_ASAP7_75t_R)
  31.14  190.09 ^ rebuffer1930/Y (BUFx3_ASAP7_75t_R)
  29.35  219.44 v _22224_/Y (NOR2x2_ASAP7_75t_R)
  26.25  245.69 ^ _22225_/Y (INVx5_ASAP7_75t_R)
  42.47  288.16 v _22252_/Y (NOR2x2_ASAP7_75t_R)
  46.95  335.11 v _22440_/Y (AND2x2_ASAP7_75t_R)
  35.38  370.48 v _22441_/Y (AO21x1_ASAP7_75t_R)
  36.93  407.42 v _22556_/Y (AO21x1_ASAP7_75t_R)
  56.85  464.27 v _22561_/Y (OR4x1_ASAP7_75t_R)
  17.71  481.97 ^ _22568_/Y (NOR3x1_ASAP7_75t_R)
  47.73  529.71 ^ _22569_/Y (AND3x2_ASAP7_75t_R)
  25.68  555.39 v _22615_/Y (NAND2x2_ASAP7_75t_R)
  36.64  592.03 v _25559_/Y (AND2x2_ASAP7_75t_R)
  18.42  610.44 ^ _25560_/Y (OAI21x1_ASAP7_75t_R)
  14.03  624.47 v _25561_/Y (NAND2x1_ASAP7_75t_R)
   0.00  624.47 v _44281_/D (DFFLQNx2_ASAP7_75t_R)
         624.47   data arrival time

  10.00   10.00   clock clk' (fall edge)
   0.00   10.00   clock network delay (ideal)
   0.00   10.00   clock reconvergence pessimism
          10.00 v _44281_/CLK (DFFLQNx2_ASAP7_75t_R)
 -17.55   -7.55   library setup time
          -7.55   data required time
---------------------------------------------------------
          -7.55   data required time
        -624.47   data arrival time
---------------------------------------------------------
        -632.02   slack (VIOLATED)


Startpoint: _44335_ (falling edge-triggered flip-flop clocked by clk')
Endpoint: _44317_ (falling edge-triggered flip-flop clocked by clk')
Path Group: clk
Path Type: max

  Delay    Time   Description
---------------------------------------------------------
   0.00    0.00   clock clk' (fall edge)
   0.00    0.00   clock network delay (ideal)
   0.00    0.00 v _44335_/CLK (DFFLQNx3_ASAP7_75t_R)
 136.17  136.17 v _44335_/QN (DFFLQNx3_ASAP7_75t_R)
  51.09  187.26 v rebuffer3416/Y (BUFx2_ASAP7_75t_R)
  49.80  237.06 ^ _22175_/Y (NAND2x2_ASAP7_75t_R)
  59.72  296.78 v _22255_/Y (NOR2x2_ASAP7_75t_R)
  28.81  325.58 ^ _22256_/Y (CKINVDCx11_ASAP7_75t_R)
  36.09  361.67 ^ _22864_/Y (AO21x1_ASAP7_75t_R)
  12.91  374.59 v _22865_/Y (INVx1_ASAP7_75t_R)
  31.92  406.51 v _22866_/Y (AO21x1_ASAP7_75t_R)
  41.08  447.58 v _22868_/Y (OR3x1_ASAP7_75t_R)
  12.90  460.48 ^ _22869_/Y (INVx1_ASAP7_75t_R)
  58.76  519.24 ^ _22873_/Y (AND4x2_ASAP7_75t_R)
  18.25  537.50 v _22888_/Y (NAND3x2_ASAP7_75t_R)
  24.84  562.33 ^ _22919_/Y (NOR2x2_ASAP7_75t_R)
  18.71  581.04 v _22926_/Y (AOI21x1_ASAP7_75t_R)
  24.32  605.37 ^ _22928_/Y (OAI21x1_ASAP7_75t_R)
  18.03  623.40 v _22929_/Y (OAI21x1_ASAP7_75t_R)
   0.00  623.40 v _44317_/D (DFFLQNx2_ASAP7_75t_R)
         623.40   data arrival time

  10.00   10.00   clock clk' (fall edge)
   0.00   10.00   clock network delay (ideal)
   0.00   10.00   clock reconvergence pessimism
          10.00 v _44317_/CLK (DFFLQNx2_ASAP7_75t_R)
 -18.41   -8.41   library setup time
          -8.41   data required time
---------------------------------------------------------
          -8.41   data required time
        -623.40   data arrival time
---------------------------------------------------------
        -631.81   slack (VIOLATED)


Startpoint: _44137_ (falling edge-triggered flip-flop clocked by clk')
Endpoint: _43966_ (falling edge-triggered flip-flop clocked by clk')
Path Group: clk
Path Type: max

  Delay    Time   Description
---------------------------------------------------------
   0.00    0.00   clock clk' (fall edge)
   0.00    0.00   clock network delay (ideal)
   0.00    0.00 v _44137_/CLK (DFFLQNx3_ASAP7_75t_R)
 114.91  114.91 v _44137_/QN (DFFLQNx3_ASAP7_75t_R)
  45.94  160.85 v rebuffer1151/Y (BUFx12f_ASAP7_75t_R)
  34.74  195.59 ^ _31383_/Y (NOR2x2_ASAP7_75t_R)
  48.92  244.52 ^ rebuffer1191/Y (BUFx2_ASAP7_75t_R)
  27.26  271.78 v _31471_/Y (NAND2x2_ASAP7_75t_R)
  46.28  318.06 v _31674_/Y (AO21x1_ASAP7_75t_R)
  27.15  345.21 ^ _31677_/Y (NAND2x2_ASAP7_75t_R)
  23.90  369.11 v _31684_/Y (NOR3x2_ASAP7_75t_R)
  30.69  399.80 ^ _31686_/Y (NAND3x2_ASAP7_75t_R)
  28.88  428.67 v _31826_/Y (NOR2x1_ASAP7_75t_R)
  43.43  472.10 ^ _31827_/Y (NAND2x2_ASAP7_75t_R)
  45.41  517.51 ^ rebuffer3303/Y (BUFx2_ASAP7_75t_R)
  47.55  565.06 v clone2870/Y (NAND2xp67_ASAP7_75t_R)
  57.60  622.66 v _43345_/Y (XOR2x2_ASAP7_75t_R)
   0.00  622.66 v _43966_/D (DFFLQNx3_ASAP7_75t_R)
         622.66   data arrival time

  10.00   10.00   clock clk' (fall edge)
   0.00   10.00   clock network delay (ideal)
   0.00   10.00   clock reconvergence pessimism
          10.00 v _43966_/CLK (DFFLQNx3_ASAP7_75t_R)
 -17.88   -7.88   library setup time
          -7.88   data required time
---------------------------------------------------------
          -7.88   data required time
        -622.66   data arrival time
---------------------------------------------------------
        -630.54   slack (VIOLATED)


Startpoint: _44312_ (falling edge-triggered flip-flop clocked by clk')
Endpoint: _44227_ (falling edge-triggered flip-flop clocked by clk')
Path Group: clk
Path Type: max

  Delay    Time   Description
---------------------------------------------------------
   0.00    0.00   clock clk' (fall edge)
   0.00    0.00   clock network delay (ideal)
   0.00    0.00 v _44312_/CLK (DFFLQNx3_ASAP7_75t_R)
 118.59  118.59 v _44312_/QN (DFFLQNx3_ASAP7_75t_R)
  45.45  164.05 v rebuffer1903/Y (BUFx6f_ASAP7_75t_R)
  18.98  183.02 ^ _23011_/Y (INVx13_ASAP7_75t_R)
  35.99  219.01 v _23012_/Y (NOR2x2_ASAP7_75t_R)
  29.89  248.91 ^ _23025_/Y (INVx2_ASAP7_75t_R)
  41.55  290.46 v _23026_/Y (NOR2x2_ASAP7_75t_R)
  43.27  333.73 v rebuffer3531/Y (BUFx3_ASAP7_75t_R)
  23.82  357.55 ^ _23316_/Y (NAND2x1_ASAP7_75t_R)
  17.00  374.55 v _23550_/Y (NAND2x1_ASAP7_75t_R)
  44.12  418.67 v _23551_/Y (OR3x1_ASAP7_75t_R)
  75.21  493.87 v _23552_/Y (OR5x1_ASAP7_75t_R)
  27.50  521.38 ^ _23565_/Y (NOR2x1_ASAP7_75t_R)
  27.51  548.89 v _23598_/Y (NAND2x2_ASAP7_75t_R)
  41.21  590.10 v _25956_/Y (XOR2x1_ASAP7_75t_R)
  33.06  623.16 v _25958_/Y (AO21x1_ASAP7_75t_R)
   0.00  623.16 v _44227_/D (DFFLQNx2_ASAP7_75t_R)
         623.16   data arrival time

  10.00   10.00   clock clk' (fall edge)
   0.00   10.00   clock network delay (ideal)
   0.00   10.00   clock reconvergence pessimism
          10.00 v _44227_/CLK (DFFLQNx2_ASAP7_75t_R)
 -17.37   -7.37   library setup time
          -7.37   data required time
---------------------------------------------------------
          -7.37   data required time
        -623.16   data arrival time
---------------------------------------------------------
        -630.53   slack (VIOLATED)


Startpoint: _44312_ (falling edge-triggered flip-flop clocked by clk')
Endpoint: _44323_ (falling edge-triggered flip-flop clocked by clk')
Path Group: clk
Path Type: max

  Delay    Time   Description
---------------------------------------------------------
   0.00    0.00   clock clk' (fall edge)
   0.00    0.00   clock network delay (ideal)
   0.00    0.00 v _44312_/CLK (DFFLQNx3_ASAP7_75t_R)
 118.59  118.59 v _44312_/QN (DFFLQNx3_ASAP7_75t_R)
  45.45  164.05 v rebuffer1903/Y (BUFx6f_ASAP7_75t_R)
  18.98  183.02 ^ _23011_/Y (INVx13_ASAP7_75t_R)
  35.99  219.01 v _23012_/Y (NOR2x2_ASAP7_75t_R)
  29.89  248.91 ^ _23025_/Y (INVx2_ASAP7_75t_R)
  41.55  290.46 v _23026_/Y (NOR2x2_ASAP7_75t_R)
  43.27  333.73 v rebuffer3531/Y (BUFx3_ASAP7_75t_R)
  23.82  357.55 ^ _23316_/Y (NAND2x1_ASAP7_75t_R)
  17.00  374.55 v _23550_/Y (NAND2x1_ASAP7_75t_R)
  44.12  418.67 v _23551_/Y (OR3x1_ASAP7_75t_R)
  75.21  493.87 v _23552_/Y (OR5x1_ASAP7_75t_R)
  27.50  521.38 ^ _23565_/Y (NOR2x1_ASAP7_75t_R)
  27.51  548.89 v _23598_/Y (NAND2x2_ASAP7_75t_R)
  41.21  590.10 v _23603_/Y (XOR2x1_ASAP7_75t_R)
  32.77  622.87 v _23605_/Y (AO21x1_ASAP7_75t_R)
   0.00  622.87 v _44323_/D (DFFLQNx2_ASAP7_75t_R)
         622.87   data arrival time

  10.00   10.00   clock clk' (fall edge)
   0.00   10.00   clock network delay (ideal)
   0.00   10.00   clock reconvergence pessimism
          10.00 v _44323_/CLK (DFFLQNx2_ASAP7_75t_R)
 -17.31   -7.31   library setup time
          -7.31   data required time
---------------------------------------------------------
          -7.31   data required time
        -622.87   data arrival time
---------------------------------------------------------
        -630.18   slack (VIOLATED)


Startpoint: _44335_ (falling edge-triggered flip-flop clocked by clk')
Endpoint: _44249_ (falling edge-triggered flip-flop clocked by clk')
Path Group: clk
Path Type: max

  Delay    Time   Description
---------------------------------------------------------
   0.00    0.00   clock clk' (fall edge)
   0.00    0.00   clock network delay (ideal)
   0.00    0.00 v _44335_/CLK (DFFLQNx3_ASAP7_75t_R)
 118.55  118.55 ^ _44335_/QN (DFFLQNx3_ASAP7_75t_R)
  40.40  158.95 ^ rebuffer1929/Y (BUFx6f_ASAP7_75t_R)
  31.14  190.09 ^ rebuffer1930/Y (BUFx3_ASAP7_75t_R)
  29.35  219.44 v _22224_/Y (NOR2x2_ASAP7_75t_R)
  26.25  245.69 ^ _22225_/Y (INVx5_ASAP7_75t_R)
  42.47  288.16 v _22252_/Y (NOR2x2_ASAP7_75t_R)
  46.95  335.11 v _22440_/Y (AND2x2_ASAP7_75t_R)
  35.38  370.48 v _22441_/Y (AO21x1_ASAP7_75t_R)
  36.93  407.42 v _22556_/Y (AO21x1_ASAP7_75t_R)
  56.85  464.27 v _22561_/Y (OR4x1_ASAP7_75t_R)
  17.71  481.97 ^ _22568_/Y (NOR3x1_ASAP7_75t_R)
  47.73  529.71 ^ _22569_/Y (AND3x2_ASAP7_75t_R)
  25.68  555.39 v _22615_/Y (NAND2x2_ASAP7_75t_R)
  34.31  589.70 v _25775_/Y (XNOR2x1_ASAP7_75t_R)
  32.64  622.34 v _25777_/Y (AO21x1_ASAP7_75t_R)
   0.00  622.34 v _44249_/D (DFFLQNx2_ASAP7_75t_R)
         622.34   data arrival time

  10.00   10.00   clock clk' (fall edge)
   0.00   10.00   clock network delay (ideal)
   0.00   10.00   clock reconvergence pessimism
          10.00 v _44249_/CLK (DFFLQNx2_ASAP7_75t_R)
 -17.39   -7.39   library setup time
          -7.39   data required time
---------------------------------------------------------
          -7.39   data required time
        -622.34   data arrival time
---------------------------------------------------------
        -629.73   slack (VIOLATED)


Startpoint: _44322_ (falling edge-triggered flip-flop clocked by clk')
Endpoint: _44329_ (falling edge-triggered flip-flop clocked by clk')
Path Group: clk
Path Type: max

  Delay    Time   Description
---------------------------------------------------------
   0.00    0.00   clock clk' (fall edge)
   0.00    0.00   clock network delay (ideal)
   0.00    0.00 v _44322_/CLK (DFFLQNx2_ASAP7_75t_R)
 136.60  136.60 v _44322_/QN (DFFLQNx2_ASAP7_75t_R)
  50.47  187.08 ^ _23814_/Y (NAND2x2_ASAP7_75t_R)
  46.52  233.60 ^ rebuffer3550/Y (BUFx3_ASAP7_75t_R)
  39.07  272.67 ^ rebuffer3553/Y (BUFx3_ASAP7_75t_R)
  29.75  302.42 v _23926_/Y (NOR2x2_ASAP7_75t_R)
  43.71  346.13 v _24287_/Y (AND2x2_ASAP7_75t_R)
  17.71  363.84 ^ _24288_/Y (INVx1_ASAP7_75t_R)
  61.68  425.52 ^ _24289_/Y (AND5x1_ASAP7_75t_R)
  15.51  441.03 v _24290_/Y (INVx1_ASAP7_75t_R)
  13.85  454.88 ^ _24291_/Y (NOR2x1_ASAP7_75t_R)
  35.56  490.44 ^ _24298_/Y (AND3x1_ASAP7_75t_R)
  14.01  504.45 v _24299_/Y (INVx1_ASAP7_75t_R)
  22.64  527.09 ^ _24300_/Y (NOR2x1_ASAP7_75t_R)
  23.48  550.57 v _24301_/Y (NAND2x2_ASAP7_75t_R)
  39.23  589.80 v _24306_/Y (XOR2x1_ASAP7_75t_R)
  32.45  622.25 v _24308_/Y (AO21x1_ASAP7_75t_R)
   0.00  622.25 v _44329_/D (DFFLQNx3_ASAP7_75t_R)
         622.25   data arrival time

  10.00   10.00   clock clk' (fall edge)
   0.00   10.00   clock network delay (ideal)
   0.00   10.00   clock reconvergence pessimism
          10.00 v _44329_/CLK (DFFLQNx3_ASAP7_75t_R)
 -17.39   -7.39   library setup time
          -7.39   data required time
---------------------------------------------------------
          -7.39   data required time
        -622.25   data arrival time
---------------------------------------------------------
        -629.64   slack (VIOLATED)


Startpoint: _44322_ (falling edge-triggered flip-flop clocked by clk')
Endpoint: _44264_ (falling edge-triggered flip-flop clocked by clk')
Path Group: clk
Path Type: max

  Delay    Time   Description
---------------------------------------------------------
   0.00    0.00   clock clk' (fall edge)
   0.00    0.00   clock network delay (ideal)
   0.00    0.00 v _44322_/CLK (DFFLQNx2_ASAP7_75t_R)
 136.60  136.60 v _44322_/QN (DFFLQNx2_ASAP7_75t_R)
  75.48  212.09 ^ _23827_/Y (NAND2x2_ASAP7_75t_R)
  55.94  268.03 ^ rebuffer3555/Y (BUFx2_ASAP7_75t_R)
  32.29  300.32 v _23903_/Y (NOR2x2_ASAP7_75t_R)
  26.91  327.23 ^ _23904_/Y (INVx8_ASAP7_75t_R)
  23.82  351.05 v _23905_/Y (NOR2x1_ASAP7_75t_R)
  19.82  370.87 ^ _24071_/Y (INVx1_ASAP7_75t_R)
  44.42  415.28 ^ _24072_/Y (AND4x1_ASAP7_75t_R)
  58.50  473.79 ^ _24075_/Y (AND5x1_ASAP7_75t_R)
  17.33  491.11 v _24092_/Y (NAND2x1_ASAP7_75t_R)
  24.64  515.75 ^ _24131_/Y (NOR2x1_ASAP7_75t_R)
  23.06  538.81 v _24180_/Y (NAND2x2_ASAP7_75t_R)
  27.21  566.03 ^ _25662_/Y (NOR2x2_ASAP7_75t_R)
  38.12  604.15 ^ _25830_/Y (XOR2x1_ASAP7_75t_R)
  15.59  619.74 v _25832_/Y (AOI21x1_ASAP7_75t_R)
   0.00  619.74 v _44264_/D (DFFLQNx2_ASAP7_75t_R)
         619.74   data arrival time

  10.00   10.00   clock clk' (fall edge)
   0.00   10.00   clock network delay (ideal)
   0.00   10.00   clock reconvergence pessimism
          10.00 v _44264_/CLK (DFFLQNx2_ASAP7_75t_R)
 -19.34   -9.34   library setup time
          -9.34   data required time
---------------------------------------------------------
          -9.34   data required time
        -619.74   data arrival time
---------------------------------------------------------
        -629.08   slack (VIOLATED)


Startpoint: _44322_ (falling edge-triggered flip-flop clocked by clk')
Endpoint: _44296_ (falling edge-triggered flip-flop clocked by clk')
Path Group: clk
Path Type: max

  Delay    Time   Description
---------------------------------------------------------
   0.00    0.00   clock clk' (fall edge)
   0.00    0.00   clock network delay (ideal)
   0.00    0.00 v _44322_/CLK (DFFLQNx2_ASAP7_75t_R)
 136.60  136.60 v _44322_/QN (DFFLQNx2_ASAP7_75t_R)
  75.48  212.09 ^ _23827_/Y (NAND2x2_ASAP7_75t_R)
  55.94  268.03 ^ rebuffer3555/Y (BUFx2_ASAP7_75t_R)
  32.29  300.32 v _23903_/Y (NOR2x2_ASAP7_75t_R)
  26.91  327.23 ^ _23904_/Y (INVx8_ASAP7_75t_R)
  23.82  351.05 v _23905_/Y (NOR2x1_ASAP7_75t_R)
  19.82  370.87 ^ _24071_/Y (INVx1_ASAP7_75t_R)
  44.42  415.28 ^ _24072_/Y (AND4x1_ASAP7_75t_R)
  58.50  473.79 ^ _24075_/Y (AND5x1_ASAP7_75t_R)
  17.33  491.11 v _24092_/Y (NAND2x1_ASAP7_75t_R)
  24.64  515.75 ^ _24131_/Y (NOR2x1_ASAP7_75t_R)
  23.06  538.81 v _24180_/Y (NAND2x2_ASAP7_75t_R)
  27.21  566.03 ^ _25662_/Y (NOR2x2_ASAP7_75t_R)
  38.12  604.15 ^ _25665_/Y (XOR2x1_ASAP7_75t_R)
  15.59  619.74 v _25667_/Y (AOI21x1_ASAP7_75t_R)
   0.00  619.74 v _44296_/D (DFFLQNx2_ASAP7_75t_R)
         619.74   data arrival time

  10.00   10.00   clock clk' (fall edge)
   0.00   10.00   clock network delay (ideal)
   0.00   10.00   clock reconvergence pessimism
          10.00 v _44296_/CLK (DFFLQNx2_ASAP7_75t_R)
 -19.34   -9.34   library setup time
          -9.34   data required time
---------------------------------------------------------
          -9.34   data required time
        -619.74   data arrival time
---------------------------------------------------------
        -629.08   slack (VIOLATED)


Startpoint: _44334_ (falling edge-triggered flip-flop clocked by clk')
Endpoint: _44244_ (falling edge-triggered flip-flop clocked by clk')
Path Group: clk
Path Type: max

  Delay    Time   Description
---------------------------------------------------------
   0.00    0.00   clock clk' (fall edge)
   0.00    0.00   clock network delay (ideal)
   0.00    0.00 v _44334_/CLK (DFFLQNx3_ASAP7_75t_R)
 150.20  150.20 v _44334_/QN (DFFLQNx3_ASAP7_75t_R)
  62.22  212.42 ^ _24676_/Y (NAND2x2_ASAP7_75t_R)
  53.31  265.73 v _24748_/Y (NOR2x2_ASAP7_75t_R)
  32.69  298.42 ^ _24749_/Y (CKINVDCx5p33_ASAP7_75t_R)
  26.09  324.51 v _25246_/Y (NOR2x1_ASAP7_75t_R)
  35.10  359.60 v _25368_/Y (AO21x1_ASAP7_75t_R)
  40.82  400.42 v _25370_/Y (OR3x1_ASAP7_75t_R)
  71.25  471.67 v _25372_/Y (OR4x2_ASAP7_75t_R)
  16.79  488.46 ^ _25379_/Y (NOR3x2_ASAP7_75t_R)
  55.67  544.13 ^ _25397_/Y (AND4x1_ASAP7_75t_R)
  27.10  571.23 v _25398_/Y (NAND2x2_ASAP7_75t_R)
  44.17  615.40 v _26022_/Y (XOR2x1_ASAP7_75t_R)
  18.28  633.68 ^ _26024_/Y (AOI21x1_ASAP7_75t_R)
   0.00  633.68 ^ _44244_/D (DFFLQNx2_ASAP7_75t_R)
         633.68   data arrival time

  10.00   10.00   clock clk' (fall edge)
   0.00   10.00   clock network delay (ideal)
   0.00   10.00   clock reconvergence pessimism
          10.00 v _44244_/CLK (DFFLQNx2_ASAP7_75t_R)
  -5.30    4.70   library setup time
           4.70   data required time
---------------------------------------------------------
           4.70   data required time
        -633.68   data arrival time
---------------------------------------------------------
        -628.98   slack (VIOLATED)


Startpoint: _44334_ (falling edge-triggered flip-flop clocked by clk')
Endpoint: _44308_ (falling edge-triggered flip-flop clocked by clk')
Path Group: clk
Path Type: max

  Delay    Time   Description
---------------------------------------------------------
   0.00    0.00   clock clk' (fall edge)
   0.00    0.00   clock network delay (ideal)
   0.00    0.00 v _44334_/CLK (DFFLQNx3_ASAP7_75t_R)
 150.20  150.20 v _44334_/QN (DFFLQNx3_ASAP7_75t_R)
  62.22  212.42 ^ _24676_/Y (NAND2x2_ASAP7_75t_R)
  53.31  265.73 v _24748_/Y (NOR2x2_ASAP7_75t_R)
  32.69  298.42 ^ _24749_/Y (CKINVDCx5p33_ASAP7_75t_R)
  26.09  324.51 v _25246_/Y (NOR2x1_ASAP7_75t_R)
  35.10  359.60 v _25368_/Y (AO21x1_ASAP7_75t_R)
  40.82  400.42 v _25370_/Y (OR3x1_ASAP7_75t_R)
  71.25  471.67 v _25372_/Y (OR4x2_ASAP7_75t_R)
  16.79  488.46 ^ _25379_/Y (NOR3x2_ASAP7_75t_R)
  55.67  544.13 ^ _25397_/Y (AND4x1_ASAP7_75t_R)
  27.10  571.23 v _25398_/Y (NAND2x2_ASAP7_75t_R)
  44.17  615.40 v _25748_/Y (XOR2x1_ASAP7_75t_R)
  18.07  633.48 ^ _25751_/Y (AOI21x1_ASAP7_75t_R)
   0.00  633.48 ^ _44308_/D (DFFLQNx2_ASAP7_75t_R)
         633.48   data arrival time

  10.00   10.00   clock clk' (fall edge)
   0.00   10.00   clock network delay (ideal)
   0.00   10.00   clock reconvergence pessimism
          10.00 v _44308_/CLK (DFFLQNx2_ASAP7_75t_R)
  -5.44    4.56   library setup time
           4.56   data required time
---------------------------------------------------------
           4.56   data required time
        -633.48   data arrival time
---------------------------------------------------------
        -628.92   slack (VIOLATED)


Startpoint: _44334_ (falling edge-triggered flip-flop clocked by clk')
Endpoint: _44276_ (falling edge-triggered flip-flop clocked by clk')
Path Group: clk
Path Type: max

  Delay    Time   Description
---------------------------------------------------------
   0.00    0.00   clock clk' (fall edge)
   0.00    0.00   clock network delay (ideal)
   0.00    0.00 v _44334_/CLK (DFFLQNx3_ASAP7_75t_R)
 150.20  150.20 v _44334_/QN (DFFLQNx3_ASAP7_75t_R)
  62.22  212.42 ^ _24676_/Y (NAND2x2_ASAP7_75t_R)
  53.31  265.73 v _24748_/Y (NOR2x2_ASAP7_75t_R)
  32.69  298.42 ^ _24749_/Y (CKINVDCx5p33_ASAP7_75t_R)
  26.09  324.51 v _25246_/Y (NOR2x1_ASAP7_75t_R)
  35.10  359.60 v _25368_/Y (AO21x1_ASAP7_75t_R)
  40.82  400.42 v _25370_/Y (OR3x1_ASAP7_75t_R)
  71.25  471.67 v _25372_/Y (OR4x2_ASAP7_75t_R)
  16.79  488.46 ^ _25379_/Y (NOR3x2_ASAP7_75t_R)
  55.67  544.13 ^ _25397_/Y (AND4x1_ASAP7_75t_R)
  27.10  571.23 v _25398_/Y (NAND2x2_ASAP7_75t_R)
  44.17  615.40 v _25897_/Y (XOR2x1_ASAP7_75t_R)
  18.17  633.57 ^ _25899_/Y (AOI21x1_ASAP7_75t_R)
   0.00  633.57 ^ _44276_/D (DFFLQNx2_ASAP7_75t_R)
         633.57   data arrival time

  10.00   10.00   clock clk' (fall edge)
   0.00   10.00   clock network delay (ideal)
   0.00   10.00   clock reconvergence pessimism
          10.00 v _44276_/CLK (DFFLQNx2_ASAP7_75t_R)
  -5.30    4.70   library setup time
           4.70   data required time
---------------------------------------------------------
           4.70   data required time
        -633.57   data arrival time
---------------------------------------------------------
        -628.87   slack (VIOLATED)


Startpoint: _44322_ (falling edge-triggered flip-flop clocked by clk')
Endpoint: _44232_ (falling edge-triggered flip-flop clocked by clk')
Path Group: clk
Path Type: max

  Delay    Time   Description
---------------------------------------------------------
   0.00    0.00   clock clk' (fall edge)
   0.00    0.00   clock network delay (ideal)
   0.00    0.00 v _44322_/CLK (DFFLQNx2_ASAP7_75t_R)
 136.60  136.60 v _44322_/QN (DFFLQNx2_ASAP7_75t_R)
  75.48  212.09 ^ _23827_/Y (NAND2x2_ASAP7_75t_R)
  55.94  268.03 ^ rebuffer3555/Y (BUFx2_ASAP7_75t_R)
  32.29  300.32 v _23903_/Y (NOR2x2_ASAP7_75t_R)
  26.91  327.23 ^ _23904_/Y (INVx8_ASAP7_75t_R)
  23.82  351.05 v _23905_/Y (NOR2x1_ASAP7_75t_R)
  19.82  370.87 ^ _24071_/Y (INVx1_ASAP7_75t_R)
  44.42  415.28 ^ _24072_/Y (AND4x1_ASAP7_75t_R)
  58.50  473.79 ^ _24075_/Y (AND5x1_ASAP7_75t_R)
  17.33  491.11 v _24092_/Y (NAND2x1_ASAP7_75t_R)
  24.64  515.75 ^ _24131_/Y (NOR2x1_ASAP7_75t_R)
  23.06  538.81 v _24180_/Y (NAND2x2_ASAP7_75t_R)
  27.21  566.03 ^ _25662_/Y (NOR2x2_ASAP7_75t_R)
  38.05  604.07 ^ _25975_/Y (XOR2x1_ASAP7_75t_R)
  15.92  619.99 v _25977_/Y (OAI21x1_ASAP7_75t_R)
   0.00  619.99 v _44232_/D (DFFLQNx2_ASAP7_75t_R)
         619.99   data arrival time

  10.00   10.00   clock clk' (fall edge)
   0.00   10.00   clock network delay (ideal)
   0.00   10.00   clock reconvergence pessimism
          10.00 v _44232_/CLK (DFFLQNx2_ASAP7_75t_R)
 -18.77   -8.77   library setup time
          -8.77   data required time
---------------------------------------------------------
          -8.77   data required time
        -619.99   data arrival time
---------------------------------------------------------
        -628.76   slack (VIOLATED)


Startpoint: _44136_ (falling edge-triggered flip-flop clocked by clk')
Endpoint: _43962_ (falling edge-triggered flip-flop clocked by clk')
Path Group: clk
Path Type: max

  Delay    Time   Description
---------------------------------------------------------
   0.00    0.00   clock clk' (fall edge)
   0.00    0.00   clock network delay (ideal)
   0.00    0.00 v _44136_/CLK (DFFLQNx3_ASAP7_75t_R)
 112.05  112.05 v _44136_/QN (DFFLQNx3_ASAP7_75t_R)
  52.59  164.64 v rebuffer1387/Y (BUFx4f_ASAP7_75t_R)
  34.25  198.89 v rebuffer1389/Y (BUFx6f_ASAP7_75t_R)
  35.29  234.17 ^ _31365_/Y (NAND2x2_ASAP7_75t_R)
  37.94  272.11 ^ rebuffer1353/Y (BUFx6f_ASAP7_75t_R)
  21.75  293.86 v _31704_/Y (NOR2x2_ASAP7_75t_R)
  39.18  333.04 v _32541_/Y (OA21x2_ASAP7_75t_R)
  46.75  379.79 v _32542_/Y (OR3x1_ASAP7_75t_R)
  14.93  394.72 ^ _32543_/Y (NOR2x1_ASAP7_75t_R)
  30.24  424.96 ^ _32555_/Y (AND2x2_ASAP7_75t_R)
  12.51  437.47 v _32556_/Y (INVx2_ASAP7_75t_R)
  19.04  456.50 ^ _32582_/Y (NOR2x2_ASAP7_75t_R)
  16.61  473.11 v _32583_/Y (NAND2x2_ASAP7_75t_R)
  37.68  510.80 v rebuffer3199/Y (BUFx4f_ASAP7_75t_R)
  38.43  549.23 v rebuffer3200/Y (BUFx3_ASAP7_75t_R)
  33.50  582.73 v rebuffer3201/Y (BUFx2_ASAP7_75t_R)
  36.31  619.04 v _43341_/Y (XOR2x1_ASAP7_75t_R)
   0.00  619.04 v _43962_/D (DFFLQNx3_ASAP7_75t_R)
         619.04   data arrival time

  10.00   10.00   clock clk' (fall edge)
   0.00   10.00   clock network delay (ideal)
   0.00   10.00   clock reconvergence pessimism
          10.00 v _43962_/CLK (DFFLQNx3_ASAP7_75t_R)
 -19.62   -9.62   library setup time
          -9.62   data required time
---------------------------------------------------------
          -9.62   data required time
        -619.04   data arrival time
---------------------------------------------------------
        -628.66   slack (VIOLATED)


Startpoint: _44342_ (falling edge-triggered flip-flop clocked by clk')
Endpoint: _44282_ (falling edge-triggered flip-flop clocked by clk')
Path Group: clk
Path Type: max

  Delay    Time   Description
---------------------------------------------------------
   0.00    0.00   clock clk' (fall edge)
   0.00    0.00   clock network delay (ideal)
   0.00    0.00 v _44342_/CLK (DFFLQNx3_ASAP7_75t_R)
 124.61  124.61 v _44342_/QN (DFFLQNx3_ASAP7_75t_R)
  48.29  172.90 v rebuffer3415/Y (BUFx3_ASAP7_75t_R)
  37.32  210.22 ^ _22307_/Y (NAND2x2_ASAP7_75t_R)
  30.51  240.72 v _22330_/Y (INVx1_ASAP7_75t_R)
  48.03  288.75 ^ _22331_/Y (NAND2x2_ASAP7_75t_R)
  31.47  320.23 v _22496_/Y (NOR2x1_ASAP7_75t_R)
  23.92  344.15 ^ _22497_/Y (INVx1_ASAP7_75t_R)
  23.35  367.50 v _22498_/Y (NOR2x1_ASAP7_75t_R)
  15.31  382.81 ^ _22685_/Y (INVx1_ASAP7_75t_R)
  52.54  435.35 ^ _22689_/Y (AND5x1_ASAP7_75t_R)
  41.45  476.79 ^ _22703_/Y (AND4x1_ASAP7_75t_R)
  29.44  506.23 ^ _22704_/Y (AND2x2_ASAP7_75t_R)
  16.87  523.10 v _22705_/Y (INVx1_ASAP7_75t_R)
  31.07  554.17 ^ _22706_/Y (NOR2x2_ASAP7_75t_R)
  24.31  578.48 v _25566_/Y (NOR2x1_ASAP7_75t_R)
  23.37  601.85 ^ _25569_/Y (OAI21x1_ASAP7_75t_R)
  17.85  619.69 v _25570_/Y (OAI21x1_ASAP7_75t_R)
   0.00  619.69 v _44282_/D (DFFLQNx2_ASAP7_75t_R)
         619.69   data arrival time

  10.00   10.00   clock clk' (fall edge)
   0.00   10.00   clock network delay (ideal)
   0.00   10.00   clock reconvergence pessimism
          10.00 v _44282_/CLK (DFFLQNx2_ASAP7_75t_R)
 -18.36   -8.36   library setup time
          -8.36   data required time
---------------------------------------------------------
          -8.36   data required time
        -619.69   data arrival time
---------------------------------------------------------
        -628.06   slack (VIOLATED)


Startpoint: _44329_ (falling edge-triggered flip-flop clocked by clk')
Endpoint: _44277_ (falling edge-triggered flip-flop clocked by clk')
Path Group: clk
Path Type: max

  Delay    Time   Description
---------------------------------------------------------
   0.00    0.00   clock clk' (fall edge)
   0.00    0.00   clock network delay (ideal)
   0.00    0.00 v _44329_/CLK (DFFLQNx3_ASAP7_75t_R)
 125.70  125.70 v _44329_/QN (DFFLQNx3_ASAP7_75t_R)
  42.96  168.66 v rebuffer3495/Y (BUFx6f_ASAP7_75t_R)
  28.38  197.04 v rebuffer3496/Y (BUFx4f_ASAP7_75t_R)
  19.28  216.32 ^ _24684_/Y (NAND2x2_ASAP7_75t_R)
  33.90  250.22 ^ rebuffer2337/Y (BUFx12f_ASAP7_75t_R)
  34.36  284.58 v _24949_/Y (NOR2x2_ASAP7_75t_R)
  44.12  328.71 v _24981_/Y (AND2x2_ASAP7_75t_R)
  20.62  349.33 ^ _24982_/Y (INVx1_ASAP7_75t_R)
  41.59  390.92 ^ _25431_/Y (OA211x2_ASAP7_75t_R)
  42.15  433.07 ^ _25436_/Y (AND4x1_ASAP7_75t_R)
  34.35  467.42 ^ _25443_/Y (AND3x1_ASAP7_75t_R)
  27.81  495.23 ^ _25463_/Y (AND2x2_ASAP7_75t_R)
  45.08  540.31 ^ _25464_/Y (AND3x1_ASAP7_75t_R)
  28.99  569.30 v _25465_/Y (NAND2x2_ASAP7_75t_R)
  43.56  612.86 v _25901_/Y (XOR2x1_ASAP7_75t_R)
  18.30  631.16 ^ _25903_/Y (AOI21x1_ASAP7_75t_R)
   0.00  631.16 ^ _44277_/D (DFFLQNx2_ASAP7_75t_R)
         631.16   data arrival time

  10.00   10.00   clock clk' (fall edge)
   0.00   10.00   clock network delay (ideal)
   0.00   10.00   clock reconvergence pessimism
          10.00 v _44277_/CLK (DFFLQNx2_ASAP7_75t_R)
  -5.44    4.56   library setup time
           4.56   data required time
---------------------------------------------------------
           4.56   data required time
        -631.16   data arrival time
---------------------------------------------------------
        -626.60   slack (VIOLATED)


Startpoint: _44329_ (falling edge-triggered flip-flop clocked by clk')
Endpoint: _44341_ (falling edge-triggered flip-flop clocked by clk')
Path Group: clk
Path Type: max

  Delay    Time   Description
---------------------------------------------------------
   0.00    0.00   clock clk' (fall edge)
   0.00    0.00   clock network delay (ideal)
   0.00    0.00 v _44329_/CLK (DFFLQNx3_ASAP7_75t_R)
 125.70  125.70 v _44329_/QN (DFFLQNx3_ASAP7_75t_R)
  42.96  168.66 v rebuffer3495/Y (BUFx6f_ASAP7_75t_R)
  28.38  197.04 v rebuffer3496/Y (BUFx4f_ASAP7_75t_R)
  19.28  216.32 ^ _24684_/Y (NAND2x2_ASAP7_75t_R)
  33.90  250.22 ^ rebuffer2337/Y (BUFx12f_ASAP7_75t_R)
  34.36  284.58 v _24949_/Y (NOR2x2_ASAP7_75t_R)
  44.12  328.71 v _24981_/Y (AND2x2_ASAP7_75t_R)
  20.62  349.33 ^ _24982_/Y (INVx1_ASAP7_75t_R)
  41.59  390.92 ^ _25431_/Y (OA211x2_ASAP7_75t_R)
  42.15  433.07 ^ _25436_/Y (AND4x1_ASAP7_75t_R)
  34.35  467.42 ^ _25443_/Y (AND3x1_ASAP7_75t_R)
  27.81  495.23 ^ _25463_/Y (AND2x2_ASAP7_75t_R)
  45.08  540.31 ^ _25464_/Y (AND3x1_ASAP7_75t_R)
  28.99  569.30 v _25465_/Y (NAND2x2_ASAP7_75t_R)
  43.56  612.86 v _25472_/Y (XOR2x1_ASAP7_75t_R)
  18.30  631.16 ^ _25474_/Y (AOI21x1_ASAP7_75t_R)
   0.00  631.16 ^ _44341_/D (DFFLQNx2_ASAP7_75t_R)
         631.16   data arrival time

  10.00   10.00   clock clk' (fall edge)
   0.00   10.00   clock network delay (ideal)
   0.00   10.00   clock reconvergence pessimism
          10.00 v _44341_/CLK (DFFLQNx2_ASAP7_75t_R)
  -5.44    4.56   library setup time
           4.56   data required time
---------------------------------------------------------
           4.56   data required time
        -631.16   data arrival time
---------------------------------------------------------
        -626.60   slack (VIOLATED)


Startpoint: _44320_ (falling edge-triggered flip-flop clocked by clk')
Endpoint: _44298_ (falling edge-triggered flip-flop clocked by clk')
Path Group: clk
Path Type: max

  Delay    Time   Description
---------------------------------------------------------
   0.00    0.00   clock clk' (fall edge)
   0.00    0.00   clock network delay (ideal)
   0.00    0.00 v _44320_/CLK (DFFLQNx3_ASAP7_75t_R)
 103.10  103.10 ^ _44320_/QN (DFFLQNx3_ASAP7_75t_R)
  42.17  145.27 ^ rebuffer3543/Y (BUFx12f_ASAP7_75t_R)
  18.45  163.72 v _23824_/Y (CKINVDCx20_ASAP7_75t_R)
  53.91  217.63 ^ _23840_/Y (NAND2x2_ASAP7_75t_R)
  35.81  253.44 v _23878_/Y (INVx5_ASAP7_75t_R)
  50.29  303.73 ^ _23915_/Y (NAND2x2_ASAP7_75t_R)
  32.97  336.69 v _24281_/Y (NOR2x1_ASAP7_75t_R)
  18.62  355.31 ^ _24282_/Y (INVx1_ASAP7_75t_R)
  38.72  394.03 ^ _24366_/Y (OA211x2_ASAP7_75t_R)
  55.26  449.29 ^ _24367_/Y (AND5x1_ASAP7_75t_R)
  46.50  495.79 ^ _24380_/Y (AND3x1_ASAP7_75t_R)
  23.09  518.88 v _24381_/Y (NAND2x2_ASAP7_75t_R)
  22.20  541.08 ^ _25674_/Y (OAI21x1_ASAP7_75t_R)
  17.31  558.39 v _25676_/Y (AOI21x1_ASAP7_75t_R)
  33.06  591.45 v _25677_/Y (AO21x1_ASAP7_75t_R)
  27.62  619.07 v hold3974/Y (BUFx2_ASAP7_75t_R)
   0.00  619.07 v _44298_/D (DFFLQNx2_ASAP7_75t_R)
         619.07   data arrival time

  10.00   10.00   clock clk' (fall edge)
   0.00   10.00   clock network delay (ideal)
   0.00   10.00   clock reconvergence pessimism
          10.00 v _44298_/CLK (DFFLQNx2_ASAP7_75t_R)
 -16.65   -6.65   library setup time
          -6.65   data required time
---------------------------------------------------------
          -6.65   data required time
        -619.07   data arrival time
---------------------------------------------------------
        -625.72   slack (VIOLATED)


Startpoint: _44322_ (falling edge-triggered flip-flop clocked by clk')
Endpoint: _44328_ (falling edge-triggered flip-flop clocked by clk')
Path Group: clk
Path Type: max

  Delay    Time   Description
---------------------------------------------------------
   0.00    0.00   clock clk' (fall edge)
   0.00    0.00   clock network delay (ideal)
   0.00    0.00 v _44322_/CLK (DFFLQNx2_ASAP7_75t_R)
 136.60  136.60 v _44322_/QN (DFFLQNx2_ASAP7_75t_R)
  75.48  212.09 ^ _23827_/Y (NAND2x2_ASAP7_75t_R)
  55.94  268.03 ^ rebuffer3555/Y (BUFx2_ASAP7_75t_R)
  32.29  300.32 v _23903_/Y (NOR2x2_ASAP7_75t_R)
  26.91  327.23 ^ _23904_/Y (INVx8_ASAP7_75t_R)
  23.82  351.05 v _23905_/Y (NOR2x1_ASAP7_75t_R)
  19.82  370.87 ^ _24071_/Y (INVx1_ASAP7_75t_R)
  44.42  415.28 ^ _24072_/Y (AND4x1_ASAP7_75t_R)
  58.50  473.79 ^ _24075_/Y (AND5x1_ASAP7_75t_R)
  17.33  491.11 v _24092_/Y (NAND2x1_ASAP7_75t_R)
  24.64  515.75 ^ _24131_/Y (NOR2x1_ASAP7_75t_R)
  23.06  538.81 v _24180_/Y (NAND2x2_ASAP7_75t_R)
  38.90  577.71 v _24189_/Y (OA21x2_ASAP7_75t_R)
  20.79  598.51 ^ _24190_/Y (OAI21x1_ASAP7_75t_R)
  18.58  617.08 v _24191_/Y (OAI21x1_ASAP7_75t_R)
   0.00  617.08 v _44328_/D (DFFLQNx3_ASAP7_75t_R)
         617.08   data arrival time

  10.00   10.00   clock clk' (fall edge)
   0.00   10.00   clock network delay (ideal)
   0.00   10.00   clock reconvergence pessimism
          10.00 v _44328_/CLK (DFFLQNx3_ASAP7_75t_R)
 -18.56   -8.56   library setup time
          -8.56   data required time
---------------------------------------------------------
          -8.56   data required time
        -617.08   data arrival time
---------------------------------------------------------
        -625.64   slack (VIOLATED)


Startpoint: _44335_ (falling edge-triggered flip-flop clocked by clk')
Endpoint: _44218_ (falling edge-triggered flip-flop clocked by clk')
Path Group: clk
Path Type: max

  Delay    Time   Description
---------------------------------------------------------
   0.00    0.00   clock clk' (fall edge)
   0.00    0.00   clock network delay (ideal)
   0.00    0.00 v _44335_/CLK (DFFLQNx3_ASAP7_75t_R)
 136.17  136.17 v _44335_/QN (DFFLQNx3_ASAP7_75t_R)
  44.44  180.61 v rebuffer1929/Y (BUFx6f_ASAP7_75t_R)
  33.37  213.99 v rebuffer1930/Y (BUFx3_ASAP7_75t_R)
  31.70  245.69 ^ _22224_/Y (NOR2x2_ASAP7_75t_R)
  25.90  271.58 v _22225_/Y (INVx5_ASAP7_75t_R)
  47.03  318.61 ^ _22252_/Y (NOR2x2_ASAP7_75t_R)
  22.57  341.18 v _22253_/Y (INVx8_ASAP7_75t_R)
  32.96  374.14 v _22679_/Y (AO21x1_ASAP7_75t_R)
  50.63  424.77 v _22682_/Y (OA211x2_ASAP7_75t_R)
  36.53  461.30 v _22684_/Y (AND5x1_ASAP7_75t_R)
  29.08  490.38 v _22704_/Y (AND2x2_ASAP7_75t_R)
  20.07  510.45 ^ _22705_/Y (INVx1_ASAP7_75t_R)
  30.29  540.74 v _22706_/Y (NOR2x2_ASAP7_75t_R)
  42.02  582.76 v _25923_/Y (XOR2x1_ASAP7_75t_R)
  34.77  617.53 v _25925_/Y (AO21x1_ASAP7_75t_R)
   0.00  617.53 v _44218_/D (DFFLQNx2_ASAP7_75t_R)
         617.53   data arrival time

  10.00   10.00   clock clk' (fall edge)
   0.00   10.00   clock network delay (ideal)
   0.00   10.00   clock reconvergence pessimism
          10.00 v _44218_/CLK (DFFLQNx2_ASAP7_75t_R)
 -17.37   -7.37   library setup time
          -7.37   data required time
---------------------------------------------------------
          -7.37   data required time
        -617.53   data arrival time
---------------------------------------------------------
        -624.90   slack (VIOLATED)


Startpoint: _44314_ (falling edge-triggered flip-flop clocked by clk')
Endpoint: _44319_ (falling edge-triggered flip-flop clocked by clk')
Path Group: clk
Path Type: max

  Delay    Time   Description
---------------------------------------------------------
   0.00    0.00   clock clk' (fall edge)
   0.00    0.00   clock network delay (ideal)
   0.00    0.00 v _44314_/CLK (DFFLQNx2_ASAP7_75t_R)
 139.63  139.63 v _44314_/QN (DFFLQNx2_ASAP7_75t_R)
  43.73  183.36 ^ _23020_/Y (INVx4_ASAP7_75t_R)
  54.26  237.62 v _23021_/Y (NOR2x2_ASAP7_75t_R)
  31.62  269.24 ^ _23022_/Y (INVx6_ASAP7_75t_R)
  44.84  314.08 v _23039_/Y (NOR2x2_ASAP7_75t_R)
  25.18  339.27 ^ _23135_/Y (INVx8_ASAP7_75t_R)
  20.44  359.70 v _23136_/Y (NOR2x1_ASAP7_75t_R)
  47.79  407.50 v _23138_/Y (OR3x1_ASAP7_75t_R)
  17.33  424.83 ^ _23144_/Y (NOR2x1_ASAP7_75t_R)
  44.73  469.56 ^ _23145_/Y (AND4x1_ASAP7_75t_R)
  14.88  484.44 v _23146_/Y (INVx1_ASAP7_75t_R)
  16.39  500.83 ^ _23147_/Y (NOR2x1_ASAP7_75t_R)
  20.58  521.41 v _23234_/Y (NAND2x1_ASAP7_75t_R)
  29.75  551.16 ^ _23235_/Y (NOR2x2_ASAP7_75t_R)
  23.66  574.82 v _23236_/Y (NOR2x1_ASAP7_75t_R)
  23.31  598.13 ^ _23238_/Y (OAI21x1_ASAP7_75t_R)
  17.84  615.97 v _23239_/Y (OAI21x1_ASAP7_75t_R)
   0.00  615.97 v _44319_/D (DFFLQNx3_ASAP7_75t_R)
         615.97   data arrival time

  10.00   10.00   clock clk' (fall edge)
   0.00   10.00   clock network delay (ideal)
   0.00   10.00   clock reconvergence pessimism
          10.00 v _44319_/CLK (DFFLQNx3_ASAP7_75t_R)
 -18.36   -8.36   library setup time
          -8.36   data required time
---------------------------------------------------------
          -8.36   data required time
        -615.97   data arrival time
---------------------------------------------------------
        -624.33   slack (VIOLATED)


Startpoint: _44329_ (falling edge-triggered flip-flop clocked by clk')
Endpoint: _44342_ (falling edge-triggered flip-flop clocked by clk')
Path Group: clk
Path Type: max

  Delay    Time   Description
---------------------------------------------------------
   0.00    0.00   clock clk' (fall edge)
   0.00    0.00   clock network delay (ideal)
   0.00    0.00 v _44329_/CLK (DFFLQNx3_ASAP7_75t_R)
 125.70  125.70 v _44329_/QN (DFFLQNx3_ASAP7_75t_R)
  42.96  168.66 v rebuffer3495/Y (BUFx6f_ASAP7_75t_R)
  28.38  197.04 v rebuffer3496/Y (BUFx4f_ASAP7_75t_R)
  19.28  216.32 ^ _24684_/Y (NAND2x2_ASAP7_75t_R)
  44.05  260.38 ^ rebuffer2339/Y (BUFx2_ASAP7_75t_R)
  39.87  300.24 ^ rebuffer2340/Y (BUFx2_ASAP7_75t_R)
  16.77  317.01 v _24788_/Y (INVx5_ASAP7_75t_R)
  24.35  341.37 ^ _24812_/Y (NAND2x1_ASAP7_75t_R)
  19.85  361.21 v _24813_/Y (NOR2x1_ASAP7_75t_R)
  17.20  378.41 ^ _24814_/Y (INVx1_ASAP7_75t_R)
  42.14  420.56 ^ _25513_/Y (AND4x1_ASAP7_75t_R)
  64.19  484.74 ^ _25521_/Y (AND5x1_ASAP7_75t_R)
  18.58  503.32 v _25536_/Y (NAND2x2_ASAP7_75t_R)
  22.02  525.34 ^ _25537_/Y (INVx1_ASAP7_75t_R)
  25.28  550.62 v _25538_/Y (NAND2x2_ASAP7_75t_R)
  33.45  584.07 v _25539_/Y (XNOR2x1_ASAP7_75t_R)
  32.41  616.48 v _25541_/Y (AO21x1_ASAP7_75t_R)
   0.00  616.48 v _44342_/D (DFFLQNx3_ASAP7_75t_R)
         616.48   data arrival time

  10.00   10.00   clock clk' (fall edge)
   0.00   10.00   clock network delay (ideal)
   0.00   10.00   clock reconvergence pessimism
          10.00 v _44342_/CLK (DFFLQNx3_ASAP7_75t_R)
 -17.37   -7.37   library setup time
          -7.37   data required time
---------------------------------------------------------
          -7.37   data required time
        -616.48   data arrival time
---------------------------------------------------------
        -623.85   slack (VIOLATED)


Startpoint: _44312_ (falling edge-triggered flip-flop clocked by clk')
Endpoint: _44259_ (falling edge-triggered flip-flop clocked by clk')
Path Group: clk
Path Type: max

  Delay    Time   Description
---------------------------------------------------------
   0.00    0.00   clock clk' (fall edge)
   0.00    0.00   clock network delay (ideal)
   0.00    0.00 v _44312_/CLK (DFFLQNx3_ASAP7_75t_R)
 118.59  118.59 v _44312_/QN (DFFLQNx3_ASAP7_75t_R)
  45.45  164.05 v rebuffer1903/Y (BUFx6f_ASAP7_75t_R)
  18.98  183.02 ^ _23011_/Y (INVx13_ASAP7_75t_R)
  35.99  219.01 v _23012_/Y (NOR2x2_ASAP7_75t_R)
  29.89  248.91 ^ _23025_/Y (INVx2_ASAP7_75t_R)
  41.55  290.46 v _23026_/Y (NOR2x2_ASAP7_75t_R)
  43.27  333.73 v rebuffer3531/Y (BUFx3_ASAP7_75t_R)
  23.82  357.55 ^ _23316_/Y (NAND2x1_ASAP7_75t_R)
  17.00  374.55 v _23550_/Y (NAND2x1_ASAP7_75t_R)
  44.12  418.67 v _23551_/Y (OR3x1_ASAP7_75t_R)
  75.21  493.87 v _23552_/Y (OR5x1_ASAP7_75t_R)
  27.50  521.38 ^ _23565_/Y (NOR2x1_ASAP7_75t_R)
  27.51  548.89 v _23598_/Y (NAND2x2_ASAP7_75t_R)
  34.97  583.86 v _25811_/Y (XNOR2x1_ASAP7_75t_R)
  32.66  616.52 v _25813_/Y (AO21x1_ASAP7_75t_R)
   0.00  616.52 v _44259_/D (DFFLQNx2_ASAP7_75t_R)
         616.52   data arrival time

  10.00   10.00   clock clk' (fall edge)
   0.00   10.00   clock network delay (ideal)
   0.00   10.00   clock reconvergence pessimism
          10.00 v _44259_/CLK (DFFLQNx2_ASAP7_75t_R)
 -17.31   -7.31   library setup time
          -7.31   data required time
---------------------------------------------------------
          -7.31   data required time
        -616.52   data arrival time
---------------------------------------------------------
        -623.83   slack (VIOLATED)


Startpoint: _44335_ (falling edge-triggered flip-flop clocked by clk')
Endpoint: _44250_ (falling edge-triggered flip-flop clocked by clk')
Path Group: clk
Path Type: max

  Delay    Time   Description
---------------------------------------------------------
   0.00    0.00   clock clk' (fall edge)
   0.00    0.00   clock network delay (ideal)
   0.00    0.00 v _44335_/CLK (DFFLQNx3_ASAP7_75t_R)
 136.17  136.17 v _44335_/QN (DFFLQNx3_ASAP7_75t_R)
  44.44  180.61 v rebuffer1929/Y (BUFx6f_ASAP7_75t_R)
  33.37  213.99 v rebuffer1930/Y (BUFx3_ASAP7_75t_R)
  31.70  245.69 ^ _22224_/Y (NOR2x2_ASAP7_75t_R)
  25.90  271.58 v _22225_/Y (INVx5_ASAP7_75t_R)
  47.03  318.61 ^ _22252_/Y (NOR2x2_ASAP7_75t_R)
  22.57  341.18 v _22253_/Y (INVx8_ASAP7_75t_R)
  32.96  374.14 v _22679_/Y (AO21x1_ASAP7_75t_R)
  50.63  424.77 v _22682_/Y (OA211x2_ASAP7_75t_R)
  36.53  461.30 v _22684_/Y (AND5x1_ASAP7_75t_R)
  29.08  490.38 v _22704_/Y (AND2x2_ASAP7_75t_R)
  20.07  510.45 ^ _22705_/Y (INVx1_ASAP7_75t_R)
  30.29  540.74 v _22706_/Y (NOR2x2_ASAP7_75t_R)
  42.02  582.76 v _25779_/Y (XOR2x1_ASAP7_75t_R)
  33.22  615.98 v _25781_/Y (AO21x1_ASAP7_75t_R)
   0.00  615.98 v _44250_/D (DFFLQNx2_ASAP7_75t_R)
         615.98   data arrival time

  10.00   10.00   clock clk' (fall edge)
   0.00   10.00   clock network delay (ideal)
   0.00   10.00   clock reconvergence pessimism
          10.00 v _44250_/CLK (DFFLQNx2_ASAP7_75t_R)
 -17.31   -7.31   library setup time
          -7.31   data required time
---------------------------------------------------------
          -7.31   data required time
        -615.98   data arrival time
---------------------------------------------------------
        -623.29   slack (VIOLATED)


Startpoint: _44335_ (falling edge-triggered flip-flop clocked by clk')
Endpoint: _44314_ (falling edge-triggered flip-flop clocked by clk')
Path Group: clk
Path Type: max

  Delay    Time   Description
---------------------------------------------------------
   0.00    0.00   clock clk' (fall edge)
   0.00    0.00   clock network delay (ideal)
   0.00    0.00 v _44335_/CLK (DFFLQNx3_ASAP7_75t_R)
 136.17  136.17 v _44335_/QN (DFFLQNx3_ASAP7_75t_R)
  44.44  180.61 v rebuffer1929/Y (BUFx6f_ASAP7_75t_R)
  33.37  213.99 v rebuffer1930/Y (BUFx3_ASAP7_75t_R)
  31.70  245.69 ^ _22224_/Y (NOR2x2_ASAP7_75t_R)
  25.90  271.58 v _22225_/Y (INVx5_ASAP7_75t_R)
  47.03  318.61 ^ _22252_/Y (NOR2x2_ASAP7_75t_R)
  22.57  341.18 v _22253_/Y (INVx8_ASAP7_75t_R)
  32.96  374.14 v _22679_/Y (AO21x1_ASAP7_75t_R)
  50.63  424.77 v _22682_/Y (OA211x2_ASAP7_75t_R)
  36.53  461.30 v _22684_/Y (AND5x1_ASAP7_75t_R)
  29.08  490.38 v _22704_/Y (AND2x2_ASAP7_75t_R)
  20.07  510.45 ^ _22705_/Y (INVx1_ASAP7_75t_R)
  30.29  540.74 v _22706_/Y (NOR2x2_ASAP7_75t_R)
  42.02  582.76 v _22712_/Y (XOR2x1_ASAP7_75t_R)
  32.49  615.25 v _22714_/Y (AO21x1_ASAP7_75t_R)
   0.00  615.25 v _44314_/D (DFFLQNx2_ASAP7_75t_R)
         615.25   data arrival time

  10.00   10.00   clock clk' (fall edge)
   0.00   10.00   clock network delay (ideal)
   0.00   10.00   clock reconvergence pessimism
          10.00 v _44314_/CLK (DFFLQNx2_ASAP7_75t_R)
 -17.31   -7.31   library setup time
          -7.31   data required time
---------------------------------------------------------
          -7.31   data required time
        -615.25   data arrival time
---------------------------------------------------------
        -622.56   slack (VIOLATED)


Startpoint: _44329_ (falling edge-triggered flip-flop clocked by clk')
Endpoint: _44245_ (falling edge-triggered flip-flop clocked by clk')
Path Group: clk
Path Type: max

  Delay    Time   Description
---------------------------------------------------------
   0.00    0.00   clock clk' (fall edge)
   0.00    0.00   clock network delay (ideal)
   0.00    0.00 v _44329_/CLK (DFFLQNx3_ASAP7_75t_R)
 125.70  125.70 v _44329_/QN (DFFLQNx3_ASAP7_75t_R)
  42.96  168.66 v rebuffer3495/Y (BUFx6f_ASAP7_75t_R)
  28.38  197.04 v rebuffer3496/Y (BUFx4f_ASAP7_75t_R)
  19.28  216.32 ^ _24684_/Y (NAND2x2_ASAP7_75t_R)
  33.90  250.22 ^ rebuffer2337/Y (BUFx12f_ASAP7_75t_R)
  34.36  284.58 v _24949_/Y (NOR2x2_ASAP7_75t_R)
  44.12  328.71 v _24981_/Y (AND2x2_ASAP7_75t_R)
  20.62  349.33 ^ _24982_/Y (INVx1_ASAP7_75t_R)
  41.59  390.92 ^ _25431_/Y (OA211x2_ASAP7_75t_R)
  42.15  433.07 ^ _25436_/Y (AND4x1_ASAP7_75t_R)
  34.35  467.42 ^ _25443_/Y (AND3x1_ASAP7_75t_R)
  27.81  495.23 ^ _25463_/Y (AND2x2_ASAP7_75t_R)
  45.08  540.31 ^ _25464_/Y (AND3x1_ASAP7_75t_R)
  28.99  569.30 v _25465_/Y (NAND2x2_ASAP7_75t_R)
  37.94  607.24 v _26026_/Y (XNOR2x1_ASAP7_75t_R)
  18.31  625.55 ^ _26028_/Y (AOI21x1_ASAP7_75t_R)
   0.00  625.55 ^ _44245_/D (DFFLQNx2_ASAP7_75t_R)
         625.55   data arrival time

  10.00   10.00   clock clk' (fall edge)
   0.00   10.00   clock network delay (ideal)
   0.00   10.00   clock reconvergence pessimism
          10.00 v _44245_/CLK (DFFLQNx2_ASAP7_75t_R)
  -5.44    4.56   library setup time
           4.56   data required time
---------------------------------------------------------
           4.56   data required time
        -625.55   data arrival time
---------------------------------------------------------
        -620.99   slack (VIOLATED)


Startpoint: _44329_ (falling edge-triggered flip-flop clocked by clk')
Endpoint: _44309_ (falling edge-triggered flip-flop clocked by clk')
Path Group: clk
Path Type: max

  Delay    Time   Description
---------------------------------------------------------
   0.00    0.00   clock clk' (fall edge)
   0.00    0.00   clock network delay (ideal)
   0.00    0.00 v _44329_/CLK (DFFLQNx3_ASAP7_75t_R)
 125.70  125.70 v _44329_/QN (DFFLQNx3_ASAP7_75t_R)
  42.96  168.66 v rebuffer3495/Y (BUFx6f_ASAP7_75t_R)
  28.38  197.04 v rebuffer3496/Y (BUFx4f_ASAP7_75t_R)
  19.28  216.32 ^ _24684_/Y (NAND2x2_ASAP7_75t_R)
  33.90  250.22 ^ rebuffer2337/Y (BUFx12f_ASAP7_75t_R)
  34.36  284.58 v _24949_/Y (NOR2x2_ASAP7_75t_R)
  44.12  328.71 v _24981_/Y (AND2x2_ASAP7_75t_R)
  20.62  349.33 ^ _24982_/Y (INVx1_ASAP7_75t_R)
  41.59  390.92 ^ _25431_/Y (OA211x2_ASAP7_75t_R)
  42.15  433.07 ^ _25436_/Y (AND4x1_ASAP7_75t_R)
  34.35  467.42 ^ _25443_/Y (AND3x1_ASAP7_75t_R)
  27.81  495.23 ^ _25463_/Y (AND2x2_ASAP7_75t_R)
  45.08  540.31 ^ _25464_/Y (AND3x1_ASAP7_75t_R)
  28.99  569.30 v _25465_/Y (NAND2x2_ASAP7_75t_R)
  37.94  607.24 v _25753_/Y (XNOR2x1_ASAP7_75t_R)
  18.31  625.55 ^ _25755_/Y (AOI21x1_ASAP7_75t_R)
   0.00  625.55 ^ _44309_/D (DFFLQNx2_ASAP7_75t_R)
         625.55   data arrival time

  10.00   10.00   clock clk' (fall edge)
   0.00   10.00   clock network delay (ideal)
   0.00   10.00   clock reconvergence pessimism
          10.00 v _44309_/CLK (DFFLQNx2_ASAP7_75t_R)
  -5.44    4.56   library setup time
           4.56   data required time
---------------------------------------------------------
           4.56   data required time
        -625.55   data arrival time
---------------------------------------------------------
        -620.99   slack (VIOLATED)


Startpoint: _44335_ (falling edge-triggered flip-flop clocked by clk')
Endpoint: _44311_ (falling edge-triggered flip-flop clocked by clk')
Path Group: clk
Path Type: max

  Delay    Time   Description
---------------------------------------------------------
   0.00    0.00   clock clk' (fall edge)
   0.00    0.00   clock network delay (ideal)
   0.00    0.00 v _44335_/CLK (DFFLQNx3_ASAP7_75t_R)
 136.17  136.17 v _44335_/QN (DFFLQNx3_ASAP7_75t_R)
  51.09  187.26 v rebuffer3416/Y (BUFx2_ASAP7_75t_R)
  49.80  237.06 ^ _22175_/Y (NAND2x2_ASAP7_75t_R)
  63.12  300.17 v _22187_/Y (NOR2x2_ASAP7_75t_R)
  48.02  348.19 v _22218_/Y (AND2x2_ASAP7_75t_R)
  55.36  403.56 v _22220_/Y (OR4x1_ASAP7_75t_R)
  68.28  471.83 v _22246_/Y (OR5x1_ASAP7_75t_R)
  16.99  488.82 ^ _22247_/Y (NOR2x1_ASAP7_75t_R)
  60.99  549.80 ^ _22386_/Y (AND4x2_ASAP7_75t_R)
  43.50  593.31 ^ _22394_/Y (AND3x1_ASAP7_75t_R)
  16.50  609.81 v _22397_/Y (OAI21x1_ASAP7_75t_R)
  17.49  627.30 ^ _22398_/Y (NAND2x1_ASAP7_75t_R)
   0.00  627.30 ^ _44311_/D (DFFLQNx3_ASAP7_75t_R)
         627.30   data arrival time

  10.00   10.00   clock clk' (fall edge)
   0.00   10.00   clock network delay (ideal)
   0.00   10.00   clock reconvergence pessimism
          10.00 v _44311_/CLK (DFFLQNx3_ASAP7_75t_R)
  -0.89    9.11   library setup time
           9.11   data required time
---------------------------------------------------------
           9.11   data required time
        -627.30   data arrival time
---------------------------------------------------------
        -618.20   slack (VIOLATED)


Startpoint: _44187_ (falling edge-triggered flip-flop clocked by clk')
Endpoint: _44027_ (falling edge-triggered flip-flop clocked by clk')
Path Group: clk
Path Type: max

  Delay    Time   Description
---------------------------------------------------------
   0.00    0.00   clock clk' (fall edge)
   0.00    0.00   clock network delay (ideal)
   0.00    0.00 v _44187_/CLK (DFFLQNx3_ASAP7_75t_R)
 112.96  112.96 v _44187_/QN (DFFLQNx3_ASAP7_75t_R)
  39.57  152.53 v rebuffer3299/Y (BUFx3_ASAP7_75t_R)
  24.36  176.89 v rebuffer2940/Y (BUFx6f_ASAP7_75t_R)
  24.71  201.61 v clone2900/Y (BUFx6f_ASAP7_75t_R)
  28.17  229.77 v rebuffer1918/Y (BUFx3_ASAP7_75t_R)
  40.16  269.93 ^ _30448_/Y (NAND2x2_ASAP7_75t_R)
  41.31  311.24 ^ rebuffer2901/Y (BUFx6f_ASAP7_75t_R)
  15.92  327.16 v _30598_/Y (NOR2x2_ASAP7_75t_R)
  36.07  363.23 v _32768_/Y (OA21x2_ASAP7_75t_R)
  57.13  420.36 v _32771_/Y (OR4x1_ASAP7_75t_R)
  18.95  439.30 ^ _32772_/Y (NOR2x1_ASAP7_75t_R)
  15.62  454.92 v _32773_/Y (NAND2x1_ASAP7_75t_R)
  24.50  479.41 ^ _32774_/Y (NOR2x1_ASAP7_75t_R)
  27.37  506.78 v _32775_/Y (NAND2x2_ASAP7_75t_R)
  33.95  540.73 v rebuffer2385/Y (BUFx6f_ASAP7_75t_R)
  30.55  571.29 v rebuffer2386/Y (BUFx2_ASAP7_75t_R)
  36.29  607.58 v _43278_/Y (XOR2x1_ASAP7_75t_R)
   0.00  607.58 v _44027_/D (DFFLQNx2_ASAP7_75t_R)
         607.58   data arrival time

  10.00   10.00   clock clk' (fall edge)
   0.00   10.00   clock network delay (ideal)
   0.00   10.00   clock reconvergence pessimism
          10.00 v _44027_/CLK (DFFLQNx2_ASAP7_75t_R)
 -19.52   -9.52   library setup time
          -9.52   data required time
---------------------------------------------------------
          -9.52   data required time
        -607.58   data arrival time
---------------------------------------------------------
        -617.11   slack (VIOLATED)


Startpoint: _44160_ (falling edge-triggered flip-flop clocked by clk')
Endpoint: _44015_ (falling edge-triggered flip-flop clocked by clk')
Path Group: clk
Path Type: max

  Delay    Time   Description
---------------------------------------------------------
   0.00    0.00   clock clk' (fall edge)
   0.00    0.00   clock network delay (ideal)
   0.00    0.00 v _44160_/CLK (DFFLQNx3_ASAP7_75t_R)
 119.73  119.73 v _44160_/QN (DFFLQNx3_ASAP7_75t_R)
  46.42  166.15 v rebuffer1300/Y (BUFx12f_ASAP7_75t_R)
  29.18  195.33 v rebuffer1303/Y (BUFx6f_ASAP7_75t_R)
  21.87  217.20 ^ _39552_/Y (NOR2x2_ASAP7_75t_R)
  31.89  249.09 ^ rebuffer1249/Y (BUFx6f_ASAP7_75t_R)
  24.74  273.83 v _39652_/Y (NAND2x2_ASAP7_75t_R)
  35.66  309.49 v rebuffer759/Y (BUFx6f_ASAP7_75t_R)
  32.30  341.79 v _42666_/Y (AO21x1_ASAP7_75t_R)
  24.82  366.61 ^ _42667_/Y (NAND2x1_ASAP7_75t_R)
  22.73  389.34 v _42671_/Y (NOR2x2_ASAP7_75t_R)
  23.02  412.36 ^ _42736_/Y (NAND2x1_ASAP7_75t_R)
  18.09  430.45 v _42737_/Y (NOR2x1_ASAP7_75t_R)
  27.81  458.26 ^ _42743_/Y (NAND2x1_ASAP7_75t_R)
  30.26  488.52 v _42753_/Y (NOR2x2_ASAP7_75t_R)
  43.01  531.53 v rebuffer2566/Y (BUFx4f_ASAP7_75t_R)
  35.08  566.61 v rebuffer2567/Y (BUFx2_ASAP7_75t_R)
  36.34  602.94 v _43298_/Y (XOR2x1_ASAP7_75t_R)
   0.00  602.94 v _44015_/D (DFFLQNx3_ASAP7_75t_R)
         602.94   data arrival time

  10.00   10.00   clock clk' (fall edge)
   0.00   10.00   clock network delay (ideal)
   0.00   10.00   clock reconvergence pessimism
          10.00 v _44015_/CLK (DFFLQNx3_ASAP7_75t_R)
 -20.64  -10.64   library setup time
         -10.64   data required time
---------------------------------------------------------
         -10.64   data required time
        -602.94   data arrival time
---------------------------------------------------------
        -613.58   slack (VIOLATED)


Startpoint: _44322_ (falling edge-triggered flip-flop clocked by clk')
Endpoint: _44267_ (falling edge-triggered flip-flop clocked by clk')
Path Group: clk
Path Type: max

  Delay    Time   Description
---------------------------------------------------------
   0.00    0.00   clock clk' (fall edge)
   0.00    0.00   clock network delay (ideal)
   0.00    0.00 v _44322_/CLK (DFFLQNx2_ASAP7_75t_R)
 136.60  136.60 v _44322_/QN (DFFLQNx2_ASAP7_75t_R)
  75.48  212.09 ^ _23827_/Y (NAND2x2_ASAP7_75t_R)
  55.94  268.03 ^ rebuffer3555/Y (BUFx2_ASAP7_75t_R)
  32.29  300.32 v _23903_/Y (NOR2x2_ASAP7_75t_R)
  26.91  327.23 ^ _23904_/Y (INVx8_ASAP7_75t_R)
  21.05  348.28 v _24421_/Y (NOR2x1_ASAP7_75t_R)
  17.42  365.70 ^ _24422_/Y (INVx1_ASAP7_75t_R)
  57.92  423.62 ^ _24425_/Y (AND5x1_ASAP7_75t_R)
  56.56  480.17 ^ _24432_/Y (AND5x1_ASAP7_75t_R)
  50.56  530.73 ^ _24451_/Y (AND3x2_ASAP7_75t_R)
  26.50  557.23 v _24452_/Y (NAND2x2_ASAP7_75t_R)
  42.16  599.39 v _25843_/Y (XOR2x1_ASAP7_75t_R)
  18.43  617.83 ^ _25845_/Y (AOI21x1_ASAP7_75t_R)
   0.00  617.83 ^ _44267_/D (DFFLQNx2_ASAP7_75t_R)
         617.83   data arrival time

  10.00   10.00   clock clk' (fall edge)
   0.00   10.00   clock network delay (ideal)
   0.00   10.00   clock reconvergence pessimism
          10.00 v _44267_/CLK (DFFLQNx2_ASAP7_75t_R)
  -5.52    4.48   library setup time
           4.48   data required time
---------------------------------------------------------
           4.48   data required time
        -617.83   data arrival time
---------------------------------------------------------
        -613.35   slack (VIOLATED)


Startpoint: _44322_ (falling edge-triggered flip-flop clocked by clk')
Endpoint: _44331_ (falling edge-triggered flip-flop clocked by clk')
Path Group: clk
Path Type: max

  Delay    Time   Description
---------------------------------------------------------
   0.00    0.00   clock clk' (fall edge)
   0.00    0.00   clock network delay (ideal)
   0.00    0.00 v _44322_/CLK (DFFLQNx2_ASAP7_75t_R)
 136.60  136.60 v _44322_/QN (DFFLQNx2_ASAP7_75t_R)
  75.48  212.09 ^ _23827_/Y (NAND2x2_ASAP7_75t_R)
  55.94  268.03 ^ rebuffer3555/Y (BUFx2_ASAP7_75t_R)
  32.29  300.32 v _23903_/Y (NOR2x2_ASAP7_75t_R)
  26.91  327.23 ^ _23904_/Y (INVx8_ASAP7_75t_R)
  21.05  348.28 v _24421_/Y (NOR2x1_ASAP7_75t_R)
  17.42  365.70 ^ _24422_/Y (INVx1_ASAP7_75t_R)
  57.92  423.62 ^ _24425_/Y (AND5x1_ASAP7_75t_R)
  56.56  480.17 ^ _24432_/Y (AND5x1_ASAP7_75t_R)
  50.56  530.73 ^ _24451_/Y (AND3x2_ASAP7_75t_R)
  26.50  557.23 v _24452_/Y (NAND2x2_ASAP7_75t_R)
  42.12  599.35 v _24457_/Y (XOR2x1_ASAP7_75t_R)
  18.14  617.49 ^ _24459_/Y (OAI21x1_ASAP7_75t_R)
   0.00  617.49 ^ _44331_/D (DFFLQNx2_ASAP7_75t_R)
         617.49   data arrival time

  10.00   10.00   clock clk' (fall edge)
   0.00   10.00   clock network delay (ideal)
   0.00   10.00   clock reconvergence pessimism
          10.00 v _44331_/CLK (DFFLQNx2_ASAP7_75t_R)
  -5.71    4.29   library setup time
           4.29   data required time
---------------------------------------------------------
           4.29   data required time
        -617.49   data arrival time
---------------------------------------------------------
        -613.20   slack (VIOLATED)


Startpoint: _44318_ (falling edge-triggered flip-flop clocked by clk')
Endpoint: _44290_ (falling edge-triggered flip-flop clocked by clk')
Path Group: clk
Path Type: max

  Delay    Time   Description
---------------------------------------------------------
   0.00    0.00   clock clk' (fall edge)
   0.00    0.00   clock network delay (ideal)
   0.00    0.00 v _44318_/CLK (DFFLQNx2_ASAP7_75t_R)
 122.60  122.60 ^ _44318_/QN (DFFLQNx2_ASAP7_75t_R)
  37.79  160.38 v _23036_/Y (INVx2_ASAP7_75t_R)
  44.43  204.81 ^ _23037_/Y (NAND2x2_ASAP7_75t_R)
  35.60  240.42 v _23047_/Y (INVx1_ASAP7_75t_R)
  55.00  295.42 ^ _23048_/Y (NAND2x2_ASAP7_75t_R)
  34.17  329.59 v _23053_/Y (INVx4_ASAP7_75t_R)
  59.76  389.36 v _23494_/Y (OA211x2_ASAP7_75t_R)
  12.92  402.28 ^ _23495_/Y (INVx1_ASAP7_75t_R)
  36.40  438.68 ^ _23496_/Y (OA211x2_ASAP7_75t_R)
  63.84  502.52 ^ _23506_/Y (AND5x1_ASAP7_75t_R)
  23.46  525.99 v _23530_/Y (NAND2x2_ASAP7_75t_R)
  42.80  568.78 v _25621_/Y (OR3x1_ASAP7_75t_R)
  34.34  603.13 v _25623_/Y (AO21x1_ASAP7_75t_R)
  15.31  618.44 ^ _25624_/Y (NAND2x1_ASAP7_75t_R)
   0.00  618.44 ^ _44290_/D (DFFLQNx2_ASAP7_75t_R)
         618.44   data arrival time

  10.00   10.00   clock clk' (fall edge)
   0.00   10.00   clock network delay (ideal)
   0.00   10.00   clock reconvergence pessimism
          10.00 v _44290_/CLK (DFFLQNx2_ASAP7_75t_R)
  -4.70    5.30   library setup time
           5.30   data required time
---------------------------------------------------------
           5.30   data required time
        -618.44   data arrival time
---------------------------------------------------------
        -613.15   slack (VIOLATED)


Startpoint: _44136_ (falling edge-triggered flip-flop clocked by clk')
Endpoint: _43967_ (falling edge-triggered flip-flop clocked by clk')
Path Group: clk
Path Type: max

  Delay    Time   Description
---------------------------------------------------------
   0.00    0.00   clock clk' (fall edge)
   0.00    0.00   clock network delay (ideal)
   0.00    0.00 v _44136_/CLK (DFFLQNx3_ASAP7_75t_R)
 112.05  112.05 v _44136_/QN (DFFLQNx3_ASAP7_75t_R)
  52.59  164.64 v rebuffer1387/Y (BUFx4f_ASAP7_75t_R)
  34.25  198.89 v rebuffer1389/Y (BUFx6f_ASAP7_75t_R)
  35.29  234.17 ^ _31365_/Y (NAND2x2_ASAP7_75t_R)
  37.94  272.11 ^ rebuffer1353/Y (BUFx6f_ASAP7_75t_R)
  29.44  301.56 ^ rebuffer1354/Y (BUFx2_ASAP7_75t_R)
  16.00  317.56 v _31369_/Y (NAND2x2_ASAP7_75t_R)
  33.20  350.76 v _31370_/Y (AO21x1_ASAP7_75t_R)
  17.66  368.42 ^ _31371_/Y (NAND2x1_ASAP7_75t_R)
  18.45  386.87 v _31382_/Y (AOI211x1_ASAP7_75t_R)
  30.89  417.76 ^ _31421_/Y (NAND2x1_ASAP7_75t_R)
  28.10  445.86 v _31479_/Y (NOR2x1_ASAP7_75t_R)
  33.11  478.97 ^ _31566_/Y (NAND2x2_ASAP7_75t_R)
  46.84  525.82 ^ rebuffer3037/Y (BUFx2_ASAP7_75t_R)
  31.76  557.57 ^ rebuffer3038/Y (BUFx6f_ASAP7_75t_R)
  28.23  585.80 ^ rebuffer3039/Y (BUFx2_ASAP7_75t_R)
  29.93  615.74 ^ _43346_/Y (XNOR2x1_ASAP7_75t_R)
   0.00  615.74 ^ _43967_/D (DFFLQNx2_ASAP7_75t_R)
         615.74   data arrival time

  10.00   10.00   clock clk' (fall edge)
   0.00   10.00   clock network delay (ideal)
   0.00   10.00   clock reconvergence pessimism
          10.00 v _43967_/CLK (DFFLQNx2_ASAP7_75t_R)
  -6.75    3.25   library setup time
           3.25   data required time
---------------------------------------------------------
           3.25   data required time
        -615.74   data arrival time
---------------------------------------------------------
        -612.49   slack (VIOLATED)


Startpoint: _44318_ (falling edge-triggered flip-flop clocked by clk')
Endpoint: _44226_ (falling edge-triggered flip-flop clocked by clk')
Path Group: clk
Path Type: max

  Delay    Time   Description
---------------------------------------------------------
   0.00    0.00   clock clk' (fall edge)
   0.00    0.00   clock network delay (ideal)
   0.00    0.00 v _44318_/CLK (DFFLQNx2_ASAP7_75t_R)
 122.60  122.60 ^ _44318_/QN (DFFLQNx2_ASAP7_75t_R)
  37.79  160.38 v _23036_/Y (INVx2_ASAP7_75t_R)
  44.43  204.81 ^ _23037_/Y (NAND2x2_ASAP7_75t_R)
  35.60  240.42 v _23047_/Y (INVx1_ASAP7_75t_R)
  55.00  295.42 ^ _23048_/Y (NAND2x2_ASAP7_75t_R)
  34.17  329.59 v _23053_/Y (INVx4_ASAP7_75t_R)
  59.76  389.36 v _23494_/Y (OA211x2_ASAP7_75t_R)
  12.92  402.28 ^ _23495_/Y (INVx1_ASAP7_75t_R)
  36.40  438.68 ^ _23496_/Y (OA211x2_ASAP7_75t_R)
  63.84  502.52 ^ _23506_/Y (AND5x1_ASAP7_75t_R)
  23.46  525.99 v _23530_/Y (NAND2x2_ASAP7_75t_R)
  27.09  553.07 ^ _23531_/Y (NOR2x2_ASAP7_75t_R)
  17.17  570.24 v _25952_/Y (XOR2x1_ASAP7_75t_R)
  34.27  604.51 v _25954_/Y (AO21x1_ASAP7_75t_R)
   0.00  604.51 v _44226_/D (DFFLQNx2_ASAP7_75t_R)
         604.51   data arrival time

  10.00   10.00   clock clk' (fall edge)
   0.00   10.00   clock network delay (ideal)
   0.00   10.00   clock reconvergence pessimism
          10.00 v _44226_/CLK (DFFLQNx2_ASAP7_75t_R)
 -17.32   -7.32   library setup time
          -7.32   data required time
---------------------------------------------------------
          -7.32   data required time
        -604.51   data arrival time
---------------------------------------------------------
        -611.84   slack (VIOLATED)


Startpoint: _44089_ (falling edge-triggered flip-flop clocked by clk')
Endpoint: _44017_ (falling edge-triggered flip-flop clocked by clk')
Path Group: clk
Path Type: max

  Delay    Time   Description
---------------------------------------------------------
   0.00    0.00   clock clk' (fall edge)
   0.00    0.00   clock network delay (ideal)
   0.00    0.00 v _44089_/CLK (DFFLQNx3_ASAP7_75t_R)
 110.12  110.12 v _44089_/QN (DFFLQNx3_ASAP7_75t_R)
  42.52  152.64 v rebuffer642/Y (BUFx6f_ASAP7_75t_R)
  32.67  185.31 v rebuffer643/Y (BUFx12f_ASAP7_75t_R)
  44.56  229.87 ^ _26495_/Y (NAND2x2_ASAP7_75t_R)
  38.71  268.58 v _26560_/Y (NOR2x2_ASAP7_75t_R)
  37.15  305.72 v rebuffer1707/Y (BUFx6f_ASAP7_75t_R)
  28.50  334.23 v rebuffer1708/Y (BUFx2_ASAP7_75t_R)
  35.91  370.13 v _27437_/Y (OA21x2_ASAP7_75t_R)
  16.74  386.87 ^ _27438_/Y (NOR2x1_ASAP7_75t_R)
  20.17  407.04 v _27439_/Y (NAND2x1_ASAP7_75t_R)
  21.29  428.33 ^ _27440_/Y (NOR2x2_ASAP7_75t_R)
  17.33  445.66 v _27453_/Y (NAND3x2_ASAP7_75t_R)
  22.49  468.15 ^ _27480_/Y (NOR2x2_ASAP7_75t_R)
  27.04  495.19 v _27481_/Y (NAND3x2_ASAP7_75t_R)
  40.71  535.90 v rebuffer3246/Y (BUFx6f_ASAP7_75t_R)
  31.14  567.04 v rebuffer3247/Y (BUFx2_ASAP7_75t_R)
  36.30  603.34 v _43284_/Y (XOR2x1_ASAP7_75t_R)
   0.00  603.34 v _44017_/D (DFFLQNx3_ASAP7_75t_R)
         603.34   data arrival time

  10.00   10.00   clock clk' (fall edge)
   0.00   10.00   clock network delay (ideal)
   0.00   10.00   clock reconvergence pessimism
          10.00 v _44017_/CLK (DFFLQNx3_ASAP7_75t_R)
 -17.96   -7.96   library setup time
          -7.96   data required time
---------------------------------------------------------
          -7.96   data required time
        -603.34   data arrival time
---------------------------------------------------------
        -611.30   slack (VIOLATED)


Startpoint: _44318_ (falling edge-triggered flip-flop clocked by clk')
Endpoint: _44258_ (falling edge-triggered flip-flop clocked by clk')
Path Group: clk
Path Type: max

  Delay    Time   Description
---------------------------------------------------------
   0.00    0.00   clock clk' (fall edge)
   0.00    0.00   clock network delay (ideal)
   0.00    0.00 v _44318_/CLK (DFFLQNx2_ASAP7_75t_R)
 122.60  122.60 ^ _44318_/QN (DFFLQNx2_ASAP7_75t_R)
  37.79  160.38 v _23036_/Y (INVx2_ASAP7_75t_R)
  44.43  204.81 ^ _23037_/Y (NAND2x2_ASAP7_75t_R)
  35.60  240.42 v _23047_/Y (INVx1_ASAP7_75t_R)
  55.00  295.42 ^ _23048_/Y (NAND2x2_ASAP7_75t_R)
  34.17  329.59 v _23053_/Y (INVx4_ASAP7_75t_R)
  59.76  389.36 v _23494_/Y (OA211x2_ASAP7_75t_R)
  12.92  402.28 ^ _23495_/Y (INVx1_ASAP7_75t_R)
  36.40  438.68 ^ _23496_/Y (OA211x2_ASAP7_75t_R)
  63.84  502.52 ^ _23506_/Y (AND5x1_ASAP7_75t_R)
  23.46  525.99 v _23530_/Y (NAND2x2_ASAP7_75t_R)
  27.09  553.07 ^ _23531_/Y (NOR2x2_ASAP7_75t_R)
  35.32  588.39 ^ _25807_/Y (XNOR2x1_ASAP7_75t_R)
  27.94  616.32 ^ _25809_/Y (AO21x1_ASAP7_75t_R)
   0.00  616.32 ^ _44258_/D (DFFLQNx2_ASAP7_75t_R)
         616.32   data arrival time

  10.00   10.00   clock clk' (fall edge)
   0.00   10.00   clock network delay (ideal)
   0.00   10.00   clock reconvergence pessimism
          10.00 v _44258_/CLK (DFFLQNx2_ASAP7_75t_R)
  -3.95    6.05   library setup time
           6.05   data required time
---------------------------------------------------------
           6.05   data required time
        -616.32   data arrival time
---------------------------------------------------------
        -610.28   slack (VIOLATED)


Startpoint: _44329_ (falling edge-triggered flip-flop clocked by clk')
Endpoint: _44239_ (falling edge-triggered flip-flop clocked by clk')
Path Group: clk
Path Type: max

  Delay    Time   Description
---------------------------------------------------------
   0.00    0.00   clock clk' (fall edge)
   0.00    0.00   clock network delay (ideal)
   0.00    0.00 v _44329_/CLK (DFFLQNx3_ASAP7_75t_R)
 125.70  125.70 v _44329_/QN (DFFLQNx3_ASAP7_75t_R)
  42.96  168.66 v rebuffer3495/Y (BUFx6f_ASAP7_75t_R)
  28.38  197.04 v rebuffer3496/Y (BUFx4f_ASAP7_75t_R)
  19.28  216.32 ^ _24684_/Y (NAND2x2_ASAP7_75t_R)
  44.05  260.38 ^ rebuffer2339/Y (BUFx2_ASAP7_75t_R)
  39.87  300.24 ^ rebuffer2340/Y (BUFx2_ASAP7_75t_R)
  16.77  317.01 v _24788_/Y (INVx5_ASAP7_75t_R)
  24.35  341.37 ^ _24812_/Y (NAND2x1_ASAP7_75t_R)
  19.85  361.21 v _24813_/Y (NOR2x1_ASAP7_75t_R)
  17.20  378.41 ^ _24814_/Y (INVx1_ASAP7_75t_R)
  45.01  423.42 ^ _24815_/Y (AND4x1_ASAP7_75t_R)
  34.87  458.29 ^ _24837_/Y (AND3x1_ASAP7_75t_R)
  35.76  494.05 ^ _24838_/Y (AND3x1_ASAP7_75t_R)
  13.93  507.98 v _24839_/Y (INVx1_ASAP7_75t_R)
  23.75  531.73 ^ _24923_/Y (NOR2x1_ASAP7_75t_R)
  26.19  557.92 v _24932_/Y (NAND2x2_ASAP7_75t_R)
  38.79  596.70 v _25999_/Y (XNOR2x1_ASAP7_75t_R)
  18.09  614.79 ^ _26001_/Y (AOI21x1_ASAP7_75t_R)
   0.00  614.79 ^ _44239_/D (DFFLQNx2_ASAP7_75t_R)
         614.79   data arrival time

  10.00   10.00   clock clk' (fall edge)
   0.00   10.00   clock network delay (ideal)
   0.00   10.00   clock reconvergence pessimism
          10.00 v _44239_/CLK (DFFLQNx2_ASAP7_75t_R)
  -5.44    4.56   library setup time
           4.56   data required time
---------------------------------------------------------
           4.56   data required time
        -614.79   data arrival time
---------------------------------------------------------
        -610.23   slack (VIOLATED)


Startpoint: _44329_ (falling edge-triggered flip-flop clocked by clk')
Endpoint: _44271_ (falling edge-triggered flip-flop clocked by clk')
Path Group: clk
Path Type: max

  Delay    Time   Description
---------------------------------------------------------
   0.00    0.00   clock clk' (fall edge)
   0.00    0.00   clock network delay (ideal)
   0.00    0.00 v _44329_/CLK (DFFLQNx3_ASAP7_75t_R)
 125.70  125.70 v _44329_/QN (DFFLQNx3_ASAP7_75t_R)
  42.96  168.66 v rebuffer3495/Y (BUFx6f_ASAP7_75t_R)
  28.38  197.04 v rebuffer3496/Y (BUFx4f_ASAP7_75t_R)
  19.28  216.32 ^ _24684_/Y (NAND2x2_ASAP7_75t_R)
  44.05  260.38 ^ rebuffer2339/Y (BUFx2_ASAP7_75t_R)
  39.87  300.24 ^ rebuffer2340/Y (BUFx2_ASAP7_75t_R)
  16.77  317.01 v _24788_/Y (INVx5_ASAP7_75t_R)
  24.35  341.37 ^ _24812_/Y (NAND2x1_ASAP7_75t_R)
  19.85  361.21 v _24813_/Y (NOR2x1_ASAP7_75t_R)
  17.20  378.41 ^ _24814_/Y (INVx1_ASAP7_75t_R)
  45.01  423.42 ^ _24815_/Y (AND4x1_ASAP7_75t_R)
  34.87  458.29 ^ _24837_/Y (AND3x1_ASAP7_75t_R)
  35.76  494.05 ^ _24838_/Y (AND3x1_ASAP7_75t_R)
  13.93  507.98 v _24839_/Y (INVx1_ASAP7_75t_R)
  23.75  531.73 ^ _24923_/Y (NOR2x1_ASAP7_75t_R)
  26.19  557.92 v _24932_/Y (NAND2x2_ASAP7_75t_R)
  38.79  596.70 v _25859_/Y (XNOR2x1_ASAP7_75t_R)
  18.09  614.79 ^ _25862_/Y (AOI21x1_ASAP7_75t_R)
   0.00  614.79 ^ _44271_/D (DFFLQNx2_ASAP7_75t_R)
         614.79   data arrival time

  10.00   10.00   clock clk' (fall edge)
   0.00   10.00   clock network delay (ideal)
   0.00   10.00   clock reconvergence pessimism
          10.00 v _44271_/CLK (DFFLQNx2_ASAP7_75t_R)
  -5.44    4.56   library setup time
           4.56   data required time
---------------------------------------------------------
           4.56   data required time
        -614.79   data arrival time
---------------------------------------------------------
        -610.23   slack (VIOLATED)


Startpoint: _44318_ (falling edge-triggered flip-flop clocked by clk')
Endpoint: _44322_ (falling edge-triggered flip-flop clocked by clk')
Path Group: clk
Path Type: max

  Delay    Time   Description
---------------------------------------------------------
   0.00    0.00   clock clk' (fall edge)
   0.00    0.00   clock network delay (ideal)
   0.00    0.00 v _44318_/CLK (DFFLQNx2_ASAP7_75t_R)
 122.60  122.60 ^ _44318_/QN (DFFLQNx2_ASAP7_75t_R)
  37.79  160.38 v _23036_/Y (INVx2_ASAP7_75t_R)
  44.43  204.81 ^ _23037_/Y (NAND2x2_ASAP7_75t_R)
  35.60  240.42 v _23047_/Y (INVx1_ASAP7_75t_R)
  55.00  295.42 ^ _23048_/Y (NAND2x2_ASAP7_75t_R)
  34.17  329.59 v _23053_/Y (INVx4_ASAP7_75t_R)
  59.76  389.36 v _23494_/Y (OA211x2_ASAP7_75t_R)
  12.92  402.28 ^ _23495_/Y (INVx1_ASAP7_75t_R)
  36.40  438.68 ^ _23496_/Y (OA211x2_ASAP7_75t_R)
  63.84  502.52 ^ _23506_/Y (AND5x1_ASAP7_75t_R)
  23.46  525.99 v _23530_/Y (NAND2x2_ASAP7_75t_R)
  27.09  553.07 ^ _23531_/Y (NOR2x2_ASAP7_75t_R)
  17.17  570.24 v _23537_/Y (XOR2x1_ASAP7_75t_R)
  32.63  602.87 v _23539_/Y (AO21x1_ASAP7_75t_R)
   0.00  602.87 v _44322_/D (DFFLQNx2_ASAP7_75t_R)
         602.87   data arrival time

  10.00   10.00   clock clk' (fall edge)
   0.00   10.00   clock network delay (ideal)
   0.00   10.00   clock reconvergence pessimism
          10.00 v _44322_/CLK (DFFLQNx2_ASAP7_75t_R)
 -17.31   -7.31   library setup time
          -7.31   data required time
---------------------------------------------------------
          -7.31   data required time
        -602.87   data arrival time
---------------------------------------------------------
        -610.19   slack (VIOLATED)


Startpoint: _44322_ (falling edge-triggered flip-flop clocked by clk')
Endpoint: _44234_ (falling edge-triggered flip-flop clocked by clk')
Path Group: clk
Path Type: max

  Delay    Time   Description
---------------------------------------------------------
   0.00    0.00   clock clk' (fall edge)
   0.00    0.00   clock network delay (ideal)
   0.00    0.00 v _44322_/CLK (DFFLQNx2_ASAP7_75t_R)
 136.60  136.60 v _44322_/QN (DFFLQNx2_ASAP7_75t_R)
  81.79  218.40 ^ _23797_/Y (NOR2x2_ASAP7_75t_R)
  34.64  253.04 v _23841_/Y (CKINVDCx8_ASAP7_75t_R)
  54.27  307.31 ^ _23913_/Y (NOR2x2_ASAP7_75t_R)
  29.71  337.02 v _23914_/Y (INVx8_ASAP7_75t_R)
  17.81  354.83 ^ _24361_/Y (NOR2x1_ASAP7_75t_R)
  14.63  369.46 v _24362_/Y (INVx1_ASAP7_75t_R)
  55.84  425.29 v _24363_/Y (OA211x2_ASAP7_75t_R)
  47.17  472.46 v _24365_/Y (AND5x2_ASAP7_75t_R)
  25.96  498.43 ^ _24381_/Y (NAND2x2_ASAP7_75t_R)
  27.86  526.29 v _24382_/Y (NOR2x2_ASAP7_75t_R)
  41.05  567.33 v _25980_/Y (XOR2x1_ASAP7_75t_R)
  34.27  601.60 v _25982_/Y (AO21x1_ASAP7_75t_R)
   0.00  601.60 v _44234_/D (DFFLQNx2_ASAP7_75t_R)
         601.60   data arrival time

  10.00   10.00   clock clk' (fall edge)
   0.00   10.00   clock network delay (ideal)
   0.00   10.00   clock reconvergence pessimism
          10.00 v _44234_/CLK (DFFLQNx2_ASAP7_75t_R)
 -17.39   -7.39   library setup time
          -7.39   data required time
---------------------------------------------------------
          -7.39   data required time
        -601.60   data arrival time
---------------------------------------------------------
        -608.99   slack (VIOLATED)


Startpoint: _44328_ (falling edge-triggered flip-flop clocked by clk')
Endpoint: _44335_ (falling edge-triggered flip-flop clocked by clk')
Path Group: clk
Path Type: max

  Delay    Time   Description
---------------------------------------------------------
   0.00    0.00   clock clk' (fall edge)
   0.00    0.00   clock network delay (ideal)
   0.00    0.00 v _44328_/CLK (DFFLQNx3_ASAP7_75t_R)
 130.72  130.72 v _44328_/QN (DFFLQNx3_ASAP7_75t_R)
  50.04  180.76 v rebuffer3492/Y (BUFx2_ASAP7_75t_R)
  35.29  216.05 ^ _24728_/Y (NAND2x2_ASAP7_75t_R)
  48.82  264.88 v _24729_/Y (NOR2x2_ASAP7_75t_R)
  26.81  291.68 ^ _24847_/Y (INVx11_ASAP7_75t_R)
  35.27  326.95 ^ _24924_/Y (AO21x1_ASAP7_75t_R)
  34.70  361.65 ^ _24925_/Y (OA21x2_ASAP7_75t_R)
  57.58  419.23 ^ _24929_/Y (AND5x1_ASAP7_75t_R)
  58.37  477.60 ^ _24930_/Y (AND5x2_ASAP7_75t_R)
  27.41  505.01 v _24931_/Y (NAND2x2_ASAP7_75t_R)
  40.72  545.73 ^ _24932_/Y (NAND2x2_ASAP7_75t_R)
  39.07  584.80 ^ _24933_/Y (XNOR2x1_ASAP7_75t_R)
  15.85  600.65 v _24935_/Y (OAI21x1_ASAP7_75t_R)
   0.00  600.65 v _44335_/D (DFFLQNx3_ASAP7_75t_R)
         600.65   data arrival time

  10.00   10.00   clock clk' (fall edge)
   0.00   10.00   clock network delay (ideal)
   0.00   10.00   clock reconvergence pessimism
          10.00 v _44335_/CLK (DFFLQNx3_ASAP7_75t_R)
 -18.22   -8.22   library setup time
          -8.22   data required time
---------------------------------------------------------
          -8.22   data required time
        -600.65   data arrival time
---------------------------------------------------------
        -608.88   slack (VIOLATED)


Startpoint: _44318_ (falling edge-triggered flip-flop clocked by clk')
Endpoint: _44225_ (falling edge-triggered flip-flop clocked by clk')
Path Group: clk
Path Type: max

  Delay    Time   Description
---------------------------------------------------------
   0.00    0.00   clock clk' (fall edge)
   0.00    0.00   clock network delay (ideal)
   0.00    0.00 v _44318_/CLK (DFFLQNx2_ASAP7_75t_R)
 122.60  122.60 ^ _44318_/QN (DFFLQNx2_ASAP7_75t_R)
  37.79  160.38 v _23036_/Y (INVx2_ASAP7_75t_R)
  44.43  204.81 ^ _23037_/Y (NAND2x2_ASAP7_75t_R)
  35.60  240.42 v _23047_/Y (INVx1_ASAP7_75t_R)
  55.00  295.42 ^ _23048_/Y (NAND2x2_ASAP7_75t_R)
  34.17  329.59 v _23053_/Y (INVx4_ASAP7_75t_R)
  27.07  356.66 ^ _23054_/Y (NAND2x1_ASAP7_75t_R)
  36.50  393.17 ^ _23055_/Y (AND2x2_ASAP7_75t_R)
  52.98  446.15 ^ _23406_/Y (AND5x1_ASAP7_75t_R)
  49.04  495.19 ^ _23419_/Y (AND3x2_ASAP7_75t_R)
  21.64  516.83 v _23445_/Y (NAND3x2_ASAP7_75t_R)
  23.24  540.07 ^ _23446_/Y (NOR2x2_ASAP7_75t_R)
  22.56  562.63 v _25802_/Y (XOR2x1_ASAP7_75t_R)
  37.42  600.04 v _25951_/Y (AO21x1_ASAP7_75t_R)
   0.00  600.04 v _44225_/D (DFFLQNx2_ASAP7_75t_R)
         600.04   data arrival time

  10.00   10.00   clock clk' (fall edge)
   0.00   10.00   clock network delay (ideal)
   0.00   10.00   clock reconvergence pessimism
          10.00 v _44225_/CLK (DFFLQNx2_ASAP7_75t_R)
 -17.38   -7.38   library setup time
          -7.38   data required time
---------------------------------------------------------
          -7.38   data required time
        -600.04   data arrival time
---------------------------------------------------------
        -607.42   slack (VIOLATED)


Startpoint: _44322_ (falling edge-triggered flip-flop clocked by clk')
Endpoint: _44330_ (falling edge-triggered flip-flop clocked by clk')
Path Group: clk
Path Type: max

  Delay    Time   Description
---------------------------------------------------------
   0.00    0.00   clock clk' (fall edge)
   0.00    0.00   clock network delay (ideal)
   0.00    0.00 v _44322_/CLK (DFFLQNx2_ASAP7_75t_R)
 136.60  136.60 v _44322_/QN (DFFLQNx2_ASAP7_75t_R)
  81.79  218.40 ^ _23797_/Y (NOR2x2_ASAP7_75t_R)
  34.64  253.04 v _23841_/Y (CKINVDCx8_ASAP7_75t_R)
  54.27  307.31 ^ _23913_/Y (NOR2x2_ASAP7_75t_R)
  29.71  337.02 v _23914_/Y (INVx8_ASAP7_75t_R)
  17.81  354.83 ^ _24361_/Y (NOR2x1_ASAP7_75t_R)
  14.63  369.46 v _24362_/Y (INVx1_ASAP7_75t_R)
  55.84  425.29 v _24363_/Y (OA211x2_ASAP7_75t_R)
  47.17  472.46 v _24365_/Y (AND5x2_ASAP7_75t_R)
  25.96  498.43 ^ _24381_/Y (NAND2x2_ASAP7_75t_R)
  27.86  526.29 v _24382_/Y (NOR2x2_ASAP7_75t_R)
  41.05  567.33 v _24388_/Y (XOR2x1_ASAP7_75t_R)
  32.62  599.95 v _24390_/Y (AO21x1_ASAP7_75t_R)
   0.00  599.95 v _44330_/D (DFFLQNx3_ASAP7_75t_R)
         599.95   data arrival time

  10.00   10.00   clock clk' (fall edge)
   0.00   10.00   clock network delay (ideal)
   0.00   10.00   clock reconvergence pessimism
          10.00 v _44330_/CLK (DFFLQNx3_ASAP7_75t_R)
 -17.39   -7.39   library setup time
          -7.39   data required time
---------------------------------------------------------
          -7.39   data required time
        -599.95   data arrival time
---------------------------------------------------------
        -607.34   slack (VIOLATED)


Startpoint: _44314_ (falling edge-triggered flip-flop clocked by clk')
Endpoint: _44293_ (falling edge-triggered flip-flop clocked by clk')
Path Group: clk
Path Type: max

  Delay    Time   Description
---------------------------------------------------------
   0.00    0.00   clock clk' (fall edge)
   0.00    0.00   clock network delay (ideal)
   0.00    0.00 v _44314_/CLK (DFFLQNx2_ASAP7_75t_R)
 139.63  139.63 v _44314_/QN (DFFLQNx2_ASAP7_75t_R)
  43.73  183.36 ^ _23020_/Y (INVx4_ASAP7_75t_R)
  54.26  237.62 v _23021_/Y (NOR2x2_ASAP7_75t_R)
  31.62  269.24 ^ _23022_/Y (INVx6_ASAP7_75t_R)
  44.84  314.08 v _23039_/Y (NOR2x2_ASAP7_75t_R)
  25.18  339.27 ^ _23135_/Y (INVx8_ASAP7_75t_R)
  28.48  367.75 ^ _23708_/Y (AO21x1_ASAP7_75t_R)
  27.48  395.24 ^ _23710_/Y (AND2x2_ASAP7_75t_R)
  51.51  446.75 ^ _23715_/Y (AND5x1_ASAP7_75t_R)
  48.78  495.53 ^ _23721_/Y (AND3x2_ASAP7_75t_R)
  19.29  514.82 v _23729_/Y (NAND3x2_ASAP7_75t_R)
  23.54  538.36 ^ _23730_/Y (NOR2x2_ASAP7_75t_R)
  41.33  579.69 ^ _25646_/Y (AND3x1_ASAP7_75t_R)
  17.53  597.22 v _25647_/Y (OAI21x1_ASAP7_75t_R)
  13.76  610.99 ^ _25648_/Y (OAI21x1_ASAP7_75t_R)
   0.00  610.99 ^ _44293_/D (DFFLQNx2_ASAP7_75t_R)
         610.99   data arrival time

  10.00   10.00   clock clk' (fall edge)
   0.00   10.00   clock network delay (ideal)
   0.00   10.00   clock reconvergence pessimism
          10.00 v _44293_/CLK (DFFLQNx2_ASAP7_75t_R)
  -6.21    3.79   library setup time
           3.79   data required time
---------------------------------------------------------
           3.79   data required time
        -610.99   data arrival time
---------------------------------------------------------
        -607.20   slack (VIOLATED)


Startpoint: _44322_ (falling edge-triggered flip-flop clocked by clk')
Endpoint: _44299_ (falling edge-triggered flip-flop clocked by clk')
Path Group: clk
Path Type: max

  Delay    Time   Description
---------------------------------------------------------
   0.00    0.00   clock clk' (fall edge)
   0.00    0.00   clock network delay (ideal)
   0.00    0.00 v _44322_/CLK (DFFLQNx2_ASAP7_75t_R)
 136.60  136.60 v _44322_/QN (DFFLQNx2_ASAP7_75t_R)
  75.48  212.09 ^ _23827_/Y (NAND2x2_ASAP7_75t_R)
  55.94  268.03 ^ rebuffer3555/Y (BUFx2_ASAP7_75t_R)
  32.29  300.32 v _23903_/Y (NOR2x2_ASAP7_75t_R)
  26.91  327.23 ^ _23904_/Y (INVx8_ASAP7_75t_R)
  21.05  348.28 v _24421_/Y (NOR2x1_ASAP7_75t_R)
  17.42  365.70 ^ _24422_/Y (INVx1_ASAP7_75t_R)
  57.92  423.62 ^ _24425_/Y (AND5x1_ASAP7_75t_R)
  56.56  480.17 ^ _24432_/Y (AND5x1_ASAP7_75t_R)
  50.56  530.73 ^ _24451_/Y (AND3x2_ASAP7_75t_R)
  26.50  557.23 v _24452_/Y (NAND2x2_ASAP7_75t_R)
  20.23  577.47 ^ _25683_/Y (NOR2x1_ASAP7_75t_R)
  18.16  595.63 v _25684_/Y (OAI21x1_ASAP7_75t_R)
  13.76  609.39 ^ _25685_/Y (OAI21x1_ASAP7_75t_R)
   0.00  609.39 ^ _44299_/D (DFFLQNx2_ASAP7_75t_R)
         609.39   data arrival time

  10.00   10.00   clock clk' (fall edge)
   0.00   10.00   clock network delay (ideal)
   0.00   10.00   clock reconvergence pessimism
          10.00 v _44299_/CLK (DFFLQNx2_ASAP7_75t_R)
  -6.21    3.79   library setup time
           3.79   data required time
---------------------------------------------------------
           3.79   data required time
        -609.39   data arrival time
---------------------------------------------------------
        -605.60   slack (VIOLATED)


Startpoint: _44320_ (falling edge-triggered flip-flop clocked by clk')
Endpoint: _44266_ (falling edge-triggered flip-flop clocked by clk')
Path Group: clk
Path Type: max

  Delay    Time   Description
---------------------------------------------------------
   0.00    0.00   clock clk' (fall edge)
   0.00    0.00   clock network delay (ideal)
   0.00    0.00 v _44320_/CLK (DFFLQNx3_ASAP7_75t_R)
 103.10  103.10 ^ _44320_/QN (DFFLQNx3_ASAP7_75t_R)
  42.17  145.27 ^ rebuffer3543/Y (BUFx12f_ASAP7_75t_R)
  18.45  163.72 v _23824_/Y (CKINVDCx20_ASAP7_75t_R)
  53.91  217.63 ^ _23840_/Y (NAND2x2_ASAP7_75t_R)
  35.81  253.44 v _23878_/Y (INVx5_ASAP7_75t_R)
  50.29  303.73 ^ _23915_/Y (NAND2x2_ASAP7_75t_R)
  32.97  336.69 v _24281_/Y (NOR2x1_ASAP7_75t_R)
  18.62  355.31 ^ _24282_/Y (INVx1_ASAP7_75t_R)
  38.72  394.03 ^ _24366_/Y (OA211x2_ASAP7_75t_R)
  55.26  449.29 ^ _24367_/Y (AND5x1_ASAP7_75t_R)
  46.50  495.79 ^ _24380_/Y (AND3x1_ASAP7_75t_R)
  23.09  518.88 v _24381_/Y (NAND2x2_ASAP7_75t_R)
  27.63  546.51 ^ _24382_/Y (NOR2x2_ASAP7_75t_R)
  35.42  581.93 ^ _25839_/Y (XNOR2x1_ASAP7_75t_R)
  27.94  609.86 ^ _25841_/Y (AO21x1_ASAP7_75t_R)
   0.00  609.86 ^ _44266_/D (DFFLQNx2_ASAP7_75t_R)
         609.86   data arrival time

  10.00   10.00   clock clk' (fall edge)
   0.00   10.00   clock network delay (ideal)
   0.00   10.00   clock reconvergence pessimism
          10.00 v _44266_/CLK (DFFLQNx2_ASAP7_75t_R)
  -4.07    5.93   library setup time
           5.93   data required time
---------------------------------------------------------
           5.93   data required time
        -609.86   data arrival time
---------------------------------------------------------
        -603.93   slack (VIOLATED)


Startpoint: _44153_ (falling edge-triggered flip-flop clocked by clk')
Endpoint: _44033_ (falling edge-triggered flip-flop clocked by clk')
Path Group: clk
Path Type: max

  Delay    Time   Description
---------------------------------------------------------
   0.00    0.00   clock clk' (fall edge)
   0.00    0.00   clock network delay (ideal)
   0.00    0.00 v _44153_/CLK (DFFLQNx3_ASAP7_75t_R)
 109.79  109.79 v _44153_/QN (DFFLQNx3_ASAP7_75t_R)
  43.57  153.36 v rebuffer931/Y (BUFx12f_ASAP7_75t_R)
  30.97  184.33 v rebuffer932/Y (BUFx12f_ASAP7_75t_R)
  43.33  227.66 ^ _35096_/Y (NOR2x2_ASAP7_75t_R)
  44.08  271.73 ^ rebuffer884/Y (BUFx6f_ASAP7_75t_R)
  18.24  289.98 v _35114_/Y (NAND2x2_ASAP7_75t_R)
  28.42  318.40 v rebuffer3097/Y (BUFx6f_ASAP7_75t_R)
  31.84  350.24 v _36136_/Y (AO21x1_ASAP7_75t_R)
  34.70  384.93 v _36137_/Y (AND2x2_ASAP7_75t_R)
  20.04  404.98 ^ _36138_/Y (NAND2x2_ASAP7_75t_R)
  24.77  429.74 v _36146_/Y (NOR3x2_ASAP7_75t_R)
  23.69  453.43 ^ _36147_/Y (NAND2x2_ASAP7_75t_R)
  27.45  480.88 v _36203_/Y (AOI211x1_ASAP7_75t_R)
  43.09  523.98 v rebuffer1785/Y (BUFx6f_ASAP7_75t_R)
  31.97  555.94 v rebuffer1786/Y (BUFx2_ASAP7_75t_R)
  36.30  592.24 v _43268_/Y (XOR2x1_ASAP7_75t_R)
   0.00  592.24 v _44033_/D (DFFLQNx3_ASAP7_75t_R)
         592.24   data arrival time

  10.00   10.00   clock clk' (fall edge)
   0.00   10.00   clock network delay (ideal)
   0.00   10.00   clock reconvergence pessimism
          10.00 v _44033_/CLK (DFFLQNx3_ASAP7_75t_R)
 -20.66  -10.66   library setup time
         -10.66   data required time
---------------------------------------------------------
         -10.66   data required time
        -592.24   data arrival time
---------------------------------------------------------
        -602.90   slack (VIOLATED)


Startpoint: _44121_ (falling edge-triggered flip-flop clocked by clk')
Endpoint: _44045_ (falling edge-triggered flip-flop clocked by clk')
Path Group: clk
Path Type: max

  Delay    Time   Description
---------------------------------------------------------
   0.00    0.00   clock clk' (fall edge)
   0.00    0.00   clock network delay (ideal)
   0.00    0.00 v _44121_/CLK (DFFLQNx3_ASAP7_75t_R)
 123.00  123.00 v _44121_/QN (DFFLQNx3_ASAP7_75t_R)
  45.38  168.38 v rebuffer669/Y (BUFx6f_ASAP7_75t_R)
  27.56  195.94 v rebuffer673/Y (BUFx6f_ASAP7_75t_R)
  14.87  210.81 ^ _38985_/Y (NOR2x2_ASAP7_75t_R)
  34.61  245.42 ^ rebuffer2396/Y (BUFx6f_ASAP7_75t_R)
  24.95  270.37 v _38992_/Y (NAND2x2_ASAP7_75t_R)
  33.61  303.98 v rebuffer1946/Y (BUFx3_ASAP7_75t_R)
  27.06  331.04 v rebuffer1947/Y (BUFx2_ASAP7_75t_R)
  31.29  362.33 v _42100_/Y (AO21x1_ASAP7_75t_R)
  19.79  382.12 ^ _42102_/Y (NAND2x1_ASAP7_75t_R)
  23.21  405.33 v _42105_/Y (NOR3x1_ASAP7_75t_R)
  29.06  434.39 ^ _42106_/Y (NAND2x1_ASAP7_75t_R)
  28.28  462.67 v _42107_/Y (NOR3x1_ASAP7_75t_R)
  30.17  492.84 ^ _42143_/Y (NAND2x1_ASAP7_75t_R)
  49.94  542.78 v _42144_/Y (NOR2x2_ASAP7_75t_R)
  48.12  590.91 v _43264_/Y (XOR2x1_ASAP7_75t_R)
   0.00  590.91 v _44045_/D (DFFLQNx3_ASAP7_75t_R)
         590.91   data arrival time

  10.00   10.00   clock clk' (fall edge)
   0.00   10.00   clock network delay (ideal)
   0.00   10.00   clock reconvergence pessimism
          10.00 v _44045_/CLK (DFFLQNx3_ASAP7_75t_R)
 -21.21  -11.21   library setup time
         -11.21   data required time
---------------------------------------------------------
         -11.21   data required time
        -590.91   data arrival time
---------------------------------------------------------
        -602.12   slack (VIOLATED)


Startpoint: _44318_ (falling edge-triggered flip-flop clocked by clk')
Endpoint: _44289_ (falling edge-triggered flip-flop clocked by clk')
Path Group: clk
Path Type: max

  Delay    Time   Description
---------------------------------------------------------
   0.00    0.00   clock clk' (fall edge)
   0.00    0.00   clock network delay (ideal)
   0.00    0.00 v _44318_/CLK (DFFLQNx2_ASAP7_75t_R)
 122.60  122.60 ^ _44318_/QN (DFFLQNx2_ASAP7_75t_R)
  37.79  160.38 v _23036_/Y (INVx2_ASAP7_75t_R)
  44.43  204.81 ^ _23037_/Y (NAND2x2_ASAP7_75t_R)
  35.60  240.42 v _23047_/Y (INVx1_ASAP7_75t_R)
  55.00  295.42 ^ _23048_/Y (NAND2x2_ASAP7_75t_R)
  34.17  329.59 v _23053_/Y (INVx4_ASAP7_75t_R)
  27.07  356.66 ^ _23054_/Y (NAND2x1_ASAP7_75t_R)
  36.50  393.17 ^ _23055_/Y (AND2x2_ASAP7_75t_R)
  52.98  446.15 ^ _23406_/Y (AND5x1_ASAP7_75t_R)
  49.04  495.19 ^ _23419_/Y (AND3x2_ASAP7_75t_R)
  21.64  516.83 v _23445_/Y (NAND3x2_ASAP7_75t_R)
  46.46  563.28 v _25616_/Y (OR3x1_ASAP7_75t_R)
  17.63  580.92 ^ _25617_/Y (AOI21x1_ASAP7_75t_R)
  24.55  605.46 ^ _25618_/Y (AO21x1_ASAP7_75t_R)
   0.00  605.46 ^ _44289_/D (DFFLQNx2_ASAP7_75t_R)
         605.46   data arrival time

  10.00   10.00   clock clk' (fall edge)
   0.00   10.00   clock network delay (ideal)
   0.00   10.00   clock reconvergence pessimism
          10.00 v _44289_/CLK (DFFLQNx2_ASAP7_75t_R)
  -3.90    6.10   library setup time
           6.10   data required time
---------------------------------------------------------
           6.10   data required time
        -605.46   data arrival time
---------------------------------------------------------
        -599.36   slack (VIOLATED)


Startpoint: _44169_ (falling edge-triggered flip-flop clocked by clk')
Endpoint: _43952_ (falling edge-triggered flip-flop clocked by clk')
Path Group: clk
Path Type: max

  Delay    Time   Description
---------------------------------------------------------
   0.00    0.00   clock clk' (fall edge)
   0.00    0.00   clock network delay (ideal)
   0.00    0.00 v _44169_/CLK (DFFLQNx3_ASAP7_75t_R)
 130.61  130.61 v _44169_/QN (DFFLQNx3_ASAP7_75t_R)
  43.14  173.75 v rebuffer878/Y (BUFx6f_ASAP7_75t_R)
  37.53  211.27 ^ _27067_/Y (NOR2x2_ASAP7_75t_R)
  44.53  255.81 ^ rebuffer1967/Y (BUFx2_ASAP7_75t_R)
  22.30  278.11 v clone1964/Y (NAND2x2_ASAP7_75t_R)
  33.45  311.55 v rebuffer2651/Y (BUFx3_ASAP7_75t_R)
  27.05  338.61 v rebuffer2652/Y (BUFx2_ASAP7_75t_R)
  31.29  369.89 v _27501_/Y (AO21x1_ASAP7_75t_R)
  15.69  385.58 ^ _27502_/Y (NAND2x1_ASAP7_75t_R)
  14.28  399.86 v _27503_/Y (INVx1_ASAP7_75t_R)
  26.29  426.15 ^ _27515_/Y (NAND2x1_ASAP7_75t_R)
  25.84  451.98 v _27516_/Y (NOR2x2_ASAP7_75t_R)
  24.77  476.76 ^ _27635_/Y (INVx1_ASAP7_75t_R)
  21.95  498.71 v _27637_/Y (NOR2x2_ASAP7_75t_R)
  25.10  523.81 ^ _27647_/Y (NAND2x2_ASAP7_75t_R)
  26.54  550.34 v _30110_/Y (NOR2x2_ASAP7_75t_R)
  40.12  590.46 v _43347_/Y (XOR2x1_ASAP7_75t_R)
   0.00  590.46 v _43952_/D (DFFLQNx2_ASAP7_75t_R)
         590.46   data arrival time

  10.00   10.00   clock clk' (fall edge)
   0.00   10.00   clock network delay (ideal)
   0.00   10.00   clock reconvergence pessimism
          10.00 v _43952_/CLK (DFFLQNx2_ASAP7_75t_R)
 -18.36   -8.36   library setup time
          -8.36   data required time
---------------------------------------------------------
          -8.36   data required time
        -590.46   data arrival time
---------------------------------------------------------
        -598.82   slack (VIOLATED)


Startpoint: _44318_ (falling edge-triggered flip-flop clocked by clk')
Endpoint: _44321_ (falling edge-triggered flip-flop clocked by clk')
Path Group: clk
Path Type: max

  Delay    Time   Description
---------------------------------------------------------
   0.00    0.00   clock clk' (fall edge)
   0.00    0.00   clock network delay (ideal)
   0.00    0.00 v _44318_/CLK (DFFLQNx2_ASAP7_75t_R)
 122.60  122.60 ^ _44318_/QN (DFFLQNx2_ASAP7_75t_R)
  37.79  160.38 v _23036_/Y (INVx2_ASAP7_75t_R)
  44.43  204.81 ^ _23037_/Y (NAND2x2_ASAP7_75t_R)
  35.60  240.42 v _23047_/Y (INVx1_ASAP7_75t_R)
  55.00  295.42 ^ _23048_/Y (NAND2x2_ASAP7_75t_R)
  34.17  329.59 v _23053_/Y (INVx4_ASAP7_75t_R)
  27.07  356.66 ^ _23054_/Y (NAND2x1_ASAP7_75t_R)
  36.50  393.17 ^ _23055_/Y (AND2x2_ASAP7_75t_R)
  52.98  446.15 ^ _23406_/Y (AND5x1_ASAP7_75t_R)
  49.04  495.19 ^ _23419_/Y (AND3x2_ASAP7_75t_R)
  21.64  516.83 v _23445_/Y (NAND3x2_ASAP7_75t_R)
  23.24  540.07 ^ _23446_/Y (NOR2x2_ASAP7_75t_R)
  15.61  555.68 v _23451_/Y (XOR2x1_ASAP7_75t_R)
  32.61  588.29 v _23453_/Y (AO21x1_ASAP7_75t_R)
   0.00  588.29 v _44321_/D (DFFLQNx2_ASAP7_75t_R)
         588.29   data arrival time

  10.00   10.00   clock clk' (fall edge)
   0.00   10.00   clock network delay (ideal)
   0.00   10.00   clock reconvergence pessimism
          10.00 v _44321_/CLK (DFFLQNx2_ASAP7_75t_R)
 -17.31   -7.31   library setup time
          -7.31   data required time
---------------------------------------------------------
          -7.31   data required time
        -588.29   data arrival time
---------------------------------------------------------
        -595.60   slack (VIOLATED)


Startpoint: _44144_ (falling edge-triggered flip-flop clocked by clk')
Endpoint: _44062_ (falling edge-triggered flip-flop clocked by clk')
Path Group: clk
Path Type: max

  Delay    Time   Description
---------------------------------------------------------
   0.00    0.00   clock clk' (fall edge)
   0.00    0.00   clock network delay (ideal)
   0.00    0.00 v _44144_/CLK (DFFLQNx3_ASAP7_75t_R)
 112.52  112.52 v _44144_/QN (DFFLQNx3_ASAP7_75t_R)
  44.15  156.67 v rebuffer1348/Y (BUFx12f_ASAP7_75t_R)
  34.56  191.23 v rebuffer1349/Y (BUFx2_ASAP7_75t_R)
  33.40  224.62 ^ _30690_/Y (NAND2x2_ASAP7_75t_R)
  33.65  258.27 v _30691_/Y (CKINVDCx6p67_ASAP7_75t_R)
  41.85  300.12 ^ _30692_/Y (NAND2x2_ASAP7_75t_R)
  42.77  342.89 ^ rebuffer2903/Y (BUFx2_ASAP7_75t_R)
  27.38  370.27 ^ _33675_/Y (AO21x1_ASAP7_75t_R)
  56.00  426.27 ^ _33679_/Y (AND4x2_ASAP7_75t_R)
  18.25  444.52 v _33692_/Y (NAND3x2_ASAP7_75t_R)
  24.14  468.67 ^ _33709_/Y (NOR2x2_ASAP7_75t_R)
  22.65  491.31 v _33710_/Y (NAND2x1_ASAP7_75t_R)
  43.30  534.61 ^ _33711_/Y (NOR2x2_ASAP7_75t_R)
  53.12  587.72 v _43249_/Y (XOR2x2_ASAP7_75t_R)
   0.00  587.72 v _44062_/D (DFFLQNx3_ASAP7_75t_R)
         587.72   data arrival time

  10.00   10.00   clock clk' (fall edge)
   0.00   10.00   clock network delay (ideal)
   0.00   10.00   clock reconvergence pessimism
          10.00 v _44062_/CLK (DFFLQNx3_ASAP7_75t_R)
 -17.73   -7.73   library setup time
          -7.73   data required time
---------------------------------------------------------
          -7.73   data required time
        -587.72   data arrival time
---------------------------------------------------------
        -595.46   slack (VIOLATED)


Startpoint: _44136_ (falling edge-triggered flip-flop clocked by clk')
Endpoint: _43960_ (falling edge-triggered flip-flop clocked by clk')
Path Group: clk
Path Type: max

  Delay    Time   Description
---------------------------------------------------------
   0.00    0.00   clock clk' (fall edge)
   0.00    0.00   clock network delay (ideal)
   0.00    0.00 v _44136_/CLK (DFFLQNx3_ASAP7_75t_R)
 112.05  112.05 v _44136_/QN (DFFLQNx3_ASAP7_75t_R)
  52.59  164.64 v rebuffer1387/Y (BUFx4f_ASAP7_75t_R)
  34.25  198.89 v rebuffer1389/Y (BUFx6f_ASAP7_75t_R)
  35.29  234.17 ^ _31365_/Y (NAND2x2_ASAP7_75t_R)
  37.94  272.11 ^ rebuffer1353/Y (BUFx6f_ASAP7_75t_R)
  31.75  303.86 ^ rebuffer1355/Y (BUFx2_ASAP7_75t_R)
  17.38  321.24 v _31714_/Y (NAND2x2_ASAP7_75t_R)
  30.68  351.92 v _31715_/Y (AND2x2_ASAP7_75t_R)
  19.12  371.04 ^ _31716_/Y (INVx1_ASAP7_75t_R)
  15.57  386.61 v _31717_/Y (OAI21x1_ASAP7_75t_R)
  34.95  421.56 v _31718_/Y (AND2x2_ASAP7_75t_R)
  24.08  445.64 ^ _31735_/Y (NAND2x2_ASAP7_75t_R)
  17.48  463.12 v _31822_/Y (INVx1_ASAP7_75t_R)
  24.75  487.87 ^ _31824_/Y (NAND2x1_ASAP7_75t_R)
  29.83  517.70 v _31825_/Y (NOR2x2_ASAP7_75t_R)
  26.16  543.85 ^ _34348_/Y (NAND2x2_ASAP7_75t_R)
  43.28  587.14 v _43339_/Y (XOR2x2_ASAP7_75t_R)
   0.00  587.14 v _43960_/D (DFFLQNx3_ASAP7_75t_R)
         587.14   data arrival time

  10.00   10.00   clock clk' (fall edge)
   0.00   10.00   clock network delay (ideal)
   0.00   10.00   clock reconvergence pessimism
          10.00 v _43960_/CLK (DFFLQNx3_ASAP7_75t_R)
 -17.49   -7.49   library setup time
          -7.49   data required time
---------------------------------------------------------
          -7.49   data required time
        -587.14   data arrival time
---------------------------------------------------------
        -594.62   slack (VIOLATED)


Startpoint: _44153_ (falling edge-triggered flip-flop clocked by clk')
Endpoint: _44032_ (falling edge-triggered flip-flop clocked by clk')
Path Group: clk
Path Type: max

  Delay    Time   Description
---------------------------------------------------------
   0.00    0.00   clock clk' (fall edge)
   0.00    0.00   clock network delay (ideal)
   0.00    0.00 v _44153_/CLK (DFFLQNx3_ASAP7_75t_R)
 109.79  109.79 v _44153_/QN (DFFLQNx3_ASAP7_75t_R)
  43.57  153.36 v rebuffer931/Y (BUFx12f_ASAP7_75t_R)
  30.97  184.33 v rebuffer932/Y (BUFx12f_ASAP7_75t_R)
  43.33  227.66 ^ _35096_/Y (NOR2x2_ASAP7_75t_R)
  34.47  262.12 v _35130_/Y (INVx3_ASAP7_75t_R)
  35.40  297.52 ^ _35131_/Y (NOR2x2_ASAP7_75t_R)
  34.78  332.30 ^ rebuffer2016/Y (BUFx6f_ASAP7_75t_R)
  30.86  363.16 ^ _35274_/Y (OA21x2_ASAP7_75t_R)
  15.54  378.70 v _35278_/Y (NOR2x1_ASAP7_75t_R)
  18.93  397.63 ^ _35283_/Y (NAND2x1_ASAP7_75t_R)
  16.10  413.73 v _35284_/Y (NOR2x1_ASAP7_75t_R)
  32.81  446.54 v _35301_/Y (AND2x2_ASAP7_75t_R)
  20.11  466.65 ^ _35302_/Y (NAND2x2_ASAP7_75t_R)
  34.34  500.99 v _35303_/Y (NOR2x2_ASAP7_75t_R)
  55.32  556.31 ^ _35304_/Y (NAND2x2_ASAP7_75t_R)
  43.56  599.87 ^ _43267_/Y (XOR2x1_ASAP7_75t_R)
   0.00  599.87 ^ _44032_/D (DFFLQNx3_ASAP7_75t_R)
         599.87   data arrival time

  10.00   10.00   clock clk' (fall edge)
   0.00   10.00   clock network delay (ideal)
   0.00   10.00   clock reconvergence pessimism
          10.00 v _44032_/CLK (DFFLQNx3_ASAP7_75t_R)
  -4.09    5.91   library setup time
           5.91   data required time
---------------------------------------------------------
           5.91   data required time
        -599.87   data arrival time
---------------------------------------------------------
        -593.95   slack (VIOLATED)


Startpoint: _44113_ (falling edge-triggered flip-flop clocked by clk')
Endpoint: _44065_ (falling edge-triggered flip-flop clocked by clk')
Path Group: clk
Path Type: max

  Delay    Time   Description
---------------------------------------------------------
   0.00    0.00   clock clk' (fall edge)
   0.00    0.00   clock network delay (ideal)
   0.00    0.00 v _44113_/CLK (DFFLQNx3_ASAP7_75t_R)
 117.55  117.55 v _44113_/QN (DFFLQNx3_ASAP7_75t_R)
  41.88  159.43 v rebuffer767/Y (BUFx12f_ASAP7_75t_R)
  22.16  181.59 ^ _34683_/Y (NOR2x2_ASAP7_75t_R)
  47.22  228.81 ^ rebuffer1528/Y (BUFx4f_ASAP7_75t_R)
  34.14  262.95 v _34684_/Y (NAND2x2_ASAP7_75t_R)
  54.81  317.77 v _34779_/Y (AO21x2_ASAP7_75t_R)
  35.03  352.79 ^ _34934_/Y (NAND3x2_ASAP7_75t_R)
  25.03  377.82 v _34935_/Y (NOR2x2_ASAP7_75t_R)
  32.62  410.44 ^ _34938_/Y (NAND3x2_ASAP7_75t_R)
  32.95  443.39 v _34939_/Y (NOR2x1_ASAP7_75t_R)
  40.85  484.24 ^ _34940_/Y (NAND2x2_ASAP7_75t_R)
  50.99  535.23 v clone3447/Y (NAND2x1_ASAP7_75t_R)
  47.35  582.58 v _43236_/Y (XOR2x1_ASAP7_75t_R)
   0.00  582.58 v _44065_/D (DFFLQNx3_ASAP7_75t_R)
         582.58   data arrival time

  10.00   10.00   clock clk' (fall edge)
   0.00   10.00   clock network delay (ideal)
   0.00   10.00   clock reconvergence pessimism
          10.00 v _44065_/CLK (DFFLQNx3_ASAP7_75t_R)
 -20.96  -10.96   library setup time
         -10.96   data required time
---------------------------------------------------------
         -10.96   data required time
        -582.58   data arrival time
---------------------------------------------------------
        -593.54   slack (VIOLATED)


Startpoint: _44097_ (falling edge-triggered flip-flop clocked by clk')
Endpoint: _43995_ (falling edge-triggered flip-flop clocked by clk')
Path Group: clk
Path Type: max

  Delay    Time   Description
---------------------------------------------------------
   0.00    0.00   clock clk' (fall edge)
   0.00    0.00   clock network delay (ideal)
   0.00    0.00 v _44097_/CLK (DFFLQNx3_ASAP7_75t_R)
 125.00  125.00 v _44097_/QN (DFFLQNx3_ASAP7_75t_R)
  48.66  173.66 v rebuffer1063/Y (BUFx12f_ASAP7_75t_R)
  29.30  202.96 v rebuffer1067/Y (BUFx6f_ASAP7_75t_R)
  29.52  232.48 ^ _31092_/Y (NAND2x2_ASAP7_75t_R)
  30.00  262.48 v _31155_/Y (INVx4_ASAP7_75t_R)
  34.54  297.02 ^ _31156_/Y (NAND2x2_ASAP7_75t_R)
  33.14  330.16 ^ rebuffer3128/Y (BUFx6f_ASAP7_75t_R)
  12.38  342.54 v _31318_/Y (NOR2x2_ASAP7_75t_R)
  37.18  379.72 v _32868_/Y (AO21x1_ASAP7_75t_R)
  46.84  426.57 v _32869_/Y (OR3x1_ASAP7_75t_R)
  18.14  444.71 ^ _32870_/Y (NOR2x1_ASAP7_75t_R)
  20.27  464.98 v _32871_/Y (NAND2x1_ASAP7_75t_R)
  24.94  489.92 ^ _32872_/Y (NOR2x2_ASAP7_75t_R)
  44.46  534.38 v clone3198/Y (NAND2xp67_ASAP7_75t_R)
  47.38  581.76 v _43310_/Y (XOR2x1_ASAP7_75t_R)
   0.00  581.76 v _43995_/D (DFFLQNx2_ASAP7_75t_R)
         581.76   data arrival time

  10.00   10.00   clock clk' (fall edge)
   0.00   10.00   clock network delay (ideal)
   0.00   10.00   clock reconvergence pessimism
          10.00 v _43995_/CLK (DFFLQNx2_ASAP7_75t_R)
 -21.54  -11.54   library setup time
         -11.54   data required time
---------------------------------------------------------
         -11.54   data required time
        -581.76   data arrival time
---------------------------------------------------------
        -593.30   slack (VIOLATED)


Startpoint: _44192_ (falling edge-triggered flip-flop clocked by clk')
Endpoint: _44007_ (falling edge-triggered flip-flop clocked by clk')
Path Group: clk
Path Type: max

  Delay    Time   Description
---------------------------------------------------------
   0.00    0.00   clock clk' (fall edge)
   0.00    0.00   clock network delay (ideal)
   0.00    0.00 v _44192_/CLK (DFFLQNx3_ASAP7_75t_R)
 148.37  148.37 v _44192_/QN (DFFLQNx3_ASAP7_75t_R)
  62.26  210.63 ^ _35369_/Y (NOR2x2_ASAP7_75t_R)
  43.96  254.60 ^ rebuffer2717/Y (BUFx6f_ASAP7_75t_R)
  20.30  274.90 v _35424_/Y (NAND2x2_ASAP7_75t_R)
  21.09  295.99 ^ _36057_/Y (INVx3_ASAP7_75t_R)
  34.55  330.54 ^ _38246_/Y (OA21x2_ASAP7_75t_R)
  14.31  344.85 v _38248_/Y (AOI211x1_ASAP7_75t_R)
  39.08  383.93 v _38255_/Y (AND2x2_ASAP7_75t_R)
  19.41  403.34 ^ _38266_/Y (NAND2x1_ASAP7_75t_R)
  22.22  425.56 v _38267_/Y (NOR2x1_ASAP7_75t_R)
  42.41  467.97 ^ _38268_/Y (NAND2x2_ASAP7_75t_R)
  46.81  514.77 ^ rebuffer1606/Y (BUFx3_ASAP7_75t_R)
  30.19  544.96 ^ rebuffer1607/Y (BUFx2_ASAP7_75t_R)
  38.35  583.31 v _43306_/Y (XOR2x2_ASAP7_75t_R)
   0.00  583.31 v _44007_/D (DFFLQNx3_ASAP7_75t_R)
         583.31   data arrival time

  10.00   10.00   clock clk' (fall edge)
   0.00   10.00   clock network delay (ideal)
   0.00   10.00   clock reconvergence pessimism
          10.00 v _44007_/CLK (DFFLQNx3_ASAP7_75t_R)
 -17.50   -7.50   library setup time
          -7.50   data required time
---------------------------------------------------------
          -7.50   data required time
        -583.31   data arrival time
---------------------------------------------------------
        -590.81   slack (VIOLATED)


Startpoint: _44187_ (falling edge-triggered flip-flop clocked by clk')
Endpoint: _44030_ (falling edge-triggered flip-flop clocked by clk')
Path Group: clk
Path Type: max

  Delay    Time   Description
---------------------------------------------------------
   0.00    0.00   clock clk' (fall edge)
   0.00    0.00   clock network delay (ideal)
   0.00    0.00 v _44187_/CLK (DFFLQNx3_ASAP7_75t_R)
 112.96  112.96 v _44187_/QN (DFFLQNx3_ASAP7_75t_R)
  39.57  152.53 v rebuffer3299/Y (BUFx3_ASAP7_75t_R)
  24.36  176.89 v rebuffer2940/Y (BUFx6f_ASAP7_75t_R)
  24.71  201.61 v clone2900/Y (BUFx6f_ASAP7_75t_R)
  28.17  229.77 v rebuffer1918/Y (BUFx3_ASAP7_75t_R)
  40.16  269.93 ^ _30448_/Y (NAND2x2_ASAP7_75t_R)
  48.80  318.73 ^ rebuffer1490/Y (BUFx2_ASAP7_75t_R)
  45.64  364.37 ^ _30455_/Y (OA21x2_ASAP7_75t_R)
  17.83  382.20 v _33311_/Y (INVx2_ASAP7_75t_R)
  20.99  403.19 ^ _33316_/Y (NOR2x2_ASAP7_75t_R)
  18.86  422.05 v _33317_/Y (NAND3x2_ASAP7_75t_R)
  40.82  462.87 ^ _33318_/Y (NOR3x2_ASAP7_75t_R)
  62.24  525.10 v _33786_/Y (NOR3x2_ASAP7_75t_R)
  56.63  581.73 v _43281_/Y (XOR2x2_ASAP7_75t_R)
   0.00  581.73 v _44030_/D (DFFLQNx3_ASAP7_75t_R)
         581.73   data arrival time

  10.00   10.00   clock clk' (fall edge)
   0.00   10.00   clock network delay (ideal)
   0.00   10.00   clock reconvergence pessimism
          10.00 v _44030_/CLK (DFFLQNx3_ASAP7_75t_R)
 -17.85   -7.85   library setup time
          -7.85   data required time
---------------------------------------------------------
          -7.85   data required time
        -581.73   data arrival time
---------------------------------------------------------
        -589.58   slack (VIOLATED)


Startpoint: _44097_ (falling edge-triggered flip-flop clocked by clk')
Endpoint: _43992_ (falling edge-triggered flip-flop clocked by clk')
Path Group: clk
Path Type: max

  Delay    Time   Description
---------------------------------------------------------
   0.00    0.00   clock clk' (fall edge)
   0.00    0.00   clock network delay (ideal)
   0.00    0.00 v _44097_/CLK (DFFLQNx3_ASAP7_75t_R)
 125.00  125.00 v _44097_/QN (DFFLQNx3_ASAP7_75t_R)
  48.66  173.66 v rebuffer1063/Y (BUFx12f_ASAP7_75t_R)
  36.20  209.86 v rebuffer1066/Y (BUFx2_ASAP7_75t_R)
  20.08  229.94 ^ _31134_/Y (NOR2x2_ASAP7_75t_R)
  53.87  283.80 ^ clone3293/Y (BUFx4_ASAP7_75t_R)
  26.14  309.94 v _31179_/Y (NAND2x2_ASAP7_75t_R)
  45.03  354.97 v _31315_/Y (AO21x1_ASAP7_75t_R)
  24.98  379.96 ^ _31320_/Y (NAND3x1_ASAP7_75t_R)
  19.94  399.90 v _31328_/Y (NOR2x1_ASAP7_75t_R)
  22.54  422.44 ^ _31329_/Y (NAND2x1_ASAP7_75t_R)
  17.99  440.43 v _31330_/Y (NOR2x1_ASAP7_75t_R)
  28.09  468.52 ^ _31331_/Y (NAND2x1_ASAP7_75t_R)
  30.80  499.32 v _31332_/Y (NOR2x2_ASAP7_75t_R)
  34.91  534.23 ^ _31333_/Y (NAND2x2_ASAP7_75t_R)
  46.84  581.07 v _43307_/Y (XOR2x2_ASAP7_75t_R)
   0.00  581.07 v _43992_/D (DFFLQNx1_ASAP7_75t_R)
         581.07   data arrival time

  10.00   10.00   clock clk' (fall edge)
   0.00   10.00   clock network delay (ideal)
   0.00   10.00   clock reconvergence pessimism
          10.00 v _43992_/CLK (DFFLQNx1_ASAP7_75t_R)
 -17.49   -7.49   library setup time
          -7.49   data required time
---------------------------------------------------------
          -7.49   data required time
        -581.07   data arrival time
---------------------------------------------------------
        -588.56   slack (VIOLATED)


Startpoint: _44176_ (falling edge-triggered flip-flop clocked by clk')
Endpoint: _44054_ (falling edge-triggered flip-flop clocked by clk')
Path Group: clk
Path Type: max

  Delay    Time   Description
---------------------------------------------------------
   0.00    0.00   clock clk' (fall edge)
   0.00    0.00   clock network delay (ideal)
   0.00    0.00 v _44176_/CLK (DFFLQNx3_ASAP7_75t_R)
 133.62  133.62 v _44176_/QN (DFFLQNx3_ASAP7_75t_R)
  50.91  184.53 v rebuffer662/Y (BUFx12f_ASAP7_75t_R)
  16.48  201.01 ^ _26045_/Y (CKINVDCx20_ASAP7_75t_R)
  22.32  223.32 v _26112_/Y (NOR2x2_ASAP7_75t_R)
  34.43  257.75 v rebuffer1163/Y (BUFx12f_ASAP7_75t_R)
  30.27  288.02 v rebuffer1165/Y (BUFx3_ASAP7_75t_R)
  15.59  303.61 ^ _26257_/Y (NOR2x2_ASAP7_75t_R)
  15.56  319.17 v _26258_/Y (INVx2_ASAP7_75t_R)
  20.80  339.97 ^ _26259_/Y (NOR2x1_ASAP7_75t_R)
  25.28  365.25 v _29384_/Y (INVx1_ASAP7_75t_R)
  30.79  396.04 ^ _29385_/Y (NAND3x2_ASAP7_75t_R)
  23.11  419.15 v _29390_/Y (NOR2x2_ASAP7_75t_R)
  22.91  442.06 ^ _29399_/Y (NAND3x2_ASAP7_75t_R)
  20.42  462.48 v _29415_/Y (NOR2x2_ASAP7_75t_R)
  24.95  487.44 ^ _29416_/Y (NAND2x2_ASAP7_75t_R)
  39.99  527.42 v _29417_/Y (NOR2x2_ASAP7_75t_R)
  46.80  574.23 v _43257_/Y (XOR2x1_ASAP7_75t_R)
   0.00  574.23 v _44054_/D (DFFLQNx3_ASAP7_75t_R)
         574.23   data arrival time

  10.00   10.00   clock clk' (fall edge)
   0.00   10.00   clock network delay (ideal)
   0.00   10.00   clock reconvergence pessimism
          10.00 v _44054_/CLK (DFFLQNx3_ASAP7_75t_R)
 -23.43  -13.43   library setup time
         -13.43   data required time
---------------------------------------------------------
         -13.43   data required time
        -574.23   data arrival time
---------------------------------------------------------
        -587.65   slack (VIOLATED)


Startpoint: _44106_ (falling edge-triggered flip-flop clocked by clk')
Endpoint: _43973_ (falling edge-triggered flip-flop clocked by clk')
Path Group: clk
Path Type: max

  Delay    Time   Description
---------------------------------------------------------
   0.00    0.00   clock clk' (fall edge)
   0.00    0.00   clock network delay (ideal)
   0.00    0.00 v _44106_/CLK (DFFLQNx2_ASAP7_75t_R)
 116.41  116.41 v _44106_/QN (DFFLQNx2_ASAP7_75t_R)
  53.65  170.05 v rebuffer2677/Y (BUFx3_ASAP7_75t_R)
  21.52  191.57 ^ _35627_/Y (NOR2x2_ASAP7_75t_R)
  37.00  228.57 ^ rebuffer1001/Y (BUFx12f_ASAP7_75t_R)
  19.34  247.91 v _35722_/Y (NAND2x2_ASAP7_75t_R)
  38.59  286.50 v rebuffer887/Y (BUFx2_ASAP7_75t_R)
  30.88  317.38 v rebuffer888/Y (BUFx2_ASAP7_75t_R)
  43.68  361.06 v _36777_/Y (AO21x2_ASAP7_75t_R)
  26.86  387.92 ^ _37910_/Y (NAND3x2_ASAP7_75t_R)
  22.15  410.06 v _37911_/Y (NOR2x2_ASAP7_75t_R)
  26.22  436.29 ^ _37917_/Y (NAND3x2_ASAP7_75t_R)
  26.97  463.25 v _37918_/Y (NOR2x2_ASAP7_75t_R)
  25.46  488.71 ^ _37952_/Y (NAND2x2_ASAP7_75t_R)
  41.91  530.62 v _37953_/Y (NOR2x2_ASAP7_75t_R)
  45.77  576.39 v _43336_/Y (XOR2x1_ASAP7_75t_R)
   0.00  576.39 v _43973_/D (DFFLQNx3_ASAP7_75t_R)
         576.39   data arrival time

  10.00   10.00   clock clk' (fall edge)
   0.00   10.00   clock network delay (ideal)
   0.00   10.00   clock reconvergence pessimism
          10.00 v _43973_/CLK (DFFLQNx3_ASAP7_75t_R)
 -20.21  -10.21   library setup time
         -10.21   data required time
---------------------------------------------------------
         -10.21   data required time
        -576.39   data arrival time
---------------------------------------------------------
        -586.60   slack (VIOLATED)


Startpoint: _44097_ (falling edge-triggered flip-flop clocked by clk')
Endpoint: _43999_ (falling edge-triggered flip-flop clocked by clk')
Path Group: clk
Path Type: max

  Delay    Time   Description
---------------------------------------------------------
   0.00    0.00   clock clk' (fall edge)
   0.00    0.00   clock network delay (ideal)
   0.00    0.00 v _44097_/CLK (DFFLQNx3_ASAP7_75t_R)
 125.00  125.00 v _44097_/QN (DFFLQNx3_ASAP7_75t_R)
  48.66  173.66 v rebuffer1063/Y (BUFx12f_ASAP7_75t_R)
  36.20  209.86 v rebuffer1066/Y (BUFx2_ASAP7_75t_R)
  20.08  229.94 ^ _31134_/Y (NOR2x2_ASAP7_75t_R)
  53.87  283.80 ^ clone3293/Y (BUFx4_ASAP7_75t_R)
  26.14  309.94 v _31179_/Y (NAND2x2_ASAP7_75t_R)
  36.65  346.59 v _34163_/Y (AO21x1_ASAP7_75t_R)
  18.53  365.12 ^ _34164_/Y (NAND2x1_ASAP7_75t_R)
  17.79  382.91 v _34165_/Y (NOR2x1_ASAP7_75t_R)
  28.14  411.05 ^ _34169_/Y (NAND2x1_ASAP7_75t_R)
  25.97  437.02 v _34170_/Y (NOR2x2_ASAP7_75t_R)
  18.65  455.66 ^ _34171_/Y (INVx1_ASAP7_75t_R)
  27.65  483.32 v _34191_/Y (NOR2x1_ASAP7_75t_R)
  60.37  543.69 ^ clone1925/Y (NAND2x1_ASAP7_75t_R)
  45.73  589.42 ^ _43314_/Y (XNOR2x1_ASAP7_75t_R)
   0.00  589.42 ^ _43999_/D (DFFLQNx2_ASAP7_75t_R)
         589.42   data arrival time

  10.00   10.00   clock clk' (fall edge)
   0.00   10.00   clock network delay (ideal)
   0.00   10.00   clock reconvergence pessimism
          10.00 v _43999_/CLK (DFFLQNx2_ASAP7_75t_R)
  -6.75    3.25   library setup time
           3.25   data required time
---------------------------------------------------------
           3.25   data required time
        -589.42   data arrival time
---------------------------------------------------------
        -586.17   slack (VIOLATED)


Startpoint: _44145_ (falling edge-triggered flip-flop clocked by clk')
Endpoint: _44059_ (falling edge-triggered flip-flop clocked by clk')
Path Group: clk
Path Type: max

  Delay    Time   Description
---------------------------------------------------------
   0.00    0.00   clock clk' (fall edge)
   0.00    0.00   clock network delay (ideal)
   0.00    0.00 v _44145_/CLK (DFFLQNx3_ASAP7_75t_R)
 114.90  114.90 v _44145_/QN (DFFLQNx3_ASAP7_75t_R)
  42.74  157.64 v rebuffer3315/Y (BUFx6f_ASAP7_75t_R)
  36.51  194.15 v rebuffer1211/Y (BUFx12f_ASAP7_75t_R)
  15.29  209.44 ^ _30715_/Y (CKINVDCx20_ASAP7_75t_R)
  28.38  237.82 v _30716_/Y (NOR2x2_ASAP7_75t_R)
  44.28  282.10 v rebuffer2845/Y (BUFx6f_ASAP7_75t_R)
  35.56  317.66 ^ _30767_/Y (NAND2x2_ASAP7_75t_R)
  49.15  366.81 ^ _32599_/Y (AO21x2_ASAP7_75t_R)
  21.09  387.90 v _32600_/Y (OAI21x1_ASAP7_75t_R)
  18.37  406.27 ^ _32605_/Y (NOR2x1_ASAP7_75t_R)
  33.39  439.66 ^ _32609_/Y (AND2x2_ASAP7_75t_R)
  15.16  454.82 v _32610_/Y (NAND2x2_ASAP7_75t_R)
  20.77  475.58 ^ _32626_/Y (NOR2x2_ASAP7_75t_R)
  48.01  523.59 v clone2740/Y (NAND2xp67_ASAP7_75t_R)
  49.77  573.36 v _43246_/Y (XOR2x1_ASAP7_75t_R)
   0.00  573.36 v _44059_/D (DFFLQNx3_ASAP7_75t_R)
         573.36   data arrival time

  10.00   10.00   clock clk' (fall edge)
   0.00   10.00   clock network delay (ideal)
   0.00   10.00   clock reconvergence pessimism
          10.00 v _44059_/CLK (DFFLQNx3_ASAP7_75t_R)
 -22.63  -12.63   library setup time
         -12.63   data required time
---------------------------------------------------------
         -12.63   data required time
        -573.36   data arrival time
---------------------------------------------------------
        -586.00   slack (VIOLATED)


Startpoint: _44187_ (falling edge-triggered flip-flop clocked by clk')
Endpoint: _44031_ (falling edge-triggered flip-flop clocked by clk')
Path Group: clk
Path Type: max

  Delay    Time   Description
---------------------------------------------------------
   0.00    0.00   clock clk' (fall edge)
   0.00    0.00   clock network delay (ideal)
   0.00    0.00 v _44187_/CLK (DFFLQNx3_ASAP7_75t_R)
 112.96  112.96 v _44187_/QN (DFFLQNx3_ASAP7_75t_R)
  39.57  152.53 v rebuffer3299/Y (BUFx3_ASAP7_75t_R)
  24.36  176.89 v rebuffer2940/Y (BUFx6f_ASAP7_75t_R)
  24.71  201.61 v clone2900/Y (BUFx6f_ASAP7_75t_R)
  28.17  229.77 v rebuffer1918/Y (BUFx3_ASAP7_75t_R)
  40.16  269.93 ^ _30448_/Y (NAND2x2_ASAP7_75t_R)
  41.31  311.24 ^ rebuffer2901/Y (BUFx6f_ASAP7_75t_R)
  32.08  343.32 ^ rebuffer1486/Y (BUFx2_ASAP7_75t_R)
  17.92  361.24 v _33991_/Y (AOI211x1_ASAP7_75t_R)
  22.12  383.36 ^ _33992_/Y (NOR2x1_ASAP7_75t_R)
  16.54  399.89 v _33993_/Y (NAND2x1_ASAP7_75t_R)
  19.16  419.06 ^ _33998_/Y (NOR2x1_ASAP7_75t_R)
  16.19  435.24 v _33999_/Y (NAND2x1_ASAP7_75t_R)
  29.22  464.46 ^ _34000_/Y (NOR2x1_ASAP7_75t_R)
  35.13  499.59 v clone2855/Y (NAND2xp67_ASAP7_75t_R)
  41.09  540.68 v rebuffer1582/Y (BUFx2_ASAP7_75t_R)
  36.48  577.16 v _43282_/Y (XOR2x1_ASAP7_75t_R)
   0.00  577.16 v _44031_/D (DFFLQNx2_ASAP7_75t_R)
         577.16   data arrival time

  10.00   10.00   clock clk' (fall edge)
   0.00   10.00   clock network delay (ideal)
   0.00   10.00   clock reconvergence pessimism
          10.00 v _44031_/CLK (DFFLQNx2_ASAP7_75t_R)
 -18.58   -8.58   library setup time
          -8.58   data required time
---------------------------------------------------------
          -8.58   data required time
        -577.16   data arrival time
---------------------------------------------------------
        -585.74   slack (VIOLATED)


Startpoint: _44201_ (falling edge-triggered flip-flop clocked by clk')
Endpoint: _43982_ (falling edge-triggered flip-flop clocked by clk')
Path Group: clk
Path Type: max

  Delay    Time   Description
---------------------------------------------------------
   0.00    0.00   clock clk' (fall edge)
   0.00    0.00   clock network delay (ideal)
   0.00    0.00 v _44201_/CLK (DFFLQNx3_ASAP7_75t_R)
 125.10  125.10 v _44201_/QN (DFFLQNx3_ASAP7_75t_R)
  47.75  172.86 v rebuffer1008/Y (BUFx4f_ASAP7_75t_R)
  41.54  214.40 ^ _39815_/Y (NAND2x2_ASAP7_75t_R)
  37.72  252.11 v _39816_/Y (INVx3_ASAP7_75t_R)
  42.54  294.66 ^ _39966_/Y (NAND2x2_ASAP7_75t_R)
  38.34  333.00 ^ rebuffer3338/Y (BUFx4f_ASAP7_75t_R)
  32.79  365.79 ^ _41265_/Y (AO21x1_ASAP7_75t_R)
  14.42  380.21 v _42496_/Y (NAND2x1_ASAP7_75t_R)
  67.92  448.12 v _42500_/Y (OR4x2_ASAP7_75t_R)
  25.30  473.42 ^ _42501_/Y (NOR2x2_ASAP7_75t_R)
  21.63  495.05 v _42502_/Y (NAND3x2_ASAP7_75t_R)
  50.13  545.18 ^ _42544_/Y (NOR3x2_ASAP7_75t_R)
  45.35  590.52 ^ _43329_/Y (XOR2x1_ASAP7_75t_R)
   0.00  590.52 ^ _43982_/D (DFFLQNx3_ASAP7_75t_R)
         590.52   data arrival time

  10.00   10.00   clock clk' (fall edge)
   0.00   10.00   clock network delay (ideal)
   0.00   10.00   clock reconvergence pessimism
          10.00 v _43982_/CLK (DFFLQNx3_ASAP7_75t_R)
  -5.22    4.78   library setup time
           4.78   data required time
---------------------------------------------------------
           4.78   data required time
        -590.52   data arrival time
---------------------------------------------------------
        -585.74   slack (VIOLATED)


Startpoint: _44136_ (falling edge-triggered flip-flop clocked by clk')
Endpoint: _43964_ (falling edge-triggered flip-flop clocked by clk')
Path Group: clk
Path Type: max

  Delay    Time   Description
---------------------------------------------------------
   0.00    0.00   clock clk' (fall edge)
   0.00    0.00   clock network delay (ideal)
   0.00    0.00 v _44136_/CLK (DFFLQNx3_ASAP7_75t_R)
 112.05  112.05 v _44136_/QN (DFFLQNx3_ASAP7_75t_R)
  52.59  164.64 v rebuffer1387/Y (BUFx4f_ASAP7_75t_R)
  34.25  198.89 v rebuffer1389/Y (BUFx6f_ASAP7_75t_R)
  35.29  234.17 ^ _31365_/Y (NAND2x2_ASAP7_75t_R)
  37.94  272.11 ^ rebuffer1353/Y (BUFx6f_ASAP7_75t_R)
  29.44  301.56 ^ rebuffer1354/Y (BUFx2_ASAP7_75t_R)
  16.00  317.56 v _31369_/Y (NAND2x2_ASAP7_75t_R)
  22.08  339.63 ^ _31731_/Y (INVx1_ASAP7_75t_R)
  16.15  355.79 v _33590_/Y (AOI22x1_ASAP7_75t_R)
  32.58  388.36 v _33591_/Y (OA21x2_ASAP7_75t_R)
  22.88  411.24 ^ _33594_/Y (NAND3x1_ASAP7_75t_R)
  22.24  433.48 v _33599_/Y (NOR2x1_ASAP7_75t_R)
  27.74  461.22 ^ _33624_/Y (NAND2x1_ASAP7_75t_R)
  35.85  497.07 v _33625_/Y (NOR2x2_ASAP7_75t_R)
  40.49  537.56 v rebuffer3256/Y (BUFx2_ASAP7_75t_R)
  36.45  574.01 v _43343_/Y (XOR2x1_ASAP7_75t_R)
   0.00  574.01 v _43964_/D (DFFLQNx2_ASAP7_75t_R)
         574.01   data arrival time

  10.00   10.00   clock clk' (fall edge)
   0.00   10.00   clock network delay (ideal)
   0.00   10.00   clock reconvergence pessimism
          10.00 v _43964_/CLK (DFFLQNx2_ASAP7_75t_R)
 -19.98   -9.98   library setup time
          -9.98   data required time
---------------------------------------------------------
          -9.98   data required time
        -574.01   data arrival time
---------------------------------------------------------
        -583.99   slack (VIOLATED)


Startpoint: _44160_ (falling edge-triggered flip-flop clocked by clk')
Endpoint: _44008_ (falling edge-triggered flip-flop clocked by clk')
Path Group: clk
Path Type: max

  Delay    Time   Description
---------------------------------------------------------
   0.00    0.00   clock clk' (fall edge)
   0.00    0.00   clock network delay (ideal)
   0.00    0.00 v _44160_/CLK (DFFLQNx3_ASAP7_75t_R)
 119.73  119.73 v _44160_/QN (DFFLQNx3_ASAP7_75t_R)
  46.42  166.15 v rebuffer1300/Y (BUFx12f_ASAP7_75t_R)
  29.18  195.33 v rebuffer1303/Y (BUFx6f_ASAP7_75t_R)
  21.87  217.20 ^ _39552_/Y (NOR2x2_ASAP7_75t_R)
  36.31  253.51 ^ rebuffer1250/Y (BUFx12f_ASAP7_75t_R)
  24.93  278.43 v _39553_/Y (NAND2x2_ASAP7_75t_R)
  33.30  311.74 v rebuffer2316/Y (BUFx6f_ASAP7_75t_R)
  41.63  353.37 v _39705_/Y (AO21x2_ASAP7_75t_R)
  27.74  381.10 v _39712_/Y (AND3x1_ASAP7_75t_R)
  20.83  401.93 ^ _39713_/Y (NAND2x1_ASAP7_75t_R)
  17.43  419.36 v _39714_/Y (INVx1_ASAP7_75t_R)
  27.45  446.81 ^ _39715_/Y (NAND2x1_ASAP7_75t_R)
  21.38  468.19 v _39716_/Y (NOR2x2_ASAP7_75t_R)
  30.60  498.79 ^ _39808_/Y (NAND2x2_ASAP7_75t_R)
  30.69  529.47 v _39809_/Y (NOR2x2_ASAP7_75t_R)
  43.28  572.75 v _43291_/Y (XOR2x1_ASAP7_75t_R)
   0.00  572.75 v _44008_/D (DFFLQNx3_ASAP7_75t_R)
         572.75   data arrival time

  10.00   10.00   clock clk' (fall edge)
   0.00   10.00   clock network delay (ideal)
   0.00   10.00   clock reconvergence pessimism
          10.00 v _44008_/CLK (DFFLQNx3_ASAP7_75t_R)
 -21.00  -11.00   library setup time
         -11.00   data required time
---------------------------------------------------------
         -11.00   data required time
        -572.75   data arrival time
---------------------------------------------------------
        -583.75   slack (VIOLATED)


Startpoint: _44113_ (falling edge-triggered flip-flop clocked by clk')
Endpoint: _44069_ (falling edge-triggered flip-flop clocked by clk')
Path Group: clk
Path Type: max

  Delay    Time   Description
---------------------------------------------------------
   0.00    0.00   clock clk' (fall edge)
   0.00    0.00   clock network delay (ideal)
   0.00    0.00 v _44113_/CLK (DFFLQNx3_ASAP7_75t_R)
 117.55  117.55 v _44113_/QN (DFFLQNx3_ASAP7_75t_R)
  41.88  159.43 v rebuffer767/Y (BUFx12f_ASAP7_75t_R)
  22.16  181.59 ^ _34683_/Y (NOR2x2_ASAP7_75t_R)
  47.37  228.96 ^ rebuffer608/Y (BUFx2_ASAP7_75t_R)
  25.65  254.61 v _34813_/Y (INVx3_ASAP7_75t_R)
  29.16  283.77 ^ _34850_/Y (NOR2x2_ASAP7_75t_R)
  52.20  335.97 ^ _35022_/Y (OA21x2_ASAP7_75t_R)
  23.36  359.33 v _37856_/Y (NOR2x2_ASAP7_75t_R)
  24.14  383.47 ^ _37859_/Y (NAND3x2_ASAP7_75t_R)
  23.96  407.43 v _37860_/Y (NOR2x1_ASAP7_75t_R)
  19.69  427.12 ^ _37861_/Y (NAND2x1_ASAP7_75t_R)
  25.03  452.15 v _37862_/Y (NOR2x1_ASAP7_75t_R)
  30.56  482.71 ^ _37863_/Y (NAND2x2_ASAP7_75t_R)
  41.53  524.24 v _37864_/Y (NOR2x2_ASAP7_75t_R)
  46.77  571.01 v _43240_/Y (XOR2x1_ASAP7_75t_R)
   0.00  571.01 v _44069_/D (DFFLQNx3_ASAP7_75t_R)
         571.01   data arrival time

  10.00   10.00   clock clk' (fall edge)
   0.00   10.00   clock network delay (ideal)
   0.00   10.00   clock reconvergence pessimism
          10.00 v _44069_/CLK (DFFLQNx3_ASAP7_75t_R)
 -20.46  -10.46   library setup time
         -10.46   data required time
---------------------------------------------------------
         -10.46   data required time
        -571.01   data arrival time
---------------------------------------------------------
        -581.47   slack (VIOLATED)


Startpoint: _44160_ (falling edge-triggered flip-flop clocked by clk')
Endpoint: _44011_ (falling edge-triggered flip-flop clocked by clk')
Path Group: clk
Path Type: max

  Delay    Time   Description
---------------------------------------------------------
   0.00    0.00   clock clk' (fall edge)
   0.00    0.00   clock network delay (ideal)
   0.00    0.00 v _44160_/CLK (DFFLQNx3_ASAP7_75t_R)
 119.73  119.73 v _44160_/QN (DFFLQNx3_ASAP7_75t_R)
  46.42  166.15 v rebuffer1300/Y (BUFx12f_ASAP7_75t_R)
  29.18  195.33 v rebuffer1303/Y (BUFx6f_ASAP7_75t_R)
  21.87  217.20 ^ _39552_/Y (NOR2x2_ASAP7_75t_R)
  36.31  253.51 ^ rebuffer1250/Y (BUFx12f_ASAP7_75t_R)
  24.93  278.43 v _39553_/Y (NAND2x2_ASAP7_75t_R)
  37.77  316.21 v rebuffer2317/Y (BUFx2_ASAP7_75t_R)
  34.35  350.56 v _40981_/Y (AO21x1_ASAP7_75t_R)
  13.97  364.53 ^ _40982_/Y (OAI21x1_ASAP7_75t_R)
  22.24  386.77 v _40985_/Y (NOR2x1_ASAP7_75t_R)
  25.37  412.14 ^ _40986_/Y (NAND2x1_ASAP7_75t_R)
  18.43  430.57 v _41178_/Y (INVx1_ASAP7_75t_R)
  21.12  451.68 ^ _41180_/Y (NAND2x1_ASAP7_75t_R)
  24.27  475.96 v _41185_/Y (NOR2x1_ASAP7_75t_R)
  39.21  515.17 ^ _41186_/Y (NAND2x2_ASAP7_75t_R)
  41.02  556.19 ^ rebuffer2038/Y (BUFx2_ASAP7_75t_R)
  28.12  584.30 ^ _43294_/Y (XOR2x1_ASAP7_75t_R)
   0.00  584.30 ^ _44011_/D (DFFLQNx2_ASAP7_75t_R)
         584.30   data arrival time

  10.00   10.00   clock clk' (fall edge)
   0.00   10.00   clock network delay (ideal)
   0.00   10.00   clock reconvergence pessimism
          10.00 v _44011_/CLK (DFFLQNx2_ASAP7_75t_R)
  -5.63    4.37   library setup time
           4.37   data required time
---------------------------------------------------------
           4.37   data required time
        -584.30   data arrival time
---------------------------------------------------------
        -579.93   slack (VIOLATED)


Startpoint: _44185_ (falling edge-triggered flip-flop clocked by clk')
Endpoint: _44028_ (falling edge-triggered flip-flop clocked by clk')
Path Group: clk
Path Type: max

  Delay    Time   Description
---------------------------------------------------------
   0.00    0.00   clock clk' (fall edge)
   0.00    0.00   clock network delay (ideal)
   0.00    0.00 v _44185_/CLK (DFFLQNx3_ASAP7_75t_R)
 112.52  112.52 v _44185_/QN (DFFLQNx3_ASAP7_75t_R)
  39.43  151.95 v rebuffer1055/Y (BUFx12f_ASAP7_75t_R)
  28.73  180.68 v rebuffer1056/Y (BUFx12f_ASAP7_75t_R)
  29.04  209.72 ^ _30469_/Y (NOR2x2_ASAP7_75t_R)
  43.93  253.65 ^ rebuffer794/Y (BUFx3_ASAP7_75t_R)
  32.08  285.72 ^ rebuffer795/Y (BUFx4f_ASAP7_75t_R)
  25.12  310.84 v _30541_/Y (NAND2x2_ASAP7_75t_R)
  41.97  352.81 v _33194_/Y (AO21x1_ASAP7_75t_R)
  28.74  381.56 v _33196_/Y (AND3x1_ASAP7_75t_R)
  23.67  405.23 ^ _33197_/Y (NAND2x1_ASAP7_75t_R)
  22.99  428.21 v _33198_/Y (NOR2x2_ASAP7_75t_R)
  34.42  462.63 ^ _33199_/Y (NAND3x2_ASAP7_75t_R)
  32.89  495.52 v _33200_/Y (NOR2x2_ASAP7_75t_R)
  37.86  533.38 v rebuffer3343/Y (BUFx2_ASAP7_75t_R)
  36.38  569.76 v _43279_/Y (XOR2x1_ASAP7_75t_R)
   0.00  569.76 v _44028_/D (DFFLQNx2_ASAP7_75t_R)
         569.76   data arrival time

  10.00   10.00   clock clk' (fall edge)
   0.00   10.00   clock network delay (ideal)
   0.00   10.00   clock reconvergence pessimism
          10.00 v _44028_/CLK (DFFLQNx2_ASAP7_75t_R)
 -20.03  -10.03   library setup time
         -10.03   data required time
---------------------------------------------------------
         -10.03   data required time
        -569.76   data arrival time
---------------------------------------------------------
        -579.79   slack (VIOLATED)


Startpoint: _44176_ (falling edge-triggered flip-flop clocked by clk')
Endpoint: _44048_ (falling edge-triggered flip-flop clocked by clk')
Path Group: clk
Path Type: max

  Delay    Time   Description
---------------------------------------------------------
   0.00    0.00   clock clk' (fall edge)
   0.00    0.00   clock network delay (ideal)
   0.00    0.00 v _44176_/CLK (DFFLQNx3_ASAP7_75t_R)
 133.62  133.62 v _44176_/QN (DFFLQNx3_ASAP7_75t_R)
  50.91  184.53 v rebuffer662/Y (BUFx12f_ASAP7_75t_R)
  16.48  201.01 ^ _26045_/Y (CKINVDCx20_ASAP7_75t_R)
  22.32  223.32 v _26112_/Y (NOR2x2_ASAP7_75t_R)
  34.43  257.75 v rebuffer1163/Y (BUFx12f_ASAP7_75t_R)
  30.27  288.02 v rebuffer1165/Y (BUFx3_ASAP7_75t_R)
  15.59  303.61 ^ _26257_/Y (NOR2x2_ASAP7_75t_R)
  15.56  319.17 v _26258_/Y (INVx2_ASAP7_75t_R)
  20.80  339.97 ^ _26259_/Y (NOR2x1_ASAP7_75t_R)
  20.38  360.35 v _26262_/Y (NOR2x1_ASAP7_75t_R)
  20.18  380.53 ^ _26267_/Y (NAND2x1_ASAP7_75t_R)
  22.51  403.04 v _26278_/Y (NOR2x1_ASAP7_75t_R)
  24.05  427.09 ^ _26715_/Y (NAND3x1_ASAP7_75t_R)
  27.80  454.89 v _26716_/Y (NOR2x1_ASAP7_75t_R)
  32.38  487.27 ^ _26717_/Y (NAND2x2_ASAP7_75t_R)
  39.54  526.81 v _29908_/Y (NOR2x2_ASAP7_75t_R)
  43.68  570.49 v _43251_/Y (XOR2x1_ASAP7_75t_R)
   0.00  570.49 v _44048_/D (DFFLQNx3_ASAP7_75t_R)
         570.49   data arrival time

  10.00   10.00   clock clk' (fall edge)
   0.00   10.00   clock network delay (ideal)
   0.00   10.00   clock reconvergence pessimism
          10.00 v _44048_/CLK (DFFLQNx3_ASAP7_75t_R)
 -19.16   -9.16   library setup time
          -9.16   data required time
---------------------------------------------------------
          -9.16   data required time
        -570.49   data arrival time
---------------------------------------------------------
        -579.65   slack (VIOLATED)


Startpoint: _44183_ (falling edge-triggered flip-flop clocked by clk')
Endpoint: _44053_ (falling edge-triggered flip-flop clocked by clk')
Path Group: clk
Path Type: max

  Delay    Time   Description
---------------------------------------------------------
   0.00    0.00   clock clk' (fall edge)
   0.00    0.00   clock network delay (ideal)
   0.00    0.00 v _44183_/CLK (DFFLQNx2_ASAP7_75t_R)
 114.04  114.04 ^ _44183_/QN (DFFLQNx2_ASAP7_75t_R)
  44.05  158.09 ^ rebuffer2812/Y (BUFx6f_ASAP7_75t_R)
  17.65  175.74 v _26114_/Y (INVx4_ASAP7_75t_R)
  40.75  216.49 ^ _26255_/Y (NOR2x2_ASAP7_75t_R)
  38.02  254.51 v _26282_/Y (NAND2x2_ASAP7_75t_R)
  42.54  297.05 v rebuffer2392/Y (BUFx2_ASAP7_75t_R)
  33.49  330.54 v rebuffer2393/Y (BUFx2_ASAP7_75t_R)
  19.00  349.54 ^ _28991_/Y (NOR2x1_ASAP7_75t_R)
  23.97  373.51 v _28992_/Y (NOR2x1_ASAP7_75t_R)
  23.76  397.27 ^ _28997_/Y (NAND2x1_ASAP7_75t_R)
  18.43  415.69 v _28998_/Y (NOR2x1_ASAP7_75t_R)
  18.76  434.46 ^ _28999_/Y (NAND2x1_ASAP7_75t_R)
  25.75  460.21 v _29018_/Y (NOR2x1_ASAP7_75t_R)
  24.87  485.08 ^ _29060_/Y (NAND2x2_ASAP7_75t_R)
  35.75  520.82 v _29061_/Y (NOR2x2_ASAP7_75t_R)
  45.38  566.21 v _43256_/Y (XOR2x1_ASAP7_75t_R)
   0.00  566.21 v _44053_/D (DFFLQNx3_ASAP7_75t_R)
         566.21   data arrival time

  10.00   10.00   clock clk' (fall edge)
   0.00   10.00   clock network delay (ideal)
   0.00   10.00   clock reconvergence pessimism
          10.00 v _44053_/CLK (DFFLQNx3_ASAP7_75t_R)
 -23.37  -13.37   library setup time
         -13.37   data required time
---------------------------------------------------------
         -13.37   data required time
        -566.21   data arrival time
---------------------------------------------------------
        -579.58   slack (VIOLATED)


Startpoint: _44137_ (falling edge-triggered flip-flop clocked by clk')
Endpoint: _43965_ (falling edge-triggered flip-flop clocked by clk')
Path Group: clk
Path Type: max

  Delay    Time   Description
---------------------------------------------------------
   0.00    0.00   clock clk' (fall edge)
   0.00    0.00   clock network delay (ideal)
   0.00    0.00 v _44137_/CLK (DFFLQNx3_ASAP7_75t_R)
 114.91  114.91 v _44137_/QN (DFFLQNx3_ASAP7_75t_R)
  45.94  160.85 v rebuffer1151/Y (BUFx12f_ASAP7_75t_R)
  34.74  195.59 ^ _31383_/Y (NOR2x2_ASAP7_75t_R)
  48.92  244.52 ^ rebuffer1191/Y (BUFx2_ASAP7_75t_R)
  27.26  271.78 v _31471_/Y (NAND2x2_ASAP7_75t_R)
  46.28  318.06 v _31674_/Y (AO21x1_ASAP7_75t_R)
  27.15  345.21 ^ _31677_/Y (NAND2x2_ASAP7_75t_R)
  23.90  369.11 v _31684_/Y (NOR3x2_ASAP7_75t_R)
  30.69  399.80 ^ _31686_/Y (NAND3x2_ASAP7_75t_R)
  28.88  428.67 v _31826_/Y (NOR2x1_ASAP7_75t_R)
  43.43  472.10 ^ _31827_/Y (NAND2x2_ASAP7_75t_R)
  48.61  520.71 v _33943_/Y (NAND2x2_ASAP7_75t_R)
  46.95  567.66 v _43344_/Y (XOR2x1_ASAP7_75t_R)
   0.00  567.66 v _43965_/D (DFFLQNx2_ASAP7_75t_R)
         567.66   data arrival time

  10.00   10.00   clock clk' (fall edge)
   0.00   10.00   clock network delay (ideal)
   0.00   10.00   clock reconvergence pessimism
          10.00 v _43965_/CLK (DFFLQNx2_ASAP7_75t_R)
 -20.86  -10.86   library setup time
         -10.86   data required time
---------------------------------------------------------
         -10.86   data required time
        -567.66   data arrival time
---------------------------------------------------------
        -578.52   slack (VIOLATED)


Startpoint: _44207_ (falling edge-triggered flip-flop clocked by clk')
Endpoint: _43983_ (falling edge-triggered flip-flop clocked by clk')
Path Group: clk
Path Type: max

  Delay    Time   Description
---------------------------------------------------------
   0.00    0.00   clock clk' (fall edge)
   0.00    0.00   clock network delay (ideal)
   0.00    0.00 v _44207_/CLK (DFFLQNx2_ASAP7_75t_R)
 142.22  142.22 v _44207_/QN (DFFLQNx2_ASAP7_75t_R)
  40.10  182.31 ^ _39907_/Y (INVx4_ASAP7_75t_R)
  38.26  220.57 v _39908_/Y (NOR2x2_ASAP7_75t_R)
  68.43  289.00 ^ _39922_/Y (NAND2x2_ASAP7_75t_R)
  38.36  327.37 v _39924_/Y (AOI211x1_ASAP7_75t_R)
  29.08  356.44 ^ _39925_/Y (INVx1_ASAP7_75t_R)
  18.46  374.91 v _39931_/Y (NAND3x1_ASAP7_75t_R)
  20.25  395.16 ^ _39932_/Y (NOR2x1_ASAP7_75t_R)
  16.67  411.83 v _39959_/Y (NAND3x1_ASAP7_75t_R)
  24.32  436.14 ^ _39960_/Y (NOR2x1_ASAP7_75t_R)
  31.32  467.46 v _40047_/Y (NAND2x2_ASAP7_75t_R)
  36.04  503.50 v rebuffer2496/Y (BUFx4f_ASAP7_75t_R)
  29.85  533.35 v rebuffer2497/Y (BUFx2_ASAP7_75t_R)
  36.29  569.64 v _43330_/Y (XOR2x1_ASAP7_75t_R)
   0.00  569.64 v _43983_/D (DFFLQNx3_ASAP7_75t_R)
         569.64   data arrival time

  10.00   10.00   clock clk' (fall edge)
   0.00   10.00   clock network delay (ideal)
   0.00   10.00   clock reconvergence pessimism
          10.00 v _43983_/CLK (DFFLQNx3_ASAP7_75t_R)
 -18.71   -8.71   library setup time
          -8.71   data required time
---------------------------------------------------------
          -8.71   data required time
        -569.64   data arrival time
---------------------------------------------------------
        -578.35   slack (VIOLATED)


Startpoint: _44097_ (falling edge-triggered flip-flop clocked by clk')
Endpoint: _43997_ (falling edge-triggered flip-flop clocked by clk')
Path Group: clk
Path Type: max

  Delay    Time   Description
---------------------------------------------------------
   0.00    0.00   clock clk' (fall edge)
   0.00    0.00   clock network delay (ideal)
   0.00    0.00 v _44097_/CLK (DFFLQNx3_ASAP7_75t_R)
 125.00  125.00 v _44097_/QN (DFFLQNx3_ASAP7_75t_R)
  48.66  173.66 v rebuffer1063/Y (BUFx12f_ASAP7_75t_R)
  29.30  202.96 v rebuffer1067/Y (BUFx6f_ASAP7_75t_R)
  29.52  232.48 ^ _31092_/Y (NAND2x2_ASAP7_75t_R)
  38.11  270.59 ^ rebuffer735/Y (BUFx6f_ASAP7_75t_R)
  37.91  308.50 ^ rebuffer736/Y (BUFx2_ASAP7_75t_R)
  30.65  339.15 ^ rebuffer737/Y (BUFx3_ASAP7_75t_R)
  14.81  353.96 v _33518_/Y (AOI22x1_ASAP7_75t_R)
  22.60  376.57 ^ _33522_/Y (NAND2x1_ASAP7_75t_R)
  17.73  394.30 v _33523_/Y (NOR2x1_ASAP7_75t_R)
  28.06  422.36 ^ _33524_/Y (NAND2x1_ASAP7_75t_R)
  28.78  451.14 v _33542_/Y (NOR2x2_ASAP7_75t_R)
  28.50  479.64 ^ _33543_/Y (NAND2x2_ASAP7_75t_R)
  42.12  521.76 v _33544_/Y (NOR2x2_ASAP7_75t_R)
  45.72  567.47 v _43312_/Y (XOR2x1_ASAP7_75t_R)
   0.00  567.47 v _43997_/D (DFFLQNx2_ASAP7_75t_R)
         567.47   data arrival time

  10.00   10.00   clock clk' (fall edge)
   0.00   10.00   clock network delay (ideal)
   0.00   10.00   clock reconvergence pessimism
          10.00 v _43997_/CLK (DFFLQNx2_ASAP7_75t_R)
 -20.72  -10.72   library setup time
         -10.72   data required time
---------------------------------------------------------
         -10.72   data required time
        -567.47   data arrival time
---------------------------------------------------------
        -578.19   slack (VIOLATED)


Startpoint: _44113_ (falling edge-triggered flip-flop clocked by clk')
Endpoint: _44064_ (falling edge-triggered flip-flop clocked by clk')
Path Group: clk
Path Type: max

  Delay    Time   Description
---------------------------------------------------------
   0.00    0.00   clock clk' (fall edge)
   0.00    0.00   clock network delay (ideal)
   0.00    0.00 v _44113_/CLK (DFFLQNx3_ASAP7_75t_R)
 117.55  117.55 v _44113_/QN (DFFLQNx3_ASAP7_75t_R)
  41.88  159.43 v rebuffer767/Y (BUFx12f_ASAP7_75t_R)
  22.16  181.59 ^ _34683_/Y (NOR2x2_ASAP7_75t_R)
  47.37  228.96 ^ rebuffer608/Y (BUFx2_ASAP7_75t_R)
  37.32  266.28 v _34742_/Y (NAND2x2_ASAP7_75t_R)
  29.51  295.79 ^ _34913_/Y (NOR2x1_ASAP7_75t_R)
  24.81  320.61 v _34915_/Y (NOR2x1_ASAP7_75t_R)
  23.92  344.52 ^ _34916_/Y (NAND2x1_ASAP7_75t_R)
  17.67  362.19 v _35329_/Y (INVx1_ASAP7_75t_R)
  18.36  380.55 ^ _35330_/Y (NAND2x1_ASAP7_75t_R)
  18.74  399.29 v _35331_/Y (NOR2x1_ASAP7_75t_R)
  26.22  425.51 ^ _35332_/Y (NAND2x1_ASAP7_75t_R)
  22.27  447.78 v _35333_/Y (NOR2x2_ASAP7_75t_R)
  35.16  482.94 ^ _35334_/Y (NAND2x2_ASAP7_75t_R)
  39.77  522.71 v clone3446/Y (NOR2x2_ASAP7_75t_R)
  44.19  566.90 v _43235_/Y (XOR2x1_ASAP7_75t_R)
   0.00  566.90 v _44064_/D (DFFLQNx3_ASAP7_75t_R)
         566.90   data arrival time

  10.00   10.00   clock clk' (fall edge)
   0.00   10.00   clock network delay (ideal)
   0.00   10.00   clock reconvergence pessimism
          10.00 v _44064_/CLK (DFFLQNx3_ASAP7_75t_R)
 -20.84  -10.84   library setup time
         -10.84   data required time
---------------------------------------------------------
         -10.84   data required time
        -566.90   data arrival time
---------------------------------------------------------
        -577.74   slack (VIOLATED)


Startpoint: _44089_ (falling edge-triggered flip-flop clocked by clk')
Endpoint: _44022_ (falling edge-triggered flip-flop clocked by clk')
Path Group: clk
Path Type: max

  Delay    Time   Description
---------------------------------------------------------
   0.00    0.00   clock clk' (fall edge)
   0.00    0.00   clock network delay (ideal)
   0.00    0.00 v _44089_/CLK (DFFLQNx3_ASAP7_75t_R)
 110.12  110.12 v _44089_/QN (DFFLQNx3_ASAP7_75t_R)
  37.28  147.40 v rebuffer2546/Y (BUFx6f_ASAP7_75t_R)
  29.91  177.31 v rebuffer641/Y (BUFx12f_ASAP7_75t_R)
  13.88  191.20 ^ _26453_/Y (CKINVDCx20_ASAP7_75t_R)
  30.26  221.46 v _26454_/Y (NOR2x2_ASAP7_75t_R)
  42.34  263.80 v rebuffer1575/Y (BUFx2_ASAP7_75t_R)
  28.86  292.66 ^ _26455_/Y (NAND2x2_ASAP7_75t_R)
  19.48  312.14 v _26457_/Y (AOI21x1_ASAP7_75t_R)
  22.06  334.20 ^ _26461_/Y (AOI211x1_ASAP7_75t_R)
  59.62  393.82 ^ _26485_/Y (AND4x2_ASAP7_75t_R)
  49.46  443.28 v _26486_/Y (NAND3x2_ASAP7_75t_R)
  39.26  482.55 ^ _29159_/Y (INVx4_ASAP7_75t_R)
  38.58  521.13 v _29485_/Y (NOR2x2_ASAP7_75t_R)
  43.05  564.18 v _43289_/Y (XOR2x1_ASAP7_75t_R)
   0.00  564.18 v _44022_/D (DFFLQNx3_ASAP7_75t_R)
         564.18   data arrival time

  10.00   10.00   clock clk' (fall edge)
   0.00   10.00   clock network delay (ideal)
   0.00   10.00   clock reconvergence pessimism
          10.00 v _44022_/CLK (DFFLQNx3_ASAP7_75t_R)
 -23.23  -13.23   library setup time
         -13.23   data required time
---------------------------------------------------------
         -13.23   data required time
        -564.18   data arrival time
---------------------------------------------------------
        -577.41   slack (VIOLATED)


Startpoint: _44145_ (falling edge-triggered flip-flop clocked by clk')
Endpoint: _44063_ (falling edge-triggered flip-flop clocked by clk')
Path Group: clk
Path Type: max

  Delay    Time   Description
---------------------------------------------------------
   0.00    0.00   clock clk' (fall edge)
   0.00    0.00   clock network delay (ideal)
   0.00    0.00 v _44145_/CLK (DFFLQNx3_ASAP7_75t_R)
  97.90   97.90 ^ _44145_/QN (DFFLQNx3_ASAP7_75t_R)
  37.99  135.89 ^ rebuffer3315/Y (BUFx6f_ASAP7_75t_R)
  36.13  172.02 ^ rebuffer1211/Y (BUFx12f_ASAP7_75t_R)
  15.15  187.17 v _30715_/Y (CKINVDCx20_ASAP7_75t_R)
  33.24  220.41 ^ _30716_/Y (NOR2x2_ASAP7_75t_R)
  46.43  266.84 ^ rebuffer2845/Y (BUFx6f_ASAP7_75t_R)
  31.77  298.61 ^ rebuffer1789/Y (BUFx6f_ASAP7_75t_R)
  16.79  315.40 v clone658/Y (NAND2x2_ASAP7_75t_R)
  36.53  351.93 v _30971_/Y (AO21x1_ASAP7_75t_R)
  27.01  378.94 ^ _30972_/Y (NAND3x1_ASAP7_75t_R)
  19.97  398.91 v _30979_/Y (NOR2x1_ASAP7_75t_R)
  28.73  427.64 ^ _30980_/Y (NAND2x1_ASAP7_75t_R)
  22.13  449.77 v _31007_/Y (NOR2x2_ASAP7_75t_R)
  39.35  489.12 ^ _31059_/Y (NAND2x2_ASAP7_75t_R)
  39.49  528.60 ^ rebuffer2335/Y (BUFx6f_ASAP7_75t_R)
  39.56  568.16 v _43250_/Y (XOR2x2_ASAP7_75t_R)
   0.00  568.16 v _44063_/D (DFFLQNx3_ASAP7_75t_R)
         568.16   data arrival time

  10.00   10.00   clock clk' (fall edge)
   0.00   10.00   clock network delay (ideal)
   0.00   10.00   clock reconvergence pessimism
          10.00 v _44063_/CLK (DFFLQNx3_ASAP7_75t_R)
 -17.51   -7.51   library setup time
          -7.51   data required time
---------------------------------------------------------
          -7.51   data required time
        -568.16   data arrival time
---------------------------------------------------------
        -575.67   slack (VIOLATED)


Startpoint: _44168_ (falling edge-triggered flip-flop clocked by clk')
Endpoint: _43959_ (falling edge-triggered flip-flop clocked by clk')
Path Group: clk
Path Type: max

  Delay    Time   Description
---------------------------------------------------------
   0.00    0.00   clock clk' (fall edge)
   0.00    0.00   clock network delay (ideal)
   0.00    0.00 v _44168_/CLK (DFFLQNx3_ASAP7_75t_R)
 122.71  122.71 v _44168_/QN (DFFLQNx3_ASAP7_75t_R)
  45.05  167.76 v rebuffer2656/Y (BUFx2_ASAP7_75t_R)
  25.93  193.69 v rebuffer1404/Y (BUFx6f_ASAP7_75t_R)
  36.68  230.37 ^ _27029_/Y (NOR2x2_ASAP7_75t_R)
  41.87  272.25 ^ rebuffer2106/Y (BUFx6f_ASAP7_75t_R)
  26.36  298.61 v _27233_/Y (NAND2x2_ASAP7_75t_R)
  36.44  335.05 v _27243_/Y (AO21x1_ASAP7_75t_R)
  29.66  364.71 v _27244_/Y (AND2x2_ASAP7_75t_R)
  19.37  384.08 ^ _27248_/Y (NAND2x1_ASAP7_75t_R)
  15.79  399.86 v _27249_/Y (NOR2x1_ASAP7_75t_R)
  22.77  422.63 ^ _27250_/Y (INVx1_ASAP7_75t_R)
  22.19  444.82 v _27251_/Y (NOR2x2_ASAP7_75t_R)
  21.98  466.80 ^ _27655_/Y (NAND2x2_ASAP7_75t_R)
  34.40  501.20 ^ rebuffer2985/Y (BUFx2_ASAP7_75t_R)
  22.91  524.11 v clone2224/Y (NOR2x2_ASAP7_75t_R)
  43.10  567.22 v _43354_/Y (XOR2x2_ASAP7_75t_R)
   0.00  567.22 v _43959_/D (DFFLQNx3_ASAP7_75t_R)
         567.22   data arrival time

  10.00   10.00   clock clk' (fall edge)
   0.00   10.00   clock network delay (ideal)
   0.00   10.00   clock reconvergence pessimism
          10.00 v _43959_/CLK (DFFLQNx3_ASAP7_75t_R)
 -17.89   -7.89   library setup time
          -7.89   data required time
---------------------------------------------------------
          -7.89   data required time
        -567.22   data arrival time
---------------------------------------------------------
        -575.10   slack (VIOLATED)


Startpoint: _44160_ (falling edge-triggered flip-flop clocked by clk')
Endpoint: _44013_ (falling edge-triggered flip-flop clocked by clk')
Path Group: clk
Path Type: max

  Delay    Time   Description
---------------------------------------------------------
   0.00    0.00   clock clk' (fall edge)
   0.00    0.00   clock network delay (ideal)
   0.00    0.00 v _44160_/CLK (DFFLQNx3_ASAP7_75t_R)
 119.73  119.73 v _44160_/QN (DFFLQNx3_ASAP7_75t_R)
  46.42  166.15 v rebuffer1300/Y (BUFx12f_ASAP7_75t_R)
  29.18  195.33 v rebuffer1303/Y (BUFx6f_ASAP7_75t_R)
  21.87  217.20 ^ _39552_/Y (NOR2x2_ASAP7_75t_R)
  31.89  249.09 ^ rebuffer1249/Y (BUFx6f_ASAP7_75t_R)
  24.74  273.83 v _39652_/Y (NAND2x2_ASAP7_75t_R)
  35.66  309.49 v rebuffer759/Y (BUFx6f_ASAP7_75t_R)
  24.03  333.51 v rebuffer761/Y (BUFx6f_ASAP7_75t_R)
  32.03  365.55 v _41993_/Y (AO21x1_ASAP7_75t_R)
  24.13  389.67 ^ _41995_/Y (NAND3x1_ASAP7_75t_R)
  21.61  411.28 v _41996_/Y (NOR2x1_ASAP7_75t_R)
  25.14  436.43 ^ _42000_/Y (NAND3x1_ASAP7_75t_R)
  26.98  463.41 v _42001_/Y (NOR2x1_ASAP7_75t_R)
  27.37  490.78 ^ _42002_/Y (NAND2x2_ASAP7_75t_R)
  29.77  520.55 v _42003_/Y (NOR2x2_ASAP7_75t_R)
  43.01  563.56 v _43296_/Y (XOR2x1_ASAP7_75t_R)
   0.00  563.56 v _44013_/D (DFFLQNx3_ASAP7_75t_R)
         563.56   data arrival time

  10.00   10.00   clock clk' (fall edge)
   0.00   10.00   clock network delay (ideal)
   0.00   10.00   clock reconvergence pessimism
          10.00 v _44013_/CLK (DFFLQNx3_ASAP7_75t_R)
 -21.25  -11.25   library setup time
         -11.25   data required time
---------------------------------------------------------
         -11.25   data required time
        -563.56   data arrival time
---------------------------------------------------------
        -574.81   slack (VIOLATED)


Startpoint: _44097_ (falling edge-triggered flip-flop clocked by clk')
Endpoint: _43996_ (falling edge-triggered flip-flop clocked by clk')
Path Group: clk
Path Type: max

  Delay    Time   Description
---------------------------------------------------------
   0.00    0.00   clock clk' (fall edge)
   0.00    0.00   clock network delay (ideal)
   0.00    0.00 v _44097_/CLK (DFFLQNx3_ASAP7_75t_R)
 125.00  125.00 v _44097_/QN (DFFLQNx3_ASAP7_75t_R)
  48.66  173.66 v rebuffer1063/Y (BUFx12f_ASAP7_75t_R)
  29.30  202.96 v rebuffer1067/Y (BUFx6f_ASAP7_75t_R)
  29.52  232.48 ^ _31092_/Y (NAND2x2_ASAP7_75t_R)
  30.00  262.48 v _31155_/Y (INVx4_ASAP7_75t_R)
  34.54  297.02 ^ _31156_/Y (NAND2x2_ASAP7_75t_R)
  36.06  333.07 ^ rebuffer1790/Y (BUFx3_ASAP7_75t_R)
  16.05  349.12 v _31157_/Y (NOR2x1_ASAP7_75t_R)
  38.24  387.36 v _32994_/Y (AO21x1_ASAP7_75t_R)
  24.21  411.57 ^ _32995_/Y (AOI211x1_ASAP7_75t_R)
  19.68  431.25 v _32996_/Y (NAND2x1_ASAP7_75t_R)
  23.59  454.84 ^ _32997_/Y (NOR2x1_ASAP7_75t_R)
  23.40  478.24 v _33017_/Y (NAND2x2_ASAP7_75t_R)
  38.90  517.13 ^ _33049_/Y (NOR2x2_ASAP7_75t_R)
  50.00  567.13 v _43311_/Y (XOR2x2_ASAP7_75t_R)
   0.00  567.13 v _43996_/D (DFFLQNx3_ASAP7_75t_R)
         567.13   data arrival time

  10.00   10.00   clock clk' (fall edge)
   0.00   10.00   clock network delay (ideal)
   0.00   10.00   clock reconvergence pessimism
          10.00 v _43996_/CLK (DFFLQNx3_ASAP7_75t_R)
 -17.62   -7.62   library setup time
          -7.62   data required time
---------------------------------------------------------
          -7.62   data required time
        -567.13   data arrival time
---------------------------------------------------------
        -574.75   slack (VIOLATED)


Startpoint: _44193_ (falling edge-triggered flip-flop clocked by clk')
Endpoint: _44000_ (falling edge-triggered flip-flop clocked by clk')
Path Group: clk
Path Type: max

  Delay    Time   Description
---------------------------------------------------------
   0.00    0.00   clock clk' (fall edge)
   0.00    0.00   clock network delay (ideal)
   0.00    0.00 v _44193_/CLK (DFFLQNx3_ASAP7_75t_R)
 109.79  109.79 v _44193_/QN (DFFLQNx3_ASAP7_75t_R)
  45.44  155.23 v rebuffer900/Y (BUFx12f_ASAP7_75t_R)
  33.26  188.49 v rebuffer901/Y (BUFx12f_ASAP7_75t_R)
  32.34  220.83 v rebuffer902/Y (BUFx3_ASAP7_75t_R)
  23.48  244.31 ^ _35364_/Y (NOR2x2_ASAP7_75t_R)
  42.70  287.01 ^ _35365_/Y (OA21x2_ASAP7_75t_R)
  19.40  306.41 v _35366_/Y (INVx1_ASAP7_75t_R)
  28.59  335.00 ^ _35367_/Y (NAND2x1_ASAP7_75t_R)
  24.10  359.10 v _35385_/Y (NOR2x2_ASAP7_75t_R)
  21.30  380.40 ^ _35393_/Y (NAND3x2_ASAP7_75t_R)
  24.81  405.21 v _35394_/Y (NOR2x1_ASAP7_75t_R)
  28.75  433.95 ^ _35395_/Y (NAND2x2_ASAP7_75t_R)
  34.97  468.93 ^ rebuffer3217/Y (BUFx12f_ASAP7_75t_R)
  32.31  501.24 ^ rebuffer3218/Y (BUFx2_ASAP7_75t_R)
  22.74  523.98 v _35606_/Y (NAND2x2_ASAP7_75t_R)
  41.76  565.74 v _43299_/Y (XOR2x1_ASAP7_75t_R)
   0.00  565.74 v _44000_/D (DFFLQNx3_ASAP7_75t_R)
         565.74   data arrival time

  10.00   10.00   clock clk' (fall edge)
   0.00   10.00   clock network delay (ideal)
   0.00   10.00   clock reconvergence pessimism
          10.00 v _44000_/CLK (DFFLQNx3_ASAP7_75t_R)
 -18.69   -8.69   library setup time
          -8.69   data required time
---------------------------------------------------------
          -8.69   data required time
        -565.74   data arrival time
---------------------------------------------------------
        -574.43   slack (VIOLATED)


Startpoint: _44097_ (falling edge-triggered flip-flop clocked by clk')
Endpoint: _43993_ (falling edge-triggered flip-flop clocked by clk')
Path Group: clk
Path Type: max

  Delay    Time   Description
---------------------------------------------------------
   0.00    0.00   clock clk' (fall edge)
   0.00    0.00   clock network delay (ideal)
   0.00    0.00 v _44097_/CLK (DFFLQNx3_ASAP7_75t_R)
 125.00  125.00 v _44097_/QN (DFFLQNx3_ASAP7_75t_R)
  48.66  173.66 v rebuffer1063/Y (BUFx12f_ASAP7_75t_R)
  36.20  209.86 v rebuffer1066/Y (BUFx2_ASAP7_75t_R)
  20.08  229.94 ^ _31134_/Y (NOR2x2_ASAP7_75t_R)
  53.87  283.80 ^ clone3293/Y (BUFx4_ASAP7_75t_R)
  27.33  311.13 v clone3193/Y (NAND2x2_ASAP7_75t_R)
  34.11  345.25 v _31978_/Y (AO21x1_ASAP7_75t_R)
  31.27  376.51 v _31980_/Y (AND2x2_ASAP7_75t_R)
  18.07  394.58 ^ _31981_/Y (NAND2x1_ASAP7_75t_R)
  23.93  418.51 v _31987_/Y (NOR3x1_ASAP7_75t_R)
  20.45  438.96 ^ _31988_/Y (NAND2x1_ASAP7_75t_R)
  19.90  458.86 v _32047_/Y (AOI211x1_ASAP7_75t_R)
  37.06  495.92 v rebuffer3186/Y (BUFx6f_ASAP7_75t_R)
  30.89  526.81 v rebuffer3187/Y (BUFx2_ASAP7_75t_R)
  36.29  563.10 v _43308_/Y (XOR2x1_ASAP7_75t_R)
   0.00  563.10 v _43993_/D (DFFLQNx2_ASAP7_75t_R)
         563.10   data arrival time

  10.00   10.00   clock clk' (fall edge)
   0.00   10.00   clock network delay (ideal)
   0.00   10.00   clock reconvergence pessimism
          10.00 v _43993_/CLK (DFFLQNx2_ASAP7_75t_R)
 -20.72  -10.72   library setup time
         -10.72   data required time
---------------------------------------------------------
         -10.72   data required time
        -563.10   data arrival time
---------------------------------------------------------
        -573.82   slack (VIOLATED)


Startpoint: _44160_ (falling edge-triggered flip-flop clocked by clk')
Endpoint: _44009_ (falling edge-triggered flip-flop clocked by clk')
Path Group: clk
Path Type: max

  Delay    Time   Description
---------------------------------------------------------
   0.00    0.00   clock clk' (fall edge)
   0.00    0.00   clock network delay (ideal)
   0.00    0.00 v _44160_/CLK (DFFLQNx3_ASAP7_75t_R)
 119.73  119.73 v _44160_/QN (DFFLQNx3_ASAP7_75t_R)
  46.42  166.15 v rebuffer1300/Y (BUFx12f_ASAP7_75t_R)
  29.18  195.33 v rebuffer1303/Y (BUFx6f_ASAP7_75t_R)
  21.87  217.20 ^ _39552_/Y (NOR2x2_ASAP7_75t_R)
  31.89  249.09 ^ rebuffer1249/Y (BUFx6f_ASAP7_75t_R)
  24.74  273.83 v _39652_/Y (NAND2x2_ASAP7_75t_R)
  35.66  309.49 v rebuffer759/Y (BUFx6f_ASAP7_75t_R)
  27.89  337.38 v rebuffer760/Y (BUFx2_ASAP7_75t_R)
  32.20  369.58 v _40533_/Y (AO21x1_ASAP7_75t_R)
  26.59  396.17 ^ _40534_/Y (NAND3x1_ASAP7_75t_R)
  22.56  418.72 v _40544_/Y (NOR2x1_ASAP7_75t_R)
  19.66  438.38 ^ _40545_/Y (NAND2x1_ASAP7_75t_R)
  23.60  461.98 v _40546_/Y (NOR2x1_ASAP7_75t_R)
  22.03  484.01 ^ _40547_/Y (NAND2x2_ASAP7_75t_R)
  32.94  516.95 v _40548_/Y (NOR2x2_ASAP7_75t_R)
  45.88  562.83 v _43292_/Y (XOR2x1_ASAP7_75t_R)
   0.00  562.83 v _44009_/D (DFFLQNx1_ASAP7_75t_R)
         562.83   data arrival time

  10.00   10.00   clock clk' (fall edge)
   0.00   10.00   clock network delay (ideal)
   0.00   10.00   clock reconvergence pessimism
          10.00 v _44009_/CLK (DFFLQNx1_ASAP7_75t_R)
 -20.99  -10.99   library setup time
         -10.99   data required time
---------------------------------------------------------
         -10.99   data required time
        -562.83   data arrival time
---------------------------------------------------------
        -573.81   slack (VIOLATED)


Startpoint: _44107_ (falling edge-triggered flip-flop clocked by clk')
Endpoint: _43968_ (falling edge-triggered flip-flop clocked by clk')
Path Group: clk
Path Type: max

  Delay    Time   Description
---------------------------------------------------------
   0.00    0.00   clock clk' (fall edge)
   0.00    0.00   clock network delay (ideal)
   0.00    0.00 v _44107_/CLK (DFFLQNx3_ASAP7_75t_R)
 114.63  114.63 v _44107_/QN (DFFLQNx3_ASAP7_75t_R)
  40.78  155.42 v rebuffer1571/Y (BUFx12f_ASAP7_75t_R)
  25.76  181.17 ^ _35616_/Y (NOR2x2_ASAP7_75t_R)
  36.88  218.06 ^ rebuffer738/Y (BUFx6f_ASAP7_75t_R)
  25.80  243.86 ^ rebuffer739/Y (BUFx6f_ASAP7_75t_R)
  17.32  261.17 v _36265_/Y (NAND2x2_ASAP7_75t_R)
  49.10  310.27 v _36382_/Y (AO21x2_ASAP7_75t_R)
  23.40  333.67 ^ _36385_/Y (NAND3x2_ASAP7_75t_R)
  22.74  356.40 v _36390_/Y (NOR2x2_ASAP7_75t_R)
  21.31  377.72 ^ _36392_/Y (NAND3x2_ASAP7_75t_R)
  24.76  402.48 v _36419_/Y (NOR2x1_ASAP7_75t_R)
  49.64  452.11 ^ _36420_/Y (NAND2x2_ASAP7_75t_R)
  42.02  494.14 ^ rebuffer2292/Y (BUFx4f_ASAP7_75t_R)
  26.91  521.04 v _38572_/Y (NAND2x2_ASAP7_75t_R)
  43.01  564.05 v _43331_/Y (XOR2x1_ASAP7_75t_R)
   0.00  564.05 v _43968_/D (DFFLQNx3_ASAP7_75t_R)
         564.05   data arrival time

  10.00   10.00   clock clk' (fall edge)
   0.00   10.00   clock network delay (ideal)
   0.00   10.00   clock reconvergence pessimism
          10.00 v _43968_/CLK (DFFLQNx3_ASAP7_75t_R)
 -19.43   -9.43   library setup time
          -9.43   data required time
---------------------------------------------------------
          -9.43   data required time
        -564.05   data arrival time
---------------------------------------------------------
        -573.49   slack (VIOLATED)


Startpoint: _44128_ (falling edge-triggered flip-flop clocked by clk')
Endpoint: _43988_ (falling edge-triggered flip-flop clocked by clk')
Path Group: clk
Path Type: max

  Delay    Time   Description
---------------------------------------------------------
   0.00    0.00   clock clk' (fall edge)
   0.00    0.00   clock network delay (ideal)
   0.00    0.00 v _44128_/CLK (DFFLQNx3_ASAP7_75t_R)
 130.59  130.59 v _44128_/QN (DFFLQNx3_ASAP7_75t_R)
  51.76  182.35 v rebuffer1013/Y (BUFx12f_ASAP7_75t_R)
  46.02  228.37 ^ _26753_/Y (NAND2x2_ASAP7_75t_R)
  27.70  256.06 v _26754_/Y (NAND2x2_ASAP7_75t_R)
  39.29  295.35 v rebuffer1823/Y (BUFx2_ASAP7_75t_R)
  38.12  333.48 v _26801_/Y (AO21x1_ASAP7_75t_R)
  25.73  359.21 ^ _28657_/Y (NAND3x1_ASAP7_75t_R)
  20.90  380.11 v _28661_/Y (NOR2x1_ASAP7_75t_R)
  22.87  402.98 ^ _28662_/Y (INVx1_ASAP7_75t_R)
  23.54  426.52 v _28663_/Y (NOR2x2_ASAP7_75t_R)
  24.53  451.05 ^ _28664_/Y (INVx1_ASAP7_75t_R)
  25.35  476.40 v _28685_/Y (NOR2x2_ASAP7_75t_R)
  55.27  531.67 ^ _28686_/Y (NAND2x2_ASAP7_75t_R)
  46.51  578.18 ^ _43319_/Y (XOR2x1_ASAP7_75t_R)
   0.00  578.18 ^ _43988_/D (DFFLQNx1_ASAP7_75t_R)
         578.18   data arrival time

  10.00   10.00   clock clk' (fall edge)
   0.00   10.00   clock network delay (ideal)
   0.00   10.00   clock reconvergence pessimism
          10.00 v _43988_/CLK (DFFLQNx1_ASAP7_75t_R)
  -4.75    5.25   library setup time
           5.25   data required time
---------------------------------------------------------
           5.25   data required time
        -578.18   data arrival time
---------------------------------------------------------
        -572.93   slack (VIOLATED)


Startpoint: _44097_ (falling edge-triggered flip-flop clocked by clk')
Endpoint: _43998_ (falling edge-triggered flip-flop clocked by clk')
Path Group: clk
Path Type: max

  Delay    Time   Description
---------------------------------------------------------
   0.00    0.00   clock clk' (fall edge)
   0.00    0.00   clock network delay (ideal)
   0.00    0.00 v _44097_/CLK (DFFLQNx3_ASAP7_75t_R)
 125.00  125.00 v _44097_/QN (DFFLQNx3_ASAP7_75t_R)
  48.66  173.66 v rebuffer1063/Y (BUFx12f_ASAP7_75t_R)
  36.20  209.86 v rebuffer1066/Y (BUFx2_ASAP7_75t_R)
  20.08  229.94 ^ _31134_/Y (NOR2x2_ASAP7_75t_R)
  30.98  260.91 ^ rebuffer651/Y (BUFx12f_ASAP7_75t_R)
  32.36  293.27 ^ rebuffer652/Y (BUFx3_ASAP7_75t_R)
  19.20  312.47 v clone628/Y (NAND2x2_ASAP7_75t_R)
  37.24  349.71 v _31173_/Y (AO21x1_ASAP7_75t_R)
  33.75  383.46 v _33849_/Y (AND2x2_ASAP7_75t_R)
  19.03  402.49 ^ _33853_/Y (NAND3x1_ASAP7_75t_R)
  17.03  419.52 v _33854_/Y (NOR2x1_ASAP7_75t_R)
  34.24  453.76 v _33860_/Y (AND2x2_ASAP7_75t_R)
  25.74  479.49 ^ _33861_/Y (NAND2x2_ASAP7_75t_R)
  37.80  517.30 v _33867_/Y (NOR3x2_ASAP7_75t_R)
  44.87  562.16 v _43313_/Y (XOR2x1_ASAP7_75t_R)
   0.00  562.16 v _43998_/D (DFFLQNx2_ASAP7_75t_R)
         562.16   data arrival time

  10.00   10.00   clock clk' (fall edge)
   0.00   10.00   clock network delay (ideal)
   0.00   10.00   clock reconvergence pessimism
          10.00 v _43998_/CLK (DFFLQNx2_ASAP7_75t_R)
 -20.36  -10.36   library setup time
         -10.36   data required time
---------------------------------------------------------
         -10.36   data required time
        -562.16   data arrival time
---------------------------------------------------------
        -572.52   slack (VIOLATED)


Startpoint: _44187_ (falling edge-triggered flip-flop clocked by clk')
Endpoint: _44024_ (falling edge-triggered flip-flop clocked by clk')
Path Group: clk
Path Type: max

  Delay    Time   Description
---------------------------------------------------------
   0.00    0.00   clock clk' (fall edge)
   0.00    0.00   clock network delay (ideal)
   0.00    0.00 v _44187_/CLK (DFFLQNx3_ASAP7_75t_R)
 112.96  112.96 v _44187_/QN (DFFLQNx3_ASAP7_75t_R)
  39.57  152.53 v rebuffer3299/Y (BUFx3_ASAP7_75t_R)
  24.36  176.89 v rebuffer2940/Y (BUFx6f_ASAP7_75t_R)
  24.71  201.61 v clone2900/Y (BUFx6f_ASAP7_75t_R)
  28.17  229.77 v rebuffer1918/Y (BUFx3_ASAP7_75t_R)
  40.16  269.93 ^ _30448_/Y (NAND2x2_ASAP7_75t_R)
  42.89  312.82 ^ rebuffer1487/Y (BUFx6f_ASAP7_75t_R)
  21.82  334.64 v _30577_/Y (NOR2x1_ASAP7_75t_R)
  28.30  362.94 ^ _30579_/Y (NAND2x1_ASAP7_75t_R)
  18.46  381.40 v _30583_/Y (NAND2x1_ASAP7_75t_R)
  16.85  398.25 ^ _30584_/Y (NOR2x1_ASAP7_75t_R)
  15.37  413.61 v _30585_/Y (NAND2x1_ASAP7_75t_R)
  24.41  438.03 ^ _30586_/Y (NOR2x1_ASAP7_75t_R)
  18.19  456.22 v _30587_/Y (NAND2x2_ASAP7_75t_R)
  28.53  484.75 ^ _30672_/Y (NOR2x2_ASAP7_75t_R)
  34.79  519.54 v _30673_/Y (NAND2x2_ASAP7_75t_R)
  43.07  562.61 v _43275_/Y (XOR2x1_ASAP7_75t_R)
   0.00  562.61 v _44024_/D (DFFLQNx3_ASAP7_75t_R)
         562.61   data arrival time

  10.00   10.00   clock clk' (fall edge)
   0.00   10.00   clock network delay (ideal)
   0.00   10.00   clock reconvergence pessimism
          10.00 v _44024_/CLK (DFFLQNx3_ASAP7_75t_R)
 -19.72   -9.72   library setup time
          -9.72   data required time
---------------------------------------------------------
          -9.72   data required time
        -562.61   data arrival time
---------------------------------------------------------
        -572.33   slack (VIOLATED)


Startpoint: _44145_ (falling edge-triggered flip-flop clocked by clk')
Endpoint: _44057_ (falling edge-triggered flip-flop clocked by clk')
Path Group: clk
Path Type: max

  Delay    Time   Description
---------------------------------------------------------
   0.00    0.00   clock clk' (fall edge)
   0.00    0.00   clock network delay (ideal)
   0.00    0.00 v _44145_/CLK (DFFLQNx3_ASAP7_75t_R)
  97.90   97.90 ^ _44145_/QN (DFFLQNx3_ASAP7_75t_R)
  37.99  135.89 ^ rebuffer3315/Y (BUFx6f_ASAP7_75t_R)
  36.13  172.02 ^ rebuffer1211/Y (BUFx12f_ASAP7_75t_R)
  15.15  187.17 v _30715_/Y (CKINVDCx20_ASAP7_75t_R)
  33.24  220.41 ^ _30716_/Y (NOR2x2_ASAP7_75t_R)
  46.43  266.84 ^ rebuffer2845/Y (BUFx6f_ASAP7_75t_R)
  31.77  298.61 ^ rebuffer1789/Y (BUFx6f_ASAP7_75t_R)
  16.79  315.40 v clone658/Y (NAND2x2_ASAP7_75t_R)
  31.58  346.99 v _31618_/Y (AO21x1_ASAP7_75t_R)
  29.97  376.95 v _31619_/Y (AND2x2_ASAP7_75t_R)
  16.66  393.61 ^ _31622_/Y (NAND2x1_ASAP7_75t_R)
  17.72  411.33 v _31623_/Y (NOR2x1_ASAP7_75t_R)
  22.57  433.90 ^ _31624_/Y (NAND2x1_ASAP7_75t_R)
  23.64  457.53 v _31625_/Y (NOR2x1_ASAP7_75t_R)
  24.70  482.24 ^ _31670_/Y (NAND2x2_ASAP7_75t_R)
  34.72  516.95 v _31671_/Y (NOR2x2_ASAP7_75t_R)
  45.26  562.21 v _43244_/Y (XOR2x1_ASAP7_75t_R)
   0.00  562.21 v _44057_/D (DFFLQNx3_ASAP7_75t_R)
         562.21   data arrival time

  10.00   10.00   clock clk' (fall edge)
   0.00   10.00   clock network delay (ideal)
   0.00   10.00   clock reconvergence pessimism
          10.00 v _44057_/CLK (DFFLQNx3_ASAP7_75t_R)
 -19.98   -9.98   library setup time
          -9.98   data required time
---------------------------------------------------------
          -9.98   data required time
        -562.21   data arrival time
---------------------------------------------------------
        -572.19   slack (VIOLATED)


Startpoint: _44168_ (falling edge-triggered flip-flop clocked by clk')
Endpoint: _43957_ (falling edge-triggered flip-flop clocked by clk')
Path Group: clk
Path Type: max

  Delay    Time   Description
---------------------------------------------------------
   0.00    0.00   clock clk' (fall edge)
   0.00    0.00   clock network delay (ideal)
   0.00    0.00 v _44168_/CLK (DFFLQNx3_ASAP7_75t_R)
 122.71  122.71 v _44168_/QN (DFFLQNx3_ASAP7_75t_R)
  45.05  167.76 v rebuffer2656/Y (BUFx2_ASAP7_75t_R)
  25.93  193.69 v rebuffer1404/Y (BUFx6f_ASAP7_75t_R)
  36.68  230.37 ^ _27029_/Y (NOR2x2_ASAP7_75t_R)
  32.53  262.90 v _27186_/Y (INVx3_ASAP7_75t_R)
  30.78  293.68 ^ _27187_/Y (NOR2x2_ASAP7_75t_R)
  41.98  335.66 ^ rebuffer1727/Y (BUFx4f_ASAP7_75t_R)
  19.39  355.05 v _29570_/Y (NAND2x2_ASAP7_75t_R)
  29.83  384.88 v _29572_/Y (AND3x1_ASAP7_75t_R)
  21.76  406.64 ^ _29576_/Y (NAND2x1_ASAP7_75t_R)
  20.92  427.56 v _29586_/Y (NOR3x1_ASAP7_75t_R)
  30.08  457.64 ^ _29604_/Y (NAND2x1_ASAP7_75t_R)
  23.77  481.41 v _29640_/Y (NOR2x2_ASAP7_75t_R)
  48.93  530.34 ^ _29641_/Y (NAND2x2_ASAP7_75t_R)
  44.02  574.36 ^ _43352_/Y (XOR2x1_ASAP7_75t_R)
   0.00  574.36 ^ _43957_/D (DFFLQNx2_ASAP7_75t_R)
         574.36   data arrival time

  10.00   10.00   clock clk' (fall edge)
   0.00   10.00   clock network delay (ideal)
   0.00   10.00   clock reconvergence pessimism
          10.00 v _43957_/CLK (DFFLQNx2_ASAP7_75t_R)
  -6.51    3.49   library setup time
           3.49   data required time
---------------------------------------------------------
           3.49   data required time
        -574.36   data arrival time
---------------------------------------------------------
        -570.87   slack (VIOLATED)


Startpoint: _44097_ (falling edge-triggered flip-flop clocked by clk')
Endpoint: _43994_ (falling edge-triggered flip-flop clocked by clk')
Path Group: clk
Path Type: max

  Delay    Time   Description
---------------------------------------------------------
   0.00    0.00   clock clk' (fall edge)
   0.00    0.00   clock network delay (ideal)
   0.00    0.00 v _44097_/CLK (DFFLQNx3_ASAP7_75t_R)
 125.00  125.00 v _44097_/QN (DFFLQNx3_ASAP7_75t_R)
  48.66  173.66 v rebuffer1063/Y (BUFx12f_ASAP7_75t_R)
  29.30  202.96 v rebuffer1067/Y (BUFx6f_ASAP7_75t_R)
  29.52  232.48 ^ _31092_/Y (NAND2x2_ASAP7_75t_R)
  30.00  262.48 v _31155_/Y (INVx4_ASAP7_75t_R)
  38.19  300.67 ^ _31220_/Y (NAND2x2_ASAP7_75t_R)
  30.69  331.36 v _31221_/Y (NOR2x1_ASAP7_75t_R)
  18.56  349.92 ^ _32390_/Y (INVx1_ASAP7_75t_R)
  59.08  409.00 ^ _32392_/Y (AND4x2_ASAP7_75t_R)
  19.71  428.71 v _32393_/Y (NAND3x2_ASAP7_75t_R)
  23.16  451.87 ^ _32418_/Y (NOR2x2_ASAP7_75t_R)
  26.15  478.02 v _32469_/Y (NAND2x2_ASAP7_75t_R)
  44.10  522.12 v rebuffer2747/Y (BUFx2_ASAP7_75t_R)
  38.96  561.08 v _43309_/Y (XOR2x1_ASAP7_75t_R)
   0.00  561.08 v _43994_/D (DFFLQNx3_ASAP7_75t_R)
         561.08   data arrival time

  10.00   10.00   clock clk' (fall edge)
   0.00   10.00   clock network delay (ideal)
   0.00   10.00   clock reconvergence pessimism
          10.00 v _43994_/CLK (DFFLQNx3_ASAP7_75t_R)
 -19.61   -9.61   library setup time
          -9.61   data required time
---------------------------------------------------------
          -9.61   data required time
        -561.08   data arrival time
---------------------------------------------------------
        -570.68   slack (VIOLATED)


Startpoint: _44123_ (falling edge-triggered flip-flop clocked by clk')
Endpoint: _44040_ (falling edge-triggered flip-flop clocked by clk')
Path Group: clk
Path Type: max

  Delay    Time   Description
---------------------------------------------------------
   0.00    0.00   clock clk' (fall edge)
   0.00    0.00   clock network delay (ideal)
   0.00    0.00 v _44123_/CLK (DFFLQNx2_ASAP7_75t_R)
  91.64   91.64 v _44123_/QN (DFFLQNx2_ASAP7_75t_R)
  41.64  133.28 v rebuffer2108/Y (BUFx6f_ASAP7_75t_R)
  21.49  154.77 ^ _38865_/Y (INVx4_ASAP7_75t_R)
  39.39  194.16 v _38866_/Y (NAND2x2_ASAP7_75t_R)
  53.05  247.21 v rebuffer1111/Y (BUFx2_ASAP7_75t_R)
  24.79  272.00 ^ _38869_/Y (NOR2x1_ASAP7_75t_R)
  42.90  314.89 ^ _38874_/Y (OA21x2_ASAP7_75t_R)
  22.33  337.22 v _38887_/Y (NOR3x2_ASAP7_75t_R)
  26.59  363.81 ^ _38906_/Y (NAND3x2_ASAP7_75t_R)
  29.33  393.14 v _38910_/Y (NOR3x2_ASAP7_75t_R)
  52.59  445.73 ^ _38911_/Y (NAND2x2_ASAP7_75t_R)
  42.58  488.31 ^ rebuffer1344/Y (BUFx6f_ASAP7_75t_R)
  28.82  517.13 v _39128_/Y (NAND2x2_ASAP7_75t_R)
  43.71  560.84 v _43259_/Y (XOR2x1_ASAP7_75t_R)
   0.00  560.84 v _44040_/D (DFFLQNx3_ASAP7_75t_R)
         560.84   data arrival time

  10.00   10.00   clock clk' (fall edge)
   0.00   10.00   clock network delay (ideal)
   0.00   10.00   clock reconvergence pessimism
          10.00 v _44040_/CLK (DFFLQNx3_ASAP7_75t_R)
 -19.70   -9.70   library setup time
          -9.70   data required time
---------------------------------------------------------
          -9.70   data required time
        -560.84   data arrival time
---------------------------------------------------------
        -570.54   slack (VIOLATED)


Startpoint: _44168_ (falling edge-triggered flip-flop clocked by clk')
Endpoint: _43955_ (falling edge-triggered flip-flop clocked by clk')
Path Group: clk
Path Type: max

  Delay    Time   Description
---------------------------------------------------------
   0.00    0.00   clock clk' (fall edge)
   0.00    0.00   clock network delay (ideal)
   0.00    0.00 v _44168_/CLK (DFFLQNx3_ASAP7_75t_R)
 122.71  122.71 v _44168_/QN (DFFLQNx3_ASAP7_75t_R)
  45.05  167.76 v rebuffer2656/Y (BUFx2_ASAP7_75t_R)
  25.93  193.69 v rebuffer1404/Y (BUFx6f_ASAP7_75t_R)
  36.68  230.37 ^ _27029_/Y (NOR2x2_ASAP7_75t_R)
  32.53  262.90 v _27186_/Y (INVx3_ASAP7_75t_R)
  30.78  293.68 ^ _27187_/Y (NOR2x2_ASAP7_75t_R)
  41.98  335.66 ^ rebuffer1727/Y (BUFx4f_ASAP7_75t_R)
  44.62  380.28 ^ _28709_/Y (OA31x2_ASAP7_75t_R)
  16.30  396.58 v _28710_/Y (NOR2x1_ASAP7_75t_R)
  27.70  424.28 ^ _28714_/Y (NAND2x1_ASAP7_75t_R)
  23.50  447.77 v _28715_/Y (NOR2x2_ASAP7_75t_R)
  28.49  476.26 ^ _28726_/Y (NAND3x2_ASAP7_75t_R)
  37.41  513.67 v _28783_/Y (NOR2x2_ASAP7_75t_R)
  43.54  557.21 v _43350_/Y (XOR2x1_ASAP7_75t_R)
   0.00  557.21 v _43955_/D (DFFLQNx2_ASAP7_75t_R)
         557.21   data arrival time

  10.00   10.00   clock clk' (fall edge)
   0.00   10.00   clock network delay (ideal)
   0.00   10.00   clock reconvergence pessimism
          10.00 v _43955_/CLK (DFFLQNx2_ASAP7_75t_R)
 -23.06  -13.06   library setup time
         -13.06   data required time
---------------------------------------------------------
         -13.06   data required time
        -557.21   data arrival time
---------------------------------------------------------
        -570.26   slack (VIOLATED)


Startpoint: _44153_ (falling edge-triggered flip-flop clocked by clk')
Endpoint: _44038_ (falling edge-triggered flip-flop clocked by clk')
Path Group: clk
Path Type: max

  Delay    Time   Description
---------------------------------------------------------
   0.00    0.00   clock clk' (fall edge)
   0.00    0.00   clock network delay (ideal)
   0.00    0.00 v _44153_/CLK (DFFLQNx3_ASAP7_75t_R)
 109.79  109.79 v _44153_/QN (DFFLQNx3_ASAP7_75t_R)
  43.57  153.36 v rebuffer931/Y (BUFx12f_ASAP7_75t_R)
  30.97  184.33 v rebuffer932/Y (BUFx12f_ASAP7_75t_R)
  36.15  220.47 ^ _35060_/Y (NAND2x2_ASAP7_75t_R)
  30.83  251.30 v _35061_/Y (INVx5_ASAP7_75t_R)
  35.74  287.04 ^ _35190_/Y (NAND2x2_ASAP7_75t_R)
  38.26  325.30 ^ rebuffer2208/Y (BUFx4f_ASAP7_75t_R)
  26.69  351.99 ^ _38095_/Y (AO21x1_ASAP7_75t_R)
  34.90  386.89 ^ _38096_/Y (AND3x1_ASAP7_75t_R)
  33.56  420.45 ^ _38103_/Y (AND3x1_ASAP7_75t_R)
  32.85  453.30 ^ _38104_/Y (AND2x2_ASAP7_75t_R)
  15.83  469.13 v _38105_/Y (NAND2x2_ASAP7_75t_R)
  17.04  486.18 ^ _38106_/Y (NOR2x2_ASAP7_75t_R)
  29.24  515.41 v _38107_/Y (NAND2x2_ASAP7_75t_R)
  45.01  560.42 v _43273_/Y (XOR2x1_ASAP7_75t_R)
   0.00  560.42 v _44038_/D (DFFLQNx3_ASAP7_75t_R)
         560.42   data arrival time

  10.00   10.00   clock clk' (fall edge)
   0.00   10.00   clock network delay (ideal)
   0.00   10.00   clock reconvergence pessimism
          10.00 v _44038_/CLK (DFFLQNx3_ASAP7_75t_R)
 -19.66   -9.66   library setup time
          -9.66   data required time
---------------------------------------------------------
          -9.66   data required time
        -560.42   data arrival time
---------------------------------------------------------
        -570.08   slack (VIOLATED)


Startpoint: _44144_ (falling edge-triggered flip-flop clocked by clk')
Endpoint: _44056_ (falling edge-triggered flip-flop clocked by clk')
Path Group: clk
Path Type: max

  Delay    Time   Description
---------------------------------------------------------
   0.00    0.00   clock clk' (fall edge)
   0.00    0.00   clock network delay (ideal)
   0.00    0.00 v _44144_/CLK (DFFLQNx3_ASAP7_75t_R)
 112.52  112.52 v _44144_/QN (DFFLQNx3_ASAP7_75t_R)
  44.15  156.67 v rebuffer1348/Y (BUFx12f_ASAP7_75t_R)
  34.56  191.23 v rebuffer1349/Y (BUFx2_ASAP7_75t_R)
  33.40  224.62 ^ _30690_/Y (NAND2x2_ASAP7_75t_R)
  33.65  258.27 v _30691_/Y (CKINVDCx6p67_ASAP7_75t_R)
  37.36  295.63 ^ _30831_/Y (NAND2x2_ASAP7_75t_R)
  48.26  343.89 ^ _30942_/Y (AO21x1_ASAP7_75t_R)
  20.11  364.00 v _30945_/Y (NAND3x2_ASAP7_75t_R)
  21.16  385.16 ^ _30946_/Y (NOR2x2_ASAP7_75t_R)
  21.26  406.42 v _30949_/Y (NAND3x2_ASAP7_75t_R)
  53.50  459.92 ^ _30950_/Y (NOR3x2_ASAP7_75t_R)
  54.04  513.96 v _34199_/Y (NOR2x2_ASAP7_75t_R)
  45.92  559.88 v _43243_/Y (XOR2x1_ASAP7_75t_R)
   0.00  559.88 v _44056_/D (DFFLQNx1_ASAP7_75t_R)
         559.88   data arrival time

  10.00   10.00   clock clk' (fall edge)
   0.00   10.00   clock network delay (ideal)
   0.00   10.00   clock reconvergence pessimism
          10.00 v _44056_/CLK (DFFLQNx1_ASAP7_75t_R)
 -19.98   -9.98   library setup time
          -9.98   data required time
---------------------------------------------------------
          -9.98   data required time
        -559.88   data arrival time
---------------------------------------------------------
        -569.86   slack (VIOLATED)


Startpoint: _44105_ (falling edge-triggered flip-flop clocked by clk')
Endpoint: _43969_ (falling edge-triggered flip-flop clocked by clk')
Path Group: clk
Path Type: max

  Delay    Time   Description
---------------------------------------------------------
   0.00    0.00   clock clk' (fall edge)
   0.00    0.00   clock network delay (ideal)
   0.00    0.00 v _44105_/CLK (DFFLQNx3_ASAP7_75t_R)
 115.53  115.53 v _44105_/QN (DFFLQNx3_ASAP7_75t_R)
  48.46  163.99 v rebuffer1423/Y (BUFx3_ASAP7_75t_R)
  30.42  194.40 v rebuffer1424/Y (BUFx6f_ASAP7_75t_R)
  45.51  239.91 v _35699_/Y (AND2x6_ASAP7_75t_R)
  27.69  267.60 ^ _35722_/Y (NAND2x2_ASAP7_75t_R)
  39.88  307.49 ^ rebuffer887/Y (BUFx2_ASAP7_75t_R)
  29.16  336.64 ^ rebuffer888/Y (BUFx2_ASAP7_75t_R)
  36.84  373.48 ^ _36777_/Y (AO21x2_ASAP7_75t_R)
  40.68  414.16 ^ _36780_/Y (AND3x1_ASAP7_75t_R)
  15.46  429.62 v _36781_/Y (NAND2x1_ASAP7_75t_R)
  18.81  448.43 ^ _36792_/Y (NOR2x1_ASAP7_75t_R)
  15.20  463.63 v _36793_/Y (NAND2x1_ASAP7_75t_R)
  24.36  487.99 ^ _36839_/Y (NOR2x1_ASAP7_75t_R)
  28.37  516.36 v _36840_/Y (NAND2x2_ASAP7_75t_R)
  43.56  559.91 v _43332_/Y (XOR2x1_ASAP7_75t_R)
   0.00  559.91 v _43969_/D (DFFLQNx3_ASAP7_75t_R)
         559.91   data arrival time

  10.00   10.00   clock clk' (fall edge)
   0.00   10.00   clock network delay (ideal)
   0.00   10.00   clock reconvergence pessimism
          10.00 v _43969_/CLK (DFFLQNx3_ASAP7_75t_R)
 -19.87   -9.87   library setup time
          -9.87   data required time
---------------------------------------------------------
          -9.87   data required time
        -559.91   data arrival time
---------------------------------------------------------
        -569.78   slack (VIOLATED)


Startpoint: _44121_ (falling edge-triggered flip-flop clocked by clk')
Endpoint: _44047_ (falling edge-triggered flip-flop clocked by clk')
Path Group: clk
Path Type: max

  Delay    Time   Description
---------------------------------------------------------
   0.00    0.00   clock clk' (fall edge)
   0.00    0.00   clock network delay (ideal)
   0.00    0.00 v _44121_/CLK (DFFLQNx3_ASAP7_75t_R)
 123.00  123.00 v _44121_/QN (DFFLQNx3_ASAP7_75t_R)
  45.38  168.38 v rebuffer669/Y (BUFx6f_ASAP7_75t_R)
  27.56  195.94 v rebuffer673/Y (BUFx6f_ASAP7_75t_R)
  14.87  210.81 ^ _38985_/Y (NOR2x2_ASAP7_75t_R)
  34.61  245.42 ^ rebuffer2396/Y (BUFx6f_ASAP7_75t_R)
  24.95  270.37 v _38992_/Y (NAND2x2_ASAP7_75t_R)
  33.61  303.98 v rebuffer1946/Y (BUFx3_ASAP7_75t_R)
  28.87  332.85 v _42556_/Y (AO21x1_ASAP7_75t_R)
  30.03  362.88 v _42557_/Y (AND2x2_ASAP7_75t_R)
  25.20  388.08 ^ _42558_/Y (NAND3x1_ASAP7_75t_R)
  20.08  408.16 v _42559_/Y (NOR2x1_ASAP7_75t_R)
  26.21  434.37 ^ _42583_/Y (NAND2x1_ASAP7_75t_R)
  38.41  472.78 v _42619_/Y (NOR2x2_ASAP7_75t_R)
  45.39  518.17 v rebuffer1876/Y (BUFx2_ASAP7_75t_R)
  37.72  555.89 v _43266_/Y (XOR2x1_ASAP7_75t_R)
   0.00  555.89 v _44047_/D (DFFLQNx3_ASAP7_75t_R)
         555.89   data arrival time

  10.00   10.00   clock clk' (fall edge)
   0.00   10.00   clock network delay (ideal)
   0.00   10.00   clock reconvergence pessimism
          10.00 v _44047_/CLK (DFFLQNx3_ASAP7_75t_R)
 -21.53  -11.53   library setup time
         -11.53   data required time
---------------------------------------------------------
         -11.53   data required time
        -555.89   data arrival time
---------------------------------------------------------
        -567.42   slack (VIOLATED)


Startpoint: _44192_ (falling edge-triggered flip-flop clocked by clk')
Endpoint: _44005_ (falling edge-triggered flip-flop clocked by clk')
Path Group: clk
Path Type: max

  Delay    Time   Description
---------------------------------------------------------
   0.00    0.00   clock clk' (fall edge)
   0.00    0.00   clock network delay (ideal)
   0.00    0.00 v _44192_/CLK (DFFLQNx3_ASAP7_75t_R)
 148.37  148.37 v _44192_/QN (DFFLQNx3_ASAP7_75t_R)
  28.43  176.80 ^ _35344_/Y (NOR2x2_ASAP7_75t_R)
  35.37  212.18 ^ rebuffer1938/Y (BUFx6f_ASAP7_75t_R)
  28.49  240.67 ^ rebuffer570/Y (BUFx4f_ASAP7_75t_R)
  16.00  256.66 v _35518_/Y (INVx4_ASAP7_75t_R)
  39.55  296.21 ^ _35569_/Y (NOR2x2_ASAP7_75t_R)
  41.30  337.51 ^ rebuffer3260/Y (BUFx3_ASAP7_75t_R)
  15.41  352.92 v _37658_/Y (NAND2x2_ASAP7_75t_R)
  28.16  381.08 ^ _37659_/Y (NAND3x2_ASAP7_75t_R)
  22.20  403.27 v _37660_/Y (NOR2x2_ASAP7_75t_R)
  25.58  428.86 ^ _37665_/Y (NAND3x2_ASAP7_75t_R)
  26.97  455.82 v _37682_/Y (NOR2x2_ASAP7_75t_R)
  26.13  481.95 ^ _37712_/Y (NAND2x2_ASAP7_75t_R)
  31.82  513.77 v _37713_/Y (NOR2x2_ASAP7_75t_R)
  42.68  556.45 v _43304_/Y (XOR2x1_ASAP7_75t_R)
   0.00  556.45 v _44005_/D (DFFLQNx2_ASAP7_75t_R)
         556.45   data arrival time

  10.00   10.00   clock clk' (fall edge)
   0.00   10.00   clock network delay (ideal)
   0.00   10.00   clock reconvergence pessimism
          10.00 v _44005_/CLK (DFFLQNx2_ASAP7_75t_R)
 -20.27  -10.27   library setup time
         -10.27   data required time
---------------------------------------------------------
         -10.27   data required time
        -556.45   data arrival time
---------------------------------------------------------
        -566.72   slack (VIOLATED)


Startpoint: _44082_ (falling edge-triggered flip-flop clocked by clk')
Endpoint: _44077_ (falling edge-triggered flip-flop clocked by clk')
Path Group: clk
Path Type: max

  Delay    Time   Description
---------------------------------------------------------
   0.00    0.00   clock clk' (fall edge)
   0.00    0.00   clock network delay (ideal)
   0.00    0.00 v _44082_/CLK (DFFLQNx2_ASAP7_75t_R)
 129.86  129.86 v _44082_/QN (DFFLQNx2_ASAP7_75t_R)
  50.06  179.93 ^ _39162_/Y (NAND2x2_ASAP7_75t_R)
  41.94  221.87 ^ rebuffer946/Y (BUFx12f_ASAP7_75t_R)
  16.60  238.47 v _39163_/Y (INVx11_ASAP7_75t_R)
  33.75  272.22 ^ _39165_/Y (NAND2x2_ASAP7_75t_R)
  34.85  307.06 ^ rebuffer2710/Y (BUFx6f_ASAP7_75t_R)
  17.07  324.14 v _41474_/Y (NOR2x1_ASAP7_75t_R)
  51.47  375.60 v _41816_/Y (AO21x2_ASAP7_75t_R)
  19.52  395.12 ^ _42059_/Y (NOR2x2_ASAP7_75t_R)
  17.95  413.07 v _42061_/Y (NAND2x2_ASAP7_75t_R)
  22.30  435.37 ^ _42068_/Y (NOR3x2_ASAP7_75t_R)
  16.53  451.90 v _42069_/Y (NAND2x2_ASAP7_75t_R)
  23.74  475.64 ^ _42070_/Y (NOR2x2_ASAP7_75t_R)
  35.83  511.46 v _42071_/Y (NAND2x2_ASAP7_75t_R)
  44.42  555.89 v _43232_/Y (XOR2x1_ASAP7_75t_R)
   0.00  555.89 v _44077_/D (DFFLQNx3_ASAP7_75t_R)
         555.89   data arrival time

  10.00   10.00   clock clk' (fall edge)
   0.00   10.00   clock network delay (ideal)
   0.00   10.00   clock reconvergence pessimism
          10.00 v _44077_/CLK (DFFLQNx3_ASAP7_75t_R)
 -20.34  -10.34   library setup time
         -10.34   data required time
---------------------------------------------------------
         -10.34   data required time
        -555.89   data arrival time
---------------------------------------------------------
        -566.22   slack (VIOLATED)


Startpoint: _44089_ (falling edge-triggered flip-flop clocked by clk')
Endpoint: _44016_ (falling edge-triggered flip-flop clocked by clk')
Path Group: clk
Path Type: max

  Delay    Time   Description
---------------------------------------------------------
   0.00    0.00   clock clk' (fall edge)
   0.00    0.00   clock network delay (ideal)
   0.00    0.00 v _44089_/CLK (DFFLQNx3_ASAP7_75t_R)
 110.12  110.12 v _44089_/QN (DFFLQNx3_ASAP7_75t_R)
  37.28  147.40 v rebuffer2546/Y (BUFx6f_ASAP7_75t_R)
  29.91  177.31 v rebuffer641/Y (BUFx12f_ASAP7_75t_R)
  13.88  191.20 ^ _26453_/Y (CKINVDCx20_ASAP7_75t_R)
  30.26  221.46 v _26454_/Y (NOR2x2_ASAP7_75t_R)
  42.34  263.80 v rebuffer1575/Y (BUFx2_ASAP7_75t_R)
  28.86  292.66 ^ _26455_/Y (NAND2x2_ASAP7_75t_R)
  33.81  326.47 ^ rebuffer1245/Y (BUFx2_ASAP7_75t_R)
  29.38  355.85 ^ _26537_/Y (AO21x1_ASAP7_75t_R)
  18.48  374.33 v _26538_/Y (OAI21x1_ASAP7_75t_R)
  20.36  394.69 ^ _26544_/Y (NOR2x1_ASAP7_75t_R)
  15.47  410.16 v _26545_/Y (NAND2x1_ASAP7_75t_R)
  22.56  432.72 ^ _26546_/Y (NOR2x1_ASAP7_75t_R)
  18.16  450.88 v _26600_/Y (NAND2x2_ASAP7_75t_R)
  29.50  480.39 ^ _26703_/Y (NOR2x2_ASAP7_75t_R)
  29.70  510.09 v _26704_/Y (NAND2x2_ASAP7_75t_R)
  45.54  555.63 v _43283_/Y (XOR2x1_ASAP7_75t_R)
   0.00  555.63 v _44016_/D (DFFLQNx3_ASAP7_75t_R)
         555.63   data arrival time

  10.00   10.00   clock clk' (fall edge)
   0.00   10.00   clock network delay (ideal)
   0.00   10.00   clock reconvergence pessimism
          10.00 v _44016_/CLK (DFFLQNx3_ASAP7_75t_R)
 -19.31   -9.31   library setup time
          -9.31   data required time
---------------------------------------------------------
          -9.31   data required time
        -555.63   data arrival time
---------------------------------------------------------
        -564.95   slack (VIOLATED)


Startpoint: _44081_ (falling edge-triggered flip-flop clocked by clk')
Endpoint: _44078_ (falling edge-triggered flip-flop clocked by clk')
Path Group: clk
Path Type: max

  Delay    Time   Description
---------------------------------------------------------
   0.00    0.00   clock clk' (fall edge)
   0.00    0.00   clock network delay (ideal)
   0.00    0.00 v _44081_/CLK (DFFLQNx3_ASAP7_75t_R)
 124.32  124.32 v _44081_/QN (DFFLQNx3_ASAP7_75t_R)
  51.49  175.81 v rebuffer703/Y (BUFx3_ASAP7_75t_R)
  28.52  204.33 ^ _39188_/Y (NAND2x2_ASAP7_75t_R)
  55.07  259.40 ^ rebuffer654/Y (BUFx2_ASAP7_75t_R)
  30.66  290.06 v _39364_/Y (NOR2x2_ASAP7_75t_R)
  37.16  327.22 v rebuffer2626/Y (BUFx2_ASAP7_75t_R)
  39.88  367.10 v _42232_/Y (AO21x1_ASAP7_75t_R)
  21.57  388.67 ^ _42313_/Y (NOR2x1_ASAP7_75t_R)
  19.83  408.50 v _42314_/Y (NAND2x1_ASAP7_75t_R)
  17.15  425.65 ^ _42316_/Y (NOR2x2_ASAP7_75t_R)
  19.96  445.62 v _42319_/Y (NAND2x1_ASAP7_75t_R)
  21.25  466.87 ^ _42320_/Y (NOR2x2_ASAP7_75t_R)
  38.52  505.39 v _42324_/Y (NAND3x2_ASAP7_75t_R)
  47.02  552.41 v _43233_/Y (XOR2x1_ASAP7_75t_R)
   0.00  552.41 v _44078_/D (DFFLQNx1_ASAP7_75t_R)
         552.41   data arrival time

  10.00   10.00   clock clk' (fall edge)
   0.00   10.00   clock network delay (ideal)
   0.00   10.00   clock reconvergence pessimism
          10.00 v _44078_/CLK (DFFLQNx1_ASAP7_75t_R)
 -21.53  -11.53   library setup time
         -11.53   data required time
---------------------------------------------------------
         -11.53   data required time
        -552.41   data arrival time
---------------------------------------------------------
        -563.94   slack (VIOLATED)


Startpoint: _44105_ (falling edge-triggered flip-flop clocked by clk')
Endpoint: _43972_ (falling edge-triggered flip-flop clocked by clk')
Path Group: clk
Path Type: max

  Delay    Time   Description
---------------------------------------------------------
   0.00    0.00   clock clk' (fall edge)
   0.00    0.00   clock network delay (ideal)
   0.00    0.00 v _44105_/CLK (DFFLQNx3_ASAP7_75t_R)
 115.53  115.53 v _44105_/QN (DFFLQNx3_ASAP7_75t_R)
  48.46  163.99 v rebuffer1423/Y (BUFx3_ASAP7_75t_R)
  31.21  195.19 ^ _35625_/Y (NOR2x2_ASAP7_75t_R)
  38.08  233.27 ^ rebuffer841/Y (BUFx3_ASAP7_75t_R)
  40.73  274.00 ^ rebuffer842/Y (BUFx2_ASAP7_75t_R)
  19.38  293.38 v _37583_/Y (INVx1_ASAP7_75t_R)
  20.24  313.62 ^ _37584_/Y (NOR2x1_ASAP7_75t_R)
  42.20  355.82 ^ _37585_/Y (AO22x1_ASAP7_75t_R)
  17.26  373.08 v _37586_/Y (NOR2x1_ASAP7_75t_R)
  26.87  399.95 ^ _37592_/Y (NAND2x1_ASAP7_75t_R)
  28.18  428.13 v _37593_/Y (NOR2x2_ASAP7_75t_R)
  32.48  460.61 ^ _37618_/Y (NAND3x2_ASAP7_75t_R)
  45.78  506.40 v _37647_/Y (NOR2x2_ASAP7_75t_R)
  45.81  552.21 v _43335_/Y (XOR2x1_ASAP7_75t_R)
   0.00  552.21 v _43972_/D (DFFLQNx2_ASAP7_75t_R)
         552.21   data arrival time

  10.00   10.00   clock clk' (fall edge)
   0.00   10.00   clock network delay (ideal)
   0.00   10.00   clock reconvergence pessimism
          10.00 v _43972_/CLK (DFFLQNx2_ASAP7_75t_R)
 -21.47  -11.47   library setup time
         -11.47   data required time
---------------------------------------------------------
         -11.47   data required time
        -552.21   data arrival time
---------------------------------------------------------
        -563.68   slack (VIOLATED)


Startpoint: _44207_ (falling edge-triggered flip-flop clocked by clk')
Endpoint: _43981_ (falling edge-triggered flip-flop clocked by clk')
Path Group: clk
Path Type: max

  Delay    Time   Description
---------------------------------------------------------
   0.00    0.00   clock clk' (fall edge)
   0.00    0.00   clock network delay (ideal)
   0.00    0.00 v _44207_/CLK (DFFLQNx2_ASAP7_75t_R)
 142.22  142.22 v _44207_/QN (DFFLQNx2_ASAP7_75t_R)
  65.20  207.42 ^ _40000_/Y (NOR2x2_ASAP7_75t_R)
  78.23  285.65 v clone2591/Y (NAND2xp67_ASAP7_75t_R)
  53.46  339.11 v _42455_/Y (AO21x1_ASAP7_75t_R)
  56.42  395.53 v _42457_/Y (OA211x2_ASAP7_75t_R)
  26.22  421.75 ^ _42458_/Y (NAND2x1_ASAP7_75t_R)
  22.16  443.91 v _42459_/Y (NOR2x2_ASAP7_75t_R)
  21.72  465.63 ^ _42460_/Y (NAND2x2_ASAP7_75t_R)
  40.02  505.65 v _42461_/Y (NOR3x2_ASAP7_75t_R)
  46.68  552.34 v _43328_/Y (XOR2x1_ASAP7_75t_R)
   0.00  552.34 v _43981_/D (DFFLQNx1_ASAP7_75t_R)
         552.34   data arrival time

  10.00   10.00   clock clk' (fall edge)
   0.00   10.00   clock network delay (ideal)
   0.00   10.00   clock reconvergence pessimism
          10.00 v _43981_/CLK (DFFLQNx1_ASAP7_75t_R)
 -20.83  -10.83   library setup time
         -10.83   data required time
---------------------------------------------------------
         -10.83   data required time
        -552.34   data arrival time
---------------------------------------------------------
        -563.17   slack (VIOLATED)


Startpoint: _44145_ (falling edge-triggered flip-flop clocked by clk')
Endpoint: _44058_ (falling edge-triggered flip-flop clocked by clk')
Path Group: clk
Path Type: max

  Delay    Time   Description
---------------------------------------------------------
   0.00    0.00   clock clk' (fall edge)
   0.00    0.00   clock network delay (ideal)
   0.00    0.00 v _44145_/CLK (DFFLQNx3_ASAP7_75t_R)
 114.90  114.90 v _44145_/QN (DFFLQNx3_ASAP7_75t_R)
  42.74  157.64 v rebuffer3315/Y (BUFx6f_ASAP7_75t_R)
  36.51  194.15 v rebuffer1211/Y (BUFx12f_ASAP7_75t_R)
  15.29  209.44 ^ _30715_/Y (CKINVDCx20_ASAP7_75t_R)
  28.38  237.82 v _30716_/Y (NOR2x2_ASAP7_75t_R)
  39.96  277.78 ^ _30773_/Y (NAND2x2_ASAP7_75t_R)
  35.64  313.42 ^ rebuffer3294/Y (BUFx6f_ASAP7_75t_R)
  13.25  326.67 v _30812_/Y (INVx6_ASAP7_75t_R)
  18.93  345.59 ^ _32216_/Y (NAND2x2_ASAP7_75t_R)
  16.07  361.67 v _32218_/Y (NAND2x1_ASAP7_75t_R)
  50.63  412.30 v _32223_/Y (OR3x1_ASAP7_75t_R)
  20.70  433.00 ^ _32224_/Y (NOR2x2_ASAP7_75t_R)
  16.41  449.42 v _32225_/Y (NAND2x2_ASAP7_75t_R)
  30.81  480.23 ^ _32226_/Y (NOR2x2_ASAP7_75t_R)
  31.38  511.61 v clone1978/Y (NAND2x2_ASAP7_75t_R)
  41.68  553.29 v _43245_/Y (XOR2x1_ASAP7_75t_R)
   0.00  553.29 v _44058_/D (DFFLQNx2_ASAP7_75t_R)
         553.29   data arrival time

  10.00   10.00   clock clk' (fall edge)
   0.00   10.00   clock network delay (ideal)
   0.00   10.00   clock reconvergence pessimism
          10.00 v _44058_/CLK (DFFLQNx2_ASAP7_75t_R)
 -19.80   -9.80   library setup time
          -9.80   data required time
---------------------------------------------------------
          -9.80   data required time
        -553.29   data arrival time
---------------------------------------------------------
        -563.09   slack (VIOLATED)


Startpoint: _44153_ (falling edge-triggered flip-flop clocked by clk')
Endpoint: _44034_ (falling edge-triggered flip-flop clocked by clk')
Path Group: clk
Path Type: max

  Delay    Time   Description
---------------------------------------------------------
   0.00    0.00   clock clk' (fall edge)
   0.00    0.00   clock network delay (ideal)
   0.00    0.00 v _44153_/CLK (DFFLQNx3_ASAP7_75t_R)
 109.79  109.79 v _44153_/QN (DFFLQNx3_ASAP7_75t_R)
  43.57  153.36 v rebuffer931/Y (BUFx12f_ASAP7_75t_R)
  30.97  184.33 v rebuffer932/Y (BUFx12f_ASAP7_75t_R)
  43.33  227.66 ^ _35096_/Y (NOR2x2_ASAP7_75t_R)
  44.08  271.73 ^ rebuffer884/Y (BUFx6f_ASAP7_75t_R)
  18.24  289.98 v _35114_/Y (NAND2x2_ASAP7_75t_R)
  28.42  318.40 v rebuffer3097/Y (BUFx6f_ASAP7_75t_R)
  33.21  351.61 v _36612_/Y (AO21x1_ASAP7_75t_R)
  20.93  372.54 ^ _36615_/Y (NAND3x1_ASAP7_75t_R)
  20.32  392.86 v _36616_/Y (NOR2x1_ASAP7_75t_R)
  42.77  435.63 v _36621_/Y (AND3x4_ASAP7_75t_R)
  24.99  460.61 ^ _36637_/Y (NAND3x2_ASAP7_75t_R)
  44.32  504.93 v _36638_/Y (NOR2x2_ASAP7_75t_R)
  46.36  551.29 v _43269_/Y (XOR2x1_ASAP7_75t_R)
   0.00  551.29 v _44034_/D (DFFLQNx3_ASAP7_75t_R)
         551.29   data arrival time

  10.00   10.00   clock clk' (fall edge)
   0.00   10.00   clock network delay (ideal)
   0.00   10.00   clock reconvergence pessimism
          10.00 v _44034_/CLK (DFFLQNx3_ASAP7_75t_R)
 -21.10  -11.10   library setup time
         -11.10   data required time
---------------------------------------------------------
         -11.10   data required time
        -551.29   data arrival time
---------------------------------------------------------
        -562.40   slack (VIOLATED)


Startpoint: _44193_ (falling edge-triggered flip-flop clocked by clk')
Endpoint: _44001_ (falling edge-triggered flip-flop clocked by clk')
Path Group: clk
Path Type: max

  Delay    Time   Description
---------------------------------------------------------
   0.00    0.00   clock clk' (fall edge)
   0.00    0.00   clock network delay (ideal)
   0.00    0.00 v _44193_/CLK (DFFLQNx3_ASAP7_75t_R)
 109.79  109.79 v _44193_/QN (DFFLQNx3_ASAP7_75t_R)
  45.44  155.23 v rebuffer900/Y (BUFx12f_ASAP7_75t_R)
  33.26  188.49 v rebuffer901/Y (BUFx12f_ASAP7_75t_R)
  32.34  220.83 v rebuffer902/Y (BUFx3_ASAP7_75t_R)
  23.48  244.31 ^ _35364_/Y (NOR2x2_ASAP7_75t_R)
  31.90  276.21 ^ rebuffer2100/Y (BUFx6f_ASAP7_75t_R)
  13.69  289.90 v _35433_/Y (INVx6_ASAP7_75t_R)
  42.39  332.30 v _36071_/Y (AO21x2_ASAP7_75t_R)
  23.41  355.71 ^ _36073_/Y (NAND2x1_ASAP7_75t_R)
  18.17  373.88 v _36074_/Y (NOR2x1_ASAP7_75t_R)
  25.42  399.30 ^ _36080_/Y (NAND2x1_ASAP7_75t_R)
  17.65  416.95 v _36081_/Y (INVx1_ASAP7_75t_R)
  18.35  435.30 ^ _36082_/Y (NAND2x1_ASAP7_75t_R)
  18.61  453.91 v _36083_/Y (NOR2x1_ASAP7_75t_R)
  26.18  480.09 ^ _36084_/Y (NAND2x1_ASAP7_75t_R)
  29.09  509.18 v _36085_/Y (NOR2x2_ASAP7_75t_R)
  42.40  551.58 v _43300_/Y (XOR2x1_ASAP7_75t_R)
   0.00  551.58 v _44001_/D (DFFLQNx3_ASAP7_75t_R)
         551.58   data arrival time

  10.00   10.00   clock clk' (fall edge)
   0.00   10.00   clock network delay (ideal)
   0.00   10.00   clock reconvergence pessimism
          10.00 v _44001_/CLK (DFFLQNx3_ASAP7_75t_R)
 -20.51  -10.51   library setup time
         -10.51   data required time
---------------------------------------------------------
         -10.51   data required time
        -551.58   data arrival time
---------------------------------------------------------
        -562.09   slack (VIOLATED)


Startpoint: _44144_ (falling edge-triggered flip-flop clocked by clk')
Endpoint: _44061_ (falling edge-triggered flip-flop clocked by clk')
Path Group: clk
Path Type: max

  Delay    Time   Description
---------------------------------------------------------
   0.00    0.00   clock clk' (fall edge)
   0.00    0.00   clock network delay (ideal)
   0.00    0.00 v _44144_/CLK (DFFLQNx3_ASAP7_75t_R)
 112.52  112.52 v _44144_/QN (DFFLQNx3_ASAP7_75t_R)
  44.15  156.67 v rebuffer1348/Y (BUFx12f_ASAP7_75t_R)
  34.56  191.23 v rebuffer1349/Y (BUFx2_ASAP7_75t_R)
  33.40  224.62 ^ _30690_/Y (NAND2x2_ASAP7_75t_R)
  43.01  267.63 ^ rebuffer798/Y (BUFx6f_ASAP7_75t_R)
  21.51  289.14 v _30827_/Y (NAND2x2_ASAP7_75t_R)
  41.25  330.39 v _30940_/Y (AO21x1_ASAP7_75t_R)
  23.14  353.53 ^ _30941_/Y (INVx1_ASAP7_75t_R)
  23.76  377.29 v _30946_/Y (NOR2x2_ASAP7_75t_R)
  28.22  405.50 ^ _30949_/Y (NAND3x2_ASAP7_75t_R)
  31.83  437.34 v _33394_/Y (NOR2x1_ASAP7_75t_R)
  40.03  477.37 ^ _33395_/Y (NAND2x2_ASAP7_75t_R)
  32.89  510.26 v _33465_/Y (NAND2x2_ASAP7_75t_R)
  42.18  552.44 v _43248_/Y (XOR2x1_ASAP7_75t_R)
   0.00  552.44 v _44061_/D (DFFLQNx2_ASAP7_75t_R)
         552.44   data arrival time

  10.00   10.00   clock clk' (fall edge)
   0.00   10.00   clock network delay (ideal)
   0.00   10.00   clock reconvergence pessimism
          10.00 v _44061_/CLK (DFFLQNx2_ASAP7_75t_R)
 -19.60   -9.60   library setup time
          -9.60   data required time
---------------------------------------------------------
          -9.60   data required time
        -552.44   data arrival time
---------------------------------------------------------
        -562.04   slack (VIOLATED)


Startpoint: _44089_ (falling edge-triggered flip-flop clocked by clk')
Endpoint: _44019_ (falling edge-triggered flip-flop clocked by clk')
Path Group: clk
Path Type: max

  Delay    Time   Description
---------------------------------------------------------
   0.00    0.00   clock clk' (fall edge)
   0.00    0.00   clock network delay (ideal)
   0.00    0.00 v _44089_/CLK (DFFLQNx3_ASAP7_75t_R)
 110.12  110.12 v _44089_/QN (DFFLQNx3_ASAP7_75t_R)
  37.28  147.40 v rebuffer2546/Y (BUFx6f_ASAP7_75t_R)
  29.91  177.31 v rebuffer641/Y (BUFx12f_ASAP7_75t_R)
  13.88  191.20 ^ _26453_/Y (CKINVDCx20_ASAP7_75t_R)
  30.26  221.46 v _26454_/Y (NOR2x2_ASAP7_75t_R)
  42.34  263.80 v rebuffer1575/Y (BUFx2_ASAP7_75t_R)
  28.86  292.66 ^ _26455_/Y (NAND2x2_ASAP7_75t_R)
  39.59  332.25 ^ rebuffer1246/Y (BUFx2_ASAP7_75t_R)
  27.24  359.49 ^ _28350_/Y (AO21x1_ASAP7_75t_R)
  32.24  391.73 ^ _28351_/Y (OA21x2_ASAP7_75t_R)
  14.91  406.64 v _28355_/Y (NAND2x1_ASAP7_75t_R)
  23.35  429.99 ^ _28356_/Y (NOR2x1_ASAP7_75t_R)
  19.83  449.81 v _28357_/Y (NAND2x2_ASAP7_75t_R)
  23.84  473.65 ^ _28379_/Y (NOR2x2_ASAP7_75t_R)
  33.73  507.39 v _28477_/Y (NAND2x2_ASAP7_75t_R)
  43.82  551.20 v _43286_/Y (XOR2x1_ASAP7_75t_R)
   0.00  551.20 v _44019_/D (DFFLQNx2_ASAP7_75t_R)
         551.20   data arrival time

  10.00   10.00   clock clk' (fall edge)
   0.00   10.00   clock network delay (ideal)
   0.00   10.00   clock reconvergence pessimism
          10.00 v _44019_/CLK (DFFLQNx2_ASAP7_75t_R)
 -19.97   -9.97   library setup time
          -9.97   data required time
---------------------------------------------------------
          -9.97   data required time
        -551.20   data arrival time
---------------------------------------------------------
        -561.17   slack (VIOLATED)


Startpoint: _44136_ (falling edge-triggered flip-flop clocked by clk')
Endpoint: _43961_ (falling edge-triggered flip-flop clocked by clk')
Path Group: clk
Path Type: max

  Delay    Time   Description
---------------------------------------------------------
   0.00    0.00   clock clk' (fall edge)
   0.00    0.00   clock network delay (ideal)
   0.00    0.00 v _44136_/CLK (DFFLQNx3_ASAP7_75t_R)
 112.05  112.05 v _44136_/QN (DFFLQNx3_ASAP7_75t_R)
  52.59  164.64 v rebuffer1387/Y (BUFx4f_ASAP7_75t_R)
  34.25  198.89 v rebuffer1389/Y (BUFx6f_ASAP7_75t_R)
  35.29  234.17 ^ _31365_/Y (NAND2x2_ASAP7_75t_R)
  37.94  272.11 ^ rebuffer1353/Y (BUFx6f_ASAP7_75t_R)
  29.44  301.56 ^ rebuffer1354/Y (BUFx2_ASAP7_75t_R)
  16.00  317.56 v _31369_/Y (NAND2x2_ASAP7_75t_R)
  37.80  355.35 v _32152_/Y (AO21x1_ASAP7_75t_R)
  26.17  381.52 ^ _32154_/Y (NAND3x1_ASAP7_75t_R)
  22.09  403.61 v _32155_/Y (NOR2x1_ASAP7_75t_R)
  21.70  425.31 ^ _32166_/Y (NAND3x1_ASAP7_75t_R)
  26.03  451.33 v _32167_/Y (NOR2x1_ASAP7_75t_R)
  21.36  472.69 ^ _32168_/Y (NAND2x2_ASAP7_75t_R)
  34.18  506.87 v _32169_/Y (NOR2x2_ASAP7_75t_R)
  43.90  550.77 v _43340_/Y (XOR2x1_ASAP7_75t_R)
   0.00  550.77 v _43961_/D (DFFLQNx3_ASAP7_75t_R)
         550.77   data arrival time

  10.00   10.00   clock clk' (fall edge)
   0.00   10.00   clock network delay (ideal)
   0.00   10.00   clock reconvergence pessimism
          10.00 v _43961_/CLK (DFFLQNx3_ASAP7_75t_R)
 -20.34  -10.34   library setup time
         -10.34   data required time
---------------------------------------------------------
         -10.34   data required time
        -550.77   data arrival time
---------------------------------------------------------
        -561.11   slack (VIOLATED)


Startpoint: _44089_ (falling edge-triggered flip-flop clocked by clk')
Endpoint: _44021_ (falling edge-triggered flip-flop clocked by clk')
Path Group: clk
Path Type: max

  Delay    Time   Description
---------------------------------------------------------
   0.00    0.00   clock clk' (fall edge)
   0.00    0.00   clock network delay (ideal)
   0.00    0.00 v _44089_/CLK (DFFLQNx3_ASAP7_75t_R)
 110.12  110.12 v _44089_/QN (DFFLQNx3_ASAP7_75t_R)
  42.52  152.64 v rebuffer642/Y (BUFx6f_ASAP7_75t_R)
  34.34  186.98 v rebuffer647/Y (BUFx2_ASAP7_75t_R)
  19.21  206.19 ^ _26448_/Y (NAND2x2_ASAP7_75t_R)
  34.10  240.29 ^ rebuffer3127/Y (BUFx12f_ASAP7_75t_R)
  16.91  257.20 v _26449_/Y (CKINVDCx10_ASAP7_75t_R)
  27.89  285.09 ^ _26450_/Y (NAND2x2_ASAP7_75t_R)
  36.53  321.62 ^ rebuffer1248/Y (BUFx2_ASAP7_75t_R)
  30.80  352.42 ^ _29093_/Y (AO21x1_ASAP7_75t_R)
  22.32  374.73 v _29094_/Y (OAI21x1_ASAP7_75t_R)
  23.21  397.95 ^ _29097_/Y (NOR2x2_ASAP7_75t_R)
  16.11  414.05 v _29098_/Y (NAND2x1_ASAP7_75t_R)
  17.10  431.16 ^ _29099_/Y (NOR2x1_ASAP7_75t_R)
  20.70  451.85 v _29100_/Y (NAND2x1_ASAP7_75t_R)
  25.14  476.99 ^ _29140_/Y (NOR2x2_ASAP7_75t_R)
  28.43  505.42 v _29141_/Y (NAND2x2_ASAP7_75t_R)
  45.99  551.41 v _43288_/Y (XOR2x1_ASAP7_75t_R)
   0.00  551.41 v _44021_/D (DFFLQNx3_ASAP7_75t_R)
         551.41   data arrival time

  10.00   10.00   clock clk' (fall edge)
   0.00   10.00   clock network delay (ideal)
   0.00   10.00   clock reconvergence pessimism
          10.00 v _44021_/CLK (DFFLQNx3_ASAP7_75t_R)
 -19.47   -9.47   library setup time
          -9.47   data required time
---------------------------------------------------------
          -9.47   data required time
        -551.41   data arrival time
---------------------------------------------------------
        -560.89   slack (VIOLATED)


Startpoint: _44169_ (falling edge-triggered flip-flop clocked by clk')
Endpoint: _43956_ (falling edge-triggered flip-flop clocked by clk')
Path Group: clk
Path Type: max

  Delay    Time   Description
---------------------------------------------------------
   0.00    0.00   clock clk' (fall edge)
   0.00    0.00   clock network delay (ideal)
   0.00    0.00 v _44169_/CLK (DFFLQNx3_ASAP7_75t_R)
 130.61  130.61 v _44169_/QN (DFFLQNx3_ASAP7_75t_R)
  50.37  180.98 v rebuffer880/Y (BUFx12f_ASAP7_75t_R)
  16.86  197.85 ^ _27042_/Y (CKINVDCx16_ASAP7_75t_R)
  32.28  230.12 v _27047_/Y (NAND2x2_ASAP7_75t_R)
  38.38  268.51 v rebuffer1453/Y (BUFx6f_ASAP7_75t_R)
  25.18  293.69 ^ _27192_/Y (NAND2x2_ASAP7_75t_R)
  18.04  311.73 v _27193_/Y (INVx2_ASAP7_75t_R)
  36.04  347.77 v _29305_/Y (OA21x2_ASAP7_75t_R)
  61.99  409.76 v _29307_/Y (OR4x1_ASAP7_75t_R)
  27.49  437.25 ^ _29315_/Y (NOR3x1_ASAP7_75t_R)
  16.76  454.01 v _29333_/Y (NAND2x2_ASAP7_75t_R)
  14.90  468.90 ^ _29334_/Y (INVx2_ASAP7_75t_R)
  35.16  504.07 v _29335_/Y (NAND2x2_ASAP7_75t_R)
  45.94  550.01 v _43351_/Y (XOR2x1_ASAP7_75t_R)
   0.00  550.01 v _43956_/D (DFFLQNx3_ASAP7_75t_R)
         550.01   data arrival time

  10.00   10.00   clock clk' (fall edge)
   0.00   10.00   clock network delay (ideal)
   0.00   10.00   clock reconvergence pessimism
          10.00 v _43956_/CLK (DFFLQNx3_ASAP7_75t_R)
 -20.84  -10.84   library setup time
         -10.84   data required time
---------------------------------------------------------
         -10.84   data required time
        -550.01   data arrival time
---------------------------------------------------------
        -560.85   slack (VIOLATED)


Startpoint: _44153_ (falling edge-triggered flip-flop clocked by clk')
Endpoint: _44039_ (falling edge-triggered flip-flop clocked by clk')
Path Group: clk
Path Type: max

  Delay    Time   Description
---------------------------------------------------------
   0.00    0.00   clock clk' (fall edge)
   0.00    0.00   clock network delay (ideal)
   0.00    0.00 v _44153_/CLK (DFFLQNx3_ASAP7_75t_R)
 109.79  109.79 v _44153_/QN (DFFLQNx3_ASAP7_75t_R)
  43.57  153.36 v rebuffer931/Y (BUFx12f_ASAP7_75t_R)
  30.97  184.33 v rebuffer932/Y (BUFx12f_ASAP7_75t_R)
  36.15  220.47 ^ _35060_/Y (NAND2x2_ASAP7_75t_R)
  30.83  251.30 v _35061_/Y (INVx5_ASAP7_75t_R)
  35.74  287.04 ^ _35190_/Y (NAND2x2_ASAP7_75t_R)
  36.87  323.91 ^ _38395_/Y (AO21x1_ASAP7_75t_R)
  18.38  342.29 v _38396_/Y (OAI21x1_ASAP7_75t_R)
  20.81  363.10 ^ _38397_/Y (NOR2x1_ASAP7_75t_R)
  18.22  381.32 v _38400_/Y (NAND2x1_ASAP7_75t_R)
  16.89  398.20 ^ _38401_/Y (INVx1_ASAP7_75t_R)
  14.73  412.94 v _38413_/Y (NAND2x1_ASAP7_75t_R)
  24.21  437.15 ^ _38414_/Y (NOR2x1_ASAP7_75t_R)
  20.24  457.39 v _38415_/Y (NAND2x2_ASAP7_75t_R)
  52.96  510.34 v clone3104/Y (BUFx4_ASAP7_75t_R)
  40.40  550.74 v _43274_/Y (XOR2x1_ASAP7_75t_R)
   0.00  550.74 v _44039_/D (DFFLQNx3_ASAP7_75t_R)
         550.74   data arrival time

  10.00   10.00   clock clk' (fall edge)
   0.00   10.00   clock network delay (ideal)
   0.00   10.00   clock reconvergence pessimism
          10.00 v _44039_/CLK (DFFLQNx3_ASAP7_75t_R)
 -19.93   -9.93   library setup time
          -9.93   data required time
---------------------------------------------------------
          -9.93   data required time
        -550.74   data arrival time
---------------------------------------------------------
        -560.67   slack (VIOLATED)


Startpoint: _44081_ (falling edge-triggered flip-flop clocked by clk')
Endpoint: _44072_ (falling edge-triggered flip-flop clocked by clk')
Path Group: clk
Path Type: max

  Delay    Time   Description
---------------------------------------------------------
   0.00    0.00   clock clk' (fall edge)
   0.00    0.00   clock network delay (ideal)
   0.00    0.00 v _44081_/CLK (DFFLQNx3_ASAP7_75t_R)
 124.32  124.32 v _44081_/QN (DFFLQNx3_ASAP7_75t_R)
  49.90  174.21 v rebuffer708/Y (BUFx2_ASAP7_75t_R)
  20.84  195.05 ^ _39141_/Y (NOR2x2_ASAP7_75t_R)
  33.14  228.20 ^ rebuffer1710/Y (BUFx6f_ASAP7_75t_R)
  32.24  260.44 ^ rebuffer1711/Y (BUFx2_ASAP7_75t_R)
  21.32  281.76 v _39181_/Y (NAND2x2_ASAP7_75t_R)
  39.70  321.47 v rebuffer1244/Y (BUFx2_ASAP7_75t_R)
  19.73  341.20 ^ _39462_/Y (NOR2x1_ASAP7_75t_R)
  24.97  366.17 v _39464_/Y (NOR2x1_ASAP7_75t_R)
  28.89  395.05 ^ _39465_/Y (NAND3x1_ASAP7_75t_R)
  20.23  415.28 v _39466_/Y (NOR2x1_ASAP7_75t_R)
  26.83  442.11 ^ _39509_/Y (NAND2x1_ASAP7_75t_R)
  34.99  477.10 v _39510_/Y (NOR2x2_ASAP7_75t_R)
  47.52  524.62 ^ _40054_/Y (NAND2x2_ASAP7_75t_R)
  40.59  565.21 ^ _43227_/Y (XNOR2x1_ASAP7_75t_R)
   0.00  565.21 ^ _44072_/D (DFFLQNx3_ASAP7_75t_R)
         565.21   data arrival time

  10.00   10.00   clock clk' (fall edge)
   0.00   10.00   clock network delay (ideal)
   0.00   10.00   clock reconvergence pessimism
          10.00 v _44072_/CLK (DFFLQNx3_ASAP7_75t_R)
  -5.19    4.81   library setup time
           4.81   data required time
---------------------------------------------------------
           4.81   data required time
        -565.21   data arrival time
---------------------------------------------------------
        -560.41   slack (VIOLATED)


Startpoint: _44176_ (falling edge-triggered flip-flop clocked by clk')
Endpoint: _44051_ (falling edge-triggered flip-flop clocked by clk')
Path Group: clk
Path Type: max

  Delay    Time   Description
---------------------------------------------------------
   0.00    0.00   clock clk' (fall edge)
   0.00    0.00   clock network delay (ideal)
   0.00    0.00 v _44176_/CLK (DFFLQNx3_ASAP7_75t_R)
 133.62  133.62 v _44176_/QN (DFFLQNx3_ASAP7_75t_R)
  50.91  184.53 v rebuffer662/Y (BUFx12f_ASAP7_75t_R)
  16.48  201.01 ^ _26045_/Y (CKINVDCx20_ASAP7_75t_R)
  22.32  223.32 v _26112_/Y (NOR2x2_ASAP7_75t_R)
  37.99  261.32 v rebuffer1166/Y (BUFx2_ASAP7_75t_R)
  42.01  303.33 ^ _26327_/Y (NAND2x2_ASAP7_75t_R)
  53.31  356.64 ^ _26367_/Y (AO21x1_ASAP7_75t_R)
  35.96  392.60 ^ _28466_/Y (AND2x2_ASAP7_75t_R)
  17.97  410.57 v _28467_/Y (NAND2x1_ASAP7_75t_R)
  22.77  433.34 ^ _28468_/Y (NOR2x2_ASAP7_75t_R)
  19.49  452.83 v _28473_/Y (NAND3x2_ASAP7_75t_R)
  21.73  474.56 ^ _28474_/Y (NOR2x2_ASAP7_75t_R)
  32.57  507.12 v _28476_/Y (NAND2x2_ASAP7_75t_R)
  43.43  550.55 v _43254_/Y (XOR2x1_ASAP7_75t_R)
   0.00  550.55 v _44051_/D (DFFLQNx3_ASAP7_75t_R)
         550.55   data arrival time

  10.00   10.00   clock clk' (fall edge)
   0.00   10.00   clock network delay (ideal)
   0.00   10.00   clock reconvergence pessimism
          10.00 v _44051_/CLK (DFFLQNx3_ASAP7_75t_R)
 -19.76   -9.76   library setup time
          -9.76   data required time
---------------------------------------------------------
          -9.76   data required time
        -550.55   data arrival time
---------------------------------------------------------
        -560.31   slack (VIOLATED)


Startpoint: _44183_ (falling edge-triggered flip-flop clocked by clk')
Endpoint: _44049_ (falling edge-triggered flip-flop clocked by clk')
Path Group: clk
Path Type: max

  Delay    Time   Description
---------------------------------------------------------
   0.00    0.00   clock clk' (fall edge)
   0.00    0.00   clock network delay (ideal)
   0.00    0.00 v _44183_/CLK (DFFLQNx2_ASAP7_75t_R)
 114.04  114.04 ^ _44183_/QN (DFFLQNx2_ASAP7_75t_R)
  44.05  158.09 ^ rebuffer2812/Y (BUFx6f_ASAP7_75t_R)
  17.65  175.74 v _26114_/Y (INVx4_ASAP7_75t_R)
  40.75  216.49 ^ _26255_/Y (NOR2x2_ASAP7_75t_R)
  57.20  273.69 v clone2951/Y (NAND2xp67_ASAP7_75t_R)
  48.74  322.42 v rebuffer2949/Y (BUFx2_ASAP7_75t_R)
  36.17  358.60 v _27335_/Y (AO21x1_ASAP7_75t_R)
  27.15  385.75 ^ _27336_/Y (NAND3x1_ASAP7_75t_R)
  22.61  408.36 v _27343_/Y (NOR2x1_ASAP7_75t_R)
  19.38  427.73 ^ _27344_/Y (NAND2x1_ASAP7_75t_R)
  25.39  453.13 v _27363_/Y (NOR2x1_ASAP7_75t_R)
  25.34  478.47 ^ _27364_/Y (NAND2x2_ASAP7_75t_R)
  28.83  507.29 v _27365_/Y (NOR2x2_ASAP7_75t_R)
  44.03  551.33 v _43252_/Y (XOR2x1_ASAP7_75t_R)
   0.00  551.33 v _44049_/D (DFFLQNx3_ASAP7_75t_R)
         551.33   data arrival time

  10.00   10.00   clock clk' (fall edge)
   0.00   10.00   clock network delay (ideal)
   0.00   10.00   clock reconvergence pessimism
          10.00 v _44049_/CLK (DFFLQNx3_ASAP7_75t_R)
 -18.78   -8.78   library setup time
          -8.78   data required time
---------------------------------------------------------
          -8.78   data required time
        -551.33   data arrival time
---------------------------------------------------------
        -560.10   slack (VIOLATED)


Startpoint: _44130_ (falling edge-triggered flip-flop clocked by clk')
Endpoint: _43989_ (falling edge-triggered flip-flop clocked by clk')
Path Group: clk
Path Type: max

  Delay    Time   Description
---------------------------------------------------------
   0.00    0.00   clock clk' (fall edge)
   0.00    0.00   clock network delay (ideal)
   0.00    0.00 v _44130_/CLK (DFFLQNx2_ASAP7_75t_R)
 113.93  113.93 v _44130_/QN (DFFLQNx2_ASAP7_75t_R)
  46.94  160.87 v rebuffer2528/Y (BUFx2_ASAP7_75t_R)
  21.83  182.70 ^ _26747_/Y (NOR2x2_ASAP7_75t_R)
  35.02  217.71 ^ rebuffer1558/Y (BUFx12f_ASAP7_75t_R)
  33.25  250.96 ^ rebuffer1559/Y (BUFx2_ASAP7_75t_R)
  25.07  276.03 v _26834_/Y (NAND2x2_ASAP7_75t_R)
  23.31  299.34 ^ _27715_/Y (INVx3_ASAP7_75t_R)
  35.81  335.15 ^ _29203_/Y (OA21x2_ASAP7_75t_R)
  15.30  350.45 v _29204_/Y (NOR2x1_ASAP7_75t_R)
  25.91  376.36 ^ _29206_/Y (NAND2x1_ASAP7_75t_R)
  21.28  397.64 v _29207_/Y (NOR2x2_ASAP7_75t_R)
  22.47  420.11 ^ _29208_/Y (NAND2x2_ASAP7_75t_R)
  20.21  440.32 v _29209_/Y (NOR2x2_ASAP7_75t_R)
  23.70  464.02 ^ _29250_/Y (NAND2x2_ASAP7_75t_R)
  37.76  501.78 v _29251_/Y (NOR2x2_ASAP7_75t_R)
  44.51  546.29 v _43320_/Y (XOR2x1_ASAP7_75t_R)
   0.00  546.29 v _43989_/D (DFFLQNx2_ASAP7_75t_R)
         546.29   data arrival time

  10.00   10.00   clock clk' (fall edge)
   0.00   10.00   clock network delay (ideal)
   0.00   10.00   clock reconvergence pessimism
          10.00 v _43989_/CLK (DFFLQNx2_ASAP7_75t_R)
 -23.53  -13.53   library setup time
         -13.53   data required time
---------------------------------------------------------
         -13.53   data required time
        -546.29   data arrival time
---------------------------------------------------------
        -559.82   slack (VIOLATED)


Startpoint: _44169_ (falling edge-triggered flip-flop clocked by clk')
Endpoint: _43953_ (falling edge-triggered flip-flop clocked by clk')
Path Group: clk
Path Type: max

  Delay    Time   Description
---------------------------------------------------------
   0.00    0.00   clock clk' (fall edge)
   0.00    0.00   clock network delay (ideal)
   0.00    0.00 v _44169_/CLK (DFFLQNx3_ASAP7_75t_R)
 130.61  130.61 v _44169_/QN (DFFLQNx3_ASAP7_75t_R)
  50.01  180.62 v rebuffer1857/Y (BUFx2_ASAP7_75t_R)
  31.76  212.38 ^ _27026_/Y (NAND2x2_ASAP7_75t_R)
  45.30  257.68 ^ rebuffer558/Y (BUFx3_ASAP7_75t_R)
  33.49  291.17 ^ rebuffer559/Y (BUFx2_ASAP7_75t_R)
  15.73  306.90 v _27165_/Y (NAND2x2_ASAP7_75t_R)
  36.02  342.92 v _28121_/Y (OR2x2_ASAP7_75t_R)
  20.57  363.49 ^ _28123_/Y (NAND2x1_ASAP7_75t_R)
  17.72  381.21 v _28124_/Y (NOR2x1_ASAP7_75t_R)
  21.52  402.74 ^ _28131_/Y (NAND2x1_ASAP7_75t_R)
  20.05  422.78 v _28141_/Y (NOR2x1_ASAP7_75t_R)
  24.39  447.17 ^ _28142_/Y (NAND2x1_ASAP7_75t_R)
  23.25  470.43 v _28188_/Y (NOR2x2_ASAP7_75t_R)
  34.00  504.43 ^ _28189_/Y (NAND2x2_ASAP7_75t_R)
  47.75  552.17 v _43348_/Y (XOR2x2_ASAP7_75t_R)
   0.00  552.17 v _43953_/D (DFFLQNx3_ASAP7_75t_R)
         552.17   data arrival time

  10.00   10.00   clock clk' (fall edge)
   0.00   10.00   clock network delay (ideal)
   0.00   10.00   clock reconvergence pessimism
          10.00 v _43953_/CLK (DFFLQNx3_ASAP7_75t_R)
 -17.53   -7.53   library setup time
          -7.53   data required time
---------------------------------------------------------
          -7.53   data required time
        -552.17   data arrival time
---------------------------------------------------------
        -559.70   slack (VIOLATED)


Startpoint: _44200_ (falling edge-triggered flip-flop clocked by clk')
Endpoint: _43979_ (falling edge-triggered flip-flop clocked by clk')
Path Group: clk
Path Type: max

  Delay    Time   Description
---------------------------------------------------------
   0.00    0.00   clock clk' (fall edge)
   0.00    0.00   clock network delay (ideal)
   0.00    0.00 v _44200_/CLK (DFFLQNx3_ASAP7_75t_R)
 115.37  115.37 v _44200_/QN (DFFLQNx3_ASAP7_75t_R)
  40.07  155.43 v rebuffer1181/Y (BUFx12f_ASAP7_75t_R)
  24.00  179.43 ^ _39835_/Y (NOR2x2_ASAP7_75t_R)
  52.38  231.81 ^ rebuffer586/Y (BUFx3_ASAP7_75t_R)
  25.65  257.46 v _39872_/Y (INVx3_ASAP7_75t_R)
  22.46  279.92 ^ _40070_/Y (NAND2x1_ASAP7_75t_R)
  21.58  301.49 v _40071_/Y (INVx1_ASAP7_75t_R)
  24.16  325.65 ^ _40072_/Y (NOR2x1_ASAP7_75t_R)
  20.17  345.83 v _41644_/Y (NOR2x1_ASAP7_75t_R)
  21.95  367.77 ^ _41648_/Y (NAND2x1_ASAP7_75t_R)
  26.23  394.00 v _41655_/Y (NOR2x1_ASAP7_75t_R)
  26.49  420.50 ^ _41656_/Y (NAND2x2_ASAP7_75t_R)
  17.46  437.95 v _41657_/Y (INVx1_ASAP7_75t_R)
  27.46  465.41 ^ _41682_/Y (NAND2x1_ASAP7_75t_R)
  38.28  503.69 v _41683_/Y (NOR2x2_ASAP7_75t_R)
  43.96  547.65 v _43326_/Y (XOR2x1_ASAP7_75t_R)
   0.00  547.65 v _43979_/D (DFFLQNx3_ASAP7_75t_R)
         547.65   data arrival time

  10.00   10.00   clock clk' (fall edge)
   0.00   10.00   clock network delay (ideal)
   0.00   10.00   clock reconvergence pessimism
          10.00 v _43979_/CLK (DFFLQNx3_ASAP7_75t_R)
 -21.24  -11.24   library setup time
         -11.24   data required time
---------------------------------------------------------
         -11.24   data required time
        -547.65   data arrival time
---------------------------------------------------------
        -558.89   slack (VIOLATED)


Startpoint: _44207_ (falling edge-triggered flip-flop clocked by clk')
Endpoint: _43980_ (falling edge-triggered flip-flop clocked by clk')
Path Group: clk
Path Type: max

  Delay    Time   Description
---------------------------------------------------------
   0.00    0.00   clock clk' (fall edge)
   0.00    0.00   clock network delay (ideal)
   0.00    0.00 v _44207_/CLK (DFFLQNx2_ASAP7_75t_R)
 130.67  130.67 ^ _44207_/QN (DFFLQNx2_ASAP7_75t_R)
  38.49  169.16 v _39907_/Y (INVx4_ASAP7_75t_R)
  39.59  208.75 ^ _39908_/Y (NOR2x2_ASAP7_75t_R)
  42.28  251.03 v _39909_/Y (NAND2x2_ASAP7_75t_R)
  86.29  337.32 v _40129_/Y (OR3x4_ASAP7_75t_R)
  25.80  363.12 ^ _41672_/Y (NOR2x2_ASAP7_75t_R)
  21.46  384.58 v _41905_/Y (NOR2x1_ASAP7_75t_R)
  24.61  409.18 ^ _41910_/Y (NAND3x1_ASAP7_75t_R)
  25.08  434.27 v _41911_/Y (NOR2x1_ASAP7_75t_R)
  27.28  461.55 ^ _41932_/Y (NAND2x2_ASAP7_75t_R)
  40.01  501.55 v _41933_/Y (NOR2x2_ASAP7_75t_R)
  45.52  547.07 v _43327_/Y (XOR2x1_ASAP7_75t_R)
   0.00  547.07 v _43980_/D (DFFLQNx3_ASAP7_75t_R)
         547.07   data arrival time

  10.00   10.00   clock clk' (fall edge)
   0.00   10.00   clock network delay (ideal)
   0.00   10.00   clock reconvergence pessimism
          10.00 v _43980_/CLK (DFFLQNx3_ASAP7_75t_R)
 -21.22  -11.22   library setup time
         -11.22   data required time
---------------------------------------------------------
         -11.22   data required time
        -547.07   data arrival time
---------------------------------------------------------
        -558.30   slack (VIOLATED)


Startpoint: _44187_ (falling edge-triggered flip-flop clocked by clk')
Endpoint: _44026_ (falling edge-triggered flip-flop clocked by clk')
Path Group: clk
Path Type: max

  Delay    Time   Description
---------------------------------------------------------
   0.00    0.00   clock clk' (fall edge)
   0.00    0.00   clock network delay (ideal)
   0.00    0.00 v _44187_/CLK (DFFLQNx3_ASAP7_75t_R)
 112.96  112.96 v _44187_/QN (DFFLQNx3_ASAP7_75t_R)
  39.57  152.53 v rebuffer3299/Y (BUFx3_ASAP7_75t_R)
  24.36  176.89 v rebuffer2940/Y (BUFx6f_ASAP7_75t_R)
  24.71  201.61 v clone2900/Y (BUFx6f_ASAP7_75t_R)
  28.17  229.77 v rebuffer1918/Y (BUFx3_ASAP7_75t_R)
  40.16  269.93 ^ _30448_/Y (NAND2x2_ASAP7_75t_R)
  41.31  311.24 ^ rebuffer2901/Y (BUFx6f_ASAP7_75t_R)
  32.08  343.32 ^ rebuffer1486/Y (BUFx2_ASAP7_75t_R)
  31.49  374.81 ^ _32297_/Y (AO21x1_ASAP7_75t_R)
  12.78  387.59 v _32298_/Y (NAND2x1_ASAP7_75t_R)
  53.74  441.33 v _32299_/Y (OR3x1_ASAP7_75t_R)
  25.03  466.35 ^ _32300_/Y (NOR2x2_ASAP7_75t_R)
  18.39  484.75 v _32326_/Y (NAND3x2_ASAP7_75t_R)
  38.88  523.62 ^ _32367_/Y (NOR2x2_ASAP7_75t_R)
  40.31  563.94 ^ _43277_/Y (XOR2x1_ASAP7_75t_R)
   0.00  563.94 ^ _44026_/D (DFFLQNx3_ASAP7_75t_R)
         563.94   data arrival time

  10.00   10.00   clock clk' (fall edge)
   0.00   10.00   clock network delay (ideal)
   0.00   10.00   clock reconvergence pessimism
          10.00 v _44026_/CLK (DFFLQNx3_ASAP7_75t_R)
  -3.47    6.53   library setup time
           6.53   data required time
---------------------------------------------------------
           6.53   data required time
        -563.94   data arrival time
---------------------------------------------------------
        -557.41   slack (VIOLATED)


Startpoint: _44119_ (falling edge-triggered flip-flop clocked by clk')
Endpoint: _44070_ (falling edge-triggered flip-flop clocked by clk')
Path Group: clk
Path Type: max

  Delay    Time   Description
---------------------------------------------------------
   0.00    0.00   clock clk' (fall edge)
   0.00    0.00   clock network delay (ideal)
   0.00    0.00 v _44119_/CLK (DFFLQNx2_ASAP7_75t_R)
 129.44  129.44 v _44119_/QN (DFFLQNx2_ASAP7_75t_R)
  55.77  185.21 ^ _34708_/Y (NAND2x2_ASAP7_75t_R)
  31.59  216.80 v _34763_/Y (INVx4_ASAP7_75t_R)
  58.05  274.85 ^ _34764_/Y (NAND2x2_ASAP7_75t_R)
  35.20  310.05 v _34765_/Y (INVx5_ASAP7_75t_R)
  33.41  343.47 ^ _34930_/Y (NAND2x2_ASAP7_75t_R)
  21.05  364.52 v _34931_/Y (NAND3x2_ASAP7_75t_R)
  22.35  386.86 ^ _34935_/Y (NOR2x2_ASAP7_75t_R)
  24.32  411.19 v _34938_/Y (NAND3x2_ASAP7_75t_R)
  45.18  456.37 ^ _35325_/Y (NOR3x2_ASAP7_75t_R)
  46.37  502.74 v _38178_/Y (NOR2x2_ASAP7_75t_R)
  44.23  546.97 v _43241_/Y (XOR2x1_ASAP7_75t_R)
   0.00  546.97 v _44070_/D (DFFLQNx3_ASAP7_75t_R)
         546.97   data arrival time

  10.00   10.00   clock clk' (fall edge)
   0.00   10.00   clock network delay (ideal)
   0.00   10.00   clock reconvergence pessimism
          10.00 v _44070_/CLK (DFFLQNx3_ASAP7_75t_R)
 -19.83   -9.83   library setup time
          -9.83   data required time
---------------------------------------------------------
          -9.83   data required time
        -546.97   data arrival time
---------------------------------------------------------
        -556.81   slack (VIOLATED)


Startpoint: _44121_ (falling edge-triggered flip-flop clocked by clk')
Endpoint: _44044_ (falling edge-triggered flip-flop clocked by clk')
Path Group: clk
Path Type: max

  Delay    Time   Description
---------------------------------------------------------
   0.00    0.00   clock clk' (fall edge)
   0.00    0.00   clock network delay (ideal)
   0.00    0.00 v _44121_/CLK (DFFLQNx3_ASAP7_75t_R)
 123.00  123.00 v _44121_/QN (DFFLQNx3_ASAP7_75t_R)
  49.61  172.61 v rebuffer676/Y (BUFx12f_ASAP7_75t_R)
  15.48  188.10 ^ _38875_/Y (CKINVDCx20_ASAP7_75t_R)
  27.49  215.59 v _38891_/Y (NOR2x2_ASAP7_75t_R)
  37.27  252.86 v rebuffer1833/Y (BUFx6f_ASAP7_75t_R)
  28.36  281.22 ^ _38918_/Y (NAND2x2_ASAP7_75t_R)
  37.94  319.16 ^ rebuffer844/Y (BUFx6f_ASAP7_75t_R)
  35.36  354.52 ^ _41119_/Y (AO21x1_ASAP7_75t_R)
  18.30  372.83 v _41539_/Y (OAI21x1_ASAP7_75t_R)
  77.09  449.92 v _41545_/Y (OR3x4_ASAP7_75t_R)
  26.27  476.19 ^ _41546_/Y (NOR3x2_ASAP7_75t_R)
  28.20  504.39 v _41588_/Y (NAND2x2_ASAP7_75t_R)
  41.68  546.07 v _43263_/Y (XOR2x1_ASAP7_75t_R)
   0.00  546.07 v _44044_/D (DFFLQNx3_ASAP7_75t_R)
         546.07   data arrival time

  10.00   10.00   clock clk' (fall edge)
   0.00   10.00   clock network delay (ideal)
   0.00   10.00   clock reconvergence pessimism
          10.00 v _44044_/CLK (DFFLQNx3_ASAP7_75t_R)
 -19.17   -9.17   library setup time
          -9.17   data required time
---------------------------------------------------------
          -9.17   data required time
        -546.07   data arrival time
---------------------------------------------------------
        -555.24   slack (VIOLATED)


Startpoint: _44089_ (falling edge-triggered flip-flop clocked by clk')
Endpoint: _44020_ (falling edge-triggered flip-flop clocked by clk')
Path Group: clk
Path Type: max

  Delay    Time   Description
---------------------------------------------------------
   0.00    0.00   clock clk' (fall edge)
   0.00    0.00   clock network delay (ideal)
   0.00    0.00 v _44089_/CLK (DFFLQNx3_ASAP7_75t_R)
  93.35   93.35 ^ _44089_/QN (DFFLQNx3_ASAP7_75t_R)
  37.78  131.13 ^ rebuffer642/Y (BUFx6f_ASAP7_75t_R)
  32.55  163.68 ^ rebuffer647/Y (BUFx2_ASAP7_75t_R)
  15.72  179.40 v _26448_/Y (NAND2x2_ASAP7_75t_R)
  32.60  212.00 v rebuffer3127/Y (BUFx12f_ASAP7_75t_R)
  18.24  230.25 ^ _26449_/Y (CKINVDCx10_ASAP7_75t_R)
  24.63  254.87 v _26505_/Y (NAND2x2_ASAP7_75t_R)
  31.24  286.11 v rebuffer1604/Y (BUFx6f_ASAP7_75t_R)
  28.15  314.26 v rebuffer1605/Y (BUFx2_ASAP7_75t_R)
  42.20  356.46 v _28889_/Y (AO21x1_ASAP7_75t_R)
  27.06  383.52 ^ _28891_/Y (NAND3x2_ASAP7_75t_R)
  25.64  409.16 v _28895_/Y (NOR3x2_ASAP7_75t_R)
  18.09  427.26 ^ _28958_/Y (INVx1_ASAP7_75t_R)
  16.91  444.17 v _28959_/Y (NOR2x1_ASAP7_75t_R)
  24.99  469.16 ^ _28960_/Y (NAND2x1_ASAP7_75t_R)
  34.71  503.87 v _28964_/Y (NOR2x2_ASAP7_75t_R)
  42.47  546.34 v _43287_/Y (XOR2x1_ASAP7_75t_R)
   0.00  546.34 v _44020_/D (DFFLQNx3_ASAP7_75t_R)
         546.34   data arrival time

  10.00   10.00   clock clk' (fall edge)
   0.00   10.00   clock network delay (ideal)
   0.00   10.00   clock reconvergence pessimism
          10.00 v _44020_/CLK (DFFLQNx3_ASAP7_75t_R)
 -18.76   -8.76   library setup time
          -8.76   data required time
---------------------------------------------------------
          -8.76   data required time
        -546.34   data arrival time
---------------------------------------------------------
        -555.10   slack (VIOLATED)


Startpoint: _44128_ (falling edge-triggered flip-flop clocked by clk')
Endpoint: _43984_ (falling edge-triggered flip-flop clocked by clk')
Path Group: clk
Path Type: max

  Delay    Time   Description
---------------------------------------------------------
   0.00    0.00   clock clk' (fall edge)
   0.00    0.00   clock network delay (ideal)
   0.00    0.00 v _44128_/CLK (DFFLQNx3_ASAP7_75t_R)
 130.59  130.59 v _44128_/QN (DFFLQNx3_ASAP7_75t_R)
  51.76  182.35 v rebuffer1013/Y (BUFx12f_ASAP7_75t_R)
  17.61  199.96 ^ _26749_/Y (CKINVDCx16_ASAP7_75t_R)
  26.19  226.15 v _26770_/Y (NAND2x2_ASAP7_75t_R)
  40.29  266.44 v rebuffer2537/Y (BUFx2_ASAP7_75t_R)
  31.43  297.87 ^ _26956_/Y (NOR2x2_ASAP7_75t_R)
  43.43  341.30 ^ _26959_/Y (OA21x2_ASAP7_75t_R)
  15.43  356.73 v _26960_/Y (NOR2x1_ASAP7_75t_R)
  23.91  380.64 ^ _26961_/Y (NAND2x1_ASAP7_75t_R)
  23.05  403.69 v _26962_/Y (NOR2x1_ASAP7_75t_R)
  24.65  428.33 ^ _26963_/Y (NAND2x2_ASAP7_75t_R)
  15.95  444.29 v _26964_/Y (INVx2_ASAP7_75t_R)
  17.99  462.28 ^ _27017_/Y (NAND2x2_ASAP7_75t_R)
  23.00  485.28 v _27018_/Y (NOR2x2_ASAP7_75t_R)
  35.64  520.92 ^ _27019_/Y (NAND2x2_ASAP7_75t_R)
  37.75  558.67 ^ _43315_/Y (XOR2x1_ASAP7_75t_R)
   0.00  558.67 ^ _43984_/D (DFFLQNx2_ASAP7_75t_R)
         558.67   data arrival time

  10.00   10.00   clock clk' (fall edge)
   0.00   10.00   clock network delay (ideal)
   0.00   10.00   clock reconvergence pessimism
          10.00 v _43984_/CLK (DFFLQNx2_ASAP7_75t_R)
  -6.17    3.83   library setup time
           3.83   data required time
---------------------------------------------------------
           3.83   data required time
        -558.67   data arrival time
---------------------------------------------------------
        -554.84   slack (VIOLATED)


Startpoint: _44160_ (falling edge-triggered flip-flop clocked by clk')
Endpoint: _44014_ (falling edge-triggered flip-flop clocked by clk')
Path Group: clk
Path Type: max

  Delay    Time   Description
---------------------------------------------------------
   0.00    0.00   clock clk' (fall edge)
   0.00    0.00   clock network delay (ideal)
   0.00    0.00 v _44160_/CLK (DFFLQNx3_ASAP7_75t_R)
 119.73  119.73 v _44160_/QN (DFFLQNx3_ASAP7_75t_R)
  46.42  166.15 v rebuffer1300/Y (BUFx12f_ASAP7_75t_R)
  29.18  195.33 v rebuffer1303/Y (BUFx6f_ASAP7_75t_R)
  21.87  217.20 ^ _39552_/Y (NOR2x2_ASAP7_75t_R)
  36.31  253.51 ^ rebuffer1250/Y (BUFx12f_ASAP7_75t_R)
  39.02  292.52 ^ rebuffer1251/Y (BUFx2_ASAP7_75t_R)
  22.31  314.83 v clone777/Y (NAND2x2_ASAP7_75t_R)
  33.05  347.88 v _42357_/Y (AO21x1_ASAP7_75t_R)
  55.98  403.86 v _42358_/Y (OA211x2_ASAP7_75t_R)
  19.67  423.54 ^ _42359_/Y (NAND2x1_ASAP7_75t_R)
  17.84  441.38 v _42360_/Y (NOR2x1_ASAP7_75t_R)
  25.08  466.46 ^ _42361_/Y (NAND2x1_ASAP7_75t_R)
  23.89  490.35 v _42392_/Y (NOR2x2_ASAP7_75t_R)
  33.95  524.30 ^ _42393_/Y (NAND2x2_ASAP7_75t_R)
  37.90  562.20 ^ _43297_/Y (XOR2x1_ASAP7_75t_R)
   0.00  562.20 ^ _44014_/D (DFFLQNx3_ASAP7_75t_R)
         562.20   data arrival time

  10.00   10.00   clock clk' (fall edge)
   0.00   10.00   clock network delay (ideal)
   0.00   10.00   clock reconvergence pessimism
          10.00 v _44014_/CLK (DFFLQNx3_ASAP7_75t_R)
  -2.55    7.45   library setup time
           7.45   data required time
---------------------------------------------------------
           7.45   data required time
        -562.20   data arrival time
---------------------------------------------------------
        -554.75   slack (VIOLATED)


Startpoint: _44168_ (falling edge-triggered flip-flop clocked by clk')
Endpoint: _43954_ (falling edge-triggered flip-flop clocked by clk')
Path Group: clk
Path Type: max

  Delay    Time   Description
---------------------------------------------------------
   0.00    0.00   clock clk' (fall edge)
   0.00    0.00   clock network delay (ideal)
   0.00    0.00 v _44168_/CLK (DFFLQNx3_ASAP7_75t_R)
 122.71  122.71 v _44168_/QN (DFFLQNx3_ASAP7_75t_R)
  45.05  167.76 v rebuffer2656/Y (BUFx2_ASAP7_75t_R)
  25.93  193.69 v rebuffer1404/Y (BUFx6f_ASAP7_75t_R)
  36.68  230.37 ^ _27029_/Y (NOR2x2_ASAP7_75t_R)
  41.87  272.25 ^ rebuffer2106/Y (BUFx6f_ASAP7_75t_R)
  26.36  298.61 v _27233_/Y (NAND2x2_ASAP7_75t_R)
  35.62  334.23 v _28235_/Y (AO21x1_ASAP7_75t_R)
  53.18  387.41 v _28237_/Y (OA211x2_ASAP7_75t_R)
  28.94  416.35 ^ _28238_/Y (NAND2x1_ASAP7_75t_R)
  21.53  437.88 v _28239_/Y (NOR2x2_ASAP7_75t_R)
  22.20  460.08 ^ _28240_/Y (NAND2x2_ASAP7_75t_R)
  38.39  498.47 v _28278_/Y (NOR2x2_ASAP7_75t_R)
  46.02  544.48 v _43349_/Y (XOR2x1_ASAP7_75t_R)
   0.00  544.48 v _43954_/D (DFFLQNx2_ASAP7_75t_R)
         544.48   data arrival time

  10.00   10.00   clock clk' (fall edge)
   0.00   10.00   clock network delay (ideal)
   0.00   10.00   clock reconvergence pessimism
          10.00 v _43954_/CLK (DFFLQNx2_ASAP7_75t_R)
 -20.11  -10.11   library setup time
         -10.11   data required time
---------------------------------------------------------
         -10.11   data required time
        -544.48   data arrival time
---------------------------------------------------------
        -554.60   slack (VIOLATED)


Startpoint: _44121_ (falling edge-triggered flip-flop clocked by clk')
Endpoint: _44046_ (falling edge-triggered flip-flop clocked by clk')
Path Group: clk
Path Type: max

  Delay    Time   Description
---------------------------------------------------------
   0.00    0.00   clock clk' (fall edge)
   0.00    0.00   clock network delay (ideal)
   0.00    0.00 v _44121_/CLK (DFFLQNx3_ASAP7_75t_R)
 123.00  123.00 v _44121_/QN (DFFLQNx3_ASAP7_75t_R)
  45.38  168.38 v rebuffer669/Y (BUFx6f_ASAP7_75t_R)
  39.89  208.27 v rebuffer670/Y (BUFx2_ASAP7_75t_R)
  43.75  252.01 v _38937_/Y (AND2x4_ASAP7_75t_R)
  49.89  301.91 ^ clone2621/Y (NAND2x1_ASAP7_75t_R)
  45.63  347.54 ^ _42187_/Y (AO21x1_ASAP7_75t_R)
  16.53  364.06 v _42188_/Y (OAI21x1_ASAP7_75t_R)
  47.37  411.43 v _42192_/Y (OR3x1_ASAP7_75t_R)
  18.13  429.56 ^ _42193_/Y (NOR2x1_ASAP7_75t_R)
  19.58  449.14 v _42194_/Y (NAND2x1_ASAP7_75t_R)
  44.69  493.83 ^ _42225_/Y (AOI211x1_ASAP7_75t_R)
  52.68  546.51 v _43265_/Y (XOR2x2_ASAP7_75t_R)
   0.00  546.51 v _44046_/D (DFFLQNx3_ASAP7_75t_R)
         546.51   data arrival time

  10.00   10.00   clock clk' (fall edge)
   0.00   10.00   clock network delay (ideal)
   0.00   10.00   clock reconvergence pessimism
          10.00 v _44046_/CLK (DFFLQNx3_ASAP7_75t_R)
 -17.83   -7.83   library setup time
          -7.83   data required time
---------------------------------------------------------
          -7.83   data required time
        -546.51   data arrival time
---------------------------------------------------------
        -554.35   slack (VIOLATED)


Startpoint: _44168_ (falling edge-triggered flip-flop clocked by clk')
Endpoint: _43958_ (falling edge-triggered flip-flop clocked by clk')
Path Group: clk
Path Type: max

  Delay    Time   Description
---------------------------------------------------------
   0.00    0.00   clock clk' (fall edge)
   0.00    0.00   clock network delay (ideal)
   0.00    0.00 v _44168_/CLK (DFFLQNx3_ASAP7_75t_R)
 122.71  122.71 v _44168_/QN (DFFLQNx3_ASAP7_75t_R)
  46.21  168.93 v rebuffer1397/Y (BUFx12f_ASAP7_75t_R)
  15.43  184.36 ^ _27066_/Y (INVx11_ASAP7_75t_R)
  33.19  217.55 v _27067_/Y (NOR2x2_ASAP7_75t_R)
  43.94  261.49 v rebuffer1968/Y (BUFx2_ASAP7_75t_R)
  27.88  289.37 ^ _27071_/Y (NAND2x2_ASAP7_75t_R)
  45.25  334.62 ^ _28273_/Y (AO21x1_ASAP7_75t_R)
  25.25  359.87 v _28274_/Y (INVx1_ASAP7_75t_R)
  46.76  406.63 v _29672_/Y (OR3x1_ASAP7_75t_R)
  26.44  433.07 ^ _29679_/Y (NOR2x1_ASAP7_75t_R)
  20.18  453.24 v _29680_/Y (NAND2x2_ASAP7_75t_R)
  28.27  481.52 ^ _29697_/Y (NOR3x2_ASAP7_75t_R)
  23.17  504.69 v _29731_/Y (NAND3x2_ASAP7_75t_R)
  39.73  544.42 v _43353_/Y (XOR2x1_ASAP7_75t_R)
   0.00  544.42 v _43958_/D (DFFLQNx3_ASAP7_75t_R)
         544.42   data arrival time

  10.00   10.00   clock clk' (fall edge)
   0.00   10.00   clock network delay (ideal)
   0.00   10.00   clock reconvergence pessimism
          10.00 v _43958_/CLK (DFFLQNx3_ASAP7_75t_R)
 -19.58   -9.58   library setup time
          -9.58   data required time
---------------------------------------------------------
          -9.58   data required time
        -544.42   data arrival time
---------------------------------------------------------
        -554.01   slack (VIOLATED)


Startpoint: _44121_ (falling edge-triggered flip-flop clocked by clk')
Endpoint: _44043_ (falling edge-triggered flip-flop clocked by clk')
Path Group: clk
Path Type: max

  Delay    Time   Description
---------------------------------------------------------
   0.00    0.00   clock clk' (fall edge)
   0.00    0.00   clock network delay (ideal)
   0.00    0.00 v _44121_/CLK (DFFLQNx3_ASAP7_75t_R)
 123.00  123.00 v _44121_/QN (DFFLQNx3_ASAP7_75t_R)
  49.61  172.61 v rebuffer676/Y (BUFx12f_ASAP7_75t_R)
  15.48  188.10 ^ _38875_/Y (CKINVDCx20_ASAP7_75t_R)
  27.49  215.59 v _38891_/Y (NOR2x2_ASAP7_75t_R)
  37.27  252.86 v rebuffer1833/Y (BUFx6f_ASAP7_75t_R)
  28.36  281.22 ^ _38918_/Y (NAND2x2_ASAP7_75t_R)
  37.94  319.16 ^ rebuffer844/Y (BUFx6f_ASAP7_75t_R)
  35.36  354.52 ^ _41119_/Y (AO21x1_ASAP7_75t_R)
  41.58  396.10 ^ _41122_/Y (AND3x1_ASAP7_75t_R)
  15.58  411.68 v _41123_/Y (NAND2x1_ASAP7_75t_R)
  16.92  428.60 ^ _41124_/Y (NOR2x1_ASAP7_75t_R)
  15.23  443.83 v _41125_/Y (NAND2x1_ASAP7_75t_R)
  23.26  467.09 ^ _41126_/Y (NOR2x1_ASAP7_75t_R)
  33.10  500.19 v _41174_/Y (NAND2x2_ASAP7_75t_R)
  43.14  543.33 v _43262_/Y (XOR2x1_ASAP7_75t_R)
   0.00  543.33 v _44043_/D (DFFLQNx1_ASAP7_75t_R)
         543.33   data arrival time

  10.00   10.00   clock clk' (fall edge)
   0.00   10.00   clock network delay (ideal)
   0.00   10.00   clock reconvergence pessimism
          10.00 v _44043_/CLK (DFFLQNx1_ASAP7_75t_R)
 -19.89   -9.89   library setup time
          -9.89   data required time
---------------------------------------------------------
          -9.89   data required time
        -543.33   data arrival time
---------------------------------------------------------
        -553.22   slack (VIOLATED)


Startpoint: _44192_ (falling edge-triggered flip-flop clocked by clk')
Endpoint: _44006_ (falling edge-triggered flip-flop clocked by clk')
Path Group: clk
Path Type: max

  Delay    Time   Description
---------------------------------------------------------
   0.00    0.00   clock clk' (fall edge)
   0.00    0.00   clock network delay (ideal)
   0.00    0.00 v _44192_/CLK (DFFLQNx3_ASAP7_75t_R)
 148.37  148.37 v _44192_/QN (DFFLQNx3_ASAP7_75t_R)
  52.95  201.32 v rebuffer1313/Y (BUFx2_ASAP7_75t_R)
  43.78  245.11 v _35374_/Y (AND2x6_ASAP7_75t_R)
  51.01  296.12 ^ _35453_/Y (NAND2x2_ASAP7_75t_R)
  51.24  347.36 ^ _35568_/Y (AO21x2_ASAP7_75t_R)
  18.97  366.32 v _37987_/Y (NAND2x1_ASAP7_75t_R)
  19.15  385.47 ^ _37990_/Y (NOR3x1_ASAP7_75t_R)
  17.14  402.61 v _37991_/Y (NAND2x1_ASAP7_75t_R)
  22.29  424.91 ^ _37992_/Y (NOR2x1_ASAP7_75t_R)
  24.33  449.24 v _37993_/Y (NAND2x2_ASAP7_75t_R)
  29.21  478.45 ^ _38181_/Y (NOR2x2_ASAP7_75t_R)
  25.45  503.89 v clone2098/Y (NAND2x2_ASAP7_75t_R)
  39.31  543.20 v _43305_/Y (XOR2x1_ASAP7_75t_R)
   0.00  543.20 v _44006_/D (DFFLQNx3_ASAP7_75t_R)
         543.20   data arrival time

  10.00   10.00   clock clk' (fall edge)
   0.00   10.00   clock network delay (ideal)
   0.00   10.00   clock reconvergence pessimism
          10.00 v _44006_/CLK (DFFLQNx3_ASAP7_75t_R)
 -19.17   -9.17   library setup time
          -9.17   data required time
---------------------------------------------------------
          -9.17   data required time
        -543.20   data arrival time
---------------------------------------------------------
        -552.37   slack (VIOLATED)


Startpoint: _44089_ (falling edge-triggered flip-flop clocked by clk')
Endpoint: _44018_ (falling edge-triggered flip-flop clocked by clk')
Path Group: clk
Path Type: max

  Delay    Time   Description
---------------------------------------------------------
   0.00    0.00   clock clk' (fall edge)
   0.00    0.00   clock network delay (ideal)
   0.00    0.00 v _44089_/CLK (DFFLQNx3_ASAP7_75t_R)
 110.12  110.12 v _44089_/QN (DFFLQNx3_ASAP7_75t_R)
  42.52  152.64 v rebuffer642/Y (BUFx6f_ASAP7_75t_R)
  32.67  185.31 v rebuffer643/Y (BUFx12f_ASAP7_75t_R)
  33.06  218.36 ^ _26466_/Y (NOR2x2_ASAP7_75t_R)
  37.62  255.99 ^ rebuffer2066/Y (BUFx6f_ASAP7_75t_R)
  18.72  274.71 v _27394_/Y (NAND2x2_ASAP7_75t_R)
  31.96  306.66 v rebuffer1333/Y (BUFx6f_ASAP7_75t_R)
  28.19  334.85 v rebuffer1335/Y (BUFx2_ASAP7_75t_R)
  36.90  371.75 v _27905_/Y (AO21x1_ASAP7_75t_R)
  29.66  401.41 v _28077_/Y (AND4x1_ASAP7_75t_R)
  20.01  421.42 ^ _28078_/Y (NAND2x1_ASAP7_75t_R)
  23.21  444.63 v _28079_/Y (NOR2x1_ASAP7_75t_R)
  22.46  467.09 ^ _28082_/Y (NAND2x2_ASAP7_75t_R)
  32.43  499.52 v _28088_/Y (NOR2x2_ASAP7_75t_R)
  43.56  543.08 v _43285_/Y (XOR2x1_ASAP7_75t_R)
   0.00  543.08 v _44018_/D (DFFLQNx3_ASAP7_75t_R)
         543.08   data arrival time

  10.00   10.00   clock clk' (fall edge)
   0.00   10.00   clock network delay (ideal)
   0.00   10.00   clock reconvergence pessimism
          10.00 v _44018_/CLK (DFFLQNx3_ASAP7_75t_R)
 -19.16   -9.16   library setup time
          -9.16   data required time
---------------------------------------------------------
          -9.16   data required time
        -543.08   data arrival time
---------------------------------------------------------
        -552.25   slack (VIOLATED)


Startpoint: _44185_ (falling edge-triggered flip-flop clocked by clk')
Endpoint: _44025_ (falling edge-triggered flip-flop clocked by clk')
Path Group: clk
Path Type: max

  Delay    Time   Description
---------------------------------------------------------
   0.00    0.00   clock clk' (fall edge)
   0.00    0.00   clock network delay (ideal)
   0.00    0.00 v _44185_/CLK (DFFLQNx3_ASAP7_75t_R)
 112.52  112.52 v _44185_/QN (DFFLQNx3_ASAP7_75t_R)
  39.43  151.95 v rebuffer1055/Y (BUFx12f_ASAP7_75t_R)
  30.79  182.74 v rebuffer2908/Y (BUFx12f_ASAP7_75t_R)
  14.22  196.96 ^ _30431_/Y (CKINVDCx20_ASAP7_75t_R)
  36.01  232.97 v _30460_/Y (NOR2x2_ASAP7_75t_R)
  42.61  275.58 v rebuffer2877/Y (BUFx6f_ASAP7_75t_R)
  33.19  308.77 ^ _30464_/Y (NAND2x2_ASAP7_75t_R)
  44.22  352.99 ^ _31870_/Y (AO21x1_ASAP7_75t_R)
  41.62  394.61 ^ _31874_/Y (AND3x1_ASAP7_75t_R)
  16.41  411.02 v _31881_/Y (NAND2x1_ASAP7_75t_R)
  23.84  434.86 ^ _31882_/Y (NOR2x1_ASAP7_75t_R)
  17.99  452.85 v _31883_/Y (NAND2x2_ASAP7_75t_R)
  19.19  472.04 ^ _31936_/Y (NOR2x2_ASAP7_75t_R)
  26.57  498.60 v _31937_/Y (NAND2x2_ASAP7_75t_R)
  44.28  542.88 v _43276_/Y (XOR2x1_ASAP7_75t_R)
   0.00  542.88 v _44025_/D (DFFLQNx2_ASAP7_75t_R)
         542.88   data arrival time

  10.00   10.00   clock clk' (fall edge)
   0.00   10.00   clock network delay (ideal)
   0.00   10.00   clock reconvergence pessimism
          10.00 v _44025_/CLK (DFFLQNx2_ASAP7_75t_R)
 -19.13   -9.13   library setup time
          -9.13   data required time
---------------------------------------------------------
          -9.13   data required time
        -542.88   data arrival time
---------------------------------------------------------
        -552.02   slack (VIOLATED)


Startpoint: _44081_ (falling edge-triggered flip-flop clocked by clk')
Endpoint: _44075_ (falling edge-triggered flip-flop clocked by clk')
Path Group: clk
Path Type: max

  Delay    Time   Description
---------------------------------------------------------
   0.00    0.00   clock clk' (fall edge)
   0.00    0.00   clock network delay (ideal)
   0.00    0.00 v _44081_/CLK (DFFLQNx3_ASAP7_75t_R)
 124.32  124.32 v _44081_/QN (DFFLQNx3_ASAP7_75t_R)
  49.90  174.21 v rebuffer708/Y (BUFx2_ASAP7_75t_R)
  31.83  206.04 v rebuffer709/Y (BUFx2_ASAP7_75t_R)
  41.89  247.93 v _39244_/Y (AND2x6_ASAP7_75t_R)
  40.39  288.32 ^ _39245_/Y (NAND2x2_ASAP7_75t_R)
  25.84  314.16 v _39490_/Y (INVx4_ASAP7_75t_R)
  22.27  336.43 ^ _41407_/Y (NAND2x1_ASAP7_75t_R)
  26.18  362.61 v _41408_/Y (INVx1_ASAP7_75t_R)
  18.75  381.36 ^ _41409_/Y (NOR2x1_ASAP7_75t_R)
  39.68  421.04 ^ _41412_/Y (AND3x1_ASAP7_75t_R)
  16.75  437.79 v _41420_/Y (NAND3x1_ASAP7_75t_R)
  24.70  462.50 ^ _41421_/Y (NOR2x1_ASAP7_75t_R)
  34.39  496.88 v _41422_/Y (NAND2x2_ASAP7_75t_R)
  43.56  540.44 v _43230_/Y (XOR2x1_ASAP7_75t_R)
   0.00  540.44 v _44075_/D (DFFLQNx3_ASAP7_75t_R)
         540.44   data arrival time

  10.00   10.00   clock clk' (fall edge)
   0.00   10.00   clock network delay (ideal)
   0.00   10.00   clock reconvergence pessimism
          10.00 v _44075_/CLK (DFFLQNx3_ASAP7_75t_R)
 -19.81   -9.81   library setup time
          -9.81   data required time
---------------------------------------------------------
          -9.81   data required time
        -540.44   data arrival time
---------------------------------------------------------
        -550.25   slack (VIOLATED)


Startpoint: _44160_ (falling edge-triggered flip-flop clocked by clk')
Endpoint: _44012_ (falling edge-triggered flip-flop clocked by clk')
Path Group: clk
Path Type: max

  Delay    Time   Description
---------------------------------------------------------
   0.00    0.00   clock clk' (fall edge)
   0.00    0.00   clock network delay (ideal)
   0.00    0.00 v _44160_/CLK (DFFLQNx3_ASAP7_75t_R)
 119.73  119.73 v _44160_/QN (DFFLQNx3_ASAP7_75t_R)
  46.42  166.15 v rebuffer1300/Y (BUFx12f_ASAP7_75t_R)
  29.18  195.33 v rebuffer1303/Y (BUFx6f_ASAP7_75t_R)
  21.87  217.20 ^ _39552_/Y (NOR2x2_ASAP7_75t_R)
  36.31  253.51 ^ rebuffer1250/Y (BUFx12f_ASAP7_75t_R)
  24.93  278.43 v _39553_/Y (NAND2x2_ASAP7_75t_R)
  33.30  311.74 v rebuffer2316/Y (BUFx6f_ASAP7_75t_R)
  35.96  347.70 v _41065_/Y (AO21x1_ASAP7_75t_R)
  34.44  382.14 v _41744_/Y (AND2x2_ASAP7_75t_R)
  19.03  401.17 ^ _41747_/Y (NAND3x1_ASAP7_75t_R)
  26.14  427.31 v _41754_/Y (NOR2x1_ASAP7_75t_R)
  21.98  449.29 ^ _41763_/Y (NAND2x2_ASAP7_75t_R)
  18.00  467.30 v _41764_/Y (NOR2x2_ASAP7_75t_R)
  46.02  513.31 ^ _41765_/Y (NAND2x2_ASAP7_75t_R)
  42.80  556.12 ^ _43295_/Y (XOR2x1_ASAP7_75t_R)
   0.00  556.12 ^ _44012_/D (DFFLQNx3_ASAP7_75t_R)
         556.12   data arrival time

  10.00   10.00   clock clk' (fall edge)
   0.00   10.00   clock network delay (ideal)
   0.00   10.00   clock reconvergence pessimism
          10.00 v _44012_/CLK (DFFLQNx3_ASAP7_75t_R)
  -3.53    6.47   library setup time
           6.47   data required time
---------------------------------------------------------
           6.47   data required time
        -556.12   data arrival time
---------------------------------------------------------
        -549.65   slack (VIOLATED)


Startpoint: _44180_ (falling edge-triggered flip-flop clocked by clk')
Endpoint: _44052_ (falling edge-triggered flip-flop clocked by clk')
Path Group: clk
Path Type: max

  Delay    Time   Description
---------------------------------------------------------
   0.00    0.00   clock clk' (fall edge)
   0.00    0.00   clock network delay (ideal)
   0.00    0.00 v _44180_/CLK (DFFLQNx2_ASAP7_75t_R)
 130.84  130.84 v _44180_/QN (DFFLQNx2_ASAP7_75t_R)
  39.87  170.71 ^ _26054_/Y (INVx2_ASAP7_75t_R)
  42.91  213.62 v _26055_/Y (NOR2x2_ASAP7_75t_R)
  75.62  289.23 ^ clone3445/Y (NAND2x1_ASAP7_75t_R)
  42.47  331.71 v _27302_/Y (INVx3_ASAP7_75t_R)
  36.20  367.90 v _28844_/Y (OA21x2_ASAP7_75t_R)
  43.52  411.42 v _28847_/Y (OR3x1_ASAP7_75t_R)
  20.05  431.47 ^ _28852_/Y (NOR2x1_ASAP7_75t_R)
  16.27  447.74 v _28853_/Y (NAND2x1_ASAP7_75t_R)
  23.61  471.35 ^ _28867_/Y (NOR2x1_ASAP7_75t_R)
  27.76  499.11 v _28868_/Y (NAND2x2_ASAP7_75t_R)
  40.91  540.02 v _43255_/Y (XOR2x1_ASAP7_75t_R)
   0.00  540.02 v _44052_/D (DFFLQNx3_ASAP7_75t_R)
         540.02   data arrival time

  10.00   10.00   clock clk' (fall edge)
   0.00   10.00   clock network delay (ideal)
   0.00   10.00   clock reconvergence pessimism
          10.00 v _44052_/CLK (DFFLQNx3_ASAP7_75t_R)
 -19.31   -9.31   library setup time
          -9.31   data required time
---------------------------------------------------------
          -9.31   data required time
        -540.02   data arrival time
---------------------------------------------------------
        -549.33   slack (VIOLATED)


Startpoint: _44128_ (falling edge-triggered flip-flop clocked by clk')
Endpoint: _43990_ (falling edge-triggered flip-flop clocked by clk')
Path Group: clk
Path Type: max

  Delay    Time   Description
---------------------------------------------------------
   0.00    0.00   clock clk' (fall edge)
   0.00    0.00   clock network delay (ideal)
   0.00    0.00 v _44128_/CLK (DFFLQNx3_ASAP7_75t_R)
 130.59  130.59 v _44128_/QN (DFFLQNx3_ASAP7_75t_R)
  51.76  182.35 v rebuffer1013/Y (BUFx12f_ASAP7_75t_R)
  17.61  199.96 ^ _26749_/Y (CKINVDCx16_ASAP7_75t_R)
  29.64  229.60 v _26750_/Y (NOR2x2_ASAP7_75t_R)
  40.66  270.26 ^ _27684_/Y (NAND2x2_ASAP7_75t_R)
  37.93  308.19 ^ rebuffer2953/Y (BUFx6f_ASAP7_75t_R)
  24.09  332.28 ^ rebuffer2954/Y (BUFx3_ASAP7_75t_R)
  24.35  356.62 ^ _29504_/Y (AO21x1_ASAP7_75t_R)
  38.03  394.66 ^ _29506_/Y (AND3x1_ASAP7_75t_R)
  20.43  415.09 v _29510_/Y (NAND2x1_ASAP7_75t_R)
  20.50  435.59 ^ _29521_/Y (NOR2x2_ASAP7_75t_R)
  15.46  451.05 v _29522_/Y (NAND2x2_ASAP7_75t_R)
  18.77  469.82 ^ _29563_/Y (NOR2x2_ASAP7_75t_R)
  25.82  495.64 v _29564_/Y (NAND2x2_ASAP7_75t_R)
  43.61  539.25 v _43321_/Y (XOR2x1_ASAP7_75t_R)
   0.00  539.25 v _43990_/D (DFFLQNx2_ASAP7_75t_R)
         539.25   data arrival time

  10.00   10.00   clock clk' (fall edge)
   0.00   10.00   clock network delay (ideal)
   0.00   10.00   clock reconvergence pessimism
          10.00 v _43990_/CLK (DFFLQNx2_ASAP7_75t_R)
 -19.74   -9.74   library setup time
          -9.74   data required time
---------------------------------------------------------
          -9.74   data required time
        -539.25   data arrival time
---------------------------------------------------------
        -548.99   slack (VIOLATED)


Startpoint: _44200_ (falling edge-triggered flip-flop clocked by clk')
Endpoint: _43976_ (falling edge-triggered flip-flop clocked by clk')
Path Group: clk
Path Type: max

  Delay    Time   Description
---------------------------------------------------------
   0.00    0.00   clock clk' (fall edge)
   0.00    0.00   clock network delay (ideal)
   0.00    0.00 v _44200_/CLK (DFFLQNx3_ASAP7_75t_R)
 115.37  115.37 v _44200_/QN (DFFLQNx3_ASAP7_75t_R)
  40.07  155.43 v rebuffer1181/Y (BUFx12f_ASAP7_75t_R)
  24.00  179.43 ^ _39835_/Y (NOR2x2_ASAP7_75t_R)
  52.38  231.81 ^ rebuffer586/Y (BUFx3_ASAP7_75t_R)
  39.50  271.31 v _39940_/Y (NAND2x2_ASAP7_75t_R)
  26.92  298.23 ^ _40040_/Y (INVx4_ASAP7_75t_R)
  40.35  338.58 ^ _40117_/Y (OA21x2_ASAP7_75t_R)
  22.95  361.53 v _40120_/Y (NOR2x2_ASAP7_75t_R)
  29.47  391.00 ^ _40121_/Y (NAND2x1_ASAP7_75t_R)
  21.26  412.26 v _40122_/Y (NOR2x2_ASAP7_75t_R)
  22.40  434.66 ^ _40141_/Y (NAND2x2_ASAP7_75t_R)
  20.14  454.80 v _40142_/Y (NOR2x2_ASAP7_75t_R)
  36.49  491.29 ^ _40204_/Y (NAND3x2_ASAP7_75t_R)
  50.11  541.40 v _43323_/Y (XOR2x2_ASAP7_75t_R)
   0.00  541.40 v _43976_/D (DFFLQNx2_ASAP7_75t_R)
         541.40   data arrival time

  10.00   10.00   clock clk' (fall edge)
   0.00   10.00   clock network delay (ideal)
   0.00   10.00   clock reconvergence pessimism
          10.00 v _43976_/CLK (DFFLQNx2_ASAP7_75t_R)
 -17.53   -7.53   library setup time
          -7.53   data required time
---------------------------------------------------------
          -7.53   data required time
        -541.40   data arrival time
---------------------------------------------------------
        -548.93   slack (VIOLATED)


Startpoint: _44193_ (falling edge-triggered flip-flop clocked by clk')
Endpoint: _44004_ (falling edge-triggered flip-flop clocked by clk')
Path Group: clk
Path Type: max

  Delay    Time   Description
---------------------------------------------------------
   0.00    0.00   clock clk' (fall edge)
   0.00    0.00   clock network delay (ideal)
   0.00    0.00 v _44193_/CLK (DFFLQNx3_ASAP7_75t_R)
 109.79  109.79 v _44193_/QN (DFFLQNx3_ASAP7_75t_R)
  45.44  155.23 v rebuffer900/Y (BUFx12f_ASAP7_75t_R)
  33.26  188.49 v rebuffer901/Y (BUFx12f_ASAP7_75t_R)
  32.34  220.83 v rebuffer902/Y (BUFx3_ASAP7_75t_R)
  36.27  257.10 v rebuffer903/Y (BUFx2_ASAP7_75t_R)
  22.22  279.32 ^ _35379_/Y (NOR2x2_ASAP7_75t_R)
  36.10  315.43 ^ rebuffer2162/Y (BUFx2_ASAP7_75t_R)
  23.83  339.25 v _36060_/Y (OAI21x1_ASAP7_75t_R)
  44.89  384.15 v _37432_/Y (AND2x2_ASAP7_75t_R)
  22.44  406.59 ^ _37435_/Y (NAND3x1_ASAP7_75t_R)
  27.93  434.52 v _37447_/Y (NOR2x1_ASAP7_75t_R)
  28.84  463.37 ^ _37448_/Y (NAND2x2_ASAP7_75t_R)
  32.79  496.16 v _37483_/Y (NOR2x2_ASAP7_75t_R)
  41.57  537.73 v _43303_/Y (XOR2x1_ASAP7_75t_R)
   0.00  537.73 v _44004_/D (DFFLQNx3_ASAP7_75t_R)
         537.73   data arrival time

  10.00   10.00   clock clk' (fall edge)
   0.00   10.00   clock network delay (ideal)
   0.00   10.00   clock reconvergence pessimism
          10.00 v _44004_/CLK (DFFLQNx3_ASAP7_75t_R)
 -21.09  -11.09   library setup time
         -11.09   data required time
---------------------------------------------------------
         -11.09   data required time
        -537.73   data arrival time
---------------------------------------------------------
        -548.82   slack (VIOLATED)


Startpoint: _44180_ (falling edge-triggered flip-flop clocked by clk')
Endpoint: _44050_ (falling edge-triggered flip-flop clocked by clk')
Path Group: clk
Path Type: max

  Delay    Time   Description
---------------------------------------------------------
   0.00    0.00   clock clk' (fall edge)
   0.00    0.00   clock network delay (ideal)
   0.00    0.00 v _44180_/CLK (DFFLQNx2_ASAP7_75t_R)
 130.84  130.84 v _44180_/QN (DFFLQNx2_ASAP7_75t_R)
  39.87  170.71 ^ _26054_/Y (INVx2_ASAP7_75t_R)
  42.91  213.62 v _26055_/Y (NOR2x2_ASAP7_75t_R)
  75.62  289.23 ^ clone3445/Y (NAND2x1_ASAP7_75t_R)
  42.47  331.71 v _27302_/Y (INVx3_ASAP7_75t_R)
  36.08  367.79 v _27849_/Y (OA21x2_ASAP7_75t_R)
  46.19  413.97 v _27851_/Y (OR3x1_ASAP7_75t_R)
  18.14  432.11 ^ _27852_/Y (NOR2x1_ASAP7_75t_R)
  20.90  453.01 v _27868_/Y (NAND2x1_ASAP7_75t_R)
  25.05  478.06 ^ _27869_/Y (NOR2x2_ASAP7_75t_R)
  21.19  499.25 v clone3176/Y (NAND2x2_ASAP7_75t_R)
  41.85  541.11 v _43253_/Y (XOR2x2_ASAP7_75t_R)
   0.00  541.11 v _44050_/D (DFFLQNx3_ASAP7_75t_R)
         541.11   data arrival time

  10.00   10.00   clock clk' (fall edge)
   0.00   10.00   clock network delay (ideal)
   0.00   10.00   clock reconvergence pessimism
          10.00 v _44050_/CLK (DFFLQNx3_ASAP7_75t_R)
 -17.50   -7.50   library setup time
          -7.50   data required time
---------------------------------------------------------
          -7.50   data required time
        -541.11   data arrival time
---------------------------------------------------------
        -548.61   slack (VIOLATED)


Startpoint: _44119_ (falling edge-triggered flip-flop clocked by clk')
Endpoint: _44066_ (falling edge-triggered flip-flop clocked by clk')
Path Group: clk
Path Type: max

  Delay    Time   Description
---------------------------------------------------------
   0.00    0.00   clock clk' (fall edge)
   0.00    0.00   clock network delay (ideal)
   0.00    0.00 v _44119_/CLK (DFFLQNx2_ASAP7_75t_R)
 129.44  129.44 v _44119_/QN (DFFLQNx2_ASAP7_75t_R)
  55.77  185.21 ^ _34708_/Y (NAND2x2_ASAP7_75t_R)
  31.59  216.80 v _34763_/Y (INVx4_ASAP7_75t_R)
  58.05  274.85 ^ _34764_/Y (NAND2x2_ASAP7_75t_R)
  35.20  310.05 v _34765_/Y (INVx5_ASAP7_75t_R)
  33.41  343.47 ^ _34930_/Y (NAND2x2_ASAP7_75t_R)
  22.71  366.17 v _36526_/Y (OAI21x1_ASAP7_75t_R)
  38.88  405.05 v _36529_/Y (OR2x2_ASAP7_75t_R)
  18.38  423.43 ^ _36535_/Y (NOR2x1_ASAP7_75t_R)
  19.99  443.42 v _36536_/Y (NAND2x1_ASAP7_75t_R)
  18.84  462.26 ^ _36537_/Y (NOR2x2_ASAP7_75t_R)
  31.93  494.19 v _36538_/Y (NAND2x2_ASAP7_75t_R)
  44.09  538.29 v _43237_/Y (XOR2x1_ASAP7_75t_R)
   0.00  538.29 v _44066_/D (DFFLQNx3_ASAP7_75t_R)
         538.29   data arrival time

  10.00   10.00   clock clk' (fall edge)
   0.00   10.00   clock network delay (ideal)
   0.00   10.00   clock reconvergence pessimism
          10.00 v _44066_/CLK (DFFLQNx3_ASAP7_75t_R)
 -20.02  -10.02   library setup time
         -10.02   data required time
---------------------------------------------------------
         -10.02   data required time
        -538.29   data arrival time
---------------------------------------------------------
        -548.31   slack (VIOLATED)


Startpoint: _44145_ (falling edge-triggered flip-flop clocked by clk')
Endpoint: _44060_ (falling edge-triggered flip-flop clocked by clk')
Path Group: clk
Path Type: max

  Delay    Time   Description
---------------------------------------------------------
   0.00    0.00   clock clk' (fall edge)
   0.00    0.00   clock network delay (ideal)
   0.00    0.00 v _44145_/CLK (DFFLQNx3_ASAP7_75t_R)
 114.90  114.90 v _44145_/QN (DFFLQNx3_ASAP7_75t_R)
  42.74  157.64 v rebuffer3315/Y (BUFx6f_ASAP7_75t_R)
  33.92  191.56 v rebuffer1210/Y (BUFx2_ASAP7_75t_R)
  20.03  211.59 ^ _30676_/Y (NOR2x2_ASAP7_75t_R)
  36.30  247.89 ^ rebuffer2197/Y (BUFx12f_ASAP7_75t_R)
  26.51  274.40 v _30694_/Y (NAND2x2_ASAP7_75t_R)
  35.11  309.51 v rebuffer781/Y (BUFx3_ASAP7_75t_R)
  27.58  337.09 v rebuffer782/Y (BUFx2_ASAP7_75t_R)
  30.11  367.20 v _33072_/Y (AO21x1_ASAP7_75t_R)
  23.38  390.58 v _33075_/Y (AND4x1_ASAP7_75t_R)
  15.19  405.78 ^ _33076_/Y (INVx1_ASAP7_75t_R)
  20.76  426.54 v _33081_/Y (NOR3x1_ASAP7_75t_R)
  30.07  456.61 ^ _33082_/Y (NAND2x1_ASAP7_75t_R)
  36.44  493.05 v _33122_/Y (NOR2x2_ASAP7_75t_R)
  43.24  536.29 v _43247_/Y (XOR2x1_ASAP7_75t_R)
   0.00  536.29 v _44060_/D (DFFLQNx3_ASAP7_75t_R)
         536.29   data arrival time

  10.00   10.00   clock clk' (fall edge)
   0.00   10.00   clock network delay (ideal)
   0.00   10.00   clock reconvergence pessimism
          10.00 v _44060_/CLK (DFFLQNx3_ASAP7_75t_R)
 -20.87  -10.87   library setup time
         -10.87   data required time
---------------------------------------------------------
         -10.87   data required time
        -536.29   data arrival time
---------------------------------------------------------
        -547.16   slack (VIOLATED)


Startpoint: _44153_ (falling edge-triggered flip-flop clocked by clk')
Endpoint: _44035_ (falling edge-triggered flip-flop clocked by clk')
Path Group: clk
Path Type: max

  Delay    Time   Description
---------------------------------------------------------
   0.00    0.00   clock clk' (fall edge)
   0.00    0.00   clock network delay (ideal)
   0.00    0.00 v _44153_/CLK (DFFLQNx3_ASAP7_75t_R)
 109.79  109.79 v _44153_/QN (DFFLQNx3_ASAP7_75t_R)
  43.57  153.36 v rebuffer931/Y (BUFx12f_ASAP7_75t_R)
  30.97  184.33 v rebuffer932/Y (BUFx12f_ASAP7_75t_R)
  43.33  227.66 ^ _35096_/Y (NOR2x2_ASAP7_75t_R)
  34.47  262.12 v _35130_/Y (INVx3_ASAP7_75t_R)
  35.40  297.52 ^ _35131_/Y (NOR2x2_ASAP7_75t_R)
  50.72  348.24 ^ _37161_/Y (OA21x2_ASAP7_75t_R)
  12.95  361.19 v _37162_/Y (INVx2_ASAP7_75t_R)
  16.34  377.53 ^ _37163_/Y (NAND2x1_ASAP7_75t_R)
  22.45  399.98 v _37167_/Y (NOR2x1_ASAP7_75t_R)
  27.66  427.64 ^ _37168_/Y (NAND2x2_ASAP7_75t_R)
  16.66  444.31 v _37169_/Y (INVx2_ASAP7_75t_R)
  20.60  464.90 ^ _37170_/Y (NAND2x2_ASAP7_75t_R)
  18.24  483.15 v _37171_/Y (NOR2x2_ASAP7_75t_R)
  32.85  516.00 ^ _37227_/Y (NAND2x2_ASAP7_75t_R)
  37.79  553.79 ^ _43270_/Y (XOR2x1_ASAP7_75t_R)
   0.00  553.79 ^ _44035_/D (DFFLQNx3_ASAP7_75t_R)
         553.79   data arrival time

  10.00   10.00   clock clk' (fall edge)
   0.00   10.00   clock network delay (ideal)
   0.00   10.00   clock reconvergence pessimism
          10.00 v _44035_/CLK (DFFLQNx3_ASAP7_75t_R)
  -2.49    7.51   library setup time
           7.51   data required time
---------------------------------------------------------
           7.51   data required time
        -553.79   data arrival time
---------------------------------------------------------
        -546.28   slack (VIOLATED)


Startpoint: _44131_ (falling edge-triggered flip-flop clocked by clk')
Endpoint: _43987_ (falling edge-triggered flip-flop clocked by clk')
Path Group: clk
Path Type: max

  Delay    Time   Description
---------------------------------------------------------
   0.00    0.00   clock clk' (fall edge)
   0.00    0.00   clock network delay (ideal)
   0.00    0.00 v _44131_/CLK (DFFLQNx2_ASAP7_75t_R)
  91.64   91.64 v _44131_/QN (DFFLQNx2_ASAP7_75t_R)
  42.54  134.17 v rebuffer2307/Y (BUFx6f_ASAP7_75t_R)
  24.69  158.86 ^ _26764_/Y (INVx3_ASAP7_75t_R)
  30.23  189.09 v _26784_/Y (NOR2x2_ASAP7_75t_R)
  37.40  226.49 v rebuffer1657/Y (BUFx12f_ASAP7_75t_R)
  46.54  273.03 ^ _26808_/Y (NAND2x2_ASAP7_75t_R)
  31.24  304.27 v _28546_/Y (NOR2x1_ASAP7_75t_R)
  27.23  331.51 ^ _28547_/Y (INVx1_ASAP7_75t_R)
  23.28  354.79 v _28548_/Y (NAND2x1_ASAP7_75t_R)
  46.73  401.52 v _28551_/Y (OR3x1_ASAP7_75t_R)
  19.98  421.50 ^ _28561_/Y (NOR2x1_ASAP7_75t_R)
  15.23  436.73 v _28562_/Y (NAND2x1_ASAP7_75t_R)
  23.25  459.98 ^ _28563_/Y (NOR2x1_ASAP7_75t_R)
  32.35  492.33 v _28564_/Y (NAND2x2_ASAP7_75t_R)
  42.86  535.19 v _43318_/Y (XOR2x1_ASAP7_75t_R)
   0.00  535.19 v _43987_/D (DFFLQNx2_ASAP7_75t_R)
         535.19   data arrival time

  10.00   10.00   clock clk' (fall edge)
   0.00   10.00   clock network delay (ideal)
   0.00   10.00   clock reconvergence pessimism
          10.00 v _43987_/CLK (DFFLQNx2_ASAP7_75t_R)
 -19.57   -9.57   library setup time
          -9.57   data required time
---------------------------------------------------------
          -9.57   data required time
        -535.19   data arrival time
---------------------------------------------------------
        -544.76   slack (VIOLATED)


Startpoint: _44105_ (falling edge-triggered flip-flop clocked by clk')
Endpoint: _43974_ (falling edge-triggered flip-flop clocked by clk')
Path Group: clk
Path Type: max

  Delay    Time   Description
---------------------------------------------------------
   0.00    0.00   clock clk' (fall edge)
   0.00    0.00   clock network delay (ideal)
   0.00    0.00 v _44105_/CLK (DFFLQNx3_ASAP7_75t_R)
 115.53  115.53 v _44105_/QN (DFFLQNx3_ASAP7_75t_R)
  48.46  163.99 v rebuffer1423/Y (BUFx3_ASAP7_75t_R)
  30.42  194.40 v rebuffer1424/Y (BUFx6f_ASAP7_75t_R)
  45.51  239.91 v _35699_/Y (AND2x6_ASAP7_75t_R)
  49.06  288.97 ^ clone2156/Y (NAND2xp67_ASAP7_75t_R)
  48.20  337.17 ^ _37292_/Y (AO21x1_ASAP7_75t_R)
  16.00  353.17 v _38321_/Y (NAND2x1_ASAP7_75t_R)
  44.28  397.46 v _38324_/Y (OR3x1_ASAP7_75t_R)
  19.97  417.42 ^ _38328_/Y (NOR2x1_ASAP7_75t_R)
  21.16  438.58 v _38335_/Y (NAND2x1_ASAP7_75t_R)
  24.31  462.89 ^ _38336_/Y (NOR2x2_ASAP7_75t_R)
  29.47  492.36 v _38337_/Y (NAND3x2_ASAP7_75t_R)
  42.29  534.65 v _43337_/Y (XOR2x1_ASAP7_75t_R)
   0.00  534.65 v _43974_/D (DFFLQNx3_ASAP7_75t_R)
         534.65   data arrival time

  10.00   10.00   clock clk' (fall edge)
   0.00   10.00   clock network delay (ideal)
   0.00   10.00   clock reconvergence pessimism
          10.00 v _43974_/CLK (DFFLQNx3_ASAP7_75t_R)
 -19.55   -9.55   library setup time
          -9.55   data required time
---------------------------------------------------------
          -9.55   data required time
        -534.65   data arrival time
---------------------------------------------------------
        -544.20   slack (VIOLATED)


Startpoint: _44133_ (falling edge-triggered flip-flop clocked by clk')
Endpoint: _43986_ (falling edge-triggered flip-flop clocked by clk')
Path Group: clk
Path Type: max

  Delay    Time   Description
---------------------------------------------------------
   0.00    0.00   clock clk' (fall edge)
   0.00    0.00   clock network delay (ideal)
   0.00    0.00 v _44133_/CLK (DFFLQNx2_ASAP7_75t_R)
 120.90  120.90 v _44133_/QN (DFFLQNx2_ASAP7_75t_R)
  37.75  158.65 ^ _26775_/Y (INVx1_ASAP7_75t_R)
  47.17  205.83 v _26776_/Y (NOR2x2_ASAP7_75t_R)
  57.97  263.80 ^ _26778_/Y (NAND2x2_ASAP7_75t_R)
  51.99  315.78 ^ rebuffer2563/Y (BUFx2_ASAP7_75t_R)
  31.53  347.31 ^ rebuffer2564/Y (BUFx2_ASAP7_75t_R)
  12.17  359.48 v _28003_/Y (NOR2x1_ASAP7_75t_R)
  48.56  408.05 v _28004_/Y (OR3x1_ASAP7_75t_R)
  18.13  426.18 ^ _28005_/Y (NOR2x1_ASAP7_75t_R)
  20.90  447.08 v _28017_/Y (NAND2x1_ASAP7_75t_R)
  18.88  465.96 ^ _28018_/Y (NOR2x2_ASAP7_75t_R)
  26.01  491.97 v _28074_/Y (NAND2x2_ASAP7_75t_R)
  41.72  533.69 v _43317_/Y (XOR2x1_ASAP7_75t_R)
   0.00  533.69 v _43986_/D (DFFLQNx3_ASAP7_75t_R)
         533.69   data arrival time

  10.00   10.00   clock clk' (fall edge)
   0.00   10.00   clock network delay (ideal)
   0.00   10.00   clock reconvergence pessimism
          10.00 v _43986_/CLK (DFFLQNx3_ASAP7_75t_R)
 -19.34   -9.34   library setup time
          -9.34   data required time
---------------------------------------------------------
          -9.34   data required time
        -533.69   data arrival time
---------------------------------------------------------
        -543.03   slack (VIOLATED)


Startpoint: _44121_ (falling edge-triggered flip-flop clocked by clk')
Endpoint: _44041_ (falling edge-triggered flip-flop clocked by clk')
Path Group: clk
Path Type: max

  Delay    Time   Description
---------------------------------------------------------
   0.00    0.00   clock clk' (fall edge)
   0.00    0.00   clock network delay (ideal)
   0.00    0.00 v _44121_/CLK (DFFLQNx3_ASAP7_75t_R)
 123.00  123.00 v _44121_/QN (DFFLQNx3_ASAP7_75t_R)
  49.61  172.61 v rebuffer676/Y (BUFx12f_ASAP7_75t_R)
  15.48  188.10 ^ _38875_/Y (CKINVDCx20_ASAP7_75t_R)
  27.49  215.59 v _38891_/Y (NOR2x2_ASAP7_75t_R)
  37.27  252.86 v rebuffer1833/Y (BUFx6f_ASAP7_75t_R)
  28.36  281.22 ^ _38918_/Y (NAND2x2_ASAP7_75t_R)
  35.11  316.33 ^ rebuffer2464/Y (BUFx2_ASAP7_75t_R)
  33.15  349.48 ^ _40245_/Y (AO21x1_ASAP7_75t_R)
  20.43  369.90 v _40246_/Y (OAI21x1_ASAP7_75t_R)
  20.09  389.99 ^ _40250_/Y (NOR2x1_ASAP7_75t_R)
  15.80  405.79 v _40251_/Y (NAND2x1_ASAP7_75t_R)
  24.68  430.47 ^ _40269_/Y (NOR2x1_ASAP7_75t_R)
  18.16  448.63 v _40270_/Y (NAND2x2_ASAP7_75t_R)
  17.81  466.44 ^ _40334_/Y (NOR2x2_ASAP7_75t_R)
  23.81  490.25 v _40335_/Y (NAND2x2_ASAP7_75t_R)
  43.28  533.53 v _43260_/Y (XOR2x1_ASAP7_75t_R)
   0.00  533.53 v _44041_/D (DFFLQNx3_ASAP7_75t_R)
         533.53   data arrival time

  10.00   10.00   clock clk' (fall edge)
   0.00   10.00   clock network delay (ideal)
   0.00   10.00   clock reconvergence pessimism
          10.00 v _44041_/CLK (DFFLQNx3_ASAP7_75t_R)
 -18.81   -8.81   library setup time
          -8.81   data required time
---------------------------------------------------------
          -8.81   data required time
        -533.53   data arrival time
---------------------------------------------------------
        -542.33   slack (VIOLATED)


Startpoint: _44183_ (falling edge-triggered flip-flop clocked by clk')
Endpoint: _44055_ (falling edge-triggered flip-flop clocked by clk')
Path Group: clk
Path Type: max

  Delay    Time   Description
---------------------------------------------------------
   0.00    0.00   clock clk' (fall edge)
   0.00    0.00   clock network delay (ideal)
   0.00    0.00 v _44183_/CLK (DFFLQNx2_ASAP7_75t_R)
 114.04  114.04 ^ _44183_/QN (DFFLQNx2_ASAP7_75t_R)
  44.05  158.09 ^ rebuffer2812/Y (BUFx6f_ASAP7_75t_R)
  17.65  175.74 v _26114_/Y (INVx4_ASAP7_75t_R)
  40.75  216.49 ^ _26255_/Y (NOR2x2_ASAP7_75t_R)
  38.02  254.51 v _26282_/Y (NAND2x2_ASAP7_75t_R)
  37.83  292.34 v rebuffer2394/Y (BUFx6f_ASAP7_75t_R)
  42.55  334.89 v _26347_/Y (AO21x1_ASAP7_75t_R)
  26.39  361.28 ^ _26349_/Y (NAND2x2_ASAP7_75t_R)
  19.23  380.51 v _26350_/Y (NOR2x1_ASAP7_75t_R)
  20.09  400.61 ^ _26351_/Y (NAND2x1_ASAP7_75t_R)
  24.26  424.86 v _26364_/Y (NOR2x1_ASAP7_75t_R)
  24.26  449.12 ^ _26365_/Y (NAND2x2_ASAP7_75t_R)
  36.53  485.65 v _26417_/Y (NOR2x2_ASAP7_75t_R)
  45.12  530.77 v _43258_/Y (XOR2x1_ASAP7_75t_R)
   0.00  530.77 v _44055_/D (DFFLQNx3_ASAP7_75t_R)
         530.77   data arrival time

  10.00   10.00   clock clk' (fall edge)
   0.00   10.00   clock network delay (ideal)
   0.00   10.00   clock reconvergence pessimism
          10.00 v _44055_/CLK (DFFLQNx3_ASAP7_75t_R)
 -19.80   -9.80   library setup time
          -9.80   data required time
---------------------------------------------------------
          -9.80   data required time
        -530.77   data arrival time
---------------------------------------------------------
        -540.57   slack (VIOLATED)


Startpoint: _44081_ (falling edge-triggered flip-flop clocked by clk')
Endpoint: _44076_ (falling edge-triggered flip-flop clocked by clk')
Path Group: clk
Path Type: max

  Delay    Time   Description
---------------------------------------------------------
   0.00    0.00   clock clk' (fall edge)
   0.00    0.00   clock network delay (ideal)
   0.00    0.00 v _44081_/CLK (DFFLQNx3_ASAP7_75t_R)
 124.32  124.32 v _44081_/QN (DFFLQNx3_ASAP7_75t_R)
  49.90  174.21 v rebuffer708/Y (BUFx2_ASAP7_75t_R)
  20.84  195.05 ^ _39141_/Y (NOR2x2_ASAP7_75t_R)
  34.17  229.23 ^ rebuffer1712/Y (BUFx2_ASAP7_75t_R)
  20.53  249.75 v _39175_/Y (NAND2x2_ASAP7_75t_R)
  33.25  283.00 v rebuffer1205/Y (BUFx6f_ASAP7_75t_R)
  43.17  326.16 v _39443_/Y (AO21x2_ASAP7_75t_R)
  31.78  357.95 ^ _40363_/Y (NAND2x2_ASAP7_75t_R)
  22.72  380.67 v _41449_/Y (NOR2x1_ASAP7_75t_R)
  19.24  399.91 ^ _41450_/Y (NAND2x1_ASAP7_75t_R)
  19.79  419.70 v _41458_/Y (NOR2x1_ASAP7_75t_R)
  25.44  445.15 ^ _41481_/Y (NAND2x1_ASAP7_75t_R)
  39.50  484.65 v _41515_/Y (NOR2x2_ASAP7_75t_R)
  44.33  528.98 v _43231_/Y (XOR2x1_ASAP7_75t_R)
   0.00  528.98 v _44076_/D (DFFLQNx3_ASAP7_75t_R)
         528.98   data arrival time

  10.00   10.00   clock clk' (fall edge)
   0.00   10.00   clock network delay (ideal)
   0.00   10.00   clock reconvergence pessimism
          10.00 v _44076_/CLK (DFFLQNx3_ASAP7_75t_R)
 -21.24  -11.24   library setup time
         -11.24   data required time
---------------------------------------------------------
         -11.24   data required time
        -528.98   data arrival time
---------------------------------------------------------
        -540.22   slack (VIOLATED)


Startpoint: _44201_ (falling edge-triggered flip-flop clocked by clk')
Endpoint: _43977_ (falling edge-triggered flip-flop clocked by clk')
Path Group: clk
Path Type: max

  Delay    Time   Description
---------------------------------------------------------
   0.00    0.00   clock clk' (fall edge)
   0.00    0.00   clock network delay (ideal)
   0.00    0.00 v _44201_/CLK (DFFLQNx3_ASAP7_75t_R)
 125.10  125.10 v _44201_/QN (DFFLQNx3_ASAP7_75t_R)
  47.75  172.86 v rebuffer1008/Y (BUFx4f_ASAP7_75t_R)
  41.54  214.40 ^ _39815_/Y (NAND2x2_ASAP7_75t_R)
  37.72  252.11 v _39816_/Y (INVx3_ASAP7_75t_R)
  42.54  294.66 ^ _39966_/Y (NAND2x2_ASAP7_75t_R)
  42.75  337.41 ^ rebuffer3339/Y (BUFx2_ASAP7_75t_R)
  28.49  365.90 ^ _40895_/Y (AO21x1_ASAP7_75t_R)
  39.45  405.35 ^ _40899_/Y (AND3x1_ASAP7_75t_R)
  16.65  422.00 v _40904_/Y (NAND3x1_ASAP7_75t_R)
  26.15  448.15 ^ _40917_/Y (NOR2x1_ASAP7_75t_R)
  20.28  468.43 v _40918_/Y (NAND2x2_ASAP7_75t_R)
  35.55  503.98 ^ _40967_/Y (NOR3x2_ASAP7_75t_R)
  39.66  543.64 ^ _43324_/Y (XOR2x1_ASAP7_75t_R)
   0.00  543.64 ^ _43977_/D (DFFLQNx2_ASAP7_75t_R)
         543.64   data arrival time

  10.00   10.00   clock clk' (fall edge)
   0.00   10.00   clock network delay (ideal)
   0.00   10.00   clock reconvergence pessimism
          10.00 v _43977_/CLK (DFFLQNx2_ASAP7_75t_R)
  -6.38    3.62   library setup time
           3.62   data required time
---------------------------------------------------------
           3.62   data required time
        -543.64   data arrival time
---------------------------------------------------------
        -540.02   slack (VIOLATED)


Startpoint: _44082_ (falling edge-triggered flip-flop clocked by clk')
Endpoint: _44074_ (falling edge-triggered flip-flop clocked by clk')
Path Group: clk
Path Type: max

  Delay    Time   Description
---------------------------------------------------------
   0.00    0.00   clock clk' (fall edge)
   0.00    0.00   clock network delay (ideal)
   0.00    0.00 v _44082_/CLK (DFFLQNx2_ASAP7_75t_R)
 129.86  129.86 v _44082_/QN (DFFLQNx2_ASAP7_75t_R)
  35.52  165.38 ^ _39145_/Y (INVx3_ASAP7_75t_R)
  29.83  195.20 v _39146_/Y (NOR2x2_ASAP7_75t_R)
  36.06  231.26 v rebuffer1420/Y (BUFx12f_ASAP7_75t_R)
  28.72  259.98 ^ _39175_/Y (NAND2x2_ASAP7_75t_R)
  38.58  298.56 ^ rebuffer1206/Y (BUFx3_ASAP7_75t_R)
  18.08  316.64 v _39379_/Y (INVx2_ASAP7_75t_R)
  24.61  341.25 ^ _40721_/Y (NAND2x1_ASAP7_75t_R)
  19.47  360.73 v _40724_/Y (NAND2x2_ASAP7_75t_R)
  13.46  374.19 ^ _40725_/Y (INVx1_ASAP7_75t_R)
  39.91  414.10 ^ _40726_/Y (AND3x1_ASAP7_75t_R)
  18.19  432.29 v _40735_/Y (NAND3x1_ASAP7_75t_R)
  25.96  458.25 ^ _40766_/Y (NOR2x1_ASAP7_75t_R)
  28.51  486.76 v _40767_/Y (NAND2x2_ASAP7_75t_R)
  41.20  527.97 v _43229_/Y (XOR2x1_ASAP7_75t_R)
   0.00  527.97 v _44074_/D (DFFLQNx3_ASAP7_75t_R)
         527.97   data arrival time

  10.00   10.00   clock clk' (fall edge)
   0.00   10.00   clock network delay (ideal)
   0.00   10.00   clock reconvergence pessimism
          10.00 v _44074_/CLK (DFFLQNx3_ASAP7_75t_R)
 -19.88   -9.88   library setup time
          -9.88   data required time
---------------------------------------------------------
          -9.88   data required time
        -527.97   data arrival time
---------------------------------------------------------
        -537.85   slack (VIOLATED)


Startpoint: _44137_ (falling edge-triggered flip-flop clocked by clk')
Endpoint: _43963_ (falling edge-triggered flip-flop clocked by clk')
Path Group: clk
Path Type: max

  Delay    Time   Description
---------------------------------------------------------
   0.00    0.00   clock clk' (fall edge)
   0.00    0.00   clock network delay (ideal)
   0.00    0.00 v _44137_/CLK (DFFLQNx3_ASAP7_75t_R)
 114.91  114.91 v _44137_/QN (DFFLQNx3_ASAP7_75t_R)
  45.94  160.85 v rebuffer1151/Y (BUFx12f_ASAP7_75t_R)
  34.74  195.59 ^ _31383_/Y (NOR2x2_ASAP7_75t_R)
  44.02  239.62 ^ rebuffer1192/Y (BUFx2_ASAP7_75t_R)
  16.77  256.39 v _31404_/Y (NAND2x2_ASAP7_75t_R)
  31.38  287.77 v rebuffer1322/Y (BUFx12f_ASAP7_75t_R)
  23.57  311.35 ^ _31555_/Y (NAND2x2_ASAP7_75t_R)
  37.56  348.90 ^ _33278_/Y (OA21x2_ASAP7_75t_R)
  15.91  364.81 v _33279_/Y (NOR2x1_ASAP7_75t_R)
  26.87  391.68 ^ _33280_/Y (NAND3x1_ASAP7_75t_R)
  22.58  414.25 v _33291_/Y (NOR2x1_ASAP7_75t_R)
  26.20  440.46 ^ _33292_/Y (NAND2x1_ASAP7_75t_R)
  40.81  481.27 v _33293_/Y (NOR2x2_ASAP7_75t_R)
  44.81  526.08 v _43342_/Y (XOR2x1_ASAP7_75t_R)
   0.00  526.08 v _43963_/D (DFFLQNx2_ASAP7_75t_R)
         526.08   data arrival time

  10.00   10.00   clock clk' (fall edge)
   0.00   10.00   clock network delay (ideal)
   0.00   10.00   clock reconvergence pessimism
          10.00 v _43963_/CLK (DFFLQNx2_ASAP7_75t_R)
 -20.03  -10.03   library setup time
         -10.03   data required time
---------------------------------------------------------
         -10.03   data required time
        -526.08   data arrival time
---------------------------------------------------------
        -536.11   slack (VIOLATED)


Startpoint: _44192_ (falling edge-triggered flip-flop clocked by clk')
Endpoint: _44002_ (falling edge-triggered flip-flop clocked by clk')
Path Group: clk
Path Type: max

  Delay    Time   Description
---------------------------------------------------------
   0.00    0.00   clock clk' (fall edge)
   0.00    0.00   clock network delay (ideal)
   0.00    0.00 v _44192_/CLK (DFFLQNx3_ASAP7_75t_R)
 148.37  148.37 v _44192_/QN (DFFLQNx3_ASAP7_75t_R)
  62.26  210.63 ^ _35369_/Y (NOR2x2_ASAP7_75t_R)
  50.26  260.89 ^ rebuffer2728/Y (BUFx3_ASAP7_75t_R)
  27.85  288.74 v clone756/Y (NAND2x2_ASAP7_75t_R)
  37.13  325.87 v _36735_/Y (AO21x1_ASAP7_75t_R)
  55.54  381.41 v _36736_/Y (OA211x2_ASAP7_75t_R)
  19.67  401.09 ^ _36737_/Y (NAND2x1_ASAP7_75t_R)
  20.55  421.64 v _36738_/Y (NOR2x1_ASAP7_75t_R)
  25.44  447.08 ^ _36739_/Y (NAND2x1_ASAP7_75t_R)
  34.88  481.96 v _36740_/Y (NOR2x2_ASAP7_75t_R)
  42.88  524.84 v _43301_/Y (XOR2x1_ASAP7_75t_R)
   0.00  524.84 v _44002_/D (DFFLQNx3_ASAP7_75t_R)
         524.84   data arrival time

  10.00   10.00   clock clk' (fall edge)
   0.00   10.00   clock network delay (ideal)
   0.00   10.00   clock reconvergence pessimism
          10.00 v _44002_/CLK (DFFLQNx3_ASAP7_75t_R)
 -21.12  -11.12   library setup time
         -11.12   data required time
---------------------------------------------------------
         -11.12   data required time
        -524.84   data arrival time
---------------------------------------------------------
        -535.96   slack (VIOLATED)


Startpoint: _44106_ (falling edge-triggered flip-flop clocked by clk')
Endpoint: _43975_ (falling edge-triggered flip-flop clocked by clk')
Path Group: clk
Path Type: max

  Delay    Time   Description
---------------------------------------------------------
   0.00    0.00   clock clk' (fall edge)
   0.00    0.00   clock network delay (ideal)
   0.00    0.00 v _44106_/CLK (DFFLQNx2_ASAP7_75t_R)
 116.41  116.41 v _44106_/QN (DFFLQNx2_ASAP7_75t_R)
  37.17  153.58 ^ _35613_/Y (INVx2_ASAP7_75t_R)
  37.45  191.03 v _35614_/Y (NOR2x2_ASAP7_75t_R)
  38.12  229.15 v rebuffer3282/Y (BUFx3_ASAP7_75t_R)
  33.06  262.21 ^ _35680_/Y (NAND2x2_ASAP7_75t_R)
  36.66  298.87 ^ rebuffer2187/Y (BUFx6f_ASAP7_75t_R)
  40.14  339.01 ^ _35745_/Y (AO21x2_ASAP7_75t_R)
  17.49  356.50 v _35746_/Y (NAND2x1_ASAP7_75t_R)
  19.47  375.97 ^ _35753_/Y (NOR2x1_ASAP7_75t_R)
  18.12  394.09 v _35765_/Y (NAND2x1_ASAP7_75t_R)
  16.86  410.95 ^ _36242_/Y (INVx1_ASAP7_75t_R)
  15.75  426.70 v _36244_/Y (NAND2x1_ASAP7_75t_R)
  22.45  449.15 ^ _36245_/Y (NOR2x1_ASAP7_75t_R)
  33.23  482.37 v _36246_/Y (NAND2x2_ASAP7_75t_R)
  43.63  526.00 v _43338_/Y (XOR2x1_ASAP7_75t_R)
   0.00  526.00 v _43975_/D (DFFLQNx3_ASAP7_75t_R)
         526.00   data arrival time

  10.00   10.00   clock clk' (fall edge)
   0.00   10.00   clock network delay (ideal)
   0.00   10.00   clock reconvergence pessimism
          10.00 v _43975_/CLK (DFFLQNx3_ASAP7_75t_R)
 -19.92   -9.92   library setup time
          -9.92   data required time
---------------------------------------------------------
          -9.92   data required time
        -526.00   data arrival time
---------------------------------------------------------
        -535.92   slack (VIOLATED)


Startpoint: _44160_ (falling edge-triggered flip-flop clocked by clk')
Endpoint: _44010_ (falling edge-triggered flip-flop clocked by clk')
Path Group: clk
Path Type: max

  Delay    Time   Description
---------------------------------------------------------
   0.00    0.00   clock clk' (fall edge)
   0.00    0.00   clock network delay (ideal)
   0.00    0.00 v _44160_/CLK (DFFLQNx3_ASAP7_75t_R)
 119.73  119.73 v _44160_/QN (DFFLQNx3_ASAP7_75t_R)
  46.42  166.15 v rebuffer1300/Y (BUFx12f_ASAP7_75t_R)
  30.88  197.03 ^ _39532_/Y (NAND2x2_ASAP7_75t_R)
  29.32  226.34 v _39590_/Y (INVx4_ASAP7_75t_R)
  35.37  261.72 ^ _39621_/Y (NAND2x2_ASAP7_75t_R)
  37.95  299.66 ^ rebuffer2040/Y (BUFx4f_ASAP7_75t_R)
  28.87  328.54 ^ rebuffer2041/Y (BUFx4f_ASAP7_75t_R)
  25.86  354.40 ^ _40658_/Y (AO21x1_ASAP7_75t_R)
  29.45  383.84 ^ _40659_/Y (AND2x2_ASAP7_75t_R)
  14.45  398.29 v _40664_/Y (NAND2x1_ASAP7_75t_R)
  16.89  415.18 ^ _40665_/Y (NOR2x1_ASAP7_75t_R)
  15.23  430.41 v _40666_/Y (NAND2x1_ASAP7_75t_R)
  23.25  453.66 ^ _40667_/Y (NOR2x1_ASAP7_75t_R)
  30.53  484.19 v _40668_/Y (NAND2x2_ASAP7_75t_R)
  42.11  526.30 v _43293_/Y (XOR2x1_ASAP7_75t_R)
   0.00  526.30 v _44010_/D (DFFLQNx3_ASAP7_75t_R)
         526.30   data arrival time

  10.00   10.00   clock clk' (fall edge)
   0.00   10.00   clock network delay (ideal)
   0.00   10.00   clock reconvergence pessimism
          10.00 v _44010_/CLK (DFFLQNx3_ASAP7_75t_R)
 -19.12   -9.12   library setup time
          -9.12   data required time
---------------------------------------------------------
          -9.12   data required time
        -526.30   data arrival time
---------------------------------------------------------
        -535.43   slack (VIOLATED)


Startpoint: _44082_ (falling edge-triggered flip-flop clocked by clk')
Endpoint: _44079_ (falling edge-triggered flip-flop clocked by clk')
Path Group: clk
Path Type: max

  Delay    Time   Description
---------------------------------------------------------
   0.00    0.00   clock clk' (fall edge)
   0.00    0.00   clock network delay (ideal)
   0.00    0.00 v _44082_/CLK (DFFLQNx2_ASAP7_75t_R)
 129.86  129.86 v _44082_/QN (DFFLQNx2_ASAP7_75t_R)
  35.52  165.38 ^ _39145_/Y (INVx3_ASAP7_75t_R)
  28.71  194.09 v _39211_/Y (NAND2x2_ASAP7_75t_R)
  40.65  234.74 v rebuffer2028/Y (BUFx3_ASAP7_75t_R)
  34.93  269.67 v rebuffer2029/Y (BUFx2_ASAP7_75t_R)
  25.80  295.47 ^ _39337_/Y (NOR2x2_ASAP7_75t_R)
  44.39  339.86 ^ _39340_/Y (OA21x2_ASAP7_75t_R)
  20.24  360.10 v _39344_/Y (NOR3x1_ASAP7_75t_R)
  23.95  384.05 ^ _39356_/Y (NAND3x1_ASAP7_75t_R)
  25.32  409.38 v _39357_/Y (NOR2x1_ASAP7_75t_R)
  23.70  433.07 ^ _39358_/Y (NAND2x2_ASAP7_75t_R)
  43.39  476.47 v _39359_/Y (NOR2x2_ASAP7_75t_R)
  47.04  523.51 v _43234_/Y (XOR2x1_ASAP7_75t_R)
   0.00  523.51 v _44079_/D (DFFLQNx2_ASAP7_75t_R)
         523.51   data arrival time

  10.00   10.00   clock clk' (fall edge)
   0.00   10.00   clock network delay (ideal)
   0.00   10.00   clock reconvergence pessimism
          10.00 v _44079_/CLK (DFFLQNx2_ASAP7_75t_R)
 -21.24  -11.24   library setup time
         -11.24   data required time
---------------------------------------------------------
         -11.24   data required time
        -523.51   data arrival time
---------------------------------------------------------
        -534.74   slack (VIOLATED)


Startpoint: _44119_ (falling edge-triggered flip-flop clocked by clk')
Endpoint: _44071_ (falling edge-triggered flip-flop clocked by clk')
Path Group: clk
Path Type: max

  Delay    Time   Description
---------------------------------------------------------
   0.00    0.00   clock clk' (fall edge)
   0.00    0.00   clock network delay (ideal)
   0.00    0.00 v _44119_/CLK (DFFLQNx2_ASAP7_75t_R)
 129.44  129.44 v _44119_/QN (DFFLQNx2_ASAP7_75t_R)
  48.38  177.83 ^ _34688_/Y (INVx3_ASAP7_75t_R)
  45.74  223.56 v _34689_/Y (NOR2x2_ASAP7_75t_R)
  56.63  280.19 ^ _34690_/Y (NAND2x2_ASAP7_75t_R)
  35.20  315.40 v _34913_/Y (NOR2x1_ASAP7_75t_R)
  21.06  336.45 ^ _35007_/Y (INVx1_ASAP7_75t_R)
  16.59  353.04 v _35009_/Y (NAND2x1_ASAP7_75t_R)
  22.47  375.51 ^ _35013_/Y (NOR2x1_ASAP7_75t_R)
  16.97  392.48 v _35014_/Y (INVx1_ASAP7_75t_R)
  17.02  409.50 ^ _35015_/Y (NOR2x1_ASAP7_75t_R)
  19.50  429.00 v _35016_/Y (NAND2x1_ASAP7_75t_R)
  20.04  449.05 ^ _35037_/Y (NOR2x2_ASAP7_75t_R)
  31.54  480.59 v _35038_/Y (NAND2x2_ASAP7_75t_R)
  43.54  524.13 v _43242_/Y (XOR2x1_ASAP7_75t_R)
   0.00  524.13 v _44071_/D (DFFLQNx3_ASAP7_75t_R)
         524.13   data arrival time

  10.00   10.00   clock clk' (fall edge)
   0.00   10.00   clock network delay (ideal)
   0.00   10.00   clock reconvergence pessimism
          10.00 v _44071_/CLK (DFFLQNx3_ASAP7_75t_R)
 -19.98   -9.98   library setup time
          -9.98   data required time
---------------------------------------------------------
          -9.98   data required time
        -524.13   data arrival time
---------------------------------------------------------
        -534.11   slack (VIOLATED)


Startpoint: _44113_ (falling edge-triggered flip-flop clocked by clk')
Endpoint: _44068_ (falling edge-triggered flip-flop clocked by clk')
Path Group: clk
Path Type: max

  Delay    Time   Description
---------------------------------------------------------
   0.00    0.00   clock clk' (fall edge)
   0.00    0.00   clock network delay (ideal)
   0.00    0.00 v _44113_/CLK (DFFLQNx3_ASAP7_75t_R)
 117.55  117.55 v _44113_/QN (DFFLQNx3_ASAP7_75t_R)
  41.88  159.43 v rebuffer767/Y (BUFx12f_ASAP7_75t_R)
  22.16  181.59 ^ _34683_/Y (NOR2x2_ASAP7_75t_R)
  47.37  228.96 ^ rebuffer608/Y (BUFx2_ASAP7_75t_R)
  25.65  254.61 v _34813_/Y (INVx3_ASAP7_75t_R)
  37.83  292.44 ^ clone2833/Y (NOR2x1_ASAP7_75t_R)
  43.55  335.99 ^ rebuffer2678/Y (BUFx2_ASAP7_75t_R)
  13.83  349.82 v _37533_/Y (NAND2x1_ASAP7_75t_R)
  27.30  377.12 v _37534_/Y (AND3x1_ASAP7_75t_R)
  19.84  396.96 ^ _37538_/Y (NAND2x1_ASAP7_75t_R)
  24.02  420.98 v _37539_/Y (NOR2x1_ASAP7_75t_R)
  28.28  449.26 ^ _37557_/Y (NAND2x2_ASAP7_75t_R)
  31.90  481.15 v _37558_/Y (NOR2x2_ASAP7_75t_R)
  42.18  523.34 v _43239_/Y (XOR2x1_ASAP7_75t_R)
   0.00  523.34 v _44068_/D (DFFLQNx3_ASAP7_75t_R)
         523.34   data arrival time

  10.00   10.00   clock clk' (fall edge)
   0.00   10.00   clock network delay (ideal)
   0.00   10.00   clock reconvergence pessimism
          10.00 v _44068_/CLK (DFFLQNx3_ASAP7_75t_R)
 -20.22  -10.22   library setup time
         -10.22   data required time
---------------------------------------------------------
         -10.22   data required time
        -523.34   data arrival time
---------------------------------------------------------
        -533.56   slack (VIOLATED)


Startpoint: _44128_ (falling edge-triggered flip-flop clocked by clk')
Endpoint: _43991_ (falling edge-triggered flip-flop clocked by clk')
Path Group: clk
Path Type: max

  Delay    Time   Description
---------------------------------------------------------
   0.00    0.00   clock clk' (fall edge)
   0.00    0.00   clock network delay (ideal)
   0.00    0.00 v _44128_/CLK (DFFLQNx3_ASAP7_75t_R)
 130.59  130.59 v _44128_/QN (DFFLQNx3_ASAP7_75t_R)
  51.76  182.35 v rebuffer1013/Y (BUFx12f_ASAP7_75t_R)
  17.61  199.96 ^ _26749_/Y (CKINVDCx16_ASAP7_75t_R)
  26.19  226.15 v _26770_/Y (NAND2x2_ASAP7_75t_R)
  40.29  266.44 v rebuffer2537/Y (BUFx2_ASAP7_75t_R)
  31.43  297.87 ^ _26956_/Y (NOR2x2_ASAP7_75t_R)
  45.90  343.77 ^ _27670_/Y (OA21x2_ASAP7_75t_R)
  17.15  360.92 v _29837_/Y (NOR2x1_ASAP7_75t_R)
  22.85  383.77 ^ _29842_/Y (NAND2x1_ASAP7_75t_R)
  18.06  401.83 v _29843_/Y (NOR2x1_ASAP7_75t_R)
  28.89  430.71 ^ _29856_/Y (NAND2x1_ASAP7_75t_R)
  21.52  452.23 v _29857_/Y (NOR2x2_ASAP7_75t_R)
  45.31  497.54 ^ _29901_/Y (NAND2x2_ASAP7_75t_R)
  42.40  539.93 ^ _43322_/Y (XOR2x1_ASAP7_75t_R)
   0.00  539.93 ^ _43991_/D (DFFLQNx3_ASAP7_75t_R)
         539.93   data arrival time

  10.00   10.00   clock clk' (fall edge)
   0.00   10.00   clock network delay (ideal)
   0.00   10.00   clock reconvergence pessimism
          10.00 v _43991_/CLK (DFFLQNx3_ASAP7_75t_R)
  -3.43    6.57   library setup time
           6.57   data required time
---------------------------------------------------------
           6.57   data required time
        -539.93   data arrival time
---------------------------------------------------------
        -533.37   slack (VIOLATED)


Startpoint: _44105_ (falling edge-triggered flip-flop clocked by clk')
Endpoint: _43970_ (falling edge-triggered flip-flop clocked by clk')
Path Group: clk
Path Type: max

  Delay    Time   Description
---------------------------------------------------------
   0.00    0.00   clock clk' (fall edge)
   0.00    0.00   clock network delay (ideal)
   0.00    0.00 v _44105_/CLK (DFFLQNx3_ASAP7_75t_R)
 115.53  115.53 v _44105_/QN (DFFLQNx3_ASAP7_75t_R)
  60.97  176.49 v rebuffer1425/Y (BUFx2_ASAP7_75t_R)
  50.69  227.18 ^ _35670_/Y (NAND2x2_ASAP7_75t_R)
  41.44  268.63 ^ rebuffer3376/Y (BUFx6f_ASAP7_75t_R)
  21.45  290.07 v _35712_/Y (NOR2x2_ASAP7_75t_R)
  31.41  321.49 v rebuffer2214/Y (BUFx6f_ASAP7_75t_R)
  34.51  356.00 v _36935_/Y (OA21x2_ASAP7_75t_R)
  45.93  401.92 v _36937_/Y (OR3x1_ASAP7_75t_R)
  19.99  421.91 ^ _36945_/Y (NOR2x1_ASAP7_75t_R)
  19.97  441.88 v _36946_/Y (NAND2x1_ASAP7_75t_R)
  18.84  460.72 ^ _36947_/Y (NOR2x2_ASAP7_75t_R)
  21.24  481.95 v _36948_/Y (NAND2x2_ASAP7_75t_R)
  39.00  520.95 v _43333_/Y (XOR2x1_ASAP7_75t_R)
   0.00  520.95 v _43970_/D (DFFLQNx3_ASAP7_75t_R)
         520.95   data arrival time

  10.00   10.00   clock clk' (fall edge)
   0.00   10.00   clock network delay (ideal)
   0.00   10.00   clock reconvergence pessimism
          10.00 v _43970_/CLK (DFFLQNx3_ASAP7_75t_R)
 -18.38   -8.38   library setup time
          -8.38   data required time
---------------------------------------------------------
          -8.38   data required time
        -520.95   data arrival time
---------------------------------------------------------
        -529.34   slack (VIOLATED)


Startpoint: _44128_ (falling edge-triggered flip-flop clocked by clk')
Endpoint: _43985_ (falling edge-triggered flip-flop clocked by clk')
Path Group: clk
Path Type: max

  Delay    Time   Description
---------------------------------------------------------
   0.00    0.00   clock clk' (fall edge)
   0.00    0.00   clock network delay (ideal)
   0.00    0.00 v _44128_/CLK (DFFLQNx3_ASAP7_75t_R)
 130.59  130.59 v _44128_/QN (DFFLQNx3_ASAP7_75t_R)
  51.76  182.35 v rebuffer1013/Y (BUFx12f_ASAP7_75t_R)
  17.61  199.96 ^ _26749_/Y (CKINVDCx16_ASAP7_75t_R)
  29.64  229.60 v _26750_/Y (NOR2x2_ASAP7_75t_R)
  40.66  270.26 ^ _27684_/Y (NAND2x2_ASAP7_75t_R)
  37.93  308.19 ^ rebuffer2953/Y (BUFx6f_ASAP7_75t_R)
  26.26  334.45 ^ _27708_/Y (AO21x1_ASAP7_75t_R)
  37.98  372.44 ^ _27710_/Y (AND3x1_ASAP7_75t_R)
  20.32  392.75 v _27711_/Y (NAND2x1_ASAP7_75t_R)
  19.33  412.08 ^ _27712_/Y (NOR2x2_ASAP7_75t_R)
  15.71  427.80 v _27713_/Y (NAND2x2_ASAP7_75t_R)
  18.46  446.26 ^ _27764_/Y (NOR2x2_ASAP7_75t_R)
  27.65  473.91 v _27765_/Y (NAND2x2_ASAP7_75t_R)
  45.80  519.70 v _43316_/Y (XOR2x1_ASAP7_75t_R)
   0.00  519.70 v _43985_/D (DFFLQNx3_ASAP7_75t_R)
         519.70   data arrival time

  10.00   10.00   clock clk' (fall edge)
   0.00   10.00   clock network delay (ideal)
   0.00   10.00   clock reconvergence pessimism
          10.00 v _43985_/CLK (DFFLQNx3_ASAP7_75t_R)
 -19.55   -9.55   library setup time
          -9.55   data required time
---------------------------------------------------------
          -9.55   data required time
        -519.70   data arrival time
---------------------------------------------------------
        -529.26   slack (VIOLATED)


Startpoint: _44153_ (falling edge-triggered flip-flop clocked by clk')
Endpoint: _44036_ (falling edge-triggered flip-flop clocked by clk')
Path Group: clk
Path Type: max

  Delay    Time   Description
---------------------------------------------------------
   0.00    0.00   clock clk' (fall edge)
   0.00    0.00   clock network delay (ideal)
   0.00    0.00 v _44153_/CLK (DFFLQNx3_ASAP7_75t_R)
 109.79  109.79 v _44153_/QN (DFFLQNx3_ASAP7_75t_R)
  43.57  153.36 v rebuffer931/Y (BUFx12f_ASAP7_75t_R)
  30.97  184.33 v rebuffer932/Y (BUFx12f_ASAP7_75t_R)
  43.33  227.66 ^ _35096_/Y (NOR2x2_ASAP7_75t_R)
  51.24  278.90 ^ rebuffer2302/Y (BUFx2_ASAP7_75t_R)
  18.97  297.87 v clone1960/Y (NAND2x2_ASAP7_75t_R)
  35.09  332.96 v _37352_/Y (AO21x1_ASAP7_75t_R)
  20.36  353.32 ^ _37353_/Y (NAND2x1_ASAP7_75t_R)
  21.29  374.61 v _37355_/Y (NOR3x1_ASAP7_75t_R)
  25.07  399.68 ^ _37365_/Y (NAND2x1_ASAP7_75t_R)
  20.89  420.57 v _37374_/Y (NOR2x1_ASAP7_75t_R)
  25.74  446.31 ^ _37375_/Y (NAND2x1_ASAP7_75t_R)
  30.79  477.10 v _37409_/Y (NOR2x2_ASAP7_75t_R)
  40.71  517.81 v _43271_/Y (XOR2x1_ASAP7_75t_R)
   0.00  517.81 v _44036_/D (DFFLQNx3_ASAP7_75t_R)
         517.81   data arrival time

  10.00   10.00   clock clk' (fall edge)
   0.00   10.00   clock network delay (ideal)
   0.00   10.00   clock reconvergence pessimism
          10.00 v _44036_/CLK (DFFLQNx3_ASAP7_75t_R)
 -21.05  -11.05   library setup time
         -11.05   data required time
---------------------------------------------------------
         -11.05   data required time
        -517.81   data arrival time
---------------------------------------------------------
        -528.86   slack (VIOLATED)


Startpoint: _44113_ (falling edge-triggered flip-flop clocked by clk')
Endpoint: _44067_ (falling edge-triggered flip-flop clocked by clk')
Path Group: clk
Path Type: max

  Delay    Time   Description
---------------------------------------------------------
   0.00    0.00   clock clk' (fall edge)
   0.00    0.00   clock network delay (ideal)
   0.00    0.00 v _44113_/CLK (DFFLQNx3_ASAP7_75t_R)
 117.55  117.55 v _44113_/QN (DFFLQNx3_ASAP7_75t_R)
  41.88  159.43 v rebuffer767/Y (BUFx12f_ASAP7_75t_R)
  29.96  189.39 ^ _34700_/Y (NAND2x2_ASAP7_75t_R)
  25.71  215.10 v _34795_/Y (INVx6_ASAP7_75t_R)
  31.64  246.73 ^ _34833_/Y (NAND2x2_ASAP7_75t_R)
  37.07  283.80 ^ rebuffer1261/Y (BUFx6f_ASAP7_75t_R)
  26.73  310.53 ^ rebuffer1262/Y (BUFx4f_ASAP7_75t_R)
  25.26  335.79 ^ _37112_/Y (AO21x1_ASAP7_75t_R)
  14.15  349.94 v _37113_/Y (INVx1_ASAP7_75t_R)
  43.85  393.79 v _37116_/Y (OR3x1_ASAP7_75t_R)
  19.97  413.76 ^ _37125_/Y (NOR2x1_ASAP7_75t_R)
  19.97  433.73 v _37126_/Y (NAND2x1_ASAP7_75t_R)
  19.27  452.99 ^ _37127_/Y (NOR2x2_ASAP7_75t_R)
  25.87  478.86 v _37128_/Y (NAND2x2_ASAP7_75t_R)
  41.07  519.93 v _43238_/Y (XOR2x1_ASAP7_75t_R)
   0.00  519.93 v _44067_/D (DFFLQNx3_ASAP7_75t_R)
         519.93   data arrival time

  10.00   10.00   clock clk' (fall edge)
   0.00   10.00   clock network delay (ideal)
   0.00   10.00   clock reconvergence pessimism
          10.00 v _44067_/CLK (DFFLQNx3_ASAP7_75t_R)
 -18.92   -8.92   library setup time
          -8.92   data required time
---------------------------------------------------------
          -8.92   data required time
        -519.93   data arrival time
---------------------------------------------------------
        -528.85   slack (VIOLATED)


Startpoint: _44192_ (falling edge-triggered flip-flop clocked by clk')
Endpoint: _44003_ (falling edge-triggered flip-flop clocked by clk')
Path Group: clk
Path Type: max

  Delay    Time   Description
---------------------------------------------------------
   0.00    0.00   clock clk' (fall edge)
   0.00    0.00   clock network delay (ideal)
   0.00    0.00 v _44192_/CLK (DFFLQNx3_ASAP7_75t_R)
 148.37  148.37 v _44192_/QN (DFFLQNx3_ASAP7_75t_R)
  52.93  201.30 v rebuffer1310/Y (BUFx6f_ASAP7_75t_R)
  35.33  236.63 ^ _35441_/Y (NAND2x2_ASAP7_75t_R)
  47.91  284.54 ^ rebuffer870/Y (BUFx2_ASAP7_75t_R)
  28.59  313.14 v _35520_/Y (NOR2x2_ASAP7_75t_R)
  46.76  359.90 v _35521_/Y (OA21x2_ASAP7_75t_R)
  21.43  381.33 ^ _36961_/Y (AOI21x1_ASAP7_75t_R)
  17.07  398.40 v _36964_/Y (NAND2x1_ASAP7_75t_R)
  17.13  415.53 ^ _36965_/Y (NOR2x1_ASAP7_75t_R)
  15.19  430.72 v _36966_/Y (NAND2x1_ASAP7_75t_R)
  25.13  455.85 ^ _36987_/Y (NOR2x1_ASAP7_75t_R)
  26.85  482.70 v _37034_/Y (NAND2x2_ASAP7_75t_R)
  34.09  516.79 v _43302_/Y (XNOR2x1_ASAP7_75t_R)
   0.00  516.79 v _44003_/D (DFFLQNx3_ASAP7_75t_R)
         516.79   data arrival time

  10.00   10.00   clock clk' (fall edge)
   0.00   10.00   clock network delay (ideal)
   0.00   10.00   clock reconvergence pessimism
          10.00 v _44003_/CLK (DFFLQNx3_ASAP7_75t_R)
 -19.40   -9.40   library setup time
          -9.40   data required time
---------------------------------------------------------
          -9.40   data required time
        -516.79   data arrival time
---------------------------------------------------------
        -526.18   slack (VIOLATED)


Startpoint: _44120_ (falling edge-triggered flip-flop clocked by clk')
Endpoint: _44042_ (falling edge-triggered flip-flop clocked by clk')
Path Group: clk
Path Type: max

  Delay    Time   Description
---------------------------------------------------------
   0.00    0.00   clock clk' (fall edge)
   0.00    0.00   clock network delay (ideal)
   0.00    0.00 v _44120_/CLK (DFFLQNx3_ASAP7_75t_R)
 110.12  110.12 v _44120_/QN (DFFLQNx3_ASAP7_75t_R)
  42.50  152.63 v rebuffer923/Y (BUFx6f_ASAP7_75t_R)
  27.42  180.05 v rebuffer925/Y (BUFx6f_ASAP7_75t_R)
  25.25  205.29 ^ _38912_/Y (NOR2x2_ASAP7_75t_R)
  35.54  240.83 ^ rebuffer745/Y (BUFx6f_ASAP7_75t_R)
  31.49  272.33 ^ rebuffer746/Y (BUFx2_ASAP7_75t_R)
  25.96  298.29 v _40223_/Y (NOR2x2_ASAP7_75t_R)
  45.84  344.13 v _40792_/Y (AND2x4_ASAP7_75t_R)
  14.40  358.53 ^ _40793_/Y (NOR2x1_ASAP7_75t_R)
  45.98  404.51 ^ _40794_/Y (AND3x1_ASAP7_75t_R)
  20.41  424.92 v _40795_/Y (NAND2x2_ASAP7_75t_R)
  23.10  448.02 ^ _40812_/Y (NOR3x2_ASAP7_75t_R)
  26.87  474.89 v _40866_/Y (NAND2x2_ASAP7_75t_R)
  40.98  515.87 v _43261_/Y (XOR2x1_ASAP7_75t_R)
   0.00  515.87 v _44042_/D (DFFLQNx3_ASAP7_75t_R)
         515.87   data arrival time

  10.00   10.00   clock clk' (fall edge)
   0.00   10.00   clock network delay (ideal)
   0.00   10.00   clock reconvergence pessimism
          10.00 v _44042_/CLK (DFFLQNx3_ASAP7_75t_R)
 -19.71   -9.71   library setup time
          -9.71   data required time
---------------------------------------------------------
          -9.71   data required time
        -515.87   data arrival time
---------------------------------------------------------
        -525.58   slack (VIOLATED)


Startpoint: _44082_ (falling edge-triggered flip-flop clocked by clk')
Endpoint: _44073_ (falling edge-triggered flip-flop clocked by clk')
Path Group: clk
Path Type: max

  Delay    Time   Description
---------------------------------------------------------
   0.00    0.00   clock clk' (fall edge)
   0.00    0.00   clock network delay (ideal)
   0.00    0.00 v _44082_/CLK (DFFLQNx2_ASAP7_75t_R)
 129.86  129.86 v _44082_/QN (DFFLQNx2_ASAP7_75t_R)
  35.52  165.38 ^ _39145_/Y (INVx3_ASAP7_75t_R)
  28.71  194.09 v _39211_/Y (NAND2x2_ASAP7_75t_R)
  40.65  234.74 v rebuffer2028/Y (BUFx3_ASAP7_75t_R)
  34.93  269.67 v rebuffer2029/Y (BUFx2_ASAP7_75t_R)
  25.80  295.47 ^ _39337_/Y (NOR2x2_ASAP7_75t_R)
  38.93  334.40 v _39366_/Y (OAI21x1_ASAP7_75t_R)
  38.56  372.96 ^ _40372_/Y (NAND3x2_ASAP7_75t_R)
  26.33  399.29 v _40377_/Y (NOR2x2_ASAP7_75t_R)
  26.82  426.11 ^ _40383_/Y (NAND3x2_ASAP7_75t_R)
  22.95  449.05 v _40384_/Y (NOR2x2_ASAP7_75t_R)
  35.39  484.44 ^ _40429_/Y (NAND3x2_ASAP7_75t_R)
  39.28  523.72 ^ _43228_/Y (XNOR2x1_ASAP7_75t_R)
   0.00  523.72 ^ _44073_/D (DFFLQNx3_ASAP7_75t_R)
         523.72   data arrival time

  10.00   10.00   clock clk' (fall edge)
   0.00   10.00   clock network delay (ideal)
   0.00   10.00   clock reconvergence pessimism
          10.00 v _44073_/CLK (DFFLQNx3_ASAP7_75t_R)
  -5.41    4.59   library setup time
           4.59   data required time
---------------------------------------------------------
           4.59   data required time
        -523.72   data arrival time
---------------------------------------------------------
        -519.13   slack (VIOLATED)


Startpoint: _44089_ (falling edge-triggered flip-flop clocked by clk')
Endpoint: _44023_ (falling edge-triggered flip-flop clocked by clk')
Path Group: clk
Path Type: max

  Delay    Time   Description
---------------------------------------------------------
   0.00    0.00   clock clk' (fall edge)
   0.00    0.00   clock network delay (ideal)
   0.00    0.00 v _44089_/CLK (DFFLQNx3_ASAP7_75t_R)
 110.12  110.12 v _44089_/QN (DFFLQNx3_ASAP7_75t_R)
  42.52  152.64 v rebuffer642/Y (BUFx6f_ASAP7_75t_R)
  32.67  185.31 v rebuffer643/Y (BUFx12f_ASAP7_75t_R)
  33.06  218.36 ^ _26466_/Y (NOR2x2_ASAP7_75t_R)
  37.62  255.99 ^ rebuffer2066/Y (BUFx6f_ASAP7_75t_R)
  18.72  274.71 v _27394_/Y (NAND2x2_ASAP7_75t_R)
  28.43  303.14 v rebuffer3249/Y (BUFx6f_ASAP7_75t_R)
  34.01  337.15 v _29784_/Y (AO21x1_ASAP7_75t_R)
  14.87  352.02 ^ _29785_/Y (OAI21x1_ASAP7_75t_R)
  23.71  375.73 v _29789_/Y (NOR3x1_ASAP7_75t_R)
  26.65  402.38 ^ _29790_/Y (NAND2x1_ASAP7_75t_R)
  26.19  428.57 v _29810_/Y (NOR2x2_ASAP7_75t_R)
  51.41  479.98 ^ clone1829/Y (NAND2x1_ASAP7_75t_R)
  44.42  524.40 ^ _43290_/Y (XOR2x1_ASAP7_75t_R)
   0.00  524.40 ^ _44023_/D (DFFLQNx3_ASAP7_75t_R)
         524.40   data arrival time

  10.00   10.00   clock clk' (fall edge)
   0.00   10.00   clock network delay (ideal)
   0.00   10.00   clock reconvergence pessimism
          10.00 v _44023_/CLK (DFFLQNx3_ASAP7_75t_R)
  -3.75    6.25   library setup time
           6.25   data required time
---------------------------------------------------------
           6.25   data required time
        -524.40   data arrival time
---------------------------------------------------------
        -518.14   slack (VIOLATED)


Startpoint: _44105_ (falling edge-triggered flip-flop clocked by clk')
Endpoint: _43971_ (falling edge-triggered flip-flop clocked by clk')
Path Group: clk
Path Type: max

  Delay    Time   Description
---------------------------------------------------------
   0.00    0.00   clock clk' (fall edge)
   0.00    0.00   clock network delay (ideal)
   0.00    0.00 v _44105_/CLK (DFFLQNx3_ASAP7_75t_R)
 115.53  115.53 v _44105_/QN (DFFLQNx3_ASAP7_75t_R)
  60.97  176.49 v rebuffer1425/Y (BUFx2_ASAP7_75t_R)
  50.69  227.18 ^ _35670_/Y (NAND2x2_ASAP7_75t_R)
  56.48  283.66 v clone3361/Y (NOR2xp67_ASAP7_75t_R)
  45.87  329.53 v _37287_/Y (OA21x2_ASAP7_75t_R)
  43.86  373.39 v _37290_/Y (OR3x1_ASAP7_75t_R)
  18.14  391.53 ^ _37291_/Y (NOR2x1_ASAP7_75t_R)
  16.26  407.79 v _37304_/Y (NAND2x1_ASAP7_75t_R)
  24.42  432.21 ^ _37328_/Y (NOR2x1_ASAP7_75t_R)
  24.71  456.92 v _37329_/Y (NAND2x2_ASAP7_75t_R)
  39.52  496.44 v _43334_/Y (XOR2x1_ASAP7_75t_R)
   0.00  496.44 v _43971_/D (DFFLQNx3_ASAP7_75t_R)
         496.44   data arrival time

  10.00   10.00   clock clk' (fall edge)
   0.00   10.00   clock network delay (ideal)
   0.00   10.00   clock reconvergence pessimism
          10.00 v _43971_/CLK (DFFLQNx3_ASAP7_75t_R)
 -18.58   -8.58   library setup time
          -8.58   data required time
---------------------------------------------------------
          -8.58   data required time
        -496.44   data arrival time
---------------------------------------------------------
        -505.02   slack (VIOLATED)


Startpoint: _44211_ (falling edge-triggered flip-flop clocked by clk')
Endpoint: _43817_ (falling edge-triggered flip-flop clocked by clk')
Path Group: clk
Path Type: max

  Delay    Time   Description
---------------------------------------------------------
   0.00    0.00   clock clk' (fall edge)
   0.00    0.00   clock network delay (ideal)
   0.00    0.00 v _44211_/CLK (DFFLQNx2_ASAP7_75t_R)
  89.60   89.60 ^ _44211_/QN (DFFLQNx2_ASAP7_75t_R)
  23.60  113.20 v _43358_/Y (INVx2_ASAP7_75t_R)
  24.75  137.95 ^ _43810_/CON (HAxp5_ASAP7_75t_R)
  27.25  165.20 v _22109_/Y (INVx1_ASAP7_75t_R)
 169.77  334.97 v _43811_/SN (HAxp5_ASAP7_75t_R)
  55.54  390.51 v _43773_/Y (AND3x1_ASAP7_75t_R)
  34.49  425.00 v _43786_/Y (AO21x1_ASAP7_75t_R)
  35.16  460.17 v _43787_/Y (OA21x2_ASAP7_75t_R)
   0.00  460.17 v _43817_/D (DFFLQNx2_ASAP7_75t_R)
         460.17   data arrival time

  10.00   10.00   clock clk' (fall edge)
   0.00   10.00   clock network delay (ideal)
   0.00   10.00   clock reconvergence pessimism
          10.00 v _43817_/CLK (DFFLQNx2_ASAP7_75t_R)
 -17.29   -7.29   library setup time
          -7.29   data required time
---------------------------------------------------------
          -7.29   data required time
        -460.17   data arrival time
---------------------------------------------------------
        -467.45   slack (VIOLATED)


Startpoint: _44211_ (falling edge-triggered flip-flop clocked by clk')
Endpoint: _43816_ (falling edge-triggered flip-flop clocked by clk')
Path Group: clk
Path Type: max

  Delay    Time   Description
---------------------------------------------------------
   0.00    0.00   clock clk' (fall edge)
   0.00    0.00   clock network delay (ideal)
   0.00    0.00 v _44211_/CLK (DFFLQNx2_ASAP7_75t_R)
  89.60   89.60 ^ _44211_/QN (DFFLQNx2_ASAP7_75t_R)
  23.60  113.20 v _43358_/Y (INVx2_ASAP7_75t_R)
  24.75  137.95 ^ _43810_/CON (HAxp5_ASAP7_75t_R)
  27.25  165.20 v _22109_/Y (INVx1_ASAP7_75t_R)
 169.77  334.97 v _43811_/SN (HAxp5_ASAP7_75t_R)
  34.87  369.84 ^ _43777_/Y (INVx1_ASAP7_75t_R)
  26.96  396.81 v _43778_/Y (NOR2x1_ASAP7_75t_R)
  32.60  429.41 v _43783_/Y (AO21x1_ASAP7_75t_R)
  29.27  458.68 v _43784_/Y (AND2x2_ASAP7_75t_R)
   0.00  458.68 v _43816_/D (DFFLQNx2_ASAP7_75t_R)
         458.68   data arrival time

  10.00   10.00   clock clk' (fall edge)
   0.00   10.00   clock network delay (ideal)
   0.00   10.00   clock reconvergence pessimism
          10.00 v _43816_/CLK (DFFLQNx2_ASAP7_75t_R)
 -16.81   -6.81   library setup time
          -6.81   data required time
---------------------------------------------------------
          -6.81   data required time
        -458.68   data arrival time
---------------------------------------------------------
        -465.49   slack (VIOLATED)


Startpoint: _44211_ (falling edge-triggered flip-flop clocked by clk')
Endpoint: _43815_ (falling edge-triggered flip-flop clocked by clk')
Path Group: clk
Path Type: max

  Delay    Time   Description
---------------------------------------------------------
   0.00    0.00   clock clk' (fall edge)
   0.00    0.00   clock network delay (ideal)
   0.00    0.00 v _44211_/CLK (DFFLQNx2_ASAP7_75t_R)
  89.60   89.60 ^ _44211_/QN (DFFLQNx2_ASAP7_75t_R)
  23.60  113.20 v _43358_/Y (INVx2_ASAP7_75t_R)
  24.75  137.95 ^ _43810_/CON (HAxp5_ASAP7_75t_R)
  27.25  165.20 v _22109_/Y (INVx1_ASAP7_75t_R)
 169.77  334.97 v _43811_/SN (HAxp5_ASAP7_75t_R)
  34.87  369.84 ^ _43777_/Y (INVx1_ASAP7_75t_R)
  26.96  396.81 v _43778_/Y (NOR2x1_ASAP7_75t_R)
  32.60  429.41 v _43780_/Y (AO21x1_ASAP7_75t_R)
  29.27  458.68 v _43781_/Y (AND2x2_ASAP7_75t_R)
   0.00  458.68 v _43815_/D (DFFLQNx2_ASAP7_75t_R)
         458.68   data arrival time

  10.00   10.00   clock clk' (fall edge)
   0.00   10.00   clock network delay (ideal)
   0.00   10.00   clock reconvergence pessimism
          10.00 v _43815_/CLK (DFFLQNx2_ASAP7_75t_R)
 -16.80   -6.80   library setup time
          -6.80   data required time
---------------------------------------------------------
          -6.80   data required time
        -458.68   data arrival time
---------------------------------------------------------
        -465.48   slack (VIOLATED)


Startpoint: _44211_ (falling edge-triggered flip-flop clocked by clk')
Endpoint: _43814_ (falling edge-triggered flip-flop clocked by clk')
Path Group: clk
Path Type: max

  Delay    Time   Description
---------------------------------------------------------
   0.00    0.00   clock clk' (fall edge)
   0.00    0.00   clock network delay (ideal)
   0.00    0.00 v _44211_/CLK (DFFLQNx2_ASAP7_75t_R)
  89.60   89.60 ^ _44211_/QN (DFFLQNx2_ASAP7_75t_R)
  23.60  113.20 v _43358_/Y (INVx2_ASAP7_75t_R)
  24.75  137.95 ^ _43810_/CON (HAxp5_ASAP7_75t_R)
  27.25  165.20 v _22109_/Y (INVx1_ASAP7_75t_R)
 169.77  334.97 v _43811_/SN (HAxp5_ASAP7_75t_R)
  55.54  390.51 v _43773_/Y (AND3x1_ASAP7_75t_R)
  34.01  424.52 v _43774_/Y (AO21x1_ASAP7_75t_R)
  30.54  455.06 v _43775_/Y (AND2x2_ASAP7_75t_R)
   0.00  455.06 v _43814_/D (DFFLQNx2_ASAP7_75t_R)
         455.06   data arrival time

  10.00   10.00   clock clk' (fall edge)
   0.00   10.00   clock network delay (ideal)
   0.00   10.00   clock reconvergence pessimism
          10.00 v _43814_/CLK (DFFLQNx2_ASAP7_75t_R)
 -16.80   -6.80   library setup time
          -6.80   data required time
---------------------------------------------------------
          -6.80   data required time
        -455.06   data arrival time
---------------------------------------------------------
        -461.85   slack (VIOLATED)


Startpoint: _44211_ (falling edge-triggered flip-flop clocked by clk')
Endpoint: _43818_ (falling edge-triggered flip-flop clocked by clk')
Path Group: clk
Path Type: max

  Delay    Time   Description
---------------------------------------------------------
   0.00    0.00   clock clk' (fall edge)
   0.00    0.00   clock network delay (ideal)
   0.00    0.00 v _44211_/CLK (DFFLQNx2_ASAP7_75t_R)
  89.60   89.60 ^ _44211_/QN (DFFLQNx2_ASAP7_75t_R)
  23.60  113.20 v _43358_/Y (INVx2_ASAP7_75t_R)
  24.75  137.95 ^ _43810_/CON (HAxp5_ASAP7_75t_R)
  27.25  165.20 v _22109_/Y (INVx1_ASAP7_75t_R)
 169.77  334.97 v _43811_/SN (HAxp5_ASAP7_75t_R)
  55.61  390.58 v _43779_/Y (AND3x1_ASAP7_75t_R)
  34.03  424.61 v _43788_/Y (AO21x1_ASAP7_75t_R)
  29.56  454.17 v _43789_/Y (AND2x2_ASAP7_75t_R)
   0.00  454.17 v _43818_/D (DFFLQNx2_ASAP7_75t_R)
         454.17   data arrival time

  10.00   10.00   clock clk' (fall edge)
   0.00   10.00   clock network delay (ideal)
   0.00   10.00   clock reconvergence pessimism
          10.00 v _43818_/CLK (DFFLQNx2_ASAP7_75t_R)
 -16.78   -6.78   library setup time
          -6.78   data required time
---------------------------------------------------------
          -6.78   data required time
        -454.17   data arrival time
---------------------------------------------------------
        -460.95   slack (VIOLATED)


Startpoint: _44211_ (falling edge-triggered flip-flop clocked by clk')
Endpoint: _43819_ (falling edge-triggered flip-flop clocked by clk')
Path Group: clk
Path Type: max

  Delay    Time   Description
---------------------------------------------------------
   0.00    0.00   clock clk' (fall edge)
   0.00    0.00   clock network delay (ideal)
   0.00    0.00 v _44211_/CLK (DFFLQNx2_ASAP7_75t_R)
 103.41  103.41 v _44211_/QN (DFFLQNx2_ASAP7_75t_R)
  27.56  130.97 ^ _43358_/Y (INVx2_ASAP7_75t_R)
  22.59  153.56 v _43810_/CON (HAxp5_ASAP7_75t_R)
  30.31  183.87 ^ _22109_/Y (INVx1_ASAP7_75t_R)
 146.14  330.00 ^ _43811_/SN (HAxp5_ASAP7_75t_R)
  49.55  379.55 v _43785_/Y (NOR2x2_ASAP7_75t_R)
  32.22  411.77 v _43790_/Y (AND3x1_ASAP7_75t_R)
   0.00  411.77 v _43819_/D (DFFLQNx2_ASAP7_75t_R)
         411.77   data arrival time

  10.00   10.00   clock clk' (fall edge)
   0.00   10.00   clock network delay (ideal)
   0.00   10.00   clock reconvergence pessimism
          10.00 v _43819_/CLK (DFFLQNx2_ASAP7_75t_R)
 -16.93   -6.93   library setup time
          -6.93   data required time
---------------------------------------------------------
          -6.93   data required time
        -411.77   data arrival time
---------------------------------------------------------
        -418.70   slack (VIOLATED)


Startpoint: _44211_ (falling edge-triggered flip-flop clocked by clk')
Endpoint: _43820_ (falling edge-triggered flip-flop clocked by clk')
Path Group: clk
Path Type: max

  Delay    Time   Description
---------------------------------------------------------
   0.00    0.00   clock clk' (fall edge)
   0.00    0.00   clock network delay (ideal)
   0.00    0.00 v _44211_/CLK (DFFLQNx2_ASAP7_75t_R)
 103.41  103.41 v _44211_/QN (DFFLQNx2_ASAP7_75t_R)
  27.56  130.97 ^ _43358_/Y (INVx2_ASAP7_75t_R)
  22.59  153.56 v _43810_/CON (HAxp5_ASAP7_75t_R)
  30.31  183.87 ^ _22109_/Y (INVx1_ASAP7_75t_R)
 146.14  330.00 ^ _43811_/SN (HAxp5_ASAP7_75t_R)
  49.55  379.55 v _43785_/Y (NOR2x2_ASAP7_75t_R)
  32.22  411.77 v _43791_/Y (AND3x1_ASAP7_75t_R)
   0.00  411.77 v _43820_/D (DFFLQNx2_ASAP7_75t_R)
         411.77   data arrival time

  10.00   10.00   clock clk' (fall edge)
   0.00   10.00   clock network delay (ideal)
   0.00   10.00   clock reconvergence pessimism
          10.00 v _43820_/CLK (DFFLQNx2_ASAP7_75t_R)
 -16.93   -6.93   library setup time
          -6.93   data required time
---------------------------------------------------------
          -6.93   data required time
        -411.77   data arrival time
---------------------------------------------------------
        -418.70   slack (VIOLATED)


Startpoint: _44211_ (falling edge-triggered flip-flop clocked by clk')
Endpoint: _43813_ (falling edge-triggered flip-flop clocked by clk')
Path Group: clk
Path Type: max

  Delay    Time   Description
---------------------------------------------------------
   0.00    0.00   clock clk' (fall edge)
   0.00    0.00   clock network delay (ideal)
   0.00    0.00 v _44211_/CLK (DFFLQNx2_ASAP7_75t_R)
  89.60   89.60 ^ _44211_/QN (DFFLQNx2_ASAP7_75t_R)
  23.60  113.20 v _43358_/Y (INVx2_ASAP7_75t_R)
  24.75  137.95 ^ _43810_/CON (HAxp5_ASAP7_75t_R)
  27.25  165.20 v _22109_/Y (INVx1_ASAP7_75t_R)
 169.77  334.97 v _43811_/SN (HAxp5_ASAP7_75t_R)
  51.46  386.44 v _43770_/Y (AO21x1_ASAP7_75t_R)
   0.00  386.44 v _43813_/D (DFFLQNx2_ASAP7_75t_R)
         386.44   data arrival time

  10.00   10.00   clock clk' (fall edge)
   0.00   10.00   clock network delay (ideal)
   0.00   10.00   clock reconvergence pessimism
          10.00 v _43813_/CLK (DFFLQNx2_ASAP7_75t_R)
 -18.12   -8.12   library setup time
          -8.12   data required time
---------------------------------------------------------
          -8.12   data required time
        -386.44   data arrival time
---------------------------------------------------------
        -394.56   slack (VIOLATED)


Startpoint: _44211_ (falling edge-triggered flip-flop clocked by clk')
Endpoint: _44213_ (falling edge-triggered flip-flop clocked by clk')
Path Group: clk
Path Type: max

  Delay    Time   Description
---------------------------------------------------------
   0.00    0.00   clock clk' (fall edge)
   0.00    0.00   clock network delay (ideal)
   0.00    0.00 v _44211_/CLK (DFFLQNx2_ASAP7_75t_R)
 103.41  103.41 v _44211_/QN (DFFLQNx2_ASAP7_75t_R)
  27.56  130.97 ^ _43358_/Y (INVx2_ASAP7_75t_R)
  22.59  153.56 v _43810_/CON (HAxp5_ASAP7_75t_R)
  30.31  183.87 ^ _22109_/Y (INVx1_ASAP7_75t_R)
 146.14  330.00 ^ _43811_/SN (HAxp5_ASAP7_75t_R)
  35.86  365.87 v _43797_/Y (NOR2x1_ASAP7_75t_R)
   0.00  365.87 v _44213_/D (DFFLQNx3_ASAP7_75t_R)
         365.87   data arrival time

  10.00   10.00   clock clk' (fall edge)
   0.00   10.00   clock network delay (ideal)
   0.00   10.00   clock reconvergence pessimism
          10.00 v _44213_/CLK (DFFLQNx3_ASAP7_75t_R)
 -24.77  -14.77   library setup time
         -14.77   data required time
---------------------------------------------------------
         -14.77   data required time
        -365.87   data arrival time
---------------------------------------------------------
        -380.64   slack (VIOLATED)


Startpoint: _44211_ (falling edge-triggered flip-flop clocked by clk')
Endpoint: _44214_ (falling edge-triggered flip-flop clocked by clk')
Path Group: clk
Path Type: max

  Delay    Time   Description
---------------------------------------------------------
   0.00    0.00   clock clk' (fall edge)
   0.00    0.00   clock network delay (ideal)
   0.00    0.00 v _44211_/CLK (DFFLQNx2_ASAP7_75t_R)
 103.41  103.41 v _44211_/QN (DFFLQNx2_ASAP7_75t_R)
  27.56  130.97 ^ _43358_/Y (INVx2_ASAP7_75t_R)
  22.59  153.56 v _43810_/CON (HAxp5_ASAP7_75t_R)
  30.31  183.87 ^ _22109_/Y (INVx1_ASAP7_75t_R)
  29.95  213.81 v _43811_/CON (HAxp5_ASAP7_75t_R)
  58.75  272.56 v _43772_/Y (XOR2x2_ASAP7_75t_R)
  36.81  309.38 v _43798_/Y (AND2x2_ASAP7_75t_R)
   0.00  309.38 v _44214_/D (DFFLQNx1_ASAP7_75t_R)
         309.38   data arrival time

  10.00   10.00   clock clk' (fall edge)
   0.00   10.00   clock network delay (ideal)
   0.00   10.00   clock reconvergence pessimism
          10.00 v _44214_/CLK (DFFLQNx1_ASAP7_75t_R)
 -16.83   -6.83   library setup time
          -6.83   data required time
---------------------------------------------------------
          -6.83   data required time
        -309.38   data arrival time
---------------------------------------------------------
        -316.21   slack (VIOLATED)


Startpoint: _43949_ (falling edge-triggered flip-flop clocked by clk')
Endpoint: _43949_ (falling edge-triggered flip-flop clocked by clk')
Path Group: clk
Path Type: max

  Delay    Time   Description
---------------------------------------------------------
   0.00    0.00   clock clk' (fall edge)
   0.00    0.00   clock network delay (ideal)
   0.00    0.00 v _43949_/CLK (DFFLQNx2_ASAP7_75t_R)
  86.52   86.52 ^ _43949_/QN (DFFLQNx2_ASAP7_75t_R)
  40.91  127.43 ^ _22108_/Y (AND2x2_ASAP7_75t_R)
  32.96  160.39 ^ _43792_/Y (AND2x2_ASAP7_75t_R)
  13.35  173.74 v _43799_/Y (NAND2x1_ASAP7_75t_R)
  52.50  226.23 v _43800_/Y (OA211x2_ASAP7_75t_R)
  29.88  256.11 v hold3928/Y (BUFx2_ASAP7_75t_R)
   0.00  256.11 v _43949_/D (DFFLQNx2_ASAP7_75t_R)
         256.11   data arrival time

  10.00   10.00   clock clk' (fall edge)
   0.00   10.00   clock network delay (ideal)
   0.00   10.00   clock reconvergence pessimism
          10.00 v _43949_/CLK (DFFLQNx2_ASAP7_75t_R)
 -16.65   -6.65   library setup time
          -6.65   data required time
---------------------------------------------------------
          -6.65   data required time
        -256.11   data arrival time
---------------------------------------------------------
        -262.77   slack (VIOLATED)


Startpoint: _43949_ (falling edge-triggered flip-flop clocked by clk')
Endpoint: _43951_ (falling edge-triggered flip-flop clocked by clk')
Path Group: clk
Path Type: max

  Delay    Time   Description
---------------------------------------------------------
   0.00    0.00   clock clk' (fall edge)
   0.00    0.00   clock network delay (ideal)
   0.00    0.00 v _43949_/CLK (DFFLQNx2_ASAP7_75t_R)
  86.52   86.52 ^ _43949_/QN (DFFLQNx2_ASAP7_75t_R)
  40.91  127.43 ^ _22108_/Y (AND2x2_ASAP7_75t_R)
  27.90  155.33 v _43812_/CON (HAxp5_ASAP7_75t_R)
  43.90  199.23 v _43805_/Y (XOR2x1_ASAP7_75t_R)
  49.45  248.68 v _43806_/Y (OA211x2_ASAP7_75t_R)
   0.00  248.68 v _43951_/D (DFFLQNx2_ASAP7_75t_R)
         248.68   data arrival time

  10.00   10.00   clock clk' (fall edge)
   0.00   10.00   clock network delay (ideal)
   0.00   10.00   clock reconvergence pessimism
          10.00 v _43951_/CLK (DFFLQNx2_ASAP7_75t_R)
 -18.76   -8.76   library setup time
          -8.76   data required time
---------------------------------------------------------
          -8.76   data required time
        -248.68   data arrival time
---------------------------------------------------------
        -257.44   slack (VIOLATED)


Startpoint: _43949_ (falling edge-triggered flip-flop clocked by clk')
Endpoint: _43950_ (falling edge-triggered flip-flop clocked by clk')
Path Group: clk
Path Type: max

  Delay    Time   Description
---------------------------------------------------------
   0.00    0.00   clock clk' (fall edge)
   0.00    0.00   clock network delay (ideal)
   0.00    0.00 v _43949_/CLK (DFFLQNx2_ASAP7_75t_R)
 100.22  100.22 v _43949_/QN (DFFLQNx2_ASAP7_75t_R)
  43.79  144.01 v _22108_/Y (AND2x2_ASAP7_75t_R)
  30.25  174.26 v _43803_/Y (AO21x1_ASAP7_75t_R)
  29.22  203.48 v _43804_/Y (AND2x2_ASAP7_75t_R)
  26.76  230.24 v hold3917/Y (BUFx2_ASAP7_75t_R)
   0.00  230.24 v _43950_/D (DFFLQNx2_ASAP7_75t_R)
         230.24   data arrival time

  10.00   10.00   clock clk' (fall edge)
   0.00   10.00   clock network delay (ideal)
   0.00   10.00   clock reconvergence pessimism
          10.00 v _43950_/CLK (DFFLQNx2_ASAP7_75t_R)
 -16.65   -6.65   library setup time
          -6.65   data required time
---------------------------------------------------------
          -6.65   data required time
        -230.24   data arrival time
---------------------------------------------------------
        -236.89   slack (VIOLATED)


Startpoint: _43949_ (falling edge-triggered flip-flop clocked by clk')
Endpoint: _44210_ (falling edge-triggered flip-flop clocked by clk')
Path Group: clk
Path Type: max

  Delay    Time   Description
---------------------------------------------------------
   0.00    0.00   clock clk' (fall edge)
   0.00    0.00   clock network delay (ideal)
   0.00    0.00 v _43949_/CLK (DFFLQNx2_ASAP7_75t_R)
 100.22  100.22 v _43949_/QN (DFFLQNx2_ASAP7_75t_R)
  43.79  144.01 v _22108_/Y (AND2x2_ASAP7_75t_R)
  29.59  173.60 ^ _43812_/CON (HAxp5_ASAP7_75t_R)
  22.25  195.85 v _43812_/SN (HAxp5_ASAP7_75t_R)
  28.83  224.68 v _43794_/Y (AND4x1_ASAP7_75t_R)
   0.00  224.68 v _44210_/D (DFFLQNx2_ASAP7_75t_R)
         224.68   data arrival time

  10.00   10.00   clock clk' (fall edge)
   0.00   10.00   clock network delay (ideal)
   0.00   10.00   clock reconvergence pessimism
          10.00 v _44210_/CLK (DFFLQNx2_ASAP7_75t_R)
 -16.85   -6.85   library setup time
          -6.85   data required time
---------------------------------------------------------
          -6.85   data required time
        -224.68   data arrival time
---------------------------------------------------------
        -231.53   slack (VIOLATED)


Startpoint: _44211_ (falling edge-triggered flip-flop clocked by clk')
Endpoint: _44212_ (falling edge-triggered flip-flop clocked by clk')
Path Group: clk
Path Type: max

  Delay    Time   Description
---------------------------------------------------------
   0.00    0.00   clock clk' (fall edge)
   0.00    0.00   clock network delay (ideal)
   0.00    0.00 v _44211_/CLK (DFFLQNx2_ASAP7_75t_R)
 103.41  103.41 v _44211_/QN (DFFLQNx2_ASAP7_75t_R)
  63.53  166.93 v _43807_/SN (HAxp5_ASAP7_75t_R)
  17.61  184.54 ^ _43796_/Y (NOR2x1_ASAP7_75t_R)
   0.00  184.54 ^ _44212_/D (DFFLQNx2_ASAP7_75t_R)
         184.54   data arrival time

  10.00   10.00   clock clk' (fall edge)
   0.00   10.00   clock network delay (ideal)
   0.00   10.00   clock reconvergence pessimism
          10.00 v _44212_/CLK (DFFLQNx2_ASAP7_75t_R)
  -5.40    4.60   library setup time
           4.60   data required time
---------------------------------------------------------
           4.60   data required time
        -184.54   data arrival time
---------------------------------------------------------
        -179.93   slack (VIOLATED)


Startpoint: _43876_ (falling edge-triggered flip-flop clocked by clk')
Endpoint: _43876_ (falling edge-triggered flip-flop clocked by clk')
Path Group: clk
Path Type: max

  Delay    Time   Description
---------------------------------------------------------
   0.00    0.00   clock clk' (fall edge)
   0.00    0.00   clock network delay (ideal)
   0.00    0.00 v _43876_/CLK (DFFLQNx2_ASAP7_75t_R)
  89.37   89.37 ^ _43876_/QN (DFFLQNx2_ASAP7_75t_R)
  20.19  109.56 v _43610_/Y (NOR2x1_ASAP7_75t_R)
  35.34  144.90 v _43611_/Y (AO21x1_ASAP7_75t_R)
  27.98  172.88 v hold3576/Y (BUFx2_ASAP7_75t_R)
   0.00  172.88 v _43876_/D (DFFLQNx2_ASAP7_75t_R)
         172.88   data arrival time

  10.00   10.00   clock clk' (fall edge)
   0.00   10.00   clock network delay (ideal)
   0.00   10.00   clock reconvergence pessimism
          10.00 v _43876_/CLK (DFFLQNx2_ASAP7_75t_R)
 -16.65   -6.65   library setup time
          -6.65   data required time
---------------------------------------------------------
          -6.65   data required time
        -172.88   data arrival time
---------------------------------------------------------
        -179.53   slack (VIOLATED)


Startpoint: _43888_ (falling edge-triggered flip-flop clocked by clk')
Endpoint: _43888_ (falling edge-triggered flip-flop clocked by clk')
Path Group: clk
Path Type: max

  Delay    Time   Description
---------------------------------------------------------
   0.00    0.00   clock clk' (fall edge)
   0.00    0.00   clock network delay (ideal)
   0.00    0.00 v _43888_/CLK (DFFLQNx2_ASAP7_75t_R)
  89.37   89.37 ^ _43888_/QN (DFFLQNx2_ASAP7_75t_R)
  20.19  109.56 v _43637_/Y (NOR2x1_ASAP7_75t_R)
  35.34  144.90 v _43638_/Y (AO21x1_ASAP7_75t_R)
  27.98  172.88 v hold3703/Y (BUFx2_ASAP7_75t_R)
   0.00  172.88 v _43888_/D (DFFLQNx2_ASAP7_75t_R)
         172.88   data arrival time

  10.00   10.00   clock clk' (fall edge)
   0.00   10.00   clock network delay (ideal)
   0.00   10.00   clock reconvergence pessimism
          10.00 v _43888_/CLK (DFFLQNx2_ASAP7_75t_R)
 -16.65   -6.65   library setup time
          -6.65   data required time
---------------------------------------------------------
          -6.65   data required time
        -172.88   data arrival time
---------------------------------------------------------
        -179.53   slack (VIOLATED)


Startpoint: _43891_ (falling edge-triggered flip-flop clocked by clk')
Endpoint: _43891_ (falling edge-triggered flip-flop clocked by clk')
Path Group: clk
Path Type: max

  Delay    Time   Description
---------------------------------------------------------
   0.00    0.00   clock clk' (fall edge)
   0.00    0.00   clock network delay (ideal)
   0.00    0.00 v _43891_/CLK (DFFLQNx2_ASAP7_75t_R)
  89.37   89.37 ^ _43891_/QN (DFFLQNx2_ASAP7_75t_R)
  20.19  109.56 v _43644_/Y (NOR2x1_ASAP7_75t_R)
  35.34  144.90 v _43645_/Y (AO21x1_ASAP7_75t_R)
  27.98  172.88 v hold3808/Y (BUFx2_ASAP7_75t_R)
   0.00  172.88 v _43891_/D (DFFLQNx2_ASAP7_75t_R)
         172.88   data arrival time

  10.00   10.00   clock clk' (fall edge)
   0.00   10.00   clock network delay (ideal)
   0.00   10.00   clock reconvergence pessimism
          10.00 v _43891_/CLK (DFFLQNx2_ASAP7_75t_R)
 -16.65   -6.65   library setup time
          -6.65   data required time
---------------------------------------------------------
          -6.65   data required time
        -172.88   data arrival time
---------------------------------------------------------
        -179.53   slack (VIOLATED)


Startpoint: _43907_ (falling edge-triggered flip-flop clocked by clk')
Endpoint: _43907_ (falling edge-triggered flip-flop clocked by clk')
Path Group: clk
Path Type: max

  Delay    Time   Description
---------------------------------------------------------
   0.00    0.00   clock clk' (fall edge)
   0.00    0.00   clock network delay (ideal)
   0.00    0.00 v _43907_/CLK (DFFLQNx2_ASAP7_75t_R)
  89.37   89.37 ^ _43907_/QN (DFFLQNx2_ASAP7_75t_R)
  20.19  109.56 v _43678_/Y (NOR2x1_ASAP7_75t_R)
  35.34  144.90 v _43679_/Y (AO21x1_ASAP7_75t_R)
  27.98  172.88 v hold3793/Y (BUFx2_ASAP7_75t_R)
   0.00  172.88 v _43907_/D (DFFLQNx2_ASAP7_75t_R)
         172.88   data arrival time

  10.00   10.00   clock clk' (fall edge)
   0.00   10.00   clock network delay (ideal)
   0.00   10.00   clock reconvergence pessimism
          10.00 v _43907_/CLK (DFFLQNx2_ASAP7_75t_R)
 -16.65   -6.65   library setup time
          -6.65   data required time
---------------------------------------------------------
          -6.65   data required time
        -172.88   data arrival time
---------------------------------------------------------
        -179.53   slack (VIOLATED)


Startpoint: _43913_ (falling edge-triggered flip-flop clocked by clk')
Endpoint: _43913_ (falling edge-triggered flip-flop clocked by clk')
Path Group: clk
Path Type: max

  Delay    Time   Description
---------------------------------------------------------
   0.00    0.00   clock clk' (fall edge)
   0.00    0.00   clock network delay (ideal)
   0.00    0.00 v _43913_/CLK (DFFLQNx2_ASAP7_75t_R)
  89.37   89.37 ^ _43913_/QN (DFFLQNx2_ASAP7_75t_R)
  20.19  109.56 v _43692_/Y (NOR2x1_ASAP7_75t_R)
  35.34  144.90 v _43693_/Y (AO21x1_ASAP7_75t_R)
  27.98  172.88 v hold3811/Y (BUFx2_ASAP7_75t_R)
   0.00  172.88 v _43913_/D (DFFLQNx2_ASAP7_75t_R)
         172.88   data arrival time

  10.00   10.00   clock clk' (fall edge)
   0.00   10.00   clock network delay (ideal)
   0.00   10.00   clock reconvergence pessimism
          10.00 v _43913_/CLK (DFFLQNx2_ASAP7_75t_R)
 -16.65   -6.65   library setup time
          -6.65   data required time
---------------------------------------------------------
          -6.65   data required time
        -172.88   data arrival time
---------------------------------------------------------
        -179.53   slack (VIOLATED)


Startpoint: _43916_ (falling edge-triggered flip-flop clocked by clk')
Endpoint: _43916_ (falling edge-triggered flip-flop clocked by clk')
Path Group: clk
Path Type: max

  Delay    Time   Description
---------------------------------------------------------
   0.00    0.00   clock clk' (fall edge)
   0.00    0.00   clock network delay (ideal)
   0.00    0.00 v _43916_/CLK (DFFLQNx2_ASAP7_75t_R)
  89.37   89.37 ^ _43916_/QN (DFFLQNx2_ASAP7_75t_R)
  20.19  109.56 v _43698_/Y (NOR2x1_ASAP7_75t_R)
  35.34  144.90 v _43699_/Y (AO21x1_ASAP7_75t_R)
  27.98  172.88 v hold3790/Y (BUFx2_ASAP7_75t_R)
   0.00  172.88 v _43916_/D (DFFLQNx2_ASAP7_75t_R)
         172.88   data arrival time

  10.00   10.00   clock clk' (fall edge)
   0.00   10.00   clock network delay (ideal)
   0.00   10.00   clock reconvergence pessimism
          10.00 v _43916_/CLK (DFFLQNx2_ASAP7_75t_R)
 -16.65   -6.65   library setup time
          -6.65   data required time
---------------------------------------------------------
          -6.65   data required time
        -172.88   data arrival time
---------------------------------------------------------
        -179.53   slack (VIOLATED)


Startpoint: _43882_ (falling edge-triggered flip-flop clocked by clk')
Endpoint: _43882_ (falling edge-triggered flip-flop clocked by clk')
Path Group: clk
Path Type: max

  Delay    Time   Description
---------------------------------------------------------
   0.00    0.00   clock clk' (fall edge)
   0.00    0.00   clock network delay (ideal)
   0.00    0.00 v _43882_/CLK (DFFLQNx2_ASAP7_75t_R)
  89.37   89.37 ^ _43882_/QN (DFFLQNx2_ASAP7_75t_R)
  20.19  109.56 v _43624_/Y (NOR2x1_ASAP7_75t_R)
  34.80  144.36 v _43625_/Y (AO21x1_ASAP7_75t_R)
  27.87  172.23 v hold3986/Y (BUFx2_ASAP7_75t_R)
   0.00  172.23 v _43882_/D (DFFLQNx2_ASAP7_75t_R)
         172.23   data arrival time

  10.00   10.00   clock clk' (fall edge)
   0.00   10.00   clock network delay (ideal)
   0.00   10.00   clock reconvergence pessimism
          10.00 v _43882_/CLK (DFFLQNx2_ASAP7_75t_R)
 -16.65   -6.65   library setup time
          -6.65   data required time
---------------------------------------------------------
          -6.65   data required time
        -172.23   data arrival time
---------------------------------------------------------
        -178.88   slack (VIOLATED)


Startpoint: _43826_ (falling edge-triggered flip-flop clocked by clk')
Endpoint: _43826_ (falling edge-triggered flip-flop clocked by clk')
Path Group: clk
Path Type: max

  Delay    Time   Description
---------------------------------------------------------
   0.00    0.00   clock clk' (fall edge)
   0.00    0.00   clock network delay (ideal)
   0.00    0.00 v _43826_/CLK (DFFLQNx2_ASAP7_75t_R)
  89.37   89.37 ^ _43826_/QN (DFFLQNx2_ASAP7_75t_R)
  20.19  109.56 v _43499_/Y (NOR2x1_ASAP7_75t_R)
  34.79  144.35 v _43500_/Y (AO21x1_ASAP7_75t_R)
  27.87  172.22 v hold3941/Y (BUFx2_ASAP7_75t_R)
   0.00  172.22 v _43826_/D (DFFLQNx2_ASAP7_75t_R)
         172.22   data arrival time

  10.00   10.00   clock clk' (fall edge)
   0.00   10.00   clock network delay (ideal)
   0.00   10.00   clock reconvergence pessimism
          10.00 v _43826_/CLK (DFFLQNx2_ASAP7_75t_R)
 -16.65   -6.65   library setup time
          -6.65   data required time
---------------------------------------------------------
          -6.65   data required time
        -172.22   data arrival time
---------------------------------------------------------
        -178.86   slack (VIOLATED)


Startpoint: _43917_ (falling edge-triggered flip-flop clocked by clk')
Endpoint: _43917_ (falling edge-triggered flip-flop clocked by clk')
Path Group: clk
Path Type: max

  Delay    Time   Description
---------------------------------------------------------
   0.00    0.00   clock clk' (fall edge)
   0.00    0.00   clock network delay (ideal)
   0.00    0.00 v _43917_/CLK (DFFLQNx2_ASAP7_75t_R)
  89.37   89.37 ^ _43917_/QN (DFFLQNx2_ASAP7_75t_R)
  20.19  109.56 v _43700_/Y (NOR2x1_ASAP7_75t_R)
  34.79  144.35 v _43701_/Y (AO21x1_ASAP7_75t_R)
  27.87  172.22 v hold3977/Y (BUFx2_ASAP7_75t_R)
   0.00  172.22 v _43917_/D (DFFLQNx2_ASAP7_75t_R)
         172.22   data arrival time

  10.00   10.00   clock clk' (fall edge)
   0.00   10.00   clock network delay (ideal)
   0.00   10.00   clock reconvergence pessimism
          10.00 v _43917_/CLK (DFFLQNx2_ASAP7_75t_R)
 -16.65   -6.65   library setup time
          -6.65   data required time
---------------------------------------------------------
          -6.65   data required time
        -172.22   data arrival time
---------------------------------------------------------
        -178.86   slack (VIOLATED)


Startpoint: _43923_ (falling edge-triggered flip-flop clocked by clk')
Endpoint: _43923_ (falling edge-triggered flip-flop clocked by clk')
Path Group: clk
Path Type: max

  Delay    Time   Description
---------------------------------------------------------
   0.00    0.00   clock clk' (fall edge)
   0.00    0.00   clock network delay (ideal)
   0.00    0.00 v _43923_/CLK (DFFLQNx2_ASAP7_75t_R)
  89.37   89.37 ^ _43923_/QN (DFFLQNx2_ASAP7_75t_R)
  20.19  109.56 v _43714_/Y (NOR2x1_ASAP7_75t_R)
  34.79  144.35 v _43715_/Y (AO21x1_ASAP7_75t_R)
  27.87  172.22 v hold3847/Y (BUFx2_ASAP7_75t_R)
   0.00  172.22 v _43923_/D (DFFLQNx2_ASAP7_75t_R)
         172.22   data arrival time

  10.00   10.00   clock clk' (fall edge)
   0.00   10.00   clock network delay (ideal)
   0.00   10.00   clock reconvergence pessimism
          10.00 v _43923_/CLK (DFFLQNx2_ASAP7_75t_R)
 -16.65   -6.65   library setup time
          -6.65   data required time
---------------------------------------------------------
          -6.65   data required time
        -172.22   data arrival time
---------------------------------------------------------
        -178.86   slack (VIOLATED)


Startpoint: _43926_ (falling edge-triggered flip-flop clocked by clk')
Endpoint: _43926_ (falling edge-triggered flip-flop clocked by clk')
Path Group: clk
Path Type: max

  Delay    Time   Description
---------------------------------------------------------
   0.00    0.00   clock clk' (fall edge)
   0.00    0.00   clock network delay (ideal)
   0.00    0.00 v _43926_/CLK (DFFLQNx2_ASAP7_75t_R)
  89.37   89.37 ^ _43926_/QN (DFFLQNx2_ASAP7_75t_R)
  20.19  109.56 v _43720_/Y (NOR2x1_ASAP7_75t_R)
  34.79  144.35 v _43721_/Y (AO21x1_ASAP7_75t_R)
  27.87  172.22 v hold3923/Y (BUFx2_ASAP7_75t_R)
   0.00  172.22 v _43926_/D (DFFLQNx2_ASAP7_75t_R)
         172.22   data arrival time

  10.00   10.00   clock clk' (fall edge)
   0.00   10.00   clock network delay (ideal)
   0.00   10.00   clock reconvergence pessimism
          10.00 v _43926_/CLK (DFFLQNx2_ASAP7_75t_R)
 -16.65   -6.65   library setup time
          -6.65   data required time
---------------------------------------------------------
          -6.65   data required time
        -172.22   data arrival time
---------------------------------------------------------
        -178.86   slack (VIOLATED)


Startpoint: _43929_ (falling edge-triggered flip-flop clocked by clk')
Endpoint: _43929_ (falling edge-triggered flip-flop clocked by clk')
Path Group: clk
Path Type: max

  Delay    Time   Description
---------------------------------------------------------
   0.00    0.00   clock clk' (fall edge)
   0.00    0.00   clock network delay (ideal)
   0.00    0.00 v _43929_/CLK (DFFLQNx2_ASAP7_75t_R)
  89.37   89.37 ^ _43929_/QN (DFFLQNx2_ASAP7_75t_R)
  20.19  109.56 v _43727_/Y (NOR2x1_ASAP7_75t_R)
  34.79  144.35 v _43728_/Y (AO21x1_ASAP7_75t_R)
  27.87  172.22 v hold3892/Y (BUFx2_ASAP7_75t_R)
   0.00  172.22 v _43929_/D (DFFLQNx2_ASAP7_75t_R)
         172.22   data arrival time

  10.00   10.00   clock clk' (fall edge)
   0.00   10.00   clock network delay (ideal)
   0.00   10.00   clock reconvergence pessimism
          10.00 v _43929_/CLK (DFFLQNx2_ASAP7_75t_R)
 -16.65   -6.65   library setup time
          -6.65   data required time
---------------------------------------------------------
          -6.65   data required time
        -172.22   data arrival time
---------------------------------------------------------
        -178.86   slack (VIOLATED)


Startpoint: _43947_ (falling edge-triggered flip-flop clocked by clk')
Endpoint: _43947_ (falling edge-triggered flip-flop clocked by clk')
Path Group: clk
Path Type: max

  Delay    Time   Description
---------------------------------------------------------
   0.00    0.00   clock clk' (fall edge)
   0.00    0.00   clock network delay (ideal)
   0.00    0.00 v _43947_/CLK (DFFLQNx2_ASAP7_75t_R)
  89.37   89.37 ^ _43947_/QN (DFFLQNx2_ASAP7_75t_R)
  20.19  109.56 v _43765_/Y (NOR2x1_ASAP7_75t_R)
  34.79  144.35 v _43766_/Y (AO21x1_ASAP7_75t_R)
  27.87  172.22 v hold3937/Y (BUFx2_ASAP7_75t_R)
   0.00  172.22 v _43947_/D (DFFLQNx2_ASAP7_75t_R)
         172.22   data arrival time

  10.00   10.00   clock clk' (fall edge)
   0.00   10.00   clock network delay (ideal)
   0.00   10.00   clock reconvergence pessimism
          10.00 v _43947_/CLK (DFFLQNx2_ASAP7_75t_R)
 -16.65   -6.65   library setup time
          -6.65   data required time
---------------------------------------------------------
          -6.65   data required time
        -172.22   data arrival time
---------------------------------------------------------
        -178.86   slack (VIOLATED)


Startpoint: _43948_ (falling edge-triggered flip-flop clocked by clk')
Endpoint: _43948_ (falling edge-triggered flip-flop clocked by clk')
Path Group: clk
Path Type: max

  Delay    Time   Description
---------------------------------------------------------
   0.00    0.00   clock clk' (fall edge)
   0.00    0.00   clock network delay (ideal)
   0.00    0.00 v _43948_/CLK (DFFLQNx2_ASAP7_75t_R)
  89.37   89.37 ^ _43948_/QN (DFFLQNx2_ASAP7_75t_R)
  20.19  109.56 v _43767_/Y (NOR2x1_ASAP7_75t_R)
  34.79  144.35 v _43768_/Y (AO21x1_ASAP7_75t_R)
  27.87  172.22 v hold3898/Y (BUFx2_ASAP7_75t_R)
   0.00  172.22 v _43948_/D (DFFLQNx2_ASAP7_75t_R)
         172.22   data arrival time

  10.00   10.00   clock clk' (fall edge)
   0.00   10.00   clock network delay (ideal)
   0.00   10.00   clock reconvergence pessimism
          10.00 v _43948_/CLK (DFFLQNx2_ASAP7_75t_R)
 -16.65   -6.65   library setup time
          -6.65   data required time
---------------------------------------------------------
          -6.65   data required time
        -172.22   data arrival time
---------------------------------------------------------
        -178.86   slack (VIOLATED)


Startpoint: _43835_ (falling edge-triggered flip-flop clocked by clk')
Endpoint: _43835_ (falling edge-triggered flip-flop clocked by clk')
Path Group: clk
Path Type: max

  Delay    Time   Description
---------------------------------------------------------
   0.00    0.00   clock clk' (fall edge)
   0.00    0.00   clock network delay (ideal)
   0.00    0.00 v _43835_/CLK (DFFLQNx2_ASAP7_75t_R)
  89.37   89.37 ^ _43835_/QN (DFFLQNx2_ASAP7_75t_R)
  20.19  109.56 v _43520_/Y (NOR2x1_ASAP7_75t_R)
  34.65  144.21 v _43521_/Y (AO21x1_ASAP7_75t_R)
  27.84  172.05 v hold3666/Y (BUFx2_ASAP7_75t_R)
   0.00  172.05 v _43835_/D (DFFLQNx2_ASAP7_75t_R)
         172.05   data arrival time

  10.00   10.00   clock clk' (fall edge)
   0.00   10.00   clock network delay (ideal)
   0.00   10.00   clock reconvergence pessimism
          10.00 v _43835_/CLK (DFFLQNx2_ASAP7_75t_R)
 -16.65   -6.65   library setup time
          -6.65   data required time
---------------------------------------------------------
          -6.65   data required time
        -172.05   data arrival time
---------------------------------------------------------
        -178.70   slack (VIOLATED)


Startpoint: _43838_ (falling edge-triggered flip-flop clocked by clk')
Endpoint: _43838_ (falling edge-triggered flip-flop clocked by clk')
Path Group: clk
Path Type: max

  Delay    Time   Description
---------------------------------------------------------
   0.00    0.00   clock clk' (fall edge)
   0.00    0.00   clock network delay (ideal)
   0.00    0.00 v _43838_/CLK (DFFLQNx2_ASAP7_75t_R)
  89.37   89.37 ^ _43838_/QN (DFFLQNx2_ASAP7_75t_R)
  20.19  109.56 v _43527_/Y (NOR2x1_ASAP7_75t_R)
  34.65  144.21 v _43528_/Y (AO21x1_ASAP7_75t_R)
  27.84  172.05 v hold3709/Y (BUFx2_ASAP7_75t_R)
   0.00  172.05 v _43838_/D (DFFLQNx2_ASAP7_75t_R)
         172.05   data arrival time

  10.00   10.00   clock clk' (fall edge)
   0.00   10.00   clock network delay (ideal)
   0.00   10.00   clock reconvergence pessimism
          10.00 v _43838_/CLK (DFFLQNx2_ASAP7_75t_R)
 -16.65   -6.65   library setup time
          -6.65   data required time
---------------------------------------------------------
          -6.65   data required time
        -172.05   data arrival time
---------------------------------------------------------
        -178.70   slack (VIOLATED)


Startpoint: _43846_ (falling edge-triggered flip-flop clocked by clk')
Endpoint: _43846_ (falling edge-triggered flip-flop clocked by clk')
Path Group: clk
Path Type: max

  Delay    Time   Description
---------------------------------------------------------
   0.00    0.00   clock clk' (fall edge)
   0.00    0.00   clock network delay (ideal)
   0.00    0.00 v _43846_/CLK (DFFLQNx2_ASAP7_75t_R)
  89.37   89.37 ^ _43846_/QN (DFFLQNx2_ASAP7_75t_R)
  20.19  109.56 v _43544_/Y (NOR2x1_ASAP7_75t_R)
  34.65  144.21 v _43545_/Y (AO21x1_ASAP7_75t_R)
  27.84  172.05 v hold3983/Y (BUFx2_ASAP7_75t_R)
   0.00  172.05 v _43846_/D (DFFLQNx2_ASAP7_75t_R)
         172.05   data arrival time

  10.00   10.00   clock clk' (fall edge)
   0.00   10.00   clock network delay (ideal)
   0.00   10.00   clock reconvergence pessimism
          10.00 v _43846_/CLK (DFFLQNx2_ASAP7_75t_R)
 -16.65   -6.65   library setup time
          -6.65   data required time
---------------------------------------------------------
          -6.65   data required time
        -172.05   data arrival time
---------------------------------------------------------
        -178.70   slack (VIOLATED)


Startpoint: _43850_ (falling edge-triggered flip-flop clocked by clk')
Endpoint: _43850_ (falling edge-triggered flip-flop clocked by clk')
Path Group: clk
Path Type: max

  Delay    Time   Description
---------------------------------------------------------
   0.00    0.00   clock clk' (fall edge)
   0.00    0.00   clock network delay (ideal)
   0.00    0.00 v _43850_/CLK (DFFLQNx2_ASAP7_75t_R)
  89.37   89.37 ^ _43850_/QN (DFFLQNx2_ASAP7_75t_R)
  20.19  109.56 v _43553_/Y (NOR2x1_ASAP7_75t_R)
  34.65  144.21 v _43554_/Y (AO21x1_ASAP7_75t_R)
  27.84  172.05 v hold3959/Y (BUFx2_ASAP7_75t_R)
   0.00  172.05 v _43850_/D (DFFLQNx2_ASAP7_75t_R)
         172.05   data arrival time

  10.00   10.00   clock clk' (fall edge)
   0.00   10.00   clock network delay (ideal)
   0.00   10.00   clock reconvergence pessimism
          10.00 v _43850_/CLK (DFFLQNx2_ASAP7_75t_R)
 -16.65   -6.65   library setup time
          -6.65   data required time
---------------------------------------------------------
          -6.65   data required time
        -172.05   data arrival time
---------------------------------------------------------
        -178.70   slack (VIOLATED)


Startpoint: _43896_ (falling edge-triggered flip-flop clocked by clk')
Endpoint: _43896_ (falling edge-triggered flip-flop clocked by clk')
Path Group: clk
Path Type: max

  Delay    Time   Description
---------------------------------------------------------
   0.00    0.00   clock clk' (fall edge)
   0.00    0.00   clock network delay (ideal)
   0.00    0.00 v _43896_/CLK (DFFLQNx2_ASAP7_75t_R)
  89.37   89.37 ^ _43896_/QN (DFFLQNx2_ASAP7_75t_R)
  20.19  109.56 v _43654_/Y (NOR2x1_ASAP7_75t_R)
  34.65  144.21 v _43655_/Y (AO21x1_ASAP7_75t_R)
  27.84  172.05 v hold3639/Y (BUFx2_ASAP7_75t_R)
   0.00  172.05 v _43896_/D (DFFLQNx2_ASAP7_75t_R)
         172.05   data arrival time

  10.00   10.00   clock clk' (fall edge)
   0.00   10.00   clock network delay (ideal)
   0.00   10.00   clock reconvergence pessimism
          10.00 v _43896_/CLK (DFFLQNx2_ASAP7_75t_R)
 -16.65   -6.65   library setup time
          -6.65   data required time
---------------------------------------------------------
          -6.65   data required time
        -172.05   data arrival time
---------------------------------------------------------
        -178.70   slack (VIOLATED)


Startpoint: _43837_ (falling edge-triggered flip-flop clocked by clk')
Endpoint: _43837_ (falling edge-triggered flip-flop clocked by clk')
Path Group: clk
Path Type: max

  Delay    Time   Description
---------------------------------------------------------
   0.00    0.00   clock clk' (fall edge)
   0.00    0.00   clock network delay (ideal)
   0.00    0.00 v _43837_/CLK (DFFLQNx2_ASAP7_75t_R)
  89.37   89.37 ^ _43837_/QN (DFFLQNx2_ASAP7_75t_R)
  20.19  109.56 v _43524_/Y (NOR2x1_ASAP7_75t_R)
  33.41  142.97 v _43525_/Y (AO21x1_ASAP7_75t_R)
  27.64  170.61 v hold3681/Y (BUFx2_ASAP7_75t_R)
   0.00  170.61 v _43837_/D (DFFLQNx2_ASAP7_75t_R)
         170.61   data arrival time

  10.00   10.00   clock clk' (fall edge)
   0.00   10.00   clock network delay (ideal)
   0.00   10.00   clock reconvergence pessimism
          10.00 v _43837_/CLK (DFFLQNx2_ASAP7_75t_R)
 -16.65   -6.65   library setup time
          -6.65   data required time
---------------------------------------------------------
          -6.65   data required time
        -170.61   data arrival time
---------------------------------------------------------
        -177.26   slack (VIOLATED)


Startpoint: _43898_ (falling edge-triggered flip-flop clocked by clk')
Endpoint: _43898_ (falling edge-triggered flip-flop clocked by clk')
Path Group: clk
Path Type: max

  Delay    Time   Description
---------------------------------------------------------
   0.00    0.00   clock clk' (fall edge)
   0.00    0.00   clock network delay (ideal)
   0.00    0.00 v _43898_/CLK (DFFLQNx2_ASAP7_75t_R)
  89.37   89.37 ^ _43898_/QN (DFFLQNx2_ASAP7_75t_R)
  20.19  109.56 v _43659_/Y (NOR2x1_ASAP7_75t_R)
  33.18  142.74 v _43660_/Y (AO21x1_ASAP7_75t_R)
  27.62  170.36 v hold3736/Y (BUFx2_ASAP7_75t_R)
   0.00  170.36 v _43898_/D (DFFLQNx2_ASAP7_75t_R)
         170.36   data arrival time

  10.00   10.00   clock clk' (fall edge)
   0.00   10.00   clock network delay (ideal)
   0.00   10.00   clock reconvergence pessimism
          10.00 v _43898_/CLK (DFFLQNx2_ASAP7_75t_R)
 -16.65   -6.65   library setup time
          -6.65   data required time
---------------------------------------------------------
          -6.65   data required time
        -170.36   data arrival time
---------------------------------------------------------
        -177.01   slack (VIOLATED)


Startpoint: _43924_ (falling edge-triggered flip-flop clocked by clk')
Endpoint: _43924_ (falling edge-triggered flip-flop clocked by clk')
Path Group: clk
Path Type: max

  Delay    Time   Description
---------------------------------------------------------
   0.00    0.00   clock clk' (fall edge)
   0.00    0.00   clock network delay (ideal)
   0.00    0.00 v _43924_/CLK (DFFLQNx2_ASAP7_75t_R)
  88.53   88.53 ^ _43924_/QN (DFFLQNx2_ASAP7_75t_R)
  20.00  108.53 v _43716_/Y (NOR2x1_ASAP7_75t_R)
  33.41  141.94 v _43717_/Y (AO21x1_ASAP7_75t_R)
  27.64  169.58 v hold3980/Y (BUFx2_ASAP7_75t_R)
   0.00  169.58 v _43924_/D (DFFLQNx2_ASAP7_75t_R)
         169.58   data arrival time

  10.00   10.00   clock clk' (fall edge)
   0.00   10.00   clock network delay (ideal)
   0.00   10.00   clock reconvergence pessimism
          10.00 v _43924_/CLK (DFFLQNx2_ASAP7_75t_R)
 -16.65   -6.65   library setup time
          -6.65   data required time
---------------------------------------------------------
          -6.65   data required time
        -169.58   data arrival time
---------------------------------------------------------
        -176.23   slack (VIOLATED)


Startpoint: _43889_ (falling edge-triggered flip-flop clocked by clk')
Endpoint: _43889_ (falling edge-triggered flip-flop clocked by clk')
Path Group: clk
Path Type: max

  Delay    Time   Description
---------------------------------------------------------
   0.00    0.00   clock clk' (fall edge)
   0.00    0.00   clock network delay (ideal)
   0.00    0.00 v _43889_/CLK (DFFLQNx2_ASAP7_75t_R)
  86.37   86.37 ^ _43889_/QN (DFFLQNx2_ASAP7_75t_R)
  19.53  105.90 v _43639_/Y (NOR2x1_ASAP7_75t_R)
  35.34  141.24 v _43640_/Y (AO21x1_ASAP7_75t_R)
  27.98  169.22 v hold3733/Y (BUFx2_ASAP7_75t_R)
   0.00  169.22 v _43889_/D (DFFLQNx2_ASAP7_75t_R)
         169.22   data arrival time

  10.00   10.00   clock clk' (fall edge)
   0.00   10.00   clock network delay (ideal)
   0.00   10.00   clock reconvergence pessimism
          10.00 v _43889_/CLK (DFFLQNx2_ASAP7_75t_R)
 -16.65   -6.65   library setup time
          -6.65   data required time
---------------------------------------------------------
          -6.65   data required time
        -169.22   data arrival time
---------------------------------------------------------
        -175.87   slack (VIOLATED)


Startpoint: _43894_ (falling edge-triggered flip-flop clocked by clk')
Endpoint: _43894_ (falling edge-triggered flip-flop clocked by clk')
Path Group: clk
Path Type: max

  Delay    Time   Description
---------------------------------------------------------
   0.00    0.00   clock clk' (fall edge)
   0.00    0.00   clock network delay (ideal)
   0.00    0.00 v _43894_/CLK (DFFLQNx2_ASAP7_75t_R)
  86.37   86.37 ^ _43894_/QN (DFFLQNx2_ASAP7_75t_R)
  19.53  105.90 v _43650_/Y (NOR2x1_ASAP7_75t_R)
  35.34  141.24 v _43651_/Y (AO21x1_ASAP7_75t_R)
  27.98  169.22 v hold3757/Y (BUFx2_ASAP7_75t_R)
   0.00  169.22 v _43894_/D (DFFLQNx2_ASAP7_75t_R)
         169.22   data arrival time

  10.00   10.00   clock clk' (fall edge)
   0.00   10.00   clock network delay (ideal)
   0.00   10.00   clock reconvergence pessimism
          10.00 v _43894_/CLK (DFFLQNx2_ASAP7_75t_R)
 -16.65   -6.65   library setup time
          -6.65   data required time
---------------------------------------------------------
          -6.65   data required time
        -169.22   data arrival time
---------------------------------------------------------
        -175.87   slack (VIOLATED)


Startpoint: _43899_ (falling edge-triggered flip-flop clocked by clk')
Endpoint: _43899_ (falling edge-triggered flip-flop clocked by clk')
Path Group: clk
Path Type: max

  Delay    Time   Description
---------------------------------------------------------
   0.00    0.00   clock clk' (fall edge)
   0.00    0.00   clock network delay (ideal)
   0.00    0.00 v _43899_/CLK (DFFLQNx2_ASAP7_75t_R)
  86.37   86.37 ^ _43899_/QN (DFFLQNx2_ASAP7_75t_R)
  19.53  105.90 v _43661_/Y (NOR2x1_ASAP7_75t_R)
  35.34  141.24 v _43662_/Y (AO21x1_ASAP7_75t_R)
  27.98  169.22 v hold3760/Y (BUFx2_ASAP7_75t_R)
   0.00  169.22 v _43899_/D (DFFLQNx2_ASAP7_75t_R)
         169.22   data arrival time

  10.00   10.00   clock clk' (fall edge)
   0.00   10.00   clock network delay (ideal)
   0.00   10.00   clock reconvergence pessimism
          10.00 v _43899_/CLK (DFFLQNx2_ASAP7_75t_R)
 -16.65   -6.65   library setup time
          -6.65   data required time
---------------------------------------------------------
          -6.65   data required time
        -169.22   data arrival time
---------------------------------------------------------
        -175.87   slack (VIOLATED)


Startpoint: _43902_ (falling edge-triggered flip-flop clocked by clk')
Endpoint: _43902_ (falling edge-triggered flip-flop clocked by clk')
Path Group: clk
Path Type: max

  Delay    Time   Description
---------------------------------------------------------
   0.00    0.00   clock clk' (fall edge)
   0.00    0.00   clock network delay (ideal)
   0.00    0.00 v _43902_/CLK (DFFLQNx2_ASAP7_75t_R)
  86.37   86.37 ^ _43902_/QN (DFFLQNx2_ASAP7_75t_R)
  19.53  105.90 v _43668_/Y (NOR2x1_ASAP7_75t_R)
  35.34  141.24 v _43669_/Y (AO21x1_ASAP7_75t_R)
  27.98  169.22 v hold3805/Y (BUFx2_ASAP7_75t_R)
   0.00  169.22 v _43902_/D (DFFLQNx2_ASAP7_75t_R)
         169.22   data arrival time

  10.00   10.00   clock clk' (fall edge)
   0.00   10.00   clock network delay (ideal)
   0.00   10.00   clock reconvergence pessimism
          10.00 v _43902_/CLK (DFFLQNx2_ASAP7_75t_R)
 -16.65   -6.65   library setup time
          -6.65   data required time
---------------------------------------------------------
          -6.65   data required time
        -169.22   data arrival time
---------------------------------------------------------
        -175.87   slack (VIOLATED)


Startpoint: _43904_ (falling edge-triggered flip-flop clocked by clk')
Endpoint: _43904_ (falling edge-triggered flip-flop clocked by clk')
Path Group: clk
Path Type: max

  Delay    Time   Description
---------------------------------------------------------
   0.00    0.00   clock clk' (fall edge)
   0.00    0.00   clock network delay (ideal)
   0.00    0.00 v _43904_/CLK (DFFLQNx2_ASAP7_75t_R)
  86.37   86.37 ^ _43904_/QN (DFFLQNx2_ASAP7_75t_R)
  19.53  105.90 v _43672_/Y (NOR2x1_ASAP7_75t_R)
  35.34  141.24 v _43673_/Y (AO21x1_ASAP7_75t_R)
  27.98  169.22 v hold3754/Y (BUFx2_ASAP7_75t_R)
   0.00  169.22 v _43904_/D (DFFLQNx2_ASAP7_75t_R)
         169.22   data arrival time

  10.00   10.00   clock clk' (fall edge)
   0.00   10.00   clock network delay (ideal)
   0.00   10.00   clock reconvergence pessimism
          10.00 v _43904_/CLK (DFFLQNx2_ASAP7_75t_R)
 -16.65   -6.65   library setup time
          -6.65   data required time
---------------------------------------------------------
          -6.65   data required time
        -169.22   data arrival time
---------------------------------------------------------
        -175.87   slack (VIOLATED)


Startpoint: _43908_ (falling edge-triggered flip-flop clocked by clk')
Endpoint: _43908_ (falling edge-triggered flip-flop clocked by clk')
Path Group: clk
Path Type: max

  Delay    Time   Description
---------------------------------------------------------
   0.00    0.00   clock clk' (fall edge)
   0.00    0.00   clock network delay (ideal)
   0.00    0.00 v _43908_/CLK (DFFLQNx2_ASAP7_75t_R)
  86.37   86.37 ^ _43908_/QN (DFFLQNx2_ASAP7_75t_R)
  19.53  105.90 v _43681_/Y (NOR2x1_ASAP7_75t_R)
  35.34  141.24 v _43682_/Y (AO21x1_ASAP7_75t_R)
  27.98  169.22 v hold3769/Y (BUFx2_ASAP7_75t_R)
   0.00  169.22 v _43908_/D (DFFLQNx2_ASAP7_75t_R)
         169.22   data arrival time

  10.00   10.00   clock clk' (fall edge)
   0.00   10.00   clock network delay (ideal)
   0.00   10.00   clock reconvergence pessimism
          10.00 v _43908_/CLK (DFFLQNx2_ASAP7_75t_R)
 -16.65   -6.65   library setup time
          -6.65   data required time
---------------------------------------------------------
          -6.65   data required time
        -169.22   data arrival time
---------------------------------------------------------
        -175.87   slack (VIOLATED)


Startpoint: _43910_ (falling edge-triggered flip-flop clocked by clk')
Endpoint: _43910_ (falling edge-triggered flip-flop clocked by clk')
Path Group: clk
Path Type: max

  Delay    Time   Description
---------------------------------------------------------
   0.00    0.00   clock clk' (fall edge)
   0.00    0.00   clock network delay (ideal)
   0.00    0.00 v _43910_/CLK (DFFLQNx2_ASAP7_75t_R)
  86.37   86.37 ^ _43910_/QN (DFFLQNx2_ASAP7_75t_R)
  19.53  105.90 v _43685_/Y (NOR2x1_ASAP7_75t_R)
  35.34  141.24 v _43686_/Y (AO21x1_ASAP7_75t_R)
  27.98  169.22 v hold3763/Y (BUFx2_ASAP7_75t_R)
   0.00  169.22 v _43910_/D (DFFLQNx2_ASAP7_75t_R)
         169.22   data arrival time

  10.00   10.00   clock clk' (fall edge)
   0.00   10.00   clock network delay (ideal)
   0.00   10.00   clock reconvergence pessimism
          10.00 v _43910_/CLK (DFFLQNx2_ASAP7_75t_R)
 -16.65   -6.65   library setup time
          -6.65   data required time
---------------------------------------------------------
          -6.65   data required time
        -169.22   data arrival time
---------------------------------------------------------
        -175.87   slack (VIOLATED)


Startpoint: _43912_ (falling edge-triggered flip-flop clocked by clk')
Endpoint: _43912_ (falling edge-triggered flip-flop clocked by clk')
Path Group: clk
Path Type: max

  Delay    Time   Description
---------------------------------------------------------
   0.00    0.00   clock clk' (fall edge)
   0.00    0.00   clock network delay (ideal)
   0.00    0.00 v _43912_/CLK (DFFLQNx2_ASAP7_75t_R)
  86.37   86.37 ^ _43912_/QN (DFFLQNx2_ASAP7_75t_R)
  19.53  105.90 v _43690_/Y (NOR2x1_ASAP7_75t_R)
  35.34  141.24 v _43691_/Y (AO21x1_ASAP7_75t_R)
  27.98  169.22 v hold3829/Y (BUFx2_ASAP7_75t_R)
   0.00  169.22 v _43912_/D (DFFLQNx2_ASAP7_75t_R)
         169.22   data arrival time

  10.00   10.00   clock clk' (fall edge)
   0.00   10.00   clock network delay (ideal)
   0.00   10.00   clock reconvergence pessimism
          10.00 v _43912_/CLK (DFFLQNx2_ASAP7_75t_R)
 -16.65   -6.65   library setup time
          -6.65   data required time
---------------------------------------------------------
          -6.65   data required time
        -169.22   data arrival time
---------------------------------------------------------
        -175.87   slack (VIOLATED)


Startpoint: _43893_ (falling edge-triggered flip-flop clocked by clk')
Endpoint: _43893_ (falling edge-triggered flip-flop clocked by clk')
Path Group: clk
Path Type: max

  Delay    Time   Description
---------------------------------------------------------
   0.00    0.00   clock clk' (fall edge)
   0.00    0.00   clock network delay (ideal)
   0.00    0.00 v _43893_/CLK (DFFLQNx2_ASAP7_75t_R)
  86.18   86.18 ^ _43893_/QN (DFFLQNx2_ASAP7_75t_R)
  19.48  105.67 v _43648_/Y (NOR2x1_ASAP7_75t_R)
  35.34  141.01 v _43649_/Y (AO21x1_ASAP7_75t_R)
  27.98  168.99 v hold3772/Y (BUFx2_ASAP7_75t_R)
   0.00  168.99 v _43893_/D (DFFLQNx2_ASAP7_75t_R)
         168.99   data arrival time

  10.00   10.00   clock clk' (fall edge)
   0.00   10.00   clock network delay (ideal)
   0.00   10.00   clock reconvergence pessimism
          10.00 v _43893_/CLK (DFFLQNx2_ASAP7_75t_R)
 -16.65   -6.65   library setup time
          -6.65   data required time
---------------------------------------------------------
          -6.65   data required time
        -168.99   data arrival time
---------------------------------------------------------
        -175.64   slack (VIOLATED)


Startpoint: _43872_ (falling edge-triggered flip-flop clocked by clk')
Endpoint: _43872_ (falling edge-triggered flip-flop clocked by clk')
Path Group: clk
Path Type: max

  Delay    Time   Description
---------------------------------------------------------
   0.00    0.00   clock clk' (fall edge)
   0.00    0.00   clock network delay (ideal)
   0.00    0.00 v _43872_/CLK (DFFLQNx2_ASAP7_75t_R)
  86.16   86.16 ^ _43872_/QN (DFFLQNx2_ASAP7_75t_R)
  19.48  105.64 v _43602_/Y (NOR2x1_ASAP7_75t_R)
  35.34  140.98 v _43603_/Y (AO21x1_ASAP7_75t_R)
  27.98  168.96 v hold3579/Y (BUFx2_ASAP7_75t_R)
   0.00  168.96 v _43872_/D (DFFLQNx2_ASAP7_75t_R)
         168.96   data arrival time

  10.00   10.00   clock clk' (fall edge)
   0.00   10.00   clock network delay (ideal)
   0.00   10.00   clock reconvergence pessimism
          10.00 v _43872_/CLK (DFFLQNx2_ASAP7_75t_R)
 -16.65   -6.65   library setup time
          -6.65   data required time
---------------------------------------------------------
          -6.65   data required time
        -168.96   data arrival time
---------------------------------------------------------
        -175.61   slack (VIOLATED)


Startpoint: _43906_ (falling edge-triggered flip-flop clocked by clk')
Endpoint: _43906_ (falling edge-triggered flip-flop clocked by clk')
Path Group: clk
Path Type: max

  Delay    Time   Description
---------------------------------------------------------
   0.00    0.00   clock clk' (fall edge)
   0.00    0.00   clock network delay (ideal)
   0.00    0.00 v _43906_/CLK (DFFLQNx2_ASAP7_75t_R)
  86.37   86.37 ^ _43906_/QN (DFFLQNx2_ASAP7_75t_R)
  19.53  105.90 v _43676_/Y (NOR2x1_ASAP7_75t_R)
  35.34  141.24 v _43677_/Y (AO21x1_ASAP7_75t_R)
  27.62  168.86 v hold3727/Y (BUFx2_ASAP7_75t_R)
   0.00  168.86 v _43906_/D (DFFLQNx2_ASAP7_75t_R)
         168.86   data arrival time

  10.00   10.00   clock clk' (fall edge)
   0.00   10.00   clock network delay (ideal)
   0.00   10.00   clock reconvergence pessimism
          10.00 v _43906_/CLK (DFFLQNx2_ASAP7_75t_R)
 -16.65   -6.65   library setup time
          -6.65   data required time
---------------------------------------------------------
          -6.65   data required time
        -168.86   data arrival time
---------------------------------------------------------
        -175.51   slack (VIOLATED)


Startpoint: _43854_ (falling edge-triggered flip-flop clocked by clk')
Endpoint: _43854_ (falling edge-triggered flip-flop clocked by clk')
Path Group: clk
Path Type: max

  Delay    Time   Description
---------------------------------------------------------
   0.00    0.00   clock clk' (fall edge)
   0.00    0.00   clock network delay (ideal)
   0.00    0.00 v _43854_/CLK (DFFLQNx2_ASAP7_75t_R)
  86.37   86.37 ^ _43854_/QN (DFFLQNx2_ASAP7_75t_R)
  19.53  105.90 v _43562_/Y (NOR2x1_ASAP7_75t_R)
  34.80  140.70 v _43563_/Y (AO21x1_ASAP7_75t_R)
  27.87  168.57 v hold3672/Y (BUFx2_ASAP7_75t_R)
   0.00  168.57 v _43854_/D (DFFLQNx2_ASAP7_75t_R)
         168.57   data arrival time

  10.00   10.00   clock clk' (fall edge)
   0.00   10.00   clock network delay (ideal)
   0.00   10.00   clock reconvergence pessimism
          10.00 v _43854_/CLK (DFFLQNx2_ASAP7_75t_R)
 -16.65   -6.65   library setup time
          -6.65   data required time
---------------------------------------------------------
          -6.65   data required time
        -168.57   data arrival time
---------------------------------------------------------
        -175.22   slack (VIOLATED)


Startpoint: _43855_ (falling edge-triggered flip-flop clocked by clk')
Endpoint: _43855_ (falling edge-triggered flip-flop clocked by clk')
Path Group: clk
Path Type: max

  Delay    Time   Description
---------------------------------------------------------
   0.00    0.00   clock clk' (fall edge)
   0.00    0.00   clock network delay (ideal)
   0.00    0.00 v _43855_/CLK (DFFLQNx2_ASAP7_75t_R)
  86.37   86.37 ^ _43855_/QN (DFFLQNx2_ASAP7_75t_R)
  19.53  105.90 v _43564_/Y (NOR2x1_ASAP7_75t_R)
  34.80  140.70 v _43565_/Y (AO21x1_ASAP7_75t_R)
  27.87  168.57 v hold3663/Y (BUFx2_ASAP7_75t_R)
   0.00  168.57 v _43855_/D (DFFLQNx2_ASAP7_75t_R)
         168.57   data arrival time

  10.00   10.00   clock clk' (fall edge)
   0.00   10.00   clock network delay (ideal)
   0.00   10.00   clock reconvergence pessimism
          10.00 v _43855_/CLK (DFFLQNx2_ASAP7_75t_R)
 -16.65   -6.65   library setup time
          -6.65   data required time
---------------------------------------------------------
          -6.65   data required time
        -168.57   data arrival time
---------------------------------------------------------
        -175.22   slack (VIOLATED)


Startpoint: _43856_ (falling edge-triggered flip-flop clocked by clk')
Endpoint: _43856_ (falling edge-triggered flip-flop clocked by clk')
Path Group: clk
Path Type: max

  Delay    Time   Description
---------------------------------------------------------
   0.00    0.00   clock clk' (fall edge)
   0.00    0.00   clock network delay (ideal)
   0.00    0.00 v _43856_/CLK (DFFLQNx2_ASAP7_75t_R)
  86.37   86.37 ^ _43856_/QN (DFFLQNx2_ASAP7_75t_R)
  19.53  105.90 v _43566_/Y (NOR2x1_ASAP7_75t_R)
  34.80  140.70 v _43567_/Y (AO21x1_ASAP7_75t_R)
  27.87  168.57 v hold3645/Y (BUFx2_ASAP7_75t_R)
   0.00  168.57 v _43856_/D (DFFLQNx2_ASAP7_75t_R)
         168.57   data arrival time

  10.00   10.00   clock clk' (fall edge)
   0.00   10.00   clock network delay (ideal)
   0.00   10.00   clock reconvergence pessimism
          10.00 v _43856_/CLK (DFFLQNx2_ASAP7_75t_R)
 -16.65   -6.65   library setup time
          -6.65   data required time
---------------------------------------------------------
          -6.65   data required time
        -168.57   data arrival time
---------------------------------------------------------
        -175.22   slack (VIOLATED)


Startpoint: _43861_ (falling edge-triggered flip-flop clocked by clk')
Endpoint: _43861_ (falling edge-triggered flip-flop clocked by clk')
Path Group: clk
Path Type: max

  Delay    Time   Description
---------------------------------------------------------
   0.00    0.00   clock clk' (fall edge)
   0.00    0.00   clock network delay (ideal)
   0.00    0.00 v _43861_/CLK (DFFLQNx2_ASAP7_75t_R)
  86.37   86.37 ^ _43861_/QN (DFFLQNx2_ASAP7_75t_R)
  19.53  105.90 v _43578_/Y (NOR2x1_ASAP7_75t_R)
  34.80  140.70 v _43579_/Y (AO21x1_ASAP7_75t_R)
  27.87  168.57 v hold3597/Y (BUFx2_ASAP7_75t_R)
   0.00  168.57 v _43861_/D (DFFLQNx2_ASAP7_75t_R)
         168.57   data arrival time

  10.00   10.00   clock clk' (fall edge)
   0.00   10.00   clock network delay (ideal)
   0.00   10.00   clock reconvergence pessimism
          10.00 v _43861_/CLK (DFFLQNx2_ASAP7_75t_R)
 -16.65   -6.65   library setup time
          -6.65   data required time
---------------------------------------------------------
          -6.65   data required time
        -168.57   data arrival time
---------------------------------------------------------
        -175.22   slack (VIOLATED)


Startpoint: _43864_ (falling edge-triggered flip-flop clocked by clk')
Endpoint: _43864_ (falling edge-triggered flip-flop clocked by clk')
Path Group: clk
Path Type: max

  Delay    Time   Description
---------------------------------------------------------
   0.00    0.00   clock clk' (fall edge)
   0.00    0.00   clock network delay (ideal)
   0.00    0.00 v _43864_/CLK (DFFLQNx2_ASAP7_75t_R)
  86.37   86.37 ^ _43864_/QN (DFFLQNx2_ASAP7_75t_R)
  19.53  105.90 v _43584_/Y (NOR2x1_ASAP7_75t_R)
  34.80  140.70 v _43585_/Y (AO21x1_ASAP7_75t_R)
  27.87  168.57 v hold3660/Y (BUFx2_ASAP7_75t_R)
   0.00  168.57 v _43864_/D (DFFLQNx2_ASAP7_75t_R)
         168.57   data arrival time

  10.00   10.00   clock clk' (fall edge)
   0.00   10.00   clock network delay (ideal)
   0.00   10.00   clock reconvergence pessimism
          10.00 v _43864_/CLK (DFFLQNx2_ASAP7_75t_R)
 -16.65   -6.65   library setup time
          -6.65   data required time
---------------------------------------------------------
          -6.65   data required time
        -168.57   data arrival time
---------------------------------------------------------
        -175.22   slack (VIOLATED)


Startpoint: _43865_ (falling edge-triggered flip-flop clocked by clk')
Endpoint: _43865_ (falling edge-triggered flip-flop clocked by clk')
Path Group: clk
Path Type: max

  Delay    Time   Description
---------------------------------------------------------
   0.00    0.00   clock clk' (fall edge)
   0.00    0.00   clock network delay (ideal)
   0.00    0.00 v _43865_/CLK (DFFLQNx2_ASAP7_75t_R)
  86.37   86.37 ^ _43865_/QN (DFFLQNx2_ASAP7_75t_R)
  19.53  105.90 v _43586_/Y (NOR2x1_ASAP7_75t_R)
  34.80  140.70 v _43587_/Y (AO21x1_ASAP7_75t_R)
  27.87  168.57 v hold3651/Y (BUFx2_ASAP7_75t_R)
   0.00  168.57 v _43865_/D (DFFLQNx2_ASAP7_75t_R)
         168.57   data arrival time

  10.00   10.00   clock clk' (fall edge)
   0.00   10.00   clock network delay (ideal)
   0.00   10.00   clock reconvergence pessimism
          10.00 v _43865_/CLK (DFFLQNx2_ASAP7_75t_R)
 -16.65   -6.65   library setup time
          -6.65   data required time
---------------------------------------------------------
          -6.65   data required time
        -168.57   data arrival time
---------------------------------------------------------
        -175.22   slack (VIOLATED)


Startpoint: _43870_ (falling edge-triggered flip-flop clocked by clk')
Endpoint: _43870_ (falling edge-triggered flip-flop clocked by clk')
Path Group: clk
Path Type: max

  Delay    Time   Description
---------------------------------------------------------
   0.00    0.00   clock clk' (fall edge)
   0.00    0.00   clock network delay (ideal)
   0.00    0.00 v _43870_/CLK (DFFLQNx2_ASAP7_75t_R)
  86.37   86.37 ^ _43870_/QN (DFFLQNx2_ASAP7_75t_R)
  19.53  105.90 v _43597_/Y (NOR2x1_ASAP7_75t_R)
  34.80  140.70 v _43598_/Y (AO21x1_ASAP7_75t_R)
  27.87  168.57 v hold3630/Y (BUFx2_ASAP7_75t_R)
   0.00  168.57 v _43870_/D (DFFLQNx2_ASAP7_75t_R)
         168.57   data arrival time

  10.00   10.00   clock clk' (fall edge)
   0.00   10.00   clock network delay (ideal)
   0.00   10.00   clock reconvergence pessimism
          10.00 v _43870_/CLK (DFFLQNx2_ASAP7_75t_R)
 -16.65   -6.65   library setup time
          -6.65   data required time
---------------------------------------------------------
          -6.65   data required time
        -168.57   data arrival time
---------------------------------------------------------
        -175.22   slack (VIOLATED)


Startpoint: _43873_ (falling edge-triggered flip-flop clocked by clk')
Endpoint: _43873_ (falling edge-triggered flip-flop clocked by clk')
Path Group: clk
Path Type: max

  Delay    Time   Description
---------------------------------------------------------
   0.00    0.00   clock clk' (fall edge)
   0.00    0.00   clock network delay (ideal)
   0.00    0.00 v _43873_/CLK (DFFLQNx2_ASAP7_75t_R)
  86.37   86.37 ^ _43873_/QN (DFFLQNx2_ASAP7_75t_R)
  19.53  105.90 v _43604_/Y (NOR2x1_ASAP7_75t_R)
  34.80  140.70 v _43605_/Y (AO21x1_ASAP7_75t_R)
  27.87  168.57 v hold3868/Y (BUFx2_ASAP7_75t_R)
   0.00  168.57 v _43873_/D (DFFLQNx2_ASAP7_75t_R)
         168.57   data arrival time

  10.00   10.00   clock clk' (fall edge)
   0.00   10.00   clock network delay (ideal)
   0.00   10.00   clock reconvergence pessimism
          10.00 v _43873_/CLK (DFFLQNx2_ASAP7_75t_R)
 -16.65   -6.65   library setup time
          -6.65   data required time
---------------------------------------------------------
          -6.65   data required time
        -168.57   data arrival time
---------------------------------------------------------
        -175.22   slack (VIOLATED)


Startpoint: _43880_ (falling edge-triggered flip-flop clocked by clk')
Endpoint: _43880_ (falling edge-triggered flip-flop clocked by clk')
Path Group: clk
Path Type: max

  Delay    Time   Description
---------------------------------------------------------
   0.00    0.00   clock clk' (fall edge)
   0.00    0.00   clock network delay (ideal)
   0.00    0.00 v _43880_/CLK (DFFLQNx2_ASAP7_75t_R)
  86.37   86.37 ^ _43880_/QN (DFFLQNx2_ASAP7_75t_R)
  19.53  105.90 v _43619_/Y (NOR2x1_ASAP7_75t_R)
  34.80  140.70 v _43620_/Y (AO21x1_ASAP7_75t_R)
  27.87  168.57 v hold3582/Y (BUFx2_ASAP7_75t_R)
   0.00  168.57 v _43880_/D (DFFLQNx2_ASAP7_75t_R)
         168.57   data arrival time

  10.00   10.00   clock clk' (fall edge)
   0.00   10.00   clock network delay (ideal)
   0.00   10.00   clock reconvergence pessimism
          10.00 v _43880_/CLK (DFFLQNx2_ASAP7_75t_R)
 -16.65   -6.65   library setup time
          -6.65   data required time
---------------------------------------------------------
          -6.65   data required time
        -168.57   data arrival time
---------------------------------------------------------
        -175.22   slack (VIOLATED)


Startpoint: _43884_ (falling edge-triggered flip-flop clocked by clk')
Endpoint: _43884_ (falling edge-triggered flip-flop clocked by clk')
Path Group: clk
Path Type: max

  Delay    Time   Description
---------------------------------------------------------
   0.00    0.00   clock clk' (fall edge)
   0.00    0.00   clock network delay (ideal)
   0.00    0.00 v _43884_/CLK (DFFLQNx2_ASAP7_75t_R)
  86.37   86.37 ^ _43884_/QN (DFFLQNx2_ASAP7_75t_R)
  19.53  105.90 v _43628_/Y (NOR2x1_ASAP7_75t_R)
  34.80  140.70 v _43629_/Y (AO21x1_ASAP7_75t_R)
  27.87  168.57 v hold3627/Y (BUFx2_ASAP7_75t_R)
   0.00  168.57 v _43884_/D (DFFLQNx2_ASAP7_75t_R)
         168.57   data arrival time

  10.00   10.00   clock clk' (fall edge)
   0.00   10.00   clock network delay (ideal)
   0.00   10.00   clock reconvergence pessimism
          10.00 v _43884_/CLK (DFFLQNx2_ASAP7_75t_R)
 -16.65   -6.65   library setup time
          -6.65   data required time
---------------------------------------------------------
          -6.65   data required time
        -168.57   data arrival time
---------------------------------------------------------
        -175.22   slack (VIOLATED)


Startpoint: _43918_ (falling edge-triggered flip-flop clocked by clk')
Endpoint: _43918_ (falling edge-triggered flip-flop clocked by clk')
Path Group: clk
Path Type: max

  Delay    Time   Description
---------------------------------------------------------
   0.00    0.00   clock clk' (fall edge)
   0.00    0.00   clock network delay (ideal)
   0.00    0.00 v _43918_/CLK (DFFLQNx2_ASAP7_75t_R)
  86.37   86.37 ^ _43918_/QN (DFFLQNx2_ASAP7_75t_R)
  19.53  105.90 v _43703_/Y (NOR2x1_ASAP7_75t_R)
  34.79  140.69 v _43704_/Y (AO21x1_ASAP7_75t_R)
  27.87  168.56 v hold3914/Y (BUFx2_ASAP7_75t_R)
   0.00  168.56 v _43918_/D (DFFLQNx2_ASAP7_75t_R)
         168.56   data arrival time

  10.00   10.00   clock clk' (fall edge)
   0.00   10.00   clock network delay (ideal)
   0.00   10.00   clock reconvergence pessimism
          10.00 v _43918_/CLK (DFFLQNx2_ASAP7_75t_R)
 -16.65   -6.65   library setup time
          -6.65   data required time
---------------------------------------------------------
          -6.65   data required time
        -168.56   data arrival time
---------------------------------------------------------
        -175.21   slack (VIOLATED)


Startpoint: _43920_ (falling edge-triggered flip-flop clocked by clk')
Endpoint: _43920_ (falling edge-triggered flip-flop clocked by clk')
Path Group: clk
Path Type: max

  Delay    Time   Description
---------------------------------------------------------
   0.00    0.00   clock clk' (fall edge)
   0.00    0.00   clock network delay (ideal)
   0.00    0.00 v _43920_/CLK (DFFLQNx2_ASAP7_75t_R)
  86.37   86.37 ^ _43920_/QN (DFFLQNx2_ASAP7_75t_R)
  19.53  105.90 v _43707_/Y (NOR2x1_ASAP7_75t_R)
  34.79  140.69 v _43708_/Y (AO21x1_ASAP7_75t_R)
  27.87  168.56 v hold3880/Y (BUFx2_ASAP7_75t_R)
   0.00  168.56 v _43920_/D (DFFLQNx2_ASAP7_75t_R)
         168.56   data arrival time

  10.00   10.00   clock clk' (fall edge)
   0.00   10.00   clock network delay (ideal)
   0.00   10.00   clock reconvergence pessimism
          10.00 v _43920_/CLK (DFFLQNx2_ASAP7_75t_R)
 -16.65   -6.65   library setup time
          -6.65   data required time
---------------------------------------------------------
          -6.65   data required time
        -168.56   data arrival time
---------------------------------------------------------
        -175.21   slack (VIOLATED)


Startpoint: _43927_ (falling edge-triggered flip-flop clocked by clk')
Endpoint: _43927_ (falling edge-triggered flip-flop clocked by clk')
Path Group: clk
Path Type: max

  Delay    Time   Description
---------------------------------------------------------
   0.00    0.00   clock clk' (fall edge)
   0.00    0.00   clock network delay (ideal)
   0.00    0.00 v _43927_/CLK (DFFLQNx2_ASAP7_75t_R)
  86.37   86.37 ^ _43927_/QN (DFFLQNx2_ASAP7_75t_R)
  19.53  105.90 v _43722_/Y (NOR2x1_ASAP7_75t_R)
  34.79  140.69 v _43723_/Y (AO21x1_ASAP7_75t_R)
  27.87  168.56 v hold3906/Y (BUFx2_ASAP7_75t_R)
   0.00  168.56 v _43927_/D (DFFLQNx2_ASAP7_75t_R)
         168.56   data arrival time

  10.00   10.00   clock clk' (fall edge)
   0.00   10.00   clock network delay (ideal)
   0.00   10.00   clock reconvergence pessimism
          10.00 v _43927_/CLK (DFFLQNx2_ASAP7_75t_R)
 -16.65   -6.65   library setup time
          -6.65   data required time
---------------------------------------------------------
          -6.65   data required time
        -168.56   data arrival time
---------------------------------------------------------
        -175.21   slack (VIOLATED)


Startpoint: _43930_ (falling edge-triggered flip-flop clocked by clk')
Endpoint: _43930_ (falling edge-triggered flip-flop clocked by clk')
Path Group: clk
Path Type: max

  Delay    Time   Description
---------------------------------------------------------
   0.00    0.00   clock clk' (fall edge)
   0.00    0.00   clock network delay (ideal)
   0.00    0.00 v _43930_/CLK (DFFLQNx2_ASAP7_75t_R)
  86.37   86.37 ^ _43930_/QN (DFFLQNx2_ASAP7_75t_R)
  19.53  105.90 v _43729_/Y (NOR2x1_ASAP7_75t_R)
  34.79  140.69 v _43730_/Y (AO21x1_ASAP7_75t_R)
  27.87  168.56 v hold3835/Y (BUFx2_ASAP7_75t_R)
   0.00  168.56 v _43930_/D (DFFLQNx2_ASAP7_75t_R)
         168.56   data arrival time

  10.00   10.00   clock clk' (fall edge)
   0.00   10.00   clock network delay (ideal)
   0.00   10.00   clock reconvergence pessimism
          10.00 v _43930_/CLK (DFFLQNx2_ASAP7_75t_R)
 -16.65   -6.65   library setup time
          -6.65   data required time
---------------------------------------------------------
          -6.65   data required time
        -168.56   data arrival time
---------------------------------------------------------
        -175.21   slack (VIOLATED)


Startpoint: _43932_ (falling edge-triggered flip-flop clocked by clk')
Endpoint: _43932_ (falling edge-triggered flip-flop clocked by clk')
Path Group: clk
Path Type: max

  Delay    Time   Description
---------------------------------------------------------
   0.00    0.00   clock clk' (fall edge)
   0.00    0.00   clock network delay (ideal)
   0.00    0.00 v _43932_/CLK (DFFLQNx2_ASAP7_75t_R)
  86.37   86.37 ^ _43932_/QN (DFFLQNx2_ASAP7_75t_R)
  19.53  105.90 v _43734_/Y (NOR2x1_ASAP7_75t_R)
  34.79  140.69 v _43735_/Y (AO21x1_ASAP7_75t_R)
  27.87  168.56 v hold3856/Y (BUFx2_ASAP7_75t_R)
   0.00  168.56 v _43932_/D (DFFLQNx2_ASAP7_75t_R)
         168.56   data arrival time

  10.00   10.00   clock clk' (fall edge)
   0.00   10.00   clock network delay (ideal)
   0.00   10.00   clock reconvergence pessimism
          10.00 v _43932_/CLK (DFFLQNx2_ASAP7_75t_R)
 -16.65   -6.65   library setup time
          -6.65   data required time
---------------------------------------------------------
          -6.65   data required time
        -168.56   data arrival time
---------------------------------------------------------
        -175.21   slack (VIOLATED)


Startpoint: _43935_ (falling edge-triggered flip-flop clocked by clk')
Endpoint: _43935_ (falling edge-triggered flip-flop clocked by clk')
Path Group: clk
Path Type: max

  Delay    Time   Description
---------------------------------------------------------
   0.00    0.00   clock clk' (fall edge)
   0.00    0.00   clock network delay (ideal)
   0.00    0.00 v _43935_/CLK (DFFLQNx2_ASAP7_75t_R)
  86.37   86.37 ^ _43935_/QN (DFFLQNx2_ASAP7_75t_R)
  19.53  105.90 v _43740_/Y (NOR2x1_ASAP7_75t_R)
  34.79  140.69 v _43741_/Y (AO21x1_ASAP7_75t_R)
  27.87  168.56 v hold3877/Y (BUFx2_ASAP7_75t_R)
   0.00  168.56 v _43935_/D (DFFLQNx2_ASAP7_75t_R)
         168.56   data arrival time

  10.00   10.00   clock clk' (fall edge)
   0.00   10.00   clock network delay (ideal)
   0.00   10.00   clock reconvergence pessimism
          10.00 v _43935_/CLK (DFFLQNx2_ASAP7_75t_R)
 -16.65   -6.65   library setup time
          -6.65   data required time
---------------------------------------------------------
          -6.65   data required time
        -168.56   data arrival time
---------------------------------------------------------
        -175.21   slack (VIOLATED)


Startpoint: _43943_ (falling edge-triggered flip-flop clocked by clk')
Endpoint: _43943_ (falling edge-triggered flip-flop clocked by clk')
Path Group: clk
Path Type: max

  Delay    Time   Description
---------------------------------------------------------
   0.00    0.00   clock clk' (fall edge)
   0.00    0.00   clock network delay (ideal)
   0.00    0.00 v _43943_/CLK (DFFLQNx2_ASAP7_75t_R)
  86.37   86.37 ^ _43943_/QN (DFFLQNx2_ASAP7_75t_R)
  19.53  105.90 v _43757_/Y (NOR2x1_ASAP7_75t_R)
  34.79  140.69 v _43758_/Y (AO21x1_ASAP7_75t_R)
  27.87  168.56 v hold3838/Y (BUFx2_ASAP7_75t_R)
   0.00  168.56 v _43943_/D (DFFLQNx2_ASAP7_75t_R)
         168.56   data arrival time

  10.00   10.00   clock clk' (fall edge)
   0.00   10.00   clock network delay (ideal)
   0.00   10.00   clock reconvergence pessimism
          10.00 v _43943_/CLK (DFFLQNx2_ASAP7_75t_R)
 -16.65   -6.65   library setup time
          -6.65   data required time
---------------------------------------------------------
          -6.65   data required time
        -168.56   data arrival time
---------------------------------------------------------
        -175.21   slack (VIOLATED)


Startpoint: _43945_ (falling edge-triggered flip-flop clocked by clk')
Endpoint: _43945_ (falling edge-triggered flip-flop clocked by clk')
Path Group: clk
Path Type: max

  Delay    Time   Description
---------------------------------------------------------
   0.00    0.00   clock clk' (fall edge)
   0.00    0.00   clock network delay (ideal)
   0.00    0.00 v _43945_/CLK (DFFLQNx2_ASAP7_75t_R)
  86.37   86.37 ^ _43945_/QN (DFFLQNx2_ASAP7_75t_R)
  19.53  105.90 v _43761_/Y (NOR2x1_ASAP7_75t_R)
  34.79  140.69 v _43762_/Y (AO21x1_ASAP7_75t_R)
  27.87  168.56 v hold3920/Y (BUFx2_ASAP7_75t_R)
   0.00  168.56 v _43945_/D (DFFLQNx2_ASAP7_75t_R)
         168.56   data arrival time

  10.00   10.00   clock clk' (fall edge)
   0.00   10.00   clock network delay (ideal)
   0.00   10.00   clock reconvergence pessimism
          10.00 v _43945_/CLK (DFFLQNx2_ASAP7_75t_R)
 -16.65   -6.65   library setup time
          -6.65   data required time
---------------------------------------------------------
          -6.65   data required time
        -168.56   data arrival time
---------------------------------------------------------
        -175.21   slack (VIOLATED)


Startpoint: _43822_ (falling edge-triggered flip-flop clocked by clk')
Endpoint: _43822_ (falling edge-triggered flip-flop clocked by clk')
Path Group: clk
Path Type: max

  Delay    Time   Description
---------------------------------------------------------
   0.00    0.00   clock clk' (fall edge)
   0.00    0.00   clock network delay (ideal)
   0.00    0.00 v _43822_/CLK (DFFLQNx2_ASAP7_75t_R)
  86.37   86.37 ^ _43822_/QN (DFFLQNx2_ASAP7_75t_R)
  19.53  105.90 v _43491_/Y (NOR2x1_ASAP7_75t_R)
  34.65  140.55 v _43492_/Y (AO21x1_ASAP7_75t_R)
  27.84  168.39 v hold3850/Y (BUFx2_ASAP7_75t_R)
   0.00  168.39 v _43822_/D (DFFLQNx2_ASAP7_75t_R)
         168.39   data arrival time

  10.00   10.00   clock clk' (fall edge)
   0.00   10.00   clock network delay (ideal)
   0.00   10.00   clock reconvergence pessimism
          10.00 v _43822_/CLK (DFFLQNx2_ASAP7_75t_R)
 -16.65   -6.65   library setup time
          -6.65   data required time
---------------------------------------------------------
          -6.65   data required time
        -168.39   data arrival time
---------------------------------------------------------
        -175.04   slack (VIOLATED)


Startpoint: _43825_ (falling edge-triggered flip-flop clocked by clk')
Endpoint: _43825_ (falling edge-triggered flip-flop clocked by clk')
Path Group: clk
Path Type: max

  Delay    Time   Description
---------------------------------------------------------
   0.00    0.00   clock clk' (fall edge)
   0.00    0.00   clock network delay (ideal)
   0.00    0.00 v _43825_/CLK (DFFLQNx2_ASAP7_75t_R)
  86.37   86.37 ^ _43825_/QN (DFFLQNx2_ASAP7_75t_R)
  19.53  105.90 v _43497_/Y (NOR2x1_ASAP7_75t_R)
  34.65  140.55 v _43498_/Y (AO21x1_ASAP7_75t_R)
  27.84  168.39 v hold3820/Y (BUFx2_ASAP7_75t_R)
   0.00  168.39 v _43825_/D (DFFLQNx2_ASAP7_75t_R)
         168.39   data arrival time

  10.00   10.00   clock clk' (fall edge)
   0.00   10.00   clock network delay (ideal)
   0.00   10.00   clock reconvergence pessimism
          10.00 v _43825_/CLK (DFFLQNx2_ASAP7_75t_R)
 -16.65   -6.65   library setup time
          -6.65   data required time
---------------------------------------------------------
          -6.65   data required time
        -168.39   data arrival time
---------------------------------------------------------
        -175.04   slack (VIOLATED)


Startpoint: _43830_ (falling edge-triggered flip-flop clocked by clk')
Endpoint: _43830_ (falling edge-triggered flip-flop clocked by clk')
Path Group: clk
Path Type: max

  Delay    Time   Description
---------------------------------------------------------
   0.00    0.00   clock clk' (fall edge)
   0.00    0.00   clock network delay (ideal)
   0.00    0.00 v _43830_/CLK (DFFLQNx2_ASAP7_75t_R)
  86.37   86.37 ^ _43830_/QN (DFFLQNx2_ASAP7_75t_R)
  19.53  105.90 v _43508_/Y (NOR2x1_ASAP7_75t_R)
  34.65  140.55 v _43509_/Y (AO21x1_ASAP7_75t_R)
  27.84  168.39 v hold3693/Y (BUFx2_ASAP7_75t_R)
   0.00  168.39 v _43830_/D (DFFLQNx2_ASAP7_75t_R)
         168.39   data arrival time

  10.00   10.00   clock clk' (fall edge)
   0.00   10.00   clock network delay (ideal)
   0.00   10.00   clock reconvergence pessimism
          10.00 v _43830_/CLK (DFFLQNx2_ASAP7_75t_R)
 -16.65   -6.65   library setup time
          -6.65   data required time
---------------------------------------------------------
          -6.65   data required time
        -168.39   data arrival time
---------------------------------------------------------
        -175.04   slack (VIOLATED)


Startpoint: _43832_ (falling edge-triggered flip-flop clocked by clk')
Endpoint: _43832_ (falling edge-triggered flip-flop clocked by clk')
Path Group: clk
Path Type: max

  Delay    Time   Description
---------------------------------------------------------
   0.00    0.00   clock clk' (fall edge)
   0.00    0.00   clock network delay (ideal)
   0.00    0.00 v _43832_/CLK (DFFLQNx2_ASAP7_75t_R)
  86.37   86.37 ^ _43832_/QN (DFFLQNx2_ASAP7_75t_R)
  19.53  105.90 v _43514_/Y (NOR2x1_ASAP7_75t_R)
  34.65  140.55 v _43515_/Y (AO21x1_ASAP7_75t_R)
  27.84  168.39 v hold3678/Y (BUFx2_ASAP7_75t_R)
   0.00  168.39 v _43832_/D (DFFLQNx2_ASAP7_75t_R)
         168.39   data arrival time

  10.00   10.00   clock clk' (fall edge)
   0.00   10.00   clock network delay (ideal)
   0.00   10.00   clock reconvergence pessimism
          10.00 v _43832_/CLK (DFFLQNx2_ASAP7_75t_R)
 -16.65   -6.65   library setup time
          -6.65   data required time
---------------------------------------------------------
          -6.65   data required time
        -168.39   data arrival time
---------------------------------------------------------
        -175.04   slack (VIOLATED)


Startpoint: _43834_ (falling edge-triggered flip-flop clocked by clk')
Endpoint: _43834_ (falling edge-triggered flip-flop clocked by clk')
Path Group: clk
Path Type: max

  Delay    Time   Description
---------------------------------------------------------
   0.00    0.00   clock clk' (fall edge)
   0.00    0.00   clock network delay (ideal)
   0.00    0.00 v _43834_/CLK (DFFLQNx2_ASAP7_75t_R)
  86.37   86.37 ^ _43834_/QN (DFFLQNx2_ASAP7_75t_R)
  19.53  105.90 v _43518_/Y (NOR2x1_ASAP7_75t_R)
  34.65  140.55 v _43519_/Y (AO21x1_ASAP7_75t_R)
  27.84  168.39 v hold3657/Y (BUFx2_ASAP7_75t_R)
   0.00  168.39 v _43834_/D (DFFLQNx2_ASAP7_75t_R)
         168.39   data arrival time

  10.00   10.00   clock clk' (fall edge)
   0.00   10.00   clock network delay (ideal)
   0.00   10.00   clock reconvergence pessimism
          10.00 v _43834_/CLK (DFFLQNx2_ASAP7_75t_R)
 -16.65   -6.65   library setup time
          -6.65   data required time
---------------------------------------------------------
          -6.65   data required time
        -168.39   data arrival time
---------------------------------------------------------
        -175.04   slack (VIOLATED)


Startpoint: _43845_ (falling edge-triggered flip-flop clocked by clk')
Endpoint: _43845_ (falling edge-triggered flip-flop clocked by clk')
Path Group: clk
Path Type: max

  Delay    Time   Description
---------------------------------------------------------
   0.00    0.00   clock clk' (fall edge)
   0.00    0.00   clock network delay (ideal)
   0.00    0.00 v _43845_/CLK (DFFLQNx2_ASAP7_75t_R)
  86.37   86.37 ^ _43845_/QN (DFFLQNx2_ASAP7_75t_R)
  19.53  105.90 v _43542_/Y (NOR2x1_ASAP7_75t_R)
  34.65  140.55 v _43543_/Y (AO21x1_ASAP7_75t_R)
  27.84  168.39 v hold3844/Y (BUFx2_ASAP7_75t_R)
   0.00  168.39 v _43845_/D (DFFLQNx2_ASAP7_75t_R)
         168.39   data arrival time

  10.00   10.00   clock clk' (fall edge)
   0.00   10.00   clock network delay (ideal)
   0.00   10.00   clock reconvergence pessimism
          10.00 v _43845_/CLK (DFFLQNx2_ASAP7_75t_R)
 -16.65   -6.65   library setup time
          -6.65   data required time
---------------------------------------------------------
          -6.65   data required time
        -168.39   data arrival time
---------------------------------------------------------
        -175.04   slack (VIOLATED)


Startpoint: _43847_ (falling edge-triggered flip-flop clocked by clk')
Endpoint: _43847_ (falling edge-triggered flip-flop clocked by clk')
Path Group: clk
Path Type: max

  Delay    Time   Description
---------------------------------------------------------
   0.00    0.00   clock clk' (fall edge)
   0.00    0.00   clock network delay (ideal)
   0.00    0.00 v _43847_/CLK (DFFLQNx2_ASAP7_75t_R)
  86.37   86.37 ^ _43847_/QN (DFFLQNx2_ASAP7_75t_R)
  19.53  105.90 v _43546_/Y (NOR2x1_ASAP7_75t_R)
  34.65  140.55 v _43547_/Y (AO21x1_ASAP7_75t_R)
  27.84  168.39 v hold3950/Y (BUFx2_ASAP7_75t_R)
   0.00  168.39 v _43847_/D (DFFLQNx2_ASAP7_75t_R)
         168.39   data arrival time

  10.00   10.00   clock clk' (fall edge)
   0.00   10.00   clock network delay (ideal)
   0.00   10.00   clock reconvergence pessimism
          10.00 v _43847_/CLK (DFFLQNx2_ASAP7_75t_R)
 -16.65   -6.65   library setup time
          -6.65   data required time
---------------------------------------------------------
          -6.65   data required time
        -168.39   data arrival time
---------------------------------------------------------
        -175.04   slack (VIOLATED)


Startpoint: _43921_ (falling edge-triggered flip-flop clocked by clk')
Endpoint: _43921_ (falling edge-triggered flip-flop clocked by clk')
Path Group: clk
Path Type: max

  Delay    Time   Description
---------------------------------------------------------
   0.00    0.00   clock clk' (fall edge)
   0.00    0.00   clock network delay (ideal)
   0.00    0.00 v _43921_/CLK (DFFLQNx2_ASAP7_75t_R)
  86.16   86.16 ^ _43921_/QN (DFFLQNx2_ASAP7_75t_R)
  19.48  105.64 v _43710_/Y (NOR2x1_ASAP7_75t_R)
  34.79  140.43 v _43711_/Y (AO21x1_ASAP7_75t_R)
  27.87  168.30 v hold3865/Y (BUFx2_ASAP7_75t_R)
   0.00  168.30 v _43921_/D (DFFLQNx2_ASAP7_75t_R)
         168.30   data arrival time

  10.00   10.00   clock clk' (fall edge)
   0.00   10.00   clock network delay (ideal)
   0.00   10.00   clock reconvergence pessimism
          10.00 v _43921_/CLK (DFFLQNx2_ASAP7_75t_R)
 -16.65   -6.65   library setup time
          -6.65   data required time
---------------------------------------------------------
          -6.65   data required time
        -168.30   data arrival time
---------------------------------------------------------
        -174.95   slack (VIOLATED)


Startpoint: _43922_ (falling edge-triggered flip-flop clocked by clk')
Endpoint: _43922_ (falling edge-triggered flip-flop clocked by clk')
Path Group: clk
Path Type: max

  Delay    Time   Description
---------------------------------------------------------
   0.00    0.00   clock clk' (fall edge)
   0.00    0.00   clock network delay (ideal)
   0.00    0.00 v _43922_/CLK (DFFLQNx2_ASAP7_75t_R)
  86.16   86.16 ^ _43922_/QN (DFFLQNx2_ASAP7_75t_R)
  19.48  105.64 v _43712_/Y (NOR2x1_ASAP7_75t_R)
  34.79  140.43 v _43713_/Y (AO21x1_ASAP7_75t_R)
  27.87  168.30 v hold3859/Y (BUFx2_ASAP7_75t_R)
   0.00  168.30 v _43922_/D (DFFLQNx2_ASAP7_75t_R)
         168.30   data arrival time

  10.00   10.00   clock clk' (fall edge)
   0.00   10.00   clock network delay (ideal)
   0.00   10.00   clock reconvergence pessimism
          10.00 v _43922_/CLK (DFFLQNx2_ASAP7_75t_R)
 -16.65   -6.65   library setup time
          -6.65   data required time
---------------------------------------------------------
          -6.65   data required time
        -168.30   data arrival time
---------------------------------------------------------
        -174.95   slack (VIOLATED)


Startpoint: _43933_ (falling edge-triggered flip-flop clocked by clk')
Endpoint: _43933_ (falling edge-triggered flip-flop clocked by clk')
Path Group: clk
Path Type: max

  Delay    Time   Description
---------------------------------------------------------
   0.00    0.00   clock clk' (fall edge)
   0.00    0.00   clock network delay (ideal)
   0.00    0.00 v _43933_/CLK (DFFLQNx2_ASAP7_75t_R)
  86.16   86.16 ^ _43933_/QN (DFFLQNx2_ASAP7_75t_R)
  19.48  105.64 v _43736_/Y (NOR2x1_ASAP7_75t_R)
  34.79  140.43 v _43737_/Y (AO21x1_ASAP7_75t_R)
  27.87  168.30 v hold3895/Y (BUFx2_ASAP7_75t_R)
   0.00  168.30 v _43933_/D (DFFLQNx2_ASAP7_75t_R)
         168.30   data arrival time

  10.00   10.00   clock clk' (fall edge)
   0.00   10.00   clock network delay (ideal)
   0.00   10.00   clock reconvergence pessimism
          10.00 v _43933_/CLK (DFFLQNx2_ASAP7_75t_R)
 -16.65   -6.65   library setup time
          -6.65   data required time
---------------------------------------------------------
          -6.65   data required time
        -168.30   data arrival time
---------------------------------------------------------
        -174.95   slack (VIOLATED)


Startpoint: _43934_ (falling edge-triggered flip-flop clocked by clk')
Endpoint: _43934_ (falling edge-triggered flip-flop clocked by clk')
Path Group: clk
Path Type: max

  Delay    Time   Description
---------------------------------------------------------
   0.00    0.00   clock clk' (fall edge)
   0.00    0.00   clock network delay (ideal)
   0.00    0.00 v _43934_/CLK (DFFLQNx2_ASAP7_75t_R)
  86.16   86.16 ^ _43934_/QN (DFFLQNx2_ASAP7_75t_R)
  19.48  105.64 v _43738_/Y (NOR2x1_ASAP7_75t_R)
  34.79  140.43 v _43739_/Y (AO21x1_ASAP7_75t_R)
  27.87  168.30 v hold3931/Y (BUFx2_ASAP7_75t_R)
   0.00  168.30 v _43934_/D (DFFLQNx2_ASAP7_75t_R)
         168.30   data arrival time

  10.00   10.00   clock clk' (fall edge)
   0.00   10.00   clock network delay (ideal)
   0.00   10.00   clock reconvergence pessimism
          10.00 v _43934_/CLK (DFFLQNx2_ASAP7_75t_R)
 -16.65   -6.65   library setup time
          -6.65   data required time
---------------------------------------------------------
          -6.65   data required time
        -168.30   data arrival time
---------------------------------------------------------
        -174.95   slack (VIOLATED)


Startpoint: _43842_ (falling edge-triggered flip-flop clocked by clk')
Endpoint: _43842_ (falling edge-triggered flip-flop clocked by clk')
Path Group: clk
Path Type: max

  Delay    Time   Description
---------------------------------------------------------
   0.00    0.00   clock clk' (fall edge)
   0.00    0.00   clock network delay (ideal)
   0.00    0.00 v _43842_/CLK (DFFLQNx2_ASAP7_75t_R)
  86.16   86.16 ^ _43842_/QN (DFFLQNx2_ASAP7_75t_R)
  19.48  105.64 v _43536_/Y (NOR2x1_ASAP7_75t_R)
  34.65  140.30 v _43537_/Y (AO21x1_ASAP7_75t_R)
  27.84  168.13 v hold3669/Y (BUFx2_ASAP7_75t_R)
   0.00  168.13 v _43842_/D (DFFLQNx2_ASAP7_75t_R)
         168.13   data arrival time

  10.00   10.00   clock clk' (fall edge)
   0.00   10.00   clock network delay (ideal)
   0.00   10.00   clock reconvergence pessimism
          10.00 v _43842_/CLK (DFFLQNx2_ASAP7_75t_R)
 -16.65   -6.65   library setup time
          -6.65   data required time
---------------------------------------------------------
          -6.65   data required time
        -168.13   data arrival time
---------------------------------------------------------
        -174.78   slack (VIOLATED)


Startpoint: _43844_ (falling edge-triggered flip-flop clocked by clk')
Endpoint: _43844_ (falling edge-triggered flip-flop clocked by clk')
Path Group: clk
Path Type: max

  Delay    Time   Description
---------------------------------------------------------
   0.00    0.00   clock clk' (fall edge)
   0.00    0.00   clock network delay (ideal)
   0.00    0.00 v _43844_/CLK (DFFLQNx2_ASAP7_75t_R)
  86.16   86.16 ^ _43844_/QN (DFFLQNx2_ASAP7_75t_R)
  19.48  105.64 v _43540_/Y (NOR2x1_ASAP7_75t_R)
  34.65  140.30 v _43541_/Y (AO21x1_ASAP7_75t_R)
  27.84  168.13 v hold3724/Y (BUFx2_ASAP7_75t_R)
   0.00  168.13 v _43844_/D (DFFLQNx2_ASAP7_75t_R)
         168.13   data arrival time

  10.00   10.00   clock clk' (fall edge)
   0.00   10.00   clock network delay (ideal)
   0.00   10.00   clock reconvergence pessimism
          10.00 v _43844_/CLK (DFFLQNx2_ASAP7_75t_R)
 -16.65   -6.65   library setup time
          -6.65   data required time
---------------------------------------------------------
          -6.65   data required time
        -168.13   data arrival time
---------------------------------------------------------
        -174.78   slack (VIOLATED)


Startpoint: _43851_ (falling edge-triggered flip-flop clocked by clk')
Endpoint: _43851_ (falling edge-triggered flip-flop clocked by clk')
Path Group: clk
Path Type: max

  Delay    Time   Description
---------------------------------------------------------
   0.00    0.00   clock clk' (fall edge)
   0.00    0.00   clock network delay (ideal)
   0.00    0.00 v _43851_/CLK (DFFLQNx2_ASAP7_75t_R)
  86.16   86.16 ^ _43851_/QN (DFFLQNx2_ASAP7_75t_R)
  19.48  105.64 v _43556_/Y (NOR2x1_ASAP7_75t_R)
  34.65  140.30 v _43557_/Y (AO21x1_ASAP7_75t_R)
  27.84  168.13 v hold3814/Y (BUFx2_ASAP7_75t_R)
   0.00  168.13 v _43851_/D (DFFLQNx2_ASAP7_75t_R)
         168.13   data arrival time

  10.00   10.00   clock clk' (fall edge)
   0.00   10.00   clock network delay (ideal)
   0.00   10.00   clock reconvergence pessimism
          10.00 v _43851_/CLK (DFFLQNx2_ASAP7_75t_R)
 -16.65   -6.65   library setup time
          -6.65   data required time
---------------------------------------------------------
          -6.65   data required time
        -168.13   data arrival time
---------------------------------------------------------
        -174.78   slack (VIOLATED)


Startpoint: _43841_ (falling edge-triggered flip-flop clocked by clk')
Endpoint: _43841_ (falling edge-triggered flip-flop clocked by clk')
Path Group: clk
Path Type: max

  Delay    Time   Description
---------------------------------------------------------
   0.00    0.00   clock clk' (fall edge)
   0.00    0.00   clock network delay (ideal)
   0.00    0.00 v _43841_/CLK (DFFLQNx2_ASAP7_75t_R)
  86.37   86.37 ^ _43841_/QN (DFFLQNx2_ASAP7_75t_R)
  19.53  105.90 v _43534_/Y (NOR2x1_ASAP7_75t_R)
  33.41  139.31 v _43535_/Y (AO21x1_ASAP7_75t_R)
  27.64  166.95 v hold3715/Y (BUFx2_ASAP7_75t_R)
   0.00  166.95 v _43841_/D (DFFLQNx2_ASAP7_75t_R)
         166.95   data arrival time

  10.00   10.00   clock clk' (fall edge)
   0.00   10.00   clock network delay (ideal)
   0.00   10.00   clock reconvergence pessimism
          10.00 v _43841_/CLK (DFFLQNx2_ASAP7_75t_R)
 -16.65   -6.65   library setup time
          -6.65   data required time
---------------------------------------------------------
          -6.65   data required time
        -166.95   data arrival time
---------------------------------------------------------
        -173.60   slack (VIOLATED)


Startpoint: _43857_ (falling edge-triggered flip-flop clocked by clk')
Endpoint: _43857_ (falling edge-triggered flip-flop clocked by clk')
Path Group: clk
Path Type: max

  Delay    Time   Description
---------------------------------------------------------
   0.00    0.00   clock clk' (fall edge)
   0.00    0.00   clock network delay (ideal)
   0.00    0.00 v _43857_/CLK (DFFLQNx2_ASAP7_75t_R)
  86.37   86.37 ^ _43857_/QN (DFFLQNx2_ASAP7_75t_R)
  19.53  105.90 v _43568_/Y (NOR2x1_ASAP7_75t_R)
  33.41  139.31 v _43569_/Y (AO21x1_ASAP7_75t_R)
  27.64  166.95 v hold3968/Y (BUFx2_ASAP7_75t_R)
   0.00  166.95 v _43857_/D (DFFLQNx2_ASAP7_75t_R)
         166.95   data arrival time

  10.00   10.00   clock clk' (fall edge)
   0.00   10.00   clock network delay (ideal)
   0.00   10.00   clock reconvergence pessimism
          10.00 v _43857_/CLK (DFFLQNx2_ASAP7_75t_R)
 -16.65   -6.65   library setup time
          -6.65   data required time
---------------------------------------------------------
          -6.65   data required time
        -166.95   data arrival time
---------------------------------------------------------
        -173.60   slack (VIOLATED)


Startpoint: _43937_ (falling edge-triggered flip-flop clocked by clk')
Endpoint: _43937_ (falling edge-triggered flip-flop clocked by clk')
Path Group: clk
Path Type: max

  Delay    Time   Description
---------------------------------------------------------
   0.00    0.00   clock clk' (fall edge)
   0.00    0.00   clock network delay (ideal)
   0.00    0.00 v _43937_/CLK (DFFLQNx2_ASAP7_75t_R)
  86.37   86.37 ^ _43937_/QN (DFFLQNx2_ASAP7_75t_R)
  19.53  105.90 v _43744_/Y (NOR2x1_ASAP7_75t_R)
  33.41  139.31 v _43745_/Y (AO21x1_ASAP7_75t_R)
  27.64  166.95 v hold4021/Y (BUFx2_ASAP7_75t_R)
   0.00  166.95 v _43937_/D (DFFLQNx2_ASAP7_75t_R)
         166.95   data arrival time

  10.00   10.00   clock clk' (fall edge)
   0.00   10.00   clock network delay (ideal)
   0.00   10.00   clock reconvergence pessimism
          10.00 v _43937_/CLK (DFFLQNx2_ASAP7_75t_R)
 -16.65   -6.65   library setup time
          -6.65   data required time
---------------------------------------------------------
          -6.65   data required time
        -166.95   data arrival time
---------------------------------------------------------
        -173.60   slack (VIOLATED)


Startpoint: _43940_ (falling edge-triggered flip-flop clocked by clk')
Endpoint: _43940_ (falling edge-triggered flip-flop clocked by clk')
Path Group: clk
Path Type: max

  Delay    Time   Description
---------------------------------------------------------
   0.00    0.00   clock clk' (fall edge)
   0.00    0.00   clock network delay (ideal)
   0.00    0.00 v _43940_/CLK (DFFLQNx2_ASAP7_75t_R)
  86.37   86.37 ^ _43940_/QN (DFFLQNx2_ASAP7_75t_R)
  19.53  105.90 v _43751_/Y (NOR2x1_ASAP7_75t_R)
  33.41  139.31 v _43752_/Y (AO21x1_ASAP7_75t_R)
  27.64  166.95 v hold3997/Y (BUFx2_ASAP7_75t_R)
   0.00  166.95 v _43940_/D (DFFLQNx2_ASAP7_75t_R)
         166.95   data arrival time

  10.00   10.00   clock clk' (fall edge)
   0.00   10.00   clock network delay (ideal)
   0.00   10.00   clock reconvergence pessimism
          10.00 v _43940_/CLK (DFFLQNx2_ASAP7_75t_R)
 -16.65   -6.65   library setup time
          -6.65   data required time
---------------------------------------------------------
          -6.65   data required time
        -166.95   data arrival time
---------------------------------------------------------
        -173.60   slack (VIOLATED)


Startpoint: _43858_ (falling edge-triggered flip-flop clocked by clk')
Endpoint: _43858_ (falling edge-triggered flip-flop clocked by clk')
Path Group: clk
Path Type: max

  Delay    Time   Description
---------------------------------------------------------
   0.00    0.00   clock clk' (fall edge)
   0.00    0.00   clock network delay (ideal)
   0.00    0.00 v _43858_/CLK (DFFLQNx2_ASAP7_75t_R)
  86.16   86.16 ^ _43858_/QN (DFFLQNx2_ASAP7_75t_R)
  19.48  105.64 v _43571_/Y (NOR2x1_ASAP7_75t_R)
  33.41  139.05 v _43572_/Y (AO21x1_ASAP7_75t_R)
  27.64  166.69 v hold3965/Y (BUFx2_ASAP7_75t_R)
   0.00  166.69 v _43858_/D (DFFLQNx2_ASAP7_75t_R)
         166.69   data arrival time

  10.00   10.00   clock clk' (fall edge)
   0.00   10.00   clock network delay (ideal)
   0.00   10.00   clock reconvergence pessimism
          10.00 v _43858_/CLK (DFFLQNx2_ASAP7_75t_R)
 -16.65   -6.65   library setup time
          -6.65   data required time
---------------------------------------------------------
          -6.65   data required time
        -166.69   data arrival time
---------------------------------------------------------
        -173.34   slack (VIOLATED)


Startpoint: _43905_ (falling edge-triggered flip-flop clocked by clk')
Endpoint: _43905_ (falling edge-triggered flip-flop clocked by clk')
Path Group: clk
Path Type: max

  Delay    Time   Description
---------------------------------------------------------
   0.00    0.00   clock clk' (fall edge)
   0.00    0.00   clock network delay (ideal)
   0.00    0.00 v _43905_/CLK (DFFLQNx2_ASAP7_75t_R)
  86.16   86.16 ^ _43905_/QN (DFFLQNx2_ASAP7_75t_R)
  19.48  105.64 v _43674_/Y (NOR2x1_ASAP7_75t_R)
  33.17  138.81 v _43675_/Y (AO21x1_ASAP7_75t_R)
  27.62  166.43 v hold3712/Y (BUFx2_ASAP7_75t_R)
   0.00  166.43 v _43905_/D (DFFLQNx2_ASAP7_75t_R)
         166.43   data arrival time

  10.00   10.00   clock clk' (fall edge)
   0.00   10.00   clock network delay (ideal)
   0.00   10.00   clock reconvergence pessimism
          10.00 v _43905_/CLK (DFFLQNx2_ASAP7_75t_R)
 -16.65   -6.65   library setup time
          -6.65   data required time
---------------------------------------------------------
          -6.65   data required time
        -166.43   data arrival time
---------------------------------------------------------
        -173.08   slack (VIOLATED)


Startpoint: _43874_ (falling edge-triggered flip-flop clocked by clk')
Endpoint: _43874_ (falling edge-triggered flip-flop clocked by clk')
Path Group: clk
Path Type: max

  Delay    Time   Description
---------------------------------------------------------
   0.00    0.00   clock clk' (fall edge)
   0.00    0.00   clock network delay (ideal)
   0.00    0.00 v _43874_/CLK (DFFLQNx2_ASAP7_75t_R)
  83.32   83.32 ^ _43874_/QN (DFFLQNx2_ASAP7_75t_R)
  18.70  102.02 v _43606_/Y (NOR2x1_ASAP7_75t_R)
  35.34  137.36 v _43607_/Y (AO21x1_ASAP7_75t_R)
  27.98  165.34 v hold3766/Y (BUFx2_ASAP7_75t_R)
   0.00  165.34 v _43874_/D (DFFLQNx2_ASAP7_75t_R)
         165.34   data arrival time

  10.00   10.00   clock clk' (fall edge)
   0.00   10.00   clock network delay (ideal)
   0.00   10.00   clock reconvergence pessimism
          10.00 v _43874_/CLK (DFFLQNx2_ASAP7_75t_R)
 -16.65   -6.65   library setup time
          -6.65   data required time
---------------------------------------------------------
          -6.65   data required time
        -165.34   data arrival time
---------------------------------------------------------
        -171.99   slack (VIOLATED)


Startpoint: _43885_ (falling edge-triggered flip-flop clocked by clk')
Endpoint: _43885_ (falling edge-triggered flip-flop clocked by clk')
Path Group: clk
Path Type: max

  Delay    Time   Description
---------------------------------------------------------
   0.00    0.00   clock clk' (fall edge)
   0.00    0.00   clock network delay (ideal)
   0.00    0.00 v _43885_/CLK (DFFLQNx2_ASAP7_75t_R)
  83.32   83.32 ^ _43885_/QN (DFFLQNx2_ASAP7_75t_R)
  18.70  102.02 v _43630_/Y (NOR2x1_ASAP7_75t_R)
  35.34  137.36 v _43631_/Y (AO21x1_ASAP7_75t_R)
  27.98  165.34 v hold3778/Y (BUFx2_ASAP7_75t_R)
   0.00  165.34 v _43885_/D (DFFLQNx2_ASAP7_75t_R)
         165.34   data arrival time

  10.00   10.00   clock clk' (fall edge)
   0.00   10.00   clock network delay (ideal)
   0.00   10.00   clock reconvergence pessimism
          10.00 v _43885_/CLK (DFFLQNx2_ASAP7_75t_R)
 -16.65   -6.65   library setup time
          -6.65   data required time
---------------------------------------------------------
          -6.65   data required time
        -165.34   data arrival time
---------------------------------------------------------
        -171.99   slack (VIOLATED)


Startpoint: _43887_ (falling edge-triggered flip-flop clocked by clk')
Endpoint: _43887_ (falling edge-triggered flip-flop clocked by clk')
Path Group: clk
Path Type: max

  Delay    Time   Description
---------------------------------------------------------
   0.00    0.00   clock clk' (fall edge)
   0.00    0.00   clock network delay (ideal)
   0.00    0.00 v _43887_/CLK (DFFLQNx2_ASAP7_75t_R)
  83.32   83.32 ^ _43887_/QN (DFFLQNx2_ASAP7_75t_R)
  18.70  102.02 v _43634_/Y (NOR2x1_ASAP7_75t_R)
  35.34  137.36 v _43635_/Y (AO21x1_ASAP7_75t_R)
  27.98  165.34 v hold3802/Y (BUFx2_ASAP7_75t_R)
   0.00  165.34 v _43887_/D (DFFLQNx2_ASAP7_75t_R)
         165.34   data arrival time

  10.00   10.00   clock clk' (fall edge)
   0.00   10.00   clock network delay (ideal)
   0.00   10.00   clock reconvergence pessimism
          10.00 v _43887_/CLK (DFFLQNx2_ASAP7_75t_R)
 -16.65   -6.65   library setup time
          -6.65   data required time
---------------------------------------------------------
          -6.65   data required time
        -165.34   data arrival time
---------------------------------------------------------
        -171.99   slack (VIOLATED)


Startpoint: _43890_ (falling edge-triggered flip-flop clocked by clk')
Endpoint: _43890_ (falling edge-triggered flip-flop clocked by clk')
Path Group: clk
Path Type: max

  Delay    Time   Description
---------------------------------------------------------
   0.00    0.00   clock clk' (fall edge)
   0.00    0.00   clock network delay (ideal)
   0.00    0.00 v _43890_/CLK (DFFLQNx2_ASAP7_75t_R)
  83.32   83.32 ^ _43890_/QN (DFFLQNx2_ASAP7_75t_R)
  18.70  102.02 v _43641_/Y (NOR2x1_ASAP7_75t_R)
  35.34  137.36 v _43642_/Y (AO21x1_ASAP7_75t_R)
  27.98  165.34 v hold3690/Y (BUFx2_ASAP7_75t_R)
   0.00  165.34 v _43890_/D (DFFLQNx2_ASAP7_75t_R)
         165.34   data arrival time

  10.00   10.00   clock clk' (fall edge)
   0.00   10.00   clock network delay (ideal)
   0.00   10.00   clock reconvergence pessimism
          10.00 v _43890_/CLK (DFFLQNx2_ASAP7_75t_R)
 -16.65   -6.65   library setup time
          -6.65   data required time
---------------------------------------------------------
          -6.65   data required time
        -165.34   data arrival time
---------------------------------------------------------
        -171.99   slack (VIOLATED)


Startpoint: _43892_ (falling edge-triggered flip-flop clocked by clk')
Endpoint: _43892_ (falling edge-triggered flip-flop clocked by clk')
Path Group: clk
Path Type: max

  Delay    Time   Description
---------------------------------------------------------
   0.00    0.00   clock clk' (fall edge)
   0.00    0.00   clock network delay (ideal)
   0.00    0.00 v _43892_/CLK (DFFLQNx2_ASAP7_75t_R)
  83.32   83.32 ^ _43892_/QN (DFFLQNx2_ASAP7_75t_R)
  18.70  102.02 v _43646_/Y (NOR2x1_ASAP7_75t_R)
  35.34  137.36 v _43647_/Y (AO21x1_ASAP7_75t_R)
  27.98  165.34 v hold3817/Y (BUFx2_ASAP7_75t_R)
   0.00  165.34 v _43892_/D (DFFLQNx2_ASAP7_75t_R)
         165.34   data arrival time

  10.00   10.00   clock clk' (fall edge)
   0.00   10.00   clock network delay (ideal)
   0.00   10.00   clock reconvergence pessimism
          10.00 v _43892_/CLK (DFFLQNx2_ASAP7_75t_R)
 -16.65   -6.65   library setup time
          -6.65   data required time
---------------------------------------------------------
          -6.65   data required time
        -165.34   data arrival time
---------------------------------------------------------
        -171.99   slack (VIOLATED)


Startpoint: _43901_ (falling edge-triggered flip-flop clocked by clk')
Endpoint: _43901_ (falling edge-triggered flip-flop clocked by clk')
Path Group: clk
Path Type: max

  Delay    Time   Description
---------------------------------------------------------
   0.00    0.00   clock clk' (fall edge)
   0.00    0.00   clock network delay (ideal)
   0.00    0.00 v _43901_/CLK (DFFLQNx2_ASAP7_75t_R)
  83.32   83.32 ^ _43901_/QN (DFFLQNx2_ASAP7_75t_R)
  18.70  102.02 v _43666_/Y (NOR2x1_ASAP7_75t_R)
  35.34  137.36 v _43667_/Y (AO21x1_ASAP7_75t_R)
  27.98  165.34 v hold3739/Y (BUFx2_ASAP7_75t_R)
   0.00  165.34 v _43901_/D (DFFLQNx2_ASAP7_75t_R)
         165.34   data arrival time

  10.00   10.00   clock clk' (fall edge)
   0.00   10.00   clock network delay (ideal)
   0.00   10.00   clock reconvergence pessimism
          10.00 v _43901_/CLK (DFFLQNx2_ASAP7_75t_R)
 -16.65   -6.65   library setup time
          -6.65   data required time
---------------------------------------------------------
          -6.65   data required time
        -165.34   data arrival time
---------------------------------------------------------
        -171.99   slack (VIOLATED)


Startpoint: _43903_ (falling edge-triggered flip-flop clocked by clk')
Endpoint: _43903_ (falling edge-triggered flip-flop clocked by clk')
Path Group: clk
Path Type: max

  Delay    Time   Description
---------------------------------------------------------
   0.00    0.00   clock clk' (fall edge)
   0.00    0.00   clock network delay (ideal)
   0.00    0.00 v _43903_/CLK (DFFLQNx2_ASAP7_75t_R)
  83.32   83.32 ^ _43903_/QN (DFFLQNx2_ASAP7_75t_R)
  18.70  102.02 v _43670_/Y (NOR2x1_ASAP7_75t_R)
  35.34  137.36 v _43671_/Y (AO21x1_ASAP7_75t_R)
  27.98  165.34 v hold3742/Y (BUFx2_ASAP7_75t_R)
   0.00  165.34 v _43903_/D (DFFLQNx2_ASAP7_75t_R)
         165.34   data arrival time

  10.00   10.00   clock clk' (fall edge)
   0.00   10.00   clock network delay (ideal)
   0.00   10.00   clock reconvergence pessimism
          10.00 v _43903_/CLK (DFFLQNx2_ASAP7_75t_R)
 -16.65   -6.65   library setup time
          -6.65   data required time
---------------------------------------------------------
          -6.65   data required time
        -165.34   data arrival time
---------------------------------------------------------
        -171.99   slack (VIOLATED)


Startpoint: _43909_ (falling edge-triggered flip-flop clocked by clk')
Endpoint: _43909_ (falling edge-triggered flip-flop clocked by clk')
Path Group: clk
Path Type: max

  Delay    Time   Description
---------------------------------------------------------
   0.00    0.00   clock clk' (fall edge)
   0.00    0.00   clock network delay (ideal)
   0.00    0.00 v _43909_/CLK (DFFLQNx2_ASAP7_75t_R)
  83.32   83.32 ^ _43909_/QN (DFFLQNx2_ASAP7_75t_R)
  18.70  102.02 v _43683_/Y (NOR2x1_ASAP7_75t_R)
  35.34  137.36 v _43684_/Y (AO21x1_ASAP7_75t_R)
  27.98  165.34 v hold3775/Y (BUFx2_ASAP7_75t_R)
   0.00  165.34 v _43909_/D (DFFLQNx2_ASAP7_75t_R)
         165.34   data arrival time

  10.00   10.00   clock clk' (fall edge)
   0.00   10.00   clock network delay (ideal)
   0.00   10.00   clock reconvergence pessimism
          10.00 v _43909_/CLK (DFFLQNx2_ASAP7_75t_R)
 -16.65   -6.65   library setup time
          -6.65   data required time
---------------------------------------------------------
          -6.65   data required time
        -165.34   data arrival time
---------------------------------------------------------
        -171.99   slack (VIOLATED)


Startpoint: _43928_ (falling edge-triggered flip-flop clocked by clk')
Endpoint: _43928_ (falling edge-triggered flip-flop clocked by clk')
Path Group: clk
Path Type: max

  Delay    Time   Description
---------------------------------------------------------
   0.00    0.00   clock clk' (fall edge)
   0.00    0.00   clock network delay (ideal)
   0.00    0.00 v _43928_/CLK (DFFLQNx2_ASAP7_75t_R)
  83.32   83.32 ^ _43928_/QN (DFFLQNx2_ASAP7_75t_R)
  18.70  102.02 v _43725_/Y (NOR2x1_ASAP7_75t_R)
  35.34  137.36 v _43726_/Y (AO21x1_ASAP7_75t_R)
  27.98  165.34 v hold3687/Y (BUFx2_ASAP7_75t_R)
   0.00  165.34 v _43928_/D (DFFLQNx2_ASAP7_75t_R)
         165.34   data arrival time

  10.00   10.00   clock clk' (fall edge)
   0.00   10.00   clock network delay (ideal)
   0.00   10.00   clock reconvergence pessimism
          10.00 v _43928_/CLK (DFFLQNx2_ASAP7_75t_R)
 -16.65   -6.65   library setup time
          -6.65   data required time
---------------------------------------------------------
          -6.65   data required time
        -165.34   data arrival time
---------------------------------------------------------
        -171.99   slack (VIOLATED)


Startpoint: _43914_ (falling edge-triggered flip-flop clocked by clk')
Endpoint: _43914_ (falling edge-triggered flip-flop clocked by clk')
Path Group: clk
Path Type: max

  Delay    Time   Description
---------------------------------------------------------
   0.00    0.00   clock clk' (fall edge)
   0.00    0.00   clock network delay (ideal)
   0.00    0.00 v _43914_/CLK (DFFLQNx2_ASAP7_75t_R)
  83.13   83.13 ^ _43914_/QN (DFFLQNx2_ASAP7_75t_R)
  18.64  101.77 v _43694_/Y (NOR2x1_ASAP7_75t_R)
  35.34  137.11 v _43695_/Y (AO21x1_ASAP7_75t_R)
  27.98  165.09 v hold3751/Y (BUFx2_ASAP7_75t_R)
   0.00  165.09 v _43914_/D (DFFLQNx2_ASAP7_75t_R)
         165.09   data arrival time

  10.00   10.00   clock clk' (fall edge)
   0.00   10.00   clock network delay (ideal)
   0.00   10.00   clock reconvergence pessimism
          10.00 v _43914_/CLK (DFFLQNx2_ASAP7_75t_R)
 -16.65   -6.65   library setup time
          -6.65   data required time
---------------------------------------------------------
          -6.65   data required time
        -165.09   data arrival time
---------------------------------------------------------
        -171.74   slack (VIOLATED)


Startpoint: _43915_ (falling edge-triggered flip-flop clocked by clk')
Endpoint: _43915_ (falling edge-triggered flip-flop clocked by clk')
Path Group: clk
Path Type: max

  Delay    Time   Description
---------------------------------------------------------
   0.00    0.00   clock clk' (fall edge)
   0.00    0.00   clock network delay (ideal)
   0.00    0.00 v _43915_/CLK (DFFLQNx2_ASAP7_75t_R)
  83.13   83.13 ^ _43915_/QN (DFFLQNx2_ASAP7_75t_R)
  18.64  101.77 v _43696_/Y (NOR2x1_ASAP7_75t_R)
  35.34  137.11 v _43697_/Y (AO21x1_ASAP7_75t_R)
  27.98  165.09 v hold3796/Y (BUFx2_ASAP7_75t_R)
   0.00  165.09 v _43915_/D (DFFLQNx2_ASAP7_75t_R)
         165.09   data arrival time

  10.00   10.00   clock clk' (fall edge)
   0.00   10.00   clock network delay (ideal)
   0.00   10.00   clock reconvergence pessimism
          10.00 v _43915_/CLK (DFFLQNx2_ASAP7_75t_R)
 -16.65   -6.65   library setup time
          -6.65   data required time
---------------------------------------------------------
          -6.65   data required time
        -165.09   data arrival time
---------------------------------------------------------
        -171.74   slack (VIOLATED)


Startpoint: _43859_ (falling edge-triggered flip-flop clocked by clk')
Endpoint: _43859_ (falling edge-triggered flip-flop clocked by clk')
Path Group: clk
Path Type: max

  Delay    Time   Description
---------------------------------------------------------
   0.00    0.00   clock clk' (fall edge)
   0.00    0.00   clock network delay (ideal)
   0.00    0.00 v _43859_/CLK (DFFLQNx2_ASAP7_75t_R)
  83.32   83.32 ^ _43859_/QN (DFFLQNx2_ASAP7_75t_R)
  18.70  102.02 v _43573_/Y (NOR2x1_ASAP7_75t_R)
  34.80  136.82 v _43574_/Y (AO21x1_ASAP7_75t_R)
  27.87  164.69 v hold3675/Y (BUFx2_ASAP7_75t_R)
   0.00  164.69 v _43859_/D (DFFLQNx2_ASAP7_75t_R)
         164.69   data arrival time

  10.00   10.00   clock clk' (fall edge)
   0.00   10.00   clock network delay (ideal)
   0.00   10.00   clock reconvergence pessimism
          10.00 v _43859_/CLK (DFFLQNx2_ASAP7_75t_R)
 -16.65   -6.65   library setup time
          -6.65   data required time
---------------------------------------------------------
          -6.65   data required time
        -164.69   data arrival time
---------------------------------------------------------
        -171.34   slack (VIOLATED)


Startpoint: _43869_ (falling edge-triggered flip-flop clocked by clk')
Endpoint: _43869_ (falling edge-triggered flip-flop clocked by clk')
Path Group: clk
Path Type: max

  Delay    Time   Description
---------------------------------------------------------
   0.00    0.00   clock clk' (fall edge)
   0.00    0.00   clock network delay (ideal)
   0.00    0.00 v _43869_/CLK (DFFLQNx2_ASAP7_75t_R)
  83.32   83.32 ^ _43869_/QN (DFFLQNx2_ASAP7_75t_R)
  18.70  102.02 v _43595_/Y (NOR2x1_ASAP7_75t_R)
  34.80  136.82 v _43596_/Y (AO21x1_ASAP7_75t_R)
  27.87  164.69 v hold3591/Y (BUFx2_ASAP7_75t_R)
   0.00  164.69 v _43869_/D (DFFLQNx2_ASAP7_75t_R)
         164.69   data arrival time

  10.00   10.00   clock clk' (fall edge)
   0.00   10.00   clock network delay (ideal)
   0.00   10.00   clock reconvergence pessimism
          10.00 v _43869_/CLK (DFFLQNx2_ASAP7_75t_R)
 -16.65   -6.65   library setup time
          -6.65   data required time
---------------------------------------------------------
          -6.65   data required time
        -164.69   data arrival time
---------------------------------------------------------
        -171.34   slack (VIOLATED)


Startpoint: _43871_ (falling edge-triggered flip-flop clocked by clk')
Endpoint: _43871_ (falling edge-triggered flip-flop clocked by clk')
Path Group: clk
Path Type: max

  Delay    Time   Description
---------------------------------------------------------
   0.00    0.00   clock clk' (fall edge)
   0.00    0.00   clock network delay (ideal)
   0.00    0.00 v _43871_/CLK (DFFLQNx2_ASAP7_75t_R)
  83.32   83.32 ^ _43871_/QN (DFFLQNx2_ASAP7_75t_R)
  18.70  102.02 v _43600_/Y (NOR2x1_ASAP7_75t_R)
  34.80  136.82 v _43601_/Y (AO21x1_ASAP7_75t_R)
  27.87  164.69 v hold3603/Y (BUFx2_ASAP7_75t_R)
   0.00  164.69 v _43871_/D (DFFLQNx2_ASAP7_75t_R)
         164.69   data arrival time

  10.00   10.00   clock clk' (fall edge)
   0.00   10.00   clock network delay (ideal)
   0.00   10.00   clock reconvergence pessimism
          10.00 v _43871_/CLK (DFFLQNx2_ASAP7_75t_R)
 -16.65   -6.65   library setup time
          -6.65   data required time
---------------------------------------------------------
          -6.65   data required time
        -164.69   data arrival time
---------------------------------------------------------
        -171.34   slack (VIOLATED)


Startpoint: _43877_ (falling edge-triggered flip-flop clocked by clk')
Endpoint: _43877_ (falling edge-triggered flip-flop clocked by clk')
Path Group: clk
Path Type: max

  Delay    Time   Description
---------------------------------------------------------
   0.00    0.00   clock clk' (fall edge)
   0.00    0.00   clock network delay (ideal)
   0.00    0.00 v _43877_/CLK (DFFLQNx2_ASAP7_75t_R)
  83.32   83.32 ^ _43877_/QN (DFFLQNx2_ASAP7_75t_R)
  18.70  102.02 v _43612_/Y (NOR2x1_ASAP7_75t_R)
  34.80  136.82 v _43613_/Y (AO21x1_ASAP7_75t_R)
  27.87  164.69 v hold3612/Y (BUFx2_ASAP7_75t_R)
   0.00  164.69 v _43877_/D (DFFLQNx2_ASAP7_75t_R)
         164.69   data arrival time

  10.00   10.00   clock clk' (fall edge)
   0.00   10.00   clock network delay (ideal)
   0.00   10.00   clock reconvergence pessimism
          10.00 v _43877_/CLK (DFFLQNx2_ASAP7_75t_R)
 -16.65   -6.65   library setup time
          -6.65   data required time
---------------------------------------------------------
          -6.65   data required time
        -164.69   data arrival time
---------------------------------------------------------
        -171.34   slack (VIOLATED)


Startpoint: _43878_ (falling edge-triggered flip-flop clocked by clk')
Endpoint: _43878_ (falling edge-triggered flip-flop clocked by clk')
Path Group: clk
Path Type: max

  Delay    Time   Description
---------------------------------------------------------
   0.00    0.00   clock clk' (fall edge)
   0.00    0.00   clock network delay (ideal)
   0.00    0.00 v _43878_/CLK (DFFLQNx2_ASAP7_75t_R)
  83.32   83.32 ^ _43878_/QN (DFFLQNx2_ASAP7_75t_R)
  18.70  102.02 v _43615_/Y (NOR2x1_ASAP7_75t_R)
  34.80  136.82 v _43616_/Y (AO21x1_ASAP7_75t_R)
  27.87  164.69 v hold3615/Y (BUFx2_ASAP7_75t_R)
   0.00  164.69 v _43878_/D (DFFLQNx2_ASAP7_75t_R)
         164.69   data arrival time

  10.00   10.00   clock clk' (fall edge)
   0.00   10.00   clock network delay (ideal)
   0.00   10.00   clock reconvergence pessimism
          10.00 v _43878_/CLK (DFFLQNx2_ASAP7_75t_R)
 -16.65   -6.65   library setup time
          -6.65   data required time
---------------------------------------------------------
          -6.65   data required time
        -164.69   data arrival time
---------------------------------------------------------
        -171.34   slack (VIOLATED)


Startpoint: _43883_ (falling edge-triggered flip-flop clocked by clk')
Endpoint: _43883_ (falling edge-triggered flip-flop clocked by clk')
Path Group: clk
Path Type: max

  Delay    Time   Description
---------------------------------------------------------
   0.00    0.00   clock clk' (fall edge)
   0.00    0.00   clock network delay (ideal)
   0.00    0.00 v _43883_/CLK (DFFLQNx2_ASAP7_75t_R)
  83.32   83.32 ^ _43883_/QN (DFFLQNx2_ASAP7_75t_R)
  18.70  102.02 v _43626_/Y (NOR2x1_ASAP7_75t_R)
  34.80  136.82 v _43627_/Y (AO21x1_ASAP7_75t_R)
  27.87  164.69 v hold3636/Y (BUFx2_ASAP7_75t_R)
   0.00  164.69 v _43883_/D (DFFLQNx2_ASAP7_75t_R)
         164.69   data arrival time

  10.00   10.00   clock clk' (fall edge)
   0.00   10.00   clock network delay (ideal)
   0.00   10.00   clock reconvergence pessimism
          10.00 v _43883_/CLK (DFFLQNx2_ASAP7_75t_R)
 -16.65   -6.65   library setup time
          -6.65   data required time
---------------------------------------------------------
          -6.65   data required time
        -164.69   data arrival time
---------------------------------------------------------
        -171.34   slack (VIOLATED)


Startpoint: _43867_ (falling edge-triggered flip-flop clocked by clk')
Endpoint: _43867_ (falling edge-triggered flip-flop clocked by clk')
Path Group: clk
Path Type: max

  Delay    Time   Description
---------------------------------------------------------
   0.00    0.00   clock clk' (fall edge)
   0.00    0.00   clock network delay (ideal)
   0.00    0.00 v _43867_/CLK (DFFLQNx2_ASAP7_75t_R)
  83.32   83.32 ^ _43867_/QN (DFFLQNx2_ASAP7_75t_R)
  18.70  102.02 v _43590_/Y (NOR2x1_ASAP7_75t_R)
  34.79  136.81 v _43591_/Y (AO21x1_ASAP7_75t_R)
  27.87  164.68 v hold3594/Y (BUFx2_ASAP7_75t_R)
   0.00  164.68 v _43867_/D (DFFLQNx2_ASAP7_75t_R)
         164.68   data arrival time

  10.00   10.00   clock clk' (fall edge)
   0.00   10.00   clock network delay (ideal)
   0.00   10.00   clock reconvergence pessimism
          10.00 v _43867_/CLK (DFFLQNx2_ASAP7_75t_R)
 -16.65   -6.65   library setup time
          -6.65   data required time
---------------------------------------------------------
          -6.65   data required time
        -164.68   data arrival time
---------------------------------------------------------
        -171.33   slack (VIOLATED)


Startpoint: _43936_ (falling edge-triggered flip-flop clocked by clk')
Endpoint: _43936_ (falling edge-triggered flip-flop clocked by clk')
Path Group: clk
Path Type: max

  Delay    Time   Description
---------------------------------------------------------
   0.00    0.00   clock clk' (fall edge)
   0.00    0.00   clock network delay (ideal)
   0.00    0.00 v _43936_/CLK (DFFLQNx2_ASAP7_75t_R)
  83.32   83.32 ^ _43936_/QN (DFFLQNx2_ASAP7_75t_R)
  18.70  102.02 v _43742_/Y (NOR2x1_ASAP7_75t_R)
  34.79  136.81 v _43743_/Y (AO21x1_ASAP7_75t_R)
  27.87  164.68 v hold3862/Y (BUFx2_ASAP7_75t_R)
   0.00  164.68 v _43936_/D (DFFLQNx2_ASAP7_75t_R)
         164.68   data arrival time

  10.00   10.00   clock clk' (fall edge)
   0.00   10.00   clock network delay (ideal)
   0.00   10.00   clock reconvergence pessimism
          10.00 v _43936_/CLK (DFFLQNx2_ASAP7_75t_R)
 -16.65   -6.65   library setup time
          -6.65   data required time
---------------------------------------------------------
          -6.65   data required time
        -164.68   data arrival time
---------------------------------------------------------
        -171.33   slack (VIOLATED)


Startpoint: _43941_ (falling edge-triggered flip-flop clocked by clk')
Endpoint: _43941_ (falling edge-triggered flip-flop clocked by clk')
Path Group: clk
Path Type: max

  Delay    Time   Description
---------------------------------------------------------
   0.00    0.00   clock clk' (fall edge)
   0.00    0.00   clock network delay (ideal)
   0.00    0.00 v _43941_/CLK (DFFLQNx2_ASAP7_75t_R)
  83.32   83.32 ^ _43941_/QN (DFFLQNx2_ASAP7_75t_R)
  18.70  102.02 v _43753_/Y (NOR2x1_ASAP7_75t_R)
  34.79  136.81 v _43754_/Y (AO21x1_ASAP7_75t_R)
  27.87  164.68 v hold3956/Y (BUFx2_ASAP7_75t_R)
   0.00  164.68 v _43941_/D (DFFLQNx2_ASAP7_75t_R)
         164.68   data arrival time

  10.00   10.00   clock clk' (fall edge)
   0.00   10.00   clock network delay (ideal)
   0.00   10.00   clock reconvergence pessimism
          10.00 v _43941_/CLK (DFFLQNx2_ASAP7_75t_R)
 -16.65   -6.65   library setup time
          -6.65   data required time
---------------------------------------------------------
          -6.65   data required time
        -164.68   data arrival time
---------------------------------------------------------
        -171.33   slack (VIOLATED)


Startpoint: _43944_ (falling edge-triggered flip-flop clocked by clk')
Endpoint: _43944_ (falling edge-triggered flip-flop clocked by clk')
Path Group: clk
Path Type: max

  Delay    Time   Description
---------------------------------------------------------
   0.00    0.00   clock clk' (fall edge)
   0.00    0.00   clock network delay (ideal)
   0.00    0.00 v _43944_/CLK (DFFLQNx2_ASAP7_75t_R)
  83.32   83.32 ^ _43944_/QN (DFFLQNx2_ASAP7_75t_R)
  18.70  102.02 v _43759_/Y (NOR2x1_ASAP7_75t_R)
  34.79  136.81 v _43760_/Y (AO21x1_ASAP7_75t_R)
  27.87  164.68 v hold3696/Y (BUFx2_ASAP7_75t_R)
   0.00  164.68 v _43944_/D (DFFLQNx2_ASAP7_75t_R)
         164.68   data arrival time

  10.00   10.00   clock clk' (fall edge)
   0.00   10.00   clock network delay (ideal)
   0.00   10.00   clock reconvergence pessimism
          10.00 v _43944_/CLK (DFFLQNx2_ASAP7_75t_R)
 -16.65   -6.65   library setup time
          -6.65   data required time
---------------------------------------------------------
          -6.65   data required time
        -164.68   data arrival time
---------------------------------------------------------
        -171.33   slack (VIOLATED)


Startpoint: _43821_ (falling edge-triggered flip-flop clocked by clk')
Endpoint: _43821_ (falling edge-triggered flip-flop clocked by clk')
Path Group: clk
Path Type: max

  Delay    Time   Description
---------------------------------------------------------
   0.00    0.00   clock clk' (fall edge)
   0.00    0.00   clock network delay (ideal)
   0.00    0.00 v _43821_/CLK (DFFLQNx2_ASAP7_75t_R)
  83.32   83.32 ^ _43821_/QN (DFFLQNx2_ASAP7_75t_R)
  18.70  102.02 v _43489_/Y (NOR2x1_ASAP7_75t_R)
  34.65  136.67 v _43490_/Y (AO21x1_ASAP7_75t_R)
  27.84  164.51 v hold3901/Y (BUFx2_ASAP7_75t_R)
   0.00  164.51 v _43821_/D (DFFLQNx2_ASAP7_75t_R)
         164.51   data arrival time

  10.00   10.00   clock clk' (fall edge)
   0.00   10.00   clock network delay (ideal)
   0.00   10.00   clock reconvergence pessimism
          10.00 v _43821_/CLK (DFFLQNx2_ASAP7_75t_R)
 -16.65   -6.65   library setup time
          -6.65   data required time
---------------------------------------------------------
          -6.65   data required time
        -164.51   data arrival time
---------------------------------------------------------
        -171.16   slack (VIOLATED)


Startpoint: _43823_ (falling edge-triggered flip-flop clocked by clk')
Endpoint: _43823_ (falling edge-triggered flip-flop clocked by clk')
Path Group: clk
Path Type: max

  Delay    Time   Description
---------------------------------------------------------
   0.00    0.00   clock clk' (fall edge)
   0.00    0.00   clock network delay (ideal)
   0.00    0.00 v _43823_/CLK (DFFLQNx2_ASAP7_75t_R)
  83.32   83.32 ^ _43823_/QN (DFFLQNx2_ASAP7_75t_R)
  18.70  102.02 v _43493_/Y (NOR2x1_ASAP7_75t_R)
  34.65  136.67 v _43494_/Y (AO21x1_ASAP7_75t_R)
  27.84  164.51 v hold4012/Y (BUFx2_ASAP7_75t_R)
   0.00  164.51 v _43823_/D (DFFLQNx2_ASAP7_75t_R)
         164.51   data arrival time

  10.00   10.00   clock clk' (fall edge)
   0.00   10.00   clock network delay (ideal)
   0.00   10.00   clock reconvergence pessimism
          10.00 v _43823_/CLK (DFFLQNx2_ASAP7_75t_R)
 -16.65   -6.65   library setup time
          -6.65   data required time
---------------------------------------------------------
          -6.65   data required time
        -164.51   data arrival time
---------------------------------------------------------
        -171.16   slack (VIOLATED)


Startpoint: _43827_ (falling edge-triggered flip-flop clocked by clk')
Endpoint: _43827_ (falling edge-triggered flip-flop clocked by clk')
Path Group: clk
Path Type: max

  Delay    Time   Description
---------------------------------------------------------
   0.00    0.00   clock clk' (fall edge)
   0.00    0.00   clock network delay (ideal)
   0.00    0.00 v _43827_/CLK (DFFLQNx2_ASAP7_75t_R)
  83.32   83.32 ^ _43827_/QN (DFFLQNx2_ASAP7_75t_R)
  18.70  102.02 v _43501_/Y (NOR2x1_ASAP7_75t_R)
  34.65  136.67 v _43502_/Y (AO21x1_ASAP7_75t_R)
  27.84  164.51 v hold3823/Y (BUFx2_ASAP7_75t_R)
   0.00  164.51 v _43827_/D (DFFLQNx2_ASAP7_75t_R)
         164.51   data arrival time

  10.00   10.00   clock clk' (fall edge)
   0.00   10.00   clock network delay (ideal)
   0.00   10.00   clock reconvergence pessimism
          10.00 v _43827_/CLK (DFFLQNx2_ASAP7_75t_R)
 -16.65   -6.65   library setup time
          -6.65   data required time
---------------------------------------------------------
          -6.65   data required time
        -164.51   data arrival time
---------------------------------------------------------
        -171.16   slack (VIOLATED)


Startpoint: _43829_ (falling edge-triggered flip-flop clocked by clk')
Endpoint: _43829_ (falling edge-triggered flip-flop clocked by clk')
Path Group: clk
Path Type: max

  Delay    Time   Description
---------------------------------------------------------
   0.00    0.00   clock clk' (fall edge)
   0.00    0.00   clock network delay (ideal)
   0.00    0.00 v _43829_/CLK (DFFLQNx2_ASAP7_75t_R)
  83.32   83.32 ^ _43829_/QN (DFFLQNx2_ASAP7_75t_R)
  18.70  102.02 v _43506_/Y (NOR2x1_ASAP7_75t_R)
  34.65  136.67 v _43507_/Y (AO21x1_ASAP7_75t_R)
  27.84  164.51 v hold3606/Y (BUFx2_ASAP7_75t_R)
   0.00  164.51 v _43829_/D (DFFLQNx2_ASAP7_75t_R)
         164.51   data arrival time

  10.00   10.00   clock clk' (fall edge)
   0.00   10.00   clock network delay (ideal)
   0.00   10.00   clock reconvergence pessimism
          10.00 v _43829_/CLK (DFFLQNx2_ASAP7_75t_R)
 -16.65   -6.65   library setup time
          -6.65   data required time
---------------------------------------------------------
          -6.65   data required time
        -164.51   data arrival time
---------------------------------------------------------
        -171.16   slack (VIOLATED)


Startpoint: _43833_ (falling edge-triggered flip-flop clocked by clk')
Endpoint: _43833_ (falling edge-triggered flip-flop clocked by clk')
Path Group: clk
Path Type: max

  Delay    Time   Description
---------------------------------------------------------
   0.00    0.00   clock clk' (fall edge)
   0.00    0.00   clock network delay (ideal)
   0.00    0.00 v _43833_/CLK (DFFLQNx2_ASAP7_75t_R)
  83.32   83.32 ^ _43833_/QN (DFFLQNx2_ASAP7_75t_R)
  18.70  102.02 v _43516_/Y (NOR2x1_ASAP7_75t_R)
  34.65  136.67 v _43517_/Y (AO21x1_ASAP7_75t_R)
  27.84  164.51 v hold3648/Y (BUFx2_ASAP7_75t_R)
   0.00  164.51 v _43833_/D (DFFLQNx2_ASAP7_75t_R)
         164.51   data arrival time

  10.00   10.00   clock clk' (fall edge)
   0.00   10.00   clock network delay (ideal)
   0.00   10.00   clock reconvergence pessimism
          10.00 v _43833_/CLK (DFFLQNx2_ASAP7_75t_R)
 -16.65   -6.65   library setup time
          -6.65   data required time
---------------------------------------------------------
          -6.65   data required time
        -164.51   data arrival time
---------------------------------------------------------
        -171.16   slack (VIOLATED)


Startpoint: _43836_ (falling edge-triggered flip-flop clocked by clk')
Endpoint: _43836_ (falling edge-triggered flip-flop clocked by clk')
Path Group: clk
Path Type: max

  Delay    Time   Description
---------------------------------------------------------
   0.00    0.00   clock clk' (fall edge)
   0.00    0.00   clock network delay (ideal)
   0.00    0.00 v _43836_/CLK (DFFLQNx2_ASAP7_75t_R)
  83.32   83.32 ^ _43836_/QN (DFFLQNx2_ASAP7_75t_R)
  18.70  102.02 v _43522_/Y (NOR2x1_ASAP7_75t_R)
  34.65  136.67 v _43523_/Y (AO21x1_ASAP7_75t_R)
  27.84  164.51 v hold3745/Y (BUFx2_ASAP7_75t_R)
   0.00  164.51 v _43836_/D (DFFLQNx2_ASAP7_75t_R)
         164.51   data arrival time

  10.00   10.00   clock clk' (fall edge)
   0.00   10.00   clock network delay (ideal)
   0.00   10.00   clock reconvergence pessimism
          10.00 v _43836_/CLK (DFFLQNx2_ASAP7_75t_R)
 -16.65   -6.65   library setup time
          -6.65   data required time
---------------------------------------------------------
          -6.65   data required time
        -164.51   data arrival time
---------------------------------------------------------
        -171.16   slack (VIOLATED)


Startpoint: _43849_ (falling edge-triggered flip-flop clocked by clk')
Endpoint: _43849_ (falling edge-triggered flip-flop clocked by clk')
Path Group: clk
Path Type: max

  Delay    Time   Description
---------------------------------------------------------
   0.00    0.00   clock clk' (fall edge)
   0.00    0.00   clock network delay (ideal)
   0.00    0.00 v _43849_/CLK (DFFLQNx2_ASAP7_75t_R)
  83.32   83.32 ^ _43849_/QN (DFFLQNx2_ASAP7_75t_R)
  18.70  102.02 v _43551_/Y (NOR2x1_ASAP7_75t_R)
  34.65  136.67 v _43552_/Y (AO21x1_ASAP7_75t_R)
  27.84  164.51 v hold3991/Y (BUFx2_ASAP7_75t_R)
   0.00  164.51 v _43849_/D (DFFLQNx2_ASAP7_75t_R)
         164.51   data arrival time

  10.00   10.00   clock clk' (fall edge)
   0.00   10.00   clock network delay (ideal)
   0.00   10.00   clock reconvergence pessimism
          10.00 v _43849_/CLK (DFFLQNx2_ASAP7_75t_R)
 -16.65   -6.65   library setup time
          -6.65   data required time
---------------------------------------------------------
          -6.65   data required time
        -164.51   data arrival time
---------------------------------------------------------
        -171.16   slack (VIOLATED)


Startpoint: _43852_ (falling edge-triggered flip-flop clocked by clk')
Endpoint: _43852_ (falling edge-triggered flip-flop clocked by clk')
Path Group: clk
Path Type: max

  Delay    Time   Description
---------------------------------------------------------
   0.00    0.00   clock clk' (fall edge)
   0.00    0.00   clock network delay (ideal)
   0.00    0.00 v _43852_/CLK (DFFLQNx2_ASAP7_75t_R)
  83.32   83.32 ^ _43852_/QN (DFFLQNx2_ASAP7_75t_R)
  18.70  102.02 v _43558_/Y (NOR2x1_ASAP7_75t_R)
  34.65  136.67 v _43559_/Y (AO21x1_ASAP7_75t_R)
  27.84  164.51 v hold3971/Y (BUFx2_ASAP7_75t_R)
   0.00  164.51 v _43852_/D (DFFLQNx2_ASAP7_75t_R)
         164.51   data arrival time

  10.00   10.00   clock clk' (fall edge)
   0.00   10.00   clock network delay (ideal)
   0.00   10.00   clock reconvergence pessimism
          10.00 v _43852_/CLK (DFFLQNx2_ASAP7_75t_R)
 -16.65   -6.65   library setup time
          -6.65   data required time
---------------------------------------------------------
          -6.65   data required time
        -164.51   data arrival time
---------------------------------------------------------
        -171.16   slack (VIOLATED)


Startpoint: _43897_ (falling edge-triggered flip-flop clocked by clk')
Endpoint: _43897_ (falling edge-triggered flip-flop clocked by clk')
Path Group: clk
Path Type: max

  Delay    Time   Description
---------------------------------------------------------
   0.00    0.00   clock clk' (fall edge)
   0.00    0.00   clock network delay (ideal)
   0.00    0.00 v _43897_/CLK (DFFLQNx2_ASAP7_75t_R)
  83.32   83.32 ^ _43897_/QN (DFFLQNx2_ASAP7_75t_R)
  18.70  102.02 v _43656_/Y (NOR2x1_ASAP7_75t_R)
  34.65  136.67 v _43657_/Y (AO21x1_ASAP7_75t_R)
  27.84  164.51 v hold3654/Y (BUFx2_ASAP7_75t_R)
   0.00  164.51 v _43897_/D (DFFLQNx2_ASAP7_75t_R)
         164.51   data arrival time

  10.00   10.00   clock clk' (fall edge)
   0.00   10.00   clock network delay (ideal)
   0.00   10.00   clock reconvergence pessimism
          10.00 v _43897_/CLK (DFFLQNx2_ASAP7_75t_R)
 -16.65   -6.65   library setup time
          -6.65   data required time
---------------------------------------------------------
          -6.65   data required time
        -164.51   data arrival time
---------------------------------------------------------
        -171.16   slack (VIOLATED)


Startpoint: _43828_ (falling edge-triggered flip-flop clocked by clk')
Endpoint: _43828_ (falling edge-triggered flip-flop clocked by clk')
Path Group: clk
Path Type: max

  Delay    Time   Description
---------------------------------------------------------
   0.00    0.00   clock clk' (fall edge)
   0.00    0.00   clock network delay (ideal)
   0.00    0.00 v _43828_/CLK (DFFLQNx2_ASAP7_75t_R)
  83.13   83.13 ^ _43828_/QN (DFFLQNx2_ASAP7_75t_R)
  18.64  101.77 v _43504_/Y (NOR2x1_ASAP7_75t_R)
  34.65  136.42 v _43505_/Y (AO21x1_ASAP7_75t_R)
  27.84  164.26 v hold3787/Y (BUFx2_ASAP7_75t_R)
   0.00  164.26 v _43828_/D (DFFLQNx2_ASAP7_75t_R)
         164.26   data arrival time

  10.00   10.00   clock clk' (fall edge)
   0.00   10.00   clock network delay (ideal)
   0.00   10.00   clock reconvergence pessimism
          10.00 v _43828_/CLK (DFFLQNx2_ASAP7_75t_R)
 -16.65   -6.65   library setup time
          -6.65   data required time
---------------------------------------------------------
          -6.65   data required time
        -164.26   data arrival time
---------------------------------------------------------
        -170.91   slack (VIOLATED)


Startpoint: _43824_ (falling edge-triggered flip-flop clocked by clk')
Endpoint: _43824_ (falling edge-triggered flip-flop clocked by clk')
Path Group: clk
Path Type: max

  Delay    Time   Description
---------------------------------------------------------
   0.00    0.00   clock clk' (fall edge)
   0.00    0.00   clock network delay (ideal)
   0.00    0.00 v _43824_/CLK (DFFLQNx2_ASAP7_75t_R)
  83.32   83.32 ^ _43824_/QN (DFFLQNx2_ASAP7_75t_R)
  18.70  102.02 v _43495_/Y (NOR2x1_ASAP7_75t_R)
  33.41  135.43 v _43496_/Y (AO21x1_ASAP7_75t_R)
  27.64  163.07 v hold4000/Y (BUFx2_ASAP7_75t_R)
   0.00  163.07 v _43824_/D (DFFLQNx2_ASAP7_75t_R)
         163.07   data arrival time

  10.00   10.00   clock clk' (fall edge)
   0.00   10.00   clock network delay (ideal)
   0.00   10.00   clock reconvergence pessimism
          10.00 v _43824_/CLK (DFFLQNx2_ASAP7_75t_R)
 -16.65   -6.65   library setup time
          -6.65   data required time
---------------------------------------------------------
          -6.65   data required time
        -163.07   data arrival time
---------------------------------------------------------
        -169.72   slack (VIOLATED)


Startpoint: _43840_ (falling edge-triggered flip-flop clocked by clk')
Endpoint: _43840_ (falling edge-triggered flip-flop clocked by clk')
Path Group: clk
Path Type: max

  Delay    Time   Description
---------------------------------------------------------
   0.00    0.00   clock clk' (fall edge)
   0.00    0.00   clock network delay (ideal)
   0.00    0.00 v _43840_/CLK (DFFLQNx2_ASAP7_75t_R)
  83.32   83.32 ^ _43840_/QN (DFFLQNx2_ASAP7_75t_R)
  18.70  102.02 v _43531_/Y (NOR2x1_ASAP7_75t_R)
  33.41  135.43 v _43532_/Y (AO21x1_ASAP7_75t_R)
  27.64  163.07 v hold3748/Y (BUFx2_ASAP7_75t_R)
   0.00  163.07 v _43840_/D (DFFLQNx2_ASAP7_75t_R)
         163.07   data arrival time

  10.00   10.00   clock clk' (fall edge)
   0.00   10.00   clock network delay (ideal)
   0.00   10.00   clock reconvergence pessimism
          10.00 v _43840_/CLK (DFFLQNx2_ASAP7_75t_R)
 -16.65   -6.65   library setup time
          -6.65   data required time
---------------------------------------------------------
          -6.65   data required time
        -163.07   data arrival time
---------------------------------------------------------
        -169.72   slack (VIOLATED)


Startpoint: _43951_ (falling edge-triggered flip-flop clocked by clk')
Endpoint: _44209_ (falling edge-triggered flip-flop clocked by clk')
Path Group: clk
Path Type: max

  Delay    Time   Description
---------------------------------------------------------
   0.00    0.00   clock clk' (fall edge)
   0.00    0.00   clock network delay (ideal)
   0.00    0.00 v _43951_/CLK (DFFLQNx2_ASAP7_75t_R)
  96.66   96.66 v _43951_/QN (DFFLQNx2_ASAP7_75t_R)
  42.09  138.75 v _26034_/Y (AND2x2_ASAP7_75t_R)
  23.67  162.42 v _26036_/Y (AND4x1_ASAP7_75t_R)
   0.00  162.42 v _44209_/D (DFFLQNx3_ASAP7_75t_R)
         162.42   data arrival time

  10.00   10.00   clock clk' (fall edge)
   0.00   10.00   clock network delay (ideal)
   0.00   10.00   clock reconvergence pessimism
          10.00 v _44209_/CLK (DFFLQNx3_ASAP7_75t_R)
 -16.88   -6.88   library setup time
          -6.88   data required time
---------------------------------------------------------
          -6.88   data required time
        -162.42   data arrival time
---------------------------------------------------------
        -169.30   slack (VIOLATED)


Startpoint: _43886_ (falling edge-triggered flip-flop clocked by clk')
Endpoint: _43886_ (falling edge-triggered flip-flop clocked by clk')
Path Group: clk
Path Type: max

  Delay    Time   Description
---------------------------------------------------------
   0.00    0.00   clock clk' (fall edge)
   0.00    0.00   clock network delay (ideal)
   0.00    0.00 v _43886_/CLK (DFFLQNx2_ASAP7_75t_R)
  80.42   80.42 ^ _43886_/QN (DFFLQNx2_ASAP7_75t_R)
  17.79   98.21 v _43632_/Y (NOR2x1_ASAP7_75t_R)
  35.34  133.55 v _43633_/Y (AO21x1_ASAP7_75t_R)
  27.98  161.53 v hold3781/Y (BUFx2_ASAP7_75t_R)
   0.00  161.53 v _43886_/D (DFFLQNx2_ASAP7_75t_R)
         161.53   data arrival time

  10.00   10.00   clock clk' (fall edge)
   0.00   10.00   clock network delay (ideal)
   0.00   10.00   clock reconvergence pessimism
          10.00 v _43886_/CLK (DFFLQNx2_ASAP7_75t_R)
 -16.65   -6.65   library setup time
          -6.65   data required time
---------------------------------------------------------
          -6.65   data required time
        -161.53   data arrival time
---------------------------------------------------------
        -168.18   slack (VIOLATED)


Startpoint: _43895_ (falling edge-triggered flip-flop clocked by clk')
Endpoint: _43895_ (falling edge-triggered flip-flop clocked by clk')
Path Group: clk
Path Type: max

  Delay    Time   Description
---------------------------------------------------------
   0.00    0.00   clock clk' (fall edge)
   0.00    0.00   clock network delay (ideal)
   0.00    0.00 v _43895_/CLK (DFFLQNx2_ASAP7_75t_R)
  80.42   80.42 ^ _43895_/QN (DFFLQNx2_ASAP7_75t_R)
  17.79   98.21 v _43652_/Y (NOR2x1_ASAP7_75t_R)
  35.34  133.55 v _43653_/Y (AO21x1_ASAP7_75t_R)
  27.98  161.53 v hold3718/Y (BUFx2_ASAP7_75t_R)
   0.00  161.53 v _43895_/D (DFFLQNx2_ASAP7_75t_R)
         161.53   data arrival time

  10.00   10.00   clock clk' (fall edge)
   0.00   10.00   clock network delay (ideal)
   0.00   10.00   clock reconvergence pessimism
          10.00 v _43895_/CLK (DFFLQNx2_ASAP7_75t_R)
 -16.65   -6.65   library setup time
          -6.65   data required time
---------------------------------------------------------
          -6.65   data required time
        -161.53   data arrival time
---------------------------------------------------------
        -168.18   slack (VIOLATED)


Startpoint: _43900_ (falling edge-triggered flip-flop clocked by clk')
Endpoint: _43900_ (falling edge-triggered flip-flop clocked by clk')
Path Group: clk
Path Type: max

  Delay    Time   Description
---------------------------------------------------------
   0.00    0.00   clock clk' (fall edge)
   0.00    0.00   clock network delay (ideal)
   0.00    0.00 v _43900_/CLK (DFFLQNx2_ASAP7_75t_R)
  80.42   80.42 ^ _43900_/QN (DFFLQNx2_ASAP7_75t_R)
  17.79   98.21 v _43663_/Y (NOR2x1_ASAP7_75t_R)
  35.34  133.55 v _43664_/Y (AO21x1_ASAP7_75t_R)
  27.98  161.53 v hold3826/Y (BUFx2_ASAP7_75t_R)
   0.00  161.53 v _43900_/D (DFFLQNx2_ASAP7_75t_R)
         161.53   data arrival time

  10.00   10.00   clock clk' (fall edge)
   0.00   10.00   clock network delay (ideal)
   0.00   10.00   clock reconvergence pessimism
          10.00 v _43900_/CLK (DFFLQNx2_ASAP7_75t_R)
 -16.65   -6.65   library setup time
          -6.65   data required time
---------------------------------------------------------
          -6.65   data required time
        -161.53   data arrival time
---------------------------------------------------------
        -168.18   slack (VIOLATED)


Startpoint: _43911_ (falling edge-triggered flip-flop clocked by clk')
Endpoint: _43911_ (falling edge-triggered flip-flop clocked by clk')
Path Group: clk
Path Type: max

  Delay    Time   Description
---------------------------------------------------------
   0.00    0.00   clock clk' (fall edge)
   0.00    0.00   clock network delay (ideal)
   0.00    0.00 v _43911_/CLK (DFFLQNx2_ASAP7_75t_R)
  80.42   80.42 ^ _43911_/QN (DFFLQNx2_ASAP7_75t_R)
  17.79   98.21 v _43688_/Y (NOR2x1_ASAP7_75t_R)
  35.34  133.55 v _43689_/Y (AO21x1_ASAP7_75t_R)
  27.98  161.53 v hold3784/Y (BUFx2_ASAP7_75t_R)
   0.00  161.53 v _43911_/D (DFFLQNx2_ASAP7_75t_R)
         161.53   data arrival time

  10.00   10.00   clock clk' (fall edge)
   0.00   10.00   clock network delay (ideal)
   0.00   10.00   clock reconvergence pessimism
          10.00 v _43911_/CLK (DFFLQNx2_ASAP7_75t_R)
 -16.65   -6.65   library setup time
          -6.65   data required time
---------------------------------------------------------
          -6.65   data required time
        -161.53   data arrival time
---------------------------------------------------------
        -168.18   slack (VIOLATED)


Startpoint: _43853_ (falling edge-triggered flip-flop clocked by clk')
Endpoint: _43853_ (falling edge-triggered flip-flop clocked by clk')
Path Group: clk
Path Type: max

  Delay    Time   Description
---------------------------------------------------------
   0.00    0.00   clock clk' (fall edge)
   0.00    0.00   clock network delay (ideal)
   0.00    0.00 v _43853_/CLK (DFFLQNx2_ASAP7_75t_R)
  80.42   80.42 ^ _43853_/QN (DFFLQNx2_ASAP7_75t_R)
  17.79   98.21 v _43560_/Y (NOR2x1_ASAP7_75t_R)
  34.80  133.01 v _43561_/Y (AO21x1_ASAP7_75t_R)
  27.87  160.88 v hold3684/Y (BUFx2_ASAP7_75t_R)
   0.00  160.88 v _43853_/D (DFFLQNx2_ASAP7_75t_R)
         160.88   data arrival time

  10.00   10.00   clock clk' (fall edge)
   0.00   10.00   clock network delay (ideal)
   0.00   10.00   clock reconvergence pessimism
          10.00 v _43853_/CLK (DFFLQNx2_ASAP7_75t_R)
 -16.65   -6.65   library setup time
          -6.65   data required time
---------------------------------------------------------
          -6.65   data required time
        -160.88   data arrival time
---------------------------------------------------------
        -167.53   slack (VIOLATED)


Startpoint: _43860_ (falling edge-triggered flip-flop clocked by clk')
Endpoint: _43860_ (falling edge-triggered flip-flop clocked by clk')
Path Group: clk
Path Type: max

  Delay    Time   Description
---------------------------------------------------------
   0.00    0.00   clock clk' (fall edge)
   0.00    0.00   clock network delay (ideal)
   0.00    0.00 v _43860_/CLK (DFFLQNx2_ASAP7_75t_R)
  80.42   80.42 ^ _43860_/QN (DFFLQNx2_ASAP7_75t_R)
  17.79   98.21 v _43575_/Y (NOR2x1_ASAP7_75t_R)
  34.80  133.01 v _43576_/Y (AO21x1_ASAP7_75t_R)
  27.87  160.88 v hold3633/Y (BUFx2_ASAP7_75t_R)
   0.00  160.88 v _43860_/D (DFFLQNx2_ASAP7_75t_R)
         160.88   data arrival time

  10.00   10.00   clock clk' (fall edge)
   0.00   10.00   clock network delay (ideal)
   0.00   10.00   clock reconvergence pessimism
          10.00 v _43860_/CLK (DFFLQNx2_ASAP7_75t_R)
 -16.65   -6.65   library setup time
          -6.65   data required time
---------------------------------------------------------
          -6.65   data required time
        -160.88   data arrival time
---------------------------------------------------------
        -167.53   slack (VIOLATED)


Startpoint: _43862_ (falling edge-triggered flip-flop clocked by clk')
Endpoint: _43862_ (falling edge-triggered flip-flop clocked by clk')
Path Group: clk
Path Type: max

  Delay    Time   Description
---------------------------------------------------------
   0.00    0.00   clock clk' (fall edge)
   0.00    0.00   clock network delay (ideal)
   0.00    0.00 v _43862_/CLK (DFFLQNx2_ASAP7_75t_R)
  80.42   80.42 ^ _43862_/QN (DFFLQNx2_ASAP7_75t_R)
  17.79   98.21 v _43580_/Y (NOR2x1_ASAP7_75t_R)
  34.80  133.01 v _43581_/Y (AO21x1_ASAP7_75t_R)
  27.87  160.88 v hold3621/Y (BUFx2_ASAP7_75t_R)
   0.00  160.88 v _43862_/D (DFFLQNx2_ASAP7_75t_R)
         160.88   data arrival time

  10.00   10.00   clock clk' (fall edge)
   0.00   10.00   clock network delay (ideal)
   0.00   10.00   clock reconvergence pessimism
          10.00 v _43862_/CLK (DFFLQNx2_ASAP7_75t_R)
 -16.65   -6.65   library setup time
          -6.65   data required time
---------------------------------------------------------
          -6.65   data required time
        -160.88   data arrival time
---------------------------------------------------------
        -167.53   slack (VIOLATED)


Startpoint: _43863_ (falling edge-triggered flip-flop clocked by clk')
Endpoint: _43863_ (falling edge-triggered flip-flop clocked by clk')
Path Group: clk
Path Type: max

  Delay    Time   Description
---------------------------------------------------------
   0.00    0.00   clock clk' (fall edge)
   0.00    0.00   clock network delay (ideal)
   0.00    0.00 v _43863_/CLK (DFFLQNx2_ASAP7_75t_R)
  80.42   80.42 ^ _43863_/QN (DFFLQNx2_ASAP7_75t_R)
  17.79   98.21 v _43582_/Y (NOR2x1_ASAP7_75t_R)
  34.80  133.01 v _43583_/Y (AO21x1_ASAP7_75t_R)
  27.87  160.88 v hold3600/Y (BUFx2_ASAP7_75t_R)
   0.00  160.88 v _43863_/D (DFFLQNx2_ASAP7_75t_R)
         160.88   data arrival time

  10.00   10.00   clock clk' (fall edge)
   0.00   10.00   clock network delay (ideal)
   0.00   10.00   clock reconvergence pessimism
          10.00 v _43863_/CLK (DFFLQNx2_ASAP7_75t_R)
 -16.65   -6.65   library setup time
          -6.65   data required time
---------------------------------------------------------
          -6.65   data required time
        -160.88   data arrival time
---------------------------------------------------------
        -167.53   slack (VIOLATED)


Startpoint: _43879_ (falling edge-triggered flip-flop clocked by clk')
Endpoint: _43879_ (falling edge-triggered flip-flop clocked by clk')
Path Group: clk
Path Type: max

  Delay    Time   Description
---------------------------------------------------------
   0.00    0.00   clock clk' (fall edge)
   0.00    0.00   clock network delay (ideal)
   0.00    0.00 v _43879_/CLK (DFFLQNx2_ASAP7_75t_R)
  80.42   80.42 ^ _43879_/QN (DFFLQNx2_ASAP7_75t_R)
  17.79   98.21 v _43617_/Y (NOR2x1_ASAP7_75t_R)
  34.80  133.01 v _43618_/Y (AO21x1_ASAP7_75t_R)
  27.87  160.88 v hold3624/Y (BUFx2_ASAP7_75t_R)
   0.00  160.88 v _43879_/D (DFFLQNx2_ASAP7_75t_R)
         160.88   data arrival time

  10.00   10.00   clock clk' (fall edge)
   0.00   10.00   clock network delay (ideal)
   0.00   10.00   clock reconvergence pessimism
          10.00 v _43879_/CLK (DFFLQNx2_ASAP7_75t_R)
 -16.65   -6.65   library setup time
          -6.65   data required time
---------------------------------------------------------
          -6.65   data required time
        -160.88   data arrival time
---------------------------------------------------------
        -167.53   slack (VIOLATED)


Startpoint: _43881_ (falling edge-triggered flip-flop clocked by clk')
Endpoint: _43881_ (falling edge-triggered flip-flop clocked by clk')
Path Group: clk
Path Type: max

  Delay    Time   Description
---------------------------------------------------------
   0.00    0.00   clock clk' (fall edge)
   0.00    0.00   clock network delay (ideal)
   0.00    0.00 v _43881_/CLK (DFFLQNx2_ASAP7_75t_R)
  80.42   80.42 ^ _43881_/QN (DFFLQNx2_ASAP7_75t_R)
  17.79   98.21 v _43622_/Y (NOR2x1_ASAP7_75t_R)
  34.80  133.01 v _43623_/Y (AO21x1_ASAP7_75t_R)
  27.87  160.88 v hold3588/Y (BUFx2_ASAP7_75t_R)
   0.00  160.88 v _43881_/D (DFFLQNx2_ASAP7_75t_R)
         160.88   data arrival time

  10.00   10.00   clock clk' (fall edge)
   0.00   10.00   clock network delay (ideal)
   0.00   10.00   clock reconvergence pessimism
          10.00 v _43881_/CLK (DFFLQNx2_ASAP7_75t_R)
 -16.65   -6.65   library setup time
          -6.65   data required time
---------------------------------------------------------
          -6.65   data required time
        -160.88   data arrival time
---------------------------------------------------------
        -167.53   slack (VIOLATED)


Startpoint: _43919_ (falling edge-triggered flip-flop clocked by clk')
Endpoint: _43919_ (falling edge-triggered flip-flop clocked by clk')
Path Group: clk
Path Type: max

  Delay    Time   Description
---------------------------------------------------------
   0.00    0.00   clock clk' (fall edge)
   0.00    0.00   clock network delay (ideal)
   0.00    0.00 v _43919_/CLK (DFFLQNx2_ASAP7_75t_R)
  80.42   80.42 ^ _43919_/QN (DFFLQNx2_ASAP7_75t_R)
  17.79   98.21 v _43705_/Y (NOR2x1_ASAP7_75t_R)
  34.79  133.00 v _43706_/Y (AO21x1_ASAP7_75t_R)
  27.87  160.87 v hold3889/Y (BUFx2_ASAP7_75t_R)
   0.00  160.87 v _43919_/D (DFFLQNx2_ASAP7_75t_R)
         160.87   data arrival time

  10.00   10.00   clock clk' (fall edge)
   0.00   10.00   clock network delay (ideal)
   0.00   10.00   clock reconvergence pessimism
          10.00 v _43919_/CLK (DFFLQNx2_ASAP7_75t_R)
 -16.65   -6.65   library setup time
          -6.65   data required time
---------------------------------------------------------
          -6.65   data required time
        -160.87   data arrival time
---------------------------------------------------------
        -167.52   slack (VIOLATED)


Startpoint: _43925_ (falling edge-triggered flip-flop clocked by clk')
Endpoint: _43925_ (falling edge-triggered flip-flop clocked by clk')
Path Group: clk
Path Type: max

  Delay    Time   Description
---------------------------------------------------------
   0.00    0.00   clock clk' (fall edge)
   0.00    0.00   clock network delay (ideal)
   0.00    0.00 v _43925_/CLK (DFFLQNx2_ASAP7_75t_R)
  80.42   80.42 ^ _43925_/QN (DFFLQNx2_ASAP7_75t_R)
  17.79   98.21 v _43718_/Y (NOR2x1_ASAP7_75t_R)
  34.79  133.00 v _43719_/Y (AO21x1_ASAP7_75t_R)
  27.87  160.87 v hold3953/Y (BUFx2_ASAP7_75t_R)
   0.00  160.87 v _43925_/D (DFFLQNx2_ASAP7_75t_R)
         160.87   data arrival time

  10.00   10.00   clock clk' (fall edge)
   0.00   10.00   clock network delay (ideal)
   0.00   10.00   clock reconvergence pessimism
          10.00 v _43925_/CLK (DFFLQNx2_ASAP7_75t_R)
 -16.65   -6.65   library setup time
          -6.65   data required time
---------------------------------------------------------
          -6.65   data required time
        -160.87   data arrival time
---------------------------------------------------------
        -167.52   slack (VIOLATED)


Startpoint: _43938_ (falling edge-triggered flip-flop clocked by clk')
Endpoint: _43938_ (falling edge-triggered flip-flop clocked by clk')
Path Group: clk
Path Type: max

  Delay    Time   Description
---------------------------------------------------------
   0.00    0.00   clock clk' (fall edge)
   0.00    0.00   clock network delay (ideal)
   0.00    0.00 v _43938_/CLK (DFFLQNx2_ASAP7_75t_R)
  80.42   80.42 ^ _43938_/QN (DFFLQNx2_ASAP7_75t_R)
  17.79   98.21 v _43747_/Y (NOR2x1_ASAP7_75t_R)
  34.79  133.00 v _43748_/Y (AO21x1_ASAP7_75t_R)
  27.87  160.87 v hold3871/Y (BUFx2_ASAP7_75t_R)
   0.00  160.87 v _43938_/D (DFFLQNx2_ASAP7_75t_R)
         160.87   data arrival time

  10.00   10.00   clock clk' (fall edge)
   0.00   10.00   clock network delay (ideal)
   0.00   10.00   clock reconvergence pessimism
          10.00 v _43938_/CLK (DFFLQNx2_ASAP7_75t_R)
 -16.65   -6.65   library setup time
          -6.65   data required time
---------------------------------------------------------
          -6.65   data required time
        -160.87   data arrival time
---------------------------------------------------------
        -167.52   slack (VIOLATED)


Startpoint: _43942_ (falling edge-triggered flip-flop clocked by clk')
Endpoint: _43942_ (falling edge-triggered flip-flop clocked by clk')
Path Group: clk
Path Type: max

  Delay    Time   Description
---------------------------------------------------------
   0.00    0.00   clock clk' (fall edge)
   0.00    0.00   clock network delay (ideal)
   0.00    0.00 v _43942_/CLK (DFFLQNx2_ASAP7_75t_R)
  80.42   80.42 ^ _43942_/QN (DFFLQNx2_ASAP7_75t_R)
  17.79   98.21 v _43755_/Y (NOR2x1_ASAP7_75t_R)
  34.79  133.00 v _43756_/Y (AO21x1_ASAP7_75t_R)
  27.87  160.87 v hold3585/Y (BUFx2_ASAP7_75t_R)
   0.00  160.87 v _43942_/D (DFFLQNx2_ASAP7_75t_R)
         160.87   data arrival time

  10.00   10.00   clock clk' (fall edge)
   0.00   10.00   clock network delay (ideal)
   0.00   10.00   clock reconvergence pessimism
          10.00 v _43942_/CLK (DFFLQNx2_ASAP7_75t_R)
 -16.65   -6.65   library setup time
          -6.65   data required time
---------------------------------------------------------
          -6.65   data required time
        -160.87   data arrival time
---------------------------------------------------------
        -167.52   slack (VIOLATED)


Startpoint: _43946_ (falling edge-triggered flip-flop clocked by clk')
Endpoint: _43946_ (falling edge-triggered flip-flop clocked by clk')
Path Group: clk
Path Type: max

  Delay    Time   Description
---------------------------------------------------------
   0.00    0.00   clock clk' (fall edge)
   0.00    0.00   clock network delay (ideal)
   0.00    0.00 v _43946_/CLK (DFFLQNx2_ASAP7_75t_R)
  80.42   80.42 ^ _43946_/QN (DFFLQNx2_ASAP7_75t_R)
  17.79   98.21 v _43763_/Y (NOR2x1_ASAP7_75t_R)
  34.79  133.00 v _43764_/Y (AO21x1_ASAP7_75t_R)
  27.87  160.87 v hold3730/Y (BUFx2_ASAP7_75t_R)
   0.00  160.87 v _43946_/D (DFFLQNx2_ASAP7_75t_R)
         160.87   data arrival time

  10.00   10.00   clock clk' (fall edge)
   0.00   10.00   clock network delay (ideal)
   0.00   10.00   clock reconvergence pessimism
          10.00 v _43946_/CLK (DFFLQNx2_ASAP7_75t_R)
 -16.65   -6.65   library setup time
          -6.65   data required time
---------------------------------------------------------
          -6.65   data required time
        -160.87   data arrival time
---------------------------------------------------------
        -167.52   slack (VIOLATED)


Startpoint: _43866_ (falling edge-triggered flip-flop clocked by clk')
Endpoint: _43866_ (falling edge-triggered flip-flop clocked by clk')
Path Group: clk
Path Type: max

  Delay    Time   Description
---------------------------------------------------------
   0.00    0.00   clock clk' (fall edge)
   0.00    0.00   clock network delay (ideal)
   0.00    0.00 v _43866_/CLK (DFFLQNx2_ASAP7_75t_R)
  80.40   80.40 ^ _43866_/QN (DFFLQNx2_ASAP7_75t_R)
  17.79   98.19 v _43588_/Y (NOR2x1_ASAP7_75t_R)
  34.80  132.98 v _43589_/Y (AO21x1_ASAP7_75t_R)
  27.87  160.85 v hold3609/Y (BUFx2_ASAP7_75t_R)
   0.00  160.85 v _43866_/D (DFFLQNx2_ASAP7_75t_R)
         160.85   data arrival time

  10.00   10.00   clock clk' (fall edge)
   0.00   10.00   clock network delay (ideal)
   0.00   10.00   clock reconvergence pessimism
          10.00 v _43866_/CLK (DFFLQNx2_ASAP7_75t_R)
 -16.65   -6.65   library setup time
          -6.65   data required time
---------------------------------------------------------
          -6.65   data required time
        -160.85   data arrival time
---------------------------------------------------------
        -167.50   slack (VIOLATED)


Startpoint: _43875_ (falling edge-triggered flip-flop clocked by clk')
Endpoint: _43875_ (falling edge-triggered flip-flop clocked by clk')
Path Group: clk
Path Type: max

  Delay    Time   Description
---------------------------------------------------------
   0.00    0.00   clock clk' (fall edge)
   0.00    0.00   clock network delay (ideal)
   0.00    0.00 v _43875_/CLK (DFFLQNx2_ASAP7_75t_R)
  80.40   80.40 ^ _43875_/QN (DFFLQNx2_ASAP7_75t_R)
  17.79   98.19 v _43608_/Y (NOR2x1_ASAP7_75t_R)
  34.80  132.98 v _43609_/Y (AO21x1_ASAP7_75t_R)
  27.87  160.85 v hold3618/Y (BUFx2_ASAP7_75t_R)
   0.00  160.85 v _43875_/D (DFFLQNx2_ASAP7_75t_R)
         160.85   data arrival time

  10.00   10.00   clock clk' (fall edge)
   0.00   10.00   clock network delay (ideal)
   0.00   10.00   clock reconvergence pessimism
          10.00 v _43875_/CLK (DFFLQNx2_ASAP7_75t_R)
 -16.65   -6.65   library setup time
          -6.65   data required time
---------------------------------------------------------
          -6.65   data required time
        -160.85   data arrival time
---------------------------------------------------------
        -167.50   slack (VIOLATED)


Startpoint: _43831_ (falling edge-triggered flip-flop clocked by clk')
Endpoint: _43831_ (falling edge-triggered flip-flop clocked by clk')
Path Group: clk
Path Type: max

  Delay    Time   Description
---------------------------------------------------------
   0.00    0.00   clock clk' (fall edge)
   0.00    0.00   clock network delay (ideal)
   0.00    0.00 v _43831_/CLK (DFFLQNx2_ASAP7_75t_R)
  80.42   80.42 ^ _43831_/QN (DFFLQNx2_ASAP7_75t_R)
  17.79   98.21 v _43512_/Y (NOR2x1_ASAP7_75t_R)
  34.65  132.86 v _43513_/Y (AO21x1_ASAP7_75t_R)
  27.84  160.70 v hold3706/Y (BUFx2_ASAP7_75t_R)
   0.00  160.70 v _43831_/D (DFFLQNx2_ASAP7_75t_R)
         160.70   data arrival time

  10.00   10.00   clock clk' (fall edge)
   0.00   10.00   clock network delay (ideal)
   0.00   10.00   clock reconvergence pessimism
          10.00 v _43831_/CLK (DFFLQNx2_ASAP7_75t_R)
 -16.65   -6.65   library setup time
          -6.65   data required time
---------------------------------------------------------
          -6.65   data required time
        -160.70   data arrival time
---------------------------------------------------------
        -167.35   slack (VIOLATED)


Startpoint: _43843_ (falling edge-triggered flip-flop clocked by clk')
Endpoint: _43843_ (falling edge-triggered flip-flop clocked by clk')
Path Group: clk
Path Type: max

  Delay    Time   Description
---------------------------------------------------------
   0.00    0.00   clock clk' (fall edge)
   0.00    0.00   clock network delay (ideal)
   0.00    0.00 v _43843_/CLK (DFFLQNx2_ASAP7_75t_R)
  80.42   80.42 ^ _43843_/QN (DFFLQNx2_ASAP7_75t_R)
  17.79   98.21 v _43538_/Y (NOR2x1_ASAP7_75t_R)
  34.65  132.86 v _43539_/Y (AO21x1_ASAP7_75t_R)
  27.84  160.70 v hold3721/Y (BUFx2_ASAP7_75t_R)
   0.00  160.70 v _43843_/D (DFFLQNx2_ASAP7_75t_R)
         160.70   data arrival time

  10.00   10.00   clock clk' (fall edge)
   0.00   10.00   clock network delay (ideal)
   0.00   10.00   clock reconvergence pessimism
          10.00 v _43843_/CLK (DFFLQNx2_ASAP7_75t_R)
 -16.65   -6.65   library setup time
          -6.65   data required time
---------------------------------------------------------
          -6.65   data required time
        -160.70   data arrival time
---------------------------------------------------------
        -167.35   slack (VIOLATED)


Startpoint: _43848_ (falling edge-triggered flip-flop clocked by clk')
Endpoint: _43848_ (falling edge-triggered flip-flop clocked by clk')
Path Group: clk
Path Type: max

  Delay    Time   Description
---------------------------------------------------------
   0.00    0.00   clock clk' (fall edge)
   0.00    0.00   clock network delay (ideal)
   0.00    0.00 v _43848_/CLK (DFFLQNx2_ASAP7_75t_R)
  80.42   80.42 ^ _43848_/QN (DFFLQNx2_ASAP7_75t_R)
  17.79   98.21 v _43549_/Y (NOR2x1_ASAP7_75t_R)
  34.65  132.86 v _43550_/Y (AO21x1_ASAP7_75t_R)
  27.84  160.70 v hold3883/Y (BUFx2_ASAP7_75t_R)
   0.00  160.70 v _43848_/D (DFFLQNx2_ASAP7_75t_R)
         160.70   data arrival time

  10.00   10.00   clock clk' (fall edge)
   0.00   10.00   clock network delay (ideal)
   0.00   10.00   clock reconvergence pessimism
          10.00 v _43848_/CLK (DFFLQNx2_ASAP7_75t_R)
 -16.65   -6.65   library setup time
          -6.65   data required time
---------------------------------------------------------
          -6.65   data required time
        -160.70   data arrival time
---------------------------------------------------------
        -167.35   slack (VIOLATED)


Startpoint: _43839_ (falling edge-triggered flip-flop clocked by clk')
Endpoint: _43839_ (falling edge-triggered flip-flop clocked by clk')
Path Group: clk
Path Type: max

  Delay    Time   Description
---------------------------------------------------------
   0.00    0.00   clock clk' (fall edge)
   0.00    0.00   clock network delay (ideal)
   0.00    0.00 v _43839_/CLK (DFFLQNx2_ASAP7_75t_R)
  80.42   80.42 ^ _43839_/QN (DFFLQNx2_ASAP7_75t_R)
  17.79   98.21 v _43529_/Y (NOR2x1_ASAP7_75t_R)
  33.41  131.62 v _43530_/Y (AO21x1_ASAP7_75t_R)
  27.64  159.26 v hold3642/Y (BUFx2_ASAP7_75t_R)
   0.00  159.26 v _43839_/D (DFFLQNx2_ASAP7_75t_R)
         159.26   data arrival time

  10.00   10.00   clock clk' (fall edge)
   0.00   10.00   clock network delay (ideal)
   0.00   10.00   clock reconvergence pessimism
          10.00 v _43839_/CLK (DFFLQNx2_ASAP7_75t_R)
 -16.65   -6.65   library setup time
          -6.65   data required time
---------------------------------------------------------
          -6.65   data required time
        -159.26   data arrival time
---------------------------------------------------------
        -165.91   slack (VIOLATED)


Startpoint: _43868_ (falling edge-triggered flip-flop clocked by clk')
Endpoint: _43868_ (falling edge-triggered flip-flop clocked by clk')
Path Group: clk
Path Type: max

  Delay    Time   Description
---------------------------------------------------------
   0.00    0.00   clock clk' (fall edge)
   0.00    0.00   clock network delay (ideal)
   0.00    0.00 v _43868_/CLK (DFFLQNx2_ASAP7_75t_R)
  80.42   80.42 ^ _43868_/QN (DFFLQNx2_ASAP7_75t_R)
  17.79   98.21 v _43593_/Y (NOR2x1_ASAP7_75t_R)
  33.41  131.62 v _43594_/Y (AO21x1_ASAP7_75t_R)
  27.64  159.26 v hold4009/Y (BUFx2_ASAP7_75t_R)
   0.00  159.26 v _43868_/D (DFFLQNx2_ASAP7_75t_R)
         159.26   data arrival time

  10.00   10.00   clock clk' (fall edge)
   0.00   10.00   clock network delay (ideal)
   0.00   10.00   clock reconvergence pessimism
          10.00 v _43868_/CLK (DFFLQNx2_ASAP7_75t_R)
 -16.65   -6.65   library setup time
          -6.65   data required time
---------------------------------------------------------
          -6.65   data required time
        -159.26   data arrival time
---------------------------------------------------------
        -165.91   slack (VIOLATED)


Startpoint: _44211_ (falling edge-triggered flip-flop clocked by clk')
Endpoint: _44211_ (falling edge-triggered flip-flop clocked by clk')
Path Group: clk
Path Type: max

  Delay    Time   Description
---------------------------------------------------------
   0.00    0.00   clock clk' (fall edge)
   0.00    0.00   clock network delay (ideal)
   0.00    0.00 v _44211_/CLK (DFFLQNx2_ASAP7_75t_R)
 103.41  103.41 v _44211_/QN (DFFLQNx2_ASAP7_75t_R)
  27.56  130.97 ^ _43358_/Y (INVx2_ASAP7_75t_R)
  17.33  148.30 v _43795_/Y (NOR2x1_ASAP7_75t_R)
   0.00  148.30 v _44211_/D (DFFLQNx2_ASAP7_75t_R)
         148.30   data arrival time

  10.00   10.00   clock clk' (fall edge)
   0.00   10.00   clock network delay (ideal)
   0.00   10.00   clock reconvergence pessimism
          10.00 v _44211_/CLK (DFFLQNx2_ASAP7_75t_R)
 -18.44   -8.44   library setup time
          -8.44   data required time
---------------------------------------------------------
          -8.44   data required time
        -148.30   data arrival time
---------------------------------------------------------
        -156.74   slack (VIOLATED)


Startpoint: _43939_ (falling edge-triggered flip-flop clocked by clk')
Endpoint: _43939_ (falling edge-triggered flip-flop clocked by clk')
Path Group: clk
Path Type: max

  Delay    Time   Description
---------------------------------------------------------
   0.00    0.00   clock clk' (fall edge)
   0.00    0.00   clock network delay (ideal)
   0.00    0.00 v _43939_/CLK (DFFLQNx2_ASAP7_75t_R)
  86.37   86.37 ^ _43939_/QN (DFFLQNx2_ASAP7_75t_R)
  19.53  105.90 v _43749_/Y (NOR2x1_ASAP7_75t_R)
  33.48  139.38 v _43750_/Y (AO21x1_ASAP7_75t_R)
   0.00  139.38 v _43939_/D (DFFLQNx2_ASAP7_75t_R)
         139.38   data arrival time

  10.00   10.00   clock clk' (fall edge)
   0.00   10.00   clock network delay (ideal)
   0.00   10.00   clock reconvergence pessimism
          10.00 v _43939_/CLK (DFFLQNx2_ASAP7_75t_R)
 -17.35   -7.35   library setup time
          -7.35   data required time
---------------------------------------------------------
          -7.35   data required time
        -139.38   data arrival time
---------------------------------------------------------
        -146.73   slack (VIOLATED)


Startpoint: _43931_ (falling edge-triggered flip-flop clocked by clk')
Endpoint: _43931_ (falling edge-triggered flip-flop clocked by clk')
Path Group: clk
Path Type: max

  Delay    Time   Description
---------------------------------------------------------
   0.00    0.00   clock clk' (fall edge)
   0.00    0.00   clock network delay (ideal)
   0.00    0.00 v _43931_/CLK (DFFLQNx2_ASAP7_75t_R)
  86.16   86.16 ^ _43931_/QN (DFFLQNx2_ASAP7_75t_R)
  19.48  105.64 v _43732_/Y (NOR2x1_ASAP7_75t_R)
  33.48  139.13 v _43733_/Y (AO21x1_ASAP7_75t_R)
   0.00  139.13 v _43931_/D (DFFLQNx2_ASAP7_75t_R)
         139.13   data arrival time

  10.00   10.00   clock clk' (fall edge)
   0.00   10.00   clock network delay (ideal)
   0.00   10.00   clock reconvergence pessimism
          10.00 v _43931_/CLK (DFFLQNx2_ASAP7_75t_R)
 -17.35   -7.35   library setup time
          -7.35   data required time
---------------------------------------------------------
          -7.35   data required time
        -139.13   data arrival time
---------------------------------------------------------
        -146.48   slack (VIOLATED)


