Startpoint: _44298_ (falling edge-triggered flip-flop clocked by clk')
Endpoint: _44155_ (falling edge-triggered flip-flop clocked by clk')
Path Group: clk
Path Type: min

  Delay    Time   Description
---------------------------------------------------------
   0.00    0.00   clock clk' (fall edge)
   0.00    0.00   clock network delay (ideal)
   0.00    0.00 v _44298_/CLK (DFFLQNx2_ASAP7_75t_R)
  82.03   82.03 ^ _44298_/QN (DFFLQNx2_ASAP7_75t_R)
  16.48   98.51 v _34426_/Y (AOI21x1_ASAP7_75t_R)
  12.88  111.39 ^ _34427_/Y (NOR2x1_ASAP7_75t_R)
   0.00  111.39 ^ _44155_/D (DFFLQNx2_ASAP7_75t_R)
         111.39   data arrival time

   0.00    0.00   clock clk' (fall edge)
   0.00    0.00   clock network delay (ideal)
   0.00    0.00   clock reconvergence pessimism
           0.00 v _44155_/CLK (DFFLQNx2_ASAP7_75t_R)
  14.20   14.20   library hold time
          14.20   data required time
---------------------------------------------------------
          14.20   data required time
        -111.39   data arrival time
---------------------------------------------------------
          97.20   slack (MET)


Startpoint: _44308_ (falling edge-triggered flip-flop clocked by clk')
Endpoint: _44149_ (falling edge-triggered flip-flop clocked by clk')
Path Group: clk
Path Type: min

  Delay    Time   Description
---------------------------------------------------------
   0.00    0.00   clock clk' (fall edge)
   0.00    0.00   clock network delay (ideal)
   0.00    0.00 v _44308_/CLK (DFFLQNx2_ASAP7_75t_R)
  82.03   82.03 ^ _44308_/QN (DFFLQNx2_ASAP7_75t_R)
  16.48   98.51 v _34619_/Y (AOI21x1_ASAP7_75t_R)
  12.97  111.48 ^ _34622_/Y (NOR2x1_ASAP7_75t_R)
   0.00  111.48 ^ _44149_/D (DFFLQNx2_ASAP7_75t_R)
         111.48   data arrival time

   0.00    0.00   clock clk' (fall edge)
   0.00    0.00   clock network delay (ideal)
   0.00    0.00   clock reconvergence pessimism
           0.00 v _44149_/CLK (DFFLQNx2_ASAP7_75t_R)
  14.20   14.20   library hold time
          14.20   data required time
---------------------------------------------------------
          14.20   data required time
        -111.48   data arrival time
---------------------------------------------------------
          97.28   slack (MET)


Startpoint: _44295_ (falling edge-triggered flip-flop clocked by clk')
Endpoint: _44024_ (falling edge-triggered flip-flop clocked by clk')
Path Group: clk
Path Type: min

  Delay    Time   Description
---------------------------------------------------------
   0.00    0.00   clock clk' (fall edge)
   0.00    0.00   clock network delay (ideal)
   0.00    0.00 v _44295_/CLK (DFFLQNx2_ASAP7_75t_R)
  81.24   81.24 ^ _44295_/QN (DFFLQNx2_ASAP7_75t_R)
  18.92  100.16 v _24060_/Y (INVx4_ASAP7_75t_R)
  16.32  116.48 ^ _43275_/Y (XOR2x1_ASAP7_75t_R)
   0.00  116.48 ^ _44024_/D (DFFLQNx3_ASAP7_75t_R)
         116.48   data arrival time

   0.00    0.00   clock clk' (fall edge)
   0.00    0.00   clock network delay (ideal)
   0.00    0.00   clock reconvergence pessimism
           0.00 v _44024_/CLK (DFFLQNx3_ASAP7_75t_R)
  18.33   18.33   library hold time
          18.33   data required time
---------------------------------------------------------
          18.33   data required time
        -116.48   data arrival time
---------------------------------------------------------
          98.15   slack (MET)


Startpoint: _44289_ (falling edge-triggered flip-flop clocked by clk')
Endpoint: _44162_ (falling edge-triggered flip-flop clocked by clk')
Path Group: clk
Path Type: min

  Delay    Time   Description
---------------------------------------------------------
   0.00    0.00   clock clk' (fall edge)
   0.00    0.00   clock network delay (ideal)
   0.00    0.00 v _44289_/CLK (DFFLQNx2_ASAP7_75t_R)
  83.19   83.19 ^ _44289_/QN (DFFLQNx2_ASAP7_75t_R)
  17.99  101.19 v _34262_/Y (NAND3x1_ASAP7_75t_R)
  13.09  114.28 ^ _34263_/Y (NAND2x1_ASAP7_75t_R)
   0.00  114.28 ^ _44162_/D (DFFLQNx2_ASAP7_75t_R)
         114.28   data arrival time

   0.00    0.00   clock clk' (fall edge)
   0.00    0.00   clock network delay (ideal)
   0.00    0.00   clock reconvergence pessimism
           0.00 v _44162_/CLK (DFFLQNx2_ASAP7_75t_R)
  14.40   14.40   library hold time
          14.40   data required time
---------------------------------------------------------
          14.40   data required time
        -114.28   data arrival time
---------------------------------------------------------
          99.88   slack (MET)


Startpoint: _44290_ (falling edge-triggered flip-flop clocked by clk')
Endpoint: _44163_ (falling edge-triggered flip-flop clocked by clk')
Path Group: clk
Path Type: min

  Delay    Time   Description
---------------------------------------------------------
   0.00    0.00   clock clk' (fall edge)
   0.00    0.00   clock network delay (ideal)
   0.00    0.00 v _44290_/CLK (DFFLQNx2_ASAP7_75t_R)
  82.55   82.55 ^ _44290_/QN (DFFLQNx2_ASAP7_75t_R)
  16.08   98.64 v _34276_/Y (OAI21x1_ASAP7_75t_R)
  16.26  114.90 ^ _34289_/Y (NAND2x1_ASAP7_75t_R)
   0.00  114.90 ^ _44163_/D (DFFLQNx2_ASAP7_75t_R)
         114.90   data arrival time

   0.00    0.00   clock clk' (fall edge)
   0.00    0.00   clock network delay (ideal)
   0.00    0.00   clock reconvergence pessimism
           0.00 v _44163_/CLK (DFFLQNx2_ASAP7_75t_R)
  14.46   14.46   library hold time
          14.46   data required time
---------------------------------------------------------
          14.46   data required time
        -114.90   data arrival time
---------------------------------------------------------
         100.44   slack (MET)


Startpoint: _44261_ (falling edge-triggered flip-flop clocked by clk')
Endpoint: _44134_ (falling edge-triggered flip-flop clocked by clk')
Path Group: clk
Path Type: min

  Delay    Time   Description
---------------------------------------------------------
   0.00    0.00   clock clk' (fall edge)
   0.00    0.00   clock network delay (ideal)
   0.00    0.00 v _44261_/CLK (DFFLQNx2_ASAP7_75t_R)
  85.90   85.90 ^ _44261_/QN (DFFLQNx2_ASAP7_75t_R)
  16.11  102.01 v _38546_/Y (OAI21x1_ASAP7_75t_R)
  13.43  115.45 ^ _38547_/Y (NAND2x1_ASAP7_75t_R)
   0.00  115.45 ^ _44134_/D (DFFLQNx2_ASAP7_75t_R)
         115.45   data arrival time

   0.00    0.00   clock clk' (fall edge)
   0.00    0.00   clock network delay (ideal)
   0.00    0.00   clock reconvergence pessimism
           0.00 v _44134_/CLK (DFFLQNx2_ASAP7_75t_R)
  14.35   14.35   library hold time
          14.35   data required time
---------------------------------------------------------
          14.35   data required time
        -115.45   data arrival time
---------------------------------------------------------
         101.10   slack (MET)


Startpoint: _44296_ (falling edge-triggered flip-flop clocked by clk')
Endpoint: _44153_ (falling edge-triggered flip-flop clocked by clk')
Path Group: clk
Path Type: min

  Delay    Time   Description
---------------------------------------------------------
   0.00    0.00   clock clk' (fall edge)
   0.00    0.00   clock network delay (ideal)
   0.00    0.00 v _44296_/CLK (DFFLQNx2_ASAP7_75t_R)
  83.31   83.31 ^ _44296_/QN (DFFLQNx2_ASAP7_75t_R)
  19.65  102.96 v _34388_/Y (OAI21x1_ASAP7_75t_R)
  16.45  119.41 ^ _34389_/Y (NAND2x2_ASAP7_75t_R)
   0.00  119.41 ^ _44153_/D (DFFLQNx3_ASAP7_75t_R)
         119.41   data arrival time

   0.00    0.00   clock clk' (fall edge)
   0.00    0.00   clock network delay (ideal)
   0.00    0.00   clock reconvergence pessimism
           0.00 v _44153_/CLK (DFFLQNx3_ASAP7_75t_R)
  16.65   16.65   library hold time
          16.65   data required time
---------------------------------------------------------
          16.65   data required time
        -119.41   data arrival time
---------------------------------------------------------
         102.76   slack (MET)


Startpoint: _44212_ (falling edge-triggered flip-flop clocked by clk')
Endpoint: _44212_ (falling edge-triggered flip-flop clocked by clk')
Path Group: clk
Path Type: min

  Delay    Time   Description
---------------------------------------------------------
   0.00    0.00   clock clk' (fall edge)
   0.00    0.00   clock network delay (ideal)
   0.00    0.00 v _44212_/CLK (DFFLQNx2_ASAP7_75t_R)
  82.14   82.14 ^ _44212_/QN (DFFLQNx2_ASAP7_75t_R)
  20.29  102.43 v _43807_/SN (HAxp5_ASAP7_75t_R)
  14.52  116.96 ^ _43796_/Y (NOR2x1_ASAP7_75t_R)
   0.00  116.96 ^ _44212_/D (DFFLQNx2_ASAP7_75t_R)
         116.96   data arrival time

   0.00    0.00   clock clk' (fall edge)
   0.00    0.00   clock network delay (ideal)
   0.00    0.00   clock reconvergence pessimism
           0.00 v _44212_/CLK (DFFLQNx2_ASAP7_75t_R)
  13.96   13.96   library hold time
          13.96   data required time
---------------------------------------------------------
          13.96   data required time
        -116.96   data arrival time
---------------------------------------------------------
         103.00   slack (MET)


Startpoint: _44309_ (falling edge-triggered flip-flop clocked by clk')
Endpoint: _44150_ (falling edge-triggered flip-flop clocked by clk')
Path Group: clk
Path Type: min

  Delay    Time   Description
---------------------------------------------------------
   0.00    0.00   clock clk' (fall edge)
   0.00    0.00   clock network delay (ideal)
   0.00    0.00 v _44309_/CLK (DFFLQNx2_ASAP7_75t_R)
  87.62   87.62 ^ _44309_/QN (DFFLQNx2_ASAP7_75t_R)
  16.40  104.02 v _34631_/Y (OAI21x1_ASAP7_75t_R)
  13.39  117.41 ^ _34643_/Y (NAND2x1_ASAP7_75t_R)
   0.00  117.41 ^ _44150_/D (DFFLQNx2_ASAP7_75t_R)
         117.41   data arrival time

   0.00    0.00   clock clk' (fall edge)
   0.00    0.00   clock network delay (ideal)
   0.00    0.00   clock reconvergence pessimism
           0.00 v _44150_/CLK (DFFLQNx2_ASAP7_75t_R)
  14.36   14.36   library hold time
          14.36   data required time
---------------------------------------------------------
          14.36   data required time
        -117.41   data arrival time
---------------------------------------------------------
         103.06   slack (MET)


Startpoint: _44274_ (falling edge-triggered flip-flop clocked by clk')
Endpoint: _44115_ (falling edge-triggered flip-flop clocked by clk')
Path Group: clk
Path Type: min

  Delay    Time   Description
---------------------------------------------------------
   0.00    0.00   clock clk' (fall edge)
   0.00    0.00   clock network delay (ideal)
   0.00    0.00 v _44274_/CLK (DFFLQNx2_ASAP7_75t_R)
  88.25   88.25 ^ _44274_/QN (DFFLQNx2_ASAP7_75t_R)
  16.51  104.76 v _38808_/Y (OAI21x1_ASAP7_75t_R)
  13.08  117.84 ^ _38809_/Y (NAND2x1_ASAP7_75t_R)
   0.00  117.84 ^ _44115_/D (DFFLQNx2_ASAP7_75t_R)
         117.84   data arrival time

   0.00    0.00   clock clk' (fall edge)
   0.00    0.00   clock network delay (ideal)
   0.00    0.00   clock reconvergence pessimism
           0.00 v _44115_/CLK (DFFLQNx2_ASAP7_75t_R)
  14.40   14.40   library hold time
          14.40   data required time
---------------------------------------------------------
          14.40   data required time
        -117.84   data arrival time
---------------------------------------------------------
         103.44   slack (MET)


Startpoint: _44285_ (falling edge-triggered flip-flop clocked by clk')
Endpoint: _44174_ (falling edge-triggered flip-flop clocked by clk')
Path Group: clk
Path Type: min

  Delay    Time   Description
---------------------------------------------------------
   0.00    0.00   clock clk' (fall edge)
   0.00    0.00   clock network delay (ideal)
   0.00    0.00 v _44285_/CLK (DFFLQNx2_ASAP7_75t_R)
  87.97   87.97 ^ _44285_/QN (DFFLQNx2_ASAP7_75t_R)
  16.47  104.44 v _33958_/Y (OAI21x1_ASAP7_75t_R)
  13.39  117.83 ^ _33961_/Y (NAND2x1_ASAP7_75t_R)
   0.00  117.83 ^ _44174_/D (DFFLQNx2_ASAP7_75t_R)
         117.83   data arrival time

   0.00    0.00   clock clk' (fall edge)
   0.00    0.00   clock network delay (ideal)
   0.00    0.00   clock reconvergence pessimism
           0.00 v _44174_/CLK (DFFLQNx2_ASAP7_75t_R)
  14.36   14.36   library hold time
          14.36   data required time
---------------------------------------------------------
          14.36   data required time
        -117.83   data arrival time
---------------------------------------------------------
         103.47   slack (MET)


Startpoint: _44302_ (falling edge-triggered flip-flop clocked by clk')
Endpoint: _44031_ (falling edge-triggered flip-flop clocked by clk')
Path Group: clk
Path Type: min

  Delay    Time   Description
---------------------------------------------------------
   0.00    0.00   clock clk' (fall edge)
   0.00    0.00   clock network delay (ideal)
   0.00    0.00 v _44302_/CLK (DFFLQNx2_ASAP7_75t_R)
  81.36   81.36 ^ _44302_/QN (DFFLQNx2_ASAP7_75t_R)
  19.25  100.61 v _34504_/Y (INVx2_ASAP7_75t_R)
  16.39  117.00 ^ _43282_/Y (XOR2x1_ASAP7_75t_R)
   0.00  117.00 ^ _44031_/D (DFFLQNx2_ASAP7_75t_R)
         117.00   data arrival time

   0.00    0.00   clock clk' (fall edge)
   0.00    0.00   clock network delay (ideal)
   0.00    0.00   clock reconvergence pessimism
           0.00 v _44031_/CLK (DFFLQNx2_ASAP7_75t_R)
  13.36   13.36   library hold time
          13.36   data required time
---------------------------------------------------------
          13.36   data required time
        -117.00   data arrival time
---------------------------------------------------------
         103.64   slack (MET)


Startpoint: _44233_ (falling edge-triggered flip-flop clocked by clk')
Endpoint: _44090_ (falling edge-triggered flip-flop clocked by clk')
Path Group: clk
Path Type: min

  Delay    Time   Description
---------------------------------------------------------
   0.00    0.00   clock clk' (fall edge)
   0.00    0.00   clock network delay (ideal)
   0.00    0.00 v _44233_/CLK (DFFLQNx2_ASAP7_75t_R)
  88.69   88.69 ^ _44233_/QN (DFFLQNx2_ASAP7_75t_R)
  16.59  105.28 v _43003_/Y (OAI21x1_ASAP7_75t_R)
  13.03  118.31 ^ _43004_/Y (NAND2x1_ASAP7_75t_R)
   0.00  118.31 ^ _44090_/D (DFFLQNx2_ASAP7_75t_R)
         118.31   data arrival time

   0.00    0.00   clock clk' (fall edge)
   0.00    0.00   clock network delay (ideal)
   0.00    0.00   clock reconvergence pessimism
           0.00 v _44090_/CLK (DFFLQNx2_ASAP7_75t_R)
  14.41   14.41   library hold time
          14.41   data required time
---------------------------------------------------------
          14.41   data required time
        -118.31   data arrival time
---------------------------------------------------------
         103.90   slack (MET)


Startpoint: _44297_ (falling edge-triggered flip-flop clocked by clk')
Endpoint: _44026_ (falling edge-triggered flip-flop clocked by clk')
Path Group: clk
Path Type: min

  Delay    Time   Description
---------------------------------------------------------
   0.00    0.00   clock clk' (fall edge)
   0.00    0.00   clock network delay (ideal)
   0.00    0.00 v _44297_/CLK (DFFLQNx2_ASAP7_75t_R)
 102.18  102.18 v _44297_/QN (DFFLQNx2_ASAP7_75t_R)
  20.38  122.56 ^ _43277_/Y (XOR2x1_ASAP7_75t_R)
   0.00  122.56 ^ _44026_/D (DFFLQNx3_ASAP7_75t_R)
         122.56   data arrival time

   0.00    0.00   clock clk' (fall edge)
   0.00    0.00   clock network delay (ideal)
   0.00    0.00   clock reconvergence pessimism
           0.00 v _44026_/CLK (DFFLQNx3_ASAP7_75t_R)
  18.43   18.43   library hold time
          18.43   data required time
---------------------------------------------------------
          18.43   data required time
        -122.56   data arrival time
---------------------------------------------------------
         104.13   slack (MET)


Startpoint: _44277_ (falling edge-triggered flip-flop clocked by clk')
Endpoint: _44070_ (falling edge-triggered flip-flop clocked by clk')
Path Group: clk
Path Type: min

  Delay    Time   Description
---------------------------------------------------------
   0.00    0.00   clock clk' (fall edge)
   0.00    0.00   clock network delay (ideal)
   0.00    0.00 v _44277_/CLK (DFFLQNx2_ASAP7_75t_R)
 102.18  102.18 v _44277_/QN (DFFLQNx2_ASAP7_75t_R)
  20.38  122.56 ^ _43241_/Y (XOR2x1_ASAP7_75t_R)
   0.00  122.56 ^ _44070_/D (DFFLQNx3_ASAP7_75t_R)
         122.56   data arrival time

   0.00    0.00   clock clk' (fall edge)
   0.00    0.00   clock network delay (ideal)
   0.00    0.00   clock reconvergence pessimism
           0.00 v _44070_/CLK (DFFLQNx3_ASAP7_75t_R)
  18.39   18.39   library hold time
          18.39   data required time
---------------------------------------------------------
          18.39   data required time
        -122.56   data arrival time
---------------------------------------------------------
         104.17   slack (MET)


Startpoint: _44269_ (falling edge-triggered flip-flop clocked by clk')
Endpoint: _44126_ (falling edge-triggered flip-flop clocked by clk')
Path Group: clk
Path Type: min

  Delay    Time   Description
---------------------------------------------------------
   0.00    0.00   clock clk' (fall edge)
   0.00    0.00   clock network delay (ideal)
   0.00    0.00 v _44269_/CLK (DFFLQNx2_ASAP7_75t_R)
  87.85   87.85 ^ _44269_/QN (DFFLQNx2_ASAP7_75t_R)
  17.89  105.74 v _38731_/Y (AOI21x1_ASAP7_75t_R)
  12.97  118.72 ^ _38733_/Y (NOR2x1_ASAP7_75t_R)
   0.00  118.72 ^ _44126_/D (DFFLQNx2_ASAP7_75t_R)
         118.72   data arrival time

   0.00    0.00   clock clk' (fall edge)
   0.00    0.00   clock network delay (ideal)
   0.00    0.00   clock reconvergence pessimism
           0.00 v _44126_/CLK (DFFLQNx2_ASAP7_75t_R)
  14.19   14.19   library hold time
          14.19   data required time
---------------------------------------------------------
          14.19   data required time
        -118.72   data arrival time
---------------------------------------------------------
         104.53   slack (MET)


Startpoint: _44281_ (falling edge-triggered flip-flop clocked by clk')
Endpoint: _44170_ (falling edge-triggered flip-flop clocked by clk')
Path Group: clk
Path Type: min

  Delay    Time   Description
---------------------------------------------------------
   0.00    0.00   clock clk' (fall edge)
   0.00    0.00   clock network delay (ideal)
   0.00    0.00 v _44281_/CLK (DFFLQNx2_ASAP7_75t_R)
  83.50   83.50 ^ _44281_/QN (DFFLQNx2_ASAP7_75t_R)
  19.71  103.22 v _32474_/Y (OAI21x1_ASAP7_75t_R)
  16.45  119.67 ^ _32485_/Y (NAND2x2_ASAP7_75t_R)
   0.00  119.67 ^ _44170_/D (DFFLQNx2_ASAP7_75t_R)
         119.67   data arrival time

   0.00    0.00   clock clk' (fall edge)
   0.00    0.00   clock network delay (ideal)
   0.00    0.00   clock reconvergence pessimism
           0.00 v _44170_/CLK (DFFLQNx2_ASAP7_75t_R)
  14.90   14.90   library hold time
          14.90   data required time
---------------------------------------------------------
          14.90   data required time
        -119.67   data arrival time
---------------------------------------------------------
         104.77   slack (MET)


Startpoint: _44304_ (falling edge-triggered flip-flop clocked by clk')
Endpoint: _44057_ (falling edge-triggered flip-flop clocked by clk')
Path Group: clk
Path Type: min

  Delay    Time   Description
---------------------------------------------------------
   0.00    0.00   clock clk' (fall edge)
   0.00    0.00   clock network delay (ideal)
   0.00    0.00 v _44304_/CLK (DFFLQNx2_ASAP7_75t_R)
 102.87  102.87 v _44304_/QN (DFFLQNx2_ASAP7_75t_R)
  20.45  123.32 ^ _43244_/Y (XOR2x1_ASAP7_75t_R)
   0.00  123.32 ^ _44057_/D (DFFLQNx3_ASAP7_75t_R)
         123.32   data arrival time

   0.00    0.00   clock clk' (fall edge)
   0.00    0.00   clock network delay (ideal)
   0.00    0.00   clock reconvergence pessimism
           0.00 v _44057_/CLK (DFFLQNx3_ASAP7_75t_R)
  18.38   18.38   library hold time
          18.38   data required time
---------------------------------------------------------
          18.38   data required time
        -123.32   data arrival time
---------------------------------------------------------
         104.94   slack (MET)


Startpoint: _44280_ (falling edge-triggered flip-flop clocked by clk')
Endpoint: _44169_ (falling edge-triggered flip-flop clocked by clk')
Path Group: clk
Path Type: min

  Delay    Time   Description
---------------------------------------------------------
   0.00    0.00   clock clk' (fall edge)
   0.00    0.00   clock network delay (ideal)
   0.00    0.00 v _44280_/CLK (DFFLQNx2_ASAP7_75t_R)
  91.88   91.88 ^ _44280_/QN (DFFLQNx2_ASAP7_75t_R)
  17.18  109.07 v _32061_/Y (OAI21x1_ASAP7_75t_R)
  13.04  122.10 ^ _32062_/Y (NAND2x1_ASAP7_75t_R)
   0.00  122.10 ^ _44169_/D (DFFLQNx3_ASAP7_75t_R)
         122.10   data arrival time

   0.00    0.00   clock clk' (fall edge)
   0.00    0.00   clock network delay (ideal)
   0.00    0.00   clock reconvergence pessimism
           0.00 v _44169_/CLK (DFFLQNx3_ASAP7_75t_R)
  17.15   17.15   library hold time
          17.15   data required time
---------------------------------------------------------
          17.15   data required time
        -122.10   data arrival time
---------------------------------------------------------
         104.95   slack (MET)


Startpoint: _44263_ (falling edge-triggered flip-flop clocked by clk')
Endpoint: _44032_ (falling edge-triggered flip-flop clocked by clk')
Path Group: clk
Path Type: min

  Delay    Time   Description
---------------------------------------------------------
   0.00    0.00   clock clk' (fall edge)
   0.00    0.00   clock network delay (ideal)
   0.00    0.00 v _44263_/CLK (DFFLQNx2_ASAP7_75t_R)
  90.34   90.34 ^ _44263_/QN (DFFLQNx2_ASAP7_75t_R)
  17.18  107.52 v _38584_/Y (INVx3_ASAP7_75t_R)
  15.89  123.41 ^ _43267_/Y (XOR2x1_ASAP7_75t_R)
   0.00  123.41 ^ _44032_/D (DFFLQNx3_ASAP7_75t_R)
         123.41   data arrival time

   0.00    0.00   clock clk' (fall edge)
   0.00    0.00   clock network delay (ideal)
   0.00    0.00   clock reconvergence pessimism
           0.00 v _44032_/CLK (DFFLQNx3_ASAP7_75t_R)
  18.27   18.27   library hold time
          18.27   data required time
---------------------------------------------------------
          18.27   data required time
        -123.41   data arrival time
---------------------------------------------------------
         105.15   slack (MET)


Startpoint: _44274_ (falling edge-triggered flip-flop clocked by clk')
Endpoint: _44067_ (falling edge-triggered flip-flop clocked by clk')
Path Group: clk
Path Type: min

  Delay    Time   Description
---------------------------------------------------------
   0.00    0.00   clock clk' (fall edge)
   0.00    0.00   clock network delay (ideal)
   0.00    0.00 v _44274_/CLK (DFFLQNx2_ASAP7_75t_R)
  88.25   88.25 ^ _44274_/QN (DFFLQNx2_ASAP7_75t_R)
  19.19  107.44 v _25726_/Y (INVx3_ASAP7_75t_R)
  16.34  123.78 ^ _43238_/Y (XOR2x1_ASAP7_75t_R)
   0.00  123.78 ^ _44067_/D (DFFLQNx3_ASAP7_75t_R)
         123.78   data arrival time

   0.00    0.00   clock clk' (fall edge)
   0.00    0.00   clock network delay (ideal)
   0.00    0.00   clock reconvergence pessimism
           0.00 v _44067_/CLK (DFFLQNx3_ASAP7_75t_R)
  18.33   18.33   library hold time
          18.33   data required time
---------------------------------------------------------
          18.33   data required time
        -123.78   data arrival time
---------------------------------------------------------
         105.45   slack (MET)


Startpoint: _44247_ (falling edge-triggered flip-flop clocked by clk')
Endpoint: _43968_ (falling edge-triggered flip-flop clocked by clk')
Path Group: clk
Path Type: min

  Delay    Time   Description
---------------------------------------------------------
   0.00    0.00   clock clk' (fall edge)
   0.00    0.00   clock network delay (ideal)
   0.00    0.00 v _44247_/CLK (DFFLQNx2_ASAP7_75t_R)
  90.54   90.54 ^ _44247_/QN (DFFLQNx2_ASAP7_75t_R)
  17.37  107.91 v _22391_/Y (INVx6_ASAP7_75t_R)
  15.82  123.73 ^ _43331_/Y (XOR2x1_ASAP7_75t_R)
   0.00  123.73 ^ _43968_/D (DFFLQNx3_ASAP7_75t_R)
         123.73   data arrival time

   0.00    0.00   clock clk' (fall edge)
   0.00    0.00   clock network delay (ideal)
   0.00    0.00   clock reconvergence pessimism
           0.00 v _43968_/CLK (DFFLQNx3_ASAP7_75t_R)
  18.26   18.26   library hold time
          18.26   data required time
---------------------------------------------------------
          18.26   data required time
        -123.73   data arrival time
---------------------------------------------------------
         105.48   slack (MET)


Startpoint: _44247_ (falling edge-triggered flip-flop clocked by clk')
Endpoint: _44136_ (falling edge-triggered flip-flop clocked by clk')
Path Group: clk
Path Type: min

  Delay    Time   Description
---------------------------------------------------------
   0.00    0.00   clock clk' (fall edge)
   0.00    0.00   clock network delay (ideal)
   0.00    0.00 v _44247_/CLK (DFFLQNx2_ASAP7_75t_R)
  90.54   90.54 ^ _44247_/QN (DFFLQNx2_ASAP7_75t_R)
  17.37  107.91 v _22391_/Y (INVx6_ASAP7_75t_R)
  15.82  123.73 ^ _35857_/Y (XOR2x1_ASAP7_75t_R)
   0.00  123.73 ^ _44136_/D (DFFLQNx3_ASAP7_75t_R)
         123.73   data arrival time

   0.00    0.00   clock clk' (fall edge)
   0.00    0.00   clock network delay (ideal)
   0.00    0.00   clock reconvergence pessimism
           0.00 v _44136_/CLK (DFFLQNx3_ASAP7_75t_R)
  18.26   18.26   library hold time
          18.26   data required time
---------------------------------------------------------
          18.26   data required time
        -123.73   data arrival time
---------------------------------------------------------
         105.48   slack (MET)


Startpoint: _44299_ (falling edge-triggered flip-flop clocked by clk')
Endpoint: _44156_ (falling edge-triggered flip-flop clocked by clk')
Path Group: clk
Path Type: min

  Delay    Time   Description
---------------------------------------------------------
   0.00    0.00   clock clk' (fall edge)
   0.00    0.00   clock network delay (ideal)
   0.00    0.00 v _44299_/CLK (DFFLQNx2_ASAP7_75t_R)
  90.09   90.09 ^ _44299_/QN (DFFLQNx2_ASAP7_75t_R)
  16.84  106.93 v _34461_/Y (OAI21x1_ASAP7_75t_R)
  13.04  119.96 ^ _34462_/Y (NAND2x1_ASAP7_75t_R)
   0.00  119.96 ^ _44156_/D (DFFLQNx2_ASAP7_75t_R)
         119.96   data arrival time

   0.00    0.00   clock clk' (fall edge)
   0.00    0.00   clock network delay (ideal)
   0.00    0.00   clock reconvergence pessimism
           0.00 v _44156_/CLK (DFFLQNx2_ASAP7_75t_R)
  14.41   14.41   library hold time
          14.41   data required time
---------------------------------------------------------
          14.41   data required time
        -119.96   data arrival time
---------------------------------------------------------
         105.55   slack (MET)


Startpoint: _44300_ (falling edge-triggered flip-flop clocked by clk')
Endpoint: _44157_ (falling edge-triggered flip-flop clocked by clk')
Path Group: clk
Path Type: min

  Delay    Time   Description
---------------------------------------------------------
   0.00    0.00   clock clk' (fall edge)
   0.00    0.00   clock network delay (ideal)
   0.00    0.00 v _44300_/CLK (DFFLQNx2_ASAP7_75t_R)
  89.93   89.93 ^ _44300_/QN (DFFLQNx2_ASAP7_75t_R)
  16.81  106.75 v _34475_/Y (OAI21x1_ASAP7_75t_R)
  13.43  120.18 ^ _34478_/Y (NAND2x1_ASAP7_75t_R)
   0.00  120.18 ^ _44157_/D (DFFLQNx2_ASAP7_75t_R)
         120.18   data arrival time

   0.00    0.00   clock clk' (fall edge)
   0.00    0.00   clock network delay (ideal)
   0.00    0.00   clock reconvergence pessimism
           0.00 v _44157_/CLK (DFFLQNx2_ASAP7_75t_R)
  14.35   14.35   library hold time
          14.35   data required time
---------------------------------------------------------
          14.35   data required time
        -120.18   data arrival time
---------------------------------------------------------
         105.83   slack (MET)


Startpoint: _44300_ (falling edge-triggered flip-flop clocked by clk')
Endpoint: _44029_ (falling edge-triggered flip-flop clocked by clk')
Path Group: clk
Path Type: min

  Delay    Time   Description
---------------------------------------------------------
   0.00    0.00   clock clk' (fall edge)
   0.00    0.00   clock network delay (ideal)
   0.00    0.00 v _44300_/CLK (DFFLQNx2_ASAP7_75t_R)
 103.58  103.58 v _44300_/QN (DFFLQNx2_ASAP7_75t_R)
  20.52  124.10 ^ _43280_/Y (XOR2x1_ASAP7_75t_R)
   0.00  124.10 ^ _44029_/D (DFFLQNx3_ASAP7_75t_R)
         124.10   data arrival time

   0.00    0.00   clock clk' (fall edge)
   0.00    0.00   clock network delay (ideal)
   0.00    0.00   clock reconvergence pessimism
           0.00 v _44029_/CLK (DFFLQNx3_ASAP7_75t_R)
  18.23   18.23   library hold time
          18.23   data required time
---------------------------------------------------------
          18.23   data required time
        -124.10   data arrival time
---------------------------------------------------------
         105.87   slack (MET)


Startpoint: _44269_ (falling edge-triggered flip-flop clocked by clk')
Endpoint: _44038_ (falling edge-triggered flip-flop clocked by clk')
Path Group: clk
Path Type: min

  Delay    Time   Description
---------------------------------------------------------
   0.00    0.00   clock clk' (fall edge)
   0.00    0.00   clock network delay (ideal)
   0.00    0.00 v _44269_/CLK (DFFLQNx2_ASAP7_75t_R)
  87.85   87.85 ^ _44269_/QN (DFFLQNx2_ASAP7_75t_R)
  20.20  108.05 v _24537_/Y (INVx3_ASAP7_75t_R)
  16.54  124.58 ^ _43273_/Y (XOR2x1_ASAP7_75t_R)
   0.00  124.58 ^ _44038_/D (DFFLQNx3_ASAP7_75t_R)
         124.58   data arrival time

   0.00    0.00   clock clk' (fall edge)
   0.00    0.00   clock network delay (ideal)
   0.00    0.00   clock reconvergence pessimism
           0.00 v _44038_/CLK (DFFLQNx3_ASAP7_75t_R)
  18.37   18.37   library hold time
          18.37   data required time
---------------------------------------------------------
          18.37   data required time
        -124.58   data arrival time
---------------------------------------------------------
         106.21   slack (MET)


Startpoint: _44304_ (falling edge-triggered flip-flop clocked by clk')
Endpoint: _44145_ (falling edge-triggered flip-flop clocked by clk')
Path Group: clk
Path Type: min

  Delay    Time   Description
---------------------------------------------------------
   0.00    0.00   clock clk' (fall edge)
   0.00    0.00   clock network delay (ideal)
   0.00    0.00 v _44304_/CLK (DFFLQNx2_ASAP7_75t_R)
  89.33   89.33 ^ _44304_/QN (DFFLQNx2_ASAP7_75t_R)
  17.50  106.83 v _34531_/Y (OAI21x1_ASAP7_75t_R)
  16.61  123.44 ^ _34538_/Y (NAND2x1_ASAP7_75t_R)
   0.00  123.44 ^ _44145_/D (DFFLQNx3_ASAP7_75t_R)
         123.44   data arrival time

   0.00    0.00   clock clk' (fall edge)
   0.00    0.00   clock network delay (ideal)
   0.00    0.00   clock reconvergence pessimism
           0.00 v _44145_/CLK (DFFLQNx3_ASAP7_75t_R)
  17.17   17.17   library hold time
          17.17   data required time
---------------------------------------------------------
          17.17   data required time
        -123.44   data arrival time
---------------------------------------------------------
         106.27   slack (MET)


Startpoint: _44278_ (falling edge-triggered flip-flop clocked by clk')
Endpoint: _44071_ (falling edge-triggered flip-flop clocked by clk')
Path Group: clk
Path Type: min

  Delay    Time   Description
---------------------------------------------------------
   0.00    0.00   clock clk' (fall edge)
   0.00    0.00   clock network delay (ideal)
   0.00    0.00 v _44278_/CLK (DFFLQNx2_ASAP7_75t_R)
  88.25   88.25 ^ _44278_/QN (DFFLQNx2_ASAP7_75t_R)
  20.37  108.62 v _25758_/Y (INVx3_ASAP7_75t_R)
  16.57  125.19 ^ _43242_/Y (XOR2x1_ASAP7_75t_R)
   0.00  125.19 ^ _44071_/D (DFFLQNx3_ASAP7_75t_R)
         125.19   data arrival time

   0.00    0.00   clock clk' (fall edge)
   0.00    0.00   clock network delay (ideal)
   0.00    0.00   clock reconvergence pessimism
           0.00 v _44071_/CLK (DFFLQNx3_ASAP7_75t_R)
  18.38   18.38   library hold time
          18.38   data required time
---------------------------------------------------------
          18.38   data required time
        -125.19   data arrival time
---------------------------------------------------------
         106.81   slack (MET)


Startpoint: _44301_ (falling edge-triggered flip-flop clocked by clk')
Endpoint: _44158_ (falling edge-triggered flip-flop clocked by clk')
Path Group: clk
Path Type: min

  Delay    Time   Description
---------------------------------------------------------
   0.00    0.00   clock clk' (fall edge)
   0.00    0.00   clock network delay (ideal)
   0.00    0.00 v _44301_/CLK (DFFLQNx2_ASAP7_75t_R)
  86.30   86.30 ^ _44301_/QN (DFFLQNx2_ASAP7_75t_R)
  17.95  104.25 v _24535_/Y (INVx4_ASAP7_75t_R)
  16.03  120.29 ^ _34491_/Y (XOR2x1_ASAP7_75t_R)
   0.00  120.29 ^ _44158_/D (DFFLQNx2_ASAP7_75t_R)
         120.29   data arrival time

   0.00    0.00   clock clk' (fall edge)
   0.00    0.00   clock network delay (ideal)
   0.00    0.00   clock reconvergence pessimism
           0.00 v _44158_/CLK (DFFLQNx2_ASAP7_75t_R)
  13.36   13.36   library hold time
          13.36   data required time
---------------------------------------------------------
          13.36   data required time
        -120.29   data arrival time
---------------------------------------------------------
         106.92   slack (MET)


Startpoint: _44289_ (falling edge-triggered flip-flop clocked by clk')
Endpoint: _43994_ (falling edge-triggered flip-flop clocked by clk')
Path Group: clk
Path Type: min

  Delay    Time   Description
---------------------------------------------------------
   0.00    0.00   clock clk' (fall edge)
   0.00    0.00   clock network delay (ideal)
   0.00    0.00 v _44289_/CLK (DFFLQNx2_ASAP7_75t_R)
  83.19   83.19 ^ _44289_/QN (DFFLQNx2_ASAP7_75t_R)
  24.70  107.90 v _34259_/Y (INVx1_ASAP7_75t_R)
  17.47  125.36 ^ _43309_/Y (XOR2x1_ASAP7_75t_R)
   0.00  125.36 ^ _43994_/D (DFFLQNx3_ASAP7_75t_R)
         125.36   data arrival time

   0.00    0.00   clock clk' (fall edge)
   0.00    0.00   clock network delay (ideal)
   0.00    0.00   clock reconvergence pessimism
           0.00 v _43994_/CLK (DFFLQNx3_ASAP7_75t_R)
  18.29   18.29   library hold time
          18.29   data required time
---------------------------------------------------------
          18.29   data required time
        -125.36   data arrival time
---------------------------------------------------------
         107.08   slack (MET)


Startpoint: _44278_ (falling edge-triggered flip-flop clocked by clk')
Endpoint: _44119_ (falling edge-triggered flip-flop clocked by clk')
Path Group: clk
Path Type: min

  Delay    Time   Description
---------------------------------------------------------
   0.00    0.00   clock clk' (fall edge)
   0.00    0.00   clock network delay (ideal)
   0.00    0.00 v _44278_/CLK (DFFLQNx2_ASAP7_75t_R)
  88.25   88.25 ^ _44278_/QN (DFFLQNx2_ASAP7_75t_R)
  17.31  105.56 v _38853_/Y (OAI21x1_ASAP7_75t_R)
  16.18  121.74 ^ _38856_/Y (NAND2x1_ASAP7_75t_R)
   0.00  121.74 ^ _44119_/D (DFFLQNx2_ASAP7_75t_R)
         121.74   data arrival time

   0.00    0.00   clock clk' (fall edge)
   0.00    0.00   clock network delay (ideal)
   0.00    0.00   clock reconvergence pessimism
           0.00 v _44119_/CLK (DFFLQNx2_ASAP7_75t_R)
  14.40   14.40   library hold time
          14.40   data required time
---------------------------------------------------------
          14.40   data required time
        -121.74   data arrival time
---------------------------------------------------------
         107.34   slack (MET)


Startpoint: _44211_ (falling edge-triggered flip-flop clocked by clk')
Endpoint: _44211_ (falling edge-triggered flip-flop clocked by clk')
Path Group: clk
Path Type: min

  Delay    Time   Description
---------------------------------------------------------
   0.00    0.00   clock clk' (fall edge)
   0.00    0.00   clock network delay (ideal)
   0.00    0.00 v _44211_/CLK (DFFLQNx2_ASAP7_75t_R)
  86.53   86.53 ^ _44211_/QN (DFFLQNx2_ASAP7_75t_R)
  20.07  106.60 v _43358_/Y (INVx2_ASAP7_75t_R)
  14.80  121.40 ^ _43795_/Y (NOR2x1_ASAP7_75t_R)
   0.00  121.40 ^ _44211_/D (DFFLQNx2_ASAP7_75t_R)
         121.40   data arrival time

   0.00    0.00   clock clk' (fall edge)
   0.00    0.00   clock network delay (ideal)
   0.00    0.00   clock reconvergence pessimism
           0.00 v _44211_/CLK (DFFLQNx2_ASAP7_75t_R)
  13.96   13.96   library hold time
          13.96   data required time
---------------------------------------------------------
          13.96   data required time
        -121.40   data arrival time
---------------------------------------------------------
         107.44   slack (MET)


Startpoint: _44261_ (falling edge-triggered flip-flop clocked by clk')
Endpoint: _44006_ (falling edge-triggered flip-flop clocked by clk')
Path Group: clk
Path Type: min

  Delay    Time   Description
---------------------------------------------------------
   0.00    0.00   clock clk' (fall edge)
   0.00    0.00   clock network delay (ideal)
   0.00    0.00 v _44261_/CLK (DFFLQNx2_ASAP7_75t_R)
  85.90   85.90 ^ _44261_/QN (DFFLQNx2_ASAP7_75t_R)
  22.83  108.73 v _25643_/Y (INVx2_ASAP7_75t_R)
  17.01  125.75 ^ _43305_/Y (XOR2x1_ASAP7_75t_R)
   0.00  125.75 ^ _44006_/D (DFFLQNx3_ASAP7_75t_R)
         125.75   data arrival time

   0.00    0.00   clock clk' (fall edge)
   0.00    0.00   clock network delay (ideal)
   0.00    0.00   clock reconvergence pessimism
           0.00 v _44006_/CLK (DFFLQNx3_ASAP7_75t_R)
  18.29   18.29   library hold time
          18.29   data required time
---------------------------------------------------------
          18.29   data required time
        -125.75   data arrival time
---------------------------------------------------------
         107.46   slack (MET)


Startpoint: _44301_ (falling edge-triggered flip-flop clocked by clk')
Endpoint: _44030_ (falling edge-triggered flip-flop clocked by clk')
Path Group: clk
Path Type: min

  Delay    Time   Description
---------------------------------------------------------
   0.00    0.00   clock clk' (fall edge)
   0.00    0.00   clock network delay (ideal)
   0.00    0.00 v _44301_/CLK (DFFLQNx2_ASAP7_75t_R)
  86.30   86.30 ^ _44301_/QN (DFFLQNx2_ASAP7_75t_R)
  38.25  124.55 ^ _43281_/Y (XOR2x2_ASAP7_75t_R)
   0.00  124.55 ^ _44030_/D (DFFLQNx3_ASAP7_75t_R)
         124.55   data arrival time

   0.00    0.00   clock clk' (fall edge)
   0.00    0.00   clock network delay (ideal)
   0.00    0.00   clock reconvergence pessimism
           0.00 v _44030_/CLK (DFFLQNx3_ASAP7_75t_R)
  17.09   17.09   library hold time
          17.09   data required time
---------------------------------------------------------
          17.09   data required time
        -124.55   data arrival time
---------------------------------------------------------
         107.46   slack (MET)


Startpoint: _44281_ (falling edge-triggered flip-flop clocked by clk')
Endpoint: _43962_ (falling edge-triggered flip-flop clocked by clk')
Path Group: clk
Path Type: min

  Delay    Time   Description
---------------------------------------------------------
   0.00    0.00   clock clk' (fall edge)
   0.00    0.00   clock network delay (ideal)
   0.00    0.00 v _44281_/CLK (DFFLQNx2_ASAP7_75t_R)
  83.50   83.50 ^ _44281_/QN (DFFLQNx2_ASAP7_75t_R)
  24.84  108.34 v _32483_/Y (INVx1_ASAP7_75t_R)
  17.48  125.82 ^ _43341_/Y (XOR2x1_ASAP7_75t_R)
   0.00  125.82 ^ _43962_/D (DFFLQNx3_ASAP7_75t_R)
         125.82   data arrival time

   0.00    0.00   clock clk' (fall edge)
   0.00    0.00   clock network delay (ideal)
   0.00    0.00   clock reconvergence pessimism
           0.00 v _43962_/CLK (DFFLQNx3_ASAP7_75t_R)
  18.23   18.23   library hold time
          18.23   data required time
---------------------------------------------------------
          18.23   data required time
        -125.82   data arrival time
---------------------------------------------------------
         107.60   slack (MET)


Startpoint: _44252_ (falling edge-triggered flip-flop clocked by clk')
Endpoint: _43973_ (falling edge-triggered flip-flop clocked by clk')
Path Group: clk
Path Type: min

  Delay    Time   Description
---------------------------------------------------------
   0.00    0.00   clock clk' (fall edge)
   0.00    0.00   clock network delay (ideal)
   0.00    0.00 v _44252_/CLK (DFFLQNx2_ASAP7_75t_R)
 105.43  105.43 v _44252_/QN (DFFLQNx2_ASAP7_75t_R)
  20.72  126.15 ^ _43336_/Y (XOR2x1_ASAP7_75t_R)
   0.00  126.15 ^ _43973_/D (DFFLQNx3_ASAP7_75t_R)
         126.15   data arrival time

   0.00    0.00   clock clk' (fall edge)
   0.00    0.00   clock network delay (ideal)
   0.00    0.00   clock reconvergence pessimism
           0.00 v _43973_/CLK (DFFLQNx3_ASAP7_75t_R)
  18.48   18.48   library hold time
          18.48   data required time
---------------------------------------------------------
          18.48   data required time
        -126.15   data arrival time
---------------------------------------------------------
         107.67   slack (MET)


Startpoint: _44275_ (falling edge-triggered flip-flop clocked by clk')
Endpoint: _44068_ (falling edge-triggered flip-flop clocked by clk')
Path Group: clk
Path Type: min

  Delay    Time   Description
---------------------------------------------------------
   0.00    0.00   clock clk' (fall edge)
   0.00    0.00   clock network delay (ideal)
   0.00    0.00 v _44275_/CLK (DFFLQNx2_ASAP7_75t_R)
 105.33  105.33 v _44275_/QN (DFFLQNx2_ASAP7_75t_R)
  20.71  126.04 ^ _43239_/Y (XOR2x1_ASAP7_75t_R)
   0.00  126.04 ^ _44068_/D (DFFLQNx3_ASAP7_75t_R)
         126.04   data arrival time

   0.00    0.00   clock clk' (fall edge)
   0.00    0.00   clock network delay (ideal)
   0.00    0.00   clock reconvergence pessimism
           0.00 v _44068_/CLK (DFFLQNx3_ASAP7_75t_R)
  18.36   18.36   library hold time
          18.36   data required time
---------------------------------------------------------
          18.36   data required time
        -126.04   data arrival time
---------------------------------------------------------
         107.69   slack (MET)


Startpoint: _44260_ (falling edge-triggered flip-flop clocked by clk')
Endpoint: _44133_ (falling edge-triggered flip-flop clocked by clk')
Path Group: clk
Path Type: min

  Delay    Time   Description
---------------------------------------------------------
   0.00    0.00   clock clk' (fall edge)
   0.00    0.00   clock network delay (ideal)
   0.00    0.00 v _44260_/CLK (DFFLQNx2_ASAP7_75t_R)
  91.98   91.98 ^ _44260_/QN (DFFLQNx2_ASAP7_75t_R)
  17.20  109.18 v _38521_/Y (OAI21x1_ASAP7_75t_R)
  12.95  122.13 ^ _38524_/Y (NAND2x1_ASAP7_75t_R)
   0.00  122.13 ^ _44133_/D (DFFLQNx2_ASAP7_75t_R)
         122.13   data arrival time

   0.00    0.00   clock clk' (fall edge)
   0.00    0.00   clock network delay (ideal)
   0.00    0.00   clock reconvergence pessimism
           0.00 v _44133_/CLK (DFFLQNx2_ASAP7_75t_R)
  14.42   14.42   library hold time
          14.42   data required time
---------------------------------------------------------
          14.42   data required time
        -122.13   data arrival time
---------------------------------------------------------
         107.71   slack (MET)


Startpoint: _44291_ (falling edge-triggered flip-flop clocked by clk')
Endpoint: _44164_ (falling edge-triggered flip-flop clocked by clk')
Path Group: clk
Path Type: min

  Delay    Time   Description
---------------------------------------------------------
   0.00    0.00   clock clk' (fall edge)
   0.00    0.00   clock network delay (ideal)
   0.00    0.00 v _44291_/CLK (DFFLQNx2_ASAP7_75t_R)
  88.57   88.57 ^ _44291_/QN (DFFLQNx2_ASAP7_75t_R)
  17.37  105.93 v _34309_/Y (OAI21x1_ASAP7_75t_R)
  16.26  122.19 ^ _34310_/Y (NAND2x1_ASAP7_75t_R)
   0.00  122.19 ^ _44164_/D (DFFLQNx2_ASAP7_75t_R)
         122.19   data arrival time

   0.00    0.00   clock clk' (fall edge)
   0.00    0.00   clock network delay (ideal)
   0.00    0.00   clock reconvergence pessimism
           0.00 v _44164_/CLK (DFFLQNx2_ASAP7_75t_R)
  14.46   14.46   library hold time
          14.46   data required time
---------------------------------------------------------
          14.46   data required time
        -122.19   data arrival time
---------------------------------------------------------
         107.74   slack (MET)


Startpoint: _44227_ (falling edge-triggered flip-flop clocked by clk')
Endpoint: _44100_ (falling edge-triggered flip-flop clocked by clk')
Path Group: clk
Path Type: min

  Delay    Time   Description
---------------------------------------------------------
   0.00    0.00   clock clk' (fall edge)
   0.00    0.00   clock network delay (ideal)
   0.00    0.00 v _44227_/CLK (DFFLQNx2_ASAP7_75t_R)
  92.12   92.12 ^ _44227_/QN (DFFLQNx2_ASAP7_75t_R)
  17.22  109.34 v _42863_/Y (OAI21x1_ASAP7_75t_R)
  12.91  122.25 ^ _42870_/Y (NAND2x1_ASAP7_75t_R)
   0.00  122.25 ^ _44100_/D (DFFLQNx2_ASAP7_75t_R)
         122.25   data arrival time

   0.00    0.00   clock clk' (fall edge)
   0.00    0.00   clock network delay (ideal)
   0.00    0.00   clock reconvergence pessimism
           0.00 v _44100_/CLK (DFFLQNx2_ASAP7_75t_R)
  14.43   14.43   library hold time
          14.43   data required time
---------------------------------------------------------
          14.43   data required time
        -122.25   data arrival time
---------------------------------------------------------
         107.83   slack (MET)


Startpoint: _44280_ (falling edge-triggered flip-flop clocked by clk')
Endpoint: _43961_ (falling edge-triggered flip-flop clocked by clk')
Path Group: clk
Path Type: min

  Delay    Time   Description
---------------------------------------------------------
   0.00    0.00   clock clk' (fall edge)
   0.00    0.00   clock network delay (ideal)
   0.00    0.00 v _44280_/CLK (DFFLQNx2_ASAP7_75t_R)
 105.56  105.56 v _44280_/QN (DFFLQNx2_ASAP7_75t_R)
  20.73  126.29 ^ _43340_/Y (XOR2x1_ASAP7_75t_R)
   0.00  126.29 ^ _43961_/D (DFFLQNx3_ASAP7_75t_R)
         126.29   data arrival time

   0.00    0.00   clock clk' (fall edge)
   0.00    0.00   clock network delay (ideal)
   0.00    0.00   clock reconvergence pessimism
           0.00 v _43961_/CLK (DFFLQNx3_ASAP7_75t_R)
  18.43   18.43   library hold time
          18.43   data required time
---------------------------------------------------------
          18.43   data required time
        -126.29   data arrival time
---------------------------------------------------------
         107.87   slack (MET)


Startpoint: _44296_ (falling edge-triggered flip-flop clocked by clk')
Endpoint: _44025_ (falling edge-triggered flip-flop clocked by clk')
Path Group: clk
Path Type: min

  Delay    Time   Description
---------------------------------------------------------
   0.00    0.00   clock clk' (fall edge)
   0.00    0.00   clock network delay (ideal)
   0.00    0.00 v _44296_/CLK (DFFLQNx2_ASAP7_75t_R)
  83.31   83.31 ^ _44296_/QN (DFFLQNx2_ASAP7_75t_R)
  21.17  104.49 v _24184_/Y (INVx3_ASAP7_75t_R)
  16.75  121.23 ^ _43276_/Y (XOR2x1_ASAP7_75t_R)
   0.00  121.23 ^ _44025_/D (DFFLQNx2_ASAP7_75t_R)
         121.23   data arrival time

   0.00    0.00   clock clk' (fall edge)
   0.00    0.00   clock network delay (ideal)
   0.00    0.00   clock reconvergence pessimism
           0.00 v _44025_/CLK (DFFLQNx2_ASAP7_75t_R)
  13.20   13.20   library hold time
          13.20   data required time
---------------------------------------------------------
          13.20   data required time
        -121.23   data arrival time
---------------------------------------------------------
         108.04   slack (MET)


Startpoint: _44217_ (falling edge-triggered flip-flop clocked by clk')
Endpoint: _43978_ (falling edge-triggered flip-flop clocked by clk')
Path Group: clk
Path Type: min

  Delay    Time   Description
---------------------------------------------------------
   0.00    0.00   clock clk' (fall edge)
   0.00    0.00   clock network delay (ideal)
   0.00    0.00 v _44217_/CLK (DFFLQNx2_ASAP7_75t_R)
 105.63  105.63 v _44217_/QN (DFFLQNx2_ASAP7_75t_R)
  20.74  126.38 ^ _43325_/Y (XOR2x1_ASAP7_75t_R)
   0.00  126.38 ^ _43978_/D (DFFLQNx3_ASAP7_75t_R)
         126.38   data arrival time

   0.00    0.00   clock clk' (fall edge)
   0.00    0.00   clock network delay (ideal)
   0.00    0.00   clock reconvergence pessimism
           0.00 v _43978_/CLK (DFFLQNx3_ASAP7_75t_R)
  18.23   18.23   library hold time
          18.23   data required time
---------------------------------------------------------
          18.23   data required time
        -126.38   data arrival time
---------------------------------------------------------
         108.14   slack (MET)


Startpoint: _44283_ (falling edge-triggered flip-flop clocked by clk')
Endpoint: _44172_ (falling edge-triggered flip-flop clocked by clk')
Path Group: clk
Path Type: min

  Delay    Time   Description
---------------------------------------------------------
   0.00    0.00   clock clk' (fall edge)
   0.00    0.00   clock network delay (ideal)
   0.00    0.00 v _44283_/CLK (DFFLQNx2_ASAP7_75t_R)
  89.33   89.33 ^ _44283_/QN (DFFLQNx2_ASAP7_75t_R)
  17.50  106.83 v _33308_/Y (OAI21x1_ASAP7_75t_R)
  16.25  123.09 ^ _33309_/Y (NAND2x1_ASAP7_75t_R)
   0.00  123.09 ^ _44172_/D (DFFLQNx2_ASAP7_75t_R)
         123.09   data arrival time

   0.00    0.00   clock clk' (fall edge)
   0.00    0.00   clock network delay (ideal)
   0.00    0.00   clock reconvergence pessimism
           0.00 v _44172_/CLK (DFFLQNx2_ASAP7_75t_R)
  14.46   14.46   library hold time
          14.46   data required time
---------------------------------------------------------
          14.46   data required time
        -123.09   data arrival time
---------------------------------------------------------
         108.63   slack (MET)


Startpoint: _43950_ (falling edge-triggered flip-flop clocked by clk')
Endpoint: _44209_ (falling edge-triggered flip-flop clocked by clk')
Path Group: clk
Path Type: min

  Delay    Time   Description
---------------------------------------------------------
   0.00    0.00   clock clk' (fall edge)
   0.00    0.00   clock network delay (ideal)
   0.00    0.00 v _43950_/CLK (DFFLQNx2_ASAP7_75t_R)
  80.89   80.89 ^ _43950_/QN (DFFLQNx2_ASAP7_75t_R)
  46.35  127.23 ^ _26036_/Y (AND4x1_ASAP7_75t_R)
   0.00  127.23 ^ _44209_/D (DFFLQNx3_ASAP7_75t_R)
         127.23   data arrival time

   0.00    0.00   clock clk' (fall edge)
   0.00    0.00   clock network delay (ideal)
   0.00    0.00   clock reconvergence pessimism
           0.00 v _44209_/CLK (DFFLQNx3_ASAP7_75t_R)
  18.59   18.59   library hold time
          18.59   data required time
---------------------------------------------------------
          18.59   data required time
        -127.23   data arrival time
---------------------------------------------------------
         108.65   slack (MET)


Startpoint: _44287_ (falling edge-triggered flip-flop clocked by clk')
Endpoint: _44160_ (falling edge-triggered flip-flop clocked by clk')
Path Group: clk
Path Type: min

  Delay    Time   Description
---------------------------------------------------------
   0.00    0.00   clock clk' (fall edge)
   0.00    0.00   clock network delay (ideal)
   0.00    0.00 v _44287_/CLK (DFFLQNx2_ASAP7_75t_R)
  87.97   87.97 ^ _44287_/QN (DFFLQNx2_ASAP7_75t_R)
  20.85  108.82 v _34219_/Y (OAI21x1_ASAP7_75t_R)
  16.45  125.27 ^ _34220_/Y (NAND2x2_ASAP7_75t_R)
   0.00  125.27 ^ _44160_/D (DFFLQNx3_ASAP7_75t_R)
         125.27   data arrival time

   0.00    0.00   clock clk' (fall edge)
   0.00    0.00   clock network delay (ideal)
   0.00    0.00   clock reconvergence pessimism
           0.00 v _44160_/CLK (DFFLQNx3_ASAP7_75t_R)
  16.61   16.61   library hold time
          16.61   data required time
---------------------------------------------------------
          16.61   data required time
        -125.27   data arrival time
---------------------------------------------------------
         108.66   slack (MET)


Startpoint: _44303_ (falling edge-triggered flip-flop clocked by clk')
Endpoint: _44144_ (falling edge-triggered flip-flop clocked by clk')
Path Group: clk
Path Type: min

  Delay    Time   Description
---------------------------------------------------------
   0.00    0.00   clock clk' (fall edge)
   0.00    0.00   clock network delay (ideal)
   0.00    0.00 v _44303_/CLK (DFFLQNx2_ASAP7_75t_R)
 102.42  102.42 v _44303_/QN (DFFLQNx2_ASAP7_75t_R)
  23.59  126.00 ^ _34515_/Y (XNOR2x1_ASAP7_75t_R)
   0.00  126.00 ^ _44144_/D (DFFLQNx3_ASAP7_75t_R)
         126.00   data arrival time

   0.00    0.00   clock clk' (fall edge)
   0.00    0.00   clock network delay (ideal)
   0.00    0.00   clock reconvergence pessimism
           0.00 v _44144_/CLK (DFFLQNx3_ASAP7_75t_R)
  17.24   17.24   library hold time
          17.24   data required time
---------------------------------------------------------
          17.24   data required time
        -126.00   data arrival time
---------------------------------------------------------
         108.76   slack (MET)


Startpoint: _44309_ (falling edge-triggered flip-flop clocked by clk')
Endpoint: _44062_ (falling edge-triggered flip-flop clocked by clk')
Path Group: clk
Path Type: min

  Delay    Time   Description
---------------------------------------------------------
   0.00    0.00   clock clk' (fall edge)
   0.00    0.00   clock network delay (ideal)
   0.00    0.00 v _44309_/CLK (DFFLQNx2_ASAP7_75t_R)
  87.62   87.62 ^ _44309_/QN (DFFLQNx2_ASAP7_75t_R)
  38.61  126.22 ^ _43249_/Y (XOR2x2_ASAP7_75t_R)
   0.00  126.22 ^ _44062_/D (DFFLQNx3_ASAP7_75t_R)
         126.22   data arrival time

   0.00    0.00   clock clk' (fall edge)
   0.00    0.00   clock network delay (ideal)
   0.00    0.00   clock reconvergence pessimism
           0.00 v _44062_/CLK (DFFLQNx3_ASAP7_75t_R)
  17.09   17.09   library hold time
          17.09   data required time
---------------------------------------------------------
          17.09   data required time
        -126.22   data arrival time
---------------------------------------------------------
         109.13   slack (MET)


Startpoint: _44277_ (falling edge-triggered flip-flop clocked by clk')
Endpoint: _44118_ (falling edge-triggered flip-flop clocked by clk')
Path Group: clk
Path Type: min

  Delay    Time   Description
---------------------------------------------------------
   0.00    0.00   clock clk' (fall edge)
   0.00    0.00   clock network delay (ideal)
   0.00    0.00 v _44277_/CLK (DFFLQNx2_ASAP7_75t_R)
 102.18  102.18 v _44277_/QN (DFFLQNx2_ASAP7_75t_R)
  20.38  122.56 ^ _38845_/Y (XOR2x1_ASAP7_75t_R)
   0.00  122.56 ^ _44118_/D (DFFLQNx2_ASAP7_75t_R)
         122.56   data arrival time

   0.00    0.00   clock clk' (fall edge)
   0.00    0.00   clock network delay (ideal)
   0.00    0.00   clock reconvergence pessimism
           0.00 v _44118_/CLK (DFFLQNx2_ASAP7_75t_R)
  13.36   13.36   library hold time
          13.36   data required time
---------------------------------------------------------
          13.36   data required time
        -122.56   data arrival time
---------------------------------------------------------
         109.20   slack (MET)


Startpoint: _44297_ (falling edge-triggered flip-flop clocked by clk')
Endpoint: _44154_ (falling edge-triggered flip-flop clocked by clk')
Path Group: clk
Path Type: min

  Delay    Time   Description
---------------------------------------------------------
   0.00    0.00   clock clk' (fall edge)
   0.00    0.00   clock network delay (ideal)
   0.00    0.00 v _44297_/CLK (DFFLQNx2_ASAP7_75t_R)
 102.18  102.18 v _44297_/QN (DFFLQNx2_ASAP7_75t_R)
  20.38  122.56 ^ _34403_/Y (XOR2x1_ASAP7_75t_R)
   0.00  122.56 ^ _44154_/D (DFFLQNx2_ASAP7_75t_R)
         122.56   data arrival time

   0.00    0.00   clock clk' (fall edge)
   0.00    0.00   clock network delay (ideal)
   0.00    0.00   clock reconvergence pessimism
           0.00 v _44154_/CLK (DFFLQNx2_ASAP7_75t_R)
  13.35   13.35   library hold time
          13.35   data required time
---------------------------------------------------------
          13.35   data required time
        -122.56   data arrival time
---------------------------------------------------------
         109.20   slack (MET)


Startpoint: _44298_ (falling edge-triggered flip-flop clocked by clk')
Endpoint: _44027_ (falling edge-triggered flip-flop clocked by clk')
Path Group: clk
Path Type: min

  Delay    Time   Description
---------------------------------------------------------
   0.00    0.00   clock clk' (fall edge)
   0.00    0.00   clock network delay (ideal)
   0.00    0.00 v _44298_/CLK (DFFLQNx2_ASAP7_75t_R)
  82.03   82.03 ^ _44298_/QN (DFFLQNx2_ASAP7_75t_R)
  23.73  105.75 v _34422_/Y (INVx1_ASAP7_75t_R)
  17.29  123.05 ^ _43278_/Y (XOR2x1_ASAP7_75t_R)
   0.00  123.05 ^ _44027_/D (DFFLQNx2_ASAP7_75t_R)
         123.05   data arrival time

   0.00    0.00   clock clk' (fall edge)
   0.00    0.00   clock network delay (ideal)
   0.00    0.00   clock reconvergence pessimism
           0.00 v _44027_/CLK (DFFLQNx2_ASAP7_75t_R)
  13.36   13.36   library hold time
          13.36   data required time
---------------------------------------------------------
          13.36   data required time
        -123.05   data arrival time
---------------------------------------------------------
         109.69   slack (MET)


Startpoint: _44279_ (falling edge-triggered flip-flop clocked by clk')
Endpoint: _44168_ (falling edge-triggered flip-flop clocked by clk')
Path Group: clk
Path Type: min

  Delay    Time   Description
---------------------------------------------------------
   0.00    0.00   clock clk' (fall edge)
   0.00    0.00   clock network delay (ideal)
   0.00    0.00 v _44279_/CLK (DFFLQNx2_ASAP7_75t_R)
 107.16  107.16 v _44279_/QN (DFFLQNx2_ASAP7_75t_R)
  20.90  128.07 ^ _31577_/Y (XOR2x1_ASAP7_75t_R)
   0.00  128.07 ^ _44168_/D (DFFLQNx3_ASAP7_75t_R)
         128.07   data arrival time

   0.00    0.00   clock clk' (fall edge)
   0.00    0.00   clock network delay (ideal)
   0.00    0.00   clock reconvergence pessimism
           0.00 v _44168_/CLK (DFFLQNx3_ASAP7_75t_R)
  18.23   18.23   library hold time
          18.23   data required time
---------------------------------------------------------
          18.23   data required time
        -128.07   data arrival time
---------------------------------------------------------
         109.83   slack (MET)


Startpoint: _44283_ (falling edge-triggered flip-flop clocked by clk')
Endpoint: _43964_ (falling edge-triggered flip-flop clocked by clk')
Path Group: clk
Path Type: min

  Delay    Time   Description
---------------------------------------------------------
   0.00    0.00   clock clk' (fall edge)
   0.00    0.00   clock network delay (ideal)
   0.00    0.00 v _44283_/CLK (DFFLQNx2_ASAP7_75t_R)
 102.87  102.87 v _44283_/QN (DFFLQNx2_ASAP7_75t_R)
  20.45  123.32 ^ _43343_/Y (XOR2x1_ASAP7_75t_R)
   0.00  123.32 ^ _43964_/D (DFFLQNx2_ASAP7_75t_R)
         123.32   data arrival time

   0.00    0.00   clock clk' (fall edge)
   0.00    0.00   clock network delay (ideal)
   0.00    0.00   clock reconvergence pessimism
           0.00 v _43964_/CLK (DFFLQNx2_ASAP7_75t_R)
  13.36   13.36   library hold time
          13.36   data required time
---------------------------------------------------------
          13.36   data required time
        -123.32   data arrival time
---------------------------------------------------------
         109.96   slack (MET)


Startpoint: _44239_ (falling edge-triggered flip-flop clocked by clk')
Endpoint: _44080_ (falling edge-triggered flip-flop clocked by clk')
Path Group: clk
Path Type: min

  Delay    Time   Description
---------------------------------------------------------
   0.00    0.00   clock clk' (fall edge)
   0.00    0.00   clock network delay (ideal)
   0.00    0.00 v _44239_/CLK (DFFLQNx2_ASAP7_75t_R)
 107.41  107.41 v _44239_/QN (DFFLQNx2_ASAP7_75t_R)
  20.93  128.34 ^ _43110_/Y (XOR2x1_ASAP7_75t_R)
   0.00  128.34 ^ _44080_/D (DFFLQNx3_ASAP7_75t_R)
         128.34   data arrival time

   0.00    0.00   clock clk' (fall edge)
   0.00    0.00   clock network delay (ideal)
   0.00    0.00   clock reconvergence pessimism
           0.00 v _44080_/CLK (DFFLQNx3_ASAP7_75t_R)
  18.27   18.27   library hold time
          18.27   data required time
---------------------------------------------------------
          18.27   data required time
        -128.34   data arrival time
---------------------------------------------------------
         110.07   slack (MET)


Startpoint: _44262_ (falling edge-triggered flip-flop clocked by clk')
Endpoint: _44135_ (falling edge-triggered flip-flop clocked by clk')
Path Group: clk
Path Type: min

  Delay    Time   Description
---------------------------------------------------------
   0.00    0.00   clock clk' (fall edge)
   0.00    0.00   clock network delay (ideal)
   0.00    0.00 v _44262_/CLK (DFFLQNx2_ASAP7_75t_R)
  93.71   93.71 ^ _44262_/QN (DFFLQNx2_ASAP7_75t_R)
  18.48  112.19 v _38556_/Y (NAND2x1_ASAP7_75t_R)
  12.54  124.72 ^ _38557_/Y (NAND2x1_ASAP7_75t_R)
   0.00  124.72 ^ _44135_/D (DFFLQNx2_ASAP7_75t_R)
         124.72   data arrival time

   0.00    0.00   clock clk' (fall edge)
   0.00    0.00   clock network delay (ideal)
   0.00    0.00   clock reconvergence pessimism
           0.00 v _44135_/CLK (DFFLQNx2_ASAP7_75t_R)
  14.49   14.49   library hold time
          14.49   data required time
---------------------------------------------------------
          14.49   data required time
        -124.72   data arrival time
---------------------------------------------------------
         110.24   slack (MET)


Startpoint: _44225_ (falling edge-triggered flip-flop clocked by clk')
Endpoint: _44010_ (falling edge-triggered flip-flop clocked by clk')
Path Group: clk
Path Type: min

  Delay    Time   Description
---------------------------------------------------------
   0.00    0.00   clock clk' (fall edge)
   0.00    0.00   clock network delay (ideal)
   0.00    0.00 v _44225_/CLK (DFFLQNx2_ASAP7_75t_R)
  92.08   92.08 ^ _44225_/QN (DFFLQNx2_ASAP7_75t_R)
  20.00  112.07 v _42821_/Y (INVx2_ASAP7_75t_R)
  16.54  128.61 ^ _43293_/Y (XOR2x1_ASAP7_75t_R)
   0.00  128.61 ^ _44010_/D (DFFLQNx3_ASAP7_75t_R)
         128.61   data arrival time

   0.00    0.00   clock clk' (fall edge)
   0.00    0.00   clock network delay (ideal)
   0.00    0.00   clock reconvergence pessimism
           0.00 v _44010_/CLK (DFFLQNx3_ASAP7_75t_R)
  18.37   18.37   library hold time
          18.37   data required time
---------------------------------------------------------
          18.37   data required time
        -128.61   data arrival time
---------------------------------------------------------
         110.24   slack (MET)


Startpoint: _44291_ (falling edge-triggered flip-flop clocked by clk')
Endpoint: _43996_ (falling edge-triggered flip-flop clocked by clk')
Path Group: clk
Path Type: min

  Delay    Time   Description
---------------------------------------------------------
   0.00    0.00   clock clk' (fall edge)
   0.00    0.00   clock network delay (ideal)
   0.00    0.00 v _44291_/CLK (DFFLQNx2_ASAP7_75t_R)
  88.57   88.57 ^ _44291_/QN (DFFLQNx2_ASAP7_75t_R)
  38.86  127.43 ^ _43311_/Y (XOR2x2_ASAP7_75t_R)
   0.00  127.43 ^ _43996_/D (DFFLQNx3_ASAP7_75t_R)
         127.43   data arrival time

   0.00    0.00   clock clk' (fall edge)
   0.00    0.00   clock network delay (ideal)
   0.00    0.00   clock reconvergence pessimism
           0.00 v _43996_/CLK (DFFLQNx3_ASAP7_75t_R)
  17.09   17.09   library hold time
          17.09   data required time
---------------------------------------------------------
          17.09   data required time
        -127.43   data arrival time
---------------------------------------------------------
         110.34   slack (MET)


Startpoint: _44256_ (falling edge-triggered flip-flop clocked by clk')
Endpoint: _44001_ (falling edge-triggered flip-flop clocked by clk')
Path Group: clk
Path Type: min

  Delay    Time   Description
---------------------------------------------------------
   0.00    0.00   clock clk' (fall edge)
   0.00    0.00   clock network delay (ideal)
   0.00    0.00 v _44256_/CLK (DFFLQNx2_ASAP7_75t_R)
 107.69  107.69 v _44256_/QN (DFFLQNx2_ASAP7_75t_R)
  20.96  128.65 ^ _43300_/Y (XOR2x1_ASAP7_75t_R)
   0.00  128.65 ^ _44001_/D (DFFLQNx3_ASAP7_75t_R)
         128.65   data arrival time

   0.00    0.00   clock clk' (fall edge)
   0.00    0.00   clock network delay (ideal)
   0.00    0.00   clock reconvergence pessimism
           0.00 v _44001_/CLK (DFFLQNx3_ASAP7_75t_R)
  18.31   18.31   library hold time
          18.31   data required time
---------------------------------------------------------
          18.31   data required time
        -128.65   data arrival time
---------------------------------------------------------
         110.34   slack (MET)


Startpoint: _44284_ (falling edge-triggered flip-flop clocked by clk')
Endpoint: _44173_ (falling edge-triggered flip-flop clocked by clk')
Path Group: clk
Path Type: min

  Delay    Time   Description
---------------------------------------------------------
   0.00    0.00   clock clk' (fall edge)
   0.00    0.00   clock network delay (ideal)
   0.00    0.00 v _44284_/CLK (DFFLQNx2_ASAP7_75t_R)
  92.77   92.77 ^ _44284_/QN (DFFLQNx2_ASAP7_75t_R)
  18.93  111.71 v _33640_/Y (AOI21x1_ASAP7_75t_R)
  12.88  124.59 ^ _33641_/Y (NOR2x1_ASAP7_75t_R)
   0.00  124.59 ^ _44173_/D (DFFLQNx2_ASAP7_75t_R)
         124.59   data arrival time

   0.00    0.00   clock clk' (fall edge)
   0.00    0.00   clock network delay (ideal)
   0.00    0.00   clock reconvergence pessimism
           0.00 v _44173_/CLK (DFFLQNx2_ASAP7_75t_R)
  14.18   14.18   library hold time
          14.18   data required time
---------------------------------------------------------
          14.18   data required time
        -124.59   data arrival time
---------------------------------------------------------
         110.41   slack (MET)


Startpoint: _44306_ (falling edge-triggered flip-flop clocked by clk')
Endpoint: _44147_ (falling edge-triggered flip-flop clocked by clk')
Path Group: clk
Path Type: min

  Delay    Time   Description
---------------------------------------------------------
   0.00    0.00   clock clk' (fall edge)
   0.00    0.00   clock network delay (ideal)
   0.00    0.00 v _44306_/CLK (DFFLQNx2_ASAP7_75t_R)
  94.23   94.23 ^ _44306_/QN (DFFLQNx2_ASAP7_75t_R)
  17.62  111.85 v _34580_/Y (OAI21x1_ASAP7_75t_R)
  13.04  124.89 ^ _34581_/Y (NAND2x1_ASAP7_75t_R)
   0.00  124.89 ^ _44147_/D (DFFLQNx2_ASAP7_75t_R)
         124.89   data arrival time

   0.00    0.00   clock clk' (fall edge)
   0.00    0.00   clock network delay (ideal)
   0.00    0.00   clock reconvergence pessimism
           0.00 v _44147_/CLK (DFFLQNx2_ASAP7_75t_R)
  14.41   14.41   library hold time
          14.41   data required time
---------------------------------------------------------
          14.41   data required time
        -124.89   data arrival time
---------------------------------------------------------
         110.48   slack (MET)


Startpoint: _44303_ (falling edge-triggered flip-flop clocked by clk')
Endpoint: _44056_ (falling edge-triggered flip-flop clocked by clk')
Path Group: clk
Path Type: min

  Delay    Time   Description
---------------------------------------------------------
   0.00    0.00   clock clk' (fall edge)
   0.00    0.00   clock network delay (ideal)
   0.00    0.00 v _44303_/CLK (DFFLQNx2_ASAP7_75t_R)
  88.66   88.66 ^ _44303_/QN (DFFLQNx2_ASAP7_75t_R)
  19.87  108.53 v _43243_/Y (XOR2x1_ASAP7_75t_R)
   0.00  108.53 v _44056_/D (DFFLQNx1_ASAP7_75t_R)
         108.53   data arrival time

   0.00    0.00   clock clk' (fall edge)
   0.00    0.00   clock network delay (ideal)
   0.00    0.00   clock reconvergence pessimism
           0.00 v _44056_/CLK (DFFLQNx1_ASAP7_75t_R)
  -1.99   -1.99   library hold time
          -1.99   data required time
---------------------------------------------------------
          -1.99   data required time
        -108.53   data arrival time
---------------------------------------------------------
         110.52   slack (MET)


Startpoint: _44294_ (falling edge-triggered flip-flop clocked by clk')
Endpoint: _44167_ (falling edge-triggered flip-flop clocked by clk')
Path Group: clk
Path Type: min

  Delay    Time   Description
---------------------------------------------------------
   0.00    0.00   clock clk' (fall edge)
   0.00    0.00   clock network delay (ideal)
   0.00    0.00 v _44294_/CLK (DFFLQNx2_ASAP7_75t_R)
 103.47  103.47 v _44294_/QN (DFFLQNx2_ASAP7_75t_R)
  20.51  123.98 ^ _34341_/Y (XOR2x1_ASAP7_75t_R)
   0.00  123.98 ^ _44167_/D (DFFLQNx2_ASAP7_75t_R)
         123.98   data arrival time

   0.00    0.00   clock clk' (fall edge)
   0.00    0.00   clock network delay (ideal)
   0.00    0.00   clock reconvergence pessimism
           0.00 v _44167_/CLK (DFFLQNx2_ASAP7_75t_R)
  13.33   13.33   library hold time
          13.33   data required time
---------------------------------------------------------
          13.33   data required time
        -123.98   data arrival time
---------------------------------------------------------
         110.65   slack (MET)


Startpoint: _44286_ (falling edge-triggered flip-flop clocked by clk')
Endpoint: _44175_ (falling edge-triggered flip-flop clocked by clk')
Path Group: clk
Path Type: min

  Delay    Time   Description
---------------------------------------------------------
   0.00    0.00   clock clk' (fall edge)
   0.00    0.00   clock network delay (ideal)
   0.00    0.00 v _44286_/CLK (DFFLQNx2_ASAP7_75t_R)
 103.47  103.47 v _44286_/QN (DFFLQNx2_ASAP7_75t_R)
  20.51  123.98 ^ _34197_/Y (XOR2x1_ASAP7_75t_R)
   0.00  123.98 ^ _44175_/D (DFFLQNx2_ASAP7_75t_R)
         123.98   data arrival time

   0.00    0.00   clock clk' (fall edge)
   0.00    0.00   clock network delay (ideal)
   0.00    0.00   clock reconvergence pessimism
           0.00 v _44175_/CLK (DFFLQNx2_ASAP7_75t_R)
  13.33   13.33   library hold time
          13.33   data required time
---------------------------------------------------------
          13.33   data required time
        -123.98   data arrival time
---------------------------------------------------------
         110.65   slack (MET)


Startpoint: _44308_ (falling edge-triggered flip-flop clocked by clk')
Endpoint: _44061_ (falling edge-triggered flip-flop clocked by clk')
Path Group: clk
Path Type: min

  Delay    Time   Description
---------------------------------------------------------
   0.00    0.00   clock clk' (fall edge)
   0.00    0.00   clock network delay (ideal)
   0.00    0.00 v _44308_/CLK (DFFLQNx2_ASAP7_75t_R)
  82.03   82.03 ^ _44308_/QN (DFFLQNx2_ASAP7_75t_R)
  24.66  106.69 v _34620_/Y (INVx1_ASAP7_75t_R)
  17.51  124.20 ^ _43248_/Y (XOR2x1_ASAP7_75t_R)
   0.00  124.20 ^ _44061_/D (DFFLQNx2_ASAP7_75t_R)
         124.20   data arrival time

   0.00    0.00   clock clk' (fall edge)
   0.00    0.00   clock network delay (ideal)
   0.00    0.00   clock reconvergence pessimism
           0.00 v _44061_/CLK (DFFLQNx2_ASAP7_75t_R)
  13.24   13.24   library hold time
          13.24   data required time
---------------------------------------------------------
          13.24   data required time
        -124.20   data arrival time
---------------------------------------------------------
         110.96   slack (MET)


Startpoint: _44299_ (falling edge-triggered flip-flop clocked by clk')
Endpoint: _44028_ (falling edge-triggered flip-flop clocked by clk')
Path Group: clk
Path Type: min

  Delay    Time   Description
---------------------------------------------------------
   0.00    0.00   clock clk' (fall edge)
   0.00    0.00   clock network delay (ideal)
   0.00    0.00 v _44299_/CLK (DFFLQNx2_ASAP7_75t_R)
 103.82  103.82 v _44299_/QN (DFFLQNx2_ASAP7_75t_R)
  20.55  124.37 ^ _43279_/Y (XOR2x1_ASAP7_75t_R)
   0.00  124.37 ^ _44028_/D (DFFLQNx2_ASAP7_75t_R)
         124.37   data arrival time

   0.00    0.00   clock clk' (fall edge)
   0.00    0.00   clock network delay (ideal)
   0.00    0.00   clock reconvergence pessimism
           0.00 v _44028_/CLK (DFFLQNx2_ASAP7_75t_R)
  13.36   13.36   library hold time
          13.36   data required time
---------------------------------------------------------
          13.36   data required time
        -124.37   data arrival time
---------------------------------------------------------
         111.02   slack (MET)


Startpoint: _44248_ (falling edge-triggered flip-flop clocked by clk')
Endpoint: _44137_ (falling edge-triggered flip-flop clocked by clk')
Path Group: clk
Path Type: min

  Delay    Time   Description
---------------------------------------------------------
   0.00    0.00   clock clk' (fall edge)
   0.00    0.00   clock network delay (ideal)
   0.00    0.00 v _44248_/CLK (DFFLQNx2_ASAP7_75t_R)
  94.92   94.92 ^ _44248_/QN (DFFLQNx2_ASAP7_75t_R)
  20.32  115.24 v _36439_/Y (NAND3x2_ASAP7_75t_R)
  12.33  127.58 ^ _36440_/Y (NAND2x2_ASAP7_75t_R)
   0.00  127.58 ^ _44137_/D (DFFLQNx3_ASAP7_75t_R)
         127.58   data arrival time

   0.00    0.00   clock clk' (fall edge)
   0.00    0.00   clock network delay (ideal)
   0.00    0.00   clock reconvergence pessimism
           0.00 v _44137_/CLK (DFFLQNx3_ASAP7_75t_R)
  16.52   16.52   library hold time
          16.52   data required time
---------------------------------------------------------
          16.52   data required time
        -127.58   data arrival time
---------------------------------------------------------
         111.06   slack (MET)


Startpoint: _44282_ (falling edge-triggered flip-flop clocked by clk')
Endpoint: _43963_ (falling edge-triggered flip-flop clocked by clk')
Path Group: clk
Path Type: min

  Delay    Time   Description
---------------------------------------------------------
   0.00    0.00   clock clk' (fall edge)
   0.00    0.00   clock network delay (ideal)
   0.00    0.00 v _44282_/CLK (DFFLQNx2_ASAP7_75t_R)
 103.82  103.82 v _44282_/QN (DFFLQNx2_ASAP7_75t_R)
  20.55  124.37 ^ _43342_/Y (XOR2x1_ASAP7_75t_R)
   0.00  124.37 ^ _43963_/D (DFFLQNx2_ASAP7_75t_R)
         124.37   data arrival time

   0.00    0.00   clock clk' (fall edge)
   0.00    0.00   clock network delay (ideal)
   0.00    0.00   clock reconvergence pessimism
           0.00 v _43963_/CLK (DFFLQNx2_ASAP7_75t_R)
  13.12   13.12   library hold time
          13.12   data required time
---------------------------------------------------------
          13.12   data required time
        -124.37   data arrival time
---------------------------------------------------------
         111.26   slack (MET)


Startpoint: _44290_ (falling edge-triggered flip-flop clocked by clk')
Endpoint: _43995_ (falling edge-triggered flip-flop clocked by clk')
Path Group: clk
Path Type: min

  Delay    Time   Description
---------------------------------------------------------
   0.00    0.00   clock clk' (fall edge)
   0.00    0.00   clock network delay (ideal)
   0.00    0.00 v _44290_/CLK (DFFLQNx2_ASAP7_75t_R)
  82.55   82.55 ^ _44290_/QN (DFFLQNx2_ASAP7_75t_R)
  24.43  106.98 v _34287_/Y (INVx1_ASAP7_75t_R)
  17.43  124.42 ^ _43310_/Y (XOR2x1_ASAP7_75t_R)
   0.00  124.42 ^ _43995_/D (DFFLQNx2_ASAP7_75t_R)
         124.42   data arrival time

   0.00    0.00   clock clk' (fall edge)
   0.00    0.00   clock network delay (ideal)
   0.00    0.00   clock reconvergence pessimism
           0.00 v _43995_/CLK (DFFLQNx2_ASAP7_75t_R)
  13.03   13.03   library hold time
          13.03   data required time
---------------------------------------------------------
          13.03   data required time
        -124.42   data arrival time
---------------------------------------------------------
         111.39   slack (MET)


Startpoint: _44256_ (falling edge-triggered flip-flop clocked by clk')
Endpoint: _44129_ (falling edge-triggered flip-flop clocked by clk')
Path Group: clk
Path Type: min

  Delay    Time   Description
---------------------------------------------------------
   0.00    0.00   clock clk' (fall edge)
   0.00    0.00   clock network delay (ideal)
   0.00    0.00 v _44256_/CLK (DFFLQNx2_ASAP7_75t_R)
  93.83   93.83 ^ _44256_/QN (DFFLQNx2_ASAP7_75t_R)
  20.91  114.74 v _38461_/Y (OAI21x1_ASAP7_75t_R)
  13.41  128.15 ^ _38462_/Y (NAND2x2_ASAP7_75t_R)
   0.00  128.15 ^ _44129_/D (DFFLQNx3_ASAP7_75t_R)
         128.15   data arrival time

   0.00    0.00   clock clk' (fall edge)
   0.00    0.00   clock network delay (ideal)
   0.00    0.00   clock reconvergence pessimism
           0.00 v _44129_/CLK (DFFLQNx3_ASAP7_75t_R)
  16.71   16.71   library hold time
          16.71   data required time
---------------------------------------------------------
          16.71   data required time
        -128.15   data arrival time
---------------------------------------------------------
         111.44   slack (MET)


Startpoint: _44276_ (falling edge-triggered flip-flop clocked by clk')
Endpoint: _44069_ (falling edge-triggered flip-flop clocked by clk')
Path Group: clk
Path Type: min

  Delay    Time   Description
---------------------------------------------------------
   0.00    0.00   clock clk' (fall edge)
   0.00    0.00   clock network delay (ideal)
   0.00    0.00 v _44276_/CLK (DFFLQNx2_ASAP7_75t_R)
 108.82  108.82 v _44276_/QN (DFFLQNx2_ASAP7_75t_R)
  21.08  129.90 ^ _43240_/Y (XOR2x1_ASAP7_75t_R)
   0.00  129.90 ^ _44069_/D (DFFLQNx3_ASAP7_75t_R)
         129.90   data arrival time

   0.00    0.00   clock clk' (fall edge)
   0.00    0.00   clock network delay (ideal)
   0.00    0.00   clock reconvergence pessimism
           0.00 v _44069_/CLK (DFFLQNx3_ASAP7_75t_R)
  18.42   18.42   library hold time
          18.42   data required time
---------------------------------------------------------
          18.42   data required time
        -129.90   data arrival time
---------------------------------------------------------
         111.48   slack (MET)


Startpoint: _44221_ (falling edge-triggered flip-flop clocked by clk')
Endpoint: _44110_ (falling edge-triggered flip-flop clocked by clk')
Path Group: clk
Path Type: min

  Delay    Time   Description
---------------------------------------------------------
   0.00    0.00   clock clk' (fall edge)
   0.00    0.00   clock network delay (ideal)
   0.00    0.00 v _44221_/CLK (DFFLQNx2_ASAP7_75t_R)
  95.48   95.48 ^ _44221_/QN (DFFLQNx2_ASAP7_75t_R)
  17.86  113.34 v _42470_/Y (OAI21x1_ASAP7_75t_R)
  12.91  126.25 ^ _42473_/Y (NAND2x1_ASAP7_75t_R)
   0.00  126.25 ^ _44110_/D (DFFLQNx2_ASAP7_75t_R)
         126.25   data arrival time

   0.00    0.00   clock clk' (fall edge)
   0.00    0.00   clock network delay (ideal)
   0.00    0.00   clock reconvergence pessimism
           0.00 v _44110_/CLK (DFFLQNx2_ASAP7_75t_R)
  14.43   14.43   library hold time
          14.43   data required time
---------------------------------------------------------
          14.43   data required time
        -126.25   data arrival time
---------------------------------------------------------
         111.82   slack (MET)


Startpoint: _44264_ (falling edge-triggered flip-flop clocked by clk')
Endpoint: _44033_ (falling edge-triggered flip-flop clocked by clk')
Path Group: clk
Path Type: min

  Delay    Time   Description
---------------------------------------------------------
   0.00    0.00   clock clk' (fall edge)
   0.00    0.00   clock network delay (ideal)
   0.00    0.00 v _44264_/CLK (DFFLQNx2_ASAP7_75t_R)
 109.07  109.07 v _44264_/QN (DFFLQNx2_ASAP7_75t_R)
  21.11  130.18 ^ _43268_/Y (XOR2x1_ASAP7_75t_R)
   0.00  130.18 ^ _44033_/D (DFFLQNx3_ASAP7_75t_R)
         130.18   data arrival time

   0.00    0.00   clock clk' (fall edge)
   0.00    0.00   clock network delay (ideal)
   0.00    0.00   clock reconvergence pessimism
           0.00 v _44033_/CLK (DFFLQNx3_ASAP7_75t_R)
  18.23   18.23   library hold time
          18.23   data required time
---------------------------------------------------------
          18.23   data required time
        -130.18   data arrival time
---------------------------------------------------------
         111.95   slack (MET)


Startpoint: _44221_ (falling edge-triggered flip-flop clocked by clk')
Endpoint: _43982_ (falling edge-triggered flip-flop clocked by clk')
Path Group: clk
Path Type: min

  Delay    Time   Description
---------------------------------------------------------
   0.00    0.00   clock clk' (fall edge)
   0.00    0.00   clock network delay (ideal)
   0.00    0.00 v _44221_/CLK (DFFLQNx2_ASAP7_75t_R)
 109.36  109.36 v _44221_/QN (DFFLQNx2_ASAP7_75t_R)
  21.14  130.49 ^ _43329_/Y (XOR2x1_ASAP7_75t_R)
   0.00  130.49 ^ _43982_/D (DFFLQNx3_ASAP7_75t_R)
         130.49   data arrival time

   0.00    0.00   clock clk' (fall edge)
   0.00    0.00   clock network delay (ideal)
   0.00    0.00   clock reconvergence pessimism
           0.00 v _43982_/CLK (DFFLQNx3_ASAP7_75t_R)
  18.54   18.54   library hold time
          18.54   data required time
---------------------------------------------------------
          18.54   data required time
        -130.49   data arrival time
---------------------------------------------------------
         111.96   slack (MET)


Startpoint: _44229_ (falling edge-triggered flip-flop clocked by clk')
Endpoint: _44014_ (falling edge-triggered flip-flop clocked by clk')
Path Group: clk
Path Type: min

  Delay    Time   Description
---------------------------------------------------------
   0.00    0.00   clock clk' (fall edge)
   0.00    0.00   clock network delay (ideal)
   0.00    0.00 v _44229_/CLK (DFFLQNx2_ASAP7_75t_R)
  96.37   96.37 ^ _44229_/QN (DFFLQNx2_ASAP7_75t_R)
  17.80  114.17 v _25962_/Y (INVx5_ASAP7_75t_R)
  16.12  130.29 ^ _43297_/Y (XOR2x1_ASAP7_75t_R)
   0.00  130.29 ^ _44014_/D (DFFLQNx3_ASAP7_75t_R)
         130.29   data arrival time

   0.00    0.00   clock clk' (fall edge)
   0.00    0.00   clock network delay (ideal)
   0.00    0.00   clock reconvergence pessimism
           0.00 v _44014_/CLK (DFFLQNx3_ASAP7_75t_R)
  18.30   18.30   library hold time
          18.30   data required time
---------------------------------------------------------
          18.30   data required time
        -130.29   data arrival time
---------------------------------------------------------
         111.99   slack (MET)


Startpoint: _44230_ (falling edge-triggered flip-flop clocked by clk')
Endpoint: _44103_ (falling edge-triggered flip-flop clocked by clk')
Path Group: clk
Path Type: min

  Delay    Time   Description
---------------------------------------------------------
   0.00    0.00   clock clk' (fall edge)
   0.00    0.00   clock network delay (ideal)
   0.00    0.00 v _44230_/CLK (DFFLQNx2_ASAP7_75t_R)
  95.57   95.57 ^ _44230_/QN (DFFLQNx2_ASAP7_75t_R)
  17.88  113.44 v _42940_/Y (OAI21x1_ASAP7_75t_R)
  13.00  126.44 ^ _42941_/Y (NAND2x1_ASAP7_75t_R)
   0.00  126.44 ^ _44103_/D (DFFLQNx2_ASAP7_75t_R)
         126.44   data arrival time

   0.00    0.00   clock clk' (fall edge)
   0.00    0.00   clock network delay (ideal)
   0.00    0.00   clock reconvergence pessimism
           0.00 v _44103_/CLK (DFFLQNx2_ASAP7_75t_R)
  14.42   14.42   library hold time
          14.42   data required time
---------------------------------------------------------
          14.42   data required time
        -126.44   data arrival time
---------------------------------------------------------
         112.02   slack (MET)


Startpoint: _44241_ (falling edge-triggered flip-flop clocked by clk')
Endpoint: _44082_ (falling edge-triggered flip-flop clocked by clk')
Path Group: clk
Path Type: min

  Delay    Time   Description
---------------------------------------------------------
   0.00    0.00   clock clk' (fall edge)
   0.00    0.00   clock network delay (ideal)
   0.00    0.00 v _44241_/CLK (DFFLQNx2_ASAP7_75t_R)
  95.57   95.57 ^ _44241_/QN (DFFLQNx2_ASAP7_75t_R)
  17.88  113.44 v _43134_/Y (OAI21x1_ASAP7_75t_R)
  13.03  126.48 ^ _43135_/Y (NAND2x1_ASAP7_75t_R)
   0.00  126.48 ^ _44082_/D (DFFLQNx2_ASAP7_75t_R)
         126.48   data arrival time

   0.00    0.00   clock clk' (fall edge)
   0.00    0.00   clock network delay (ideal)
   0.00    0.00   clock reconvergence pessimism
           0.00 v _44082_/CLK (DFFLQNx2_ASAP7_75t_R)
  14.41   14.41   library hold time
          14.41   data required time
---------------------------------------------------------
          14.41   data required time
        -126.48   data arrival time
---------------------------------------------------------
         112.07   slack (MET)


Startpoint: _44273_ (falling edge-triggered flip-flop clocked by clk')
Endpoint: _44066_ (falling edge-triggered flip-flop clocked by clk')
Path Group: clk
Path Type: min

  Delay    Time   Description
---------------------------------------------------------
   0.00    0.00   clock clk' (fall edge)
   0.00    0.00   clock network delay (ideal)
   0.00    0.00 v _44273_/CLK (DFFLQNx2_ASAP7_75t_R)
  94.34   94.34 ^ _44273_/QN (DFFLQNx2_ASAP7_75t_R)
  19.68  114.02 v _25716_/Y (INVx4_ASAP7_75t_R)
  16.51  130.52 ^ _43237_/Y (XOR2x1_ASAP7_75t_R)
   0.00  130.52 ^ _44066_/D (DFFLQNx3_ASAP7_75t_R)
         130.52   data arrival time

   0.00    0.00   clock clk' (fall edge)
   0.00    0.00   clock network delay (ideal)
   0.00    0.00   clock reconvergence pessimism
           0.00 v _44066_/CLK (DFFLQNx3_ASAP7_75t_R)
  18.36   18.36   library hold time
          18.36   data required time
---------------------------------------------------------
          18.36   data required time
        -130.52   data arrival time
---------------------------------------------------------
         112.16   slack (MET)


Startpoint: _44230_ (falling edge-triggered flip-flop clocked by clk')
Endpoint: _44015_ (falling edge-triggered flip-flop clocked by clk')
Path Group: clk
Path Type: min

  Delay    Time   Description
---------------------------------------------------------
   0.00    0.00   clock clk' (fall edge)
   0.00    0.00   clock network delay (ideal)
   0.00    0.00 v _44230_/CLK (DFFLQNx2_ASAP7_75t_R)
 109.37  109.37 v _44230_/QN (DFFLQNx2_ASAP7_75t_R)
  21.14  130.51 ^ _43298_/Y (XOR2x1_ASAP7_75t_R)
   0.00  130.51 ^ _44015_/D (DFFLQNx3_ASAP7_75t_R)
         130.51   data arrival time

   0.00    0.00   clock clk' (fall edge)
   0.00    0.00   clock network delay (ideal)
   0.00    0.00   clock reconvergence pessimism
           0.00 v _44015_/CLK (DFFLQNx3_ASAP7_75t_R)
  18.23   18.23   library hold time
          18.23   data required time
---------------------------------------------------------
          18.23   data required time
        -130.51   data arrival time
---------------------------------------------------------
         112.28   slack (MET)


Startpoint: _44234_ (falling edge-triggered flip-flop clocked by clk')
Endpoint: _44091_ (falling edge-triggered flip-flop clocked by clk')
Path Group: clk
Path Type: min

  Delay    Time   Description
---------------------------------------------------------
   0.00    0.00   clock clk' (fall edge)
   0.00    0.00   clock network delay (ideal)
   0.00    0.00 v _44234_/CLK (DFFLQNx2_ASAP7_75t_R)
  95.53   95.53 ^ _44234_/QN (DFFLQNx2_ASAP7_75t_R)
  17.87  113.40 v _43015_/Y (OAI21x1_ASAP7_75t_R)
  13.39  126.79 ^ _43019_/Y (NAND2x1_ASAP7_75t_R)
   0.00  126.79 ^ _44091_/D (DFFLQNx2_ASAP7_75t_R)
         126.79   data arrival time

   0.00    0.00   clock clk' (fall edge)
   0.00    0.00   clock network delay (ideal)
   0.00    0.00   clock reconvergence pessimism
           0.00 v _44091_/CLK (DFFLQNx2_ASAP7_75t_R)
  14.36   14.36   library hold time
          14.36   data required time
---------------------------------------------------------
          14.36   data required time
        -126.79   data arrival time
---------------------------------------------------------
         112.44   slack (MET)


Startpoint: _44255_ (falling edge-triggered flip-flop clocked by clk')
Endpoint: _44000_ (falling edge-triggered flip-flop clocked by clk')
Path Group: clk
Path Type: min

  Delay    Time   Description
---------------------------------------------------------
   0.00    0.00   clock clk' (fall edge)
   0.00    0.00   clock network delay (ideal)
   0.00    0.00 v _44255_/CLK (DFFLQNx2_ASAP7_75t_R)
  95.50   95.50 ^ _44255_/QN (DFFLQNx2_ASAP7_75t_R)
  19.02  114.52 v _22994_/Y (INVx4_ASAP7_75t_R)
  16.38  130.90 ^ _43299_/Y (XOR2x1_ASAP7_75t_R)
   0.00  130.90 ^ _44000_/D (DFFLQNx3_ASAP7_75t_R)
         130.90   data arrival time

   0.00    0.00   clock clk' (fall edge)
   0.00    0.00   clock network delay (ideal)
   0.00    0.00   clock reconvergence pessimism
           0.00 v _44000_/CLK (DFFLQNx3_ASAP7_75t_R)
  18.33   18.33   library hold time
          18.33   data required time
---------------------------------------------------------
          18.33   data required time
        -130.90   data arrival time
---------------------------------------------------------
         112.56   slack (MET)


Startpoint: _44275_ (falling edge-triggered flip-flop clocked by clk')
Endpoint: _44116_ (falling edge-triggered flip-flop clocked by clk')
Path Group: clk
Path Type: min

  Delay    Time   Description
---------------------------------------------------------
   0.00    0.00   clock clk' (fall edge)
   0.00    0.00   clock network delay (ideal)
   0.00    0.00 v _44275_/CLK (DFFLQNx2_ASAP7_75t_R)
  91.56   91.56 ^ _44275_/QN (DFFLQNx2_ASAP7_75t_R)
  19.85  111.41 v _38827_/Y (AOI21x1_ASAP7_75t_R)
  15.35  126.76 ^ _38829_/Y (NOR2x1_ASAP7_75t_R)
   0.00  126.76 ^ _44116_/D (DFFLQNx2_ASAP7_75t_R)
         126.76   data arrival time

   0.00    0.00   clock clk' (fall edge)
   0.00    0.00   clock network delay (ideal)
   0.00    0.00   clock reconvergence pessimism
           0.00 v _44116_/CLK (DFFLQNx2_ASAP7_75t_R)
  14.19   14.19   library hold time
          14.19   data required time
---------------------------------------------------------
          14.19   data required time
        -126.76   data arrival time
---------------------------------------------------------
         112.57   slack (MET)


Startpoint: _44272_ (falling edge-triggered flip-flop clocked by clk')
Endpoint: _44113_ (falling edge-triggered flip-flop clocked by clk')
Path Group: clk
Path Type: min

  Delay    Time   Description
---------------------------------------------------------
   0.00    0.00   clock clk' (fall edge)
   0.00    0.00   clock network delay (ideal)
   0.00    0.00 v _44272_/CLK (DFFLQNx2_ASAP7_75t_R)
  98.48   98.48 ^ _44272_/QN (DFFLQNx2_ASAP7_75t_R)
  18.43  116.90 v _38775_/Y (OAI21x1_ASAP7_75t_R)
  13.08  129.98 ^ _38776_/Y (NAND2x1_ASAP7_75t_R)
   0.00  129.98 ^ _44113_/D (DFFLQNx3_ASAP7_75t_R)
         129.98   data arrival time

   0.00    0.00   clock clk' (fall edge)
   0.00    0.00   clock network delay (ideal)
   0.00    0.00   clock reconvergence pessimism
           0.00 v _44113_/CLK (DFFLQNx3_ASAP7_75t_R)
  17.16   17.16   library hold time
          17.16   data required time
---------------------------------------------------------
          17.16   data required time
        -129.98   data arrival time
---------------------------------------------------------
         112.82   slack (MET)


Startpoint: _44252_ (falling edge-triggered flip-flop clocked by clk')
Endpoint: _44141_ (falling edge-triggered flip-flop clocked by clk')
Path Group: clk
Path Type: min

  Delay    Time   Description
---------------------------------------------------------
   0.00    0.00   clock clk' (fall edge)
   0.00    0.00   clock network delay (ideal)
   0.00    0.00 v _44252_/CLK (DFFLQNx2_ASAP7_75t_R)
 105.43  105.43 v _44252_/QN (DFFLQNx2_ASAP7_75t_R)
  20.72  126.15 ^ _37882_/Y (XOR2x1_ASAP7_75t_R)
   0.00  126.15 ^ _44141_/D (DFFLQNx2_ASAP7_75t_R)
         126.15   data arrival time

   0.00    0.00   clock clk' (fall edge)
   0.00    0.00   clock network delay (ideal)
   0.00    0.00   clock reconvergence pessimism
           0.00 v _44141_/CLK (DFFLQNx2_ASAP7_75t_R)
  13.32   13.32   library hold time
          13.32   data required time
---------------------------------------------------------
          13.32   data required time
        -126.15   data arrival time
---------------------------------------------------------
         112.83   slack (MET)


Startpoint: _44286_ (falling edge-triggered flip-flop clocked by clk')
Endpoint: _43967_ (falling edge-triggered flip-flop clocked by clk')
Path Group: clk
Path Type: min

  Delay    Time   Description
---------------------------------------------------------
   0.00    0.00   clock clk' (fall edge)
   0.00    0.00   clock network delay (ideal)
   0.00    0.00 v _44286_/CLK (DFFLQNx2_ASAP7_75t_R)
 103.47  103.47 v _44286_/QN (DFFLQNx2_ASAP7_75t_R)
  23.77  127.23 ^ _43346_/Y (XNOR2x1_ASAP7_75t_R)
   0.00  127.23 ^ _43967_/D (DFFLQNx2_ASAP7_75t_R)
         127.23   data arrival time

   0.00    0.00   clock clk' (fall edge)
   0.00    0.00   clock network delay (ideal)
   0.00    0.00   clock reconvergence pessimism
           0.00 v _43967_/CLK (DFFLQNx2_ASAP7_75t_R)
  14.34   14.34   library hold time
          14.34   data required time
---------------------------------------------------------
          14.34   data required time
        -127.23   data arrival time
---------------------------------------------------------
         112.89   slack (MET)


Startpoint: _44282_ (falling edge-triggered flip-flop clocked by clk')
Endpoint: _44171_ (falling edge-triggered flip-flop clocked by clk')
Path Group: clk
Path Type: min

  Delay    Time   Description
---------------------------------------------------------
   0.00    0.00   clock clk' (fall edge)
   0.00    0.00   clock network delay (ideal)
   0.00    0.00 v _44282_/CLK (DFFLQNx2_ASAP7_75t_R)
  90.09   90.09 ^ _44282_/QN (DFFLQNx2_ASAP7_75t_R)
  21.32  111.41 v _32968_/Y (OAI21x1_ASAP7_75t_R)
  16.45  127.85 ^ _32980_/Y (NAND2x2_ASAP7_75t_R)
   0.00  127.85 ^ _44171_/D (DFFLQNx2_ASAP7_75t_R)
         127.85   data arrival time

   0.00    0.00   clock clk' (fall edge)
   0.00    0.00   clock network delay (ideal)
   0.00    0.00   clock reconvergence pessimism
           0.00 v _44171_/CLK (DFFLQNx2_ASAP7_75t_R)
  14.91   14.91   library hold time
          14.91   data required time
---------------------------------------------------------
          14.91   data required time
        -127.85   data arrival time
---------------------------------------------------------
         112.94   slack (MET)


Startpoint: _44231_ (falling edge-triggered flip-flop clocked by clk')
Endpoint: _44040_ (falling edge-triggered flip-flop clocked by clk')
Path Group: clk
Path Type: min

  Delay    Time   Description
---------------------------------------------------------
   0.00    0.00   clock clk' (fall edge)
   0.00    0.00   clock network delay (ideal)
   0.00    0.00 v _44231_/CLK (DFFLQNx2_ASAP7_75t_R)
  97.14   97.14 ^ _44231_/QN (DFFLQNx2_ASAP7_75t_R)
  17.94  115.08 v _25970_/Y (INVx5_ASAP7_75t_R)
  16.16  131.24 ^ _43259_/Y (XOR2x1_ASAP7_75t_R)
   0.00  131.24 ^ _44040_/D (DFFLQNx3_ASAP7_75t_R)
         131.24   data arrival time

   0.00    0.00   clock clk' (fall edge)
   0.00    0.00   clock network delay (ideal)
   0.00    0.00   clock reconvergence pessimism
           0.00 v _44040_/CLK (DFFLQNx3_ASAP7_75t_R)
  18.30   18.30   library hold time
          18.30   data required time
---------------------------------------------------------
          18.30   data required time
        -131.24   data arrival time
---------------------------------------------------------
         112.94   slack (MET)


Startpoint: _44232_ (falling edge-triggered flip-flop clocked by clk')
Endpoint: _44041_ (falling edge-triggered flip-flop clocked by clk')
Path Group: clk
Path Type: min

  Delay    Time   Description
---------------------------------------------------------
   0.00    0.00   clock clk' (fall edge)
   0.00    0.00   clock network delay (ideal)
   0.00    0.00 v _44232_/CLK (DFFLQNx2_ASAP7_75t_R)
  97.14   97.14 ^ _44232_/QN (DFFLQNx2_ASAP7_75t_R)
  17.94  115.08 v _25974_/Y (INVx5_ASAP7_75t_R)
  16.16  131.24 ^ _43260_/Y (XOR2x1_ASAP7_75t_R)
   0.00  131.24 ^ _44041_/D (DFFLQNx3_ASAP7_75t_R)
         131.24   data arrival time

   0.00    0.00   clock clk' (fall edge)
   0.00    0.00   clock network delay (ideal)
   0.00    0.00   clock reconvergence pessimism
           0.00 v _44041_/CLK (DFFLQNx3_ASAP7_75t_R)
  18.30   18.30   library hold time
          18.30   data required time
---------------------------------------------------------
          18.30   data required time
        -131.24   data arrival time
---------------------------------------------------------
         112.94   slack (MET)


Startpoint: _44306_ (falling edge-triggered flip-flop clocked by clk')
Endpoint: _44059_ (falling edge-triggered flip-flop clocked by clk')
Path Group: clk
Path Type: min

  Delay    Time   Description
---------------------------------------------------------
   0.00    0.00   clock clk' (fall edge)
   0.00    0.00   clock network delay (ideal)
   0.00    0.00 v _44306_/CLK (DFFLQNx2_ASAP7_75t_R)
  94.23   94.23 ^ _44306_/QN (DFFLQNx2_ASAP7_75t_R)
  20.50  114.73 v _34572_/Y (INVx2_ASAP7_75t_R)
  16.64  131.37 ^ _43246_/Y (XOR2x1_ASAP7_75t_R)
   0.00  131.37 ^ _44059_/D (DFFLQNx3_ASAP7_75t_R)
         131.37   data arrival time

   0.00    0.00   clock clk' (fall edge)
   0.00    0.00   clock network delay (ideal)
   0.00    0.00   clock reconvergence pessimism
           0.00 v _44059_/CLK (DFFLQNx3_ASAP7_75t_R)
  18.40   18.40   library hold time
          18.40   data required time
---------------------------------------------------------
          18.40   data required time
        -131.37   data arrival time
---------------------------------------------------------
         112.96   slack (MET)


Startpoint: _44268_ (falling edge-triggered flip-flop clocked by clk')
Endpoint: _44037_ (falling edge-triggered flip-flop clocked by clk')
Path Group: clk
Path Type: min

  Delay    Time   Description
---------------------------------------------------------
   0.00    0.00   clock clk' (fall edge)
   0.00    0.00   clock network delay (ideal)
   0.00    0.00 v _44268_/CLK (DFFLQNx2_ASAP7_75t_R)
 105.68  105.68 v _44268_/QN (DFFLQNx2_ASAP7_75t_R)
  20.75  126.43 ^ _43272_/Y (XOR2x1_ASAP7_75t_R)
   0.00  126.43 ^ _44037_/D (DFFLQNx2_ASAP7_75t_R)
         126.43   data arrival time

   0.00    0.00   clock clk' (fall edge)
   0.00    0.00   clock network delay (ideal)
   0.00    0.00   clock reconvergence pessimism
           0.00 v _44037_/CLK (DFFLQNx2_ASAP7_75t_R)
  13.36   13.36   library hold time
          13.36   data required time
---------------------------------------------------------
          13.36   data required time
        -126.43   data arrival time
---------------------------------------------------------
         113.07   slack (MET)


Startpoint: _44294_ (falling edge-triggered flip-flop clocked by clk')
Endpoint: _43999_ (falling edge-triggered flip-flop clocked by clk')
Path Group: clk
Path Type: min

  Delay    Time   Description
---------------------------------------------------------
   0.00    0.00   clock clk' (fall edge)
   0.00    0.00   clock network delay (ideal)
   0.00    0.00 v _44294_/CLK (DFFLQNx2_ASAP7_75t_R)
 103.47  103.47 v _44294_/QN (DFFLQNx2_ASAP7_75t_R)
  23.77  127.23 ^ _43314_/Y (XNOR2x1_ASAP7_75t_R)
   0.00  127.23 ^ _43999_/D (DFFLQNx2_ASAP7_75t_R)
         127.23   data arrival time

   0.00    0.00   clock clk' (fall edge)
   0.00    0.00   clock network delay (ideal)
   0.00    0.00   clock reconvergence pessimism
           0.00 v _43999_/CLK (DFFLQNx2_ASAP7_75t_R)
  14.09   14.09   library hold time
          14.09   data required time
---------------------------------------------------------
          14.09   data required time
        -127.23   data arrival time
---------------------------------------------------------
         113.15   slack (MET)


Startpoint: _44310_ (falling edge-triggered flip-flop clocked by clk')
Endpoint: _44151_ (falling edge-triggered flip-flop clocked by clk')
Path Group: clk
Path Type: min

  Delay    Time   Description
---------------------------------------------------------
   0.00    0.00   clock clk' (fall edge)
   0.00    0.00   clock network delay (ideal)
   0.00    0.00 v _44310_/CLK (DFFLQNx2_ASAP7_75t_R)
  93.19   93.19 ^ _44310_/QN (DFFLQNx2_ASAP7_75t_R)
  18.27  111.45 v _34660_/Y (OAI21x1_ASAP7_75t_R)
  16.26  127.72 ^ _34661_/Y (NAND2x1_ASAP7_75t_R)
   0.00  127.72 ^ _44151_/D (DFFLQNx2_ASAP7_75t_R)
         127.72   data arrival time

   0.00    0.00   clock clk' (fall edge)
   0.00    0.00   clock network delay (ideal)
   0.00    0.00   clock reconvergence pessimism
           0.00 v _44151_/CLK (DFFLQNx2_ASAP7_75t_R)
  14.46   14.46   library hold time
          14.46   data required time
---------------------------------------------------------
          14.46   data required time
        -127.72   data arrival time
---------------------------------------------------------
         113.26   slack (MET)


Startpoint: _44260_ (falling edge-triggered flip-flop clocked by clk')
Endpoint: _44005_ (falling edge-triggered flip-flop clocked by clk')
Path Group: clk
Path Type: min

  Delay    Time   Description
---------------------------------------------------------
   0.00    0.00   clock clk' (fall edge)
   0.00    0.00   clock network delay (ideal)
   0.00    0.00 v _44260_/CLK (DFFLQNx2_ASAP7_75t_R)
 105.77  105.77 v _44260_/QN (DFFLQNx2_ASAP7_75t_R)
  20.76  126.52 ^ _43304_/Y (XOR2x1_ASAP7_75t_R)
   0.00  126.52 ^ _44005_/D (DFFLQNx2_ASAP7_75t_R)
         126.52   data arrival time

   0.00    0.00   clock clk' (fall edge)
   0.00    0.00   clock network delay (ideal)
   0.00    0.00   clock reconvergence pessimism
           0.00 v _44005_/CLK (DFFLQNx2_ASAP7_75t_R)
  13.25   13.25   library hold time
          13.25   data required time
---------------------------------------------------------
          13.25   data required time
        -126.52   data arrival time
---------------------------------------------------------
         113.27   slack (MET)


Startpoint: _44253_ (falling edge-triggered flip-flop clocked by clk')
Endpoint: _43974_ (falling edge-triggered flip-flop clocked by clk')
Path Group: clk
Path Type: min

  Delay    Time   Description
---------------------------------------------------------
   0.00    0.00   clock clk' (fall edge)
   0.00    0.00   clock network delay (ideal)
   0.00    0.00 v _44253_/CLK (DFFLQNx2_ASAP7_75t_R)
  95.43   95.43 ^ _44253_/QN (DFFLQNx2_ASAP7_75t_R)
  19.91  115.34 v _22924_/Y (CKINVDCx5p33_ASAP7_75t_R)
  16.50  131.84 ^ _43337_/Y (XOR2x1_ASAP7_75t_R)
   0.00  131.84 ^ _43974_/D (DFFLQNx3_ASAP7_75t_R)
         131.84   data arrival time

   0.00    0.00   clock clk' (fall edge)
   0.00    0.00   clock network delay (ideal)
   0.00    0.00   clock reconvergence pessimism
           0.00 v _43974_/CLK (DFFLQNx3_ASAP7_75t_R)
  18.36   18.36   library hold time
          18.36   data required time
---------------------------------------------------------
          18.36   data required time
        -131.84   data arrival time
---------------------------------------------------------
         113.48   slack (MET)


Startpoint: _44244_ (falling edge-triggered flip-flop clocked by clk')
Endpoint: _44077_ (falling edge-triggered flip-flop clocked by clk')
Path Group: clk
Path Type: min

  Delay    Time   Description
---------------------------------------------------------
   0.00    0.00   clock clk' (fall edge)
   0.00    0.00   clock network delay (ideal)
   0.00    0.00 v _44244_/CLK (DFFLQNx2_ASAP7_75t_R)
  96.54   96.54 ^ _44244_/QN (DFFLQNx2_ASAP7_75t_R)
  19.35  115.89 v _43186_/Y (INVx3_ASAP7_75t_R)
  16.48  132.37 ^ _43232_/Y (XOR2x1_ASAP7_75t_R)
   0.00  132.37 ^ _44077_/D (DFFLQNx3_ASAP7_75t_R)
         132.37   data arrival time

   0.00    0.00   clock clk' (fall edge)
   0.00    0.00   clock network delay (ideal)
   0.00    0.00   clock reconvergence pessimism
           0.00 v _44077_/CLK (DFFLQNx3_ASAP7_75t_R)
  18.35   18.35   library hold time
          18.35   data required time
---------------------------------------------------------
          18.35   data required time
        -132.37   data arrival time
---------------------------------------------------------
         114.02   slack (MET)


Startpoint: _44245_ (falling edge-triggered flip-flop clocked by clk')
Endpoint: _44086_ (falling edge-triggered flip-flop clocked by clk')
Path Group: clk
Path Type: min

  Delay    Time   Description
---------------------------------------------------------
   0.00    0.00   clock clk' (fall edge)
   0.00    0.00   clock network delay (ideal)
   0.00    0.00 v _44245_/CLK (DFFLQNx2_ASAP7_75t_R)
  97.42   97.42 ^ _44245_/QN (DFFLQNx2_ASAP7_75t_R)
  18.23  115.65 v _43202_/Y (OAI21x1_ASAP7_75t_R)
  12.91  128.57 ^ _43210_/Y (NAND2x1_ASAP7_75t_R)
   0.00  128.57 ^ _44086_/D (DFFLQNx2_ASAP7_75t_R)
         128.57   data arrival time

   0.00    0.00   clock clk' (fall edge)
   0.00    0.00   clock network delay (ideal)
   0.00    0.00   clock reconvergence pessimism
           0.00 v _44086_/CLK (DFFLQNx2_ASAP7_75t_R)
  14.43   14.43   library hold time
          14.43   data required time
---------------------------------------------------------
          14.43   data required time
        -128.57   data arrival time
---------------------------------------------------------
         114.14   slack (MET)


Startpoint: _44239_ (falling edge-triggered flip-flop clocked by clk')
Endpoint: _44072_ (falling edge-triggered flip-flop clocked by clk')
Path Group: clk
Path Type: min

  Delay    Time   Description
---------------------------------------------------------
   0.00    0.00   clock clk' (fall edge)
   0.00    0.00   clock network delay (ideal)
   0.00    0.00 v _44239_/CLK (DFFLQNx2_ASAP7_75t_R)
 107.41  107.41 v _44239_/QN (DFFLQNx2_ASAP7_75t_R)
  24.43  131.84 ^ _43227_/Y (XNOR2x1_ASAP7_75t_R)
   0.00  131.84 ^ _44072_/D (DFFLQNx3_ASAP7_75t_R)
         131.84   data arrival time

   0.00    0.00   clock clk' (fall edge)
   0.00    0.00   clock network delay (ideal)
   0.00    0.00   clock reconvergence pessimism
           0.00 v _44072_/CLK (DFFLQNx3_ASAP7_75t_R)
  17.42   17.42   library hold time
          17.42   data required time
---------------------------------------------------------
          17.42   data required time
        -131.84   data arrival time
---------------------------------------------------------
         114.42   slack (MET)


Startpoint: _44250_ (falling edge-triggered flip-flop clocked by clk')
Endpoint: _44139_ (falling edge-triggered flip-flop clocked by clk')
Path Group: clk
Path Type: min

  Delay    Time   Description
---------------------------------------------------------
   0.00    0.00   clock clk' (fall edge)
   0.00    0.00   clock network delay (ideal)
   0.00    0.00 v _44250_/CLK (DFFLQNx2_ASAP7_75t_R)
  97.80   97.80 ^ _44250_/QN (DFFLQNx2_ASAP7_75t_R)
  18.30  116.10 v _37238_/Y (OAI21x1_ASAP7_75t_R)
  12.95  129.06 ^ _37241_/Y (NAND2x1_ASAP7_75t_R)
   0.00  129.06 ^ _44139_/D (DFFLQNx2_ASAP7_75t_R)
         129.06   data arrival time

   0.00    0.00   clock clk' (fall edge)
   0.00    0.00   clock network delay (ideal)
   0.00    0.00   clock reconvergence pessimism
           0.00 v _44139_/CLK (DFFLQNx2_ASAP7_75t_R)
  14.42   14.42   library hold time
          14.42   data required time
---------------------------------------------------------
          14.42   data required time
        -129.06   data arrival time
---------------------------------------------------------
         114.63   slack (MET)


Startpoint: _44229_ (falling edge-triggered flip-flop clocked by clk')
Endpoint: _44102_ (falling edge-triggered flip-flop clocked by clk')
Path Group: clk
Path Type: min

  Delay    Time   Description
---------------------------------------------------------
   0.00    0.00   clock clk' (fall edge)
   0.00    0.00   clock network delay (ideal)
   0.00    0.00 v _44229_/CLK (DFFLQNx2_ASAP7_75t_R)
  96.37   96.37 ^ _44229_/QN (DFFLQNx2_ASAP7_75t_R)
  19.72  116.09 v _42922_/Y (AOI21x1_ASAP7_75t_R)
  12.83  128.92 ^ _42926_/Y (NOR2x1_ASAP7_75t_R)
   0.00  128.92 ^ _44102_/D (DFFLQNx2_ASAP7_75t_R)
         128.92   data arrival time

   0.00    0.00   clock clk' (fall edge)
   0.00    0.00   clock network delay (ideal)
   0.00    0.00   clock reconvergence pessimism
           0.00 v _44102_/CLK (DFFLQNx2_ASAP7_75t_R)
  14.25   14.25   library hold time
          14.25   data required time
---------------------------------------------------------
          14.25   data required time
        -128.92   data arrival time
---------------------------------------------------------
         114.67   slack (MET)


Startpoint: _44233_ (falling edge-triggered flip-flop clocked by clk')
Endpoint: _44042_ (falling edge-triggered flip-flop clocked by clk')
Path Group: clk
Path Type: min

  Delay    Time   Description
---------------------------------------------------------
   0.00    0.00   clock clk' (fall edge)
   0.00    0.00   clock network delay (ideal)
   0.00    0.00 v _44233_/CLK (DFFLQNx2_ASAP7_75t_R)
  88.69   88.69 ^ _44233_/QN (DFFLQNx2_ASAP7_75t_R)
  26.63  115.32 v _42997_/Y (INVx1_ASAP7_75t_R)
  17.75  133.07 ^ _43261_/Y (XOR2x1_ASAP7_75t_R)
   0.00  133.07 ^ _44042_/D (DFFLQNx3_ASAP7_75t_R)
         133.07   data arrival time

   0.00    0.00   clock clk' (fall edge)
   0.00    0.00   clock network delay (ideal)
   0.00    0.00   clock reconvergence pessimism
           0.00 v _44042_/CLK (DFFLQNx3_ASAP7_75t_R)
  18.37   18.37   library hold time
          18.37   data required time
---------------------------------------------------------
          18.37   data required time
        -133.07   data arrival time
---------------------------------------------------------
         114.70   slack (MET)


Startpoint: _44253_ (falling edge-triggered flip-flop clocked by clk')
Endpoint: _44142_ (falling edge-triggered flip-flop clocked by clk')
Path Group: clk
Path Type: min

  Delay    Time   Description
---------------------------------------------------------
   0.00    0.00   clock clk' (fall edge)
   0.00    0.00   clock network delay (ideal)
   0.00    0.00 v _44253_/CLK (DFFLQNx2_ASAP7_75t_R)
  95.43   95.43 ^ _44253_/QN (DFFLQNx2_ASAP7_75t_R)
  21.27  116.70 v _38188_/Y (OAI21x1_ASAP7_75t_R)
  13.30  129.99 ^ _38194_/Y (NAND2x2_ASAP7_75t_R)
   0.00  129.99 ^ _44142_/D (DFFLQNx2_ASAP7_75t_R)
         129.99   data arrival time

   0.00    0.00   clock clk' (fall edge)
   0.00    0.00   clock network delay (ideal)
   0.00    0.00   clock reconvergence pessimism
           0.00 v _44142_/CLK (DFFLQNx2_ASAP7_75t_R)
  14.87   14.87   library hold time
          14.87   data required time
---------------------------------------------------------
          14.87   data required time
        -129.99   data arrival time
---------------------------------------------------------
         115.13   slack (MET)


Startpoint: _44225_ (falling edge-triggered flip-flop clocked by clk')
Endpoint: _44098_ (falling edge-triggered flip-flop clocked by clk')
Path Group: clk
Path Type: min

  Delay    Time   Description
---------------------------------------------------------
   0.00    0.00   clock clk' (fall edge)
   0.00    0.00   clock network delay (ideal)
   0.00    0.00 v _44225_/CLK (DFFLQNx2_ASAP7_75t_R)
  92.08   92.08 ^ _44225_/QN (DFFLQNx2_ASAP7_75t_R)
  21.80  113.88 v _42827_/Y (OAI21x1_ASAP7_75t_R)
  16.44  130.32 ^ _42828_/Y (NAND2x2_ASAP7_75t_R)
   0.00  130.32 ^ _44098_/D (DFFLQNx2_ASAP7_75t_R)
         130.32   data arrival time

   0.00    0.00   clock clk' (fall edge)
   0.00    0.00   clock network delay (ideal)
   0.00    0.00   clock reconvergence pessimism
           0.00 v _44098_/CLK (DFFLQNx2_ASAP7_75t_R)
  14.90   14.90   library hold time
          14.90   data required time
---------------------------------------------------------
          14.90   data required time
        -130.32   data arrival time
---------------------------------------------------------
         115.43   slack (MET)


Startpoint: _44268_ (falling edge-triggered flip-flop clocked by clk')
Endpoint: _44125_ (falling edge-triggered flip-flop clocked by clk')
Path Group: clk
Path Type: min

  Delay    Time   Description
---------------------------------------------------------
   0.00    0.00   clock clk' (fall edge)
   0.00    0.00   clock network delay (ideal)
   0.00    0.00 v _44268_/CLK (DFFLQNx2_ASAP7_75t_R)
  92.08   92.08 ^ _44268_/QN (DFFLQNx2_ASAP7_75t_R)
  21.80  113.88 v _38711_/Y (OAI21x1_ASAP7_75t_R)
  16.49  130.37 ^ _38712_/Y (NAND2x2_ASAP7_75t_R)
   0.00  130.37 ^ _44125_/D (DFFLQNx2_ASAP7_75t_R)
         130.37   data arrival time

   0.00    0.00   clock clk' (fall edge)
   0.00    0.00   clock network delay (ideal)
   0.00    0.00   clock reconvergence pessimism
           0.00 v _44125_/CLK (DFFLQNx2_ASAP7_75t_R)
  14.90   14.90   library hold time
          14.90   data required time
---------------------------------------------------------
          14.90   data required time
        -130.37   data arrival time
---------------------------------------------------------
         115.47   slack (MET)


Startpoint: _44218_ (falling edge-triggered flip-flop clocked by clk')
Endpoint: _44107_ (falling edge-triggered flip-flop clocked by clk')
Path Group: clk
Path Type: min

  Delay    Time   Description
---------------------------------------------------------
   0.00    0.00   clock clk' (fall edge)
   0.00    0.00   clock network delay (ideal)
   0.00    0.00 v _44218_/CLK (DFFLQNx2_ASAP7_75t_R)
 100.91  100.91 ^ _44218_/QN (DFFLQNx2_ASAP7_75t_R)
  18.89  119.80 v _41437_/Y (OAI21x1_ASAP7_75t_R)
  13.03  132.83 ^ _41438_/Y (NAND2x1_ASAP7_75t_R)
   0.00  132.83 ^ _44107_/D (DFFLQNx3_ASAP7_75t_R)
         132.83   data arrival time

   0.00    0.00   clock clk' (fall edge)
   0.00    0.00   clock network delay (ideal)
   0.00    0.00   clock reconvergence pessimism
           0.00 v _44107_/CLK (DFFLQNx3_ASAP7_75t_R)
  17.15   17.15   library hold time
          17.15   data required time
---------------------------------------------------------
          17.15   data required time
        -132.83   data arrival time
---------------------------------------------------------
         115.68   slack (MET)


Startpoint: _44271_ (falling edge-triggered flip-flop clocked by clk')
Endpoint: _44064_ (falling edge-triggered flip-flop clocked by clk')
Path Group: clk
Path Type: min

  Delay    Time   Description
---------------------------------------------------------
   0.00    0.00   clock clk' (fall edge)
   0.00    0.00   clock network delay (ideal)
   0.00    0.00 v _44271_/CLK (DFFLQNx2_ASAP7_75t_R)
 112.65  112.65 v _44271_/QN (DFFLQNx2_ASAP7_75t_R)
  21.49  134.14 ^ _43235_/Y (XOR2x1_ASAP7_75t_R)
   0.00  134.14 ^ _44064_/D (DFFLQNx3_ASAP7_75t_R)
         134.14   data arrival time

   0.00    0.00   clock clk' (fall edge)
   0.00    0.00   clock network delay (ideal)
   0.00    0.00   clock reconvergence pessimism
           0.00 v _44064_/CLK (DFFLQNx3_ASAP7_75t_R)
  18.36   18.36   library hold time
          18.36   data required time
---------------------------------------------------------
          18.36   data required time
        -134.14   data arrival time
---------------------------------------------------------
         115.78   slack (MET)


Startpoint: _44254_ (falling edge-triggered flip-flop clocked by clk')
Endpoint: _43975_ (falling edge-triggered flip-flop clocked by clk')
Path Group: clk
Path Type: min

  Delay    Time   Description
---------------------------------------------------------
   0.00    0.00   clock clk' (fall edge)
   0.00    0.00   clock network delay (ideal)
   0.00    0.00 v _44254_/CLK (DFFLQNx2_ASAP7_75t_R)
  99.56   99.56 ^ _44254_/QN (DFFLQNx2_ASAP7_75t_R)
  18.32  117.89 v _25593_/Y (INVx4_ASAP7_75t_R)
  16.26  134.14 ^ _43338_/Y (XOR2x1_ASAP7_75t_R)
   0.00  134.14 ^ _43975_/D (DFFLQNx3_ASAP7_75t_R)
         134.14   data arrival time

   0.00    0.00   clock clk' (fall edge)
   0.00    0.00   clock network delay (ideal)
   0.00    0.00   clock reconvergence pessimism
           0.00 v _43975_/CLK (DFFLQNx3_ASAP7_75t_R)
  18.32   18.32   library hold time
          18.32   data required time
---------------------------------------------------------
          18.32   data required time
        -134.14   data arrival time
---------------------------------------------------------
         115.82   slack (MET)


Startpoint: _44307_ (falling edge-triggered flip-flop clocked by clk')
Endpoint: _44060_ (falling edge-triggered flip-flop clocked by clk')
Path Group: clk
Path Type: min

  Delay    Time   Description
---------------------------------------------------------
   0.00    0.00   clock clk' (fall edge)
   0.00    0.00   clock network delay (ideal)
   0.00    0.00 v _44307_/CLK (DFFLQNx2_ASAP7_75t_R)
 112.89  112.89 v _44307_/QN (DFFLQNx2_ASAP7_75t_R)
  21.51  134.40 ^ _43247_/Y (XOR2x1_ASAP7_75t_R)
   0.00  134.40 ^ _44060_/D (DFFLQNx3_ASAP7_75t_R)
         134.40   data arrival time

   0.00    0.00   clock clk' (fall edge)
   0.00    0.00   clock network delay (ideal)
   0.00    0.00   clock reconvergence pessimism
           0.00 v _44060_/CLK (DFFLQNx3_ASAP7_75t_R)
  18.40   18.40   library hold time
          18.40   data required time
---------------------------------------------------------
          18.40   data required time
        -134.40   data arrival time
---------------------------------------------------------
         116.01   slack (MET)


Startpoint: _44250_ (falling edge-triggered flip-flop clocked by clk')
Endpoint: _43971_ (falling edge-triggered flip-flop clocked by clk')
Path Group: clk
Path Type: min

  Delay    Time   Description
---------------------------------------------------------
   0.00    0.00   clock clk' (fall edge)
   0.00    0.00   clock network delay (ideal)
   0.00    0.00 v _44250_/CLK (DFFLQNx2_ASAP7_75t_R)
  97.80   97.80 ^ _44250_/QN (DFFLQNx2_ASAP7_75t_R)
  19.99  117.79 v _25563_/Y (INVx4_ASAP7_75t_R)
  16.58  134.37 ^ _43334_/Y (XOR2x1_ASAP7_75t_R)
   0.00  134.37 ^ _43971_/D (DFFLQNx3_ASAP7_75t_R)
         134.37   data arrival time

   0.00    0.00   clock clk' (fall edge)
   0.00    0.00   clock network delay (ideal)
   0.00    0.00   clock reconvergence pessimism
           0.00 v _43971_/CLK (DFFLQNx3_ASAP7_75t_R)
  18.32   18.32   library hold time
          18.32   data required time
---------------------------------------------------------
          18.32   data required time
        -134.37   data arrival time
---------------------------------------------------------
         116.05   slack (MET)


Startpoint: _44227_ (falling edge-triggered flip-flop clocked by clk')
Endpoint: _44012_ (falling edge-triggered flip-flop clocked by clk')
Path Group: clk
Path Type: min

  Delay    Time   Description
---------------------------------------------------------
   0.00    0.00   clock clk' (fall edge)
   0.00    0.00   clock network delay (ideal)
   0.00    0.00 v _44227_/CLK (DFFLQNx2_ASAP7_75t_R)
  92.12   92.12 ^ _44227_/QN (DFFLQNx2_ASAP7_75t_R)
  25.05  117.16 v _25955_/Y (INVx2_ASAP7_75t_R)
  17.41  134.57 ^ _43295_/Y (XOR2x1_ASAP7_75t_R)
   0.00  134.57 ^ _44012_/D (DFFLQNx3_ASAP7_75t_R)
         134.57   data arrival time

   0.00    0.00   clock clk' (fall edge)
   0.00    0.00   clock network delay (ideal)
   0.00    0.00   clock reconvergence pessimism
           0.00 v _44012_/CLK (DFFLQNx3_ASAP7_75t_R)
  18.50   18.50   library hold time
          18.50   data required time
---------------------------------------------------------
          18.50   data required time
        -134.57   data arrival time
---------------------------------------------------------
         116.07   slack (MET)


Startpoint: _44305_ (falling edge-triggered flip-flop clocked by clk')
Endpoint: _44146_ (falling edge-triggered flip-flop clocked by clk')
Path Group: clk
Path Type: min

  Delay    Time   Description
---------------------------------------------------------
   0.00    0.00   clock clk' (fall edge)
   0.00    0.00   clock network delay (ideal)
   0.00    0.00 v _44305_/CLK (DFFLQNx2_ASAP7_75t_R)
  93.69   93.69 ^ _44305_/QN (DFFLQNx2_ASAP7_75t_R)
  20.48  114.17 v _34555_/Y (NAND3x1_ASAP7_75t_R)
  16.33  130.50 ^ _34556_/Y (NAND2x1_ASAP7_75t_R)
   0.00  130.50 ^ _44146_/D (DFFLQNx2_ASAP7_75t_R)
         130.50   data arrival time

   0.00    0.00   clock clk' (fall edge)
   0.00    0.00   clock network delay (ideal)
   0.00    0.00   clock reconvergence pessimism
           0.00 v _44146_/CLK (DFFLQNx2_ASAP7_75t_R)
  14.43   14.43   library hold time
          14.43   data required time
---------------------------------------------------------
          14.43   data required time
        -130.50   data arrival time
---------------------------------------------------------
         116.07   slack (MET)


Startpoint: _44240_ (falling edge-triggered flip-flop clocked by clk')
Endpoint: _44073_ (falling edge-triggered flip-flop clocked by clk')
Path Group: clk
Path Type: min

  Delay    Time   Description
---------------------------------------------------------
   0.00    0.00   clock clk' (fall edge)
   0.00    0.00   clock network delay (ideal)
   0.00    0.00 v _44240_/CLK (DFFLQNx2_ASAP7_75t_R)
 108.90  108.90 v _44240_/QN (DFFLQNx2_ASAP7_75t_R)
  24.68  133.58 ^ _43228_/Y (XNOR2x1_ASAP7_75t_R)
   0.00  133.58 ^ _44073_/D (DFFLQNx3_ASAP7_75t_R)
         133.58   data arrival time

   0.00    0.00   clock clk' (fall edge)
   0.00    0.00   clock network delay (ideal)
   0.00    0.00   clock reconvergence pessimism
           0.00 v _44073_/CLK (DFFLQNx3_ASAP7_75t_R)
  17.37   17.37   library hold time
          17.37   data required time
---------------------------------------------------------
          17.37   data required time
        -133.58   data arrival time
---------------------------------------------------------
         116.21   slack (MET)


Startpoint: _43939_ (falling edge-triggered flip-flop clocked by clk')
Endpoint: _43939_ (falling edge-triggered flip-flop clocked by clk')
Path Group: clk
Path Type: min

  Delay    Time   Description
---------------------------------------------------------
   0.00    0.00   clock clk' (fall edge)
   0.00    0.00   clock network delay (ideal)
   0.00    0.00 v _43939_/CLK (DFFLQNx2_ASAP7_75t_R)
  93.07   93.07 v _43939_/QN (DFFLQNx2_ASAP7_75t_R)
  17.43  110.51 ^ _43749_/Y (NOR2x1_ASAP7_75t_R)
  20.64  131.14 ^ _43750_/Y (AO21x1_ASAP7_75t_R)
   0.00  131.14 ^ _43939_/D (DFFLQNx2_ASAP7_75t_R)
         131.14   data arrival time

   0.00    0.00   clock clk' (fall edge)
   0.00    0.00   clock network delay (ideal)
   0.00    0.00   clock reconvergence pessimism
           0.00 v _43939_/CLK (DFFLQNx2_ASAP7_75t_R)
  14.80   14.80   library hold time
          14.80   data required time
---------------------------------------------------------
          14.80   data required time
        -131.14   data arrival time
---------------------------------------------------------
         116.34   slack (MET)


Startpoint: _44240_ (falling edge-triggered flip-flop clocked by clk')
Endpoint: _44081_ (falling edge-triggered flip-flop clocked by clk')
Path Group: clk
Path Type: min

  Delay    Time   Description
---------------------------------------------------------
   0.00    0.00   clock clk' (fall edge)
   0.00    0.00   clock network delay (ideal)
   0.00    0.00 v _44240_/CLK (DFFLQNx2_ASAP7_75t_R)
 108.90  108.90 v _44240_/QN (DFFLQNx2_ASAP7_75t_R)
  24.68  133.58 ^ _43118_/Y (XNOR2x1_ASAP7_75t_R)
   0.00  133.58 ^ _44081_/D (DFFLQNx3_ASAP7_75t_R)
         133.58   data arrival time

   0.00    0.00   clock clk' (fall edge)
   0.00    0.00   clock network delay (ideal)
   0.00    0.00   clock reconvergence pessimism
           0.00 v _44081_/CLK (DFFLQNx3_ASAP7_75t_R)
  17.22   17.22   library hold time
          17.22   data required time
---------------------------------------------------------
          17.22   data required time
        -133.58   data arrival time
---------------------------------------------------------
         116.36   slack (MET)


Startpoint: _44267_ (falling edge-triggered flip-flop clocked by clk')
Endpoint: _44036_ (falling edge-triggered flip-flop clocked by clk')
Path Group: clk
Path Type: min

  Delay    Time   Description
---------------------------------------------------------
   0.00    0.00   clock clk' (fall edge)
   0.00    0.00   clock network delay (ideal)
   0.00    0.00 v _44267_/CLK (DFFLQNx2_ASAP7_75t_R)
 113.14  113.14 v _44267_/QN (DFFLQNx2_ASAP7_75t_R)
  21.54  134.68 ^ _43271_/Y (XOR2x1_ASAP7_75t_R)
   0.00  134.68 ^ _44036_/D (DFFLQNx3_ASAP7_75t_R)
         134.68   data arrival time

   0.00    0.00   clock clk' (fall edge)
   0.00    0.00   clock network delay (ideal)
   0.00    0.00   clock reconvergence pessimism
           0.00 v _44036_/CLK (DFFLQNx3_ASAP7_75t_R)
  18.32   18.32   library hold time
          18.32   data required time
---------------------------------------------------------
          18.32   data required time
        -134.68   data arrival time
---------------------------------------------------------
         116.36   slack (MET)


Startpoint: _44222_ (falling edge-triggered flip-flop clocked by clk')
Endpoint: _43983_ (falling edge-triggered flip-flop clocked by clk')
Path Group: clk
Path Type: min

  Delay    Time   Description
---------------------------------------------------------
   0.00    0.00   clock clk' (fall edge)
   0.00    0.00   clock network delay (ideal)
   0.00    0.00 v _44222_/CLK (DFFLQNx2_ASAP7_75t_R)
  97.12   97.12 ^ _44222_/QN (DFFLQNx2_ASAP7_75t_R)
  20.79  117.91 v _42729_/Y (INVx2_ASAP7_75t_R)
  16.70  134.62 ^ _43330_/Y (XOR2x1_ASAP7_75t_R)
   0.00  134.62 ^ _43983_/D (DFFLQNx3_ASAP7_75t_R)
         134.62   data arrival time

   0.00    0.00   clock clk' (fall edge)
   0.00    0.00   clock network delay (ideal)
   0.00    0.00   clock reconvergence pessimism
           0.00 v _43983_/CLK (DFFLQNx3_ASAP7_75t_R)
  18.23   18.23   library hold time
          18.23   data required time
---------------------------------------------------------
          18.23   data required time
        -134.62   data arrival time
---------------------------------------------------------
         116.39   slack (MET)


Startpoint: _44249_ (falling edge-triggered flip-flop clocked by clk')
Endpoint: _43970_ (falling edge-triggered flip-flop clocked by clk')
Path Group: clk
Path Type: min

  Delay    Time   Description
---------------------------------------------------------
   0.00    0.00   clock clk' (fall edge)
   0.00    0.00   clock network delay (ideal)
   0.00    0.00 v _44249_/CLK (DFFLQNx2_ASAP7_75t_R)
 101.29  101.29 ^ _44249_/QN (DFFLQNx2_ASAP7_75t_R)
  17.35  118.64 v _25556_/Y (INVx5_ASAP7_75t_R)
  16.08  134.72 ^ _43333_/Y (XOR2x1_ASAP7_75t_R)
   0.00  134.72 ^ _43970_/D (DFFLQNx3_ASAP7_75t_R)
         134.72   data arrival time

   0.00    0.00   clock clk' (fall edge)
   0.00    0.00   clock network delay (ideal)
   0.00    0.00   clock reconvergence pessimism
           0.00 v _43970_/CLK (DFFLQNx3_ASAP7_75t_R)
  18.29   18.29   library hold time
          18.29   data required time
---------------------------------------------------------
          18.29   data required time
        -134.72   data arrival time
---------------------------------------------------------
         116.43   slack (MET)


Startpoint: _44226_ (falling edge-triggered flip-flop clocked by clk')
Endpoint: _44099_ (falling edge-triggered flip-flop clocked by clk')
Path Group: clk
Path Type: min

  Delay    Time   Description
---------------------------------------------------------
   0.00    0.00   clock clk' (fall edge)
   0.00    0.00   clock network delay (ideal)
   0.00    0.00 v _44226_/CLK (DFFLQNx2_ASAP7_75t_R)
  95.53   95.53 ^ _44226_/QN (DFFLQNx2_ASAP7_75t_R)
  18.73  114.26 v _42843_/Y (OAI21x1_ASAP7_75t_R)
  16.57  130.83 ^ _42847_/Y (NAND2x1_ASAP7_75t_R)
   0.00  130.83 ^ _44099_/D (DFFLQNx2_ASAP7_75t_R)
         130.83   data arrival time

   0.00    0.00   clock clk' (fall edge)
   0.00    0.00   clock network delay (ideal)
   0.00    0.00   clock reconvergence pessimism
           0.00 v _44099_/CLK (DFFLQNx2_ASAP7_75t_R)
  14.40   14.40   library hold time
          14.40   data required time
---------------------------------------------------------
          14.40   data required time
        -130.83   data arrival time
---------------------------------------------------------
         116.44   slack (MET)


Startpoint: _44265_ (falling edge-triggered flip-flop clocked by clk')
Endpoint: _44034_ (falling edge-triggered flip-flop clocked by clk')
Path Group: clk
Path Type: min

  Delay    Time   Description
---------------------------------------------------------
   0.00    0.00   clock clk' (fall edge)
   0.00    0.00   clock network delay (ideal)
   0.00    0.00 v _44265_/CLK (DFFLQNx2_ASAP7_75t_R)
 113.39  113.39 v _44265_/QN (DFFLQNx2_ASAP7_75t_R)
  21.56  134.96 ^ _43269_/Y (XOR2x1_ASAP7_75t_R)
   0.00  134.96 ^ _44034_/D (DFFLQNx3_ASAP7_75t_R)
         134.96   data arrival time

   0.00    0.00   clock clk' (fall edge)
   0.00    0.00   clock network delay (ideal)
   0.00    0.00   clock reconvergence pessimism
           0.00 v _44034_/CLK (DFFLQNx3_ASAP7_75t_R)
  18.50   18.50   library hold time
          18.50   data required time
---------------------------------------------------------
          18.50   data required time
        -134.96   data arrival time
---------------------------------------------------------
         116.46   slack (MET)


Startpoint: _44276_ (falling edge-triggered flip-flop clocked by clk')
Endpoint: _44117_ (falling edge-triggered flip-flop clocked by clk')
Path Group: clk
Path Type: min

  Delay    Time   Description
---------------------------------------------------------
   0.00    0.00   clock clk' (fall edge)
   0.00    0.00   clock network delay (ideal)
   0.00    0.00 v _44276_/CLK (DFFLQNx2_ASAP7_75t_R)
 108.82  108.82 v _44276_/QN (DFFLQNx2_ASAP7_75t_R)
  21.08  129.90 ^ _38836_/Y (XOR2x1_ASAP7_75t_R)
   0.00  129.90 ^ _44117_/D (DFFLQNx2_ASAP7_75t_R)
         129.90   data arrival time

   0.00    0.00   clock clk' (fall edge)
   0.00    0.00   clock network delay (ideal)
   0.00    0.00   clock reconvergence pessimism
           0.00 v _44117_/CLK (DFFLQNx2_ASAP7_75t_R)
  13.36   13.36   library hold time
          13.36   data required time
---------------------------------------------------------
          13.36   data required time
        -129.90   data arrival time
---------------------------------------------------------
         116.54   slack (MET)


Startpoint: _44223_ (falling edge-triggered flip-flop clocked by clk')
Endpoint: _44096_ (falling edge-triggered flip-flop clocked by clk')
Path Group: clk
Path Type: min

  Delay    Time   Description
---------------------------------------------------------
   0.00    0.00   clock clk' (fall edge)
   0.00    0.00   clock network delay (ideal)
   0.00    0.00 v _44223_/CLK (DFFLQNx2_ASAP7_75t_R)
  99.98   99.98 ^ _44223_/QN (DFFLQNx2_ASAP7_75t_R)
  20.64  120.62 v _42773_/Y (NAND3x1_ASAP7_75t_R)
  13.09  133.71 ^ _42774_/Y (NAND2x1_ASAP7_75t_R)
   0.00  133.71 ^ _44096_/D (DFFLQNx3_ASAP7_75t_R)
         133.71   data arrival time

   0.00    0.00   clock clk' (fall edge)
   0.00    0.00   clock network delay (ideal)
   0.00    0.00   clock reconvergence pessimism
           0.00 v _44096_/CLK (DFFLQNx3_ASAP7_75t_R)
  17.16   17.16   library hold time
          17.16   data required time
---------------------------------------------------------
          17.16   data required time
        -133.71   data arrival time
---------------------------------------------------------
         116.54   slack (MET)


Startpoint: _44293_ (falling edge-triggered flip-flop clocked by clk')
Endpoint: _43998_ (falling edge-triggered flip-flop clocked by clk')
Path Group: clk
Path Type: min

  Delay    Time   Description
---------------------------------------------------------
   0.00    0.00   clock clk' (fall edge)
   0.00    0.00   clock network delay (ideal)
   0.00    0.00 v _44293_/CLK (DFFLQNx2_ASAP7_75t_R)
 108.74  108.74 v _44293_/QN (DFFLQNx2_ASAP7_75t_R)
  21.07  129.82 ^ _43313_/Y (XOR2x1_ASAP7_75t_R)
   0.00  129.82 ^ _43998_/D (DFFLQNx2_ASAP7_75t_R)
         129.82   data arrival time

   0.00    0.00   clock clk' (fall edge)
   0.00    0.00   clock network delay (ideal)
   0.00    0.00   clock reconvergence pessimism
           0.00 v _43998_/CLK (DFFLQNx2_ASAP7_75t_R)
  13.18   13.18   library hold time
          13.18   data required time
---------------------------------------------------------
          13.18   data required time
        -129.82   data arrival time
---------------------------------------------------------
         116.64   slack (MET)


Startpoint: _44271_ (falling edge-triggered flip-flop clocked by clk')
Endpoint: _44112_ (falling edge-triggered flip-flop clocked by clk')
Path Group: clk
Path Type: min

  Delay    Time   Description
---------------------------------------------------------
   0.00    0.00   clock clk' (fall edge)
   0.00    0.00   clock network delay (ideal)
   0.00    0.00 v _44271_/CLK (DFFLQNx2_ASAP7_75t_R)
  98.63   98.63 ^ _44271_/QN (DFFLQNx2_ASAP7_75t_R)
  19.79  118.42 v _25857_/Y (INVx3_ASAP7_75t_R)
  16.57  134.99 ^ _38757_/Y (XOR2x1_ASAP7_75t_R)
   0.00  134.99 ^ _44112_/D (DFFLQNx3_ASAP7_75t_R)
         134.99   data arrival time

   0.00    0.00   clock clk' (fall edge)
   0.00    0.00   clock network delay (ideal)
   0.00    0.00   clock reconvergence pessimism
           0.00 v _44112_/CLK (DFFLQNx3_ASAP7_75t_R)
  18.26   18.26   library hold time
          18.26   data required time
---------------------------------------------------------
          18.26   data required time
        -134.99   data arrival time
---------------------------------------------------------
         116.73   slack (MET)


Startpoint: _44259_ (falling edge-triggered flip-flop clocked by clk')
Endpoint: _44004_ (falling edge-triggered flip-flop clocked by clk')
Path Group: clk
Path Type: min

  Delay    Time   Description
---------------------------------------------------------
   0.00    0.00   clock clk' (fall edge)
   0.00    0.00   clock network delay (ideal)
   0.00    0.00 v _44259_/CLK (DFFLQNx2_ASAP7_75t_R)
 113.58  113.58 v _44259_/QN (DFFLQNx2_ASAP7_75t_R)
  21.58  135.16 ^ _43303_/Y (XOR2x1_ASAP7_75t_R)
   0.00  135.16 ^ _44004_/D (DFFLQNx3_ASAP7_75t_R)
         135.16   data arrival time

   0.00    0.00   clock clk' (fall edge)
   0.00    0.00   clock network delay (ideal)
   0.00    0.00   clock reconvergence pessimism
           0.00 v _44004_/CLK (DFFLQNx3_ASAP7_75t_R)
  18.35   18.35   library hold time
          18.35   data required time
---------------------------------------------------------
          18.35   data required time
        -135.16   data arrival time
---------------------------------------------------------
         116.81   slack (MET)


Startpoint: _44228_ (falling edge-triggered flip-flop clocked by clk')
Endpoint: _44013_ (falling edge-triggered flip-flop clocked by clk')
Path Group: clk
Path Type: min

  Delay    Time   Description
---------------------------------------------------------
   0.00    0.00   clock clk' (fall edge)
   0.00    0.00   clock network delay (ideal)
   0.00    0.00 v _44228_/CLK (DFFLQNx2_ASAP7_75t_R)
 113.68  113.68 v _44228_/QN (DFFLQNx2_ASAP7_75t_R)
  21.59  135.27 ^ _43296_/Y (XOR2x1_ASAP7_75t_R)
   0.00  135.27 ^ _44013_/D (DFFLQNx3_ASAP7_75t_R)
         135.27   data arrival time

   0.00    0.00   clock clk' (fall edge)
   0.00    0.00   clock network delay (ideal)
   0.00    0.00   clock reconvergence pessimism
           0.00 v _44013_/CLK (DFFLQNx3_ASAP7_75t_R)
  18.32   18.32   library hold time
          18.32   data required time
---------------------------------------------------------
          18.32   data required time
        -135.27   data arrival time
---------------------------------------------------------
         116.96   slack (MET)


Startpoint: _44231_ (falling edge-triggered flip-flop clocked by clk')
Endpoint: _44088_ (falling edge-triggered flip-flop clocked by clk')
Path Group: clk
Path Type: min

  Delay    Time   Description
---------------------------------------------------------
   0.00    0.00   clock clk' (fall edge)
   0.00    0.00   clock network delay (ideal)
   0.00    0.00 v _44231_/CLK (DFFLQNx2_ASAP7_75t_R)
  97.14   97.14 ^ _44231_/QN (DFFLQNx2_ASAP7_75t_R)
  23.70  120.84 v _42959_/Y (AOI21x1_ASAP7_75t_R)
  12.84  133.68 ^ _42965_/Y (NOR2x2_ASAP7_75t_R)
   0.00  133.68 ^ _44088_/D (DFFLQNx3_ASAP7_75t_R)
         133.68   data arrival time

   0.00    0.00   clock clk' (fall edge)
   0.00    0.00   clock network delay (ideal)
   0.00    0.00   clock reconvergence pessimism
           0.00 v _44088_/CLK (DFFLQNx3_ASAP7_75t_R)
  16.71   16.71   library hold time
          16.71   data required time
---------------------------------------------------------
          16.71   data required time
        -133.68   data arrival time
---------------------------------------------------------
         116.96   slack (MET)


Startpoint: _44259_ (falling edge-triggered flip-flop clocked by clk')
Endpoint: _44132_ (falling edge-triggered flip-flop clocked by clk')
Path Group: clk
Path Type: min

  Delay    Time   Description
---------------------------------------------------------
   0.00    0.00   clock clk' (fall edge)
   0.00    0.00   clock network delay (ideal)
   0.00    0.00 v _44259_/CLK (DFFLQNx2_ASAP7_75t_R)
  99.35   99.35 ^ _44259_/QN (DFFLQNx2_ASAP7_75t_R)
  18.59  117.94 v _38502_/Y (OAI21x1_ASAP7_75t_R)
  13.41  131.35 ^ _38505_/Y (NAND2x1_ASAP7_75t_R)
   0.00  131.35 ^ _44132_/D (DFFLQNx2_ASAP7_75t_R)
         131.35   data arrival time

   0.00    0.00   clock clk' (fall edge)
   0.00    0.00   clock network delay (ideal)
   0.00    0.00   clock reconvergence pessimism
           0.00 v _44132_/CLK (DFFLQNx2_ASAP7_75t_R)
  14.35   14.35   library hold time
          14.35   data required time
---------------------------------------------------------
          14.35   data required time
        -131.35   data arrival time
---------------------------------------------------------
         117.00   slack (MET)


Startpoint: _44219_ (falling edge-triggered flip-flop clocked by clk')
Endpoint: _43980_ (falling edge-triggered flip-flop clocked by clk')
Path Group: clk
Path Type: min

  Delay    Time   Description
---------------------------------------------------------
   0.00    0.00   clock clk' (fall edge)
   0.00    0.00   clock network delay (ideal)
   0.00    0.00 v _44219_/CLK (DFFLQNx2_ASAP7_75t_R)
 113.98  113.98 v _44219_/QN (DFFLQNx2_ASAP7_75t_R)
  21.63  135.61 ^ _43327_/Y (XOR2x1_ASAP7_75t_R)
   0.00  135.61 ^ _43980_/D (DFFLQNx3_ASAP7_75t_R)
         135.61   data arrival time

   0.00    0.00   clock clk' (fall edge)
   0.00    0.00   clock network delay (ideal)
   0.00    0.00   clock reconvergence pessimism
           0.00 v _43980_/CLK (DFFLQNx3_ASAP7_75t_R)
  18.46   18.46   library hold time
          18.46   data required time
---------------------------------------------------------
          18.46   data required time
        -135.61   data arrival time
---------------------------------------------------------
         117.15   slack (MET)


Startpoint: _43931_ (falling edge-triggered flip-flop clocked by clk')
Endpoint: _43931_ (falling edge-triggered flip-flop clocked by clk')
Path Group: clk
Path Type: min

  Delay    Time   Description
---------------------------------------------------------
   0.00    0.00   clock clk' (fall edge)
   0.00    0.00   clock network delay (ideal)
   0.00    0.00 v _43931_/CLK (DFFLQNx2_ASAP7_75t_R)
  93.77   93.77 v _43931_/QN (DFFLQNx2_ASAP7_75t_R)
  17.55  111.32 ^ _43732_/Y (NOR2x1_ASAP7_75t_R)
  20.64  131.96 ^ _43733_/Y (AO21x1_ASAP7_75t_R)
   0.00  131.96 ^ _43931_/D (DFFLQNx2_ASAP7_75t_R)
         131.96   data arrival time

   0.00    0.00   clock clk' (fall edge)
   0.00    0.00   clock network delay (ideal)
   0.00    0.00   clock reconvergence pessimism
           0.00 v _43931_/CLK (DFFLQNx2_ASAP7_75t_R)
  14.80   14.80   library hold time
          14.80   data required time
---------------------------------------------------------
          14.80   data required time
        -131.96   data arrival time
---------------------------------------------------------
         117.16   slack (MET)


Startpoint: _44273_ (falling edge-triggered flip-flop clocked by clk')
Endpoint: _44114_ (falling edge-triggered flip-flop clocked by clk')
Path Group: clk
Path Type: min

  Delay    Time   Description
---------------------------------------------------------
   0.00    0.00   clock clk' (fall edge)
   0.00    0.00   clock network delay (ideal)
   0.00    0.00 v _44273_/CLK (DFFLQNx2_ASAP7_75t_R)
  94.34   94.34 ^ _44273_/QN (DFFLQNx2_ASAP7_75t_R)
  19.68  114.02 v _25716_/Y (INVx4_ASAP7_75t_R)
  16.51  130.52 ^ _38790_/Y (XOR2x1_ASAP7_75t_R)
   0.00  130.52 ^ _44114_/D (DFFLQNx2_ASAP7_75t_R)
         130.52   data arrival time

   0.00    0.00   clock clk' (fall edge)
   0.00    0.00   clock network delay (ideal)
   0.00    0.00   clock reconvergence pessimism
           0.00 v _44114_/CLK (DFFLQNx2_ASAP7_75t_R)
  13.35   13.35   library hold time
          13.35   data required time
---------------------------------------------------------
          13.35   data required time
        -130.52   data arrival time
---------------------------------------------------------
         117.18   slack (MET)


Startpoint: _44223_ (falling edge-triggered flip-flop clocked by clk')
Endpoint: _44008_ (falling edge-triggered flip-flop clocked by clk')
Path Group: clk
Path Type: min

  Delay    Time   Description
---------------------------------------------------------
   0.00    0.00   clock clk' (fall edge)
   0.00    0.00   clock network delay (ideal)
   0.00    0.00 v _44223_/CLK (DFFLQNx2_ASAP7_75t_R)
 113.98  113.98 v _44223_/QN (DFFLQNx2_ASAP7_75t_R)
  21.63  135.61 ^ _43291_/Y (XOR2x1_ASAP7_75t_R)
   0.00  135.61 ^ _44008_/D (DFFLQNx3_ASAP7_75t_R)
         135.61   data arrival time

   0.00    0.00   clock clk' (fall edge)
   0.00    0.00   clock network delay (ideal)
   0.00    0.00   clock reconvergence pessimism
           0.00 v _44008_/CLK (DFFLQNx3_ASAP7_75t_R)
  18.33   18.33   library hold time
          18.33   data required time
---------------------------------------------------------
          18.33   data required time
        -135.61   data arrival time
---------------------------------------------------------
         117.27   slack (MET)


Startpoint: _44216_ (falling edge-triggered flip-flop clocked by clk')
Endpoint: _43977_ (falling edge-triggered flip-flop clocked by clk')
Path Group: clk
Path Type: min

  Delay    Time   Description
---------------------------------------------------------
   0.00    0.00   clock clk' (fall edge)
   0.00    0.00   clock network delay (ideal)
   0.00    0.00 v _44216_/CLK (DFFLQNx2_ASAP7_75t_R)
 109.36  109.36 v _44216_/QN (DFFLQNx2_ASAP7_75t_R)
  21.14  130.49 ^ _43324_/Y (XOR2x1_ASAP7_75t_R)
   0.00  130.49 ^ _43977_/D (DFFLQNx2_ASAP7_75t_R)
         130.49   data arrival time

   0.00    0.00   clock clk' (fall edge)
   0.00    0.00   clock network delay (ideal)
   0.00    0.00   clock reconvergence pessimism
           0.00 v _43977_/CLK (DFFLQNx2_ASAP7_75t_R)
  13.17   13.17   library hold time
          13.17   data required time
---------------------------------------------------------
          13.17   data required time
        -130.49   data arrival time
---------------------------------------------------------
         117.32   slack (MET)


Startpoint: _44228_ (falling edge-triggered flip-flop clocked by clk')
Endpoint: _44101_ (falling edge-triggered flip-flop clocked by clk')
Path Group: clk
Path Type: min

  Delay    Time   Description
---------------------------------------------------------
   0.00    0.00   clock clk' (fall edge)
   0.00    0.00   clock network delay (ideal)
   0.00    0.00 v _44228_/CLK (DFFLQNx2_ASAP7_75t_R)
 100.06  100.06 ^ _44228_/QN (DFFLQNx2_ASAP7_75t_R)
  18.73  118.78 v _42904_/Y (OAI21x1_ASAP7_75t_R)
  13.00  131.78 ^ _42905_/Y (NAND2x1_ASAP7_75t_R)
   0.00  131.78 ^ _44101_/D (DFFLQNx2_ASAP7_75t_R)
         131.78   data arrival time

   0.00    0.00   clock clk' (fall edge)
   0.00    0.00   clock network delay (ideal)
   0.00    0.00   clock reconvergence pessimism
           0.00 v _44101_/CLK (DFFLQNx2_ASAP7_75t_R)
  14.42   14.42   library hold time
          14.42   data required time
---------------------------------------------------------
          14.42   data required time
        -131.78   data arrival time
---------------------------------------------------------
         117.36   slack (MET)


Startpoint: _44224_ (falling edge-triggered flip-flop clocked by clk')
Endpoint: _44097_ (falling edge-triggered flip-flop clocked by clk')
Path Group: clk
Path Type: min

  Delay    Time   Description
---------------------------------------------------------
   0.00    0.00   clock clk' (fall edge)
   0.00    0.00   clock network delay (ideal)
   0.00    0.00 v _44224_/CLK (DFFLQNx2_ASAP7_75t_R)
  98.29   98.29 ^ _44224_/QN (DFFLQNx2_ASAP7_75t_R)
  21.41  119.70 v _42806_/Y (AOI21x1_ASAP7_75t_R)
  15.35  135.04 ^ _42809_/Y (NOR2x1_ASAP7_75t_R)
   0.00  135.04 ^ _44097_/D (DFFLQNx3_ASAP7_75t_R)
         135.04   data arrival time

   0.00    0.00   clock clk' (fall edge)
   0.00    0.00   clock network delay (ideal)
   0.00    0.00   clock reconvergence pessimism
           0.00 v _44097_/CLK (DFFLQNx3_ASAP7_75t_R)
  17.38   17.38   library hold time
          17.38   data required time
---------------------------------------------------------
          17.38   data required time
        -135.04   data arrival time
---------------------------------------------------------
         117.66   slack (MET)


Startpoint: _44216_ (falling edge-triggered flip-flop clocked by clk')
Endpoint: _44105_ (falling edge-triggered flip-flop clocked by clk')
Path Group: clk
Path Type: min

  Delay    Time   Description
---------------------------------------------------------
   0.00    0.00   clock clk' (fall edge)
   0.00    0.00   clock network delay (ideal)
   0.00    0.00 v _44216_/CLK (DFFLQNx2_ASAP7_75t_R)
  95.48   95.48 ^ _44216_/QN (DFFLQNx2_ASAP7_75t_R)
  22.61  118.09 v _40564_/Y (OAI21x1_ASAP7_75t_R)
  16.44  134.53 ^ _40565_/Y (NAND2x2_ASAP7_75t_R)
   0.00  134.53 ^ _44105_/D (DFFLQNx3_ASAP7_75t_R)
         134.53   data arrival time

   0.00    0.00   clock clk' (fall edge)
   0.00    0.00   clock network delay (ideal)
   0.00    0.00   clock reconvergence pessimism
           0.00 v _44105_/CLK (DFFLQNx3_ASAP7_75t_R)
  16.66   16.66   library hold time
          16.66   data required time
---------------------------------------------------------
          16.66   data required time
        -134.53   data arrival time
---------------------------------------------------------
         117.88   slack (MET)


Startpoint: _44235_ (falling edge-triggered flip-flop clocked by clk')
Endpoint: _44044_ (falling edge-triggered flip-flop clocked by clk')
Path Group: clk
Path Type: min

  Delay    Time   Description
---------------------------------------------------------
   0.00    0.00   clock clk' (fall edge)
   0.00    0.00   clock network delay (ideal)
   0.00    0.00 v _44235_/CLK (DFFLQNx2_ASAP7_75t_R)
 100.81  100.81 ^ _44235_/QN (DFFLQNx2_ASAP7_75t_R)
  19.07  119.87 v _25983_/Y (CKINVDCx5p33_ASAP7_75t_R)
  16.38  136.26 ^ _43263_/Y (XOR2x1_ASAP7_75t_R)
   0.00  136.26 ^ _44044_/D (DFFLQNx3_ASAP7_75t_R)
         136.26   data arrival time

   0.00    0.00   clock clk' (fall edge)
   0.00    0.00   clock network delay (ideal)
   0.00    0.00   clock reconvergence pessimism
           0.00 v _44044_/CLK (DFFLQNx3_ASAP7_75t_R)
  18.33   18.33   library hold time
          18.33   data required time
---------------------------------------------------------
          18.33   data required time
        -136.26   data arrival time
---------------------------------------------------------
         117.92   slack (MET)


Startpoint: _44243_ (falling edge-triggered flip-flop clocked by clk')
Endpoint: _44076_ (falling edge-triggered flip-flop clocked by clk')
Path Group: clk
Path Type: min

  Delay    Time   Description
---------------------------------------------------------
   0.00    0.00   clock clk' (fall edge)
   0.00    0.00   clock network delay (ideal)
   0.00    0.00 v _44243_/CLK (DFFLQNx2_ASAP7_75t_R)
 114.71  114.71 v _44243_/QN (DFFLQNx2_ASAP7_75t_R)
  21.70  136.41 ^ _43231_/Y (XOR2x1_ASAP7_75t_R)
   0.00  136.41 ^ _44076_/D (DFFLQNx3_ASAP7_75t_R)
         136.41   data arrival time

   0.00    0.00   clock clk' (fall edge)
   0.00    0.00   clock network delay (ideal)
   0.00    0.00   clock reconvergence pessimism
           0.00 v _44076_/CLK (DFFLQNx3_ASAP7_75t_R)
  18.44   18.44   library hold time
          18.44   data required time
---------------------------------------------------------
          18.44   data required time
        -136.41   data arrival time
---------------------------------------------------------
         117.97   slack (MET)


Startpoint: _44264_ (falling edge-triggered flip-flop clocked by clk')
Endpoint: _44121_ (falling edge-triggered flip-flop clocked by clk')
Path Group: clk
Path Type: min

  Delay    Time   Description
---------------------------------------------------------
   0.00    0.00   clock clk' (fall edge)
   0.00    0.00   clock network delay (ideal)
   0.00    0.00 v _44264_/CLK (DFFLQNx2_ASAP7_75t_R)
  95.53   95.53 ^ _44264_/QN (DFFLQNx2_ASAP7_75t_R)
  22.62  118.16 v _38619_/Y (OAI21x1_ASAP7_75t_R)
  16.49  134.64 ^ _38620_/Y (NAND2x2_ASAP7_75t_R)
   0.00  134.64 ^ _44121_/D (DFFLQNx3_ASAP7_75t_R)
         134.64   data arrival time

   0.00    0.00   clock clk' (fall edge)
   0.00    0.00   clock network delay (ideal)
   0.00    0.00   clock reconvergence pessimism
           0.00 v _44121_/CLK (DFFLQNx3_ASAP7_75t_R)
  16.66   16.66   library hold time
          16.66   data required time
---------------------------------------------------------
          16.66   data required time
        -134.64   data arrival time
---------------------------------------------------------
         117.99   slack (MET)


Startpoint: _44218_ (falling edge-triggered flip-flop clocked by clk')
Endpoint: _43979_ (falling edge-triggered flip-flop clocked by clk')
Path Group: clk
Path Type: min

  Delay    Time   Description
---------------------------------------------------------
   0.00    0.00   clock clk' (fall edge)
   0.00    0.00   clock network delay (ideal)
   0.00    0.00 v _44218_/CLK (DFFLQNx2_ASAP7_75t_R)
 114.71  114.71 v _44218_/QN (DFFLQNx2_ASAP7_75t_R)
  21.70  136.41 ^ _43326_/Y (XOR2x1_ASAP7_75t_R)
   0.00  136.41 ^ _43979_/D (DFFLQNx3_ASAP7_75t_R)
         136.41   data arrival time

   0.00    0.00   clock clk' (fall edge)
   0.00    0.00   clock network delay (ideal)
   0.00    0.00   clock reconvergence pessimism
           0.00 v _43979_/CLK (DFFLQNx3_ASAP7_75t_R)
  18.40   18.40   library hold time
          18.40   data required time
---------------------------------------------------------
          18.40   data required time
        -136.41   data arrival time
---------------------------------------------------------
         118.01   slack (MET)


Startpoint: _44220_ (falling edge-triggered flip-flop clocked by clk')
Endpoint: _44109_ (falling edge-triggered flip-flop clocked by clk')
Path Group: clk
Path Type: min

  Delay    Time   Description
---------------------------------------------------------
   0.00    0.00   clock clk' (fall edge)
   0.00    0.00   clock network delay (ideal)
   0.00    0.00 v _44220_/CLK (DFFLQNx2_ASAP7_75t_R)
  96.19   96.19 ^ _44220_/QN (DFFLQNx2_ASAP7_75t_R)
  20.92  117.11 v _42154_/Y (AOI21x1_ASAP7_75t_R)
  15.22  132.33 ^ _42158_/Y (NOR2x1_ASAP7_75t_R)
   0.00  132.33 ^ _44109_/D (DFFLQNx2_ASAP7_75t_R)
         132.33   data arrival time

   0.00    0.00   clock clk' (fall edge)
   0.00    0.00   clock network delay (ideal)
   0.00    0.00   clock reconvergence pessimism
           0.00 v _44109_/CLK (DFFLQNx2_ASAP7_75t_R)
  14.20   14.20   library hold time
          14.20   data required time
---------------------------------------------------------
          14.20   data required time
        -132.33   data arrival time
---------------------------------------------------------
         118.13   slack (MET)


Startpoint: _44235_ (falling edge-triggered flip-flop clocked by clk')
Endpoint: _44092_ (falling edge-triggered flip-flop clocked by clk')
Path Group: clk
Path Type: min

  Delay    Time   Description
---------------------------------------------------------
   0.00    0.00   clock clk' (fall edge)
   0.00    0.00   clock network delay (ideal)
   0.00    0.00 v _44235_/CLK (DFFLQNx2_ASAP7_75t_R)
 100.81  100.81 ^ _44235_/QN (DFFLQNx2_ASAP7_75t_R)
  18.87  119.68 v _43035_/Y (OAI21x1_ASAP7_75t_R)
  13.00  132.67 ^ _43036_/Y (NAND2x1_ASAP7_75t_R)
   0.00  132.67 ^ _44092_/D (DFFLQNx2_ASAP7_75t_R)
         132.67   data arrival time

   0.00    0.00   clock clk' (fall edge)
   0.00    0.00   clock network delay (ideal)
   0.00    0.00   clock reconvergence pessimism
           0.00 v _44092_/CLK (DFFLQNx2_ASAP7_75t_R)
  14.42   14.42   library hold time
          14.42   data required time
---------------------------------------------------------
          14.42   data required time
        -132.67   data arrival time
---------------------------------------------------------
         118.26   slack (MET)


Startpoint: _44246_ (falling edge-triggered flip-flop clocked by clk')
Endpoint: _44087_ (falling edge-triggered flip-flop clocked by clk')
Path Group: clk
Path Type: min

  Delay    Time   Description
---------------------------------------------------------
   0.00    0.00   clock clk' (fall edge)
   0.00    0.00   clock network delay (ideal)
   0.00    0.00 v _44246_/CLK (DFFLQNx2_ASAP7_75t_R)
 100.91  100.91 ^ _44246_/QN (DFFLQNx2_ASAP7_75t_R)
  18.89  119.80 v _43222_/Y (OAI21x1_ASAP7_75t_R)
  12.91  132.72 ^ _43226_/Y (NAND2x1_ASAP7_75t_R)
   0.00  132.72 ^ _44087_/D (DFFLQNx2_ASAP7_75t_R)
         132.72   data arrival time

   0.00    0.00   clock clk' (fall edge)
   0.00    0.00   clock network delay (ideal)
   0.00    0.00   clock reconvergence pessimism
           0.00 v _44087_/CLK (DFFLQNx2_ASAP7_75t_R)
  14.43   14.43   library hold time
          14.43   data required time
---------------------------------------------------------
          14.43   data required time
        -132.72   data arrival time
---------------------------------------------------------
         118.29   slack (MET)


Startpoint: _44257_ (falling edge-triggered flip-flop clocked by clk')
Endpoint: _44002_ (falling edge-triggered flip-flop clocked by clk')
Path Group: clk
Path Type: min

  Delay    Time   Description
---------------------------------------------------------
   0.00    0.00   clock clk' (fall edge)
   0.00    0.00   clock network delay (ideal)
   0.00    0.00 v _44257_/CLK (DFFLQNx2_ASAP7_75t_R)
 115.03  115.03 v _44257_/QN (DFFLQNx2_ASAP7_75t_R)
  21.74  136.77 ^ _43301_/Y (XOR2x1_ASAP7_75t_R)
   0.00  136.77 ^ _44002_/D (DFFLQNx3_ASAP7_75t_R)
         136.77   data arrival time

   0.00    0.00   clock clk' (fall edge)
   0.00    0.00   clock network delay (ideal)
   0.00    0.00   clock reconvergence pessimism
           0.00 v _44002_/CLK (DFFLQNx3_ASAP7_75t_R)
  18.37   18.37   library hold time
          18.37   data required time
---------------------------------------------------------
          18.37   data required time
        -136.77   data arrival time
---------------------------------------------------------
         118.39   slack (MET)


Startpoint: _44236_ (falling edge-triggered flip-flop clocked by clk')
Endpoint: _44045_ (falling edge-triggered flip-flop clocked by clk')
Path Group: clk
Path Type: min

  Delay    Time   Description
---------------------------------------------------------
   0.00    0.00   clock clk' (fall edge)
   0.00    0.00   clock network delay (ideal)
   0.00    0.00 v _44236_/CLK (DFFLQNx2_ASAP7_75t_R)
 115.29  115.29 v _44236_/QN (DFFLQNx2_ASAP7_75t_R)
  21.76  137.06 ^ _43264_/Y (XOR2x1_ASAP7_75t_R)
   0.00  137.06 ^ _44045_/D (DFFLQNx3_ASAP7_75t_R)
         137.06   data arrival time

   0.00    0.00   clock clk' (fall edge)
   0.00    0.00   clock network delay (ideal)
   0.00    0.00   clock reconvergence pessimism
           0.00 v _44045_/CLK (DFFLQNx3_ASAP7_75t_R)
  18.54   18.54   library hold time
          18.54   data required time
---------------------------------------------------------
          18.54   data required time
        -137.06   data arrival time
---------------------------------------------------------
         118.51   slack (MET)


Startpoint: _44242_ (falling edge-triggered flip-flop clocked by clk')
Endpoint: _44075_ (falling edge-triggered flip-flop clocked by clk')
Path Group: clk
Path Type: min

  Delay    Time   Description
---------------------------------------------------------
   0.00    0.00   clock clk' (fall edge)
   0.00    0.00   clock network delay (ideal)
   0.00    0.00 v _44242_/CLK (DFFLQNx2_ASAP7_75t_R)
 102.57  102.57 ^ _44242_/QN (DFFLQNx2_ASAP7_75t_R)
  18.25  120.81 v _43155_/Y (CKINVDCx5p33_ASAP7_75t_R)
  16.21  137.03 ^ _43230_/Y (XOR2x1_ASAP7_75t_R)
   0.00  137.03 ^ _44075_/D (DFFLQNx3_ASAP7_75t_R)
         137.03   data arrival time

   0.00    0.00   clock clk' (fall edge)
   0.00    0.00   clock network delay (ideal)
   0.00    0.00   clock reconvergence pessimism
           0.00 v _44075_/CLK (DFFLQNx3_ASAP7_75t_R)
  18.31   18.31   library hold time
          18.31   data required time
---------------------------------------------------------
          18.31   data required time
        -137.03   data arrival time
---------------------------------------------------------
         118.72   slack (MET)


Startpoint: _44220_ (falling edge-triggered flip-flop clocked by clk')
Endpoint: _43981_ (falling edge-triggered flip-flop clocked by clk')
Path Group: clk
Path Type: min

  Delay    Time   Description
---------------------------------------------------------
   0.00    0.00   clock clk' (fall edge)
   0.00    0.00   clock network delay (ideal)
   0.00    0.00 v _44220_/CLK (DFFLQNx2_ASAP7_75t_R)
 109.85  109.85 v _44220_/QN (DFFLQNx2_ASAP7_75t_R)
  21.19  131.04 ^ _43328_/Y (XOR2x1_ASAP7_75t_R)
   0.00  131.04 ^ _43981_/D (DFFLQNx1_ASAP7_75t_R)
         131.04   data arrival time

   0.00    0.00   clock clk' (fall edge)
   0.00    0.00   clock network delay (ideal)
   0.00    0.00   clock reconvergence pessimism
           0.00 v _43981_/CLK (DFFLQNx1_ASAP7_75t_R)
  12.23   12.23   library hold time
          12.23   data required time
---------------------------------------------------------
          12.23   data required time
        -131.04   data arrival time
---------------------------------------------------------
         118.81   slack (MET)


Startpoint: _44244_ (falling edge-triggered flip-flop clocked by clk')
Endpoint: _44085_ (falling edge-triggered flip-flop clocked by clk')
Path Group: clk
Path Type: min

  Delay    Time   Description
---------------------------------------------------------
   0.00    0.00   clock clk' (fall edge)
   0.00    0.00   clock network delay (ideal)
   0.00    0.00 v _44244_/CLK (DFFLQNx2_ASAP7_75t_R)
  96.54   96.54 ^ _44244_/QN (DFFLQNx2_ASAP7_75t_R)
  19.35  115.89 v _43186_/Y (INVx3_ASAP7_75t_R)
  16.48  132.37 ^ _43187_/Y (XOR2x1_ASAP7_75t_R)
   0.00  132.37 ^ _44085_/D (DFFLQNx2_ASAP7_75t_R)
         132.37   data arrival time

   0.00    0.00   clock clk' (fall edge)
   0.00    0.00   clock network delay (ideal)
   0.00    0.00   clock reconvergence pessimism
           0.00 v _44085_/CLK (DFFLQNx2_ASAP7_75t_R)
  13.35   13.35   library hold time
          13.35   data required time
---------------------------------------------------------
          13.35   data required time
        -132.37   data arrival time
---------------------------------------------------------
         119.02   slack (MET)


Startpoint: _44219_ (falling edge-triggered flip-flop clocked by clk')
Endpoint: _44108_ (falling edge-triggered flip-flop clocked by clk')
Path Group: clk
Path Type: min

  Delay    Time   Description
---------------------------------------------------------
   0.00    0.00   clock clk' (fall edge)
   0.00    0.00   clock network delay (ideal)
   0.00    0.00 v _44219_/CLK (DFFLQNx2_ASAP7_75t_R)
 100.46  100.46 ^ _44219_/QN (DFFLQNx2_ASAP7_75t_R)
  20.61  121.07 v _41773_/Y (AOI21x1_ASAP7_75t_R)
  12.87  133.94 ^ _41860_/Y (NOR2x1_ASAP7_75t_R)
   0.00  133.94 ^ _44108_/D (DFFLQNx2_ASAP7_75t_R)
         133.94   data arrival time

   0.00    0.00   clock clk' (fall edge)
   0.00    0.00   clock network delay (ideal)
   0.00    0.00   clock reconvergence pessimism
           0.00 v _44108_/CLK (DFFLQNx2_ASAP7_75t_R)
  14.23   14.23   library hold time
          14.23   data required time
---------------------------------------------------------
          14.23   data required time
        -133.94   data arrival time
---------------------------------------------------------
         119.71   slack (MET)


Startpoint: _44288_ (falling edge-triggered flip-flop clocked by clk')
Endpoint: _44161_ (falling edge-triggered flip-flop clocked by clk')
Path Group: clk
Path Type: min

  Delay    Time   Description
---------------------------------------------------------
   0.00    0.00   clock clk' (fall edge)
   0.00    0.00   clock network delay (ideal)
   0.00    0.00 v _44288_/CLK (DFFLQNx2_ASAP7_75t_R)
 112.13  112.13 v _44288_/QN (DFFLQNx2_ASAP7_75t_R)
  25.22  137.35 ^ _34238_/Y (XNOR2x1_ASAP7_75t_R)
   0.00  137.35 ^ _44161_/D (DFFLQNx3_ASAP7_75t_R)
         137.35   data arrival time

   0.00    0.00   clock clk' (fall edge)
   0.00    0.00   clock network delay (ideal)
   0.00    0.00   clock reconvergence pessimism
           0.00 v _44161_/CLK (DFFLQNx3_ASAP7_75t_R)
  17.22   17.22   library hold time
          17.22   data required time
---------------------------------------------------------
          17.22   data required time
        -137.35   data arrival time
---------------------------------------------------------
         120.12   slack (MET)


Startpoint: _44288_ (falling edge-triggered flip-flop clocked by clk')
Endpoint: _43993_ (falling edge-triggered flip-flop clocked by clk')
Path Group: clk
Path Type: min

  Delay    Time   Description
---------------------------------------------------------
   0.00    0.00   clock clk' (fall edge)
   0.00    0.00   clock network delay (ideal)
   0.00    0.00 v _44288_/CLK (DFFLQNx2_ASAP7_75t_R)
 112.13  112.13 v _44288_/QN (DFFLQNx2_ASAP7_75t_R)
  21.43  133.56 ^ _43308_/Y (XOR2x1_ASAP7_75t_R)
   0.00  133.56 ^ _43993_/D (DFFLQNx2_ASAP7_75t_R)
         133.56   data arrival time

   0.00    0.00   clock clk' (fall edge)
   0.00    0.00   clock network delay (ideal)
   0.00    0.00   clock reconvergence pessimism
           0.00 v _43993_/CLK (DFFLQNx2_ASAP7_75t_R)
  13.36   13.36   library hold time
          13.36   data required time
---------------------------------------------------------
          13.36   data required time
        -133.56   data arrival time
---------------------------------------------------------
         120.20   slack (MET)


Startpoint: _44215_ (falling edge-triggered flip-flop clocked by clk')
Endpoint: _44104_ (falling edge-triggered flip-flop clocked by clk')
Path Group: clk
Path Type: min

  Delay    Time   Description
---------------------------------------------------------
   0.00    0.00   clock clk' (fall edge)
   0.00    0.00   clock network delay (ideal)
   0.00    0.00 v _44215_/CLK (DFFLQNx2_ASAP7_75t_R)
  97.37   97.37 ^ _44215_/QN (DFFLQNx2_ASAP7_75t_R)
  23.06  120.44 v _40061_/Y (OAI21x1_ASAP7_75t_R)
  16.35  136.78 ^ _40068_/Y (NAND2x2_ASAP7_75t_R)
   0.00  136.78 ^ _44104_/D (DFFLQNx3_ASAP7_75t_R)
         136.78   data arrival time

   0.00    0.00   clock clk' (fall edge)
   0.00    0.00   clock network delay (ideal)
   0.00    0.00   clock reconvergence pessimism
           0.00 v _44104_/CLK (DFFLQNx3_ASAP7_75t_R)
  16.52   16.52   library hold time
          16.52   data required time
---------------------------------------------------------
          16.52   data required time
        -136.78   data arrival time
---------------------------------------------------------
         120.27   slack (MET)


Startpoint: _44292_ (falling edge-triggered flip-flop clocked by clk')
Endpoint: _43997_ (falling edge-triggered flip-flop clocked by clk')
Path Group: clk
Path Type: min

  Delay    Time   Description
---------------------------------------------------------
   0.00    0.00   clock clk' (fall edge)
   0.00    0.00   clock network delay (ideal)
   0.00    0.00 v _44292_/CLK (DFFLQNx2_ASAP7_75t_R)
 112.13  112.13 v _44292_/QN (DFFLQNx2_ASAP7_75t_R)
  21.43  133.56 ^ _43312_/Y (XOR2x1_ASAP7_75t_R)
   0.00  133.56 ^ _43997_/D (DFFLQNx2_ASAP7_75t_R)
         133.56   data arrival time

   0.00    0.00   clock clk' (fall edge)
   0.00    0.00   clock network delay (ideal)
   0.00    0.00   clock reconvergence pessimism
           0.00 v _43997_/CLK (DFFLQNx2_ASAP7_75t_R)
  13.09   13.09   library hold time
          13.09   data required time
---------------------------------------------------------
          13.09   data required time
        -133.56   data arrival time
---------------------------------------------------------
         120.46   slack (MET)


Startpoint: _44237_ (falling edge-triggered flip-flop clocked by clk')
Endpoint: _44094_ (falling edge-triggered flip-flop clocked by clk')
Path Group: clk
Path Type: min

  Delay    Time   Description
---------------------------------------------------------
   0.00    0.00   clock clk' (fall edge)
   0.00    0.00   clock network delay (ideal)
   0.00    0.00 v _44237_/CLK (DFFLQNx2_ASAP7_75t_R)
  99.82   99.82 ^ _44237_/QN (DFFLQNx2_ASAP7_75t_R)
  22.26  122.08 v _43081_/Y (OAI21x1_ASAP7_75t_R)
  13.33  135.41 ^ _43082_/Y (NAND2x2_ASAP7_75t_R)
   0.00  135.41 ^ _44094_/D (DFFLQNx2_ASAP7_75t_R)
         135.41   data arrival time

   0.00    0.00   clock clk' (fall edge)
   0.00    0.00   clock network delay (ideal)
   0.00    0.00   clock reconvergence pessimism
           0.00 v _44094_/CLK (DFFLQNx2_ASAP7_75t_R)
  14.86   14.86   library hold time
          14.86   data required time
---------------------------------------------------------
          14.86   data required time
        -135.41   data arrival time
---------------------------------------------------------
         120.55   slack (MET)


Startpoint: _44265_ (falling edge-triggered flip-flop clocked by clk')
Endpoint: _44122_ (falling edge-triggered flip-flop clocked by clk')
Path Group: clk
Path Type: min

  Delay    Time   Description
---------------------------------------------------------
   0.00    0.00   clock clk' (fall edge)
   0.00    0.00   clock network delay (ideal)
   0.00    0.00 v _44265_/CLK (DFFLQNx2_ASAP7_75t_R)
  99.57   99.57 ^ _44265_/QN (DFFLQNx2_ASAP7_75t_R)
  22.20  121.78 v _38631_/Y (OAI21x1_ASAP7_75t_R)
  13.74  135.52 ^ _38634_/Y (NAND2x2_ASAP7_75t_R)
   0.00  135.52 ^ _44122_/D (DFFLQNx2_ASAP7_75t_R)
         135.52   data arrival time

   0.00    0.00   clock clk' (fall edge)
   0.00    0.00   clock network delay (ideal)
   0.00    0.00   clock reconvergence pessimism
           0.00 v _44122_/CLK (DFFLQNx2_ASAP7_75t_R)
  14.79   14.79   library hold time
          14.79   data required time
---------------------------------------------------------
          14.79   data required time
        -135.52   data arrival time
---------------------------------------------------------
         120.73   slack (MET)


Startpoint: _44232_ (falling edge-triggered flip-flop clocked by clk')
Endpoint: _44089_ (falling edge-triggered flip-flop clocked by clk')
Path Group: clk
Path Type: min

  Delay    Time   Description
---------------------------------------------------------
   0.00    0.00   clock clk' (fall edge)
   0.00    0.00   clock network delay (ideal)
   0.00    0.00 v _44232_/CLK (DFFLQNx2_ASAP7_75t_R)
  97.14   97.14 ^ _44232_/QN (DFFLQNx2_ASAP7_75t_R)
  25.47  122.60 v _42980_/Y (AOI21x1_ASAP7_75t_R)
  15.01  137.61 ^ _42986_/Y (NOR2x2_ASAP7_75t_R)
   0.00  137.61 ^ _44089_/D (DFFLQNx3_ASAP7_75t_R)
         137.61   data arrival time

   0.00    0.00   clock clk' (fall edge)
   0.00    0.00   clock network delay (ideal)
   0.00    0.00   clock reconvergence pessimism
           0.00 v _44089_/CLK (DFFLQNx3_ASAP7_75t_R)
  16.83   16.83   library hold time
          16.83   data required time
---------------------------------------------------------
          16.83   data required time
        -137.61   data arrival time
---------------------------------------------------------
         120.79   slack (MET)


Startpoint: _44238_ (falling edge-triggered flip-flop clocked by clk')
Endpoint: _44095_ (falling edge-triggered flip-flop clocked by clk')
Path Group: clk
Path Type: min

  Delay    Time   Description
---------------------------------------------------------
   0.00    0.00   clock clk' (fall edge)
   0.00    0.00   clock network delay (ideal)
   0.00    0.00 v _44238_/CLK (DFFLQNx2_ASAP7_75t_R)
 102.99  102.99 ^ _44238_/QN (DFFLQNx2_ASAP7_75t_R)
  19.28  122.27 v _43099_/Y (OAI21x1_ASAP7_75t_R)
  13.00  135.27 ^ _43100_/Y (NAND2x1_ASAP7_75t_R)
   0.00  135.27 ^ _44095_/D (DFFLQNx2_ASAP7_75t_R)
         135.27   data arrival time

   0.00    0.00   clock clk' (fall edge)
   0.00    0.00   clock network delay (ideal)
   0.00    0.00   clock reconvergence pessimism
           0.00 v _44095_/CLK (DFFLQNx2_ASAP7_75t_R)
  14.42   14.42   library hold time
          14.42   data required time
---------------------------------------------------------
          14.42   data required time
        -135.27   data arrival time
---------------------------------------------------------
         120.85   slack (MET)


Startpoint: _44238_ (falling edge-triggered flip-flop clocked by clk')
Endpoint: _44047_ (falling edge-triggered flip-flop clocked by clk')
Path Group: clk
Path Type: min

  Delay    Time   Description
---------------------------------------------------------
   0.00    0.00   clock clk' (fall edge)
   0.00    0.00   clock network delay (ideal)
   0.00    0.00 v _44238_/CLK (DFFLQNx2_ASAP7_75t_R)
 117.14  117.14 v _44238_/QN (DFFLQNx2_ASAP7_75t_R)
  21.96  139.10 ^ _43266_/Y (XOR2x1_ASAP7_75t_R)
   0.00  139.10 ^ _44047_/D (DFFLQNx3_ASAP7_75t_R)
         139.10   data arrival time

   0.00    0.00   clock clk' (fall edge)
   0.00    0.00   clock network delay (ideal)
   0.00    0.00   clock reconvergence pessimism
           0.00 v _44047_/CLK (DFFLQNx3_ASAP7_75t_R)
  18.25   18.25   library hold time
          18.25   data required time
---------------------------------------------------------
          18.25   data required time
        -139.10   data arrival time
---------------------------------------------------------
         120.85   slack (MET)


Startpoint: _44222_ (falling edge-triggered flip-flop clocked by clk')
Endpoint: _44111_ (falling edge-triggered flip-flop clocked by clk')
Path Group: clk
Path Type: min

  Delay    Time   Description
---------------------------------------------------------
   0.00    0.00   clock clk' (fall edge)
   0.00    0.00   clock network delay (ideal)
   0.00    0.00 v _44222_/CLK (DFFLQNx2_ASAP7_75t_R)
  97.12   97.12 ^ _44222_/QN (DFFLQNx2_ASAP7_75t_R)
  26.00  123.12 v _42732_/Y (NOR2x1_ASAP7_75t_R)
  11.98  135.10 ^ _42733_/Y (NOR2x1_ASAP7_75t_R)
   0.00  135.10 ^ _44111_/D (DFFLQNx2_ASAP7_75t_R)
         135.10   data arrival time

   0.00    0.00   clock clk' (fall edge)
   0.00    0.00   clock network delay (ideal)
   0.00    0.00   clock reconvergence pessimism
           0.00 v _44111_/CLK (DFFLQNx2_ASAP7_75t_R)
  14.23   14.23   library hold time
          14.23   data required time
---------------------------------------------------------
          14.23   data required time
        -135.10   data arrival time
---------------------------------------------------------
         120.87   slack (MET)


Startpoint: _44224_ (falling edge-triggered flip-flop clocked by clk')
Endpoint: _44009_ (falling edge-triggered flip-flop clocked by clk')
Path Group: clk
Path Type: min

  Delay    Time   Description
---------------------------------------------------------
   0.00    0.00   clock clk' (fall edge)
   0.00    0.00   clock network delay (ideal)
   0.00    0.00 v _44224_/CLK (DFFLQNx2_ASAP7_75t_R)
 111.94  111.94 v _44224_/QN (DFFLQNx2_ASAP7_75t_R)
  21.41  133.35 ^ _43292_/Y (XOR2x1_ASAP7_75t_R)
   0.00  133.35 ^ _44009_/D (DFFLQNx1_ASAP7_75t_R)
         133.35   data arrival time

   0.00    0.00   clock clk' (fall edge)
   0.00    0.00   clock network delay (ideal)
   0.00    0.00   clock reconvergence pessimism
           0.00 v _44009_/CLK (DFFLQNx1_ASAP7_75t_R)
  12.27   12.27   library hold time
          12.27   data required time
---------------------------------------------------------
          12.27   data required time
        -133.35   data arrival time
---------------------------------------------------------
         121.08   slack (MET)


Startpoint: _43866_ (falling edge-triggered flip-flop clocked by clk')
Endpoint: _44165_ (falling edge-triggered flip-flop clocked by clk')
Path Group: clk
Path Type: min

  Delay    Time   Description
---------------------------------------------------------
   0.00    0.00   clock clk' (fall edge)
   0.00    0.00   clock network delay (ideal)
   0.00    0.00 v _43866_/CLK (DFFLQNx2_ASAP7_75t_R)
  76.44   76.44 ^ _43866_/QN (DFFLQNx2_ASAP7_75t_R)
  31.33  107.77 ^ _34318_/Y (OR2x2_ASAP7_75t_R)
  12.74  120.50 v _34319_/Y (OAI21x1_ASAP7_75t_R)
  15.36  135.87 ^ _34320_/Y (XNOR2x1_ASAP7_75t_R)
   0.00  135.87 ^ _44165_/D (DFFLQNx2_ASAP7_75t_R)
         135.87   data arrival time

   0.00    0.00   clock clk' (fall edge)
   0.00    0.00   clock network delay (ideal)
   0.00    0.00   clock reconvergence pessimism
           0.00 v _44165_/CLK (DFFLQNx2_ASAP7_75t_R)
  14.34   14.34   library hold time
          14.34   data required time
---------------------------------------------------------
          14.34   data required time
        -135.87   data arrival time
---------------------------------------------------------
         121.52   slack (MET)


Startpoint: _44267_ (falling edge-triggered flip-flop clocked by clk')
Endpoint: _44124_ (falling edge-triggered flip-flop clocked by clk')
Path Group: clk
Path Type: min

  Delay    Time   Description
---------------------------------------------------------
   0.00    0.00   clock clk' (fall edge)
   0.00    0.00   clock network delay (ideal)
   0.00    0.00 v _44267_/CLK (DFFLQNx2_ASAP7_75t_R)
  98.93   98.93 ^ _44267_/QN (DFFLQNx2_ASAP7_75t_R)
  21.56  120.49 v _38688_/Y (AOI21x1_ASAP7_75t_R)
  15.27  135.76 ^ _38692_/Y (NOR2x1_ASAP7_75t_R)
   0.00  135.76 ^ _44124_/D (DFFLQNx2_ASAP7_75t_R)
         135.76   data arrival time

   0.00    0.00   clock clk' (fall edge)
   0.00    0.00   clock network delay (ideal)
   0.00    0.00   clock reconvergence pessimism
           0.00 v _44124_/CLK (DFFLQNx2_ASAP7_75t_R)
  14.20   14.20   library hold time
          14.20   data required time
---------------------------------------------------------
          14.20   data required time
        -135.76   data arrival time
---------------------------------------------------------
         121.56   slack (MET)


Startpoint: _43830_ (falling edge-triggered flip-flop clocked by clk')
Endpoint: _44193_ (falling edge-triggered flip-flop clocked by clk')
Path Group: clk
Path Type: min

  Delay    Time   Description
---------------------------------------------------------
   0.00    0.00   clock clk' (fall edge)
   0.00    0.00   clock network delay (ideal)
   0.00    0.00 v _43830_/CLK (DFFLQNx2_ASAP7_75t_R)
  79.77   79.77 ^ _43830_/QN (DFFLQNx2_ASAP7_75t_R)
  34.51  114.28 ^ _29954_/Y (AND2x2_ASAP7_75t_R)
  12.11  126.39 v _29978_/Y (OAI21x1_ASAP7_75t_R)
  12.47  138.86 ^ _29984_/Y (NAND2x1_ASAP7_75t_R)
   0.00  138.86 ^ _44193_/D (DFFLQNx3_ASAP7_75t_R)
         138.86   data arrival time

   0.00    0.00   clock clk' (fall edge)
   0.00    0.00   clock network delay (ideal)
   0.00    0.00   clock reconvergence pessimism
           0.00 v _44193_/CLK (DFFLQNx3_ASAP7_75t_R)
  17.07   17.07   library hold time
          17.07   data required time
---------------------------------------------------------
          17.07   data required time
        -138.86   data arrival time
---------------------------------------------------------
         121.80   slack (MET)


Startpoint: _44251_ (falling edge-triggered flip-flop clocked by clk')
Endpoint: _44140_ (falling edge-triggered flip-flop clocked by clk')
Path Group: clk
Path Type: min

  Delay    Time   Description
---------------------------------------------------------
   0.00    0.00   clock clk' (fall edge)
   0.00    0.00   clock network delay (ideal)
   0.00    0.00 v _44251_/CLK (DFFLQNx2_ASAP7_75t_R)
 103.76  103.76 ^ _44251_/QN (DFFLQNx2_ASAP7_75t_R)
  19.44  123.20 v _37572_/Y (OAI21x1_ASAP7_75t_R)
  13.08  136.28 ^ _37573_/Y (NAND2x1_ASAP7_75t_R)
   0.00  136.28 ^ _44140_/D (DFFLQNx2_ASAP7_75t_R)
         136.28   data arrival time

   0.00    0.00   clock clk' (fall edge)
   0.00    0.00   clock network delay (ideal)
   0.00    0.00   clock reconvergence pessimism
           0.00 v _44140_/CLK (DFFLQNx2_ASAP7_75t_R)
  14.40   14.40   library hold time
          14.40   data required time
---------------------------------------------------------
          14.40   data required time
        -136.28   data arrival time
---------------------------------------------------------
         121.87   slack (MET)


Startpoint: _44215_ (falling edge-triggered flip-flop clocked by clk')
Endpoint: _44215_ (falling edge-triggered flip-flop clocked by clk')
Path Group: clk
Path Type: min

  Delay    Time   Description
---------------------------------------------------------
   0.00    0.00   clock clk' (fall edge)
   0.00    0.00   clock network delay (ideal)
   0.00    0.00 v _44215_/CLK (DFFLQNx2_ASAP7_75t_R)
  97.37   97.37 ^ _44215_/QN (DFFLQNx2_ASAP7_75t_R)
  24.01  121.38 v _25912_/Y (XOR2x1_ASAP7_75t_R)
  16.03  137.41 ^ _25914_/Y (OAI21x1_ASAP7_75t_R)
   0.00  137.41 ^ _44215_/D (DFFLQNx2_ASAP7_75t_R)
         137.41   data arrival time

   0.00    0.00   clock clk' (fall edge)
   0.00    0.00   clock network delay (ideal)
   0.00    0.00   clock reconvergence pessimism
           0.00 v _44215_/CLK (DFFLQNx2_ASAP7_75t_R)
  15.46   15.46   library hold time
          15.46   data required time
---------------------------------------------------------
          15.46   data required time
        -137.41   data arrival time
---------------------------------------------------------
         121.95   slack (MET)


Startpoint: _44254_ (falling edge-triggered flip-flop clocked by clk')
Endpoint: _44143_ (falling edge-triggered flip-flop clocked by clk')
Path Group: clk
Path Type: min

  Delay    Time   Description
---------------------------------------------------------
   0.00    0.00   clock clk' (fall edge)
   0.00    0.00   clock network delay (ideal)
   0.00    0.00 v _44254_/CLK (DFFLQNx2_ASAP7_75t_R)
 113.75  113.75 v _44254_/QN (DFFLQNx2_ASAP7_75t_R)
  21.60  135.35 ^ _38424_/Y (XOR2x1_ASAP7_75t_R)
   0.00  135.35 ^ _44143_/D (DFFLQNx2_ASAP7_75t_R)
         135.35   data arrival time

   0.00    0.00   clock clk' (fall edge)
   0.00    0.00   clock network delay (ideal)
   0.00    0.00   clock reconvergence pessimism
           0.00 v _44143_/CLK (DFFLQNx2_ASAP7_75t_R)
  13.34   13.34   library hold time
          13.34   data required time
---------------------------------------------------------
          13.34   data required time
        -135.35   data arrival time
---------------------------------------------------------
         122.01   slack (MET)


Startpoint: _44270_ (falling edge-triggered flip-flop clocked by clk')
Endpoint: _44127_ (falling edge-triggered flip-flop clocked by clk')
Path Group: clk
Path Type: min

  Delay    Time   Description
---------------------------------------------------------
   0.00    0.00   clock clk' (fall edge)
   0.00    0.00   clock network delay (ideal)
   0.00    0.00 v _44270_/CLK (DFFLQNx2_ASAP7_75t_R)
  97.45   97.45 ^ _44270_/QN (DFFLQNx2_ASAP7_75t_R)
  23.08  120.54 v _38750_/Y (OAI21x1_ASAP7_75t_R)
  16.49  137.03 ^ _38751_/Y (NAND2x2_ASAP7_75t_R)
   0.00  137.03 ^ _44127_/D (DFFLQNx2_ASAP7_75t_R)
         137.03   data arrival time

   0.00    0.00   clock clk' (fall edge)
   0.00    0.00   clock network delay (ideal)
   0.00    0.00   clock reconvergence pessimism
           0.00 v _44127_/CLK (DFFLQNx2_ASAP7_75t_R)
  14.90   14.90   library hold time
          14.90   data required time
---------------------------------------------------------
          14.90   data required time
        -137.03   data arrival time
---------------------------------------------------------
         122.13   slack (MET)


Startpoint: _43845_ (falling edge-triggered flip-flop clocked by clk')
Endpoint: _44176_ (falling edge-triggered flip-flop clocked by clk')
Path Group: clk
Path Type: min

  Delay    Time   Description
---------------------------------------------------------
   0.00    0.00   clock clk' (fall edge)
   0.00    0.00   clock network delay (ideal)
   0.00    0.00 v _43845_/CLK (DFFLQNx2_ASAP7_75t_R)
  93.07   93.07 v _43845_/QN (DFFLQNx2_ASAP7_75t_R)
  20.87  113.94 ^ _30285_/Y (NOR2x1_ASAP7_75t_R)
  13.46  127.40 v _30292_/Y (OAI21x1_ASAP7_75t_R)
  11.89  139.29 ^ _30293_/Y (NAND2x1_ASAP7_75t_R)
   0.00  139.29 ^ _44176_/D (DFFLQNx3_ASAP7_75t_R)
         139.29   data arrival time

   0.00    0.00   clock clk' (fall edge)
   0.00    0.00   clock network delay (ideal)
   0.00    0.00   clock reconvergence pessimism
           0.00 v _44176_/CLK (DFFLQNx3_ASAP7_75t_R)
  17.00   17.00   library hold time
          17.00   data required time
---------------------------------------------------------
          17.00   data required time
        -139.29   data arrival time
---------------------------------------------------------
         122.29   slack (MET)


Startpoint: _43822_ (falling edge-triggered flip-flop clocked by clk')
Endpoint: _44201_ (falling edge-triggered flip-flop clocked by clk')
Path Group: clk
Path Type: min

  Delay    Time   Description
---------------------------------------------------------
   0.00    0.00   clock clk' (fall edge)
   0.00    0.00   clock network delay (ideal)
   0.00    0.00 v _43822_/CLK (DFFLQNx2_ASAP7_75t_R)
  93.07   93.07 v _43822_/QN (DFFLQNx2_ASAP7_75t_R)
  20.87  113.94 ^ _27778_/Y (NOR2x1_ASAP7_75t_R)
  13.46  127.40 v _27783_/Y (OAI21x1_ASAP7_75t_R)
  11.89  139.29 ^ _27784_/Y (NAND2x1_ASAP7_75t_R)
   0.00  139.29 ^ _44201_/D (DFFLQNx3_ASAP7_75t_R)
         139.29   data arrival time

   0.00    0.00   clock clk' (fall edge)
   0.00    0.00   clock network delay (ideal)
   0.00    0.00   clock reconvergence pessimism
           0.00 v _44201_/CLK (DFFLQNx3_ASAP7_75t_R)
  17.00   17.00   library hold time
          17.00   data required time
---------------------------------------------------------
          17.00   data required time
        -139.29   data arrival time
---------------------------------------------------------
         122.29   slack (MET)


Startpoint: _44255_ (falling edge-triggered flip-flop clocked by clk')
Endpoint: _44128_ (falling edge-triggered flip-flop clocked by clk')
Path Group: clk
Path Type: min

  Delay    Time   Description
---------------------------------------------------------
   0.00    0.00   clock clk' (fall edge)
   0.00    0.00   clock network delay (ideal)
   0.00    0.00 v _44255_/CLK (DFFLQNx2_ASAP7_75t_R)
  95.50   95.50 ^ _44255_/QN (DFFLQNx2_ASAP7_75t_R)
  29.65  125.15 v _38434_/Y (NOR3x2_ASAP7_75t_R)
  13.84  138.99 ^ _38435_/Y (NOR2x2_ASAP7_75t_R)
   0.00  138.99 ^ _44128_/D (DFFLQNx3_ASAP7_75t_R)
         138.99   data arrival time

   0.00    0.00   clock clk' (fall edge)
   0.00    0.00   clock network delay (ideal)
   0.00    0.00   clock reconvergence pessimism
           0.00 v _44128_/CLK (DFFLQNx3_ASAP7_75t_R)
  16.67   16.67   library hold time
          16.67   data required time
---------------------------------------------------------
          16.67   data required time
        -138.99   data arrival time
---------------------------------------------------------
         122.32   slack (MET)


Startpoint: _43938_ (falling edge-triggered flip-flop clocked by clk')
Endpoint: _44093_ (falling edge-triggered flip-flop clocked by clk')
Path Group: clk
Path Type: min

  Delay    Time   Description
---------------------------------------------------------
   0.00    0.00   clock clk' (fall edge)
   0.00    0.00   clock network delay (ideal)
   0.00    0.00 v _43938_/CLK (DFFLQNx2_ASAP7_75t_R)
  76.47   76.47 ^ _43938_/QN (DFFLQNx2_ASAP7_75t_R)
  34.80  111.27 ^ _43037_/Y (AND2x2_ASAP7_75t_R)
  12.75  124.02 v _43056_/Y (OAI21x1_ASAP7_75t_R)
  12.88  136.90 ^ _43061_/Y (NAND2x1_ASAP7_75t_R)
   0.00  136.90 ^ _44093_/D (DFFLQNx2_ASAP7_75t_R)
         136.90   data arrival time

   0.00    0.00   clock clk' (fall edge)
   0.00    0.00   clock network delay (ideal)
   0.00    0.00   clock reconvergence pessimism
           0.00 v _44093_/CLK (DFFLQNx2_ASAP7_75t_R)
  14.43   14.43   library hold time
          14.43   data required time
---------------------------------------------------------
          14.43   data required time
        -136.90   data arrival time
---------------------------------------------------------
         122.47   slack (MET)


Startpoint: _43831_ (falling edge-triggered flip-flop clocked by clk')
Endpoint: _44194_ (falling edge-triggered flip-flop clocked by clk')
Path Group: clk
Path Type: min

  Delay    Time   Description
---------------------------------------------------------
   0.00    0.00   clock clk' (fall edge)
   0.00    0.00   clock network delay (ideal)
   0.00    0.00 v _43831_/CLK (DFFLQNx2_ASAP7_75t_R)
  76.47   76.47 ^ _43831_/QN (DFFLQNx2_ASAP7_75t_R)
  34.80  111.27 ^ _29986_/Y (AND2x2_ASAP7_75t_R)
  12.75  124.02 v _29995_/Y (OAI21x1_ASAP7_75t_R)
  12.88  136.90 ^ _30004_/Y (NAND2x1_ASAP7_75t_R)
   0.00  136.90 ^ _44194_/D (DFFLQNx2_ASAP7_75t_R)
         136.90   data arrival time

   0.00    0.00   clock clk' (fall edge)
   0.00    0.00   clock network delay (ideal)
   0.00    0.00   clock reconvergence pessimism
           0.00 v _44194_/CLK (DFFLQNx2_ASAP7_75t_R)
  14.43   14.43   library hold time
          14.43   data required time
---------------------------------------------------------
          14.43   data required time
        -136.90   data arrival time
---------------------------------------------------------
         122.47   slack (MET)


Startpoint: _44243_ (falling edge-triggered flip-flop clocked by clk')
Endpoint: _44084_ (falling edge-triggered flip-flop clocked by clk')
Path Group: clk
Path Type: min

  Delay    Time   Description
---------------------------------------------------------
   0.00    0.00   clock clk' (fall edge)
   0.00    0.00   clock network delay (ideal)
   0.00    0.00 v _44243_/CLK (DFFLQNx2_ASAP7_75t_R)
 100.91  100.91 ^ _44243_/QN (DFFLQNx2_ASAP7_75t_R)
  19.80  120.71 v _43169_/Y (OAI21x1_ASAP7_75t_R)
  16.26  136.97 ^ _43180_/Y (NAND2x1_ASAP7_75t_R)
   0.00  136.97 ^ _44084_/D (DFFLQNx2_ASAP7_75t_R)
         136.97   data arrival time

   0.00    0.00   clock clk' (fall edge)
   0.00    0.00   clock network delay (ideal)
   0.00    0.00   clock reconvergence pessimism
           0.00 v _44084_/CLK (DFFLQNx2_ASAP7_75t_R)
  14.45   14.45   library hold time
          14.45   data required time
---------------------------------------------------------
          14.45   data required time
        -136.97   data arrival time
---------------------------------------------------------
         122.52   slack (MET)


Startpoint: _43846_ (falling edge-triggered flip-flop clocked by clk')
Endpoint: _44177_ (falling edge-triggered flip-flop clocked by clk')
Path Group: clk
Path Type: min

  Delay    Time   Description
---------------------------------------------------------
   0.00    0.00   clock clk' (fall edge)
   0.00    0.00   clock network delay (ideal)
   0.00    0.00 v _43846_/CLK (DFFLQNx2_ASAP7_75t_R)
  94.57   94.57 v _43846_/QN (DFFLQNx2_ASAP7_75t_R)
  19.77  114.34 ^ _30294_/Y (NOR2x2_ASAP7_75t_R)
  12.97  127.30 v _30303_/Y (OAI21x1_ASAP7_75t_R)
  12.45  139.75 ^ _30312_/Y (NAND2x1_ASAP7_75t_R)
   0.00  139.75 ^ _44177_/D (DFFLQNx3_ASAP7_75t_R)
         139.75   data arrival time

   0.00    0.00   clock clk' (fall edge)
   0.00    0.00   clock network delay (ideal)
   0.00    0.00   clock reconvergence pessimism
           0.00 v _44177_/CLK (DFFLQNx3_ASAP7_75t_R)
  17.06   17.06   library hold time
          17.06   data required time
---------------------------------------------------------
          17.06   data required time
        -139.75   data arrival time
---------------------------------------------------------
         122.69   slack (MET)


Startpoint: _44246_ (falling edge-triggered flip-flop clocked by clk')
Endpoint: _44079_ (falling edge-triggered flip-flop clocked by clk')
Path Group: clk
Path Type: min

  Delay    Time   Description
---------------------------------------------------------
   0.00    0.00   clock clk' (fall edge)
   0.00    0.00   clock network delay (ideal)
   0.00    0.00 v _44246_/CLK (DFFLQNx2_ASAP7_75t_R)
 114.71  114.71 v _44246_/QN (DFFLQNx2_ASAP7_75t_R)
  21.70  136.41 ^ _43234_/Y (XOR2x1_ASAP7_75t_R)
   0.00  136.41 ^ _44079_/D (DFFLQNx2_ASAP7_75t_R)
         136.41   data arrival time

   0.00    0.00   clock clk' (fall edge)
   0.00    0.00   clock network delay (ideal)
   0.00    0.00   clock reconvergence pessimism
           0.00 v _44079_/CLK (DFFLQNx2_ASAP7_75t_R)
  13.04   13.04   library hold time
          13.04   data required time
---------------------------------------------------------
          13.04   data required time
        -136.41   data arrival time
---------------------------------------------------------
         123.37   slack (MET)


Startpoint: _44248_ (falling edge-triggered flip-flop clocked by clk')
Endpoint: _43969_ (falling edge-triggered flip-flop clocked by clk')
Path Group: clk
Path Type: min

  Delay    Time   Description
---------------------------------------------------------
   0.00    0.00   clock clk' (fall edge)
   0.00    0.00   clock network delay (ideal)
   0.00    0.00 v _44248_/CLK (DFFLQNx2_ASAP7_75t_R)
  94.92   94.92 ^ _44248_/QN (DFFLQNx2_ASAP7_75t_R)
  28.75  123.67 v _36429_/Y (INVx1_ASAP7_75t_R)
  18.09  141.76 ^ _43332_/Y (XOR2x1_ASAP7_75t_R)
   0.00  141.76 ^ _43969_/D (DFFLQNx3_ASAP7_75t_R)
         141.76   data arrival time

   0.00    0.00   clock clk' (fall edge)
   0.00    0.00   clock network delay (ideal)
   0.00    0.00   clock reconvergence pessimism
           0.00 v _43969_/CLK (DFFLQNx3_ASAP7_75t_R)
  18.38   18.38   library hold time
          18.38   data required time
---------------------------------------------------------
          18.38   data required time
        -141.76   data arrival time
---------------------------------------------------------
         123.38   slack (MET)


Startpoint: _44266_ (falling edge-triggered flip-flop clocked by clk')
Endpoint: _44123_ (falling edge-triggered flip-flop clocked by clk')
Path Group: clk
Path Type: min

  Delay    Time   Description
---------------------------------------------------------
   0.00    0.00   clock clk' (fall edge)
   0.00    0.00   clock network delay (ideal)
   0.00    0.00 v _44266_/CLK (DFFLQNx2_ASAP7_75t_R)
  98.48   98.48 ^ _44266_/QN (DFFLQNx2_ASAP7_75t_R)
  23.33  121.80 v _38661_/Y (OAI21x1_ASAP7_75t_R)
  16.49  138.29 ^ _38662_/Y (NAND2x2_ASAP7_75t_R)
   0.00  138.29 ^ _44123_/D (DFFLQNx2_ASAP7_75t_R)
         138.29   data arrival time

   0.00    0.00   clock clk' (fall edge)
   0.00    0.00   clock network delay (ideal)
   0.00    0.00   clock reconvergence pessimism
           0.00 v _44123_/CLK (DFFLQNx2_ASAP7_75t_R)
  14.90   14.90   library hold time
          14.90   data required time
---------------------------------------------------------
          14.90   data required time
        -138.29   data arrival time
---------------------------------------------------------
         123.40   slack (MET)


Startpoint: _44245_ (falling edge-triggered flip-flop clocked by clk')
Endpoint: _44078_ (falling edge-triggered flip-flop clocked by clk')
Path Group: clk
Path Type: min

  Delay    Time   Description
---------------------------------------------------------
   0.00    0.00   clock clk' (fall edge)
   0.00    0.00   clock network delay (ideal)
   0.00    0.00 v _44245_/CLK (DFFLQNx2_ASAP7_75t_R)
  97.42   97.42 ^ _44245_/QN (DFFLQNx2_ASAP7_75t_R)
  21.81  119.23 v _43207_/Y (INVx2_ASAP7_75t_R)
  16.88  136.11 ^ _43233_/Y (XOR2x1_ASAP7_75t_R)
   0.00  136.11 ^ _44078_/D (DFFLQNx1_ASAP7_75t_R)
         136.11   data arrival time

   0.00    0.00   clock clk' (fall edge)
   0.00    0.00   clock network delay (ideal)
   0.00    0.00   clock reconvergence pessimism
           0.00 v _44078_/CLK (DFFLQNx1_ASAP7_75t_R)
  12.23   12.23   library hold time
          12.23   data required time
---------------------------------------------------------
          12.23   data required time
        -136.11   data arrival time
---------------------------------------------------------
         123.88   slack (MET)


Startpoint: _44249_ (falling edge-triggered flip-flop clocked by clk')
Endpoint: _44138_ (falling edge-triggered flip-flop clocked by clk')
Path Group: clk
Path Type: min

  Delay    Time   Description
---------------------------------------------------------
   0.00    0.00   clock clk' (fall edge)
   0.00    0.00   clock network delay (ideal)
   0.00    0.00 v _44249_/CLK (DFFLQNx2_ASAP7_75t_R)
 115.67  115.67 v _44249_/QN (DFFLQNx2_ASAP7_75t_R)
  21.81  137.48 ^ _36849_/Y (XOR2x1_ASAP7_75t_R)
   0.00  137.48 ^ _44138_/D (DFFLQNx2_ASAP7_75t_R)
         137.48   data arrival time

   0.00    0.00   clock clk' (fall edge)
   0.00    0.00   clock network delay (ideal)
   0.00    0.00   clock reconvergence pessimism
           0.00 v _44138_/CLK (DFFLQNx2_ASAP7_75t_R)
  13.35   13.35   library hold time
          13.35   data required time
---------------------------------------------------------
          13.35   data required time
        -137.48   data arrival time
---------------------------------------------------------
         124.13   slack (MET)


Startpoint: _44295_ (falling edge-triggered flip-flop clocked by clk')
Endpoint: _44152_ (falling edge-triggered flip-flop clocked by clk')
Path Group: clk
Path Type: min

  Delay    Time   Description
---------------------------------------------------------
   0.00    0.00   clock clk' (fall edge)
   0.00    0.00   clock network delay (ideal)
   0.00    0.00 v _44295_/CLK (DFFLQNx2_ASAP7_75t_R)
  81.24   81.24 ^ _44295_/QN (DFFLQNx2_ASAP7_75t_R)
  18.92  100.16 v _24060_/Y (INVx4_ASAP7_75t_R)
  28.38  128.54 v _34361_/Y (AO21x1_ASAP7_75t_R)
  12.78  141.32 ^ _34362_/Y (NAND2x1_ASAP7_75t_R)
   0.00  141.32 ^ _44152_/D (DFFLQNx3_ASAP7_75t_R)
         141.32   data arrival time

   0.00    0.00   clock clk' (fall edge)
   0.00    0.00   clock network delay (ideal)
   0.00    0.00   clock reconvergence pessimism
           0.00 v _44152_/CLK (DFFLQNx3_ASAP7_75t_R)
  17.11   17.11   library hold time
          17.11   data required time
---------------------------------------------------------
          17.11   data required time
        -141.32   data arrival time
---------------------------------------------------------
         124.21   slack (MET)


Startpoint: _44241_ (falling edge-triggered flip-flop clocked by clk')
Endpoint: _44074_ (falling edge-triggered flip-flop clocked by clk')
Path Group: clk
Path Type: min

  Delay    Time   Description
---------------------------------------------------------
   0.00    0.00   clock clk' (fall edge)
   0.00    0.00   clock network delay (ideal)
   0.00    0.00 v _44241_/CLK (DFFLQNx2_ASAP7_75t_R)
  95.57   95.57 ^ _44241_/QN (DFFLQNx2_ASAP7_75t_R)
  28.97  124.53 v _43128_/Y (INVx1_ASAP7_75t_R)
  18.13  142.66 ^ _43229_/Y (XOR2x1_ASAP7_75t_R)
   0.00  142.66 ^ _44074_/D (DFFLQNx3_ASAP7_75t_R)
         142.66   data arrival time

   0.00    0.00   clock clk' (fall edge)
   0.00    0.00   clock network delay (ideal)
   0.00    0.00   clock reconvergence pessimism
           0.00 v _44074_/CLK (DFFLQNx3_ASAP7_75t_R)
  18.36   18.36   library hold time
          18.36   data required time
---------------------------------------------------------
          18.36   data required time
        -142.66   data arrival time
---------------------------------------------------------
         124.30   slack (MET)


Startpoint: _43847_ (falling edge-triggered flip-flop clocked by clk')
Endpoint: _44178_ (falling edge-triggered flip-flop clocked by clk')
Path Group: clk
Path Type: min

  Delay    Time   Description
---------------------------------------------------------
   0.00    0.00   clock clk' (fall edge)
   0.00    0.00   clock network delay (ideal)
   0.00    0.00 v _43847_/CLK (DFFLQNx2_ASAP7_75t_R)
  93.07   93.07 v _43847_/QN (DFFLQNx2_ASAP7_75t_R)
  20.87  113.94 ^ _30325_/Y (NOR2x1_ASAP7_75t_R)
  13.46  127.40 v _30329_/Y (OAI21x1_ASAP7_75t_R)
  11.97  139.37 ^ _30330_/Y (NAND2x1_ASAP7_75t_R)
   0.00  139.37 ^ _44178_/D (DFFLQNx2_ASAP7_75t_R)
         139.37   data arrival time

   0.00    0.00   clock clk' (fall edge)
   0.00    0.00   clock network delay (ideal)
   0.00    0.00   clock reconvergence pessimism
           0.00 v _44178_/CLK (DFFLQNx2_ASAP7_75t_R)
  14.56   14.56   library hold time
          14.56   data required time
---------------------------------------------------------
          14.56   data required time
        -139.37   data arrival time
---------------------------------------------------------
         124.81   slack (MET)


Startpoint: _44237_ (falling edge-triggered flip-flop clocked by clk')
Endpoint: _44046_ (falling edge-triggered flip-flop clocked by clk')
Path Group: clk
Path Type: min

  Delay    Time   Description
---------------------------------------------------------
   0.00    0.00   clock clk' (fall edge)
   0.00    0.00   clock network delay (ideal)
   0.00    0.00 v _44237_/CLK (DFFLQNx2_ASAP7_75t_R)
  99.82   99.82 ^ _44237_/QN (DFFLQNx2_ASAP7_75t_R)
  42.19  142.01 ^ _43265_/Y (XOR2x2_ASAP7_75t_R)
   0.00  142.01 ^ _44046_/D (DFFLQNx3_ASAP7_75t_R)
         142.01   data arrival time

   0.00    0.00   clock clk' (fall edge)
   0.00    0.00   clock network delay (ideal)
   0.00    0.00   clock reconvergence pessimism
           0.00 v _44046_/CLK (DFFLQNx3_ASAP7_75t_R)
  17.10   17.10   library hold time
          17.10   data required time
---------------------------------------------------------
          17.10   data required time
        -142.01   data arrival time
---------------------------------------------------------
         124.90   slack (MET)


Startpoint: _44284_ (falling edge-triggered flip-flop clocked by clk')
Endpoint: _43965_ (falling edge-triggered flip-flop clocked by clk')
Path Group: clk
Path Type: min

  Delay    Time   Description
---------------------------------------------------------
   0.00    0.00   clock clk' (fall edge)
   0.00    0.00   clock network delay (ideal)
   0.00    0.00 v _44284_/CLK (DFFLQNx2_ASAP7_75t_R)
  92.77   92.77 ^ _44284_/QN (DFFLQNx2_ASAP7_75t_R)
  27.46  120.24 v _33636_/Y (INVx1_ASAP7_75t_R)
  17.86  138.09 ^ _43344_/Y (XOR2x1_ASAP7_75t_R)
   0.00  138.09 ^ _43965_/D (DFFLQNx2_ASAP7_75t_R)
         138.09   data arrival time

   0.00    0.00   clock clk' (fall edge)
   0.00    0.00   clock network delay (ideal)
   0.00    0.00   clock reconvergence pessimism
           0.00 v _43965_/CLK (DFFLQNx2_ASAP7_75t_R)
  13.04   13.04   library hold time
          13.04   data required time
---------------------------------------------------------
          13.04   data required time
        -138.09   data arrival time
---------------------------------------------------------
         125.05   slack (MET)


Startpoint: _44228_ (falling edge-triggered flip-flop clocked by clk')
Endpoint: _44228_ (falling edge-triggered flip-flop clocked by clk')
Path Group: clk
Path Type: min

  Delay    Time   Description
---------------------------------------------------------
   0.00    0.00   clock clk' (fall edge)
   0.00    0.00   clock network delay (ideal)
   0.00    0.00 v _44228_/CLK (DFFLQNx2_ASAP7_75t_R)
 100.06  100.06 ^ _44228_/QN (DFFLQNx2_ASAP7_75t_R)
  24.66  124.72 v _25959_/Y (XOR2x1_ASAP7_75t_R)
  16.02  140.75 ^ _25961_/Y (OAI21x1_ASAP7_75t_R)
   0.00  140.75 ^ _44228_/D (DFFLQNx2_ASAP7_75t_R)
         140.75   data arrival time

   0.00    0.00   clock clk' (fall edge)
   0.00    0.00   clock network delay (ideal)
   0.00    0.00   clock reconvergence pessimism
           0.00 v _44228_/CLK (DFFLQNx2_ASAP7_75t_R)
  15.46   15.46   library hold time
          15.46   data required time
---------------------------------------------------------
          15.46   data required time
        -140.75   data arrival time
---------------------------------------------------------
         125.29   slack (MET)


Startpoint: _43851_ (falling edge-triggered flip-flop clocked by clk')
Endpoint: _44182_ (falling edge-triggered flip-flop clocked by clk')
Path Group: clk
Path Type: min

  Delay    Time   Description
---------------------------------------------------------
   0.00    0.00   clock clk' (fall edge)
   0.00    0.00   clock network delay (ideal)
   0.00    0.00 v _43851_/CLK (DFFLQNx2_ASAP7_75t_R)
  80.61   80.61 ^ _43851_/QN (DFFLQNx2_ASAP7_75t_R)
  33.28  113.89 ^ _30392_/Y (OR2x2_ASAP7_75t_R)
  12.72  126.60 v _30396_/Y (AOI21x1_ASAP7_75t_R)
  12.88  139.49 ^ _30397_/Y (NOR2x1_ASAP7_75t_R)
   0.00  139.49 ^ _44182_/D (DFFLQNx2_ASAP7_75t_R)
         139.49   data arrival time

   0.00    0.00   clock clk' (fall edge)
   0.00    0.00   clock network delay (ideal)
   0.00    0.00   clock reconvergence pessimism
           0.00 v _44182_/CLK (DFFLQNx2_ASAP7_75t_R)
  14.20   14.20   library hold time
          14.20   data required time
---------------------------------------------------------
          14.20   data required time
        -139.49   data arrival time
---------------------------------------------------------
         125.29   slack (MET)


Startpoint: _43844_ (falling edge-triggered flip-flop clocked by clk')
Endpoint: _44191_ (falling edge-triggered flip-flop clocked by clk')
Path Group: clk
Path Type: min

  Delay    Time   Description
---------------------------------------------------------
   0.00    0.00   clock clk' (fall edge)
   0.00    0.00   clock network delay (ideal)
   0.00    0.00 v _43844_/CLK (DFFLQNx2_ASAP7_75t_R)
  80.61   80.61 ^ _43844_/QN (DFFLQNx2_ASAP7_75t_R)
  33.28  113.89 ^ _30270_/Y (OR2x2_ASAP7_75t_R)
  12.72  126.60 v _30274_/Y (AOI21x1_ASAP7_75t_R)
  12.88  139.49 ^ _30275_/Y (NOR2x1_ASAP7_75t_R)
   0.00  139.49 ^ _44191_/D (DFFLQNx2_ASAP7_75t_R)
         139.49   data arrival time

   0.00    0.00   clock clk' (fall edge)
   0.00    0.00   clock network delay (ideal)
   0.00    0.00   clock reconvergence pessimism
           0.00 v _44191_/CLK (DFFLQNx2_ASAP7_75t_R)
  14.20   14.20   library hold time
          14.20   data required time
---------------------------------------------------------
          14.20   data required time
        -139.49   data arrival time
---------------------------------------------------------
         125.29   slack (MET)


Startpoint: _43841_ (falling edge-triggered flip-flop clocked by clk')
Endpoint: _44188_ (falling edge-triggered flip-flop clocked by clk')
Path Group: clk
Path Type: min

  Delay    Time   Description
---------------------------------------------------------
   0.00    0.00   clock clk' (fall edge)
   0.00    0.00   clock network delay (ideal)
   0.00    0.00 v _43841_/CLK (DFFLQNx2_ASAP7_75t_R)
  93.07   93.07 v _43841_/QN (DFFLQNx2_ASAP7_75t_R)
  20.87  113.94 ^ _30213_/Y (NOR2x1_ASAP7_75t_R)
  13.48  127.42 v _30221_/Y (OAI21x1_ASAP7_75t_R)
  12.59  140.01 ^ _30222_/Y (NAND2x1_ASAP7_75t_R)
   0.00  140.01 ^ _44188_/D (DFFLQNx2_ASAP7_75t_R)
         140.01   data arrival time

   0.00    0.00   clock clk' (fall edge)
   0.00    0.00   clock network delay (ideal)
   0.00    0.00   clock reconvergence pessimism
           0.00 v _44188_/CLK (DFFLQNx2_ASAP7_75t_R)
  14.48   14.48   library hold time
          14.48   data required time
---------------------------------------------------------
          14.48   data required time
        -140.01   data arrival time
---------------------------------------------------------
         125.53   slack (MET)


Startpoint: _43852_ (falling edge-triggered flip-flop clocked by clk')
Endpoint: _44183_ (falling edge-triggered flip-flop clocked by clk')
Path Group: clk
Path Type: min

  Delay    Time   Description
---------------------------------------------------------
   0.00    0.00   clock clk' (fall edge)
   0.00    0.00   clock network delay (ideal)
   0.00    0.00 v _43852_/CLK (DFFLQNx2_ASAP7_75t_R)
  78.01   78.01 ^ _43852_/QN (DFFLQNx2_ASAP7_75t_R)
  20.46   98.47 v _30398_/Y (NOR2x1_ASAP7_75t_R)
  15.20  113.67 ^ _30399_/Y (INVx1_ASAP7_75t_R)
  14.06  127.72 v _30404_/Y (AOI21x1_ASAP7_75t_R)
  12.04  139.76 ^ _30406_/Y (NOR2x1_ASAP7_75t_R)
   0.00  139.76 ^ _44183_/D (DFFLQNx2_ASAP7_75t_R)
         139.76   data arrival time

   0.00    0.00   clock clk' (fall edge)
   0.00    0.00   clock network delay (ideal)
   0.00    0.00   clock reconvergence pessimism
           0.00 v _44183_/CLK (DFFLQNx2_ASAP7_75t_R)
  14.22   14.22   library hold time
          14.22   data required time
---------------------------------------------------------
          14.22   data required time
        -139.76   data arrival time
---------------------------------------------------------
         125.55   slack (MET)


Startpoint: _43848_ (falling edge-triggered flip-flop clocked by clk')
Endpoint: _44179_ (falling edge-triggered flip-flop clocked by clk')
Path Group: clk
Path Type: min

  Delay    Time   Description
---------------------------------------------------------
   0.00    0.00   clock clk' (fall edge)
   0.00    0.00   clock network delay (ideal)
   0.00    0.00 v _43848_/CLK (DFFLQNx2_ASAP7_75t_R)
  76.47   76.47 ^ _43848_/QN (DFFLQNx2_ASAP7_75t_R)
  32.53  108.99 ^ _30338_/Y (AND2x2_ASAP7_75t_R)
  13.89  122.89 v _30339_/Y (AOI21x1_ASAP7_75t_R)
  16.23  139.12 ^ _30340_/Y (XOR2x1_ASAP7_75t_R)
   0.00  139.12 ^ _44179_/D (DFFLQNx2_ASAP7_75t_R)
         139.12   data arrival time

   0.00    0.00   clock clk' (fall edge)
   0.00    0.00   clock network delay (ideal)
   0.00    0.00   clock reconvergence pessimism
           0.00 v _44179_/CLK (DFFLQNx2_ASAP7_75t_R)
  13.51   13.51   library hold time
          13.51   data required time
---------------------------------------------------------
          13.51   data required time
        -139.12   data arrival time
---------------------------------------------------------
         125.60   slack (MET)


Startpoint: _43838_ (falling edge-triggered flip-flop clocked by clk')
Endpoint: _44185_ (falling edge-triggered flip-flop clocked by clk')
Path Group: clk
Path Type: min

  Delay    Time   Description
---------------------------------------------------------
   0.00    0.00   clock clk' (fall edge)
   0.00    0.00   clock network delay (ideal)
   0.00    0.00 v _43838_/CLK (DFFLQNx2_ASAP7_75t_R)
  81.23   81.23 ^ _43838_/QN (DFFLQNx2_ASAP7_75t_R)
  18.53   99.76 v _30127_/Y (NOR2x2_ASAP7_75t_R)
  14.87  114.63 ^ _30150_/Y (INVx1_ASAP7_75t_R)
  15.05  129.68 v _30151_/Y (NAND3x1_ASAP7_75t_R)
  13.10  142.78 ^ _30152_/Y (NAND2x1_ASAP7_75t_R)
   0.00  142.78 ^ _44185_/D (DFFLQNx3_ASAP7_75t_R)
         142.78   data arrival time

   0.00    0.00   clock clk' (fall edge)
   0.00    0.00   clock network delay (ideal)
   0.00    0.00   clock reconvergence pessimism
           0.00 v _44185_/CLK (DFFLQNx3_ASAP7_75t_R)
  17.16   17.16   library hold time
          17.16   data required time
---------------------------------------------------------
          17.16   data required time
        -142.78   data arrival time
---------------------------------------------------------
         125.62   slack (MET)


Startpoint: _43843_ (falling edge-triggered flip-flop clocked by clk')
Endpoint: _44190_ (falling edge-triggered flip-flop clocked by clk')
Path Group: clk
Path Type: min

  Delay    Time   Description
---------------------------------------------------------
   0.00    0.00   clock clk' (fall edge)
   0.00    0.00   clock network delay (ideal)
   0.00    0.00 v _43843_/CLK (DFFLQNx2_ASAP7_75t_R)
  76.47   76.47 ^ _43843_/QN (DFFLQNx2_ASAP7_75t_R)
  32.53  108.99 ^ _30254_/Y (AND2x2_ASAP7_75t_R)
  13.89  122.89 v _30255_/Y (AOI21x1_ASAP7_75t_R)
  16.23  139.12 ^ _30256_/Y (XOR2x1_ASAP7_75t_R)
   0.00  139.12 ^ _44190_/D (DFFLQNx2_ASAP7_75t_R)
         139.12   data arrival time

   0.00    0.00   clock clk' (fall edge)
   0.00    0.00   clock network delay (ideal)
   0.00    0.00   clock reconvergence pessimism
           0.00 v _44190_/CLK (DFFLQNx2_ASAP7_75t_R)
  13.35   13.35   library hold time
          13.35   data required time
---------------------------------------------------------
          13.35   data required time
        -139.12   data arrival time
---------------------------------------------------------
         125.77   slack (MET)


Startpoint: _43835_ (falling edge-triggered flip-flop clocked by clk')
Endpoint: _44198_ (falling edge-triggered flip-flop clocked by clk')
Path Group: clk
Path Type: min

  Delay    Time   Description
---------------------------------------------------------
   0.00    0.00   clock clk' (fall edge)
   0.00    0.00   clock network delay (ideal)
   0.00    0.00 v _43835_/CLK (DFFLQNx2_ASAP7_75t_R)
  94.57   94.57 v _43835_/QN (DFFLQNx2_ASAP7_75t_R)
  19.77  114.34 ^ _30078_/Y (NOR2x2_ASAP7_75t_R)
  12.99  127.33 v _30093_/Y (OAI21x1_ASAP7_75t_R)
  12.93  140.27 ^ _30098_/Y (NAND2x1_ASAP7_75t_R)
   0.00  140.27 ^ _44198_/D (DFFLQNx2_ASAP7_75t_R)
         140.27   data arrival time

   0.00    0.00   clock clk' (fall edge)
   0.00    0.00   clock network delay (ideal)
   0.00    0.00   clock reconvergence pessimism
           0.00 v _44198_/CLK (DFFLQNx2_ASAP7_75t_R)
  14.43   14.43   library hold time
          14.43   data required time
---------------------------------------------------------
          14.43   data required time
        -140.27   data arrival time
---------------------------------------------------------
         125.84   slack (MET)


Startpoint: _43834_ (falling edge-triggered flip-flop clocked by clk')
Endpoint: _44197_ (falling edge-triggered flip-flop clocked by clk')
Path Group: clk
Path Type: min

  Delay    Time   Description
---------------------------------------------------------
   0.00    0.00   clock clk' (fall edge)
   0.00    0.00   clock network delay (ideal)
   0.00    0.00 v _43834_/CLK (DFFLQNx2_ASAP7_75t_R)
  93.07   93.07 v _43834_/QN (DFFLQNx2_ASAP7_75t_R)
  20.87  113.94 ^ _30067_/Y (NOR2x1_ASAP7_75t_R)
  13.48  127.42 v _30075_/Y (OAI21x1_ASAP7_75t_R)
  13.06  140.48 ^ _30076_/Y (NAND2x1_ASAP7_75t_R)
   0.00  140.48 ^ _44197_/D (DFFLQNx2_ASAP7_75t_R)
         140.48   data arrival time

   0.00    0.00   clock clk' (fall edge)
   0.00    0.00   clock network delay (ideal)
   0.00    0.00   clock reconvergence pessimism
           0.00 v _44197_/CLK (DFFLQNx2_ASAP7_75t_R)
  14.41   14.41   library hold time
          14.41   data required time
---------------------------------------------------------
          14.41   data required time
        -140.48   data arrival time
---------------------------------------------------------
         126.07   slack (MET)


Startpoint: _43829_ (falling edge-triggered flip-flop clocked by clk')
Endpoint: _44192_ (falling edge-triggered flip-flop clocked by clk')
Path Group: clk
Path Type: min

  Delay    Time   Description
---------------------------------------------------------
   0.00    0.00   clock clk' (fall edge)
   0.00    0.00   clock network delay (ideal)
   0.00    0.00 v _43829_/CLK (DFFLQNx2_ASAP7_75t_R)
  78.01   78.01 ^ _43829_/QN (DFFLQNx2_ASAP7_75t_R)
  16.34   94.34 v _29949_/Y (NOR2x1_ASAP7_75t_R)
  16.05  110.39 ^ _29950_/Y (INVx1_ASAP7_75t_R)
  16.41  126.80 v _29951_/Y (NAND3x1_ASAP7_75t_R)
  16.44  143.24 ^ _29953_/Y (NAND2x1_ASAP7_75t_R)
   0.00  143.24 ^ _44192_/D (DFFLQNx3_ASAP7_75t_R)
         143.24   data arrival time

   0.00    0.00   clock clk' (fall edge)
   0.00    0.00   clock network delay (ideal)
   0.00    0.00   clock reconvergence pessimism
           0.00 v _44192_/CLK (DFFLQNx3_ASAP7_75t_R)
  17.11   17.11   library hold time
          17.11   data required time
---------------------------------------------------------
          17.11   data required time
        -143.24   data arrival time
---------------------------------------------------------
         126.13   slack (MET)


Startpoint: _44258_ (falling edge-triggered flip-flop clocked by clk')
Endpoint: _44131_ (falling edge-triggered flip-flop clocked by clk')
Path Group: clk
Path Type: min

  Delay    Time   Description
---------------------------------------------------------
   0.00    0.00   clock clk' (fall edge)
   0.00    0.00   clock network delay (ideal)
   0.00    0.00 v _44258_/CLK (DFFLQNx2_ASAP7_75t_R)
 117.50  117.50 v _44258_/QN (DFFLQNx2_ASAP7_75t_R)
  22.00  139.50 ^ _38482_/Y (XOR2x1_ASAP7_75t_R)
   0.00  139.50 ^ _44131_/D (DFFLQNx2_ASAP7_75t_R)
         139.50   data arrival time

   0.00    0.00   clock clk' (fall edge)
   0.00    0.00   clock network delay (ideal)
   0.00    0.00   clock reconvergence pessimism
           0.00 v _44131_/CLK (DFFLQNx2_ASAP7_75t_R)
  13.34   13.34   library hold time
          13.34   data required time
---------------------------------------------------------
          13.34   data required time
        -139.50   data arrival time
---------------------------------------------------------
         126.16   slack (MET)


Startpoint: _44258_ (falling edge-triggered flip-flop clocked by clk')
Endpoint: _44003_ (falling edge-triggered flip-flop clocked by clk')
Path Group: clk
Path Type: min

  Delay    Time   Description
---------------------------------------------------------
   0.00    0.00   clock clk' (fall edge)
   0.00    0.00   clock network delay (ideal)
   0.00    0.00 v _44258_/CLK (DFFLQNx2_ASAP7_75t_R)
 117.50  117.50 v _44258_/QN (DFFLQNx2_ASAP7_75t_R)
  26.13  143.63 ^ _43302_/Y (XNOR2x1_ASAP7_75t_R)
   0.00  143.63 ^ _44003_/D (DFFLQNx3_ASAP7_75t_R)
         143.63   data arrival time

   0.00    0.00   clock clk' (fall edge)
   0.00    0.00   clock network delay (ideal)
   0.00    0.00   clock reconvergence pessimism
           0.00 v _44003_/CLK (DFFLQNx3_ASAP7_75t_R)
  17.33   17.33   library hold time
          17.33   data required time
---------------------------------------------------------
          17.33   data required time
        -143.63   data arrival time
---------------------------------------------------------
         126.30   slack (MET)


Startpoint: _43840_ (falling edge-triggered flip-flop clocked by clk')
Endpoint: _44187_ (falling edge-triggered flip-flop clocked by clk')
Path Group: clk
Path Type: min

  Delay    Time   Description
---------------------------------------------------------
   0.00    0.00   clock clk' (fall edge)
   0.00    0.00   clock network delay (ideal)
   0.00    0.00 v _43840_/CLK (DFFLQNx2_ASAP7_75t_R)
  78.01   78.01 ^ _43840_/QN (DFFLQNx2_ASAP7_75t_R)
  21.01   99.02 v _30176_/Y (NOR2x1_ASAP7_75t_R)
  16.14  115.16 ^ _30198_/Y (INVx1_ASAP7_75t_R)
  15.27  130.43 v _30199_/Y (NAND3x1_ASAP7_75t_R)
  13.12  143.55 ^ _30200_/Y (NAND2x1_ASAP7_75t_R)
   0.00  143.55 ^ _44187_/D (DFFLQNx3_ASAP7_75t_R)
         143.55   data arrival time

   0.00    0.00   clock clk' (fall edge)
   0.00    0.00   clock network delay (ideal)
   0.00    0.00   clock reconvergence pessimism
           0.00 v _44187_/CLK (DFFLQNx3_ASAP7_75t_R)
  17.17   17.17   library hold time
          17.17   data required time
---------------------------------------------------------
          17.17   data required time
        -143.55   data arrival time
---------------------------------------------------------
         126.38   slack (MET)


Startpoint: _44214_ (falling edge-triggered flip-flop clocked by clk')
Endpoint: _44214_ (falling edge-triggered flip-flop clocked by clk')
Path Group: clk
Path Type: min

  Delay    Time   Description
---------------------------------------------------------
   0.00    0.00   clock clk' (fall edge)
   0.00    0.00   clock network delay (ideal)
   0.00    0.00 v _44214_/CLK (DFFLQNx1_ASAP7_75t_R)
  67.20   67.20 ^ _44214_/QN (DFFLQNx1_ASAP7_75t_R)
  42.84  110.03 ^ _43772_/Y (XOR2x2_ASAP7_75t_R)
  30.32  140.35 ^ _43798_/Y (AND2x2_ASAP7_75t_R)
   0.00  140.35 ^ _44214_/D (DFFLQNx1_ASAP7_75t_R)
         140.35   data arrival time

   0.00    0.00   clock clk' (fall edge)
   0.00    0.00   clock network delay (ideal)
   0.00    0.00   clock reconvergence pessimism
           0.00 v _44214_/CLK (DFFLQNx1_ASAP7_75t_R)
  13.69   13.69   library hold time
          13.69   data required time
---------------------------------------------------------
          13.69   data required time
        -140.35   data arrival time
---------------------------------------------------------
         126.67   slack (MET)


Startpoint: _44251_ (falling edge-triggered flip-flop clocked by clk')
Endpoint: _43972_ (falling edge-triggered flip-flop clocked by clk')
Path Group: clk
Path Type: min

  Delay    Time   Description
---------------------------------------------------------
   0.00    0.00   clock clk' (fall edge)
   0.00    0.00   clock network delay (ideal)
   0.00    0.00 v _44251_/CLK (DFFLQNx2_ASAP7_75t_R)
 117.86  117.86 v _44251_/QN (DFFLQNx2_ASAP7_75t_R)
  22.04  139.89 ^ _43335_/Y (XOR2x1_ASAP7_75t_R)
   0.00  139.89 ^ _43972_/D (DFFLQNx2_ASAP7_75t_R)
         139.89   data arrival time

   0.00    0.00   clock clk' (fall edge)
   0.00    0.00   clock network delay (ideal)
   0.00    0.00   clock reconvergence pessimism
           0.00 v _43972_/CLK (DFFLQNx2_ASAP7_75t_R)
  13.14   13.14   library hold time
          13.14   data required time
---------------------------------------------------------
          13.14   data required time
        -139.89   data arrival time
---------------------------------------------------------
         126.75   slack (MET)


Startpoint: _44305_ (falling edge-triggered flip-flop clocked by clk')
Endpoint: _44058_ (falling edge-triggered flip-flop clocked by clk')
Path Group: clk
Path Type: min

  Delay    Time   Description
---------------------------------------------------------
   0.00    0.00   clock clk' (fall edge)
   0.00    0.00   clock network delay (ideal)
   0.00    0.00 v _44305_/CLK (DFFLQNx2_ASAP7_75t_R)
  93.69   93.69 ^ _44305_/QN (DFFLQNx2_ASAP7_75t_R)
  28.32  122.02 v _34552_/Y (INVx1_ASAP7_75t_R)
  18.02  140.04 ^ _43245_/Y (XOR2x1_ASAP7_75t_R)
   0.00  140.04 ^ _44058_/D (DFFLQNx2_ASAP7_75t_R)
         140.04   data arrival time

   0.00    0.00   clock clk' (fall edge)
   0.00    0.00   clock network delay (ideal)
   0.00    0.00   clock reconvergence pessimism
           0.00 v _44058_/CLK (DFFLQNx2_ASAP7_75t_R)
  13.26   13.26   library hold time
          13.26   data required time
---------------------------------------------------------
          13.26   data required time
        -140.04   data arrival time
---------------------------------------------------------
         126.77   slack (MET)


Startpoint: _44270_ (falling edge-triggered flip-flop clocked by clk')
Endpoint: _44039_ (falling edge-triggered flip-flop clocked by clk')
Path Group: clk
Path Type: min

  Delay    Time   Description
---------------------------------------------------------
   0.00    0.00   clock clk' (fall edge)
   0.00    0.00   clock network delay (ideal)
   0.00    0.00 v _44270_/CLK (DFFLQNx2_ASAP7_75t_R)
  97.45   97.45 ^ _44270_/QN (DFFLQNx2_ASAP7_75t_R)
  29.61  127.07 v _38744_/Y (INVx1_ASAP7_75t_R)
  18.23  145.30 ^ _43274_/Y (XOR2x1_ASAP7_75t_R)
   0.00  145.30 ^ _44039_/D (DFFLQNx3_ASAP7_75t_R)
         145.30   data arrival time

   0.00    0.00   clock clk' (fall edge)
   0.00    0.00   clock network delay (ideal)
   0.00    0.00   clock reconvergence pessimism
           0.00 v _44039_/CLK (DFFLQNx3_ASAP7_75t_R)
  18.30   18.30   library hold time
          18.30   data required time
---------------------------------------------------------
          18.30   data required time
        -145.30   data arrival time
---------------------------------------------------------
         127.00   slack (MET)


Startpoint: _43825_ (falling edge-triggered flip-flop clocked by clk')
Endpoint: _44204_ (falling edge-triggered flip-flop clocked by clk')
Path Group: clk
Path Type: min

  Delay    Time   Description
---------------------------------------------------------
   0.00    0.00   clock clk' (fall edge)
   0.00    0.00   clock network delay (ideal)
   0.00    0.00 v _43825_/CLK (DFFLQNx2_ASAP7_75t_R)
  79.77   79.77 ^ _43825_/QN (DFFLQNx2_ASAP7_75t_R)
  34.51  114.28 ^ _28603_/Y (AND2x2_ASAP7_75t_R)
  14.60  128.88 v _28971_/Y (OAI21x1_ASAP7_75t_R)
  13.12  142.01 ^ _28977_/Y (NAND2x2_ASAP7_75t_R)
   0.00  142.01 ^ _44204_/D (DFFLQNx2_ASAP7_75t_R)
         142.01   data arrival time

   0.00    0.00   clock clk' (fall edge)
   0.00    0.00   clock network delay (ideal)
   0.00    0.00   clock reconvergence pessimism
           0.00 v _44204_/CLK (DFFLQNx2_ASAP7_75t_R)
  14.90   14.90   library hold time
          14.90   data required time
---------------------------------------------------------
          14.90   data required time
        -142.01   data arrival time
---------------------------------------------------------
         127.11   slack (MET)


Startpoint: _43850_ (falling edge-triggered flip-flop clocked by clk')
Endpoint: _44181_ (falling edge-triggered flip-flop clocked by clk')
Path Group: clk
Path Type: min

  Delay    Time   Description
---------------------------------------------------------
   0.00    0.00   clock clk' (fall edge)
   0.00    0.00   clock network delay (ideal)
   0.00    0.00 v _43850_/CLK (DFFLQNx2_ASAP7_75t_R)
  81.23   81.23 ^ _43850_/QN (DFFLQNx2_ASAP7_75t_R)
  18.99  100.22 v _30366_/Y (NOR2x2_ASAP7_75t_R)
  14.37  114.59 ^ _30367_/Y (INVx1_ASAP7_75t_R)
  13.87  128.46 v _30380_/Y (AOI21x1_ASAP7_75t_R)
  12.97  141.43 ^ _30382_/Y (NOR2x1_ASAP7_75t_R)
   0.00  141.43 ^ _44181_/D (DFFLQNx2_ASAP7_75t_R)
         141.43   data arrival time

   0.00    0.00   clock clk' (fall edge)
   0.00    0.00   clock network delay (ideal)
   0.00    0.00   clock reconvergence pessimism
           0.00 v _44181_/CLK (DFFLQNx2_ASAP7_75t_R)
  14.20   14.20   library hold time
          14.20   data required time
---------------------------------------------------------
          14.20   data required time
        -141.43   data arrival time
---------------------------------------------------------
         127.24   slack (MET)


Startpoint: _43826_ (falling edge-triggered flip-flop clocked by clk')
Endpoint: _44205_ (falling edge-triggered flip-flop clocked by clk')
Path Group: clk
Path Type: min

  Delay    Time   Description
---------------------------------------------------------
   0.00    0.00   clock clk' (fall edge)
   0.00    0.00   clock network delay (ideal)
   0.00    0.00 v _43826_/CLK (DFFLQNx2_ASAP7_75t_R)
  81.23   81.23 ^ _43826_/QN (DFFLQNx2_ASAP7_75t_R)
  18.99  100.22 v _28978_/Y (NOR2x2_ASAP7_75t_R)
  14.37  114.59 ^ _28979_/Y (INVx1_ASAP7_75t_R)
  13.87  128.46 v _29341_/Y (AOI21x1_ASAP7_75t_R)
  12.97  141.43 ^ _29343_/Y (NOR2x1_ASAP7_75t_R)
   0.00  141.43 ^ _44205_/D (DFFLQNx2_ASAP7_75t_R)
         141.43   data arrival time

   0.00    0.00   clock clk' (fall edge)
   0.00    0.00   clock network delay (ideal)
   0.00    0.00   clock reconvergence pessimism
           0.00 v _44205_/CLK (DFFLQNx2_ASAP7_75t_R)
  14.20   14.20   library hold time
          14.20   data required time
---------------------------------------------------------
          14.20   data required time
        -141.43   data arrival time
---------------------------------------------------------
         127.24   slack (MET)


Startpoint: _44302_ (falling edge-triggered flip-flop clocked by clk')
Endpoint: _44159_ (falling edge-triggered flip-flop clocked by clk')
Path Group: clk
Path Type: min

  Delay    Time   Description
---------------------------------------------------------
   0.00    0.00   clock clk' (fall edge)
   0.00    0.00   clock network delay (ideal)
   0.00    0.00 v _44302_/CLK (DFFLQNx2_ASAP7_75t_R)
  81.36   81.36 ^ _44302_/QN (DFFLQNx2_ASAP7_75t_R)
  19.25  100.61 v _34504_/Y (INVx2_ASAP7_75t_R)
  28.48  129.08 v _34508_/Y (AO21x1_ASAP7_75t_R)
  12.78  141.86 ^ _34509_/Y (NAND2x1_ASAP7_75t_R)
   0.00  141.86 ^ _44159_/D (DFFLQNx2_ASAP7_75t_R)
         141.86   data arrival time

   0.00    0.00   clock clk' (fall edge)
   0.00    0.00   clock network delay (ideal)
   0.00    0.00   clock reconvergence pessimism
           0.00 v _44159_/CLK (DFFLQNx2_ASAP7_75t_R)
  14.45   14.45   library hold time
          14.45   data required time
---------------------------------------------------------
          14.45   data required time
        -141.86   data arrival time
---------------------------------------------------------
         127.41   slack (MET)


Startpoint: _43823_ (falling edge-triggered flip-flop clocked by clk')
Endpoint: _44202_ (falling edge-triggered flip-flop clocked by clk')
Path Group: clk
Path Type: min

  Delay    Time   Description
---------------------------------------------------------
   0.00    0.00   clock clk' (fall edge)
   0.00    0.00   clock network delay (ideal)
   0.00    0.00 v _43823_/CLK (DFFLQNx2_ASAP7_75t_R)
  78.01   78.01 ^ _43823_/QN (DFFLQNx2_ASAP7_75t_R)
  17.78   95.79 v _28198_/Y (NOR2x1_ASAP7_75t_R)
  16.56  112.34 ^ _28199_/Y (AOI21x1_ASAP7_75t_R)
  28.66  141.00 ^ _28200_/Y (XOR2x1_ASAP7_75t_R)
   0.00  141.00 ^ _44202_/D (DFFLQNx2_ASAP7_75t_R)
         141.00   data arrival time

   0.00    0.00   clock clk' (fall edge)
   0.00    0.00   clock network delay (ideal)
   0.00    0.00   clock reconvergence pessimism
           0.00 v _44202_/CLK (DFFLQNx2_ASAP7_75t_R)
  13.46   13.46   library hold time
          13.46   data required time
---------------------------------------------------------
          13.46   data required time
        -141.00   data arrival time
---------------------------------------------------------
         127.54   slack (MET)


Startpoint: _43839_ (falling edge-triggered flip-flop clocked by clk')
Endpoint: _44186_ (falling edge-triggered flip-flop clocked by clk')
Path Group: clk
Path Type: min

  Delay    Time   Description
---------------------------------------------------------
   0.00    0.00   clock clk' (fall edge)
   0.00    0.00   clock network delay (ideal)
   0.00    0.00 v _43839_/CLK (DFFLQNx2_ASAP7_75t_R)
  76.47   76.47 ^ _43839_/QN (DFFLQNx2_ASAP7_75t_R)
  34.80  111.27 ^ _30153_/Y (AND2x2_ASAP7_75t_R)
  16.28  127.54 v _30172_/Y (OAI21x1_ASAP7_75t_R)
  15.17  142.72 ^ _30175_/Y (NAND2x2_ASAP7_75t_R)
   0.00  142.72 ^ _44186_/D (DFFLQNx2_ASAP7_75t_R)
         142.72   data arrival time

   0.00    0.00   clock clk' (fall edge)
   0.00    0.00   clock network delay (ideal)
   0.00    0.00   clock reconvergence pessimism
           0.00 v _44186_/CLK (DFFLQNx2_ASAP7_75t_R)
  15.03   15.03   library hold time
          15.03   data required time
---------------------------------------------------------
          15.03   data required time
        -142.72   data arrival time
---------------------------------------------------------
         127.68   slack (MET)


Startpoint: _44307_ (falling edge-triggered flip-flop clocked by clk')
Endpoint: _44148_ (falling edge-triggered flip-flop clocked by clk')
Path Group: clk
Path Type: min

  Delay    Time   Description
---------------------------------------------------------
   0.00    0.00   clock clk' (fall edge)
   0.00    0.00   clock network delay (ideal)
   0.00    0.00 v _44307_/CLK (DFFLQNx2_ASAP7_75t_R)
  99.17   99.17 ^ _44307_/QN (DFFLQNx2_ASAP7_75t_R)
  29.81  128.99 v _34602_/Y (NOR3x1_ASAP7_75t_R)
  12.99  141.98 ^ _34603_/Y (NOR2x1_ASAP7_75t_R)
   0.00  141.98 ^ _44148_/D (DFFLQNx2_ASAP7_75t_R)
         141.98   data arrival time

   0.00    0.00   clock clk' (fall edge)
   0.00    0.00   clock network delay (ideal)
   0.00    0.00   clock reconvergence pessimism
           0.00 v _44148_/CLK (DFFLQNx2_ASAP7_75t_R)
  14.23   14.23   library hold time
          14.23   data required time
---------------------------------------------------------
          14.23   data required time
        -141.98   data arrival time
---------------------------------------------------------
         127.75   slack (MET)


Startpoint: _44257_ (falling edge-triggered flip-flop clocked by clk')
Endpoint: _44257_ (falling edge-triggered flip-flop clocked by clk')
Path Group: clk
Path Type: min

  Delay    Time   Description
---------------------------------------------------------
   0.00    0.00   clock clk' (fall edge)
   0.00    0.00   clock network delay (ideal)
   0.00    0.00 v _44257_/CLK (DFFLQNx2_ASAP7_75t_R)
 101.27  101.27 ^ _44257_/QN (DFFLQNx2_ASAP7_75t_R)
  25.04  126.30 v _25803_/Y (XOR2x1_ASAP7_75t_R)
  15.88  142.18 ^ _25805_/Y (AOI21x1_ASAP7_75t_R)
   0.00  142.18 ^ _44257_/D (DFFLQNx2_ASAP7_75t_R)
         142.18   data arrival time

   0.00    0.00   clock clk' (fall edge)
   0.00    0.00   clock network delay (ideal)
   0.00    0.00   clock reconvergence pessimism
           0.00 v _44257_/CLK (DFFLQNx2_ASAP7_75t_R)
  14.41   14.41   library hold time
          14.41   data required time
---------------------------------------------------------
          14.41   data required time
        -142.18   data arrival time
---------------------------------------------------------
         127.77   slack (MET)


Startpoint: _43827_ (falling edge-triggered flip-flop clocked by clk')
Endpoint: _44206_ (falling edge-triggered flip-flop clocked by clk')
Path Group: clk
Path Type: min

  Delay    Time   Description
---------------------------------------------------------
   0.00    0.00   clock clk' (fall edge)
   0.00    0.00   clock network delay (ideal)
   0.00    0.00 v _43827_/CLK (DFFLQNx2_ASAP7_75t_R)
  78.01   78.01 ^ _43827_/QN (DFFLQNx2_ASAP7_75t_R)
  18.75   96.76 v _29656_/Y (NOR2x1_ASAP7_75t_R)
  15.31  112.06 ^ _29657_/Y (INVx2_ASAP7_75t_R)
  16.03  128.10 v _29658_/Y (NAND3x2_ASAP7_75t_R)
  14.75  142.85 ^ _29660_/Y (NAND2x2_ASAP7_75t_R)
   0.00  142.85 ^ _44206_/D (DFFLQNx2_ASAP7_75t_R)
         142.85   data arrival time

   0.00    0.00   clock clk' (fall edge)
   0.00    0.00   clock network delay (ideal)
   0.00    0.00   clock reconvergence pessimism
           0.00 v _44206_/CLK (DFFLQNx2_ASAP7_75t_R)
  14.85   14.85   library hold time
          14.85   data required time
---------------------------------------------------------
          14.85   data required time
        -142.85   data arrival time
---------------------------------------------------------
         128.00   slack (MET)


Startpoint: _44257_ (falling edge-triggered flip-flop clocked by clk')
Endpoint: _44130_ (falling edge-triggered flip-flop clocked by clk')
Path Group: clk
Path Type: min

  Delay    Time   Description
---------------------------------------------------------
   0.00    0.00   clock clk' (fall edge)
   0.00    0.00   clock network delay (ideal)
   0.00    0.00 v _44257_/CLK (DFFLQNx2_ASAP7_75t_R)
 101.27  101.27 ^ _44257_/QN (DFFLQNx2_ASAP7_75t_R)
  42.03  143.30 ^ _38475_/Y (XNOR2x2_ASAP7_75t_R)
   0.00  143.30 ^ _44130_/D (DFFLQNx2_ASAP7_75t_R)
         143.30   data arrival time

   0.00    0.00   clock clk' (fall edge)
   0.00    0.00   clock network delay (ideal)
   0.00    0.00   clock reconvergence pessimism
           0.00 v _44130_/CLK (DFFLQNx2_ASAP7_75t_R)
  15.24   15.24   library hold time
          15.24   data required time
---------------------------------------------------------
          15.24   data required time
        -143.30   data arrival time
---------------------------------------------------------
         128.06   slack (MET)


Startpoint: _44272_ (falling edge-triggered flip-flop clocked by clk')
Endpoint: _44065_ (falling edge-triggered flip-flop clocked by clk')
Path Group: clk
Path Type: min

  Delay    Time   Description
---------------------------------------------------------
   0.00    0.00   clock clk' (fall edge)
   0.00    0.00   clock network delay (ideal)
   0.00    0.00 v _44272_/CLK (DFFLQNx2_ASAP7_75t_R)
  98.48   98.48 ^ _44272_/QN (DFFLQNx2_ASAP7_75t_R)
  29.96  128.44 v _38769_/Y (INVx1_ASAP7_75t_R)
  18.29  146.73 ^ _43236_/Y (XOR2x1_ASAP7_75t_R)
   0.00  146.73 ^ _44065_/D (DFFLQNx3_ASAP7_75t_R)
         146.73   data arrival time

   0.00    0.00   clock clk' (fall edge)
   0.00    0.00   clock network delay (ideal)
   0.00    0.00   clock reconvergence pessimism
           0.00 v _44065_/CLK (DFFLQNx3_ASAP7_75t_R)
  18.52   18.52   library hold time
          18.52   data required time
---------------------------------------------------------
          18.52   data required time
        -146.73   data arrival time
---------------------------------------------------------
         128.21   slack (MET)


Startpoint: _44266_ (falling edge-triggered flip-flop clocked by clk')
Endpoint: _44035_ (falling edge-triggered flip-flop clocked by clk')
Path Group: clk
Path Type: min

  Delay    Time   Description
---------------------------------------------------------
   0.00    0.00   clock clk' (fall edge)
   0.00    0.00   clock network delay (ideal)
   0.00    0.00 v _44266_/CLK (DFFLQNx2_ASAP7_75t_R)
  98.48   98.48 ^ _44266_/QN (DFFLQNx2_ASAP7_75t_R)
  29.96  128.44 v _38654_/Y (INVx1_ASAP7_75t_R)
  18.29  146.73 ^ _43270_/Y (XOR2x1_ASAP7_75t_R)
   0.00  146.73 ^ _44035_/D (DFFLQNx3_ASAP7_75t_R)
         146.73   data arrival time

   0.00    0.00   clock clk' (fall edge)
   0.00    0.00   clock network delay (ideal)
   0.00    0.00   clock reconvergence pessimism
           0.00 v _44035_/CLK (DFFLQNx3_ASAP7_75t_R)
  18.36   18.36   library hold time
          18.36   data required time
---------------------------------------------------------
          18.36   data required time
        -146.73   data arrival time
---------------------------------------------------------
         128.37   slack (MET)


Startpoint: _43842_ (falling edge-triggered flip-flop clocked by clk')
Endpoint: _44189_ (falling edge-triggered flip-flop clocked by clk')
Path Group: clk
Path Type: min

  Delay    Time   Description
---------------------------------------------------------
   0.00    0.00   clock clk' (fall edge)
   0.00    0.00   clock network delay (ideal)
   0.00    0.00 v _43842_/CLK (DFFLQNx2_ASAP7_75t_R)
  80.61   80.61 ^ _43842_/QN (DFFLQNx2_ASAP7_75t_R)
  33.28  113.89 ^ _30242_/Y (OR2x2_ASAP7_75t_R)
  13.43  127.31 v _30245_/Y (AOI21x1_ASAP7_75t_R)
  15.27  142.58 ^ _30246_/Y (NOR2x1_ASAP7_75t_R)
   0.00  142.58 ^ _44189_/D (DFFLQNx2_ASAP7_75t_R)
         142.58   data arrival time

   0.00    0.00   clock clk' (fall edge)
   0.00    0.00   clock network delay (ideal)
   0.00    0.00   clock reconvergence pessimism
           0.00 v _44189_/CLK (DFFLQNx2_ASAP7_75t_R)
  14.20   14.20   library hold time
          14.20   data required time
---------------------------------------------------------
          14.20   data required time
        -142.58   data arrival time
---------------------------------------------------------
         128.38   slack (MET)


Startpoint: _43832_ (falling edge-triggered flip-flop clocked by clk')
Endpoint: _44195_ (falling edge-triggered flip-flop clocked by clk')
Path Group: clk
Path Type: min

  Delay    Time   Description
---------------------------------------------------------
   0.00    0.00   clock clk' (fall edge)
   0.00    0.00   clock network delay (ideal)
   0.00    0.00 v _43832_/CLK (DFFLQNx2_ASAP7_75t_R)
  93.07   93.07 v _43832_/QN (DFFLQNx2_ASAP7_75t_R)
  20.87  113.94 ^ _30006_/Y (NOR2x1_ASAP7_75t_R)
  16.08  130.02 v _30016_/Y (OAI21x1_ASAP7_75t_R)
  13.39  143.41 ^ _30023_/Y (NAND2x2_ASAP7_75t_R)
   0.00  143.41 ^ _44195_/D (DFFLQNx2_ASAP7_75t_R)
         143.41   data arrival time

   0.00    0.00   clock clk' (fall edge)
   0.00    0.00   clock network delay (ideal)
   0.00    0.00   clock reconvergence pessimism
           0.00 v _44195_/CLK (DFFLQNx2_ASAP7_75t_R)
  14.85   14.85   library hold time
          14.85   data required time
---------------------------------------------------------
          14.85   data required time
        -143.41   data arrival time
---------------------------------------------------------
         128.56   slack (MET)


Startpoint: _43849_ (falling edge-triggered flip-flop clocked by clk')
Endpoint: _44180_ (falling edge-triggered flip-flop clocked by clk')
Path Group: clk
Path Type: min

  Delay    Time   Description
---------------------------------------------------------
   0.00    0.00   clock clk' (fall edge)
   0.00    0.00   clock network delay (ideal)
   0.00    0.00 v _43849_/CLK (DFFLQNx2_ASAP7_75t_R)
  78.01   78.01 ^ _43849_/QN (DFFLQNx2_ASAP7_75t_R)
  21.88   99.89 v _30341_/Y (NOR2x1_ASAP7_75t_R)
  15.72  115.61 ^ _30342_/Y (INVx1_ASAP7_75t_R)
  14.24  129.84 v _30363_/Y (AOI21x1_ASAP7_75t_R)
  12.97  142.81 ^ _30365_/Y (NOR2x1_ASAP7_75t_R)
   0.00  142.81 ^ _44180_/D (DFFLQNx2_ASAP7_75t_R)
         142.81   data arrival time

   0.00    0.00   clock clk' (fall edge)
   0.00    0.00   clock network delay (ideal)
   0.00    0.00   clock reconvergence pessimism
           0.00 v _44180_/CLK (DFFLQNx2_ASAP7_75t_R)
  14.20   14.20   library hold time
          14.20   data required time
---------------------------------------------------------
          14.20   data required time
        -142.81   data arrival time
---------------------------------------------------------
         128.62   slack (MET)


Startpoint: _43824_ (falling edge-triggered flip-flop clocked by clk')
Endpoint: _44203_ (falling edge-triggered flip-flop clocked by clk')
Path Group: clk
Path Type: min

  Delay    Time   Description
---------------------------------------------------------
   0.00    0.00   clock clk' (fall edge)
   0.00    0.00   clock network delay (ideal)
   0.00    0.00 v _43824_/CLK (DFFLQNx2_ASAP7_75t_R)
  78.01   78.01 ^ _43824_/QN (DFFLQNx2_ASAP7_75t_R)
  21.88   99.89 v _28201_/Y (NOR2x1_ASAP7_75t_R)
  15.72  115.61 ^ _28202_/Y (INVx1_ASAP7_75t_R)
  14.24  129.84 v _28600_/Y (AOI21x1_ASAP7_75t_R)
  12.97  142.81 ^ _28602_/Y (NOR2x1_ASAP7_75t_R)
   0.00  142.81 ^ _44203_/D (DFFLQNx2_ASAP7_75t_R)
         142.81   data arrival time

   0.00    0.00   clock clk' (fall edge)
   0.00    0.00   clock network delay (ideal)
   0.00    0.00   clock reconvergence pessimism
           0.00 v _44203_/CLK (DFFLQNx2_ASAP7_75t_R)
  14.20   14.20   library hold time
          14.20   data required time
---------------------------------------------------------
          14.20   data required time
        -142.81   data arrival time
---------------------------------------------------------
         128.62   slack (MET)


Startpoint: _43867_ (falling edge-triggered flip-flop clocked by clk')
Endpoint: _44166_ (falling edge-triggered flip-flop clocked by clk')
Path Group: clk
Path Type: min

  Delay    Time   Description
---------------------------------------------------------
   0.00    0.00   clock clk' (fall edge)
   0.00    0.00   clock network delay (ideal)
   0.00    0.00 v _43867_/CLK (DFFLQNx2_ASAP7_75t_R)
  78.01   78.01 ^ _43867_/QN (DFFLQNx2_ASAP7_75t_R)
  16.34   94.34 v _34332_/Y (NOR2x1_ASAP7_75t_R)
  16.05  110.39 ^ _34333_/Y (INVx1_ASAP7_75t_R)
  16.41  126.80 v _34334_/Y (NAND3x1_ASAP7_75t_R)
  16.44  143.24 ^ _34336_/Y (NAND2x1_ASAP7_75t_R)
   0.00  143.24 ^ _44166_/D (DFFLQNx2_ASAP7_75t_R)
         143.24   data arrival time

   0.00    0.00   clock clk' (fall edge)
   0.00    0.00   clock network delay (ideal)
   0.00    0.00   clock reconvergence pessimism
           0.00 v _44166_/CLK (DFFLQNx2_ASAP7_75t_R)
  14.44   14.44   library hold time
          14.44   data required time
---------------------------------------------------------
          14.44   data required time
        -143.24   data arrival time
---------------------------------------------------------
         128.80   slack (MET)


Startpoint: _43837_ (falling edge-triggered flip-flop clocked by clk')
Endpoint: _44184_ (falling edge-triggered flip-flop clocked by clk')
Path Group: clk
Path Type: min

  Delay    Time   Description
---------------------------------------------------------
   0.00    0.00   clock clk' (fall edge)
   0.00    0.00   clock network delay (ideal)
   0.00    0.00 v _43837_/CLK (DFFLQNx2_ASAP7_75t_R)
  94.57   94.57 v _43837_/QN (DFFLQNx2_ASAP7_75t_R)
  19.77  114.34 ^ _30105_/Y (NOR2x2_ASAP7_75t_R)
  16.54  130.88 v _30117_/Y (OAI21x1_ASAP7_75t_R)
  14.73  145.61 ^ _30126_/Y (NAND2x2_ASAP7_75t_R)
   0.00  145.61 ^ _44184_/D (DFFLQNx3_ASAP7_75t_R)
         145.61   data arrival time

   0.00    0.00   clock clk' (fall edge)
   0.00    0.00   clock network delay (ideal)
   0.00    0.00   clock reconvergence pessimism
           0.00 v _44184_/CLK (DFFLQNx3_ASAP7_75t_R)
  16.47   16.47   library hold time
          16.47   data required time
---------------------------------------------------------
          16.47   data required time
        -145.61   data arrival time
---------------------------------------------------------
         129.14   slack (MET)


Startpoint: _44332_ (falling edge-triggered flip-flop clocked by clk')
Endpoint: _44021_ (falling edge-triggered flip-flop clocked by clk')
Path Group: clk
Path Type: min

  Delay    Time   Description
---------------------------------------------------------
   0.00    0.00   clock clk' (fall edge)
   0.00    0.00   clock network delay (ideal)
   0.00    0.00 v _44332_/CLK (DFFLQNx2_ASAP7_75t_R)
 106.43  106.43 ^ _44332_/QN (DFFLQNx2_ASAP7_75t_R)
  24.14  130.57 v _24677_/Y (INVx3_ASAP7_75t_R)
  17.35  147.93 ^ _43288_/Y (XOR2x1_ASAP7_75t_R)
   0.00  147.93 ^ _44021_/D (DFFLQNx3_ASAP7_75t_R)
         147.93   data arrival time

   0.00    0.00   clock clk' (fall edge)
   0.00    0.00   clock network delay (ideal)
   0.00    0.00   clock reconvergence pessimism
           0.00 v _44021_/CLK (DFFLQNx3_ASAP7_75t_R)
  18.39   18.39   library hold time
          18.39   data required time
---------------------------------------------------------
          18.39   data required time
        -147.93   data arrival time
---------------------------------------------------------
         129.54   slack (MET)


Startpoint: _43836_ (falling edge-triggered flip-flop clocked by clk')
Endpoint: _44199_ (falling edge-triggered flip-flop clocked by clk')
Path Group: clk
Path Type: min

  Delay    Time   Description
---------------------------------------------------------
   0.00    0.00   clock clk' (fall edge)
   0.00    0.00   clock network delay (ideal)
   0.00    0.00 v _43836_/CLK (DFFLQNx2_ASAP7_75t_R)
  78.01   78.01 ^ _43836_/QN (DFFLQNx2_ASAP7_75t_R)
  16.29   94.30 v _30101_/Y (NOR2x1_ASAP7_75t_R)
  31.38  125.68 v _30102_/Y (AO21x1_ASAP7_75t_R)
  17.26  142.94 ^ _30103_/Y (XOR2x1_ASAP7_75t_R)
   0.00  142.94 ^ _44199_/D (DFFLQNx2_ASAP7_75t_R)
         142.94   data arrival time

   0.00    0.00   clock clk' (fall edge)
   0.00    0.00   clock network delay (ideal)
   0.00    0.00   clock reconvergence pessimism
           0.00 v _44199_/CLK (DFFLQNx2_ASAP7_75t_R)
  13.33   13.33   library hold time
          13.33   data required time
---------------------------------------------------------
          13.33   data required time
        -142.94   data arrival time
---------------------------------------------------------
         129.61   slack (MET)


Startpoint: _44210_ (falling edge-triggered flip-flop clocked by clk')
Endpoint: _44210_ (falling edge-triggered flip-flop clocked by clk')
Path Group: clk
Path Type: min

  Delay    Time   Description
---------------------------------------------------------
   0.00    0.00   clock clk' (fall edge)
   0.00    0.00   clock network delay (ideal)
   0.00    0.00 v _44210_/CLK (DFFLQNx2_ASAP7_75t_R)
  78.60   78.60 ^ _44210_/QN (DFFLQNx2_ASAP7_75t_R)
  18.69   97.29 v _43812_/SN (HAxp5_ASAP7_75t_R)
  26.00  123.29 v _43794_/Y (AND4x1_ASAP7_75t_R)
   0.00  123.29 v _44210_/D (DFFLQNx2_ASAP7_75t_R)
         123.29   data arrival time

   0.00    0.00   clock clk' (fall edge)
   0.00    0.00   clock network delay (ideal)
   0.00    0.00   clock reconvergence pessimism
           0.00 v _44210_/CLK (DFFLQNx2_ASAP7_75t_R)
  -6.53   -6.53   library hold time
          -6.53   data required time
---------------------------------------------------------
          -6.53   data required time
        -123.29   data arrival time
---------------------------------------------------------
         129.82   slack (MET)


Startpoint: _44226_ (falling edge-triggered flip-flop clocked by clk')
Endpoint: _44011_ (falling edge-triggered flip-flop clocked by clk')
Path Group: clk
Path Type: min

  Delay    Time   Description
---------------------------------------------------------
   0.00    0.00   clock clk' (fall edge)
   0.00    0.00   clock network delay (ideal)
   0.00    0.00 v _44226_/CLK (DFFLQNx2_ASAP7_75t_R)
  95.53   95.53 ^ _44226_/QN (DFFLQNx2_ASAP7_75t_R)
  29.73  125.26 v _42844_/Y (INVx1_ASAP7_75t_R)
  18.28  143.55 ^ _43294_/Y (XOR2x1_ASAP7_75t_R)
   0.00  143.55 ^ _44011_/D (DFFLQNx2_ASAP7_75t_R)
         143.55   data arrival time

   0.00    0.00   clock clk' (fall edge)
   0.00    0.00   clock network delay (ideal)
   0.00    0.00   clock reconvergence pessimism
           0.00 v _44011_/CLK (DFFLQNx2_ASAP7_75t_R)
  13.36   13.36   library hold time
          13.36   data required time
---------------------------------------------------------
          13.36   data required time
        -143.55   data arrival time
---------------------------------------------------------
         130.19   slack (MET)


Startpoint: _44234_ (falling edge-triggered flip-flop clocked by clk')
Endpoint: _44043_ (falling edge-triggered flip-flop clocked by clk')
Path Group: clk
Path Type: min

  Delay    Time   Description
---------------------------------------------------------
   0.00    0.00   clock clk' (fall edge)
   0.00    0.00   clock network delay (ideal)
   0.00    0.00 v _44234_/CLK (DFFLQNx2_ASAP7_75t_R)
  95.53   95.53 ^ _44234_/QN (DFFLQNx2_ASAP7_75t_R)
  29.73  125.26 v _43016_/Y (INVx1_ASAP7_75t_R)
  18.28  143.55 ^ _43262_/Y (XOR2x1_ASAP7_75t_R)
   0.00  143.55 ^ _44043_/D (DFFLQNx1_ASAP7_75t_R)
         143.55   data arrival time

   0.00    0.00   clock clk' (fall edge)
   0.00    0.00   clock network delay (ideal)
   0.00    0.00   clock reconvergence pessimism
           0.00 v _44043_/CLK (DFFLQNx1_ASAP7_75t_R)
  12.30   12.30   library hold time
          12.30   data required time
---------------------------------------------------------
          12.30   data required time
        -143.55   data arrival time
---------------------------------------------------------
         131.25   slack (MET)


Startpoint: _44333_ (falling edge-triggered flip-flop clocked by clk')
Endpoint: _44022_ (falling edge-triggered flip-flop clocked by clk')
Path Group: clk
Path Type: min

  Delay    Time   Description
---------------------------------------------------------
   0.00    0.00   clock clk' (fall edge)
   0.00    0.00   clock network delay (ideal)
   0.00    0.00 v _44333_/CLK (DFFLQNx2_ASAP7_75t_R)
 126.77  126.77 v _44333_/QN (DFFLQNx2_ASAP7_75t_R)
  23.19  149.97 ^ _43289_/Y (XOR2x1_ASAP7_75t_R)
   0.00  149.97 ^ _44022_/D (DFFLQNx3_ASAP7_75t_R)
         149.97   data arrival time

   0.00    0.00   clock clk' (fall edge)
   0.00    0.00   clock network delay (ideal)
   0.00    0.00   clock reconvergence pessimism
           0.00 v _44022_/CLK (DFFLQNx3_ASAP7_75t_R)
  18.39   18.39   library hold time
          18.39   data required time
---------------------------------------------------------
          18.39   data required time
        -149.97   data arrival time
---------------------------------------------------------
         131.57   slack (MET)


Startpoint: _43833_ (falling edge-triggered flip-flop clocked by clk')
Endpoint: _44196_ (falling edge-triggered flip-flop clocked by clk')
Path Group: clk
Path Type: min

  Delay    Time   Description
---------------------------------------------------------
   0.00    0.00   clock clk' (fall edge)
   0.00    0.00   clock network delay (ideal)
   0.00    0.00 v _43833_/CLK (DFFLQNx2_ASAP7_75t_R)
  78.01   78.01 ^ _43833_/QN (DFFLQNx2_ASAP7_75t_R)
  21.88   99.89 v _30024_/Y (NOR2x1_ASAP7_75t_R)
  15.72  115.61 ^ _30025_/Y (INVx1_ASAP7_75t_R)
  14.99  130.60 v _30049_/Y (AOI21x1_ASAP7_75t_R)
  15.35  145.95 ^ _30051_/Y (NOR2x1_ASAP7_75t_R)
   0.00  145.95 ^ _44196_/D (DFFLQNx2_ASAP7_75t_R)
         145.95   data arrival time

   0.00    0.00   clock clk' (fall edge)
   0.00    0.00   clock network delay (ideal)
   0.00    0.00   clock reconvergence pessimism
           0.00 v _44196_/CLK (DFFLQNx2_ASAP7_75t_R)
  14.19   14.19   library hold time
          14.19   data required time
---------------------------------------------------------
          14.19   data required time
        -145.95   data arrival time
---------------------------------------------------------
         131.76   slack (MET)


Startpoint: _44321_ (falling edge-triggered flip-flop clocked by clk')
Endpoint: _43986_ (falling edge-triggered flip-flop clocked by clk')
Path Group: clk
Path Type: min

  Delay    Time   Description
---------------------------------------------------------
   0.00    0.00   clock clk' (fall edge)
   0.00    0.00   clock network delay (ideal)
   0.00    0.00 v _44321_/CLK (DFFLQNx2_ASAP7_75t_R)
 107.17  107.17 ^ _44321_/QN (DFFLQNx2_ASAP7_75t_R)
  25.42  132.59 v _23826_/Y (INVx3_ASAP7_75t_R)
  17.57  150.16 ^ _43317_/Y (XOR2x1_ASAP7_75t_R)
   0.00  150.16 ^ _43986_/D (DFFLQNx3_ASAP7_75t_R)
         150.16   data arrival time

   0.00    0.00   clock clk' (fall edge)
   0.00    0.00   clock network delay (ideal)
   0.00    0.00   clock reconvergence pessimism
           0.00 v _43986_/CLK (DFFLQNx3_ASAP7_75t_R)
  18.36   18.36   library hold time
          18.36   data required time
---------------------------------------------------------
          18.36   data required time
        -150.16   data arrival time
---------------------------------------------------------
         131.79   slack (MET)


Startpoint: _44315_ (falling edge-triggered flip-flop clocked by clk')
Endpoint: _43956_ (falling edge-triggered flip-flop clocked by clk')
Path Group: clk
Path Type: min

  Delay    Time   Description
---------------------------------------------------------
   0.00    0.00   clock clk' (fall edge)
   0.00    0.00   clock network delay (ideal)
   0.00    0.00 v _44315_/CLK (DFFLQNx2_ASAP7_75t_R)
 108.58  108.58 ^ _44315_/QN (DFFLQNx2_ASAP7_75t_R)
  25.10  133.68 v _23073_/Y (INVx3_ASAP7_75t_R)
  17.53  151.21 ^ _43351_/Y (XOR2x1_ASAP7_75t_R)
   0.00  151.21 ^ _43956_/D (DFFLQNx3_ASAP7_75t_R)
         151.21   data arrival time

   0.00    0.00   clock clk' (fall edge)
   0.00    0.00   clock network delay (ideal)
   0.00    0.00   clock reconvergence pessimism
           0.00 v _43956_/CLK (DFFLQNx3_ASAP7_75t_R)
  18.54   18.54   library hold time
          18.54   data required time
---------------------------------------------------------
          18.54   data required time
        -151.21   data arrival time
---------------------------------------------------------
         132.67   slack (MET)


Startpoint: _43949_ (falling edge-triggered flip-flop clocked by clk')
Endpoint: _43949_ (falling edge-triggered flip-flop clocked by clk')
Path Group: clk
Path Type: min

  Delay    Time   Description
---------------------------------------------------------
   0.00    0.00   clock clk' (fall edge)
   0.00    0.00   clock network delay (ideal)
   0.00    0.00 v _43949_/CLK (DFFLQNx2_ASAP7_75t_R)
  82.38   82.38 ^ _43949_/QN (DFFLQNx2_ASAP7_75t_R)
  41.94  124.32 ^ _43800_/Y (OA211x2_ASAP7_75t_R)
  23.96  148.28 ^ hold3928/Y (BUFx2_ASAP7_75t_R)
   0.00  148.28 ^ _43949_/D (DFFLQNx2_ASAP7_75t_R)
         148.28   data arrival time

   0.00    0.00   clock clk' (fall edge)
   0.00    0.00   clock network delay (ideal)
   0.00    0.00   clock reconvergence pessimism
           0.00 v _43949_/CLK (DFFLQNx2_ASAP7_75t_R)
  15.20   15.20   library hold time
          15.20   data required time
---------------------------------------------------------
          15.20   data required time
        -148.28   data arrival time
---------------------------------------------------------
         133.07   slack (MET)


Startpoint: _44314_ (falling edge-triggered flip-flop clocked by clk')
Endpoint: _43955_ (falling edge-triggered flip-flop clocked by clk')
Path Group: clk
Path Type: min

  Delay    Time   Description
---------------------------------------------------------
   0.00    0.00   clock clk' (fall edge)
   0.00    0.00   clock network delay (ideal)
   0.00    0.00 v _44314_/CLK (DFFLQNx2_ASAP7_75t_R)
 123.97  123.97 v _44314_/QN (DFFLQNx2_ASAP7_75t_R)
  22.83  146.80 ^ _43350_/Y (XOR2x1_ASAP7_75t_R)
   0.00  146.80 ^ _43955_/D (DFFLQNx2_ASAP7_75t_R)
         146.80   data arrival time

   0.00    0.00   clock clk' (fall edge)
   0.00    0.00   clock network delay (ideal)
   0.00    0.00   clock reconvergence pessimism
           0.00 v _43955_/CLK (DFFLQNx2_ASAP7_75t_R)
  13.19   13.19   library hold time
          13.19   data required time
---------------------------------------------------------
          13.19   data required time
        -146.80   data arrival time
---------------------------------------------------------
         133.61   slack (MET)


Startpoint: _44341_ (falling edge-triggered flip-flop clocked by clk')
Endpoint: _44054_ (falling edge-triggered flip-flop clocked by clk')
Path Group: clk
Path Type: min

  Delay    Time   Description
---------------------------------------------------------
   0.00    0.00   clock clk' (fall edge)
   0.00    0.00   clock network delay (ideal)
   0.00    0.00 v _44341_/CLK (DFFLQNx2_ASAP7_75t_R)
 128.69  128.69 v _44341_/QN (DFFLQNx2_ASAP7_75t_R)
  23.44  152.13 ^ _43257_/Y (XOR2x1_ASAP7_75t_R)
   0.00  152.13 ^ _44054_/D (DFFLQNx3_ASAP7_75t_R)
         152.13   data arrival time

   0.00    0.00   clock clk' (fall edge)
   0.00    0.00   clock network delay (ideal)
   0.00    0.00   clock reconvergence pessimism
           0.00 v _44054_/CLK (DFFLQNx3_ASAP7_75t_R)
  18.49   18.49   library hold time
          18.49   data required time
---------------------------------------------------------
          18.49   data required time
        -152.13   data arrival time
---------------------------------------------------------
         133.64   slack (MET)


Startpoint: _44340_ (falling edge-triggered flip-flop clocked by clk')
Endpoint: _44053_ (falling edge-triggered flip-flop clocked by clk')
Path Group: clk
Path Type: min

  Delay    Time   Description
---------------------------------------------------------
   0.00    0.00   clock clk' (fall edge)
   0.00    0.00   clock network delay (ideal)
   0.00    0.00 v _44340_/CLK (DFFLQNx2_ASAP7_75t_R)
 128.97  128.97 v _44340_/QN (DFFLQNx2_ASAP7_75t_R)
  23.48  152.45 ^ _43256_/Y (XOR2x1_ASAP7_75t_R)
   0.00  152.45 ^ _44053_/D (DFFLQNx3_ASAP7_75t_R)
         152.45   data arrival time

   0.00    0.00   clock clk' (fall edge)
   0.00    0.00   clock network delay (ideal)
   0.00    0.00   clock reconvergence pessimism
           0.00 v _44053_/CLK (DFFLQNx3_ASAP7_75t_R)
  18.43   18.43   library hold time
          18.43   data required time
---------------------------------------------------------
          18.43   data required time
        -152.45   data arrival time
---------------------------------------------------------
         134.02   slack (MET)


Startpoint: _43839_ (falling edge-triggered flip-flop clocked by clk')
Endpoint: _43839_ (falling edge-triggered flip-flop clocked by clk')
Path Group: clk
Path Type: min

  Delay    Time   Description
---------------------------------------------------------
   0.00    0.00   clock clk' (fall edge)
   0.00    0.00   clock network delay (ideal)
   0.00    0.00 v _43839_/CLK (DFFLQNx2_ASAP7_75t_R)
  89.61   89.61 v _43839_/QN (DFFLQNx2_ASAP7_75t_R)
  16.82  106.43 ^ _43529_/Y (NOR2x1_ASAP7_75t_R)
  20.09  126.52 ^ _43530_/Y (AO21x1_ASAP7_75t_R)
  22.87  149.39 ^ hold3642/Y (BUFx2_ASAP7_75t_R)
   0.00  149.39 ^ _43839_/D (DFFLQNx2_ASAP7_75t_R)
         149.39   data arrival time

   0.00    0.00   clock clk' (fall edge)
   0.00    0.00   clock network delay (ideal)
   0.00    0.00   clock reconvergence pessimism
           0.00 v _43839_/CLK (DFFLQNx2_ASAP7_75t_R)
  15.21   15.21   library hold time
          15.21   data required time
---------------------------------------------------------
          15.21   data required time
        -149.39   data arrival time
---------------------------------------------------------
         134.19   slack (MET)


Startpoint: _43868_ (falling edge-triggered flip-flop clocked by clk')
Endpoint: _43868_ (falling edge-triggered flip-flop clocked by clk')
Path Group: clk
Path Type: min

  Delay    Time   Description
---------------------------------------------------------
   0.00    0.00   clock clk' (fall edge)
   0.00    0.00   clock network delay (ideal)
   0.00    0.00 v _43868_/CLK (DFFLQNx2_ASAP7_75t_R)
  89.61   89.61 v _43868_/QN (DFFLQNx2_ASAP7_75t_R)
  16.82  106.43 ^ _43593_/Y (NOR2x1_ASAP7_75t_R)
  20.09  126.52 ^ _43594_/Y (AO21x1_ASAP7_75t_R)
  22.87  149.39 ^ hold4009/Y (BUFx2_ASAP7_75t_R)
   0.00  149.39 ^ _43868_/D (DFFLQNx2_ASAP7_75t_R)
         149.39   data arrival time

   0.00    0.00   clock clk' (fall edge)
   0.00    0.00   clock network delay (ideal)
   0.00    0.00   clock reconvergence pessimism
           0.00 v _43868_/CLK (DFFLQNx2_ASAP7_75t_R)
  15.21   15.21   library hold time
          15.21   data required time
---------------------------------------------------------
          15.21   data required time
        -149.39   data arrival time
---------------------------------------------------------
         134.19   slack (MET)


Startpoint: _43815_ (falling edge-triggered flip-flop clocked by clk')
Endpoint: _44305_ (falling edge-triggered flip-flop clocked by clk')
Path Group: clk
Path Type: min

  Delay    Time   Description
---------------------------------------------------------
   0.00    0.00   clock clk' (fall edge)
   0.00    0.00   clock network delay (ideal)
   0.00    0.00 v _43815_/CLK (DFFLQNx2_ASAP7_75t_R)
 103.17  103.17 v _43815_/QN (DFFLQNx2_ASAP7_75t_R)
  21.28  124.45 ^ _25720_/Y (AOI21x1_ASAP7_75t_R)
  14.73  139.18 v _25722_/Y (OAI21x1_ASAP7_75t_R)
  10.23  149.42 ^ _25723_/Y (OAI21x1_ASAP7_75t_R)
   0.00  149.42 ^ _44305_/D (DFFLQNx2_ASAP7_75t_R)
         149.42   data arrival time

   0.00    0.00   clock clk' (fall edge)
   0.00    0.00   clock network delay (ideal)
   0.00    0.00   clock reconvergence pessimism
           0.00 v _44305_/CLK (DFFLQNx2_ASAP7_75t_R)
  15.23   15.23   library hold time
          15.23   data required time
---------------------------------------------------------
          15.23   data required time
        -149.42   data arrival time
---------------------------------------------------------
         134.19   slack (MET)


Startpoint: _43951_ (falling edge-triggered flip-flop clocked by clk')
Endpoint: _43951_ (falling edge-triggered flip-flop clocked by clk')
Path Group: clk
Path Type: min

  Delay    Time   Description
---------------------------------------------------------
   0.00    0.00   clock clk' (fall edge)
   0.00    0.00   clock network delay (ideal)
   0.00    0.00 v _43951_/CLK (DFFLQNx2_ASAP7_75t_R)
  80.95   80.95 ^ _43951_/QN (DFFLQNx2_ASAP7_75t_R)
  31.78  112.73 ^ _43805_/Y (XOR2x1_ASAP7_75t_R)
  35.97  148.70 ^ _43806_/Y (OA211x2_ASAP7_75t_R)
   0.00  148.70 ^ _43951_/D (DFFLQNx2_ASAP7_75t_R)
         148.70   data arrival time

   0.00    0.00   clock clk' (fall edge)
   0.00    0.00   clock network delay (ideal)
   0.00    0.00   clock reconvergence pessimism
           0.00 v _43951_/CLK (DFFLQNx2_ASAP7_75t_R)
  14.22   14.22   library hold time
          14.22   data required time
---------------------------------------------------------
          14.22   data required time
        -148.70   data arrival time
---------------------------------------------------------
         134.49   slack (MET)


Startpoint: _43831_ (falling edge-triggered flip-flop clocked by clk')
Endpoint: _43831_ (falling edge-triggered flip-flop clocked by clk')
Path Group: clk
Path Type: min

  Delay    Time   Description
---------------------------------------------------------
   0.00    0.00   clock clk' (fall edge)
   0.00    0.00   clock network delay (ideal)
   0.00    0.00 v _43831_/CLK (DFFLQNx2_ASAP7_75t_R)
  89.61   89.61 v _43831_/QN (DFFLQNx2_ASAP7_75t_R)
  16.82  106.43 ^ _43512_/Y (NOR2x1_ASAP7_75t_R)
  21.00  127.43 ^ _43513_/Y (AO21x1_ASAP7_75t_R)
  22.88  150.31 ^ hold3706/Y (BUFx2_ASAP7_75t_R)
   0.00  150.31 ^ _43831_/D (DFFLQNx2_ASAP7_75t_R)
         150.31   data arrival time

   0.00    0.00   clock clk' (fall edge)
   0.00    0.00   clock network delay (ideal)
   0.00    0.00   clock reconvergence pessimism
           0.00 v _43831_/CLK (DFFLQNx2_ASAP7_75t_R)
  15.21   15.21   library hold time
          15.21   data required time
---------------------------------------------------------
          15.21   data required time
        -150.31   data arrival time
---------------------------------------------------------
         135.11   slack (MET)


Startpoint: _43843_ (falling edge-triggered flip-flop clocked by clk')
Endpoint: _43843_ (falling edge-triggered flip-flop clocked by clk')
Path Group: clk
Path Type: min

  Delay    Time   Description
---------------------------------------------------------
   0.00    0.00   clock clk' (fall edge)
   0.00    0.00   clock network delay (ideal)
   0.00    0.00 v _43843_/CLK (DFFLQNx2_ASAP7_75t_R)
  89.61   89.61 v _43843_/QN (DFFLQNx2_ASAP7_75t_R)
  16.82  106.43 ^ _43538_/Y (NOR2x1_ASAP7_75t_R)
  21.00  127.43 ^ _43539_/Y (AO21x1_ASAP7_75t_R)
  22.88  150.31 ^ hold3721/Y (BUFx2_ASAP7_75t_R)
   0.00  150.31 ^ _43843_/D (DFFLQNx2_ASAP7_75t_R)
         150.31   data arrival time

   0.00    0.00   clock clk' (fall edge)
   0.00    0.00   clock network delay (ideal)
   0.00    0.00   clock reconvergence pessimism
           0.00 v _43843_/CLK (DFFLQNx2_ASAP7_75t_R)
  15.21   15.21   library hold time
          15.21   data required time
---------------------------------------------------------
          15.21   data required time
        -150.31   data arrival time
---------------------------------------------------------
         135.11   slack (MET)


Startpoint: _43848_ (falling edge-triggered flip-flop clocked by clk')
Endpoint: _43848_ (falling edge-triggered flip-flop clocked by clk')
Path Group: clk
Path Type: min

  Delay    Time   Description
---------------------------------------------------------
   0.00    0.00   clock clk' (fall edge)
   0.00    0.00   clock network delay (ideal)
   0.00    0.00 v _43848_/CLK (DFFLQNx2_ASAP7_75t_R)
  89.61   89.61 v _43848_/QN (DFFLQNx2_ASAP7_75t_R)
  16.82  106.43 ^ _43549_/Y (NOR2x1_ASAP7_75t_R)
  21.00  127.43 ^ _43550_/Y (AO21x1_ASAP7_75t_R)
  22.88  150.31 ^ hold3883/Y (BUFx2_ASAP7_75t_R)
   0.00  150.31 ^ _43848_/D (DFFLQNx2_ASAP7_75t_R)
         150.31   data arrival time

   0.00    0.00   clock clk' (fall edge)
   0.00    0.00   clock network delay (ideal)
   0.00    0.00   clock reconvergence pessimism
           0.00 v _43848_/CLK (DFFLQNx2_ASAP7_75t_R)
  15.21   15.21   library hold time
          15.21   data required time
---------------------------------------------------------
          15.21   data required time
        -150.31   data arrival time
---------------------------------------------------------
         135.11   slack (MET)


Startpoint: _43866_ (falling edge-triggered flip-flop clocked by clk')
Endpoint: _43866_ (falling edge-triggered flip-flop clocked by clk')
Path Group: clk
Path Type: min

  Delay    Time   Description
---------------------------------------------------------
   0.00    0.00   clock clk' (fall edge)
   0.00    0.00   clock network delay (ideal)
   0.00    0.00 v _43866_/CLK (DFFLQNx2_ASAP7_75t_R)
  89.57   89.57 v _43866_/QN (DFFLQNx2_ASAP7_75t_R)
  16.81  106.38 ^ _43588_/Y (NOR2x1_ASAP7_75t_R)
  21.05  127.44 ^ _43589_/Y (AO21x1_ASAP7_75t_R)
  22.89  150.32 ^ hold3609/Y (BUFx2_ASAP7_75t_R)
   0.00  150.32 ^ _43866_/D (DFFLQNx2_ASAP7_75t_R)
         150.32   data arrival time

   0.00    0.00   clock clk' (fall edge)
   0.00    0.00   clock network delay (ideal)
   0.00    0.00   clock reconvergence pessimism
           0.00 v _43866_/CLK (DFFLQNx2_ASAP7_75t_R)
  15.21   15.21   library hold time
          15.21   data required time
---------------------------------------------------------
          15.21   data required time
        -150.32   data arrival time
---------------------------------------------------------
         135.11   slack (MET)


Startpoint: _43875_ (falling edge-triggered flip-flop clocked by clk')
Endpoint: _43875_ (falling edge-triggered flip-flop clocked by clk')
Path Group: clk
Path Type: min

  Delay    Time   Description
---------------------------------------------------------
   0.00    0.00   clock clk' (fall edge)
   0.00    0.00   clock network delay (ideal)
   0.00    0.00 v _43875_/CLK (DFFLQNx2_ASAP7_75t_R)
  89.57   89.57 v _43875_/QN (DFFLQNx2_ASAP7_75t_R)
  16.81  106.38 ^ _43608_/Y (NOR2x1_ASAP7_75t_R)
  21.05  127.44 ^ _43609_/Y (AO21x1_ASAP7_75t_R)
  22.89  150.32 ^ hold3618/Y (BUFx2_ASAP7_75t_R)
   0.00  150.32 ^ _43875_/D (DFFLQNx2_ASAP7_75t_R)
         150.32   data arrival time

   0.00    0.00   clock clk' (fall edge)
   0.00    0.00   clock network delay (ideal)
   0.00    0.00   clock reconvergence pessimism
           0.00 v _43875_/CLK (DFFLQNx2_ASAP7_75t_R)
  15.21   15.21   library hold time
          15.21   data required time
---------------------------------------------------------
          15.21   data required time
        -150.32   data arrival time
---------------------------------------------------------
         135.11   slack (MET)


Startpoint: _43853_ (falling edge-triggered flip-flop clocked by clk')
Endpoint: _43853_ (falling edge-triggered flip-flop clocked by clk')
Path Group: clk
Path Type: min

  Delay    Time   Description
---------------------------------------------------------
   0.00    0.00   clock clk' (fall edge)
   0.00    0.00   clock network delay (ideal)
   0.00    0.00 v _43853_/CLK (DFFLQNx2_ASAP7_75t_R)
  89.61   89.61 v _43853_/QN (DFFLQNx2_ASAP7_75t_R)
  16.82  106.43 ^ _43560_/Y (NOR2x1_ASAP7_75t_R)
  21.05  127.48 ^ _43561_/Y (AO21x1_ASAP7_75t_R)
  22.89  150.37 ^ hold3684/Y (BUFx2_ASAP7_75t_R)
   0.00  150.37 ^ _43853_/D (DFFLQNx2_ASAP7_75t_R)
         150.37   data arrival time

   0.00    0.00   clock clk' (fall edge)
   0.00    0.00   clock network delay (ideal)
   0.00    0.00   clock reconvergence pessimism
           0.00 v _43853_/CLK (DFFLQNx2_ASAP7_75t_R)
  15.21   15.21   library hold time
          15.21   data required time
---------------------------------------------------------
          15.21   data required time
        -150.37   data arrival time
---------------------------------------------------------
         135.16   slack (MET)


Startpoint: _43860_ (falling edge-triggered flip-flop clocked by clk')
Endpoint: _43860_ (falling edge-triggered flip-flop clocked by clk')
Path Group: clk
Path Type: min

  Delay    Time   Description
---------------------------------------------------------
   0.00    0.00   clock clk' (fall edge)
   0.00    0.00   clock network delay (ideal)
   0.00    0.00 v _43860_/CLK (DFFLQNx2_ASAP7_75t_R)
  89.61   89.61 v _43860_/QN (DFFLQNx2_ASAP7_75t_R)
  16.82  106.43 ^ _43575_/Y (NOR2x1_ASAP7_75t_R)
  21.05  127.48 ^ _43576_/Y (AO21x1_ASAP7_75t_R)
  22.89  150.37 ^ hold3633/Y (BUFx2_ASAP7_75t_R)
   0.00  150.37 ^ _43860_/D (DFFLQNx2_ASAP7_75t_R)
         150.37   data arrival time

   0.00    0.00   clock clk' (fall edge)
   0.00    0.00   clock network delay (ideal)
   0.00    0.00   clock reconvergence pessimism
           0.00 v _43860_/CLK (DFFLQNx2_ASAP7_75t_R)
  15.21   15.21   library hold time
          15.21   data required time
---------------------------------------------------------
          15.21   data required time
        -150.37   data arrival time
---------------------------------------------------------
         135.16   slack (MET)


Startpoint: _43862_ (falling edge-triggered flip-flop clocked by clk')
Endpoint: _43862_ (falling edge-triggered flip-flop clocked by clk')
Path Group: clk
Path Type: min

  Delay    Time   Description
---------------------------------------------------------
   0.00    0.00   clock clk' (fall edge)
   0.00    0.00   clock network delay (ideal)
   0.00    0.00 v _43862_/CLK (DFFLQNx2_ASAP7_75t_R)
  89.61   89.61 v _43862_/QN (DFFLQNx2_ASAP7_75t_R)
  16.82  106.43 ^ _43580_/Y (NOR2x1_ASAP7_75t_R)
  21.05  127.48 ^ _43581_/Y (AO21x1_ASAP7_75t_R)
  22.89  150.37 ^ hold3621/Y (BUFx2_ASAP7_75t_R)
   0.00  150.37 ^ _43862_/D (DFFLQNx2_ASAP7_75t_R)
         150.37   data arrival time

   0.00    0.00   clock clk' (fall edge)
   0.00    0.00   clock network delay (ideal)
   0.00    0.00   clock reconvergence pessimism
           0.00 v _43862_/CLK (DFFLQNx2_ASAP7_75t_R)
  15.21   15.21   library hold time
          15.21   data required time
---------------------------------------------------------
          15.21   data required time
        -150.37   data arrival time
---------------------------------------------------------
         135.16   slack (MET)


Startpoint: _43863_ (falling edge-triggered flip-flop clocked by clk')
Endpoint: _43863_ (falling edge-triggered flip-flop clocked by clk')
Path Group: clk
Path Type: min

  Delay    Time   Description
---------------------------------------------------------
   0.00    0.00   clock clk' (fall edge)
   0.00    0.00   clock network delay (ideal)
   0.00    0.00 v _43863_/CLK (DFFLQNx2_ASAP7_75t_R)
  89.61   89.61 v _43863_/QN (DFFLQNx2_ASAP7_75t_R)
  16.82  106.43 ^ _43582_/Y (NOR2x1_ASAP7_75t_R)
  21.05  127.48 ^ _43583_/Y (AO21x1_ASAP7_75t_R)
  22.89  150.37 ^ hold3600/Y (BUFx2_ASAP7_75t_R)
   0.00  150.37 ^ _43863_/D (DFFLQNx2_ASAP7_75t_R)
         150.37   data arrival time

   0.00    0.00   clock clk' (fall edge)
   0.00    0.00   clock network delay (ideal)
   0.00    0.00   clock reconvergence pessimism
           0.00 v _43863_/CLK (DFFLQNx2_ASAP7_75t_R)
  15.21   15.21   library hold time
          15.21   data required time
---------------------------------------------------------
          15.21   data required time
        -150.37   data arrival time
---------------------------------------------------------
         135.16   slack (MET)


Startpoint: _43879_ (falling edge-triggered flip-flop clocked by clk')
Endpoint: _43879_ (falling edge-triggered flip-flop clocked by clk')
Path Group: clk
Path Type: min

  Delay    Time   Description
---------------------------------------------------------
   0.00    0.00   clock clk' (fall edge)
   0.00    0.00   clock network delay (ideal)
   0.00    0.00 v _43879_/CLK (DFFLQNx2_ASAP7_75t_R)
  89.61   89.61 v _43879_/QN (DFFLQNx2_ASAP7_75t_R)
  16.82  106.43 ^ _43617_/Y (NOR2x1_ASAP7_75t_R)
  21.05  127.48 ^ _43618_/Y (AO21x1_ASAP7_75t_R)
  22.89  150.37 ^ hold3624/Y (BUFx2_ASAP7_75t_R)
   0.00  150.37 ^ _43879_/D (DFFLQNx2_ASAP7_75t_R)
         150.37   data arrival time

   0.00    0.00   clock clk' (fall edge)
   0.00    0.00   clock network delay (ideal)
   0.00    0.00   clock reconvergence pessimism
           0.00 v _43879_/CLK (DFFLQNx2_ASAP7_75t_R)
  15.21   15.21   library hold time
          15.21   data required time
---------------------------------------------------------
          15.21   data required time
        -150.37   data arrival time
---------------------------------------------------------
         135.16   slack (MET)


Startpoint: _43881_ (falling edge-triggered flip-flop clocked by clk')
Endpoint: _43881_ (falling edge-triggered flip-flop clocked by clk')
Path Group: clk
Path Type: min

  Delay    Time   Description
---------------------------------------------------------
   0.00    0.00   clock clk' (fall edge)
   0.00    0.00   clock network delay (ideal)
   0.00    0.00 v _43881_/CLK (DFFLQNx2_ASAP7_75t_R)
  89.61   89.61 v _43881_/QN (DFFLQNx2_ASAP7_75t_R)
  16.82  106.43 ^ _43622_/Y (NOR2x1_ASAP7_75t_R)
  21.05  127.48 ^ _43623_/Y (AO21x1_ASAP7_75t_R)
  22.89  150.37 ^ hold3588/Y (BUFx2_ASAP7_75t_R)
   0.00  150.37 ^ _43881_/D (DFFLQNx2_ASAP7_75t_R)
         150.37   data arrival time

   0.00    0.00   clock clk' (fall edge)
   0.00    0.00   clock network delay (ideal)
   0.00    0.00   clock reconvergence pessimism
           0.00 v _43881_/CLK (DFFLQNx2_ASAP7_75t_R)
  15.21   15.21   library hold time
          15.21   data required time
---------------------------------------------------------
          15.21   data required time
        -150.37   data arrival time
---------------------------------------------------------
         135.16   slack (MET)


Startpoint: _43919_ (falling edge-triggered flip-flop clocked by clk')
Endpoint: _43919_ (falling edge-triggered flip-flop clocked by clk')
Path Group: clk
Path Type: min

  Delay    Time   Description
---------------------------------------------------------
   0.00    0.00   clock clk' (fall edge)
   0.00    0.00   clock network delay (ideal)
   0.00    0.00 v _43919_/CLK (DFFLQNx2_ASAP7_75t_R)
  89.61   89.61 v _43919_/QN (DFFLQNx2_ASAP7_75t_R)
  16.82  106.43 ^ _43705_/Y (NOR2x1_ASAP7_75t_R)
  21.09  127.51 ^ _43706_/Y (AO21x1_ASAP7_75t_R)
  22.89  150.40 ^ hold3889/Y (BUFx2_ASAP7_75t_R)
   0.00  150.40 ^ _43919_/D (DFFLQNx2_ASAP7_75t_R)
         150.40   data arrival time

   0.00    0.00   clock clk' (fall edge)
   0.00    0.00   clock network delay (ideal)
   0.00    0.00   clock reconvergence pessimism
           0.00 v _43919_/CLK (DFFLQNx2_ASAP7_75t_R)
  15.21   15.21   library hold time
          15.21   data required time
---------------------------------------------------------
          15.21   data required time
        -150.40   data arrival time
---------------------------------------------------------
         135.19   slack (MET)


Startpoint: _43925_ (falling edge-triggered flip-flop clocked by clk')
Endpoint: _43925_ (falling edge-triggered flip-flop clocked by clk')
Path Group: clk
Path Type: min

  Delay    Time   Description
---------------------------------------------------------
   0.00    0.00   clock clk' (fall edge)
   0.00    0.00   clock network delay (ideal)
   0.00    0.00 v _43925_/CLK (DFFLQNx2_ASAP7_75t_R)
  89.61   89.61 v _43925_/QN (DFFLQNx2_ASAP7_75t_R)
  16.82  106.43 ^ _43718_/Y (NOR2x1_ASAP7_75t_R)
  21.09  127.51 ^ _43719_/Y (AO21x1_ASAP7_75t_R)
  22.89  150.40 ^ hold3953/Y (BUFx2_ASAP7_75t_R)
   0.00  150.40 ^ _43925_/D (DFFLQNx2_ASAP7_75t_R)
         150.40   data arrival time

   0.00    0.00   clock clk' (fall edge)
   0.00    0.00   clock network delay (ideal)
   0.00    0.00   clock reconvergence pessimism
           0.00 v _43925_/CLK (DFFLQNx2_ASAP7_75t_R)
  15.21   15.21   library hold time
          15.21   data required time
---------------------------------------------------------
          15.21   data required time
        -150.40   data arrival time
---------------------------------------------------------
         135.19   slack (MET)


Startpoint: _43938_ (falling edge-triggered flip-flop clocked by clk')
Endpoint: _43938_ (falling edge-triggered flip-flop clocked by clk')
Path Group: clk
Path Type: min

  Delay    Time   Description
---------------------------------------------------------
   0.00    0.00   clock clk' (fall edge)
   0.00    0.00   clock network delay (ideal)
   0.00    0.00 v _43938_/CLK (DFFLQNx2_ASAP7_75t_R)
  89.61   89.61 v _43938_/QN (DFFLQNx2_ASAP7_75t_R)
  16.82  106.43 ^ _43747_/Y (NOR2x1_ASAP7_75t_R)
  21.09  127.51 ^ _43748_/Y (AO21x1_ASAP7_75t_R)
  22.89  150.40 ^ hold3871/Y (BUFx2_ASAP7_75t_R)
   0.00  150.40 ^ _43938_/D (DFFLQNx2_ASAP7_75t_R)
         150.40   data arrival time

   0.00    0.00   clock clk' (fall edge)
   0.00    0.00   clock network delay (ideal)
   0.00    0.00   clock reconvergence pessimism
           0.00 v _43938_/CLK (DFFLQNx2_ASAP7_75t_R)
  15.21   15.21   library hold time
          15.21   data required time
---------------------------------------------------------
          15.21   data required time
        -150.40   data arrival time
---------------------------------------------------------
         135.19   slack (MET)


Startpoint: _43942_ (falling edge-triggered flip-flop clocked by clk')
Endpoint: _43942_ (falling edge-triggered flip-flop clocked by clk')
Path Group: clk
Path Type: min

  Delay    Time   Description
---------------------------------------------------------
   0.00    0.00   clock clk' (fall edge)
   0.00    0.00   clock network delay (ideal)
   0.00    0.00 v _43942_/CLK (DFFLQNx2_ASAP7_75t_R)
  89.61   89.61 v _43942_/QN (DFFLQNx2_ASAP7_75t_R)
  16.82  106.43 ^ _43755_/Y (NOR2x1_ASAP7_75t_R)
  21.09  127.51 ^ _43756_/Y (AO21x1_ASAP7_75t_R)
  22.89  150.40 ^ hold3585/Y (BUFx2_ASAP7_75t_R)
   0.00  150.40 ^ _43942_/D (DFFLQNx2_ASAP7_75t_R)
         150.40   data arrival time

   0.00    0.00   clock clk' (fall edge)
   0.00    0.00   clock network delay (ideal)
   0.00    0.00   clock reconvergence pessimism
           0.00 v _43942_/CLK (DFFLQNx2_ASAP7_75t_R)
  15.21   15.21   library hold time
          15.21   data required time
---------------------------------------------------------
          15.21   data required time
        -150.40   data arrival time
---------------------------------------------------------
         135.19   slack (MET)


Startpoint: _43946_ (falling edge-triggered flip-flop clocked by clk')
Endpoint: _43946_ (falling edge-triggered flip-flop clocked by clk')
Path Group: clk
Path Type: min

  Delay    Time   Description
---------------------------------------------------------
   0.00    0.00   clock clk' (fall edge)
   0.00    0.00   clock network delay (ideal)
   0.00    0.00 v _43946_/CLK (DFFLQNx2_ASAP7_75t_R)
  89.61   89.61 v _43946_/QN (DFFLQNx2_ASAP7_75t_R)
  16.82  106.43 ^ _43763_/Y (NOR2x1_ASAP7_75t_R)
  21.09  127.51 ^ _43764_/Y (AO21x1_ASAP7_75t_R)
  22.89  150.40 ^ hold3730/Y (BUFx2_ASAP7_75t_R)
   0.00  150.40 ^ _43946_/D (DFFLQNx2_ASAP7_75t_R)
         150.40   data arrival time

   0.00    0.00   clock clk' (fall edge)
   0.00    0.00   clock network delay (ideal)
   0.00    0.00   clock reconvergence pessimism
           0.00 v _43946_/CLK (DFFLQNx2_ASAP7_75t_R)
  15.21   15.21   library hold time
          15.21   data required time
---------------------------------------------------------
          15.21   data required time
        -150.40   data arrival time
---------------------------------------------------------
         135.19   slack (MET)


Startpoint: _43886_ (falling edge-triggered flip-flop clocked by clk')
Endpoint: _43886_ (falling edge-triggered flip-flop clocked by clk')
Path Group: clk
Path Type: min

  Delay    Time   Description
---------------------------------------------------------
   0.00    0.00   clock clk' (fall edge)
   0.00    0.00   clock network delay (ideal)
   0.00    0.00 v _43886_/CLK (DFFLQNx2_ASAP7_75t_R)
  89.61   89.61 v _43886_/QN (DFFLQNx2_ASAP7_75t_R)
  16.82  106.43 ^ _43632_/Y (NOR2x1_ASAP7_75t_R)
  21.41  127.84 ^ _43633_/Y (AO21x1_ASAP7_75t_R)
  22.89  150.73 ^ hold3781/Y (BUFx2_ASAP7_75t_R)
   0.00  150.73 ^ _43886_/D (DFFLQNx2_ASAP7_75t_R)
         150.73   data arrival time

   0.00    0.00   clock clk' (fall edge)
   0.00    0.00   clock network delay (ideal)
   0.00    0.00   clock reconvergence pessimism
           0.00 v _43886_/CLK (DFFLQNx2_ASAP7_75t_R)
  15.21   15.21   library hold time
          15.21   data required time
---------------------------------------------------------
          15.21   data required time
        -150.73   data arrival time
---------------------------------------------------------
         135.53   slack (MET)


Startpoint: _43895_ (falling edge-triggered flip-flop clocked by clk')
Endpoint: _43895_ (falling edge-triggered flip-flop clocked by clk')
Path Group: clk
Path Type: min

  Delay    Time   Description
---------------------------------------------------------
   0.00    0.00   clock clk' (fall edge)
   0.00    0.00   clock network delay (ideal)
   0.00    0.00 v _43895_/CLK (DFFLQNx2_ASAP7_75t_R)
  89.61   89.61 v _43895_/QN (DFFLQNx2_ASAP7_75t_R)
  16.82  106.43 ^ _43652_/Y (NOR2x1_ASAP7_75t_R)
  21.41  127.84 ^ _43653_/Y (AO21x1_ASAP7_75t_R)
  22.89  150.73 ^ hold3718/Y (BUFx2_ASAP7_75t_R)
   0.00  150.73 ^ _43895_/D (DFFLQNx2_ASAP7_75t_R)
         150.73   data arrival time

   0.00    0.00   clock clk' (fall edge)
   0.00    0.00   clock network delay (ideal)
   0.00    0.00   clock reconvergence pessimism
           0.00 v _43895_/CLK (DFFLQNx2_ASAP7_75t_R)
  15.21   15.21   library hold time
          15.21   data required time
---------------------------------------------------------
          15.21   data required time
        -150.73   data arrival time
---------------------------------------------------------
         135.53   slack (MET)


Startpoint: _43900_ (falling edge-triggered flip-flop clocked by clk')
Endpoint: _43900_ (falling edge-triggered flip-flop clocked by clk')
Path Group: clk
Path Type: min

  Delay    Time   Description
---------------------------------------------------------
   0.00    0.00   clock clk' (fall edge)
   0.00    0.00   clock network delay (ideal)
   0.00    0.00 v _43900_/CLK (DFFLQNx2_ASAP7_75t_R)
  89.61   89.61 v _43900_/QN (DFFLQNx2_ASAP7_75t_R)
  16.82  106.43 ^ _43663_/Y (NOR2x1_ASAP7_75t_R)
  21.41  127.84 ^ _43664_/Y (AO21x1_ASAP7_75t_R)
  22.89  150.73 ^ hold3826/Y (BUFx2_ASAP7_75t_R)
   0.00  150.73 ^ _43900_/D (DFFLQNx2_ASAP7_75t_R)
         150.73   data arrival time

   0.00    0.00   clock clk' (fall edge)
   0.00    0.00   clock network delay (ideal)
   0.00    0.00   clock reconvergence pessimism
           0.00 v _43900_/CLK (DFFLQNx2_ASAP7_75t_R)
  15.21   15.21   library hold time
          15.21   data required time
---------------------------------------------------------
          15.21   data required time
        -150.73   data arrival time
---------------------------------------------------------
         135.53   slack (MET)


Startpoint: _43911_ (falling edge-triggered flip-flop clocked by clk')
Endpoint: _43911_ (falling edge-triggered flip-flop clocked by clk')
Path Group: clk
Path Type: min

  Delay    Time   Description
---------------------------------------------------------
   0.00    0.00   clock clk' (fall edge)
   0.00    0.00   clock network delay (ideal)
   0.00    0.00 v _43911_/CLK (DFFLQNx2_ASAP7_75t_R)
  89.61   89.61 v _43911_/QN (DFFLQNx2_ASAP7_75t_R)
  16.82  106.43 ^ _43688_/Y (NOR2x1_ASAP7_75t_R)
  21.41  127.84 ^ _43689_/Y (AO21x1_ASAP7_75t_R)
  22.89  150.73 ^ hold3784/Y (BUFx2_ASAP7_75t_R)
   0.00  150.73 ^ _43911_/D (DFFLQNx2_ASAP7_75t_R)
         150.73   data arrival time

   0.00    0.00   clock clk' (fall edge)
   0.00    0.00   clock network delay (ideal)
   0.00    0.00   clock reconvergence pessimism
           0.00 v _43911_/CLK (DFFLQNx2_ASAP7_75t_R)
  15.21   15.21   library hold time
          15.21   data required time
---------------------------------------------------------
          15.21   data required time
        -150.73   data arrival time
---------------------------------------------------------
         135.53   slack (MET)


Startpoint: _43944_ (falling edge-triggered flip-flop clocked by clk')
Endpoint: _44083_ (falling edge-triggered flip-flop clocked by clk')
Path Group: clk
Path Type: min

  Delay    Time   Description
---------------------------------------------------------
   0.00    0.00   clock clk' (fall edge)
   0.00    0.00   clock network delay (ideal)
   0.00    0.00 v _43944_/CLK (DFFLQNx2_ASAP7_75t_R)
  91.21   91.21 v _43944_/QN (DFFLQNx2_ASAP7_75t_R)
  23.88  115.09 ^ _43156_/Y (NOR2x1_ASAP7_75t_R)
  22.18  137.27 v _43157_/Y (NOR3x1_ASAP7_75t_R)
  12.94  150.21 ^ _43159_/Y (NOR2x1_ASAP7_75t_R)
   0.00  150.21 ^ _44083_/D (DFFLQNx2_ASAP7_75t_R)
         150.21   data arrival time

   0.00    0.00   clock clk' (fall edge)
   0.00    0.00   clock network delay (ideal)
   0.00    0.00   clock reconvergence pessimism
           0.00 v _44083_/CLK (DFFLQNx2_ASAP7_75t_R)
  14.34   14.34   library hold time
          14.34   data required time
---------------------------------------------------------
          14.34   data required time
        -150.21   data arrival time
---------------------------------------------------------
         135.88   slack (MET)


Startpoint: _43824_ (falling edge-triggered flip-flop clocked by clk')
Endpoint: _43824_ (falling edge-triggered flip-flop clocked by clk')
Path Group: clk
Path Type: min

  Delay    Time   Description
---------------------------------------------------------
   0.00    0.00   clock clk' (fall edge)
   0.00    0.00   clock network delay (ideal)
   0.00    0.00 v _43824_/CLK (DFFLQNx2_ASAP7_75t_R)
  91.21   91.21 v _43824_/QN (DFFLQNx2_ASAP7_75t_R)
  17.10  108.32 ^ _43495_/Y (NOR2x1_ASAP7_75t_R)
  20.09  128.41 ^ _43496_/Y (AO21x1_ASAP7_75t_R)
  22.87  151.28 ^ hold4000/Y (BUFx2_ASAP7_75t_R)
   0.00  151.28 ^ _43824_/D (DFFLQNx2_ASAP7_75t_R)
         151.28   data arrival time

   0.00    0.00   clock clk' (fall edge)
   0.00    0.00   clock network delay (ideal)
   0.00    0.00   clock reconvergence pessimism
           0.00 v _43824_/CLK (DFFLQNx2_ASAP7_75t_R)
  15.21   15.21   library hold time
          15.21   data required time
---------------------------------------------------------
          15.21   data required time
        -151.28   data arrival time
---------------------------------------------------------
         136.08   slack (MET)


Startpoint: _43840_ (falling edge-triggered flip-flop clocked by clk')
Endpoint: _43840_ (falling edge-triggered flip-flop clocked by clk')
Path Group: clk
Path Type: min

  Delay    Time   Description
---------------------------------------------------------
   0.00    0.00   clock clk' (fall edge)
   0.00    0.00   clock network delay (ideal)
   0.00    0.00 v _43840_/CLK (DFFLQNx2_ASAP7_75t_R)
  91.21   91.21 v _43840_/QN (DFFLQNx2_ASAP7_75t_R)
  17.10  108.32 ^ _43531_/Y (NOR2x1_ASAP7_75t_R)
  20.09  128.41 ^ _43532_/Y (AO21x1_ASAP7_75t_R)
  22.87  151.28 ^ hold3748/Y (BUFx2_ASAP7_75t_R)
   0.00  151.28 ^ _43840_/D (DFFLQNx2_ASAP7_75t_R)
         151.28   data arrival time

   0.00    0.00   clock clk' (fall edge)
   0.00    0.00   clock network delay (ideal)
   0.00    0.00   clock reconvergence pessimism
           0.00 v _43840_/CLK (DFFLQNx2_ASAP7_75t_R)
  15.21   15.21   library hold time
          15.21   data required time
---------------------------------------------------------
          15.21   data required time
        -151.28   data arrival time
---------------------------------------------------------
         136.08   slack (MET)


Startpoint: _43819_ (falling edge-triggered flip-flop clocked by clk')
Endpoint: _44245_ (falling edge-triggered flip-flop clocked by clk')
Path Group: clk
Path Type: min

  Delay    Time   Description
---------------------------------------------------------
   0.00    0.00   clock clk' (fall edge)
   0.00    0.00   clock network delay (ideal)
   0.00    0.00 v _43819_/CLK (DFFLQNx2_ASAP7_75t_R)
  84.25   84.25 ^ _43819_/QN (DFFLQNx2_ASAP7_75t_R)
  20.35  104.60 v _26025_/Y (XOR2x1_ASAP7_75t_R)
  30.47  135.07 v _26026_/Y (XNOR2x1_ASAP7_75t_R)
  16.18  151.25 ^ _26028_/Y (AOI21x1_ASAP7_75t_R)
   0.00  151.25 ^ _44245_/D (DFFLQNx2_ASAP7_75t_R)
         151.25   data arrival time

   0.00    0.00   clock clk' (fall edge)
   0.00    0.00   clock network delay (ideal)
   0.00    0.00   clock reconvergence pessimism
           0.00 v _44245_/CLK (DFFLQNx2_ASAP7_75t_R)
  14.41   14.41   library hold time
          14.41   data required time
---------------------------------------------------------
          14.41   data required time
        -151.25   data arrival time
---------------------------------------------------------
         136.84   slack (MET)


Startpoint: _43821_ (falling edge-triggered flip-flop clocked by clk')
Endpoint: _43821_ (falling edge-triggered flip-flop clocked by clk')
Path Group: clk
Path Type: min

  Delay    Time   Description
---------------------------------------------------------
   0.00    0.00   clock clk' (fall edge)
   0.00    0.00   clock network delay (ideal)
   0.00    0.00 v _43821_/CLK (DFFLQNx2_ASAP7_75t_R)
  91.21   91.21 v _43821_/QN (DFFLQNx2_ASAP7_75t_R)
  17.10  108.32 ^ _43489_/Y (NOR2x1_ASAP7_75t_R)
  21.00  129.32 ^ _43490_/Y (AO21x1_ASAP7_75t_R)
  22.88  152.20 ^ hold3901/Y (BUFx2_ASAP7_75t_R)
   0.00  152.20 ^ _43821_/D (DFFLQNx2_ASAP7_75t_R)
         152.20   data arrival time

   0.00    0.00   clock clk' (fall edge)
   0.00    0.00   clock network delay (ideal)
   0.00    0.00   clock reconvergence pessimism
           0.00 v _43821_/CLK (DFFLQNx2_ASAP7_75t_R)
  15.21   15.21   library hold time
          15.21   data required time
---------------------------------------------------------
          15.21   data required time
        -152.20   data arrival time
---------------------------------------------------------
         137.00   slack (MET)


Startpoint: _43823_ (falling edge-triggered flip-flop clocked by clk')
Endpoint: _43823_ (falling edge-triggered flip-flop clocked by clk')
Path Group: clk
Path Type: min

  Delay    Time   Description
---------------------------------------------------------
   0.00    0.00   clock clk' (fall edge)
   0.00    0.00   clock network delay (ideal)
   0.00    0.00 v _43823_/CLK (DFFLQNx2_ASAP7_75t_R)
  91.21   91.21 v _43823_/QN (DFFLQNx2_ASAP7_75t_R)
  17.10  108.32 ^ _43493_/Y (NOR2x1_ASAP7_75t_R)
  21.00  129.32 ^ _43494_/Y (AO21x1_ASAP7_75t_R)
  22.88  152.20 ^ hold4012/Y (BUFx2_ASAP7_75t_R)
   0.00  152.20 ^ _43823_/D (DFFLQNx2_ASAP7_75t_R)
         152.20   data arrival time

   0.00    0.00   clock clk' (fall edge)
   0.00    0.00   clock network delay (ideal)
   0.00    0.00   clock reconvergence pessimism
           0.00 v _43823_/CLK (DFFLQNx2_ASAP7_75t_R)
  15.21   15.21   library hold time
          15.21   data required time
---------------------------------------------------------
          15.21   data required time
        -152.20   data arrival time
---------------------------------------------------------
         137.00   slack (MET)


Startpoint: _43827_ (falling edge-triggered flip-flop clocked by clk')
Endpoint: _43827_ (falling edge-triggered flip-flop clocked by clk')
Path Group: clk
Path Type: min

  Delay    Time   Description
---------------------------------------------------------
   0.00    0.00   clock clk' (fall edge)
   0.00    0.00   clock network delay (ideal)
   0.00    0.00 v _43827_/CLK (DFFLQNx2_ASAP7_75t_R)
  91.21   91.21 v _43827_/QN (DFFLQNx2_ASAP7_75t_R)
  17.10  108.32 ^ _43501_/Y (NOR2x1_ASAP7_75t_R)
  21.00  129.32 ^ _43502_/Y (AO21x1_ASAP7_75t_R)
  22.88  152.20 ^ hold3823/Y (BUFx2_ASAP7_75t_R)
   0.00  152.20 ^ _43827_/D (DFFLQNx2_ASAP7_75t_R)
         152.20   data arrival time

   0.00    0.00   clock clk' (fall edge)
   0.00    0.00   clock network delay (ideal)
   0.00    0.00   clock reconvergence pessimism
           0.00 v _43827_/CLK (DFFLQNx2_ASAP7_75t_R)
  15.21   15.21   library hold time
          15.21   data required time
---------------------------------------------------------
          15.21   data required time
        -152.20   data arrival time
---------------------------------------------------------
         137.00   slack (MET)


Startpoint: _43829_ (falling edge-triggered flip-flop clocked by clk')
Endpoint: _43829_ (falling edge-triggered flip-flop clocked by clk')
Path Group: clk
Path Type: min

  Delay    Time   Description
---------------------------------------------------------
   0.00    0.00   clock clk' (fall edge)
   0.00    0.00   clock network delay (ideal)
   0.00    0.00 v _43829_/CLK (DFFLQNx2_ASAP7_75t_R)
  91.21   91.21 v _43829_/QN (DFFLQNx2_ASAP7_75t_R)
  17.10  108.32 ^ _43506_/Y (NOR2x1_ASAP7_75t_R)
  21.00  129.32 ^ _43507_/Y (AO21x1_ASAP7_75t_R)
  22.88  152.20 ^ hold3606/Y (BUFx2_ASAP7_75t_R)
   0.00  152.20 ^ _43829_/D (DFFLQNx2_ASAP7_75t_R)
         152.20   data arrival time

   0.00    0.00   clock clk' (fall edge)
   0.00    0.00   clock network delay (ideal)
   0.00    0.00   clock reconvergence pessimism
           0.00 v _43829_/CLK (DFFLQNx2_ASAP7_75t_R)
  15.21   15.21   library hold time
          15.21   data required time
---------------------------------------------------------
          15.21   data required time
        -152.20   data arrival time
---------------------------------------------------------
         137.00   slack (MET)


Startpoint: _43833_ (falling edge-triggered flip-flop clocked by clk')
Endpoint: _43833_ (falling edge-triggered flip-flop clocked by clk')
Path Group: clk
Path Type: min

  Delay    Time   Description
---------------------------------------------------------
   0.00    0.00   clock clk' (fall edge)
   0.00    0.00   clock network delay (ideal)
   0.00    0.00 v _43833_/CLK (DFFLQNx2_ASAP7_75t_R)
  91.21   91.21 v _43833_/QN (DFFLQNx2_ASAP7_75t_R)
  17.10  108.32 ^ _43516_/Y (NOR2x1_ASAP7_75t_R)
  21.00  129.32 ^ _43517_/Y (AO21x1_ASAP7_75t_R)
  22.88  152.20 ^ hold3648/Y (BUFx2_ASAP7_75t_R)
   0.00  152.20 ^ _43833_/D (DFFLQNx2_ASAP7_75t_R)
         152.20   data arrival time

   0.00    0.00   clock clk' (fall edge)
   0.00    0.00   clock network delay (ideal)
   0.00    0.00   clock reconvergence pessimism
           0.00 v _43833_/CLK (DFFLQNx2_ASAP7_75t_R)
  15.21   15.21   library hold time
          15.21   data required time
---------------------------------------------------------
          15.21   data required time
        -152.20   data arrival time
---------------------------------------------------------
         137.00   slack (MET)


Startpoint: _43836_ (falling edge-triggered flip-flop clocked by clk')
Endpoint: _43836_ (falling edge-triggered flip-flop clocked by clk')
Path Group: clk
Path Type: min

  Delay    Time   Description
---------------------------------------------------------
   0.00    0.00   clock clk' (fall edge)
   0.00    0.00   clock network delay (ideal)
   0.00    0.00 v _43836_/CLK (DFFLQNx2_ASAP7_75t_R)
  91.21   91.21 v _43836_/QN (DFFLQNx2_ASAP7_75t_R)
  17.10  108.32 ^ _43522_/Y (NOR2x1_ASAP7_75t_R)
  21.00  129.32 ^ _43523_/Y (AO21x1_ASAP7_75t_R)
  22.88  152.20 ^ hold3745/Y (BUFx2_ASAP7_75t_R)
   0.00  152.20 ^ _43836_/D (DFFLQNx2_ASAP7_75t_R)
         152.20   data arrival time

   0.00    0.00   clock clk' (fall edge)
   0.00    0.00   clock network delay (ideal)
   0.00    0.00   clock reconvergence pessimism
           0.00 v _43836_/CLK (DFFLQNx2_ASAP7_75t_R)
  15.21   15.21   library hold time
          15.21   data required time
---------------------------------------------------------
          15.21   data required time
        -152.20   data arrival time
---------------------------------------------------------
         137.00   slack (MET)


Startpoint: _43849_ (falling edge-triggered flip-flop clocked by clk')
Endpoint: _43849_ (falling edge-triggered flip-flop clocked by clk')
Path Group: clk
Path Type: min

  Delay    Time   Description
---------------------------------------------------------
   0.00    0.00   clock clk' (fall edge)
   0.00    0.00   clock network delay (ideal)
   0.00    0.00 v _43849_/CLK (DFFLQNx2_ASAP7_75t_R)
  91.21   91.21 v _43849_/QN (DFFLQNx2_ASAP7_75t_R)
  17.10  108.32 ^ _43551_/Y (NOR2x1_ASAP7_75t_R)
  21.00  129.32 ^ _43552_/Y (AO21x1_ASAP7_75t_R)
  22.88  152.20 ^ hold3991/Y (BUFx2_ASAP7_75t_R)
   0.00  152.20 ^ _43849_/D (DFFLQNx2_ASAP7_75t_R)
         152.20   data arrival time

   0.00    0.00   clock clk' (fall edge)
   0.00    0.00   clock network delay (ideal)
   0.00    0.00   clock reconvergence pessimism
           0.00 v _43849_/CLK (DFFLQNx2_ASAP7_75t_R)
  15.21   15.21   library hold time
          15.21   data required time
---------------------------------------------------------
          15.21   data required time
        -152.20   data arrival time
---------------------------------------------------------
         137.00   slack (MET)


Startpoint: _43852_ (falling edge-triggered flip-flop clocked by clk')
Endpoint: _43852_ (falling edge-triggered flip-flop clocked by clk')
Path Group: clk
Path Type: min

  Delay    Time   Description
---------------------------------------------------------
   0.00    0.00   clock clk' (fall edge)
   0.00    0.00   clock network delay (ideal)
   0.00    0.00 v _43852_/CLK (DFFLQNx2_ASAP7_75t_R)
  91.21   91.21 v _43852_/QN (DFFLQNx2_ASAP7_75t_R)
  17.10  108.32 ^ _43558_/Y (NOR2x1_ASAP7_75t_R)
  21.00  129.32 ^ _43559_/Y (AO21x1_ASAP7_75t_R)
  22.88  152.20 ^ hold3971/Y (BUFx2_ASAP7_75t_R)
   0.00  152.20 ^ _43852_/D (DFFLQNx2_ASAP7_75t_R)
         152.20   data arrival time

   0.00    0.00   clock clk' (fall edge)
   0.00    0.00   clock network delay (ideal)
   0.00    0.00   clock reconvergence pessimism
           0.00 v _43852_/CLK (DFFLQNx2_ASAP7_75t_R)
  15.21   15.21   library hold time
          15.21   data required time
---------------------------------------------------------
          15.21   data required time
        -152.20   data arrival time
---------------------------------------------------------
         137.00   slack (MET)


Startpoint: _43897_ (falling edge-triggered flip-flop clocked by clk')
Endpoint: _43897_ (falling edge-triggered flip-flop clocked by clk')
Path Group: clk
Path Type: min

  Delay    Time   Description
---------------------------------------------------------
   0.00    0.00   clock clk' (fall edge)
   0.00    0.00   clock network delay (ideal)
   0.00    0.00 v _43897_/CLK (DFFLQNx2_ASAP7_75t_R)
  91.21   91.21 v _43897_/QN (DFFLQNx2_ASAP7_75t_R)
  17.10  108.32 ^ _43656_/Y (NOR2x1_ASAP7_75t_R)
  21.00  129.32 ^ _43657_/Y (AO21x1_ASAP7_75t_R)
  22.88  152.20 ^ hold3654/Y (BUFx2_ASAP7_75t_R)
   0.00  152.20 ^ _43897_/D (DFFLQNx2_ASAP7_75t_R)
         152.20   data arrival time

   0.00    0.00   clock clk' (fall edge)
   0.00    0.00   clock network delay (ideal)
   0.00    0.00   clock reconvergence pessimism
           0.00 v _43897_/CLK (DFFLQNx2_ASAP7_75t_R)
  15.21   15.21   library hold time
          15.21   data required time
---------------------------------------------------------
          15.21   data required time
        -152.20   data arrival time
---------------------------------------------------------
         137.00   slack (MET)


Startpoint: _43859_ (falling edge-triggered flip-flop clocked by clk')
Endpoint: _43859_ (falling edge-triggered flip-flop clocked by clk')
Path Group: clk
Path Type: min

  Delay    Time   Description
---------------------------------------------------------
   0.00    0.00   clock clk' (fall edge)
   0.00    0.00   clock network delay (ideal)
   0.00    0.00 v _43859_/CLK (DFFLQNx2_ASAP7_75t_R)
  91.21   91.21 v _43859_/QN (DFFLQNx2_ASAP7_75t_R)
  17.10  108.32 ^ _43573_/Y (NOR2x1_ASAP7_75t_R)
  21.05  129.37 ^ _43574_/Y (AO21x1_ASAP7_75t_R)
  22.89  152.26 ^ hold3675/Y (BUFx2_ASAP7_75t_R)
   0.00  152.26 ^ _43859_/D (DFFLQNx2_ASAP7_75t_R)
         152.26   data arrival time

   0.00    0.00   clock clk' (fall edge)
   0.00    0.00   clock network delay (ideal)
   0.00    0.00   clock reconvergence pessimism
           0.00 v _43859_/CLK (DFFLQNx2_ASAP7_75t_R)
  15.21   15.21   library hold time
          15.21   data required time
---------------------------------------------------------
          15.21   data required time
        -152.26   data arrival time
---------------------------------------------------------
         137.05   slack (MET)


Startpoint: _43869_ (falling edge-triggered flip-flop clocked by clk')
Endpoint: _43869_ (falling edge-triggered flip-flop clocked by clk')
Path Group: clk
Path Type: min

  Delay    Time   Description
---------------------------------------------------------
   0.00    0.00   clock clk' (fall edge)
   0.00    0.00   clock network delay (ideal)
   0.00    0.00 v _43869_/CLK (DFFLQNx2_ASAP7_75t_R)
  91.21   91.21 v _43869_/QN (DFFLQNx2_ASAP7_75t_R)
  17.10  108.32 ^ _43595_/Y (NOR2x1_ASAP7_75t_R)
  21.05  129.37 ^ _43596_/Y (AO21x1_ASAP7_75t_R)
  22.89  152.26 ^ hold3591/Y (BUFx2_ASAP7_75t_R)
   0.00  152.26 ^ _43869_/D (DFFLQNx2_ASAP7_75t_R)
         152.26   data arrival time

   0.00    0.00   clock clk' (fall edge)
   0.00    0.00   clock network delay (ideal)
   0.00    0.00   clock reconvergence pessimism
           0.00 v _43869_/CLK (DFFLQNx2_ASAP7_75t_R)
  15.21   15.21   library hold time
          15.21   data required time
---------------------------------------------------------
          15.21   data required time
        -152.26   data arrival time
---------------------------------------------------------
         137.05   slack (MET)


Startpoint: _43871_ (falling edge-triggered flip-flop clocked by clk')
Endpoint: _43871_ (falling edge-triggered flip-flop clocked by clk')
Path Group: clk
Path Type: min

  Delay    Time   Description
---------------------------------------------------------
   0.00    0.00   clock clk' (fall edge)
   0.00    0.00   clock network delay (ideal)
   0.00    0.00 v _43871_/CLK (DFFLQNx2_ASAP7_75t_R)
  91.21   91.21 v _43871_/QN (DFFLQNx2_ASAP7_75t_R)
  17.10  108.32 ^ _43600_/Y (NOR2x1_ASAP7_75t_R)
  21.05  129.37 ^ _43601_/Y (AO21x1_ASAP7_75t_R)
  22.89  152.26 ^ hold3603/Y (BUFx2_ASAP7_75t_R)
   0.00  152.26 ^ _43871_/D (DFFLQNx2_ASAP7_75t_R)
         152.26   data arrival time

   0.00    0.00   clock clk' (fall edge)
   0.00    0.00   clock network delay (ideal)
   0.00    0.00   clock reconvergence pessimism
           0.00 v _43871_/CLK (DFFLQNx2_ASAP7_75t_R)
  15.21   15.21   library hold time
          15.21   data required time
---------------------------------------------------------
          15.21   data required time
        -152.26   data arrival time
---------------------------------------------------------
         137.05   slack (MET)


Startpoint: _43877_ (falling edge-triggered flip-flop clocked by clk')
Endpoint: _43877_ (falling edge-triggered flip-flop clocked by clk')
Path Group: clk
Path Type: min

  Delay    Time   Description
---------------------------------------------------------
   0.00    0.00   clock clk' (fall edge)
   0.00    0.00   clock network delay (ideal)
   0.00    0.00 v _43877_/CLK (DFFLQNx2_ASAP7_75t_R)
  91.21   91.21 v _43877_/QN (DFFLQNx2_ASAP7_75t_R)
  17.10  108.32 ^ _43612_/Y (NOR2x1_ASAP7_75t_R)
  21.05  129.37 ^ _43613_/Y (AO21x1_ASAP7_75t_R)
  22.89  152.26 ^ hold3612/Y (BUFx2_ASAP7_75t_R)
   0.00  152.26 ^ _43877_/D (DFFLQNx2_ASAP7_75t_R)
         152.26   data arrival time

   0.00    0.00   clock clk' (fall edge)
   0.00    0.00   clock network delay (ideal)
   0.00    0.00   clock reconvergence pessimism
           0.00 v _43877_/CLK (DFFLQNx2_ASAP7_75t_R)
  15.21   15.21   library hold time
          15.21   data required time
---------------------------------------------------------
          15.21   data required time
        -152.26   data arrival time
---------------------------------------------------------
         137.05   slack (MET)


Startpoint: _43878_ (falling edge-triggered flip-flop clocked by clk')
Endpoint: _43878_ (falling edge-triggered flip-flop clocked by clk')
Path Group: clk
Path Type: min

  Delay    Time   Description
---------------------------------------------------------
   0.00    0.00   clock clk' (fall edge)
   0.00    0.00   clock network delay (ideal)
   0.00    0.00 v _43878_/CLK (DFFLQNx2_ASAP7_75t_R)
  91.21   91.21 v _43878_/QN (DFFLQNx2_ASAP7_75t_R)
  17.10  108.32 ^ _43615_/Y (NOR2x1_ASAP7_75t_R)
  21.05  129.37 ^ _43616_/Y (AO21x1_ASAP7_75t_R)
  22.89  152.26 ^ hold3615/Y (BUFx2_ASAP7_75t_R)
   0.00  152.26 ^ _43878_/D (DFFLQNx2_ASAP7_75t_R)
         152.26   data arrival time

   0.00    0.00   clock clk' (fall edge)
   0.00    0.00   clock network delay (ideal)
   0.00    0.00   clock reconvergence pessimism
           0.00 v _43878_/CLK (DFFLQNx2_ASAP7_75t_R)
  15.21   15.21   library hold time
          15.21   data required time
---------------------------------------------------------
          15.21   data required time
        -152.26   data arrival time
---------------------------------------------------------
         137.05   slack (MET)


Startpoint: _43883_ (falling edge-triggered flip-flop clocked by clk')
Endpoint: _43883_ (falling edge-triggered flip-flop clocked by clk')
Path Group: clk
Path Type: min

  Delay    Time   Description
---------------------------------------------------------
   0.00    0.00   clock clk' (fall edge)
   0.00    0.00   clock network delay (ideal)
   0.00    0.00 v _43883_/CLK (DFFLQNx2_ASAP7_75t_R)
  91.21   91.21 v _43883_/QN (DFFLQNx2_ASAP7_75t_R)
  17.10  108.32 ^ _43626_/Y (NOR2x1_ASAP7_75t_R)
  21.05  129.37 ^ _43627_/Y (AO21x1_ASAP7_75t_R)
  22.89  152.26 ^ hold3636/Y (BUFx2_ASAP7_75t_R)
   0.00  152.26 ^ _43883_/D (DFFLQNx2_ASAP7_75t_R)
         152.26   data arrival time

   0.00    0.00   clock clk' (fall edge)
   0.00    0.00   clock network delay (ideal)
   0.00    0.00   clock reconvergence pessimism
           0.00 v _43883_/CLK (DFFLQNx2_ASAP7_75t_R)
  15.21   15.21   library hold time
          15.21   data required time
---------------------------------------------------------
          15.21   data required time
        -152.26   data arrival time
---------------------------------------------------------
         137.05   slack (MET)


Startpoint: _43867_ (falling edge-triggered flip-flop clocked by clk')
Endpoint: _43867_ (falling edge-triggered flip-flop clocked by clk')
Path Group: clk
Path Type: min

  Delay    Time   Description
---------------------------------------------------------
   0.00    0.00   clock clk' (fall edge)
   0.00    0.00   clock network delay (ideal)
   0.00    0.00 v _43867_/CLK (DFFLQNx2_ASAP7_75t_R)
  91.21   91.21 v _43867_/QN (DFFLQNx2_ASAP7_75t_R)
  17.10  108.32 ^ _43590_/Y (NOR2x1_ASAP7_75t_R)
  21.09  129.41 ^ _43591_/Y (AO21x1_ASAP7_75t_R)
  22.89  152.29 ^ hold3594/Y (BUFx2_ASAP7_75t_R)
   0.00  152.29 ^ _43867_/D (DFFLQNx2_ASAP7_75t_R)
         152.29   data arrival time

   0.00    0.00   clock clk' (fall edge)
   0.00    0.00   clock network delay (ideal)
   0.00    0.00   clock reconvergence pessimism
           0.00 v _43867_/CLK (DFFLQNx2_ASAP7_75t_R)
  15.21   15.21   library hold time
          15.21   data required time
---------------------------------------------------------
          15.21   data required time
        -152.29   data arrival time
---------------------------------------------------------
         137.08   slack (MET)


Startpoint: _43936_ (falling edge-triggered flip-flop clocked by clk')
Endpoint: _43936_ (falling edge-triggered flip-flop clocked by clk')
Path Group: clk
Path Type: min

  Delay    Time   Description
---------------------------------------------------------
   0.00    0.00   clock clk' (fall edge)
   0.00    0.00   clock network delay (ideal)
   0.00    0.00 v _43936_/CLK (DFFLQNx2_ASAP7_75t_R)
  91.21   91.21 v _43936_/QN (DFFLQNx2_ASAP7_75t_R)
  17.10  108.32 ^ _43742_/Y (NOR2x1_ASAP7_75t_R)
  21.09  129.41 ^ _43743_/Y (AO21x1_ASAP7_75t_R)
  22.89  152.29 ^ hold3862/Y (BUFx2_ASAP7_75t_R)
   0.00  152.29 ^ _43936_/D (DFFLQNx2_ASAP7_75t_R)
         152.29   data arrival time

   0.00    0.00   clock clk' (fall edge)
   0.00    0.00   clock network delay (ideal)
   0.00    0.00   clock reconvergence pessimism
           0.00 v _43936_/CLK (DFFLQNx2_ASAP7_75t_R)
  15.21   15.21   library hold time
          15.21   data required time
---------------------------------------------------------
          15.21   data required time
        -152.29   data arrival time
---------------------------------------------------------
         137.08   slack (MET)


Startpoint: _43941_ (falling edge-triggered flip-flop clocked by clk')
Endpoint: _43941_ (falling edge-triggered flip-flop clocked by clk')
Path Group: clk
Path Type: min

  Delay    Time   Description
---------------------------------------------------------
   0.00    0.00   clock clk' (fall edge)
   0.00    0.00   clock network delay (ideal)
   0.00    0.00 v _43941_/CLK (DFFLQNx2_ASAP7_75t_R)
  91.21   91.21 v _43941_/QN (DFFLQNx2_ASAP7_75t_R)
  17.10  108.32 ^ _43753_/Y (NOR2x1_ASAP7_75t_R)
  21.09  129.41 ^ _43754_/Y (AO21x1_ASAP7_75t_R)
  22.89  152.29 ^ hold3956/Y (BUFx2_ASAP7_75t_R)
   0.00  152.29 ^ _43941_/D (DFFLQNx2_ASAP7_75t_R)
         152.29   data arrival time

   0.00    0.00   clock clk' (fall edge)
   0.00    0.00   clock network delay (ideal)
   0.00    0.00   clock reconvergence pessimism
           0.00 v _43941_/CLK (DFFLQNx2_ASAP7_75t_R)
  15.21   15.21   library hold time
          15.21   data required time
---------------------------------------------------------
          15.21   data required time
        -152.29   data arrival time
---------------------------------------------------------
         137.08   slack (MET)


Startpoint: _43944_ (falling edge-triggered flip-flop clocked by clk')
Endpoint: _43944_ (falling edge-triggered flip-flop clocked by clk')
Path Group: clk
Path Type: min

  Delay    Time   Description
---------------------------------------------------------
   0.00    0.00   clock clk' (fall edge)
   0.00    0.00   clock network delay (ideal)
   0.00    0.00 v _43944_/CLK (DFFLQNx2_ASAP7_75t_R)
  91.21   91.21 v _43944_/QN (DFFLQNx2_ASAP7_75t_R)
  17.10  108.32 ^ _43759_/Y (NOR2x1_ASAP7_75t_R)
  21.09  129.41 ^ _43760_/Y (AO21x1_ASAP7_75t_R)
  22.89  152.29 ^ hold3696/Y (BUFx2_ASAP7_75t_R)
   0.00  152.29 ^ _43944_/D (DFFLQNx2_ASAP7_75t_R)
         152.29   data arrival time

   0.00    0.00   clock clk' (fall edge)
   0.00    0.00   clock network delay (ideal)
   0.00    0.00   clock reconvergence pessimism
           0.00 v _43944_/CLK (DFFLQNx2_ASAP7_75t_R)
  15.21   15.21   library hold time
          15.21   data required time
---------------------------------------------------------
          15.21   data required time
        -152.29   data arrival time
---------------------------------------------------------
         137.08   slack (MET)


Startpoint: _43874_ (falling edge-triggered flip-flop clocked by clk')
Endpoint: _43874_ (falling edge-triggered flip-flop clocked by clk')
Path Group: clk
Path Type: min

  Delay    Time   Description
---------------------------------------------------------
   0.00    0.00   clock clk' (fall edge)
   0.00    0.00   clock network delay (ideal)
   0.00    0.00 v _43874_/CLK (DFFLQNx2_ASAP7_75t_R)
  91.21   91.21 v _43874_/QN (DFFLQNx2_ASAP7_75t_R)
  17.10  108.32 ^ _43606_/Y (NOR2x1_ASAP7_75t_R)
  21.41  129.73 ^ _43607_/Y (AO21x1_ASAP7_75t_R)
  22.89  152.62 ^ hold3766/Y (BUFx2_ASAP7_75t_R)
   0.00  152.62 ^ _43874_/D (DFFLQNx2_ASAP7_75t_R)
         152.62   data arrival time

   0.00    0.00   clock clk' (fall edge)
   0.00    0.00   clock network delay (ideal)
   0.00    0.00   clock reconvergence pessimism
           0.00 v _43874_/CLK (DFFLQNx2_ASAP7_75t_R)
  15.21   15.21   library hold time
          15.21   data required time
---------------------------------------------------------
          15.21   data required time
        -152.62   data arrival time
---------------------------------------------------------
         137.42   slack (MET)


Startpoint: _43885_ (falling edge-triggered flip-flop clocked by clk')
Endpoint: _43885_ (falling edge-triggered flip-flop clocked by clk')
Path Group: clk
Path Type: min

  Delay    Time   Description
---------------------------------------------------------
   0.00    0.00   clock clk' (fall edge)
   0.00    0.00   clock network delay (ideal)
   0.00    0.00 v _43885_/CLK (DFFLQNx2_ASAP7_75t_R)
  91.21   91.21 v _43885_/QN (DFFLQNx2_ASAP7_75t_R)
  17.10  108.32 ^ _43630_/Y (NOR2x1_ASAP7_75t_R)
  21.41  129.73 ^ _43631_/Y (AO21x1_ASAP7_75t_R)
  22.89  152.62 ^ hold3778/Y (BUFx2_ASAP7_75t_R)
   0.00  152.62 ^ _43885_/D (DFFLQNx2_ASAP7_75t_R)
         152.62   data arrival time

   0.00    0.00   clock clk' (fall edge)
   0.00    0.00   clock network delay (ideal)
   0.00    0.00   clock reconvergence pessimism
           0.00 v _43885_/CLK (DFFLQNx2_ASAP7_75t_R)
  15.21   15.21   library hold time
          15.21   data required time
---------------------------------------------------------
          15.21   data required time
        -152.62   data arrival time
---------------------------------------------------------
         137.42   slack (MET)


Startpoint: _43887_ (falling edge-triggered flip-flop clocked by clk')
Endpoint: _43887_ (falling edge-triggered flip-flop clocked by clk')
Path Group: clk
Path Type: min

  Delay    Time   Description
---------------------------------------------------------
   0.00    0.00   clock clk' (fall edge)
   0.00    0.00   clock network delay (ideal)
   0.00    0.00 v _43887_/CLK (DFFLQNx2_ASAP7_75t_R)
  91.21   91.21 v _43887_/QN (DFFLQNx2_ASAP7_75t_R)
  17.10  108.32 ^ _43634_/Y (NOR2x1_ASAP7_75t_R)
  21.41  129.73 ^ _43635_/Y (AO21x1_ASAP7_75t_R)
  22.89  152.62 ^ hold3802/Y (BUFx2_ASAP7_75t_R)
   0.00  152.62 ^ _43887_/D (DFFLQNx2_ASAP7_75t_R)
         152.62   data arrival time

   0.00    0.00   clock clk' (fall edge)
   0.00    0.00   clock network delay (ideal)
   0.00    0.00   clock reconvergence pessimism
           0.00 v _43887_/CLK (DFFLQNx2_ASAP7_75t_R)
  15.21   15.21   library hold time
          15.21   data required time
---------------------------------------------------------
          15.21   data required time
        -152.62   data arrival time
---------------------------------------------------------
         137.42   slack (MET)


Startpoint: _43890_ (falling edge-triggered flip-flop clocked by clk')
Endpoint: _43890_ (falling edge-triggered flip-flop clocked by clk')
Path Group: clk
Path Type: min

  Delay    Time   Description
---------------------------------------------------------
   0.00    0.00   clock clk' (fall edge)
   0.00    0.00   clock network delay (ideal)
   0.00    0.00 v _43890_/CLK (DFFLQNx2_ASAP7_75t_R)
  91.21   91.21 v _43890_/QN (DFFLQNx2_ASAP7_75t_R)
  17.10  108.32 ^ _43641_/Y (NOR2x1_ASAP7_75t_R)
  21.41  129.73 ^ _43642_/Y (AO21x1_ASAP7_75t_R)
  22.89  152.62 ^ hold3690/Y (BUFx2_ASAP7_75t_R)
   0.00  152.62 ^ _43890_/D (DFFLQNx2_ASAP7_75t_R)
         152.62   data arrival time

   0.00    0.00   clock clk' (fall edge)
   0.00    0.00   clock network delay (ideal)
   0.00    0.00   clock reconvergence pessimism
           0.00 v _43890_/CLK (DFFLQNx2_ASAP7_75t_R)
  15.21   15.21   library hold time
          15.21   data required time
---------------------------------------------------------
          15.21   data required time
        -152.62   data arrival time
---------------------------------------------------------
         137.42   slack (MET)


Startpoint: _43892_ (falling edge-triggered flip-flop clocked by clk')
Endpoint: _43892_ (falling edge-triggered flip-flop clocked by clk')
Path Group: clk
Path Type: min

  Delay    Time   Description
---------------------------------------------------------
   0.00    0.00   clock clk' (fall edge)
   0.00    0.00   clock network delay (ideal)
   0.00    0.00 v _43892_/CLK (DFFLQNx2_ASAP7_75t_R)
  91.21   91.21 v _43892_/QN (DFFLQNx2_ASAP7_75t_R)
  17.10  108.32 ^ _43646_/Y (NOR2x1_ASAP7_75t_R)
  21.41  129.73 ^ _43647_/Y (AO21x1_ASAP7_75t_R)
  22.89  152.62 ^ hold3817/Y (BUFx2_ASAP7_75t_R)
   0.00  152.62 ^ _43892_/D (DFFLQNx2_ASAP7_75t_R)
         152.62   data arrival time

   0.00    0.00   clock clk' (fall edge)
   0.00    0.00   clock network delay (ideal)
   0.00    0.00   clock reconvergence pessimism
           0.00 v _43892_/CLK (DFFLQNx2_ASAP7_75t_R)
  15.21   15.21   library hold time
          15.21   data required time
---------------------------------------------------------
          15.21   data required time
        -152.62   data arrival time
---------------------------------------------------------
         137.42   slack (MET)


Startpoint: _43901_ (falling edge-triggered flip-flop clocked by clk')
Endpoint: _43901_ (falling edge-triggered flip-flop clocked by clk')
Path Group: clk
Path Type: min

  Delay    Time   Description
---------------------------------------------------------
   0.00    0.00   clock clk' (fall edge)
   0.00    0.00   clock network delay (ideal)
   0.00    0.00 v _43901_/CLK (DFFLQNx2_ASAP7_75t_R)
  91.21   91.21 v _43901_/QN (DFFLQNx2_ASAP7_75t_R)
  17.10  108.32 ^ _43666_/Y (NOR2x1_ASAP7_75t_R)
  21.41  129.73 ^ _43667_/Y (AO21x1_ASAP7_75t_R)
  22.89  152.62 ^ hold3739/Y (BUFx2_ASAP7_75t_R)
   0.00  152.62 ^ _43901_/D (DFFLQNx2_ASAP7_75t_R)
         152.62   data arrival time

   0.00    0.00   clock clk' (fall edge)
   0.00    0.00   clock network delay (ideal)
   0.00    0.00   clock reconvergence pessimism
           0.00 v _43901_/CLK (DFFLQNx2_ASAP7_75t_R)
  15.21   15.21   library hold time
          15.21   data required time
---------------------------------------------------------
          15.21   data required time
        -152.62   data arrival time
---------------------------------------------------------
         137.42   slack (MET)


Startpoint: _43903_ (falling edge-triggered flip-flop clocked by clk')
Endpoint: _43903_ (falling edge-triggered flip-flop clocked by clk')
Path Group: clk
Path Type: min

  Delay    Time   Description
---------------------------------------------------------
   0.00    0.00   clock clk' (fall edge)
   0.00    0.00   clock network delay (ideal)
   0.00    0.00 v _43903_/CLK (DFFLQNx2_ASAP7_75t_R)
  91.21   91.21 v _43903_/QN (DFFLQNx2_ASAP7_75t_R)
  17.10  108.32 ^ _43670_/Y (NOR2x1_ASAP7_75t_R)
  21.41  129.73 ^ _43671_/Y (AO21x1_ASAP7_75t_R)
  22.89  152.62 ^ hold3742/Y (BUFx2_ASAP7_75t_R)
   0.00  152.62 ^ _43903_/D (DFFLQNx2_ASAP7_75t_R)
         152.62   data arrival time

   0.00    0.00   clock clk' (fall edge)
   0.00    0.00   clock network delay (ideal)
   0.00    0.00   clock reconvergence pessimism
           0.00 v _43903_/CLK (DFFLQNx2_ASAP7_75t_R)
  15.21   15.21   library hold time
          15.21   data required time
---------------------------------------------------------
          15.21   data required time
        -152.62   data arrival time
---------------------------------------------------------
         137.42   slack (MET)


Startpoint: _43909_ (falling edge-triggered flip-flop clocked by clk')
Endpoint: _43909_ (falling edge-triggered flip-flop clocked by clk')
Path Group: clk
Path Type: min

  Delay    Time   Description
---------------------------------------------------------
   0.00    0.00   clock clk' (fall edge)
   0.00    0.00   clock network delay (ideal)
   0.00    0.00 v _43909_/CLK (DFFLQNx2_ASAP7_75t_R)
  91.21   91.21 v _43909_/QN (DFFLQNx2_ASAP7_75t_R)
  17.10  108.32 ^ _43683_/Y (NOR2x1_ASAP7_75t_R)
  21.41  129.73 ^ _43684_/Y (AO21x1_ASAP7_75t_R)
  22.89  152.62 ^ hold3775/Y (BUFx2_ASAP7_75t_R)
   0.00  152.62 ^ _43909_/D (DFFLQNx2_ASAP7_75t_R)
         152.62   data arrival time

   0.00    0.00   clock clk' (fall edge)
   0.00    0.00   clock network delay (ideal)
   0.00    0.00   clock reconvergence pessimism
           0.00 v _43909_/CLK (DFFLQNx2_ASAP7_75t_R)
  15.21   15.21   library hold time
          15.21   data required time
---------------------------------------------------------
          15.21   data required time
        -152.62   data arrival time
---------------------------------------------------------
         137.42   slack (MET)


Startpoint: _43928_ (falling edge-triggered flip-flop clocked by clk')
Endpoint: _43928_ (falling edge-triggered flip-flop clocked by clk')
Path Group: clk
Path Type: min

  Delay    Time   Description
---------------------------------------------------------
   0.00    0.00   clock clk' (fall edge)
   0.00    0.00   clock network delay (ideal)
   0.00    0.00 v _43928_/CLK (DFFLQNx2_ASAP7_75t_R)
  91.21   91.21 v _43928_/QN (DFFLQNx2_ASAP7_75t_R)
  17.10  108.32 ^ _43725_/Y (NOR2x1_ASAP7_75t_R)
  21.41  129.73 ^ _43726_/Y (AO21x1_ASAP7_75t_R)
  22.89  152.62 ^ hold3687/Y (BUFx2_ASAP7_75t_R)
   0.00  152.62 ^ _43928_/D (DFFLQNx2_ASAP7_75t_R)
         152.62   data arrival time

   0.00    0.00   clock clk' (fall edge)
   0.00    0.00   clock network delay (ideal)
   0.00    0.00   clock reconvergence pessimism
           0.00 v _43928_/CLK (DFFLQNx2_ASAP7_75t_R)
  15.21   15.21   library hold time
          15.21   data required time
---------------------------------------------------------
          15.21   data required time
        -152.62   data arrival time
---------------------------------------------------------
         137.42   slack (MET)


Startpoint: _44326_ (falling edge-triggered flip-flop clocked by clk')
Endpoint: _43991_ (falling edge-triggered flip-flop clocked by clk')
Path Group: clk
Path Type: min

  Delay    Time   Description
---------------------------------------------------------
   0.00    0.00   clock clk' (fall edge)
   0.00    0.00   clock network delay (ideal)
   0.00    0.00 v _44326_/CLK (DFFLQNx2_ASAP7_75t_R)
 111.49  111.49 ^ _44326_/QN (DFFLQNx2_ASAP7_75t_R)
  26.60  138.08 v _23810_/Y (INVx6_ASAP7_75t_R)
  17.80  155.88 ^ _43322_/Y (XOR2x1_ASAP7_75t_R)
   0.00  155.88 ^ _43991_/D (DFFLQNx3_ASAP7_75t_R)
         155.88   data arrival time

   0.00    0.00   clock clk' (fall edge)
   0.00    0.00   clock network delay (ideal)
   0.00    0.00   clock reconvergence pessimism
           0.00 v _43991_/CLK (DFFLQNx3_ASAP7_75t_R)
  18.46   18.46   library hold time
          18.46   data required time
---------------------------------------------------------
          18.46   data required time
        -155.88   data arrival time
---------------------------------------------------------
         137.42   slack (MET)


Startpoint: _44285_ (falling edge-triggered flip-flop clocked by clk')
Endpoint: _43966_ (falling edge-triggered flip-flop clocked by clk')
Path Group: clk
Path Type: min

  Delay    Time   Description
---------------------------------------------------------
   0.00    0.00   clock clk' (fall edge)
   0.00    0.00   clock network delay (ideal)
   0.00    0.00 v _44285_/CLK (DFFLQNx2_ASAP7_75t_R)
  87.97   87.97 ^ _44285_/QN (DFFLQNx2_ASAP7_75t_R)
  18.02  106.00 v _22922_/Y (INVx5_ASAP7_75t_R)
  48.58  154.58 ^ _43345_/Y (XOR2x2_ASAP7_75t_R)
   0.00  154.58 ^ _43966_/D (DFFLQNx3_ASAP7_75t_R)
         154.58   data arrival time

   0.00    0.00   clock clk' (fall edge)
   0.00    0.00   clock network delay (ideal)
   0.00    0.00   clock reconvergence pessimism
           0.00 v _43966_/CLK (DFFLQNx3_ASAP7_75t_R)
  17.08   17.08   library hold time
          17.08   data required time
---------------------------------------------------------
          17.08   data required time
        -154.58   data arrival time
---------------------------------------------------------
         137.49   slack (MET)


Startpoint: _44339_ (falling edge-triggered flip-flop clocked by clk')
Endpoint: _44052_ (falling edge-triggered flip-flop clocked by clk')
Path Group: clk
Path Type: min

  Delay    Time   Description
---------------------------------------------------------
   0.00    0.00   clock clk' (fall edge)
   0.00    0.00   clock network delay (ideal)
   0.00    0.00 v _44339_/CLK (DFFLQNx3_ASAP7_75t_R)
 115.35  115.35 ^ _44339_/QN (DFFLQNx3_ASAP7_75t_R)
  23.34  138.69 v _22115_/Y (INVx5_ASAP7_75t_R)
  17.22  155.91 ^ _43255_/Y (XOR2x1_ASAP7_75t_R)
   0.00  155.91 ^ _44052_/D (DFFLQNx3_ASAP7_75t_R)
         155.91   data arrival time

   0.00    0.00   clock clk' (fall edge)
   0.00    0.00   clock network delay (ideal)
   0.00    0.00   clock reconvergence pessimism
           0.00 v _44052_/CLK (DFFLQNx3_ASAP7_75t_R)
  18.35   18.35   library hold time
          18.35   data required time
---------------------------------------------------------
          18.35   data required time
        -155.91   data arrival time
---------------------------------------------------------
         137.56   slack (MET)


Startpoint: _43820_ (falling edge-triggered flip-flop clocked by clk')
Endpoint: _44342_ (falling edge-triggered flip-flop clocked by clk')
Path Group: clk
Path Type: min

  Delay    Time   Description
---------------------------------------------------------
   0.00    0.00   clock clk' (fall edge)
   0.00    0.00   clock network delay (ideal)
   0.00    0.00 v _43820_/CLK (DFFLQNx2_ASAP7_75t_R)
  89.62   89.62 ^ _43820_/QN (DFFLQNx2_ASAP7_75t_R)
  24.11  113.73 v _25479_/Y (XOR2x1_ASAP7_75t_R)
  16.12  129.85 ^ _25539_/Y (XNOR2x1_ASAP7_75t_R)
  24.70  154.55 ^ _25541_/Y (AO21x1_ASAP7_75t_R)
   0.00  154.55 ^ _44342_/D (DFFLQNx3_ASAP7_75t_R)
         154.55   data arrival time

   0.00    0.00   clock clk' (fall edge)
   0.00    0.00   clock network delay (ideal)
   0.00    0.00   clock reconvergence pessimism
           0.00 v _44342_/CLK (DFFLQNx3_ASAP7_75t_R)
  16.74   16.74   library hold time
          16.74   data required time
---------------------------------------------------------
          16.74   data required time
        -154.55   data arrival time
---------------------------------------------------------
         137.81   slack (MET)


Startpoint: _43828_ (falling edge-triggered flip-flop clocked by clk')
Endpoint: _43828_ (falling edge-triggered flip-flop clocked by clk')
Path Group: clk
Path Type: min

  Delay    Time   Description
---------------------------------------------------------
   0.00    0.00   clock clk' (fall edge)
   0.00    0.00   clock network delay (ideal)
   0.00    0.00 v _43828_/CLK (DFFLQNx2_ASAP7_75t_R)
  91.95   91.95 v _43828_/QN (DFFLQNx2_ASAP7_75t_R)
  17.23  109.18 ^ _43504_/Y (NOR2x1_ASAP7_75t_R)
  21.00  130.18 ^ _43505_/Y (AO21x1_ASAP7_75t_R)
  22.88  153.06 ^ hold3787/Y (BUFx2_ASAP7_75t_R)
   0.00  153.06 ^ _43828_/D (DFFLQNx2_ASAP7_75t_R)
         153.06   data arrival time

   0.00    0.00   clock clk' (fall edge)
   0.00    0.00   clock network delay (ideal)
   0.00    0.00   clock reconvergence pessimism
           0.00 v _43828_/CLK (DFFLQNx2_ASAP7_75t_R)
  15.21   15.21   library hold time
          15.21   data required time
---------------------------------------------------------
          15.21   data required time
        -153.06   data arrival time
---------------------------------------------------------
         137.86   slack (MET)


Startpoint: _43841_ (falling edge-triggered flip-flop clocked by clk')
Endpoint: _43841_ (falling edge-triggered flip-flop clocked by clk')
Path Group: clk
Path Type: min

  Delay    Time   Description
---------------------------------------------------------
   0.00    0.00   clock clk' (fall edge)
   0.00    0.00   clock network delay (ideal)
   0.00    0.00 v _43841_/CLK (DFFLQNx2_ASAP7_75t_R)
  93.07   93.07 v _43841_/QN (DFFLQNx2_ASAP7_75t_R)
  17.43  110.51 ^ _43534_/Y (NOR2x1_ASAP7_75t_R)
  20.09  130.60 ^ _43535_/Y (AO21x1_ASAP7_75t_R)
  22.87  153.47 ^ hold3715/Y (BUFx2_ASAP7_75t_R)
   0.00  153.47 ^ _43841_/D (DFFLQNx2_ASAP7_75t_R)
         153.47   data arrival time

   0.00    0.00   clock clk' (fall edge)
   0.00    0.00   clock network delay (ideal)
   0.00    0.00   clock reconvergence pessimism
           0.00 v _43841_/CLK (DFFLQNx2_ASAP7_75t_R)
  15.21   15.21   library hold time
          15.21   data required time
---------------------------------------------------------
          15.21   data required time
        -153.47   data arrival time
---------------------------------------------------------
         138.26   slack (MET)


Startpoint: _43857_ (falling edge-triggered flip-flop clocked by clk')
Endpoint: _43857_ (falling edge-triggered flip-flop clocked by clk')
Path Group: clk
Path Type: min

  Delay    Time   Description
---------------------------------------------------------
   0.00    0.00   clock clk' (fall edge)
   0.00    0.00   clock network delay (ideal)
   0.00    0.00 v _43857_/CLK (DFFLQNx2_ASAP7_75t_R)
  93.07   93.07 v _43857_/QN (DFFLQNx2_ASAP7_75t_R)
  17.43  110.51 ^ _43568_/Y (NOR2x1_ASAP7_75t_R)
  20.09  130.60 ^ _43569_/Y (AO21x1_ASAP7_75t_R)
  22.87  153.47 ^ hold3968/Y (BUFx2_ASAP7_75t_R)
   0.00  153.47 ^ _43857_/D (DFFLQNx2_ASAP7_75t_R)
         153.47   data arrival time

   0.00    0.00   clock clk' (fall edge)
   0.00    0.00   clock network delay (ideal)
   0.00    0.00   clock reconvergence pessimism
           0.00 v _43857_/CLK (DFFLQNx2_ASAP7_75t_R)
  15.21   15.21   library hold time
          15.21   data required time
---------------------------------------------------------
          15.21   data required time
        -153.47   data arrival time
---------------------------------------------------------
         138.26   slack (MET)


Startpoint: _43937_ (falling edge-triggered flip-flop clocked by clk')
Endpoint: _43937_ (falling edge-triggered flip-flop clocked by clk')
Path Group: clk
Path Type: min

  Delay    Time   Description
---------------------------------------------------------
   0.00    0.00   clock clk' (fall edge)
   0.00    0.00   clock network delay (ideal)
   0.00    0.00 v _43937_/CLK (DFFLQNx2_ASAP7_75t_R)
  93.07   93.07 v _43937_/QN (DFFLQNx2_ASAP7_75t_R)
  17.43  110.51 ^ _43744_/Y (NOR2x1_ASAP7_75t_R)
  20.09  130.60 ^ _43745_/Y (AO21x1_ASAP7_75t_R)
  22.87  153.47 ^ hold4021/Y (BUFx2_ASAP7_75t_R)
   0.00  153.47 ^ _43937_/D (DFFLQNx2_ASAP7_75t_R)
         153.47   data arrival time

   0.00    0.00   clock clk' (fall edge)
   0.00    0.00   clock network delay (ideal)
   0.00    0.00   clock reconvergence pessimism
           0.00 v _43937_/CLK (DFFLQNx2_ASAP7_75t_R)
  15.21   15.21   library hold time
          15.21   data required time
---------------------------------------------------------
          15.21   data required time
        -153.47   data arrival time
---------------------------------------------------------
         138.26   slack (MET)


Startpoint: _43940_ (falling edge-triggered flip-flop clocked by clk')
Endpoint: _43940_ (falling edge-triggered flip-flop clocked by clk')
Path Group: clk
Path Type: min

  Delay    Time   Description
---------------------------------------------------------
   0.00    0.00   clock clk' (fall edge)
   0.00    0.00   clock network delay (ideal)
   0.00    0.00 v _43940_/CLK (DFFLQNx2_ASAP7_75t_R)
  93.07   93.07 v _43940_/QN (DFFLQNx2_ASAP7_75t_R)
  17.43  110.51 ^ _43751_/Y (NOR2x1_ASAP7_75t_R)
  20.09  130.60 ^ _43752_/Y (AO21x1_ASAP7_75t_R)
  22.87  153.47 ^ hold3997/Y (BUFx2_ASAP7_75t_R)
   0.00  153.47 ^ _43940_/D (DFFLQNx2_ASAP7_75t_R)
         153.47   data arrival time

   0.00    0.00   clock clk' (fall edge)
   0.00    0.00   clock network delay (ideal)
   0.00    0.00   clock reconvergence pessimism
           0.00 v _43940_/CLK (DFFLQNx2_ASAP7_75t_R)
  15.21   15.21   library hold time
          15.21   data required time
---------------------------------------------------------
          15.21   data required time
        -153.47   data arrival time
---------------------------------------------------------
         138.26   slack (MET)


Startpoint: _43914_ (falling edge-triggered flip-flop clocked by clk')
Endpoint: _43914_ (falling edge-triggered flip-flop clocked by clk')
Path Group: clk
Path Type: min

  Delay    Time   Description
---------------------------------------------------------
   0.00    0.00   clock clk' (fall edge)
   0.00    0.00   clock network delay (ideal)
   0.00    0.00 v _43914_/CLK (DFFLQNx2_ASAP7_75t_R)
  91.95   91.95 v _43914_/QN (DFFLQNx2_ASAP7_75t_R)
  17.23  109.18 ^ _43694_/Y (NOR2x1_ASAP7_75t_R)
  21.41  130.59 ^ _43695_/Y (AO21x1_ASAP7_75t_R)
  22.89  153.48 ^ hold3751/Y (BUFx2_ASAP7_75t_R)
   0.00  153.48 ^ _43914_/D (DFFLQNx2_ASAP7_75t_R)
         153.48   data arrival time

   0.00    0.00   clock clk' (fall edge)
   0.00    0.00   clock network delay (ideal)
   0.00    0.00   clock reconvergence pessimism
           0.00 v _43914_/CLK (DFFLQNx2_ASAP7_75t_R)
  15.21   15.21   library hold time
          15.21   data required time
---------------------------------------------------------
          15.21   data required time
        -153.48   data arrival time
---------------------------------------------------------
         138.28   slack (MET)


Startpoint: _43915_ (falling edge-triggered flip-flop clocked by clk')
Endpoint: _43915_ (falling edge-triggered flip-flop clocked by clk')
Path Group: clk
Path Type: min

  Delay    Time   Description
---------------------------------------------------------
   0.00    0.00   clock clk' (fall edge)
   0.00    0.00   clock network delay (ideal)
   0.00    0.00 v _43915_/CLK (DFFLQNx2_ASAP7_75t_R)
  91.95   91.95 v _43915_/QN (DFFLQNx2_ASAP7_75t_R)
  17.23  109.18 ^ _43696_/Y (NOR2x1_ASAP7_75t_R)
  21.41  130.59 ^ _43697_/Y (AO21x1_ASAP7_75t_R)
  22.89  153.48 ^ hold3796/Y (BUFx2_ASAP7_75t_R)
   0.00  153.48 ^ _43915_/D (DFFLQNx2_ASAP7_75t_R)
         153.48   data arrival time

   0.00    0.00   clock clk' (fall edge)
   0.00    0.00   clock network delay (ideal)
   0.00    0.00   clock reconvergence pessimism
           0.00 v _43915_/CLK (DFFLQNx2_ASAP7_75t_R)
  15.21   15.21   library hold time
          15.21   data required time
---------------------------------------------------------
          15.21   data required time
        -153.48   data arrival time
---------------------------------------------------------
         138.28   slack (MET)


Startpoint: _44317_ (falling edge-triggered flip-flop clocked by clk')
Endpoint: _43958_ (falling edge-triggered flip-flop clocked by clk')
Path Group: clk
Path Type: min

  Delay    Time   Description
---------------------------------------------------------
   0.00    0.00   clock clk' (fall edge)
   0.00    0.00   clock network delay (ideal)
   0.00    0.00 v _44317_/CLK (DFFLQNx2_ASAP7_75t_R)
 112.18  112.18 ^ _44317_/QN (DFFLQNx2_ASAP7_75t_R)
  26.99  139.16 v _23149_/Y (INVx4_ASAP7_75t_R)
  17.84  157.01 ^ _43353_/Y (XOR2x1_ASAP7_75t_R)
   0.00  157.01 ^ _43958_/D (DFFLQNx3_ASAP7_75t_R)
         157.01   data arrival time

   0.00    0.00   clock clk' (fall edge)
   0.00    0.00   clock network delay (ideal)
   0.00    0.00   clock reconvergence pessimism
           0.00 v _43958_/CLK (DFFLQNx3_ASAP7_75t_R)
  18.28   18.28   library hold time
          18.28   data required time
---------------------------------------------------------
          18.28   data required time
        -157.01   data arrival time
---------------------------------------------------------
         138.73   slack (MET)


Startpoint: _44263_ (falling edge-triggered flip-flop clocked by clk')
Endpoint: _44120_ (falling edge-triggered flip-flop clocked by clk')
Path Group: clk
Path Type: min

  Delay    Time   Description
---------------------------------------------------------
   0.00    0.00   clock clk' (fall edge)
   0.00    0.00   clock network delay (ideal)
   0.00    0.00 v _44263_/CLK (DFFLQNx2_ASAP7_75t_R)
  90.34   90.34 ^ _44263_/QN (DFFLQNx2_ASAP7_75t_R)
  17.18  107.52 v _38584_/Y (INVx3_ASAP7_75t_R)
  48.28  155.81 ^ _38585_/Y (XOR2x2_ASAP7_75t_R)
   0.00  155.81 ^ _44120_/D (DFFLQNx3_ASAP7_75t_R)
         155.81   data arrival time

   0.00    0.00   clock clk' (fall edge)
   0.00    0.00   clock network delay (ideal)
   0.00    0.00   clock reconvergence pessimism
           0.00 v _44120_/CLK (DFFLQNx3_ASAP7_75t_R)
  17.06   17.06   library hold time
          17.06   data required time
---------------------------------------------------------
          17.06   data required time
        -155.81   data arrival time
---------------------------------------------------------
         138.75   slack (MET)


Startpoint: _44322_ (falling edge-triggered flip-flop clocked by clk')
Endpoint: _43987_ (falling edge-triggered flip-flop clocked by clk')
Path Group: clk
Path Type: min

  Delay    Time   Description
---------------------------------------------------------
   0.00    0.00   clock clk' (fall edge)
   0.00    0.00   clock network delay (ideal)
   0.00    0.00 v _44322_/CLK (DFFLQNx2_ASAP7_75t_R)
 107.55  107.55 ^ _44322_/QN (DFFLQNx2_ASAP7_75t_R)
  26.71  134.26 v _23832_/Y (INVx3_ASAP7_75t_R)
  17.78  152.04 ^ _43318_/Y (XOR2x1_ASAP7_75t_R)
   0.00  152.04 ^ _43987_/D (DFFLQNx2_ASAP7_75t_R)
         152.04   data arrival time

   0.00    0.00   clock clk' (fall edge)
   0.00    0.00   clock network delay (ideal)
   0.00    0.00   clock reconvergence pessimism
           0.00 v _43987_/CLK (DFFLQNx2_ASAP7_75t_R)
  13.18   13.18   library hold time
          13.18   data required time
---------------------------------------------------------
          13.18   data required time
        -152.04   data arrival time
---------------------------------------------------------
         138.86   slack (MET)


Startpoint: _43905_ (falling edge-triggered flip-flop clocked by clk')
Endpoint: _43905_ (falling edge-triggered flip-flop clocked by clk')
Path Group: clk
Path Type: min

  Delay    Time   Description
---------------------------------------------------------
   0.00    0.00   clock clk' (fall edge)
   0.00    0.00   clock network delay (ideal)
   0.00    0.00 v _43905_/CLK (DFFLQNx2_ASAP7_75t_R)
  93.77   93.77 v _43905_/QN (DFFLQNx2_ASAP7_75t_R)
  17.55  111.32 ^ _43674_/Y (NOR2x1_ASAP7_75t_R)
  19.94  131.26 ^ _43675_/Y (AO21x1_ASAP7_75t_R)
  22.87  154.13 ^ hold3712/Y (BUFx2_ASAP7_75t_R)
   0.00  154.13 ^ _43905_/D (DFFLQNx2_ASAP7_75t_R)
         154.13   data arrival time

   0.00    0.00   clock clk' (fall edge)
   0.00    0.00   clock network delay (ideal)
   0.00    0.00   clock reconvergence pessimism
           0.00 v _43905_/CLK (DFFLQNx2_ASAP7_75t_R)
  15.21   15.21   library hold time
          15.21   data required time
---------------------------------------------------------
          15.21   data required time
        -154.13   data arrival time
---------------------------------------------------------
         138.92   slack (MET)


Startpoint: _43858_ (falling edge-triggered flip-flop clocked by clk')
Endpoint: _43858_ (falling edge-triggered flip-flop clocked by clk')
Path Group: clk
Path Type: min

  Delay    Time   Description
---------------------------------------------------------
   0.00    0.00   clock clk' (fall edge)
   0.00    0.00   clock network delay (ideal)
   0.00    0.00 v _43858_/CLK (DFFLQNx2_ASAP7_75t_R)
  93.77   93.77 v _43858_/QN (DFFLQNx2_ASAP7_75t_R)
  17.55  111.32 ^ _43571_/Y (NOR2x1_ASAP7_75t_R)
  20.09  131.41 ^ _43572_/Y (AO21x1_ASAP7_75t_R)
  22.87  154.28 ^ hold3965/Y (BUFx2_ASAP7_75t_R)
   0.00  154.28 ^ _43858_/D (DFFLQNx2_ASAP7_75t_R)
         154.28   data arrival time

   0.00    0.00   clock clk' (fall edge)
   0.00    0.00   clock network delay (ideal)
   0.00    0.00   clock reconvergence pessimism
           0.00 v _43858_/CLK (DFFLQNx2_ASAP7_75t_R)
  15.21   15.21   library hold time
          15.21   data required time
---------------------------------------------------------
          15.21   data required time
        -154.28   data arrival time
---------------------------------------------------------
         139.08   slack (MET)


Startpoint: _43822_ (falling edge-triggered flip-flop clocked by clk')
Endpoint: _43822_ (falling edge-triggered flip-flop clocked by clk')
Path Group: clk
Path Type: min

  Delay    Time   Description
---------------------------------------------------------
   0.00    0.00   clock clk' (fall edge)
   0.00    0.00   clock network delay (ideal)
   0.00    0.00 v _43822_/CLK (DFFLQNx2_ASAP7_75t_R)
  93.07   93.07 v _43822_/QN (DFFLQNx2_ASAP7_75t_R)
  17.43  110.51 ^ _43491_/Y (NOR2x1_ASAP7_75t_R)
  21.00  131.50 ^ _43492_/Y (AO21x1_ASAP7_75t_R)
  22.88  154.39 ^ hold3850/Y (BUFx2_ASAP7_75t_R)
   0.00  154.39 ^ _43822_/D (DFFLQNx2_ASAP7_75t_R)
         154.39   data arrival time

   0.00    0.00   clock clk' (fall edge)
   0.00    0.00   clock network delay (ideal)
   0.00    0.00   clock reconvergence pessimism
           0.00 v _43822_/CLK (DFFLQNx2_ASAP7_75t_R)
  15.21   15.21   library hold time
          15.21   data required time
---------------------------------------------------------
          15.21   data required time
        -154.39   data arrival time
---------------------------------------------------------
         139.18   slack (MET)


Startpoint: _43825_ (falling edge-triggered flip-flop clocked by clk')
Endpoint: _43825_ (falling edge-triggered flip-flop clocked by clk')
Path Group: clk
Path Type: min

  Delay    Time   Description
---------------------------------------------------------
   0.00    0.00   clock clk' (fall edge)
   0.00    0.00   clock network delay (ideal)
   0.00    0.00 v _43825_/CLK (DFFLQNx2_ASAP7_75t_R)
  93.07   93.07 v _43825_/QN (DFFLQNx2_ASAP7_75t_R)
  17.43  110.51 ^ _43497_/Y (NOR2x1_ASAP7_75t_R)
  21.00  131.50 ^ _43498_/Y (AO21x1_ASAP7_75t_R)
  22.88  154.39 ^ hold3820/Y (BUFx2_ASAP7_75t_R)
   0.00  154.39 ^ _43825_/D (DFFLQNx2_ASAP7_75t_R)
         154.39   data arrival time

   0.00    0.00   clock clk' (fall edge)
   0.00    0.00   clock network delay (ideal)
   0.00    0.00   clock reconvergence pessimism
           0.00 v _43825_/CLK (DFFLQNx2_ASAP7_75t_R)
  15.21   15.21   library hold time
          15.21   data required time
---------------------------------------------------------
          15.21   data required time
        -154.39   data arrival time
---------------------------------------------------------
         139.18   slack (MET)


Startpoint: _43830_ (falling edge-triggered flip-flop clocked by clk')
Endpoint: _43830_ (falling edge-triggered flip-flop clocked by clk')
Path Group: clk
Path Type: min

  Delay    Time   Description
---------------------------------------------------------
   0.00    0.00   clock clk' (fall edge)
   0.00    0.00   clock network delay (ideal)
   0.00    0.00 v _43830_/CLK (DFFLQNx2_ASAP7_75t_R)
  93.07   93.07 v _43830_/QN (DFFLQNx2_ASAP7_75t_R)
  17.43  110.51 ^ _43508_/Y (NOR2x1_ASAP7_75t_R)
  21.00  131.50 ^ _43509_/Y (AO21x1_ASAP7_75t_R)
  22.88  154.39 ^ hold3693/Y (BUFx2_ASAP7_75t_R)
   0.00  154.39 ^ _43830_/D (DFFLQNx2_ASAP7_75t_R)
         154.39   data arrival time

   0.00    0.00   clock clk' (fall edge)
   0.00    0.00   clock network delay (ideal)
   0.00    0.00   clock reconvergence pessimism
           0.00 v _43830_/CLK (DFFLQNx2_ASAP7_75t_R)
  15.21   15.21   library hold time
          15.21   data required time
---------------------------------------------------------
          15.21   data required time
        -154.39   data arrival time
---------------------------------------------------------
         139.18   slack (MET)


Startpoint: _43832_ (falling edge-triggered flip-flop clocked by clk')
Endpoint: _43832_ (falling edge-triggered flip-flop clocked by clk')
Path Group: clk
Path Type: min

  Delay    Time   Description
---------------------------------------------------------
   0.00    0.00   clock clk' (fall edge)
   0.00    0.00   clock network delay (ideal)
   0.00    0.00 v _43832_/CLK (DFFLQNx2_ASAP7_75t_R)
  93.07   93.07 v _43832_/QN (DFFLQNx2_ASAP7_75t_R)
  17.43  110.51 ^ _43514_/Y (NOR2x1_ASAP7_75t_R)
  21.00  131.50 ^ _43515_/Y (AO21x1_ASAP7_75t_R)
  22.88  154.39 ^ hold3678/Y (BUFx2_ASAP7_75t_R)
   0.00  154.39 ^ _43832_/D (DFFLQNx2_ASAP7_75t_R)
         154.39   data arrival time

   0.00    0.00   clock clk' (fall edge)
   0.00    0.00   clock network delay (ideal)
   0.00    0.00   clock reconvergence pessimism
           0.00 v _43832_/CLK (DFFLQNx2_ASAP7_75t_R)
  15.21   15.21   library hold time
          15.21   data required time
---------------------------------------------------------
          15.21   data required time
        -154.39   data arrival time
---------------------------------------------------------
         139.18   slack (MET)


Startpoint: _43834_ (falling edge-triggered flip-flop clocked by clk')
Endpoint: _43834_ (falling edge-triggered flip-flop clocked by clk')
Path Group: clk
Path Type: min

  Delay    Time   Description
---------------------------------------------------------
   0.00    0.00   clock clk' (fall edge)
   0.00    0.00   clock network delay (ideal)
   0.00    0.00 v _43834_/CLK (DFFLQNx2_ASAP7_75t_R)
  93.07   93.07 v _43834_/QN (DFFLQNx2_ASAP7_75t_R)
  17.43  110.51 ^ _43518_/Y (NOR2x1_ASAP7_75t_R)
  21.00  131.50 ^ _43519_/Y (AO21x1_ASAP7_75t_R)
  22.88  154.39 ^ hold3657/Y (BUFx2_ASAP7_75t_R)
   0.00  154.39 ^ _43834_/D (DFFLQNx2_ASAP7_75t_R)
         154.39   data arrival time

   0.00    0.00   clock clk' (fall edge)
   0.00    0.00   clock network delay (ideal)
   0.00    0.00   clock reconvergence pessimism
           0.00 v _43834_/CLK (DFFLQNx2_ASAP7_75t_R)
  15.21   15.21   library hold time
          15.21   data required time
---------------------------------------------------------
          15.21   data required time
        -154.39   data arrival time
---------------------------------------------------------
         139.18   slack (MET)


Startpoint: _43845_ (falling edge-triggered flip-flop clocked by clk')
Endpoint: _43845_ (falling edge-triggered flip-flop clocked by clk')
Path Group: clk
Path Type: min

  Delay    Time   Description
---------------------------------------------------------
   0.00    0.00   clock clk' (fall edge)
   0.00    0.00   clock network delay (ideal)
   0.00    0.00 v _43845_/CLK (DFFLQNx2_ASAP7_75t_R)
  93.07   93.07 v _43845_/QN (DFFLQNx2_ASAP7_75t_R)
  17.43  110.51 ^ _43542_/Y (NOR2x1_ASAP7_75t_R)
  21.00  131.50 ^ _43543_/Y (AO21x1_ASAP7_75t_R)
  22.88  154.39 ^ hold3844/Y (BUFx2_ASAP7_75t_R)
   0.00  154.39 ^ _43845_/D (DFFLQNx2_ASAP7_75t_R)
         154.39   data arrival time

   0.00    0.00   clock clk' (fall edge)
   0.00    0.00   clock network delay (ideal)
   0.00    0.00   clock reconvergence pessimism
           0.00 v _43845_/CLK (DFFLQNx2_ASAP7_75t_R)
  15.21   15.21   library hold time
          15.21   data required time
---------------------------------------------------------
          15.21   data required time
        -154.39   data arrival time
---------------------------------------------------------
         139.18   slack (MET)


Startpoint: _43847_ (falling edge-triggered flip-flop clocked by clk')
Endpoint: _43847_ (falling edge-triggered flip-flop clocked by clk')
Path Group: clk
Path Type: min

  Delay    Time   Description
---------------------------------------------------------
   0.00    0.00   clock clk' (fall edge)
   0.00    0.00   clock network delay (ideal)
   0.00    0.00 v _43847_/CLK (DFFLQNx2_ASAP7_75t_R)
  93.07   93.07 v _43847_/QN (DFFLQNx2_ASAP7_75t_R)
  17.43  110.51 ^ _43546_/Y (NOR2x1_ASAP7_75t_R)
  21.00  131.50 ^ _43547_/Y (AO21x1_ASAP7_75t_R)
  22.88  154.39 ^ hold3950/Y (BUFx2_ASAP7_75t_R)
   0.00  154.39 ^ _43847_/D (DFFLQNx2_ASAP7_75t_R)
         154.39   data arrival time

   0.00    0.00   clock clk' (fall edge)
   0.00    0.00   clock network delay (ideal)
   0.00    0.00   clock reconvergence pessimism
           0.00 v _43847_/CLK (DFFLQNx2_ASAP7_75t_R)
  15.21   15.21   library hold time
          15.21   data required time
---------------------------------------------------------
          15.21   data required time
        -154.39   data arrival time
---------------------------------------------------------
         139.18   slack (MET)


Startpoint: _43854_ (falling edge-triggered flip-flop clocked by clk')
Endpoint: _43854_ (falling edge-triggered flip-flop clocked by clk')
Path Group: clk
Path Type: min

  Delay    Time   Description
---------------------------------------------------------
   0.00    0.00   clock clk' (fall edge)
   0.00    0.00   clock network delay (ideal)
   0.00    0.00 v _43854_/CLK (DFFLQNx2_ASAP7_75t_R)
  93.07   93.07 v _43854_/QN (DFFLQNx2_ASAP7_75t_R)
  17.43  110.51 ^ _43562_/Y (NOR2x1_ASAP7_75t_R)
  21.05  131.56 ^ _43563_/Y (AO21x1_ASAP7_75t_R)
  22.89  154.44 ^ hold3672/Y (BUFx2_ASAP7_75t_R)
   0.00  154.44 ^ _43854_/D (DFFLQNx2_ASAP7_75t_R)
         154.44   data arrival time

   0.00    0.00   clock clk' (fall edge)
   0.00    0.00   clock network delay (ideal)
   0.00    0.00   clock reconvergence pessimism
           0.00 v _43854_/CLK (DFFLQNx2_ASAP7_75t_R)
  15.21   15.21   library hold time
          15.21   data required time
---------------------------------------------------------
          15.21   data required time
        -154.44   data arrival time
---------------------------------------------------------
         139.24   slack (MET)


Startpoint: _43855_ (falling edge-triggered flip-flop clocked by clk')
Endpoint: _43855_ (falling edge-triggered flip-flop clocked by clk')
Path Group: clk
Path Type: min

  Delay    Time   Description
---------------------------------------------------------
   0.00    0.00   clock clk' (fall edge)
   0.00    0.00   clock network delay (ideal)
   0.00    0.00 v _43855_/CLK (DFFLQNx2_ASAP7_75t_R)
  93.07   93.07 v _43855_/QN (DFFLQNx2_ASAP7_75t_R)
  17.43  110.51 ^ _43564_/Y (NOR2x1_ASAP7_75t_R)
  21.05  131.56 ^ _43565_/Y (AO21x1_ASAP7_75t_R)
  22.89  154.44 ^ hold3663/Y (BUFx2_ASAP7_75t_R)
   0.00  154.44 ^ _43855_/D (DFFLQNx2_ASAP7_75t_R)
         154.44   data arrival time

   0.00    0.00   clock clk' (fall edge)
   0.00    0.00   clock network delay (ideal)
   0.00    0.00   clock reconvergence pessimism
           0.00 v _43855_/CLK (DFFLQNx2_ASAP7_75t_R)
  15.21   15.21   library hold time
          15.21   data required time
---------------------------------------------------------
          15.21   data required time
        -154.44   data arrival time
---------------------------------------------------------
         139.24   slack (MET)


Startpoint: _43856_ (falling edge-triggered flip-flop clocked by clk')
Endpoint: _43856_ (falling edge-triggered flip-flop clocked by clk')
Path Group: clk
Path Type: min

  Delay    Time   Description
---------------------------------------------------------
   0.00    0.00   clock clk' (fall edge)
   0.00    0.00   clock network delay (ideal)
   0.00    0.00 v _43856_/CLK (DFFLQNx2_ASAP7_75t_R)
  93.07   93.07 v _43856_/QN (DFFLQNx2_ASAP7_75t_R)
  17.43  110.51 ^ _43566_/Y (NOR2x1_ASAP7_75t_R)
  21.05  131.56 ^ _43567_/Y (AO21x1_ASAP7_75t_R)
  22.89  154.44 ^ hold3645/Y (BUFx2_ASAP7_75t_R)
   0.00  154.44 ^ _43856_/D (DFFLQNx2_ASAP7_75t_R)
         154.44   data arrival time

   0.00    0.00   clock clk' (fall edge)
   0.00    0.00   clock network delay (ideal)
   0.00    0.00   clock reconvergence pessimism
           0.00 v _43856_/CLK (DFFLQNx2_ASAP7_75t_R)
  15.21   15.21   library hold time
          15.21   data required time
---------------------------------------------------------
          15.21   data required time
        -154.44   data arrival time
---------------------------------------------------------
         139.24   slack (MET)


Startpoint: _43861_ (falling edge-triggered flip-flop clocked by clk')
Endpoint: _43861_ (falling edge-triggered flip-flop clocked by clk')
Path Group: clk
Path Type: min

  Delay    Time   Description
---------------------------------------------------------
   0.00    0.00   clock clk' (fall edge)
   0.00    0.00   clock network delay (ideal)
   0.00    0.00 v _43861_/CLK (DFFLQNx2_ASAP7_75t_R)
  93.07   93.07 v _43861_/QN (DFFLQNx2_ASAP7_75t_R)
  17.43  110.51 ^ _43578_/Y (NOR2x1_ASAP7_75t_R)
  21.05  131.56 ^ _43579_/Y (AO21x1_ASAP7_75t_R)
  22.89  154.44 ^ hold3597/Y (BUFx2_ASAP7_75t_R)
   0.00  154.44 ^ _43861_/D (DFFLQNx2_ASAP7_75t_R)
         154.44   data arrival time

   0.00    0.00   clock clk' (fall edge)
   0.00    0.00   clock network delay (ideal)
   0.00    0.00   clock reconvergence pessimism
           0.00 v _43861_/CLK (DFFLQNx2_ASAP7_75t_R)
  15.21   15.21   library hold time
          15.21   data required time
---------------------------------------------------------
          15.21   data required time
        -154.44   data arrival time
---------------------------------------------------------
         139.24   slack (MET)


Startpoint: _43864_ (falling edge-triggered flip-flop clocked by clk')
Endpoint: _43864_ (falling edge-triggered flip-flop clocked by clk')
Path Group: clk
Path Type: min

  Delay    Time   Description
---------------------------------------------------------
   0.00    0.00   clock clk' (fall edge)
   0.00    0.00   clock network delay (ideal)
   0.00    0.00 v _43864_/CLK (DFFLQNx2_ASAP7_75t_R)
  93.07   93.07 v _43864_/QN (DFFLQNx2_ASAP7_75t_R)
  17.43  110.51 ^ _43584_/Y (NOR2x1_ASAP7_75t_R)
  21.05  131.56 ^ _43585_/Y (AO21x1_ASAP7_75t_R)
  22.89  154.44 ^ hold3660/Y (BUFx2_ASAP7_75t_R)
   0.00  154.44 ^ _43864_/D (DFFLQNx2_ASAP7_75t_R)
         154.44   data arrival time

   0.00    0.00   clock clk' (fall edge)
   0.00    0.00   clock network delay (ideal)
   0.00    0.00   clock reconvergence pessimism
           0.00 v _43864_/CLK (DFFLQNx2_ASAP7_75t_R)
  15.21   15.21   library hold time
          15.21   data required time
---------------------------------------------------------
          15.21   data required time
        -154.44   data arrival time
---------------------------------------------------------
         139.24   slack (MET)


Startpoint: _43865_ (falling edge-triggered flip-flop clocked by clk')
Endpoint: _43865_ (falling edge-triggered flip-flop clocked by clk')
Path Group: clk
Path Type: min

  Delay    Time   Description
---------------------------------------------------------
   0.00    0.00   clock clk' (fall edge)
   0.00    0.00   clock network delay (ideal)
   0.00    0.00 v _43865_/CLK (DFFLQNx2_ASAP7_75t_R)
  93.07   93.07 v _43865_/QN (DFFLQNx2_ASAP7_75t_R)
  17.43  110.51 ^ _43586_/Y (NOR2x1_ASAP7_75t_R)
  21.05  131.56 ^ _43587_/Y (AO21x1_ASAP7_75t_R)
  22.89  154.44 ^ hold3651/Y (BUFx2_ASAP7_75t_R)
   0.00  154.44 ^ _43865_/D (DFFLQNx2_ASAP7_75t_R)
         154.44   data arrival time

   0.00    0.00   clock clk' (fall edge)
   0.00    0.00   clock network delay (ideal)
   0.00    0.00   clock reconvergence pessimism
           0.00 v _43865_/CLK (DFFLQNx2_ASAP7_75t_R)
  15.21   15.21   library hold time
          15.21   data required time
---------------------------------------------------------
          15.21   data required time
        -154.44   data arrival time
---------------------------------------------------------
         139.24   slack (MET)


Startpoint: _43870_ (falling edge-triggered flip-flop clocked by clk')
Endpoint: _43870_ (falling edge-triggered flip-flop clocked by clk')
Path Group: clk
Path Type: min

  Delay    Time   Description
---------------------------------------------------------
   0.00    0.00   clock clk' (fall edge)
   0.00    0.00   clock network delay (ideal)
   0.00    0.00 v _43870_/CLK (DFFLQNx2_ASAP7_75t_R)
  93.07   93.07 v _43870_/QN (DFFLQNx2_ASAP7_75t_R)
  17.43  110.51 ^ _43597_/Y (NOR2x1_ASAP7_75t_R)
  21.05  131.56 ^ _43598_/Y (AO21x1_ASAP7_75t_R)
  22.89  154.44 ^ hold3630/Y (BUFx2_ASAP7_75t_R)
   0.00  154.44 ^ _43870_/D (DFFLQNx2_ASAP7_75t_R)
         154.44   data arrival time

   0.00    0.00   clock clk' (fall edge)
   0.00    0.00   clock network delay (ideal)
   0.00    0.00   clock reconvergence pessimism
           0.00 v _43870_/CLK (DFFLQNx2_ASAP7_75t_R)
  15.21   15.21   library hold time
          15.21   data required time
---------------------------------------------------------
          15.21   data required time
        -154.44   data arrival time
---------------------------------------------------------
         139.24   slack (MET)


Startpoint: _43873_ (falling edge-triggered flip-flop clocked by clk')
Endpoint: _43873_ (falling edge-triggered flip-flop clocked by clk')
Path Group: clk
Path Type: min

  Delay    Time   Description
---------------------------------------------------------
   0.00    0.00   clock clk' (fall edge)
   0.00    0.00   clock network delay (ideal)
   0.00    0.00 v _43873_/CLK (DFFLQNx2_ASAP7_75t_R)
  93.07   93.07 v _43873_/QN (DFFLQNx2_ASAP7_75t_R)
  17.43  110.51 ^ _43604_/Y (NOR2x1_ASAP7_75t_R)
  21.05  131.56 ^ _43605_/Y (AO21x1_ASAP7_75t_R)
  22.89  154.44 ^ hold3868/Y (BUFx2_ASAP7_75t_R)
   0.00  154.44 ^ _43873_/D (DFFLQNx2_ASAP7_75t_R)
         154.44   data arrival time

   0.00    0.00   clock clk' (fall edge)
   0.00    0.00   clock network delay (ideal)
   0.00    0.00   clock reconvergence pessimism
           0.00 v _43873_/CLK (DFFLQNx2_ASAP7_75t_R)
  15.21   15.21   library hold time
          15.21   data required time
---------------------------------------------------------
          15.21   data required time
        -154.44   data arrival time
---------------------------------------------------------
         139.24   slack (MET)


Startpoint: _43880_ (falling edge-triggered flip-flop clocked by clk')
Endpoint: _43880_ (falling edge-triggered flip-flop clocked by clk')
Path Group: clk
Path Type: min

  Delay    Time   Description
---------------------------------------------------------
   0.00    0.00   clock clk' (fall edge)
   0.00    0.00   clock network delay (ideal)
   0.00    0.00 v _43880_/CLK (DFFLQNx2_ASAP7_75t_R)
  93.07   93.07 v _43880_/QN (DFFLQNx2_ASAP7_75t_R)
  17.43  110.51 ^ _43619_/Y (NOR2x1_ASAP7_75t_R)
  21.05  131.56 ^ _43620_/Y (AO21x1_ASAP7_75t_R)
  22.89  154.44 ^ hold3582/Y (BUFx2_ASAP7_75t_R)
   0.00  154.44 ^ _43880_/D (DFFLQNx2_ASAP7_75t_R)
         154.44   data arrival time

   0.00    0.00   clock clk' (fall edge)
   0.00    0.00   clock network delay (ideal)
   0.00    0.00   clock reconvergence pessimism
           0.00 v _43880_/CLK (DFFLQNx2_ASAP7_75t_R)
  15.21   15.21   library hold time
          15.21   data required time
---------------------------------------------------------
          15.21   data required time
        -154.44   data arrival time
---------------------------------------------------------
         139.24   slack (MET)


Startpoint: _43884_ (falling edge-triggered flip-flop clocked by clk')
Endpoint: _43884_ (falling edge-triggered flip-flop clocked by clk')
Path Group: clk
Path Type: min

  Delay    Time   Description
---------------------------------------------------------
   0.00    0.00   clock clk' (fall edge)
   0.00    0.00   clock network delay (ideal)
   0.00    0.00 v _43884_/CLK (DFFLQNx2_ASAP7_75t_R)
  93.07   93.07 v _43884_/QN (DFFLQNx2_ASAP7_75t_R)
  17.43  110.51 ^ _43628_/Y (NOR2x1_ASAP7_75t_R)
  21.05  131.56 ^ _43629_/Y (AO21x1_ASAP7_75t_R)
  22.89  154.44 ^ hold3627/Y (BUFx2_ASAP7_75t_R)
   0.00  154.44 ^ _43884_/D (DFFLQNx2_ASAP7_75t_R)
         154.44   data arrival time

   0.00    0.00   clock clk' (fall edge)
   0.00    0.00   clock network delay (ideal)
   0.00    0.00   clock reconvergence pessimism
           0.00 v _43884_/CLK (DFFLQNx2_ASAP7_75t_R)
  15.21   15.21   library hold time
          15.21   data required time
---------------------------------------------------------
          15.21   data required time
        -154.44   data arrival time
---------------------------------------------------------
         139.24   slack (MET)


Startpoint: _43918_ (falling edge-triggered flip-flop clocked by clk')
Endpoint: _43918_ (falling edge-triggered flip-flop clocked by clk')
Path Group: clk
Path Type: min

  Delay    Time   Description
---------------------------------------------------------
   0.00    0.00   clock clk' (fall edge)
   0.00    0.00   clock network delay (ideal)
   0.00    0.00 v _43918_/CLK (DFFLQNx2_ASAP7_75t_R)
  93.07   93.07 v _43918_/QN (DFFLQNx2_ASAP7_75t_R)
  17.43  110.51 ^ _43703_/Y (NOR2x1_ASAP7_75t_R)
  21.09  131.59 ^ _43704_/Y (AO21x1_ASAP7_75t_R)
  22.89  154.48 ^ hold3914/Y (BUFx2_ASAP7_75t_R)
   0.00  154.48 ^ _43918_/D (DFFLQNx2_ASAP7_75t_R)
         154.48   data arrival time

   0.00    0.00   clock clk' (fall edge)
   0.00    0.00   clock network delay (ideal)
   0.00    0.00   clock reconvergence pessimism
           0.00 v _43918_/CLK (DFFLQNx2_ASAP7_75t_R)
  15.21   15.21   library hold time
          15.21   data required time
---------------------------------------------------------
          15.21   data required time
        -154.48   data arrival time
---------------------------------------------------------
         139.27   slack (MET)


Startpoint: _43920_ (falling edge-triggered flip-flop clocked by clk')
Endpoint: _43920_ (falling edge-triggered flip-flop clocked by clk')
Path Group: clk
Path Type: min

  Delay    Time   Description
---------------------------------------------------------
   0.00    0.00   clock clk' (fall edge)
   0.00    0.00   clock network delay (ideal)
   0.00    0.00 v _43920_/CLK (DFFLQNx2_ASAP7_75t_R)
  93.07   93.07 v _43920_/QN (DFFLQNx2_ASAP7_75t_R)
  17.43  110.51 ^ _43707_/Y (NOR2x1_ASAP7_75t_R)
  21.09  131.59 ^ _43708_/Y (AO21x1_ASAP7_75t_R)
  22.89  154.48 ^ hold3880/Y (BUFx2_ASAP7_75t_R)
   0.00  154.48 ^ _43920_/D (DFFLQNx2_ASAP7_75t_R)
         154.48   data arrival time

   0.00    0.00   clock clk' (fall edge)
   0.00    0.00   clock network delay (ideal)
   0.00    0.00   clock reconvergence pessimism
           0.00 v _43920_/CLK (DFFLQNx2_ASAP7_75t_R)
  15.21   15.21   library hold time
          15.21   data required time
---------------------------------------------------------
          15.21   data required time
        -154.48   data arrival time
---------------------------------------------------------
         139.27   slack (MET)


Startpoint: _43927_ (falling edge-triggered flip-flop clocked by clk')
Endpoint: _43927_ (falling edge-triggered flip-flop clocked by clk')
Path Group: clk
Path Type: min

  Delay    Time   Description
---------------------------------------------------------
   0.00    0.00   clock clk' (fall edge)
   0.00    0.00   clock network delay (ideal)
   0.00    0.00 v _43927_/CLK (DFFLQNx2_ASAP7_75t_R)
  93.07   93.07 v _43927_/QN (DFFLQNx2_ASAP7_75t_R)
  17.43  110.51 ^ _43722_/Y (NOR2x1_ASAP7_75t_R)
  21.09  131.59 ^ _43723_/Y (AO21x1_ASAP7_75t_R)
  22.89  154.48 ^ hold3906/Y (BUFx2_ASAP7_75t_R)
   0.00  154.48 ^ _43927_/D (DFFLQNx2_ASAP7_75t_R)
         154.48   data arrival time

   0.00    0.00   clock clk' (fall edge)
   0.00    0.00   clock network delay (ideal)
   0.00    0.00   clock reconvergence pessimism
           0.00 v _43927_/CLK (DFFLQNx2_ASAP7_75t_R)
  15.21   15.21   library hold time
          15.21   data required time
---------------------------------------------------------
          15.21   data required time
        -154.48   data arrival time
---------------------------------------------------------
         139.27   slack (MET)


Startpoint: _43930_ (falling edge-triggered flip-flop clocked by clk')
Endpoint: _43930_ (falling edge-triggered flip-flop clocked by clk')
Path Group: clk
Path Type: min

  Delay    Time   Description
---------------------------------------------------------
   0.00    0.00   clock clk' (fall edge)
   0.00    0.00   clock network delay (ideal)
   0.00    0.00 v _43930_/CLK (DFFLQNx2_ASAP7_75t_R)
  93.07   93.07 v _43930_/QN (DFFLQNx2_ASAP7_75t_R)
  17.43  110.51 ^ _43729_/Y (NOR2x1_ASAP7_75t_R)
  21.09  131.59 ^ _43730_/Y (AO21x1_ASAP7_75t_R)
  22.89  154.48 ^ hold3835/Y (BUFx2_ASAP7_75t_R)
   0.00  154.48 ^ _43930_/D (DFFLQNx2_ASAP7_75t_R)
         154.48   data arrival time

   0.00    0.00   clock clk' (fall edge)
   0.00    0.00   clock network delay (ideal)
   0.00    0.00   clock reconvergence pessimism
           0.00 v _43930_/CLK (DFFLQNx2_ASAP7_75t_R)
  15.21   15.21   library hold time
          15.21   data required time
---------------------------------------------------------
          15.21   data required time
        -154.48   data arrival time
---------------------------------------------------------
         139.27   slack (MET)


Startpoint: _43932_ (falling edge-triggered flip-flop clocked by clk')
Endpoint: _43932_ (falling edge-triggered flip-flop clocked by clk')
Path Group: clk
Path Type: min

  Delay    Time   Description
---------------------------------------------------------
   0.00    0.00   clock clk' (fall edge)
   0.00    0.00   clock network delay (ideal)
   0.00    0.00 v _43932_/CLK (DFFLQNx2_ASAP7_75t_R)
  93.07   93.07 v _43932_/QN (DFFLQNx2_ASAP7_75t_R)
  17.43  110.51 ^ _43734_/Y (NOR2x1_ASAP7_75t_R)
  21.09  131.59 ^ _43735_/Y (AO21x1_ASAP7_75t_R)
  22.89  154.48 ^ hold3856/Y (BUFx2_ASAP7_75t_R)
   0.00  154.48 ^ _43932_/D (DFFLQNx2_ASAP7_75t_R)
         154.48   data arrival time

   0.00    0.00   clock clk' (fall edge)
   0.00    0.00   clock network delay (ideal)
   0.00    0.00   clock reconvergence pessimism
           0.00 v _43932_/CLK (DFFLQNx2_ASAP7_75t_R)
  15.21   15.21   library hold time
          15.21   data required time
---------------------------------------------------------
          15.21   data required time
        -154.48   data arrival time
---------------------------------------------------------
         139.27   slack (MET)


Startpoint: _43935_ (falling edge-triggered flip-flop clocked by clk')
Endpoint: _43935_ (falling edge-triggered flip-flop clocked by clk')
Path Group: clk
Path Type: min

  Delay    Time   Description
---------------------------------------------------------
   0.00    0.00   clock clk' (fall edge)
   0.00    0.00   clock network delay (ideal)
   0.00    0.00 v _43935_/CLK (DFFLQNx2_ASAP7_75t_R)
  93.07   93.07 v _43935_/QN (DFFLQNx2_ASAP7_75t_R)
  17.43  110.51 ^ _43740_/Y (NOR2x1_ASAP7_75t_R)
  21.09  131.59 ^ _43741_/Y (AO21x1_ASAP7_75t_R)
  22.89  154.48 ^ hold3877/Y (BUFx2_ASAP7_75t_R)
   0.00  154.48 ^ _43935_/D (DFFLQNx2_ASAP7_75t_R)
         154.48   data arrival time

   0.00    0.00   clock clk' (fall edge)
   0.00    0.00   clock network delay (ideal)
   0.00    0.00   clock reconvergence pessimism
           0.00 v _43935_/CLK (DFFLQNx2_ASAP7_75t_R)
  15.21   15.21   library hold time
          15.21   data required time
---------------------------------------------------------
          15.21   data required time
        -154.48   data arrival time
---------------------------------------------------------
         139.27   slack (MET)


Startpoint: _43943_ (falling edge-triggered flip-flop clocked by clk')
Endpoint: _43943_ (falling edge-triggered flip-flop clocked by clk')
Path Group: clk
Path Type: min

  Delay    Time   Description
---------------------------------------------------------
   0.00    0.00   clock clk' (fall edge)
   0.00    0.00   clock network delay (ideal)
   0.00    0.00 v _43943_/CLK (DFFLQNx2_ASAP7_75t_R)
  93.07   93.07 v _43943_/QN (DFFLQNx2_ASAP7_75t_R)
  17.43  110.51 ^ _43757_/Y (NOR2x1_ASAP7_75t_R)
  21.09  131.59 ^ _43758_/Y (AO21x1_ASAP7_75t_R)
  22.89  154.48 ^ hold3838/Y (BUFx2_ASAP7_75t_R)
   0.00  154.48 ^ _43943_/D (DFFLQNx2_ASAP7_75t_R)
         154.48   data arrival time

   0.00    0.00   clock clk' (fall edge)
   0.00    0.00   clock network delay (ideal)
   0.00    0.00   clock reconvergence pessimism
           0.00 v _43943_/CLK (DFFLQNx2_ASAP7_75t_R)
  15.21   15.21   library hold time
          15.21   data required time
---------------------------------------------------------
          15.21   data required time
        -154.48   data arrival time
---------------------------------------------------------
         139.27   slack (MET)


Startpoint: _43945_ (falling edge-triggered flip-flop clocked by clk')
Endpoint: _43945_ (falling edge-triggered flip-flop clocked by clk')
Path Group: clk
Path Type: min

  Delay    Time   Description
---------------------------------------------------------
   0.00    0.00   clock clk' (fall edge)
   0.00    0.00   clock network delay (ideal)
   0.00    0.00 v _43945_/CLK (DFFLQNx2_ASAP7_75t_R)
  93.07   93.07 v _43945_/QN (DFFLQNx2_ASAP7_75t_R)
  17.43  110.51 ^ _43761_/Y (NOR2x1_ASAP7_75t_R)
  21.09  131.59 ^ _43762_/Y (AO21x1_ASAP7_75t_R)
  22.89  154.48 ^ hold3920/Y (BUFx2_ASAP7_75t_R)
   0.00  154.48 ^ _43945_/D (DFFLQNx2_ASAP7_75t_R)
         154.48   data arrival time

   0.00    0.00   clock clk' (fall edge)
   0.00    0.00   clock network delay (ideal)
   0.00    0.00   clock reconvergence pessimism
           0.00 v _43945_/CLK (DFFLQNx2_ASAP7_75t_R)
  15.21   15.21   library hold time
          15.21   data required time
---------------------------------------------------------
          15.21   data required time
        -154.48   data arrival time
---------------------------------------------------------
         139.27   slack (MET)


Startpoint: _44273_ (falling edge-triggered flip-flop clocked by clk')
Endpoint: _44273_ (falling edge-triggered flip-flop clocked by clk')
Path Group: clk
Path Type: min

  Delay    Time   Description
---------------------------------------------------------
   0.00    0.00   clock clk' (fall edge)
   0.00    0.00   clock network delay (ideal)
   0.00    0.00 v _44273_/CLK (DFFLQNx2_ASAP7_75t_R)
  94.34   94.34 ^ _44273_/QN (DFFLQNx2_ASAP7_75t_R)
  36.42  130.75 ^ _25875_/Y (OA21x2_ASAP7_75t_R)
  13.44  144.20 v _25876_/Y (OAI21x1_ASAP7_75t_R)
  10.34  154.54 ^ _25877_/Y (OAI21x1_ASAP7_75t_R)
   0.00  154.54 ^ _44273_/D (DFFLQNx2_ASAP7_75t_R)
         154.54   data arrival time

   0.00    0.00   clock clk' (fall edge)
   0.00    0.00   clock network delay (ideal)
   0.00    0.00   clock reconvergence pessimism
           0.00 v _44273_/CLK (DFFLQNx2_ASAP7_75t_R)
  15.20   15.20   library hold time
          15.20   data required time
---------------------------------------------------------
          15.20   data required time
        -154.54   data arrival time
---------------------------------------------------------
         139.34   slack (MET)


Startpoint: _43889_ (falling edge-triggered flip-flop clocked by clk')
Endpoint: _43889_ (falling edge-triggered flip-flop clocked by clk')
Path Group: clk
Path Type: min

  Delay    Time   Description
---------------------------------------------------------
   0.00    0.00   clock clk' (fall edge)
   0.00    0.00   clock network delay (ideal)
   0.00    0.00 v _43889_/CLK (DFFLQNx2_ASAP7_75t_R)
  93.07   93.07 v _43889_/QN (DFFLQNx2_ASAP7_75t_R)
  17.43  110.51 ^ _43639_/Y (NOR2x1_ASAP7_75t_R)
  21.41  131.92 ^ _43640_/Y (AO21x1_ASAP7_75t_R)
  22.89  154.81 ^ hold3733/Y (BUFx2_ASAP7_75t_R)
   0.00  154.81 ^ _43889_/D (DFFLQNx2_ASAP7_75t_R)
         154.81   data arrival time

   0.00    0.00   clock clk' (fall edge)
   0.00    0.00   clock network delay (ideal)
   0.00    0.00   clock reconvergence pessimism
           0.00 v _43889_/CLK (DFFLQNx2_ASAP7_75t_R)
  15.21   15.21   library hold time
          15.21   data required time
---------------------------------------------------------
          15.21   data required time
        -154.81   data arrival time
---------------------------------------------------------
         139.60   slack (MET)


Startpoint: _43894_ (falling edge-triggered flip-flop clocked by clk')
Endpoint: _43894_ (falling edge-triggered flip-flop clocked by clk')
Path Group: clk
Path Type: min

  Delay    Time   Description
---------------------------------------------------------
   0.00    0.00   clock clk' (fall edge)
   0.00    0.00   clock network delay (ideal)
   0.00    0.00 v _43894_/CLK (DFFLQNx2_ASAP7_75t_R)
  93.07   93.07 v _43894_/QN (DFFLQNx2_ASAP7_75t_R)
  17.43  110.51 ^ _43650_/Y (NOR2x1_ASAP7_75t_R)
  21.41  131.92 ^ _43651_/Y (AO21x1_ASAP7_75t_R)
  22.89  154.81 ^ hold3757/Y (BUFx2_ASAP7_75t_R)
   0.00  154.81 ^ _43894_/D (DFFLQNx2_ASAP7_75t_R)
         154.81   data arrival time

   0.00    0.00   clock clk' (fall edge)
   0.00    0.00   clock network delay (ideal)
   0.00    0.00   clock reconvergence pessimism
           0.00 v _43894_/CLK (DFFLQNx2_ASAP7_75t_R)
  15.21   15.21   library hold time
          15.21   data required time
---------------------------------------------------------
          15.21   data required time
        -154.81   data arrival time
---------------------------------------------------------
         139.60   slack (MET)


Startpoint: _43899_ (falling edge-triggered flip-flop clocked by clk')
Endpoint: _43899_ (falling edge-triggered flip-flop clocked by clk')
Path Group: clk
Path Type: min

  Delay    Time   Description
---------------------------------------------------------
   0.00    0.00   clock clk' (fall edge)
   0.00    0.00   clock network delay (ideal)
   0.00    0.00 v _43899_/CLK (DFFLQNx2_ASAP7_75t_R)
  93.07   93.07 v _43899_/QN (DFFLQNx2_ASAP7_75t_R)
  17.43  110.51 ^ _43661_/Y (NOR2x1_ASAP7_75t_R)
  21.41  131.92 ^ _43662_/Y (AO21x1_ASAP7_75t_R)
  22.89  154.81 ^ hold3760/Y (BUFx2_ASAP7_75t_R)
   0.00  154.81 ^ _43899_/D (DFFLQNx2_ASAP7_75t_R)
         154.81   data arrival time

   0.00    0.00   clock clk' (fall edge)
   0.00    0.00   clock network delay (ideal)
   0.00    0.00   clock reconvergence pessimism
           0.00 v _43899_/CLK (DFFLQNx2_ASAP7_75t_R)
  15.21   15.21   library hold time
          15.21   data required time
---------------------------------------------------------
          15.21   data required time
        -154.81   data arrival time
---------------------------------------------------------
         139.60   slack (MET)


Startpoint: _43902_ (falling edge-triggered flip-flop clocked by clk')
Endpoint: _43902_ (falling edge-triggered flip-flop clocked by clk')
Path Group: clk
Path Type: min

  Delay    Time   Description
---------------------------------------------------------
   0.00    0.00   clock clk' (fall edge)
   0.00    0.00   clock network delay (ideal)
   0.00    0.00 v _43902_/CLK (DFFLQNx2_ASAP7_75t_R)
  93.07   93.07 v _43902_/QN (DFFLQNx2_ASAP7_75t_R)
  17.43  110.51 ^ _43668_/Y (NOR2x1_ASAP7_75t_R)
  21.41  131.92 ^ _43669_/Y (AO21x1_ASAP7_75t_R)
  22.89  154.81 ^ hold3805/Y (BUFx2_ASAP7_75t_R)
   0.00  154.81 ^ _43902_/D (DFFLQNx2_ASAP7_75t_R)
         154.81   data arrival time

   0.00    0.00   clock clk' (fall edge)
   0.00    0.00   clock network delay (ideal)
   0.00    0.00   clock reconvergence pessimism
           0.00 v _43902_/CLK (DFFLQNx2_ASAP7_75t_R)
  15.21   15.21   library hold time
          15.21   data required time
---------------------------------------------------------
          15.21   data required time
        -154.81   data arrival time
---------------------------------------------------------
         139.60   slack (MET)


Startpoint: _43904_ (falling edge-triggered flip-flop clocked by clk')
Endpoint: _43904_ (falling edge-triggered flip-flop clocked by clk')
Path Group: clk
Path Type: min

  Delay    Time   Description
---------------------------------------------------------
   0.00    0.00   clock clk' (fall edge)
   0.00    0.00   clock network delay (ideal)
   0.00    0.00 v _43904_/CLK (DFFLQNx2_ASAP7_75t_R)
  93.07   93.07 v _43904_/QN (DFFLQNx2_ASAP7_75t_R)
  17.43  110.51 ^ _43672_/Y (NOR2x1_ASAP7_75t_R)
  21.41  131.92 ^ _43673_/Y (AO21x1_ASAP7_75t_R)
  22.89  154.81 ^ hold3754/Y (BUFx2_ASAP7_75t_R)
   0.00  154.81 ^ _43904_/D (DFFLQNx2_ASAP7_75t_R)
         154.81   data arrival time

   0.00    0.00   clock clk' (fall edge)
   0.00    0.00   clock network delay (ideal)
   0.00    0.00   clock reconvergence pessimism
           0.00 v _43904_/CLK (DFFLQNx2_ASAP7_75t_R)
  15.21   15.21   library hold time
          15.21   data required time
---------------------------------------------------------
          15.21   data required time
        -154.81   data arrival time
---------------------------------------------------------
         139.60   slack (MET)


Startpoint: _43906_ (falling edge-triggered flip-flop clocked by clk')
Endpoint: _43906_ (falling edge-triggered flip-flop clocked by clk')
Path Group: clk
Path Type: min

  Delay    Time   Description
---------------------------------------------------------
   0.00    0.00   clock clk' (fall edge)
   0.00    0.00   clock network delay (ideal)
   0.00    0.00 v _43906_/CLK (DFFLQNx2_ASAP7_75t_R)
  93.07   93.07 v _43906_/QN (DFFLQNx2_ASAP7_75t_R)
  17.43  110.51 ^ _43676_/Y (NOR2x1_ASAP7_75t_R)
  21.41  131.92 ^ _43677_/Y (AO21x1_ASAP7_75t_R)
  22.89  154.81 ^ hold3727/Y (BUFx2_ASAP7_75t_R)
   0.00  154.81 ^ _43906_/D (DFFLQNx2_ASAP7_75t_R)
         154.81   data arrival time

   0.00    0.00   clock clk' (fall edge)
   0.00    0.00   clock network delay (ideal)
   0.00    0.00   clock reconvergence pessimism
           0.00 v _43906_/CLK (DFFLQNx2_ASAP7_75t_R)
  15.21   15.21   library hold time
          15.21   data required time
---------------------------------------------------------
          15.21   data required time
        -154.81   data arrival time
---------------------------------------------------------
         139.60   slack (MET)


Startpoint: _43908_ (falling edge-triggered flip-flop clocked by clk')
Endpoint: _43908_ (falling edge-triggered flip-flop clocked by clk')
Path Group: clk
Path Type: min

  Delay    Time   Description
---------------------------------------------------------
   0.00    0.00   clock clk' (fall edge)
   0.00    0.00   clock network delay (ideal)
   0.00    0.00 v _43908_/CLK (DFFLQNx2_ASAP7_75t_R)
  93.07   93.07 v _43908_/QN (DFFLQNx2_ASAP7_75t_R)
  17.43  110.51 ^ _43681_/Y (NOR2x1_ASAP7_75t_R)
  21.41  131.92 ^ _43682_/Y (AO21x1_ASAP7_75t_R)
  22.89  154.81 ^ hold3769/Y (BUFx2_ASAP7_75t_R)
   0.00  154.81 ^ _43908_/D (DFFLQNx2_ASAP7_75t_R)
         154.81   data arrival time

   0.00    0.00   clock clk' (fall edge)
   0.00    0.00   clock network delay (ideal)
   0.00    0.00   clock reconvergence pessimism
           0.00 v _43908_/CLK (DFFLQNx2_ASAP7_75t_R)
  15.21   15.21   library hold time
          15.21   data required time
---------------------------------------------------------
          15.21   data required time
        -154.81   data arrival time
---------------------------------------------------------
         139.60   slack (MET)


Startpoint: _43910_ (falling edge-triggered flip-flop clocked by clk')
Endpoint: _43910_ (falling edge-triggered flip-flop clocked by clk')
Path Group: clk
Path Type: min

  Delay    Time   Description
---------------------------------------------------------
   0.00    0.00   clock clk' (fall edge)
   0.00    0.00   clock network delay (ideal)
   0.00    0.00 v _43910_/CLK (DFFLQNx2_ASAP7_75t_R)
  93.07   93.07 v _43910_/QN (DFFLQNx2_ASAP7_75t_R)
  17.43  110.51 ^ _43685_/Y (NOR2x1_ASAP7_75t_R)
  21.41  131.92 ^ _43686_/Y (AO21x1_ASAP7_75t_R)
  22.89  154.81 ^ hold3763/Y (BUFx2_ASAP7_75t_R)
   0.00  154.81 ^ _43910_/D (DFFLQNx2_ASAP7_75t_R)
         154.81   data arrival time

   0.00    0.00   clock clk' (fall edge)
   0.00    0.00   clock network delay (ideal)
   0.00    0.00   clock reconvergence pessimism
           0.00 v _43910_/CLK (DFFLQNx2_ASAP7_75t_R)
  15.21   15.21   library hold time
          15.21   data required time
---------------------------------------------------------
          15.21   data required time
        -154.81   data arrival time
---------------------------------------------------------
         139.60   slack (MET)


Startpoint: _43912_ (falling edge-triggered flip-flop clocked by clk')
Endpoint: _43912_ (falling edge-triggered flip-flop clocked by clk')
Path Group: clk
Path Type: min

  Delay    Time   Description
---------------------------------------------------------
   0.00    0.00   clock clk' (fall edge)
   0.00    0.00   clock network delay (ideal)
   0.00    0.00 v _43912_/CLK (DFFLQNx2_ASAP7_75t_R)
  93.07   93.07 v _43912_/QN (DFFLQNx2_ASAP7_75t_R)
  17.43  110.51 ^ _43690_/Y (NOR2x1_ASAP7_75t_R)
  21.41  131.92 ^ _43691_/Y (AO21x1_ASAP7_75t_R)
  22.89  154.81 ^ hold3829/Y (BUFx2_ASAP7_75t_R)
   0.00  154.81 ^ _43912_/D (DFFLQNx2_ASAP7_75t_R)
         154.81   data arrival time

   0.00    0.00   clock clk' (fall edge)
   0.00    0.00   clock network delay (ideal)
   0.00    0.00   clock reconvergence pessimism
           0.00 v _43912_/CLK (DFFLQNx2_ASAP7_75t_R)
  15.21   15.21   library hold time
          15.21   data required time
---------------------------------------------------------
          15.21   data required time
        -154.81   data arrival time
---------------------------------------------------------
         139.60   slack (MET)


Startpoint: _44313_ (falling edge-triggered flip-flop clocked by clk')
Endpoint: _43954_ (falling edge-triggered flip-flop clocked by clk')
Path Group: clk
Path Type: min

  Delay    Time   Description
---------------------------------------------------------
   0.00    0.00   clock clk' (fall edge)
   0.00    0.00   clock network delay (ideal)
   0.00    0.00 v _44313_/CLK (DFFLQNx3_ASAP7_75t_R)
  91.96   91.96 ^ _44313_/QN (DFFLQNx3_ASAP7_75t_R)
  33.36  125.32 ^ rebuffer3532/Y (BUFx12f_ASAP7_75t_R)
  27.69  153.02 ^ _43349_/Y (XOR2x1_ASAP7_75t_R)
   0.00  153.02 ^ _43954_/D (DFFLQNx2_ASAP7_75t_R)
         153.02   data arrival time

   0.00    0.00   clock clk' (fall edge)
   0.00    0.00   clock network delay (ideal)
   0.00    0.00   clock reconvergence pessimism
           0.00 v _43954_/CLK (DFFLQNx2_ASAP7_75t_R)
  13.41   13.41   library hold time
          13.41   data required time
---------------------------------------------------------
          13.41   data required time
        -153.02   data arrival time
---------------------------------------------------------
         139.61   slack (MET)


Startpoint: _43898_ (falling edge-triggered flip-flop clocked by clk')
Endpoint: _43898_ (falling edge-triggered flip-flop clocked by clk')
Path Group: clk
Path Type: min

  Delay    Time   Description
---------------------------------------------------------
   0.00    0.00   clock clk' (fall edge)
   0.00    0.00   clock network delay (ideal)
   0.00    0.00 v _43898_/CLK (DFFLQNx2_ASAP7_75t_R)
  94.57   94.57 v _43898_/QN (DFFLQNx2_ASAP7_75t_R)
  17.69  112.27 ^ _43659_/Y (NOR2x1_ASAP7_75t_R)
  19.94  132.21 ^ _43660_/Y (AO21x1_ASAP7_75t_R)
  22.87  155.07 ^ hold3736/Y (BUFx2_ASAP7_75t_R)
   0.00  155.07 ^ _43898_/D (DFFLQNx2_ASAP7_75t_R)
         155.07   data arrival time

   0.00    0.00   clock clk' (fall edge)
   0.00    0.00   clock network delay (ideal)
   0.00    0.00   clock reconvergence pessimism
           0.00 v _43898_/CLK (DFFLQNx2_ASAP7_75t_R)
  15.21   15.21   library hold time
          15.21   data required time
---------------------------------------------------------
          15.21   data required time
        -155.07   data arrival time
---------------------------------------------------------
         139.87   slack (MET)


Startpoint: _44295_ (falling edge-triggered flip-flop clocked by clk')
Endpoint: _44295_ (falling edge-triggered flip-flop clocked by clk')
Path Group: clk
Path Type: min

  Delay    Time   Description
---------------------------------------------------------
   0.00    0.00   clock clk' (fall edge)
   0.00    0.00   clock network delay (ideal)
   0.00    0.00 v _44295_/CLK (DFFLQNx2_ASAP7_75t_R)
  81.24   81.24 ^ _44295_/QN (DFFLQNx2_ASAP7_75t_R)
  18.92  100.16 v _24060_/Y (INVx4_ASAP7_75t_R)
  20.73  120.89 ^ _25658_/Y (XOR2x1_ASAP7_75t_R)
  17.74  138.63 v _25659_/Y (XOR2x1_ASAP7_75t_R)
  15.89  154.52 ^ _25661_/Y (AOI21x1_ASAP7_75t_R)
   0.00  154.52 ^ _44295_/D (DFFLQNx2_ASAP7_75t_R)
         154.52   data arrival time

   0.00    0.00   clock clk' (fall edge)
   0.00    0.00   clock network delay (ideal)
   0.00    0.00   clock reconvergence pessimism
           0.00 v _44295_/CLK (DFFLQNx2_ASAP7_75t_R)
  14.64   14.64   library hold time
          14.64   data required time
---------------------------------------------------------
          14.64   data required time
        -154.52   data arrival time
---------------------------------------------------------
         139.87   slack (MET)


Startpoint: _43813_ (falling edge-triggered flip-flop clocked by clk')
Endpoint: _44335_ (falling edge-triggered flip-flop clocked by clk')
Path Group: clk
Path Type: min

  Delay    Time   Description
---------------------------------------------------------
   0.00    0.00   clock clk' (fall edge)
   0.00    0.00   clock network delay (ideal)
   0.00    0.00 v _43813_/CLK (DFFLQNx2_ASAP7_75t_R)
  88.66   88.66 ^ _43813_/QN (DFFLQNx2_ASAP7_75t_R)
  20.84  109.50 v _24668_/Y (XNOR2x1_ASAP7_75t_R)
  31.02  140.52 v _24933_/Y (XNOR2x1_ASAP7_75t_R)
  15.99  156.51 ^ _24935_/Y (OAI21x1_ASAP7_75t_R)
   0.00  156.51 ^ _44335_/D (DFFLQNx3_ASAP7_75t_R)
         156.51   data arrival time

   0.00    0.00   clock clk' (fall edge)
   0.00    0.00   clock network delay (ideal)
   0.00    0.00   clock reconvergence pessimism
           0.00 v _44335_/CLK (DFFLQNx3_ASAP7_75t_R)
  16.54   16.54   library hold time
          16.54   data required time
---------------------------------------------------------
          16.54   data required time
        -156.51   data arrival time
---------------------------------------------------------
         139.97   slack (MET)


Startpoint: _44318_ (falling edge-triggered flip-flop clocked by clk')
Endpoint: _43959_ (falling edge-triggered flip-flop clocked by clk')
Path Group: clk
Path Type: min

  Delay    Time   Description
---------------------------------------------------------
   0.00    0.00   clock clk' (fall edge)
   0.00    0.00   clock network delay (ideal)
   0.00    0.00 v _44318_/CLK (DFFLQNx2_ASAP7_75t_R)
 111.12  111.12 ^ _44318_/QN (DFFLQNx2_ASAP7_75t_R)
  45.93  157.04 ^ _43354_/Y (XOR2x2_ASAP7_75t_R)
   0.00  157.04 ^ _43959_/D (DFFLQNx3_ASAP7_75t_R)
         157.04   data arrival time

   0.00    0.00   clock clk' (fall edge)
   0.00    0.00   clock network delay (ideal)
   0.00    0.00   clock reconvergence pessimism
           0.00 v _43959_/CLK (DFFLQNx3_ASAP7_75t_R)
  17.07   17.07   library hold time
          17.07   data required time
---------------------------------------------------------
          17.07   data required time
        -157.04   data arrival time
---------------------------------------------------------
         139.97   slack (MET)


Startpoint: _43842_ (falling edge-triggered flip-flop clocked by clk')
Endpoint: _43842_ (falling edge-triggered flip-flop clocked by clk')
Path Group: clk
Path Type: min

  Delay    Time   Description
---------------------------------------------------------
   0.00    0.00   clock clk' (fall edge)
   0.00    0.00   clock network delay (ideal)
   0.00    0.00 v _43842_/CLK (DFFLQNx2_ASAP7_75t_R)
  93.77   93.77 v _43842_/QN (DFFLQNx2_ASAP7_75t_R)
  17.55  111.32 ^ _43536_/Y (NOR2x1_ASAP7_75t_R)
  21.00  132.32 ^ _43537_/Y (AO21x1_ASAP7_75t_R)
  22.88  155.20 ^ hold3669/Y (BUFx2_ASAP7_75t_R)
   0.00  155.20 ^ _43842_/D (DFFLQNx2_ASAP7_75t_R)
         155.20   data arrival time

   0.00    0.00   clock clk' (fall edge)
   0.00    0.00   clock network delay (ideal)
   0.00    0.00   clock reconvergence pessimism
           0.00 v _43842_/CLK (DFFLQNx2_ASAP7_75t_R)
  15.21   15.21   library hold time
          15.21   data required time
---------------------------------------------------------
          15.21   data required time
        -155.20   data arrival time
---------------------------------------------------------
         140.00   slack (MET)


Startpoint: _43844_ (falling edge-triggered flip-flop clocked by clk')
Endpoint: _43844_ (falling edge-triggered flip-flop clocked by clk')
Path Group: clk
Path Type: min

  Delay    Time   Description
---------------------------------------------------------
   0.00    0.00   clock clk' (fall edge)
   0.00    0.00   clock network delay (ideal)
   0.00    0.00 v _43844_/CLK (DFFLQNx2_ASAP7_75t_R)
  93.77   93.77 v _43844_/QN (DFFLQNx2_ASAP7_75t_R)
  17.55  111.32 ^ _43540_/Y (NOR2x1_ASAP7_75t_R)
  21.00  132.32 ^ _43541_/Y (AO21x1_ASAP7_75t_R)
  22.88  155.20 ^ hold3724/Y (BUFx2_ASAP7_75t_R)
   0.00  155.20 ^ _43844_/D (DFFLQNx2_ASAP7_75t_R)
         155.20   data arrival time

   0.00    0.00   clock clk' (fall edge)
   0.00    0.00   clock network delay (ideal)
   0.00    0.00   clock reconvergence pessimism
           0.00 v _43844_/CLK (DFFLQNx2_ASAP7_75t_R)
  15.21   15.21   library hold time
          15.21   data required time
---------------------------------------------------------
          15.21   data required time
        -155.20   data arrival time
---------------------------------------------------------
         140.00   slack (MET)


Startpoint: _43851_ (falling edge-triggered flip-flop clocked by clk')
Endpoint: _43851_ (falling edge-triggered flip-flop clocked by clk')
Path Group: clk
Path Type: min

  Delay    Time   Description
---------------------------------------------------------
   0.00    0.00   clock clk' (fall edge)
   0.00    0.00   clock network delay (ideal)
   0.00    0.00 v _43851_/CLK (DFFLQNx2_ASAP7_75t_R)
  93.77   93.77 v _43851_/QN (DFFLQNx2_ASAP7_75t_R)
  17.55  111.32 ^ _43556_/Y (NOR2x1_ASAP7_75t_R)
  21.00  132.32 ^ _43557_/Y (AO21x1_ASAP7_75t_R)
  22.88  155.20 ^ hold3814/Y (BUFx2_ASAP7_75t_R)
   0.00  155.20 ^ _43851_/D (DFFLQNx2_ASAP7_75t_R)
         155.20   data arrival time

   0.00    0.00   clock clk' (fall edge)
   0.00    0.00   clock network delay (ideal)
   0.00    0.00   clock reconvergence pessimism
           0.00 v _43851_/CLK (DFFLQNx2_ASAP7_75t_R)
  15.21   15.21   library hold time
          15.21   data required time
---------------------------------------------------------
          15.21   data required time
        -155.20   data arrival time
---------------------------------------------------------
         140.00   slack (MET)


Startpoint: _43837_ (falling edge-triggered flip-flop clocked by clk')
Endpoint: _43837_ (falling edge-triggered flip-flop clocked by clk')
Path Group: clk
Path Type: min

  Delay    Time   Description
---------------------------------------------------------
   0.00    0.00   clock clk' (fall edge)
   0.00    0.00   clock network delay (ideal)
   0.00    0.00 v _43837_/CLK (DFFLQNx2_ASAP7_75t_R)
  94.57   94.57 v _43837_/QN (DFFLQNx2_ASAP7_75t_R)
  17.69  112.27 ^ _43524_/Y (NOR2x1_ASAP7_75t_R)
  20.09  132.36 ^ _43525_/Y (AO21x1_ASAP7_75t_R)
  22.87  155.23 ^ hold3681/Y (BUFx2_ASAP7_75t_R)
   0.00  155.23 ^ _43837_/D (DFFLQNx2_ASAP7_75t_R)
         155.23   data arrival time

   0.00    0.00   clock clk' (fall edge)
   0.00    0.00   clock network delay (ideal)
   0.00    0.00   clock reconvergence pessimism
           0.00 v _43837_/CLK (DFFLQNx2_ASAP7_75t_R)
  15.21   15.21   library hold time
          15.21   data required time
---------------------------------------------------------
          15.21   data required time
        -155.23   data arrival time
---------------------------------------------------------
         140.03   slack (MET)


Startpoint: _43921_ (falling edge-triggered flip-flop clocked by clk')
Endpoint: _43921_ (falling edge-triggered flip-flop clocked by clk')
Path Group: clk
Path Type: min

  Delay    Time   Description
---------------------------------------------------------
   0.00    0.00   clock clk' (fall edge)
   0.00    0.00   clock network delay (ideal)
   0.00    0.00 v _43921_/CLK (DFFLQNx2_ASAP7_75t_R)
  93.77   93.77 v _43921_/QN (DFFLQNx2_ASAP7_75t_R)
  17.55  111.32 ^ _43710_/Y (NOR2x1_ASAP7_75t_R)
  21.09  132.41 ^ _43711_/Y (AO21x1_ASAP7_75t_R)
  22.89  155.29 ^ hold3865/Y (BUFx2_ASAP7_75t_R)
   0.00  155.29 ^ _43921_/D (DFFLQNx2_ASAP7_75t_R)
         155.29   data arrival time

   0.00    0.00   clock clk' (fall edge)
   0.00    0.00   clock network delay (ideal)
   0.00    0.00   clock reconvergence pessimism
           0.00 v _43921_/CLK (DFFLQNx2_ASAP7_75t_R)
  15.21   15.21   library hold time
          15.21   data required time
---------------------------------------------------------
          15.21   data required time
        -155.29   data arrival time
---------------------------------------------------------
         140.09   slack (MET)


Startpoint: _43922_ (falling edge-triggered flip-flop clocked by clk')
Endpoint: _43922_ (falling edge-triggered flip-flop clocked by clk')
Path Group: clk
Path Type: min

  Delay    Time   Description
---------------------------------------------------------
   0.00    0.00   clock clk' (fall edge)
   0.00    0.00   clock network delay (ideal)
   0.00    0.00 v _43922_/CLK (DFFLQNx2_ASAP7_75t_R)
  93.77   93.77 v _43922_/QN (DFFLQNx2_ASAP7_75t_R)
  17.55  111.32 ^ _43712_/Y (NOR2x1_ASAP7_75t_R)
  21.09  132.41 ^ _43713_/Y (AO21x1_ASAP7_75t_R)
  22.89  155.29 ^ hold3859/Y (BUFx2_ASAP7_75t_R)
   0.00  155.29 ^ _43922_/D (DFFLQNx2_ASAP7_75t_R)
         155.29   data arrival time

   0.00    0.00   clock clk' (fall edge)
   0.00    0.00   clock network delay (ideal)
   0.00    0.00   clock reconvergence pessimism
           0.00 v _43922_/CLK (DFFLQNx2_ASAP7_75t_R)
  15.21   15.21   library hold time
          15.21   data required time
---------------------------------------------------------
          15.21   data required time
        -155.29   data arrival time
---------------------------------------------------------
         140.09   slack (MET)


Startpoint: _43933_ (falling edge-triggered flip-flop clocked by clk')
Endpoint: _43933_ (falling edge-triggered flip-flop clocked by clk')
Path Group: clk
Path Type: min

  Delay    Time   Description
---------------------------------------------------------
   0.00    0.00   clock clk' (fall edge)
   0.00    0.00   clock network delay (ideal)
   0.00    0.00 v _43933_/CLK (DFFLQNx2_ASAP7_75t_R)
  93.77   93.77 v _43933_/QN (DFFLQNx2_ASAP7_75t_R)
  17.55  111.32 ^ _43736_/Y (NOR2x1_ASAP7_75t_R)
  21.09  132.41 ^ _43737_/Y (AO21x1_ASAP7_75t_R)
  22.89  155.29 ^ hold3895/Y (BUFx2_ASAP7_75t_R)
   0.00  155.29 ^ _43933_/D (DFFLQNx2_ASAP7_75t_R)
         155.29   data arrival time

   0.00    0.00   clock clk' (fall edge)
   0.00    0.00   clock network delay (ideal)
   0.00    0.00   clock reconvergence pessimism
           0.00 v _43933_/CLK (DFFLQNx2_ASAP7_75t_R)
  15.21   15.21   library hold time
          15.21   data required time
---------------------------------------------------------
          15.21   data required time
        -155.29   data arrival time
---------------------------------------------------------
         140.09   slack (MET)


Startpoint: _43934_ (falling edge-triggered flip-flop clocked by clk')
Endpoint: _43934_ (falling edge-triggered flip-flop clocked by clk')
Path Group: clk
Path Type: min

  Delay    Time   Description
---------------------------------------------------------
   0.00    0.00   clock clk' (fall edge)
   0.00    0.00   clock network delay (ideal)
   0.00    0.00 v _43934_/CLK (DFFLQNx2_ASAP7_75t_R)
  93.77   93.77 v _43934_/QN (DFFLQNx2_ASAP7_75t_R)
  17.55  111.32 ^ _43738_/Y (NOR2x1_ASAP7_75t_R)
  21.09  132.41 ^ _43739_/Y (AO21x1_ASAP7_75t_R)
  22.89  155.29 ^ hold3931/Y (BUFx2_ASAP7_75t_R)
   0.00  155.29 ^ _43934_/D (DFFLQNx2_ASAP7_75t_R)
         155.29   data arrival time

   0.00    0.00   clock clk' (fall edge)
   0.00    0.00   clock network delay (ideal)
   0.00    0.00   clock reconvergence pessimism
           0.00 v _43934_/CLK (DFFLQNx2_ASAP7_75t_R)
  15.21   15.21   library hold time
          15.21   data required time
---------------------------------------------------------
          15.21   data required time
        -155.29   data arrival time
---------------------------------------------------------
         140.09   slack (MET)


Startpoint: _43872_ (falling edge-triggered flip-flop clocked by clk')
Endpoint: _43872_ (falling edge-triggered flip-flop clocked by clk')
Path Group: clk
Path Type: min

  Delay    Time   Description
---------------------------------------------------------
   0.00    0.00   clock clk' (fall edge)
   0.00    0.00   clock network delay (ideal)
   0.00    0.00 v _43872_/CLK (DFFLQNx2_ASAP7_75t_R)
  93.77   93.77 v _43872_/QN (DFFLQNx2_ASAP7_75t_R)
  17.55  111.32 ^ _43602_/Y (NOR2x1_ASAP7_75t_R)
  21.41  132.74 ^ _43603_/Y (AO21x1_ASAP7_75t_R)
  22.89  155.63 ^ hold3579/Y (BUFx2_ASAP7_75t_R)
   0.00  155.63 ^ _43872_/D (DFFLQNx2_ASAP7_75t_R)
         155.63   data arrival time

   0.00    0.00   clock clk' (fall edge)
   0.00    0.00   clock network delay (ideal)
   0.00    0.00   clock reconvergence pessimism
           0.00 v _43872_/CLK (DFFLQNx2_ASAP7_75t_R)
  15.21   15.21   library hold time
          15.21   data required time
---------------------------------------------------------
          15.21   data required time
        -155.63   data arrival time
---------------------------------------------------------
         140.42   slack (MET)


Startpoint: _43893_ (falling edge-triggered flip-flop clocked by clk')
Endpoint: _43893_ (falling edge-triggered flip-flop clocked by clk')
Path Group: clk
Path Type: min

  Delay    Time   Description
---------------------------------------------------------
   0.00    0.00   clock clk' (fall edge)
   0.00    0.00   clock network delay (ideal)
   0.00    0.00 v _43893_/CLK (DFFLQNx2_ASAP7_75t_R)
  93.81   93.81 v _43893_/QN (DFFLQNx2_ASAP7_75t_R)
  17.56  111.37 ^ _43648_/Y (NOR2x1_ASAP7_75t_R)
  21.41  132.78 ^ _43649_/Y (AO21x1_ASAP7_75t_R)
  22.89  155.67 ^ hold3772/Y (BUFx2_ASAP7_75t_R)
   0.00  155.67 ^ _43893_/D (DFFLQNx2_ASAP7_75t_R)
         155.67   data arrival time

   0.00    0.00   clock clk' (fall edge)
   0.00    0.00   clock network delay (ideal)
   0.00    0.00   clock reconvergence pessimism
           0.00 v _43893_/CLK (DFFLQNx2_ASAP7_75t_R)
  15.21   15.21   library hold time
          15.21   data required time
---------------------------------------------------------
          15.21   data required time
        -155.67   data arrival time
---------------------------------------------------------
         140.46   slack (MET)


Startpoint: _44226_ (falling edge-triggered flip-flop clocked by clk')
Endpoint: _44226_ (falling edge-triggered flip-flop clocked by clk')
Path Group: clk
Path Type: min

  Delay    Time   Description
---------------------------------------------------------
   0.00    0.00   clock clk' (fall edge)
   0.00    0.00   clock network delay (ideal)
   0.00    0.00 v _44226_/CLK (DFFLQNx2_ASAP7_75t_R)
 109.07  109.07 v _44226_/QN (DFFLQNx2_ASAP7_75t_R)
  20.74  129.81 ^ _25952_/Y (XOR2x1_ASAP7_75t_R)
  25.67  155.48 ^ _25954_/Y (AO21x1_ASAP7_75t_R)
   0.00  155.48 ^ _44226_/D (DFFLQNx2_ASAP7_75t_R)
         155.48   data arrival time

   0.00    0.00   clock clk' (fall edge)
   0.00    0.00   clock network delay (ideal)
   0.00    0.00   clock reconvergence pessimism
           0.00 v _44226_/CLK (DFFLQNx2_ASAP7_75t_R)
  14.82   14.82   library hold time
          14.82   data required time
---------------------------------------------------------
          14.82   data required time
        -155.48   data arrival time
---------------------------------------------------------
         140.66   slack (MET)


Startpoint: _44234_ (falling edge-triggered flip-flop clocked by clk')
Endpoint: _44234_ (falling edge-triggered flip-flop clocked by clk')
Path Group: clk
Path Type: min

  Delay    Time   Description
---------------------------------------------------------
   0.00    0.00   clock clk' (fall edge)
   0.00    0.00   clock network delay (ideal)
   0.00    0.00 v _44234_/CLK (DFFLQNx2_ASAP7_75t_R)
 109.07  109.07 v _44234_/QN (DFFLQNx2_ASAP7_75t_R)
  20.74  129.81 ^ _25980_/Y (XOR2x1_ASAP7_75t_R)
  25.67  155.48 ^ _25982_/Y (AO21x1_ASAP7_75t_R)
   0.00  155.48 ^ _44234_/D (DFFLQNx2_ASAP7_75t_R)
         155.48   data arrival time

   0.00    0.00   clock clk' (fall edge)
   0.00    0.00   clock network delay (ideal)
   0.00    0.00   clock reconvergence pessimism
           0.00 v _44234_/CLK (DFFLQNx2_ASAP7_75t_R)
  14.82   14.82   library hold time
          14.82   data required time
---------------------------------------------------------
          14.82   data required time
        -155.48   data arrival time
---------------------------------------------------------
         140.66   slack (MET)


Startpoint: _44229_ (falling edge-triggered flip-flop clocked by clk')
Endpoint: _44229_ (falling edge-triggered flip-flop clocked by clk')
Path Group: clk
Path Type: min

  Delay    Time   Description
---------------------------------------------------------
   0.00    0.00   clock clk' (fall edge)
   0.00    0.00   clock network delay (ideal)
   0.00    0.00 v _44229_/CLK (DFFLQNx2_ASAP7_75t_R)
  96.37   96.37 ^ _44229_/QN (DFFLQNx2_ASAP7_75t_R)
  17.80  114.17 v _25962_/Y (INVx5_ASAP7_75t_R)
  15.83  129.99 ^ _25963_/Y (XOR2x1_ASAP7_75t_R)
  25.64  155.63 ^ _25965_/Y (AO21x1_ASAP7_75t_R)
   0.00  155.63 ^ _44229_/D (DFFLQNx2_ASAP7_75t_R)
         155.63   data arrival time

   0.00    0.00   clock clk' (fall edge)
   0.00    0.00   clock network delay (ideal)
   0.00    0.00   clock reconvergence pessimism
           0.00 v _44229_/CLK (DFFLQNx2_ASAP7_75t_R)
  14.82   14.82   library hold time
          14.82   data required time
---------------------------------------------------------
          14.82   data required time
        -155.63   data arrival time
---------------------------------------------------------
         140.81   slack (MET)


Startpoint: _44287_ (falling edge-triggered flip-flop clocked by clk')
Endpoint: _43992_ (falling edge-triggered flip-flop clocked by clk')
Path Group: clk
Path Type: min

  Delay    Time   Description
---------------------------------------------------------
   0.00    0.00   clock clk' (fall edge)
   0.00    0.00   clock network delay (ideal)
   0.00    0.00 v _44287_/CLK (DFFLQNx2_ASAP7_75t_R)
  87.97   87.97 ^ _44287_/QN (DFFLQNx2_ASAP7_75t_R)
  17.81  105.78 v _22992_/Y (INVx5_ASAP7_75t_R)
  48.50  154.28 ^ _43307_/Y (XOR2x2_ASAP7_75t_R)
   0.00  154.28 ^ _43992_/D (DFFLQNx1_ASAP7_75t_R)
         154.28   data arrival time

   0.00    0.00   clock clk' (fall edge)
   0.00    0.00   clock network delay (ideal)
   0.00    0.00   clock reconvergence pessimism
           0.00 v _43992_/CLK (DFFLQNx1_ASAP7_75t_R)
  13.44   13.44   library hold time
          13.44   data required time
---------------------------------------------------------
          13.44   data required time
        -154.28   data arrival time
---------------------------------------------------------
         140.83   slack (MET)


Startpoint: _44324_ (falling edge-triggered flip-flop clocked by clk')
Endpoint: _43989_ (falling edge-triggered flip-flop clocked by clk')
Path Group: clk
Path Type: min

  Delay    Time   Description
---------------------------------------------------------
   0.00    0.00   clock clk' (fall edge)
   0.00    0.00   clock network delay (ideal)
   0.00    0.00 v _44324_/CLK (DFFLQNx2_ASAP7_75t_R)
 130.42  130.42 v _44324_/QN (DFFLQNx2_ASAP7_75t_R)
  23.63  154.05 ^ _43320_/Y (XOR2x1_ASAP7_75t_R)
   0.00  154.05 ^ _43989_/D (DFFLQNx2_ASAP7_75t_R)
         154.05   data arrival time

   0.00    0.00   clock clk' (fall edge)
   0.00    0.00   clock network delay (ideal)
   0.00    0.00   clock reconvergence pessimism
           0.00 v _43989_/CLK (DFFLQNx2_ASAP7_75t_R)
  13.18   13.18   library hold time
          13.18   data required time
---------------------------------------------------------
          13.18   data required time
        -154.05   data arrival time
---------------------------------------------------------
         140.87   slack (MET)


Startpoint: _43835_ (falling edge-triggered flip-flop clocked by clk')
Endpoint: _43835_ (falling edge-triggered flip-flop clocked by clk')
Path Group: clk
Path Type: min

  Delay    Time   Description
---------------------------------------------------------
   0.00    0.00   clock clk' (fall edge)
   0.00    0.00   clock network delay (ideal)
   0.00    0.00 v _43835_/CLK (DFFLQNx2_ASAP7_75t_R)
  94.57   94.57 v _43835_/QN (DFFLQNx2_ASAP7_75t_R)
  17.69  112.27 ^ _43520_/Y (NOR2x1_ASAP7_75t_R)
  21.00  133.27 ^ _43521_/Y (AO21x1_ASAP7_75t_R)
  22.88  156.15 ^ hold3666/Y (BUFx2_ASAP7_75t_R)
   0.00  156.15 ^ _43835_/D (DFFLQNx2_ASAP7_75t_R)
         156.15   data arrival time

   0.00    0.00   clock clk' (fall edge)
   0.00    0.00   clock network delay (ideal)
   0.00    0.00   clock reconvergence pessimism
           0.00 v _43835_/CLK (DFFLQNx2_ASAP7_75t_R)
  15.21   15.21   library hold time
          15.21   data required time
---------------------------------------------------------
          15.21   data required time
        -156.15   data arrival time
---------------------------------------------------------
         140.95   slack (MET)


Startpoint: _43838_ (falling edge-triggered flip-flop clocked by clk')
Endpoint: _43838_ (falling edge-triggered flip-flop clocked by clk')
Path Group: clk
Path Type: min

  Delay    Time   Description
---------------------------------------------------------
   0.00    0.00   clock clk' (fall edge)
   0.00    0.00   clock network delay (ideal)
   0.00    0.00 v _43838_/CLK (DFFLQNx2_ASAP7_75t_R)
  94.57   94.57 v _43838_/QN (DFFLQNx2_ASAP7_75t_R)
  17.69  112.27 ^ _43527_/Y (NOR2x1_ASAP7_75t_R)
  21.00  133.27 ^ _43528_/Y (AO21x1_ASAP7_75t_R)
  22.88  156.15 ^ hold3709/Y (BUFx2_ASAP7_75t_R)
   0.00  156.15 ^ _43838_/D (DFFLQNx2_ASAP7_75t_R)
         156.15   data arrival time

   0.00    0.00   clock clk' (fall edge)
   0.00    0.00   clock network delay (ideal)
   0.00    0.00   clock reconvergence pessimism
           0.00 v _43838_/CLK (DFFLQNx2_ASAP7_75t_R)
  15.21   15.21   library hold time
          15.21   data required time
---------------------------------------------------------
          15.21   data required time
        -156.15   data arrival time
---------------------------------------------------------
         140.95   slack (MET)


Startpoint: _43846_ (falling edge-triggered flip-flop clocked by clk')
Endpoint: _43846_ (falling edge-triggered flip-flop clocked by clk')
Path Group: clk
Path Type: min

  Delay    Time   Description
---------------------------------------------------------
   0.00    0.00   clock clk' (fall edge)
   0.00    0.00   clock network delay (ideal)
   0.00    0.00 v _43846_/CLK (DFFLQNx2_ASAP7_75t_R)
  94.57   94.57 v _43846_/QN (DFFLQNx2_ASAP7_75t_R)
  17.69  112.27 ^ _43544_/Y (NOR2x1_ASAP7_75t_R)
  21.00  133.27 ^ _43545_/Y (AO21x1_ASAP7_75t_R)
  22.88  156.15 ^ hold3983/Y (BUFx2_ASAP7_75t_R)
   0.00  156.15 ^ _43846_/D (DFFLQNx2_ASAP7_75t_R)
         156.15   data arrival time

   0.00    0.00   clock clk' (fall edge)
   0.00    0.00   clock network delay (ideal)
   0.00    0.00   clock reconvergence pessimism
           0.00 v _43846_/CLK (DFFLQNx2_ASAP7_75t_R)
  15.21   15.21   library hold time
          15.21   data required time
---------------------------------------------------------
          15.21   data required time
        -156.15   data arrival time
---------------------------------------------------------
         140.95   slack (MET)


Startpoint: _43850_ (falling edge-triggered flip-flop clocked by clk')
Endpoint: _43850_ (falling edge-triggered flip-flop clocked by clk')
Path Group: clk
Path Type: min

  Delay    Time   Description
---------------------------------------------------------
   0.00    0.00   clock clk' (fall edge)
   0.00    0.00   clock network delay (ideal)
   0.00    0.00 v _43850_/CLK (DFFLQNx2_ASAP7_75t_R)
  94.57   94.57 v _43850_/QN (DFFLQNx2_ASAP7_75t_R)
  17.69  112.27 ^ _43553_/Y (NOR2x1_ASAP7_75t_R)
  21.00  133.27 ^ _43554_/Y (AO21x1_ASAP7_75t_R)
  22.88  156.15 ^ hold3959/Y (BUFx2_ASAP7_75t_R)
   0.00  156.15 ^ _43850_/D (DFFLQNx2_ASAP7_75t_R)
         156.15   data arrival time

   0.00    0.00   clock clk' (fall edge)
   0.00    0.00   clock network delay (ideal)
   0.00    0.00   clock reconvergence pessimism
           0.00 v _43850_/CLK (DFFLQNx2_ASAP7_75t_R)
  15.21   15.21   library hold time
          15.21   data required time
---------------------------------------------------------
          15.21   data required time
        -156.15   data arrival time
---------------------------------------------------------
         140.95   slack (MET)


Startpoint: _43896_ (falling edge-triggered flip-flop clocked by clk')
Endpoint: _43896_ (falling edge-triggered flip-flop clocked by clk')
Path Group: clk
Path Type: min

  Delay    Time   Description
---------------------------------------------------------
   0.00    0.00   clock clk' (fall edge)
   0.00    0.00   clock network delay (ideal)
   0.00    0.00 v _43896_/CLK (DFFLQNx2_ASAP7_75t_R)
  94.57   94.57 v _43896_/QN (DFFLQNx2_ASAP7_75t_R)
  17.69  112.27 ^ _43654_/Y (NOR2x1_ASAP7_75t_R)
  21.00  133.27 ^ _43655_/Y (AO21x1_ASAP7_75t_R)
  22.88  156.15 ^ hold3639/Y (BUFx2_ASAP7_75t_R)
   0.00  156.15 ^ _43896_/D (DFFLQNx2_ASAP7_75t_R)
         156.15   data arrival time

   0.00    0.00   clock clk' (fall edge)
   0.00    0.00   clock network delay (ideal)
   0.00    0.00   clock reconvergence pessimism
           0.00 v _43896_/CLK (DFFLQNx2_ASAP7_75t_R)
  15.21   15.21   library hold time
          15.21   data required time
---------------------------------------------------------
          15.21   data required time
        -156.15   data arrival time
---------------------------------------------------------
         140.95   slack (MET)


Startpoint: _43882_ (falling edge-triggered flip-flop clocked by clk')
Endpoint: _43882_ (falling edge-triggered flip-flop clocked by clk')
Path Group: clk
Path Type: min

  Delay    Time   Description
---------------------------------------------------------
   0.00    0.00   clock clk' (fall edge)
   0.00    0.00   clock network delay (ideal)
   0.00    0.00 v _43882_/CLK (DFFLQNx2_ASAP7_75t_R)
  94.57   94.57 v _43882_/QN (DFFLQNx2_ASAP7_75t_R)
  17.69  112.27 ^ _43624_/Y (NOR2x1_ASAP7_75t_R)
  21.05  133.32 ^ _43625_/Y (AO21x1_ASAP7_75t_R)
  22.89  156.21 ^ hold3986/Y (BUFx2_ASAP7_75t_R)
   0.00  156.21 ^ _43882_/D (DFFLQNx2_ASAP7_75t_R)
         156.21   data arrival time

   0.00    0.00   clock clk' (fall edge)
   0.00    0.00   clock network delay (ideal)
   0.00    0.00   clock reconvergence pessimism
           0.00 v _43882_/CLK (DFFLQNx2_ASAP7_75t_R)
  15.21   15.21   library hold time
          15.21   data required time
---------------------------------------------------------
          15.21   data required time
        -156.21   data arrival time
---------------------------------------------------------
         141.00   slack (MET)


Startpoint: _43826_ (falling edge-triggered flip-flop clocked by clk')
Endpoint: _43826_ (falling edge-triggered flip-flop clocked by clk')
Path Group: clk
Path Type: min

  Delay    Time   Description
---------------------------------------------------------
   0.00    0.00   clock clk' (fall edge)
   0.00    0.00   clock network delay (ideal)
   0.00    0.00 v _43826_/CLK (DFFLQNx2_ASAP7_75t_R)
  94.57   94.57 v _43826_/QN (DFFLQNx2_ASAP7_75t_R)
  17.69  112.27 ^ _43499_/Y (NOR2x1_ASAP7_75t_R)
  21.09  133.35 ^ _43500_/Y (AO21x1_ASAP7_75t_R)
  22.89  156.24 ^ hold3941/Y (BUFx2_ASAP7_75t_R)
   0.00  156.24 ^ _43826_/D (DFFLQNx2_ASAP7_75t_R)
         156.24   data arrival time

   0.00    0.00   clock clk' (fall edge)
   0.00    0.00   clock network delay (ideal)
   0.00    0.00   clock reconvergence pessimism
           0.00 v _43826_/CLK (DFFLQNx2_ASAP7_75t_R)
  15.21   15.21   library hold time
          15.21   data required time
---------------------------------------------------------
          15.21   data required time
        -156.24   data arrival time
---------------------------------------------------------
         141.03   slack (MET)


Startpoint: _43917_ (falling edge-triggered flip-flop clocked by clk')
Endpoint: _43917_ (falling edge-triggered flip-flop clocked by clk')
Path Group: clk
Path Type: min

  Delay    Time   Description
---------------------------------------------------------
   0.00    0.00   clock clk' (fall edge)
   0.00    0.00   clock network delay (ideal)
   0.00    0.00 v _43917_/CLK (DFFLQNx2_ASAP7_75t_R)
  94.57   94.57 v _43917_/QN (DFFLQNx2_ASAP7_75t_R)
  17.69  112.27 ^ _43700_/Y (NOR2x1_ASAP7_75t_R)
  21.09  133.35 ^ _43701_/Y (AO21x1_ASAP7_75t_R)
  22.89  156.24 ^ hold3977/Y (BUFx2_ASAP7_75t_R)
   0.00  156.24 ^ _43917_/D (DFFLQNx2_ASAP7_75t_R)
         156.24   data arrival time

   0.00    0.00   clock clk' (fall edge)
   0.00    0.00   clock network delay (ideal)
   0.00    0.00   clock reconvergence pessimism
           0.00 v _43917_/CLK (DFFLQNx2_ASAP7_75t_R)
  15.21   15.21   library hold time
          15.21   data required time
---------------------------------------------------------
          15.21   data required time
        -156.24   data arrival time
---------------------------------------------------------
         141.03   slack (MET)


Startpoint: _43923_ (falling edge-triggered flip-flop clocked by clk')
Endpoint: _43923_ (falling edge-triggered flip-flop clocked by clk')
Path Group: clk
Path Type: min

  Delay    Time   Description
---------------------------------------------------------
   0.00    0.00   clock clk' (fall edge)
   0.00    0.00   clock network delay (ideal)
   0.00    0.00 v _43923_/CLK (DFFLQNx2_ASAP7_75t_R)
  94.57   94.57 v _43923_/QN (DFFLQNx2_ASAP7_75t_R)
  17.69  112.27 ^ _43714_/Y (NOR2x1_ASAP7_75t_R)
  21.09  133.35 ^ _43715_/Y (AO21x1_ASAP7_75t_R)
  22.89  156.24 ^ hold3847/Y (BUFx2_ASAP7_75t_R)
   0.00  156.24 ^ _43923_/D (DFFLQNx2_ASAP7_75t_R)
         156.24   data arrival time

   0.00    0.00   clock clk' (fall edge)
   0.00    0.00   clock network delay (ideal)
   0.00    0.00   clock reconvergence pessimism
           0.00 v _43923_/CLK (DFFLQNx2_ASAP7_75t_R)
  15.21   15.21   library hold time
          15.21   data required time
---------------------------------------------------------
          15.21   data required time
        -156.24   data arrival time
---------------------------------------------------------
         141.03   slack (MET)


Startpoint: _43926_ (falling edge-triggered flip-flop clocked by clk')
Endpoint: _43926_ (falling edge-triggered flip-flop clocked by clk')
Path Group: clk
Path Type: min

  Delay    Time   Description
---------------------------------------------------------
   0.00    0.00   clock clk' (fall edge)
   0.00    0.00   clock network delay (ideal)
   0.00    0.00 v _43926_/CLK (DFFLQNx2_ASAP7_75t_R)
  94.57   94.57 v _43926_/QN (DFFLQNx2_ASAP7_75t_R)
  17.69  112.27 ^ _43720_/Y (NOR2x1_ASAP7_75t_R)
  21.09  133.35 ^ _43721_/Y (AO21x1_ASAP7_75t_R)
  22.89  156.24 ^ hold3923/Y (BUFx2_ASAP7_75t_R)
   0.00  156.24 ^ _43926_/D (DFFLQNx2_ASAP7_75t_R)
         156.24   data arrival time

   0.00    0.00   clock clk' (fall edge)
   0.00    0.00   clock network delay (ideal)
   0.00    0.00   clock reconvergence pessimism
           0.00 v _43926_/CLK (DFFLQNx2_ASAP7_75t_R)
  15.21   15.21   library hold time
          15.21   data required time
---------------------------------------------------------
          15.21   data required time
        -156.24   data arrival time
---------------------------------------------------------
         141.03   slack (MET)


Startpoint: _43929_ (falling edge-triggered flip-flop clocked by clk')
Endpoint: _43929_ (falling edge-triggered flip-flop clocked by clk')
Path Group: clk
Path Type: min

  Delay    Time   Description
---------------------------------------------------------
   0.00    0.00   clock clk' (fall edge)
   0.00    0.00   clock network delay (ideal)
   0.00    0.00 v _43929_/CLK (DFFLQNx2_ASAP7_75t_R)
  94.57   94.57 v _43929_/QN (DFFLQNx2_ASAP7_75t_R)
  17.69  112.27 ^ _43727_/Y (NOR2x1_ASAP7_75t_R)
  21.09  133.35 ^ _43728_/Y (AO21x1_ASAP7_75t_R)
  22.89  156.24 ^ hold3892/Y (BUFx2_ASAP7_75t_R)
   0.00  156.24 ^ _43929_/D (DFFLQNx2_ASAP7_75t_R)
         156.24   data arrival time

   0.00    0.00   clock clk' (fall edge)
   0.00    0.00   clock network delay (ideal)
   0.00    0.00   clock reconvergence pessimism
           0.00 v _43929_/CLK (DFFLQNx2_ASAP7_75t_R)
  15.21   15.21   library hold time
          15.21   data required time
---------------------------------------------------------
          15.21   data required time
        -156.24   data arrival time
---------------------------------------------------------
         141.03   slack (MET)


Startpoint: _43947_ (falling edge-triggered flip-flop clocked by clk')
Endpoint: _43947_ (falling edge-triggered flip-flop clocked by clk')
Path Group: clk
Path Type: min

  Delay    Time   Description
---------------------------------------------------------
   0.00    0.00   clock clk' (fall edge)
   0.00    0.00   clock network delay (ideal)
   0.00    0.00 v _43947_/CLK (DFFLQNx2_ASAP7_75t_R)
  94.57   94.57 v _43947_/QN (DFFLQNx2_ASAP7_75t_R)
  17.69  112.27 ^ _43765_/Y (NOR2x1_ASAP7_75t_R)
  21.09  133.35 ^ _43766_/Y (AO21x1_ASAP7_75t_R)
  22.89  156.24 ^ hold3937/Y (BUFx2_ASAP7_75t_R)
   0.00  156.24 ^ _43947_/D (DFFLQNx2_ASAP7_75t_R)
         156.24   data arrival time

   0.00    0.00   clock clk' (fall edge)
   0.00    0.00   clock network delay (ideal)
   0.00    0.00   clock reconvergence pessimism
           0.00 v _43947_/CLK (DFFLQNx2_ASAP7_75t_R)
  15.21   15.21   library hold time
          15.21   data required time
---------------------------------------------------------
          15.21   data required time
        -156.24   data arrival time
---------------------------------------------------------
         141.03   slack (MET)


Startpoint: _43948_ (falling edge-triggered flip-flop clocked by clk')
Endpoint: _43948_ (falling edge-triggered flip-flop clocked by clk')
Path Group: clk
Path Type: min

  Delay    Time   Description
---------------------------------------------------------
   0.00    0.00   clock clk' (fall edge)
   0.00    0.00   clock network delay (ideal)
   0.00    0.00 v _43948_/CLK (DFFLQNx2_ASAP7_75t_R)
  94.57   94.57 v _43948_/QN (DFFLQNx2_ASAP7_75t_R)
  17.69  112.27 ^ _43767_/Y (NOR2x1_ASAP7_75t_R)
  21.09  133.35 ^ _43768_/Y (AO21x1_ASAP7_75t_R)
  22.89  156.24 ^ hold3898/Y (BUFx2_ASAP7_75t_R)
   0.00  156.24 ^ _43948_/D (DFFLQNx2_ASAP7_75t_R)
         156.24   data arrival time

   0.00    0.00   clock clk' (fall edge)
   0.00    0.00   clock network delay (ideal)
   0.00    0.00   clock reconvergence pessimism
           0.00 v _43948_/CLK (DFFLQNx2_ASAP7_75t_R)
  15.21   15.21   library hold time
          15.21   data required time
---------------------------------------------------------
          15.21   data required time
        -156.24   data arrival time
---------------------------------------------------------
         141.03   slack (MET)


Startpoint: _44279_ (falling edge-triggered flip-flop clocked by clk')
Endpoint: _43960_ (falling edge-triggered flip-flop clocked by clk')
Path Group: clk
Path Type: min

  Delay    Time   Description
---------------------------------------------------------
   0.00    0.00   clock clk' (fall edge)
   0.00    0.00   clock network delay (ideal)
   0.00    0.00 v _44279_/CLK (DFFLQNx2_ASAP7_75t_R)
  93.64   93.64 ^ _44279_/QN (DFFLQNx2_ASAP7_75t_R)
  16.60  110.24 v _22389_/Y (INVx4_ASAP7_75t_R)
  48.09  158.33 ^ _43339_/Y (XOR2x2_ASAP7_75t_R)
   0.00  158.33 ^ _43960_/D (DFFLQNx3_ASAP7_75t_R)
         158.33   data arrival time

   0.00    0.00   clock clk' (fall edge)
   0.00    0.00   clock network delay (ideal)
   0.00    0.00   clock reconvergence pessimism
           0.00 v _43960_/CLK (DFFLQNx3_ASAP7_75t_R)
  17.06   17.06   library hold time
          17.06   data required time
---------------------------------------------------------
          17.06   data required time
        -158.33   data arrival time
---------------------------------------------------------
         141.28   slack (MET)


Startpoint: _43876_ (falling edge-triggered flip-flop clocked by clk')
Endpoint: _43876_ (falling edge-triggered flip-flop clocked by clk')
Path Group: clk
Path Type: min

  Delay    Time   Description
---------------------------------------------------------
   0.00    0.00   clock clk' (fall edge)
   0.00    0.00   clock network delay (ideal)
   0.00    0.00 v _43876_/CLK (DFFLQNx2_ASAP7_75t_R)
  94.57   94.57 v _43876_/QN (DFFLQNx2_ASAP7_75t_R)
  17.69  112.27 ^ _43610_/Y (NOR2x1_ASAP7_75t_R)
  21.41  133.68 ^ _43611_/Y (AO21x1_ASAP7_75t_R)
  22.89  156.57 ^ hold3576/Y (BUFx2_ASAP7_75t_R)
   0.00  156.57 ^ _43876_/D (DFFLQNx2_ASAP7_75t_R)
         156.57   data arrival time

   0.00    0.00   clock clk' (fall edge)
   0.00    0.00   clock network delay (ideal)
   0.00    0.00   clock reconvergence pessimism
           0.00 v _43876_/CLK (DFFLQNx2_ASAP7_75t_R)
  15.21   15.21   library hold time
          15.21   data required time
---------------------------------------------------------
          15.21   data required time
        -156.57   data arrival time
---------------------------------------------------------
         141.37   slack (MET)


Startpoint: _43888_ (falling edge-triggered flip-flop clocked by clk')
Endpoint: _43888_ (falling edge-triggered flip-flop clocked by clk')
Path Group: clk
Path Type: min

  Delay    Time   Description
---------------------------------------------------------
   0.00    0.00   clock clk' (fall edge)
   0.00    0.00   clock network delay (ideal)
   0.00    0.00 v _43888_/CLK (DFFLQNx2_ASAP7_75t_R)
  94.57   94.57 v _43888_/QN (DFFLQNx2_ASAP7_75t_R)
  17.69  112.27 ^ _43637_/Y (NOR2x1_ASAP7_75t_R)
  21.41  133.68 ^ _43638_/Y (AO21x1_ASAP7_75t_R)
  22.89  156.57 ^ hold3703/Y (BUFx2_ASAP7_75t_R)
   0.00  156.57 ^ _43888_/D (DFFLQNx2_ASAP7_75t_R)
         156.57   data arrival time

   0.00    0.00   clock clk' (fall edge)
   0.00    0.00   clock network delay (ideal)
   0.00    0.00   clock reconvergence pessimism
           0.00 v _43888_/CLK (DFFLQNx2_ASAP7_75t_R)
  15.21   15.21   library hold time
          15.21   data required time
---------------------------------------------------------
          15.21   data required time
        -156.57   data arrival time
---------------------------------------------------------
         141.37   slack (MET)


Startpoint: _43891_ (falling edge-triggered flip-flop clocked by clk')
Endpoint: _43891_ (falling edge-triggered flip-flop clocked by clk')
Path Group: clk
Path Type: min

  Delay    Time   Description
---------------------------------------------------------
   0.00    0.00   clock clk' (fall edge)
   0.00    0.00   clock network delay (ideal)
   0.00    0.00 v _43891_/CLK (DFFLQNx2_ASAP7_75t_R)
  94.57   94.57 v _43891_/QN (DFFLQNx2_ASAP7_75t_R)
  17.69  112.27 ^ _43644_/Y (NOR2x1_ASAP7_75t_R)
  21.41  133.68 ^ _43645_/Y (AO21x1_ASAP7_75t_R)
  22.89  156.57 ^ hold3808/Y (BUFx2_ASAP7_75t_R)
   0.00  156.57 ^ _43891_/D (DFFLQNx2_ASAP7_75t_R)
         156.57   data arrival time

   0.00    0.00   clock clk' (fall edge)
   0.00    0.00   clock network delay (ideal)
   0.00    0.00   clock reconvergence pessimism
           0.00 v _43891_/CLK (DFFLQNx2_ASAP7_75t_R)
  15.21   15.21   library hold time
          15.21   data required time
---------------------------------------------------------
          15.21   data required time
        -156.57   data arrival time
---------------------------------------------------------
         141.37   slack (MET)


Startpoint: _43907_ (falling edge-triggered flip-flop clocked by clk')
Endpoint: _43907_ (falling edge-triggered flip-flop clocked by clk')
Path Group: clk
Path Type: min

  Delay    Time   Description
---------------------------------------------------------
   0.00    0.00   clock clk' (fall edge)
   0.00    0.00   clock network delay (ideal)
   0.00    0.00 v _43907_/CLK (DFFLQNx2_ASAP7_75t_R)
  94.57   94.57 v _43907_/QN (DFFLQNx2_ASAP7_75t_R)
  17.69  112.27 ^ _43678_/Y (NOR2x1_ASAP7_75t_R)
  21.41  133.68 ^ _43679_/Y (AO21x1_ASAP7_75t_R)
  22.89  156.57 ^ hold3793/Y (BUFx2_ASAP7_75t_R)
   0.00  156.57 ^ _43907_/D (DFFLQNx2_ASAP7_75t_R)
         156.57   data arrival time

   0.00    0.00   clock clk' (fall edge)
   0.00    0.00   clock network delay (ideal)
   0.00    0.00   clock reconvergence pessimism
           0.00 v _43907_/CLK (DFFLQNx2_ASAP7_75t_R)
  15.21   15.21   library hold time
          15.21   data required time
---------------------------------------------------------
          15.21   data required time
        -156.57   data arrival time
---------------------------------------------------------
         141.37   slack (MET)


Startpoint: _43913_ (falling edge-triggered flip-flop clocked by clk')
Endpoint: _43913_ (falling edge-triggered flip-flop clocked by clk')
Path Group: clk
Path Type: min

  Delay    Time   Description
---------------------------------------------------------
   0.00    0.00   clock clk' (fall edge)
   0.00    0.00   clock network delay (ideal)
   0.00    0.00 v _43913_/CLK (DFFLQNx2_ASAP7_75t_R)
  94.57   94.57 v _43913_/QN (DFFLQNx2_ASAP7_75t_R)
  17.69  112.27 ^ _43692_/Y (NOR2x1_ASAP7_75t_R)
  21.41  133.68 ^ _43693_/Y (AO21x1_ASAP7_75t_R)
  22.89  156.57 ^ hold3811/Y (BUFx2_ASAP7_75t_R)
   0.00  156.57 ^ _43913_/D (DFFLQNx2_ASAP7_75t_R)
         156.57   data arrival time

   0.00    0.00   clock clk' (fall edge)
   0.00    0.00   clock network delay (ideal)
   0.00    0.00   clock reconvergence pessimism
           0.00 v _43913_/CLK (DFFLQNx2_ASAP7_75t_R)
  15.21   15.21   library hold time
          15.21   data required time
---------------------------------------------------------
          15.21   data required time
        -156.57   data arrival time
---------------------------------------------------------
         141.37   slack (MET)


Startpoint: _43916_ (falling edge-triggered flip-flop clocked by clk')
Endpoint: _43916_ (falling edge-triggered flip-flop clocked by clk')
Path Group: clk
Path Type: min

  Delay    Time   Description
---------------------------------------------------------
   0.00    0.00   clock clk' (fall edge)
   0.00    0.00   clock network delay (ideal)
   0.00    0.00 v _43916_/CLK (DFFLQNx2_ASAP7_75t_R)
  94.57   94.57 v _43916_/QN (DFFLQNx2_ASAP7_75t_R)
  17.69  112.27 ^ _43698_/Y (NOR2x1_ASAP7_75t_R)
  21.41  133.68 ^ _43699_/Y (AO21x1_ASAP7_75t_R)
  22.89  156.57 ^ hold3790/Y (BUFx2_ASAP7_75t_R)
   0.00  156.57 ^ _43916_/D (DFFLQNx2_ASAP7_75t_R)
         156.57   data arrival time

   0.00    0.00   clock clk' (fall edge)
   0.00    0.00   clock network delay (ideal)
   0.00    0.00   clock reconvergence pessimism
           0.00 v _43916_/CLK (DFFLQNx2_ASAP7_75t_R)
  15.21   15.21   library hold time
          15.21   data required time
---------------------------------------------------------
          15.21   data required time
        -156.57   data arrival time
---------------------------------------------------------
         141.37   slack (MET)


Startpoint: _44217_ (falling edge-triggered flip-flop clocked by clk')
Endpoint: _44249_ (falling edge-triggered flip-flop clocked by clk')
Path Group: clk
Path Type: min

  Delay    Time   Description
---------------------------------------------------------
   0.00    0.00   clock clk' (fall edge)
   0.00    0.00   clock network delay (ideal)
   0.00    0.00 v _44217_/CLK (DFFLQNx2_ASAP7_75t_R)
  91.98   91.98 ^ _44217_/QN (DFFLQNx2_ASAP7_75t_R)
  22.54  114.52 v _25774_/Y (XNOR2x1_ASAP7_75t_R)
  17.12  131.64 ^ _25775_/Y (XNOR2x1_ASAP7_75t_R)
  24.64  156.28 ^ _25777_/Y (AO21x1_ASAP7_75t_R)
   0.00  156.28 ^ _44249_/D (DFFLQNx2_ASAP7_75t_R)
         156.28   data arrival time

   0.00    0.00   clock clk' (fall edge)
   0.00    0.00   clock network delay (ideal)
   0.00    0.00   clock reconvergence pessimism
           0.00 v _44249_/CLK (DFFLQNx2_ASAP7_75t_R)
  14.82   14.82   library hold time
          14.82   data required time
---------------------------------------------------------
          14.82   data required time
        -156.28   data arrival time
---------------------------------------------------------
         141.46   slack (MET)


Startpoint: _43924_ (falling edge-triggered flip-flop clocked by clk')
Endpoint: _43924_ (falling edge-triggered flip-flop clocked by clk')
Path Group: clk
Path Type: min

  Delay    Time   Description
---------------------------------------------------------
   0.00    0.00   clock clk' (fall edge)
   0.00    0.00   clock network delay (ideal)
   0.00    0.00 v _43924_/CLK (DFFLQNx2_ASAP7_75t_R)
  95.92   95.92 v _43924_/QN (DFFLQNx2_ASAP7_75t_R)
  17.85  113.77 ^ _43716_/Y (NOR2x1_ASAP7_75t_R)
  20.09  133.86 ^ _43717_/Y (AO21x1_ASAP7_75t_R)
  22.87  156.73 ^ hold3980/Y (BUFx2_ASAP7_75t_R)
   0.00  156.73 ^ _43924_/D (DFFLQNx2_ASAP7_75t_R)
         156.73   data arrival time

   0.00    0.00   clock clk' (fall edge)
   0.00    0.00   clock network delay (ideal)
   0.00    0.00   clock reconvergence pessimism
           0.00 v _43924_/CLK (DFFLQNx2_ASAP7_75t_R)
  15.21   15.21   library hold time
          15.21   data required time
---------------------------------------------------------
          15.21   data required time
        -156.73   data arrival time
---------------------------------------------------------
         141.52   slack (MET)


Startpoint: _44227_ (falling edge-triggered flip-flop clocked by clk')
Endpoint: _44259_ (falling edge-triggered flip-flop clocked by clk')
Path Group: clk
Path Type: min

  Delay    Time   Description
---------------------------------------------------------
   0.00    0.00   clock clk' (fall edge)
   0.00    0.00   clock network delay (ideal)
   0.00    0.00 v _44227_/CLK (DFFLQNx2_ASAP7_75t_R)
  92.12   92.12 ^ _44227_/QN (DFFLQNx2_ASAP7_75t_R)
  22.57  114.69 v _25810_/Y (XNOR2x1_ASAP7_75t_R)
  17.12  131.81 ^ _25811_/Y (XNOR2x1_ASAP7_75t_R)
  24.64  156.45 ^ _25813_/Y (AO21x1_ASAP7_75t_R)
   0.00  156.45 ^ _44259_/D (DFFLQNx2_ASAP7_75t_R)
         156.45   data arrival time

   0.00    0.00   clock clk' (fall edge)
   0.00    0.00   clock network delay (ideal)
   0.00    0.00   clock reconvergence pessimism
           0.00 v _44259_/CLK (DFFLQNx2_ASAP7_75t_R)
  14.82   14.82   library hold time
          14.82   data required time
---------------------------------------------------------
          14.82   data required time
        -156.45   data arrival time
---------------------------------------------------------
         141.63   slack (MET)


Startpoint: _43816_ (falling edge-triggered flip-flop clocked by clk')
Endpoint: _44306_ (falling edge-triggered flip-flop clocked by clk')
Path Group: clk
Path Type: min

  Delay    Time   Description
---------------------------------------------------------
   0.00    0.00   clock clk' (fall edge)
   0.00    0.00   clock network delay (ideal)
   0.00    0.00 v _43816_/CLK (DFFLQNx2_ASAP7_75t_R)
  85.26   85.26 ^ _43816_/QN (DFFLQNx2_ASAP7_75t_R)
  21.26  106.52 v _25167_/Y (INVx3_ASAP7_75t_R)
  22.48  129.00 ^ _25731_/Y (NOR3x1_ASAP7_75t_R)
  14.49  143.49 v _25732_/Y (OAI21x1_ASAP7_75t_R)
  12.69  156.18 ^ _25733_/Y (NAND2x1_ASAP7_75t_R)
   0.00  156.18 ^ _44306_/D (DFFLQNx2_ASAP7_75t_R)
         156.18   data arrival time

   0.00    0.00   clock clk' (fall edge)
   0.00    0.00   clock network delay (ideal)
   0.00    0.00   clock reconvergence pessimism
           0.00 v _44306_/CLK (DFFLQNx2_ASAP7_75t_R)
  14.46   14.46   library hold time
          14.46   data required time
---------------------------------------------------------
          14.46   data required time
        -156.18   data arrival time
---------------------------------------------------------
         141.72   slack (MET)


Startpoint: _44337_ (falling edge-triggered flip-flop clocked by clk')
Endpoint: _44050_ (falling edge-triggered flip-flop clocked by clk')
Path Group: clk
Path Type: min

  Delay    Time   Description
---------------------------------------------------------
   0.00    0.00   clock clk' (fall edge)
   0.00    0.00   clock network delay (ideal)
   0.00    0.00 v _44337_/CLK (DFFLQNx2_ASAP7_75t_R)
  86.11   86.11 ^ _44337_/QN (DFFLQNx2_ASAP7_75t_R)
  22.65  108.76 v _22124_/Y (INVx2_ASAP7_75t_R)
  50.29  159.05 ^ _43253_/Y (XOR2x2_ASAP7_75t_R)
   0.00  159.05 ^ _44050_/D (DFFLQNx3_ASAP7_75t_R)
         159.05   data arrival time

   0.00    0.00   clock clk' (fall edge)
   0.00    0.00   clock network delay (ideal)
   0.00    0.00   clock reconvergence pessimism
           0.00 v _44050_/CLK (DFFLQNx3_ASAP7_75t_R)
  17.06   17.06   library hold time
          17.06   data required time
---------------------------------------------------------
          17.06   data required time
        -159.05   data arrival time
---------------------------------------------------------
         141.99   slack (MET)


Startpoint: _43816_ (falling edge-triggered flip-flop clocked by clk')
Endpoint: _44274_ (falling edge-triggered flip-flop clocked by clk')
Path Group: clk
Path Type: min

  Delay    Time   Description
---------------------------------------------------------
   0.00    0.00   clock clk' (fall edge)
   0.00    0.00   clock network delay (ideal)
   0.00    0.00 v _43816_/CLK (DFFLQNx2_ASAP7_75t_R)
  85.26   85.26 ^ _43816_/QN (DFFLQNx2_ASAP7_75t_R)
  21.26  106.52 v _25167_/Y (INVx3_ASAP7_75t_R)
  22.75  129.27 ^ _25883_/Y (NOR3x1_ASAP7_75t_R)
  13.97  143.24 v _25885_/Y (OAI21x1_ASAP7_75t_R)
  13.25  156.49 ^ _25886_/Y (NAND2x1_ASAP7_75t_R)
   0.00  156.49 ^ _44274_/D (DFFLQNx2_ASAP7_75t_R)
         156.49   data arrival time

   0.00    0.00   clock clk' (fall edge)
   0.00    0.00   clock network delay (ideal)
   0.00    0.00   clock reconvergence pessimism
           0.00 v _44274_/CLK (DFFLQNx2_ASAP7_75t_R)
  14.38   14.38   library hold time
          14.38   data required time
---------------------------------------------------------
          14.38   data required time
        -156.49   data arrival time
---------------------------------------------------------
         142.12   slack (MET)


Startpoint: _44323_ (falling edge-triggered flip-flop clocked by clk')
Endpoint: _43988_ (falling edge-triggered flip-flop clocked by clk')
Path Group: clk
Path Type: min

  Delay    Time   Description
---------------------------------------------------------
   0.00    0.00   clock clk' (fall edge)
   0.00    0.00   clock network delay (ideal)
   0.00    0.00 v _44323_/CLK (DFFLQNx2_ASAP7_75t_R)
 110.81  110.81 ^ _44323_/QN (DFFLQNx2_ASAP7_75t_R)
  25.85  136.66 v _23799_/Y (INVx4_ASAP7_75t_R)
  17.65  154.31 ^ _43319_/Y (XOR2x1_ASAP7_75t_R)
   0.00  154.31 ^ _43988_/D (DFFLQNx1_ASAP7_75t_R)
         154.31   data arrival time

   0.00    0.00   clock clk' (fall edge)
   0.00    0.00   clock network delay (ideal)
   0.00    0.00   clock reconvergence pessimism
           0.00 v _43988_/CLK (DFFLQNx1_ASAP7_75t_R)
  12.15   12.15   library hold time
          12.15   data required time
---------------------------------------------------------
          12.15   data required time
        -154.31   data arrival time
---------------------------------------------------------
         142.16   slack (MET)


Startpoint: _43817_ (falling edge-triggered flip-flop clocked by clk')
Endpoint: _44307_ (falling edge-triggered flip-flop clocked by clk')
Path Group: clk
Path Type: min

  Delay    Time   Description
---------------------------------------------------------
   0.00    0.00   clock clk' (fall edge)
   0.00    0.00   clock network delay (ideal)
   0.00    0.00 v _43817_/CLK (DFFLQNx2_ASAP7_75t_R)
 108.10  108.10 v _43817_/QN (DFFLQNx2_ASAP7_75t_R)
  21.99  130.09 ^ _25740_/Y (AOI21x1_ASAP7_75t_R)
  13.67  143.76 v _25744_/Y (OAI21x1_ASAP7_75t_R)
  13.13  156.90 ^ _25745_/Y (NAND2x1_ASAP7_75t_R)
   0.00  156.90 ^ _44307_/D (DFFLQNx2_ASAP7_75t_R)
         156.90   data arrival time

   0.00    0.00   clock clk' (fall edge)
   0.00    0.00   clock network delay (ideal)
   0.00    0.00   clock reconvergence pessimism
           0.00 v _44307_/CLK (DFFLQNx2_ASAP7_75t_R)
  14.40   14.40   library hold time
          14.40   data required time
---------------------------------------------------------
          14.40   data required time
        -156.90   data arrival time
---------------------------------------------------------
         142.50   slack (MET)


Startpoint: _44262_ (falling edge-triggered flip-flop clocked by clk')
Endpoint: _44262_ (falling edge-triggered flip-flop clocked by clk')
Path Group: clk
Path Type: min

  Delay    Time   Description
---------------------------------------------------------
   0.00    0.00   clock clk' (fall edge)
   0.00    0.00   clock network delay (ideal)
   0.00    0.00 v _44262_/CLK (DFFLQNx2_ASAP7_75t_R)
  93.71   93.71 ^ _44262_/QN (DFFLQNx2_ASAP7_75t_R)
  21.83  115.54 v _25823_/Y (XNOR2x1_ASAP7_75t_R)
  17.16  132.70 ^ _25824_/Y (XNOR2x1_ASAP7_75t_R)
  24.64  157.34 ^ _25826_/Y (AO21x1_ASAP7_75t_R)
   0.00  157.34 ^ _44262_/D (DFFLQNx2_ASAP7_75t_R)
         157.34   data arrival time

   0.00    0.00   clock clk' (fall edge)
   0.00    0.00   clock network delay (ideal)
   0.00    0.00   clock reconvergence pessimism
           0.00 v _44262_/CLK (DFFLQNx2_ASAP7_75t_R)
  14.82   14.82   library hold time
          14.82   data required time
---------------------------------------------------------
          14.82   data required time
        -157.34   data arrival time
---------------------------------------------------------
         142.52   slack (MET)


Startpoint: _43817_ (falling edge-triggered flip-flop clocked by clk')
Endpoint: _44275_ (falling edge-triggered flip-flop clocked by clk')
Path Group: clk
Path Type: min

  Delay    Time   Description
---------------------------------------------------------
   0.00    0.00   clock clk' (fall edge)
   0.00    0.00   clock network delay (ideal)
   0.00    0.00 v _43817_/CLK (DFFLQNx2_ASAP7_75t_R)
 108.10  108.10 v _43817_/QN (DFFLQNx2_ASAP7_75t_R)
  21.99  130.09 ^ _25891_/Y (AOI21x1_ASAP7_75t_R)
  13.71  143.80 v _25894_/Y (OAI21x1_ASAP7_75t_R)
  13.15  156.94 ^ _25895_/Y (NAND2x1_ASAP7_75t_R)
   0.00  156.94 ^ _44275_/D (DFFLQNx2_ASAP7_75t_R)
         156.94   data arrival time

   0.00    0.00   clock clk' (fall edge)
   0.00    0.00   clock network delay (ideal)
   0.00    0.00   clock reconvergence pessimism
           0.00 v _44275_/CLK (DFFLQNx2_ASAP7_75t_R)
  14.39   14.39   library hold time
          14.39   data required time
---------------------------------------------------------
          14.39   data required time
        -156.94   data arrival time
---------------------------------------------------------
         142.55   slack (MET)


Startpoint: _44222_ (falling edge-triggered flip-flop clocked by clk')
Endpoint: _44222_ (falling edge-triggered flip-flop clocked by clk')
Path Group: clk
Path Type: min

  Delay    Time   Description
---------------------------------------------------------
   0.00    0.00   clock clk' (fall edge)
   0.00    0.00   clock network delay (ideal)
   0.00    0.00 v _44222_/CLK (DFFLQNx2_ASAP7_75t_R)
 111.04  111.04 v _44222_/QN (DFFLQNx2_ASAP7_75t_R)
  20.94  131.98 ^ _25939_/Y (XOR2x1_ASAP7_75t_R)
  25.66  157.64 ^ _25943_/Y (AO21x1_ASAP7_75t_R)
   0.00  157.64 ^ _44222_/D (DFFLQNx2_ASAP7_75t_R)
         157.64   data arrival time

   0.00    0.00   clock clk' (fall edge)
   0.00    0.00   clock network delay (ideal)
   0.00    0.00   clock reconvergence pessimism
           0.00 v _44222_/CLK (DFFLQNx2_ASAP7_75t_R)
  14.82   14.82   library hold time
          14.82   data required time
---------------------------------------------------------
          14.82   data required time
        -157.64   data arrival time
---------------------------------------------------------
         142.83   slack (MET)


Startpoint: _43817_ (falling edge-triggered flip-flop clocked by clk')
Endpoint: _44339_ (falling edge-triggered flip-flop clocked by clk')
Path Group: clk
Path Type: min

  Delay    Time   Description
---------------------------------------------------------
   0.00    0.00   clock clk' (fall edge)
   0.00    0.00   clock network delay (ideal)
   0.00    0.00 v _43817_/CLK (DFFLQNx2_ASAP7_75t_R)
  94.07   94.07 ^ _43817_/QN (DFFLQNx2_ASAP7_75t_R)
  25.33  119.40 v _25266_/Y (XOR2x1_ASAP7_75t_R)
  16.12  135.52 ^ _25336_/Y (XNOR2x1_ASAP7_75t_R)
  24.68  160.19 ^ _25338_/Y (AO21x1_ASAP7_75t_R)
   0.00  160.19 ^ _44339_/D (DFFLQNx3_ASAP7_75t_R)
         160.19   data arrival time

   0.00    0.00   clock clk' (fall edge)
   0.00    0.00   clock network delay (ideal)
   0.00    0.00   clock reconvergence pessimism
           0.00 v _44339_/CLK (DFFLQNx3_ASAP7_75t_R)
  16.74   16.74   library hold time
          16.74   data required time
---------------------------------------------------------
          16.74   data required time
        -160.19   data arrival time
---------------------------------------------------------
         143.45   slack (MET)


Startpoint: _44316_ (falling edge-triggered flip-flop clocked by clk')
Endpoint: _43957_ (falling edge-triggered flip-flop clocked by clk')
Path Group: clk
Path Type: min

  Delay    Time   Description
---------------------------------------------------------
   0.00    0.00   clock clk' (fall edge)
   0.00    0.00   clock network delay (ideal)
   0.00    0.00 v _44316_/CLK (DFFLQNx2_ASAP7_75t_R)
 108.24  108.24 ^ _44316_/QN (DFFLQNx2_ASAP7_75t_R)
  30.04  138.27 v _23034_/Y (INVx2_ASAP7_75t_R)
  18.29  156.56 ^ _43352_/Y (XOR2x1_ASAP7_75t_R)
   0.00  156.56 ^ _43957_/D (DFFLQNx2_ASAP7_75t_R)
         156.56   data arrival time

   0.00    0.00   clock clk' (fall edge)
   0.00    0.00   clock network delay (ideal)
   0.00    0.00   clock reconvergence pessimism
           0.00 v _43957_/CLK (DFFLQNx2_ASAP7_75t_R)
  13.04   13.04   library hold time
          13.04   data required time
---------------------------------------------------------
          13.04   data required time
        -156.56   data arrival time
---------------------------------------------------------
         143.52   slack (MET)


Startpoint: _44334_ (falling edge-triggered flip-flop clocked by clk')
Endpoint: _44023_ (falling edge-triggered flip-flop clocked by clk')
Path Group: clk
Path Type: min

  Delay    Time   Description
---------------------------------------------------------
   0.00    0.00   clock clk' (fall edge)
   0.00    0.00   clock network delay (ideal)
   0.00    0.00 v _44334_/CLK (DFFLQNx3_ASAP7_75t_R)
 121.33  121.33 ^ _44334_/QN (DFFLQNx3_ASAP7_75t_R)
  23.85  145.18 v _24698_/Y (CKINVDCx5p33_ASAP7_75t_R)
  17.28  162.46 ^ _43290_/Y (XOR2x1_ASAP7_75t_R)
   0.00  162.46 ^ _44023_/D (DFFLQNx3_ASAP7_75t_R)
         162.46   data arrival time

   0.00    0.00   clock clk' (fall edge)
   0.00    0.00   clock network delay (ideal)
   0.00    0.00   clock reconvergence pessimism
           0.00 v _44023_/CLK (DFFLQNx3_ASAP7_75t_R)
  18.55   18.55   library hold time
          18.55   data required time
---------------------------------------------------------
          18.55   data required time
        -162.46   data arrival time
---------------------------------------------------------
         143.92   slack (MET)


Startpoint: _44237_ (falling edge-triggered flip-flop clocked by clk')
Endpoint: _44237_ (falling edge-triggered flip-flop clocked by clk')
Path Group: clk
Path Type: min

  Delay    Time   Description
---------------------------------------------------------
   0.00    0.00   clock clk' (fall edge)
   0.00    0.00   clock network delay (ideal)
   0.00    0.00 v _44237_/CLK (DFFLQNx2_ASAP7_75t_R)
  99.82   99.82 ^ _44237_/QN (DFFLQNx2_ASAP7_75t_R)
  17.61  117.43 v _25991_/Y (INVx4_ASAP7_75t_R)
  15.80  133.23 ^ _25992_/Y (XOR2x1_ASAP7_75t_R)
  25.63  158.86 ^ _25994_/Y (AO21x1_ASAP7_75t_R)
   0.00  158.86 ^ _44237_/D (DFFLQNx2_ASAP7_75t_R)
         158.86   data arrival time

   0.00    0.00   clock clk' (fall edge)
   0.00    0.00   clock network delay (ideal)
   0.00    0.00   clock reconvergence pessimism
           0.00 v _44237_/CLK (DFFLQNx2_ASAP7_75t_R)
  14.82   14.82   library hold time
          14.82   data required time
---------------------------------------------------------
          14.82   data required time
        -158.86   data arrival time
---------------------------------------------------------
         144.05   slack (MET)


Startpoint: _44296_ (falling edge-triggered flip-flop clocked by clk')
Endpoint: _44296_ (falling edge-triggered flip-flop clocked by clk')
Path Group: clk
Path Type: min

  Delay    Time   Description
---------------------------------------------------------
   0.00    0.00   clock clk' (fall edge)
   0.00    0.00   clock network delay (ideal)
   0.00    0.00 v _44296_/CLK (DFFLQNx2_ASAP7_75t_R)
  83.31   83.31 ^ _44296_/QN (DFFLQNx2_ASAP7_75t_R)
  21.17  104.49 v _24184_/Y (INVx3_ASAP7_75t_R)
  21.22  125.71 ^ _25664_/Y (XOR2x1_ASAP7_75t_R)
  17.74  143.45 v _25665_/Y (XOR2x1_ASAP7_75t_R)
  15.89  159.34 ^ _25667_/Y (AOI21x1_ASAP7_75t_R)
   0.00  159.34 ^ _44296_/D (DFFLQNx2_ASAP7_75t_R)
         159.34   data arrival time

   0.00    0.00   clock clk' (fall edge)
   0.00    0.00   clock network delay (ideal)
   0.00    0.00   clock reconvergence pessimism
           0.00 v _44296_/CLK (DFFLQNx2_ASAP7_75t_R)
  14.64   14.64   library hold time
          14.64   data required time
---------------------------------------------------------
          14.64   data required time
        -159.34   data arrival time
---------------------------------------------------------
         144.69   slack (MET)


Startpoint: _44327_ (falling edge-triggered flip-flop clocked by clk')
Endpoint: _44016_ (falling edge-triggered flip-flop clocked by clk')
Path Group: clk
Path Type: min

  Delay    Time   Description
---------------------------------------------------------
   0.00    0.00   clock clk' (fall edge)
   0.00    0.00   clock network delay (ideal)
   0.00    0.00 v _44327_/CLK (DFFLQNx3_ASAP7_75t_R)
  97.37   97.37 ^ _44327_/QN (DFFLQNx3_ASAP7_75t_R)
  37.05  134.41 ^ rebuffer1910/Y (BUFx12f_ASAP7_75t_R)
  13.71  148.12 v _24694_/Y (CKINVDCx11_ASAP7_75t_R)
  14.77  162.89 ^ _43283_/Y (XOR2x1_ASAP7_75t_R)
   0.00  162.89 ^ _44016_/D (DFFLQNx3_ASAP7_75t_R)
         162.89   data arrival time

   0.00    0.00   clock clk' (fall edge)
   0.00    0.00   clock network delay (ideal)
   0.00    0.00   clock reconvergence pessimism
           0.00 v _44016_/CLK (DFFLQNx3_ASAP7_75t_R)
  18.11   18.11   library hold time
          18.11   data required time
---------------------------------------------------------
          18.11   data required time
        -162.89   data arrival time
---------------------------------------------------------
         144.78   slack (MET)


Startpoint: _44212_ (falling edge-triggered flip-flop clocked by clk')
Endpoint: _43819_ (falling edge-triggered flip-flop clocked by clk')
Path Group: clk
Path Type: min

  Delay    Time   Description
---------------------------------------------------------
   0.00    0.00   clock clk' (fall edge)
   0.00    0.00   clock network delay (ideal)
   0.00    0.00 v _44212_/CLK (DFFLQNx2_ASAP7_75t_R)
  82.14   82.14 ^ _44212_/QN (DFFLQNx2_ASAP7_75t_R)
  23.61  105.75 v _43809_/CON (HAxp5_ASAP7_75t_R)
  17.60  123.35 ^ _43776_/Y (INVx1_ASAP7_75t_R)
  35.27  158.62 ^ _43790_/Y (AND3x1_ASAP7_75t_R)
   0.00  158.62 ^ _43819_/D (DFFLQNx2_ASAP7_75t_R)
         158.62   data arrival time

   0.00    0.00   clock clk' (fall edge)
   0.00    0.00   clock network delay (ideal)
   0.00    0.00   clock reconvergence pessimism
           0.00 v _43819_/CLK (DFFLQNx2_ASAP7_75t_R)
  13.67   13.67   library hold time
          13.67   data required time
---------------------------------------------------------
          13.67   data required time
        -158.62   data arrival time
---------------------------------------------------------
         144.95   slack (MET)


Startpoint: _44330_ (falling edge-triggered flip-flop clocked by clk')
Endpoint: _44019_ (falling edge-triggered flip-flop clocked by clk')
Path Group: clk
Path Type: min

  Delay    Time   Description
---------------------------------------------------------
   0.00    0.00   clock clk' (fall edge)
   0.00    0.00   clock network delay (ideal)
   0.00    0.00 v _44330_/CLK (DFFLQNx3_ASAP7_75t_R)
 117.92  117.92 ^ _44330_/QN (DFFLQNx3_ASAP7_75t_R)
  23.02  140.94 v _24683_/Y (INVx4_ASAP7_75t_R)
  17.17  158.11 ^ _43286_/Y (XOR2x1_ASAP7_75t_R)
   0.00  158.11 ^ _44019_/D (DFFLQNx2_ASAP7_75t_R)
         158.11   data arrival time

   0.00    0.00   clock clk' (fall edge)
   0.00    0.00   clock network delay (ideal)
   0.00    0.00   clock reconvergence pessimism
           0.00 v _44019_/CLK (DFFLQNx2_ASAP7_75t_R)
  13.13   13.13   library hold time
          13.13   data required time
---------------------------------------------------------
          13.13   data required time
        -158.11   data arrival time
---------------------------------------------------------
         144.97   slack (MET)


Startpoint: _44227_ (falling edge-triggered flip-flop clocked by clk')
Endpoint: _44227_ (falling edge-triggered flip-flop clocked by clk')
Path Group: clk
Path Type: min

  Delay    Time   Description
---------------------------------------------------------
   0.00    0.00   clock clk' (fall edge)
   0.00    0.00   clock network delay (ideal)
   0.00    0.00 v _44227_/CLK (DFFLQNx2_ASAP7_75t_R)
  92.12   92.12 ^ _44227_/QN (DFFLQNx2_ASAP7_75t_R)
  25.05  117.16 v _25955_/Y (INVx2_ASAP7_75t_R)
  17.10  134.27 ^ _25956_/Y (XOR2x1_ASAP7_75t_R)
  25.70  159.97 ^ _25958_/Y (AO21x1_ASAP7_75t_R)
   0.00  159.97 ^ _44227_/D (DFFLQNx2_ASAP7_75t_R)
         159.97   data arrival time

   0.00    0.00   clock clk' (fall edge)
   0.00    0.00   clock network delay (ideal)
   0.00    0.00   clock reconvergence pessimism
           0.00 v _44227_/CLK (DFFLQNx2_ASAP7_75t_R)
  14.82   14.82   library hold time
          14.82   data required time
---------------------------------------------------------
          14.82   data required time
        -159.97   data arrival time
---------------------------------------------------------
         145.15   slack (MET)


Startpoint: _44220_ (falling edge-triggered flip-flop clocked by clk')
Endpoint: _44220_ (falling edge-triggered flip-flop clocked by clk')
Path Group: clk
Path Type: min

  Delay    Time   Description
---------------------------------------------------------
   0.00    0.00   clock clk' (fall edge)
   0.00    0.00   clock network delay (ideal)
   0.00    0.00 v _44220_/CLK (DFFLQNx2_ASAP7_75t_R)
  96.19   96.19 ^ _44220_/QN (DFFLQNx2_ASAP7_75t_R)
  20.61  116.80 v _25930_/Y (INVx2_ASAP7_75t_R)
  19.22  136.03 ^ _25931_/Y (NOR2x1_ASAP7_75t_R)
  14.41  150.44 v _25933_/Y (OAI21x1_ASAP7_75t_R)
  10.15  160.58 ^ _25934_/Y (OAI21x1_ASAP7_75t_R)
   0.00  160.58 ^ _44220_/D (DFFLQNx2_ASAP7_75t_R)
         160.58   data arrival time

   0.00    0.00   clock clk' (fall edge)
   0.00    0.00   clock network delay (ideal)
   0.00    0.00   clock reconvergence pessimism
           0.00 v _44220_/CLK (DFFLQNx2_ASAP7_75t_R)
  15.25   15.25   library hold time
          15.25   data required time
---------------------------------------------------------
          15.25   data required time
        -160.58   data arrival time
---------------------------------------------------------
         145.34   slack (MET)


Startpoint: _44219_ (falling edge-triggered flip-flop clocked by clk')
Endpoint: _44219_ (falling edge-triggered flip-flop clocked by clk')
Path Group: clk
Path Type: min

  Delay    Time   Description
---------------------------------------------------------
   0.00    0.00   clock clk' (fall edge)
   0.00    0.00   clock network delay (ideal)
   0.00    0.00 v _44219_/CLK (DFFLQNx2_ASAP7_75t_R)
 113.98  113.98 v _44219_/QN (DFFLQNx2_ASAP7_75t_R)
  21.24  135.23 ^ _25926_/Y (XOR2x1_ASAP7_75t_R)
  25.71  160.93 ^ _25928_/Y (AO21x1_ASAP7_75t_R)
   0.00  160.93 ^ _44219_/D (DFFLQNx2_ASAP7_75t_R)
         160.93   data arrival time

   0.00    0.00   clock clk' (fall edge)
   0.00    0.00   clock network delay (ideal)
   0.00    0.00   clock reconvergence pessimism
           0.00 v _44219_/CLK (DFFLQNx2_ASAP7_75t_R)
  14.82   14.82   library hold time
          14.82   data required time
---------------------------------------------------------
          14.82   data required time
        -160.93   data arrival time
---------------------------------------------------------
         146.12   slack (MET)


Startpoint: _44238_ (falling edge-triggered flip-flop clocked by clk')
Endpoint: _44238_ (falling edge-triggered flip-flop clocked by clk')
Path Group: clk
Path Type: min

  Delay    Time   Description
---------------------------------------------------------
   0.00    0.00   clock clk' (fall edge)
   0.00    0.00   clock network delay (ideal)
   0.00    0.00 v _44238_/CLK (DFFLQNx2_ASAP7_75t_R)
 102.99  102.99 ^ _44238_/QN (DFFLQNx2_ASAP7_75t_R)
  16.96  119.95 v _25995_/Y (INVx5_ASAP7_75t_R)
  15.72  135.67 ^ _25996_/Y (XOR2x1_ASAP7_75t_R)
  25.62  161.29 ^ _25998_/Y (AO21x1_ASAP7_75t_R)
   0.00  161.29 ^ _44238_/D (DFFLQNx2_ASAP7_75t_R)
         161.29   data arrival time

   0.00    0.00   clock clk' (fall edge)
   0.00    0.00   clock network delay (ideal)
   0.00    0.00   clock reconvergence pessimism
           0.00 v _44238_/CLK (DFFLQNx2_ASAP7_75t_R)
  14.82   14.82   library hold time
          14.82   data required time
---------------------------------------------------------
          14.82   data required time
        -161.29   data arrival time
---------------------------------------------------------
         146.47   slack (MET)


Startpoint: _43820_ (falling edge-triggered flip-flop clocked by clk')
Endpoint: _44278_ (falling edge-triggered flip-flop clocked by clk')
Path Group: clk
Path Type: min

  Delay    Time   Description
---------------------------------------------------------
   0.00    0.00   clock clk' (fall edge)
   0.00    0.00   clock network delay (ideal)
   0.00    0.00 v _43820_/CLK (DFFLQNx2_ASAP7_75t_R)
  89.62   89.62 ^ _43820_/QN (DFFLQNx2_ASAP7_75t_R)
  22.22  111.84 v _25761_/Y (INVx2_ASAP7_75t_R)
  21.88  133.72 ^ _25908_/Y (NOR3x1_ASAP7_75t_R)
  13.96  147.67 v _25910_/Y (OAI21x1_ASAP7_75t_R)
  13.25  160.92 ^ _25911_/Y (NAND2x1_ASAP7_75t_R)
   0.00  160.92 ^ _44278_/D (DFFLQNx2_ASAP7_75t_R)
         160.92   data arrival time

   0.00    0.00   clock clk' (fall edge)
   0.00    0.00   clock network delay (ideal)
   0.00    0.00   clock reconvergence pessimism
           0.00 v _44278_/CLK (DFFLQNx2_ASAP7_75t_R)
  14.38   14.38   library hold time
          14.38   data required time
---------------------------------------------------------
          14.38   data required time
        -160.92   data arrival time
---------------------------------------------------------
         146.54   slack (MET)


Startpoint: _43820_ (falling edge-triggered flip-flop clocked by clk')
Endpoint: _44310_ (falling edge-triggered flip-flop clocked by clk')
Path Group: clk
Path Type: min

  Delay    Time   Description
---------------------------------------------------------
   0.00    0.00   clock clk' (fall edge)
   0.00    0.00   clock network delay (ideal)
   0.00    0.00 v _43820_/CLK (DFFLQNx2_ASAP7_75t_R)
  89.62   89.62 ^ _43820_/QN (DFFLQNx2_ASAP7_75t_R)
  22.22  111.84 v _25761_/Y (INVx2_ASAP7_75t_R)
  21.88  133.72 ^ _25764_/Y (NOR3x1_ASAP7_75t_R)
  13.96  147.67 v _25766_/Y (OAI21x1_ASAP7_75t_R)
  13.25  160.92 ^ _25767_/Y (NAND2x1_ASAP7_75t_R)
   0.00  160.92 ^ _44310_/D (DFFLQNx2_ASAP7_75t_R)
         160.92   data arrival time

   0.00    0.00   clock clk' (fall edge)
   0.00    0.00   clock network delay (ideal)
   0.00    0.00   clock reconvergence pessimism
           0.00 v _44310_/CLK (DFFLQNx2_ASAP7_75t_R)
  14.38   14.38   library hold time
          14.38   data required time
---------------------------------------------------------
          14.38   data required time
        -160.92   data arrival time
---------------------------------------------------------
         146.54   slack (MET)


Startpoint: _44235_ (falling edge-triggered flip-flop clocked by clk')
Endpoint: _44235_ (falling edge-triggered flip-flop clocked by clk')
Path Group: clk
Path Type: min

  Delay    Time   Description
---------------------------------------------------------
   0.00    0.00   clock clk' (fall edge)
   0.00    0.00   clock network delay (ideal)
   0.00    0.00 v _44235_/CLK (DFFLQNx2_ASAP7_75t_R)
 100.81  100.81 ^ _44235_/QN (DFFLQNx2_ASAP7_75t_R)
  19.07  119.87 v _25983_/Y (CKINVDCx5p33_ASAP7_75t_R)
  16.09  135.96 ^ _25984_/Y (XOR2x1_ASAP7_75t_R)
  25.67  161.64 ^ _25986_/Y (AO21x1_ASAP7_75t_R)
   0.00  161.64 ^ _44235_/D (DFFLQNx2_ASAP7_75t_R)
         161.64   data arrival time

   0.00    0.00   clock clk' (fall edge)
   0.00    0.00   clock network delay (ideal)
   0.00    0.00   clock reconvergence pessimism
           0.00 v _44235_/CLK (DFFLQNx2_ASAP7_75t_R)
  14.82   14.82   library hold time
          14.82   data required time
---------------------------------------------------------
          14.82   data required time
        -161.64   data arrival time
---------------------------------------------------------
         146.82   slack (MET)


Startpoint: _44218_ (falling edge-triggered flip-flop clocked by clk')
Endpoint: _44218_ (falling edge-triggered flip-flop clocked by clk')
Path Group: clk
Path Type: min

  Delay    Time   Description
---------------------------------------------------------
   0.00    0.00   clock clk' (fall edge)
   0.00    0.00   clock network delay (ideal)
   0.00    0.00 v _44218_/CLK (DFFLQNx2_ASAP7_75t_R)
 114.71  114.71 v _44218_/QN (DFFLQNx2_ASAP7_75t_R)
  21.32  136.03 ^ _25923_/Y (XOR2x1_ASAP7_75t_R)
  25.70  161.73 ^ _25925_/Y (AO21x1_ASAP7_75t_R)
   0.00  161.73 ^ _44218_/D (DFFLQNx2_ASAP7_75t_R)
         161.73   data arrival time

   0.00    0.00   clock clk' (fall edge)
   0.00    0.00   clock network delay (ideal)
   0.00    0.00   clock reconvergence pessimism
           0.00 v _44218_/CLK (DFFLQNx2_ASAP7_75t_R)
  14.82   14.82   library hold time
          14.82   data required time
---------------------------------------------------------
          14.82   data required time
        -161.73   data arrival time
---------------------------------------------------------
         146.91   slack (MET)


Startpoint: _44263_ (falling edge-triggered flip-flop clocked by clk')
Endpoint: _44327_ (falling edge-triggered flip-flop clocked by clk')
Path Group: clk
Path Type: min

  Delay    Time   Description
---------------------------------------------------------
   0.00    0.00   clock clk' (fall edge)
   0.00    0.00   clock network delay (ideal)
   0.00    0.00 v _44263_/CLK (DFFLQNx2_ASAP7_75t_R)
  90.34   90.34 ^ _44263_/QN (DFFLQNx2_ASAP7_75t_R)
  25.58  115.92 v _24062_/Y (XOR2x1_ASAP7_75t_R)
  21.94  137.86 ^ _24063_/Y (NOR3x1_ASAP7_75t_R)
  15.13  152.99 v _24065_/Y (OAI21x1_ASAP7_75t_R)
  10.35  163.34 ^ _24066_/Y (OAI21x1_ASAP7_75t_R)
   0.00  163.34 ^ _44327_/D (DFFLQNx3_ASAP7_75t_R)
         163.34   data arrival time

   0.00    0.00   clock clk' (fall edge)
   0.00    0.00   clock network delay (ideal)
   0.00    0.00   clock reconvergence pessimism
           0.00 v _44327_/CLK (DFFLQNx3_ASAP7_75t_R)
  16.35   16.35   library hold time
          16.35   data required time
---------------------------------------------------------
          16.35   data required time
        -163.34   data arrival time
---------------------------------------------------------
         146.99   slack (MET)


Startpoint: _44270_ (falling edge-triggered flip-flop clocked by clk')
Endpoint: _44270_ (falling edge-triggered flip-flop clocked by clk')
Path Group: clk
Path Type: min

  Delay    Time   Description
---------------------------------------------------------
   0.00    0.00   clock clk' (fall edge)
   0.00    0.00   clock network delay (ideal)
   0.00    0.00 v _44270_/CLK (DFFLQNx2_ASAP7_75t_R)
  97.45   97.45 ^ _44270_/QN (DFFLQNx2_ASAP7_75t_R)
  22.58  120.03 v _25852_/Y (XNOR2x1_ASAP7_75t_R)
  17.25  137.28 ^ _25853_/Y (XNOR2x1_ASAP7_75t_R)
  24.64  161.92 ^ _25855_/Y (AO21x1_ASAP7_75t_R)
   0.00  161.92 ^ _44270_/D (DFFLQNx2_ASAP7_75t_R)
         161.92   data arrival time

   0.00    0.00   clock clk' (fall edge)
   0.00    0.00   clock network delay (ideal)
   0.00    0.00   clock reconvergence pessimism
           0.00 v _44270_/CLK (DFFLQNx2_ASAP7_75t_R)
  14.82   14.82   library hold time
          14.82   data required time
---------------------------------------------------------
          14.82   data required time
        -161.92   data arrival time
---------------------------------------------------------
         147.10   slack (MET)


Startpoint: _44250_ (falling edge-triggered flip-flop clocked by clk')
Endpoint: _44250_ (falling edge-triggered flip-flop clocked by clk')
Path Group: clk
Path Type: min

  Delay    Time   Description
---------------------------------------------------------
   0.00    0.00   clock clk' (fall edge)
   0.00    0.00   clock network delay (ideal)
   0.00    0.00 v _44250_/CLK (DFFLQNx2_ASAP7_75t_R)
  97.80   97.80 ^ _44250_/QN (DFFLQNx2_ASAP7_75t_R)
  22.40  120.21 v _25778_/Y (XNOR2x1_ASAP7_75t_R)
  16.24  136.44 ^ _25779_/Y (XOR2x1_ASAP7_75t_R)
  25.70  162.14 ^ _25781_/Y (AO21x1_ASAP7_75t_R)
   0.00  162.14 ^ _44250_/D (DFFLQNx2_ASAP7_75t_R)
         162.14   data arrival time

   0.00    0.00   clock clk' (fall edge)
   0.00    0.00   clock network delay (ideal)
   0.00    0.00   clock reconvergence pessimism
           0.00 v _44250_/CLK (DFFLQNx2_ASAP7_75t_R)
  14.82   14.82   library hold time
          14.82   data required time
---------------------------------------------------------
          14.82   data required time
        -162.14   data arrival time
---------------------------------------------------------
         147.33   slack (MET)


Startpoint: _44320_ (falling edge-triggered flip-flop clocked by clk')
Endpoint: _43985_ (falling edge-triggered flip-flop clocked by clk')
Path Group: clk
Path Type: min

  Delay    Time   Description
---------------------------------------------------------
   0.00    0.00   clock clk' (fall edge)
   0.00    0.00   clock network delay (ideal)
   0.00    0.00 v _44320_/CLK (DFFLQNx3_ASAP7_75t_R)
  98.19   98.19 ^ _44320_/QN (DFFLQNx3_ASAP7_75t_R)
  37.48  135.67 ^ rebuffer3543/Y (BUFx12f_ASAP7_75t_R)
  14.71  150.38 v _23824_/Y (CKINVDCx20_ASAP7_75t_R)
  15.22  165.60 ^ _43316_/Y (XOR2x1_ASAP7_75t_R)
   0.00  165.60 ^ _43985_/D (DFFLQNx3_ASAP7_75t_R)
         165.60   data arrival time

   0.00    0.00   clock clk' (fall edge)
   0.00    0.00   clock network delay (ideal)
   0.00    0.00   clock reconvergence pessimism
           0.00 v _43985_/CLK (DFFLQNx3_ASAP7_75t_R)
  18.17   18.17   library hold time
          18.17   data required time
---------------------------------------------------------
          18.17   data required time
        -165.60   data arrival time
---------------------------------------------------------
         147.43   slack (MET)


Startpoint: _44236_ (falling edge-triggered flip-flop clocked by clk')
Endpoint: _44236_ (falling edge-triggered flip-flop clocked by clk')
Path Group: clk
Path Type: min

  Delay    Time   Description
---------------------------------------------------------
   0.00    0.00   clock clk' (fall edge)
   0.00    0.00   clock network delay (ideal)
   0.00    0.00 v _44236_/CLK (DFFLQNx2_ASAP7_75t_R)
 115.29  115.29 v _44236_/QN (DFFLQNx2_ASAP7_75t_R)
  21.38  136.67 ^ _25987_/Y (XOR2x1_ASAP7_75t_R)
  25.70  162.38 ^ _25990_/Y (AO21x1_ASAP7_75t_R)
   0.00  162.38 ^ _44236_/D (DFFLQNx2_ASAP7_75t_R)
         162.38   data arrival time

   0.00    0.00   clock clk' (fall edge)
   0.00    0.00   clock network delay (ideal)
   0.00    0.00   clock reconvergence pessimism
           0.00 v _44236_/CLK (DFFLQNx2_ASAP7_75t_R)
  14.82   14.82   library hold time
          14.82   data required time
---------------------------------------------------------
          14.82   data required time
        -162.38   data arrival time
---------------------------------------------------------
         147.56   slack (MET)


Startpoint: _44234_ (falling edge-triggered flip-flop clocked by clk')
Endpoint: _44266_ (falling edge-triggered flip-flop clocked by clk')
Path Group: clk
Path Type: min

  Delay    Time   Description
---------------------------------------------------------
   0.00    0.00   clock clk' (fall edge)
   0.00    0.00   clock network delay (ideal)
   0.00    0.00 v _44234_/CLK (DFFLQNx2_ASAP7_75t_R)
  95.53   95.53 ^ _44234_/QN (DFFLQNx2_ASAP7_75t_R)
  25.73  121.26 v _25838_/Y (XOR2x1_ASAP7_75t_R)
  16.44  137.70 ^ _25839_/Y (XNOR2x1_ASAP7_75t_R)
  24.71  162.40 ^ _25841_/Y (AO21x1_ASAP7_75t_R)
   0.00  162.40 ^ _44266_/D (DFFLQNx2_ASAP7_75t_R)
         162.40   data arrival time

   0.00    0.00   clock clk' (fall edge)
   0.00    0.00   clock network delay (ideal)
   0.00    0.00   clock reconvergence pessimism
           0.00 v _44266_/CLK (DFFLQNx2_ASAP7_75t_R)
  14.82   14.82   library hold time
          14.82   data required time
---------------------------------------------------------
          14.82   data required time
        -162.40   data arrival time
---------------------------------------------------------
         147.59   slack (MET)


Startpoint: _44222_ (falling edge-triggered flip-flop clocked by clk')
Endpoint: _44254_ (falling edge-triggered flip-flop clocked by clk')
Path Group: clk
Path Type: min

  Delay    Time   Description
---------------------------------------------------------
   0.00    0.00   clock clk' (fall edge)
   0.00    0.00   clock network delay (ideal)
   0.00    0.00 v _44222_/CLK (DFFLQNx2_ASAP7_75t_R)
  97.12   97.12 ^ _44222_/QN (DFFLQNx2_ASAP7_75t_R)
  23.43  120.56 v _25792_/Y (XNOR2x1_ASAP7_75t_R)
  16.21  136.77 ^ _25793_/Y (XOR2x1_ASAP7_75t_R)
  25.66  162.43 ^ _25795_/Y (AO21x1_ASAP7_75t_R)
   0.00  162.43 ^ _44254_/D (DFFLQNx2_ASAP7_75t_R)
         162.43   data arrival time

   0.00    0.00   clock clk' (fall edge)
   0.00    0.00   clock network delay (ideal)
   0.00    0.00   clock reconvergence pessimism
           0.00 v _44254_/CLK (DFFLQNx2_ASAP7_75t_R)
  14.82   14.82   library hold time
          14.82   data required time
---------------------------------------------------------
          14.82   data required time
        -162.43   data arrival time
---------------------------------------------------------
         147.62   slack (MET)


Startpoint: _44226_ (falling edge-triggered flip-flop clocked by clk')
Endpoint: _44258_ (falling edge-triggered flip-flop clocked by clk')
Path Group: clk
Path Type: min

  Delay    Time   Description
---------------------------------------------------------
   0.00    0.00   clock clk' (fall edge)
   0.00    0.00   clock network delay (ideal)
   0.00    0.00 v _44226_/CLK (DFFLQNx2_ASAP7_75t_R)
  95.53   95.53 ^ _44226_/QN (DFFLQNx2_ASAP7_75t_R)
  25.73  121.26 v _25806_/Y (XOR2x1_ASAP7_75t_R)
  16.50  137.75 ^ _25807_/Y (XNOR2x1_ASAP7_75t_R)
  24.71  162.46 ^ _25809_/Y (AO21x1_ASAP7_75t_R)
   0.00  162.46 ^ _44258_/D (DFFLQNx2_ASAP7_75t_R)
         162.46   data arrival time

   0.00    0.00   clock clk' (fall edge)
   0.00    0.00   clock network delay (ideal)
   0.00    0.00   clock reconvergence pessimism
           0.00 v _44258_/CLK (DFFLQNx2_ASAP7_75t_R)
  14.82   14.82   library hold time
          14.82   data required time
---------------------------------------------------------
          14.82   data required time
        -162.46   data arrival time
---------------------------------------------------------
         147.65   slack (MET)


Startpoint: _43828_ (falling edge-triggered flip-flop clocked by clk')
Endpoint: _44207_ (falling edge-triggered flip-flop clocked by clk')
Path Group: clk
Path Type: min

  Delay    Time   Description
---------------------------------------------------------
   0.00    0.00   clock clk' (fall edge)
   0.00    0.00   clock network delay (ideal)
   0.00    0.00 v _43828_/CLK (DFFLQNx2_ASAP7_75t_R)
  78.88   78.88 ^ _43828_/QN (DFFLQNx2_ASAP7_75t_R)
  15.20   94.07 v _29905_/Y (NAND2x1_ASAP7_75t_R)
  23.79  117.87 v _29906_/Y (OA21x2_ASAP7_75t_R)
  44.94  162.80 ^ _29907_/Y (XOR2x2_ASAP7_75t_R)
   0.00  162.80 ^ _44207_/D (DFFLQNx2_ASAP7_75t_R)
         162.80   data arrival time

   0.00    0.00   clock clk' (fall edge)
   0.00    0.00   clock network delay (ideal)
   0.00    0.00   clock reconvergence pessimism
           0.00 v _44207_/CLK (DFFLQNx2_ASAP7_75t_R)
  14.50   14.50   library hold time
          14.50   data required time
---------------------------------------------------------
          14.50   data required time
        -162.80   data arrival time
---------------------------------------------------------
         148.30   slack (MET)


Startpoint: _43818_ (falling edge-triggered flip-flop clocked by clk')
Endpoint: _44244_ (falling edge-triggered flip-flop clocked by clk')
Path Group: clk
Path Type: min

  Delay    Time   Description
---------------------------------------------------------
   0.00    0.00   clock clk' (fall edge)
   0.00    0.00   clock network delay (ideal)
   0.00    0.00 v _43818_/CLK (DFFLQNx2_ASAP7_75t_R)
  89.65   89.65 ^ _43818_/QN (DFFLQNx2_ASAP7_75t_R)
  41.42  131.07 ^ _26021_/Y (XNOR2x1_ASAP7_75t_R)
  15.78  146.85 v _26022_/Y (XOR2x1_ASAP7_75t_R)
  15.89  162.74 ^ _26024_/Y (AOI21x1_ASAP7_75t_R)
   0.00  162.74 ^ _44244_/D (DFFLQNx2_ASAP7_75t_R)
         162.74   data arrival time

   0.00    0.00   clock clk' (fall edge)
   0.00    0.00   clock network delay (ideal)
   0.00    0.00   clock reconvergence pessimism
           0.00 v _44244_/CLK (DFFLQNx2_ASAP7_75t_R)
  14.41   14.41   library hold time
          14.41   data required time
---------------------------------------------------------
          14.41   data required time
        -162.74   data arrival time
---------------------------------------------------------
         148.33   slack (MET)


Startpoint: _43821_ (falling edge-triggered flip-flop clocked by clk')
Endpoint: _44200_ (falling edge-triggered flip-flop clocked by clk')
Path Group: clk
Path Type: min

  Delay    Time   Description
---------------------------------------------------------
   0.00    0.00   clock clk' (fall edge)
   0.00    0.00   clock network delay (ideal)
   0.00    0.00 v _43821_/CLK (DFFLQNx2_ASAP7_75t_R)
  78.01   78.01 ^ _43821_/QN (DFFLQNx2_ASAP7_75t_R)
  16.34   94.34 v _26039_/Y (NOR2x1_ASAP7_75t_R)
  12.78  107.12 ^ _26040_/Y (INVx1_ASAP7_75t_R)
  12.91  120.03 v _27264_/Y (NAND2x1_ASAP7_75t_R)
  45.50  165.53 ^ _27265_/Y (XOR2x2_ASAP7_75t_R)
   0.00  165.53 ^ _44200_/D (DFFLQNx3_ASAP7_75t_R)
         165.53   data arrival time

   0.00    0.00   clock clk' (fall edge)
   0.00    0.00   clock network delay (ideal)
   0.00    0.00   clock reconvergence pessimism
           0.00 v _44200_/CLK (DFFLQNx3_ASAP7_75t_R)
  17.06   17.06   library hold time
          17.06   data required time
---------------------------------------------------------
          17.06   data required time
        -165.53   data arrival time
---------------------------------------------------------
         148.47   slack (MET)


Startpoint: _44217_ (falling edge-triggered flip-flop clocked by clk')
Endpoint: _44217_ (falling edge-triggered flip-flop clocked by clk')
Path Group: clk
Path Type: min

  Delay    Time   Description
---------------------------------------------------------
   0.00    0.00   clock clk' (fall edge)
   0.00    0.00   clock network delay (ideal)
   0.00    0.00 v _44217_/CLK (DFFLQNx2_ASAP7_75t_R)
  91.98   91.98 ^ _44217_/QN (DFFLQNx2_ASAP7_75t_R)
  28.10  120.08 v _25919_/Y (INVx1_ASAP7_75t_R)
  17.69  137.77 ^ _25920_/Y (XOR2x1_ASAP7_75t_R)
  25.70  163.47 ^ _25922_/Y (AO21x1_ASAP7_75t_R)
   0.00  163.47 ^ _44217_/D (DFFLQNx2_ASAP7_75t_R)
         163.47   data arrival time

   0.00    0.00   clock clk' (fall edge)
   0.00    0.00   clock network delay (ideal)
   0.00    0.00   clock reconvergence pessimism
           0.00 v _44217_/CLK (DFFLQNx2_ASAP7_75t_R)
  14.82   14.82   library hold time
          14.82   data required time
---------------------------------------------------------
          14.82   data required time
        -163.47   data arrival time
---------------------------------------------------------
         148.65   slack (MET)


Startpoint: _44232_ (falling edge-triggered flip-flop clocked by clk')
Endpoint: _44232_ (falling edge-triggered flip-flop clocked by clk')
Path Group: clk
Path Type: min

  Delay    Time   Description
---------------------------------------------------------
   0.00    0.00   clock clk' (fall edge)
   0.00    0.00   clock network delay (ideal)
   0.00    0.00 v _44232_/CLK (DFFLQNx2_ASAP7_75t_R)
 111.36  111.36 v _44232_/QN (DFFLQNx2_ASAP7_75t_R)
  20.09  131.45 ^ _25974_/Y (INVx5_ASAP7_75t_R)
  17.07  148.52 v _25975_/Y (XOR2x1_ASAP7_75t_R)
  16.02  164.55 ^ _25977_/Y (OAI21x1_ASAP7_75t_R)
   0.00  164.55 ^ _44232_/D (DFFLQNx2_ASAP7_75t_R)
         164.55   data arrival time

   0.00    0.00   clock clk' (fall edge)
   0.00    0.00   clock network delay (ideal)
   0.00    0.00   clock reconvergence pessimism
           0.00 v _44232_/CLK (DFFLQNx2_ASAP7_75t_R)
  15.46   15.46   library hold time
          15.46   data required time
---------------------------------------------------------
          15.46   data required time
        -164.55   data arrival time
---------------------------------------------------------
         149.09   slack (MET)


Startpoint: _44231_ (falling edge-triggered flip-flop clocked by clk')
Endpoint: _44231_ (falling edge-triggered flip-flop clocked by clk')
Path Group: clk
Path Type: min

  Delay    Time   Description
---------------------------------------------------------
   0.00    0.00   clock clk' (fall edge)
   0.00    0.00   clock network delay (ideal)
   0.00    0.00 v _44231_/CLK (DFFLQNx2_ASAP7_75t_R)
 111.36  111.36 v _44231_/QN (DFFLQNx2_ASAP7_75t_R)
  20.09  131.45 ^ _25970_/Y (INVx5_ASAP7_75t_R)
  17.07  148.52 v _25971_/Y (XOR2x1_ASAP7_75t_R)
  16.02  164.55 ^ _25973_/Y (OAI21x1_ASAP7_75t_R)
   0.00  164.55 ^ _44231_/D (DFFLQNx2_ASAP7_75t_R)
         164.55   data arrival time

   0.00    0.00   clock clk' (fall edge)
   0.00    0.00   clock network delay (ideal)
   0.00    0.00   clock reconvergence pessimism
           0.00 v _44231_/CLK (DFFLQNx2_ASAP7_75t_R)
  15.46   15.46   library hold time
          15.46   data required time
---------------------------------------------------------
          15.46   data required time
        -164.55   data arrival time
---------------------------------------------------------
         149.09   slack (MET)


Startpoint: _44211_ (falling edge-triggered flip-flop clocked by clk')
Endpoint: _43820_ (falling edge-triggered flip-flop clocked by clk')
Path Group: clk
Path Type: min

  Delay    Time   Description
---------------------------------------------------------
   0.00    0.00   clock clk' (fall edge)
   0.00    0.00   clock network delay (ideal)
   0.00    0.00 v _44211_/CLK (DFFLQNx2_ASAP7_75t_R)
  86.53   86.53 ^ _44211_/QN (DFFLQNx2_ASAP7_75t_R)
  23.00  109.53 v _43808_/CON (HAxp5_ASAP7_75t_R)
  18.07  127.60 ^ _43782_/Y (INVx1_ASAP7_75t_R)
  35.38  162.97 ^ _43791_/Y (AND3x1_ASAP7_75t_R)
   0.00  162.97 ^ _43820_/D (DFFLQNx2_ASAP7_75t_R)
         162.97   data arrival time

   0.00    0.00   clock clk' (fall edge)
   0.00    0.00   clock network delay (ideal)
   0.00    0.00   clock reconvergence pessimism
           0.00 v _43820_/CLK (DFFLQNx2_ASAP7_75t_R)
  13.67   13.67   library hold time
          13.67   data required time
---------------------------------------------------------
          13.67   data required time
        -162.97   data arrival time
---------------------------------------------------------
         149.31   slack (MET)


Startpoint: _44224_ (falling edge-triggered flip-flop clocked by clk')
Endpoint: _44224_ (falling edge-triggered flip-flop clocked by clk')
Path Group: clk
Path Type: min

  Delay    Time   Description
---------------------------------------------------------
   0.00    0.00   clock clk' (fall edge)
   0.00    0.00   clock network delay (ideal)
   0.00    0.00 v _44224_/CLK (DFFLQNx2_ASAP7_75t_R)
  98.29   98.29 ^ _44224_/QN (DFFLQNx2_ASAP7_75t_R)
  41.55  139.85 ^ _25947_/Y (XOR2x2_ASAP7_75t_R)
  24.48  164.33 ^ _25949_/Y (AO21x1_ASAP7_75t_R)
   0.00  164.33 ^ _44224_/D (DFFLQNx2_ASAP7_75t_R)
         164.33   data arrival time

   0.00    0.00   clock clk' (fall edge)
   0.00    0.00   clock network delay (ideal)
   0.00    0.00   clock reconvergence pessimism
           0.00 v _44224_/CLK (DFFLQNx2_ASAP7_75t_R)
  14.82   14.82   library hold time
          14.82   data required time
---------------------------------------------------------
          14.82   data required time
        -164.33   data arrival time
---------------------------------------------------------
         149.51   slack (MET)


Startpoint: _44233_ (falling edge-triggered flip-flop clocked by clk')
Endpoint: _44265_ (falling edge-triggered flip-flop clocked by clk')
Path Group: clk
Path Type: min

  Delay    Time   Description
---------------------------------------------------------
   0.00    0.00   clock clk' (fall edge)
   0.00    0.00   clock network delay (ideal)
   0.00    0.00 v _44233_/CLK (DFFLQNx2_ASAP7_75t_R)
  88.69   88.69 ^ _44233_/QN (DFFLQNx2_ASAP7_75t_R)
  44.44  133.14 ^ _25833_/Y (XOR2x2_ASAP7_75t_R)
  15.31  148.45 v _25835_/Y (XOR2x1_ASAP7_75t_R)
  15.88  164.33 ^ _25837_/Y (AOI21x1_ASAP7_75t_R)
   0.00  164.33 ^ _44265_/D (DFFLQNx2_ASAP7_75t_R)
         164.33   data arrival time

   0.00    0.00   clock clk' (fall edge)
   0.00    0.00   clock network delay (ideal)
   0.00    0.00   clock reconvergence pessimism
           0.00 v _44265_/CLK (DFFLQNx2_ASAP7_75t_R)
  14.64   14.64   library hold time
          14.64   data required time
---------------------------------------------------------
          14.64   data required time
        -164.33   data arrival time
---------------------------------------------------------
         149.68   slack (MET)


Startpoint: _44270_ (falling edge-triggered flip-flop clocked by clk')
Endpoint: _44302_ (falling edge-triggered flip-flop clocked by clk')
Path Group: clk
Path Type: min

  Delay    Time   Description
---------------------------------------------------------
   0.00    0.00   clock clk' (fall edge)
   0.00    0.00   clock network delay (ideal)
   0.00    0.00 v _44270_/CLK (DFFLQNx2_ASAP7_75t_R)
  97.45   97.45 ^ _44270_/QN (DFFLQNx2_ASAP7_75t_R)
  26.00  123.46 v _25696_/Y (XOR2x1_ASAP7_75t_R)
  15.48  138.94 ^ _25697_/Y (XOR2x1_ASAP7_75t_R)
  25.59  164.53 ^ _25701_/Y (AO21x1_ASAP7_75t_R)
   0.00  164.53 ^ _44302_/D (DFFLQNx2_ASAP7_75t_R)
         164.53   data arrival time

   0.00    0.00   clock clk' (fall edge)
   0.00    0.00   clock network delay (ideal)
   0.00    0.00   clock reconvergence pessimism
           0.00 v _44302_/CLK (DFFLQNx2_ASAP7_75t_R)
  14.82   14.82   library hold time
          14.82   data required time
---------------------------------------------------------
          14.82   data required time
        -164.53   data arrival time
---------------------------------------------------------
         149.71   slack (MET)


Startpoint: _44325_ (falling edge-triggered flip-flop clocked by clk')
Endpoint: _43990_ (falling edge-triggered flip-flop clocked by clk')
Path Group: clk
Path Type: min

  Delay    Time   Description
---------------------------------------------------------
   0.00    0.00   clock clk' (fall edge)
   0.00    0.00   clock network delay (ideal)
   0.00    0.00 v _44325_/CLK (DFFLQNx2_ASAP7_75t_R)
 117.81  117.81 ^ _44325_/QN (DFFLQNx2_ASAP7_75t_R)
  27.38  145.19 v _23801_/Y (INVx4_ASAP7_75t_R)
  17.98  163.17 ^ _43321_/Y (XOR2x1_ASAP7_75t_R)
   0.00  163.17 ^ _43990_/D (DFFLQNx2_ASAP7_75t_R)
         163.17   data arrival time

   0.00    0.00   clock clk' (fall edge)
   0.00    0.00   clock network delay (ideal)
   0.00    0.00   clock reconvergence pessimism
           0.00 v _43990_/CLK (DFFLQNx2_ASAP7_75t_R)
  13.21   13.21   library hold time
          13.21   data required time
---------------------------------------------------------
          13.21   data required time
        -163.17   data arrival time
---------------------------------------------------------
         149.96   slack (MET)


Startpoint: _44280_ (falling edge-triggered flip-flop clocked by clk')
Endpoint: _44280_ (falling edge-triggered flip-flop clocked by clk')
Path Group: clk
Path Type: min

  Delay    Time   Description
---------------------------------------------------------
   0.00    0.00   clock clk' (fall edge)
   0.00    0.00   clock network delay (ideal)
   0.00    0.00 v _44280_/CLK (DFFLQNx2_ASAP7_75t_R)
  91.88   91.88 ^ _44280_/QN (DFFLQNx2_ASAP7_75t_R)
  18.44  110.33 v _22520_/Y (INVx4_ASAP7_75t_R)
  20.61  130.94 ^ _25551_/Y (XOR2x1_ASAP7_75t_R)
  17.74  148.68 v _25552_/Y (XOR2x1_ASAP7_75t_R)
  15.89  164.57 ^ _25554_/Y (AOI21x1_ASAP7_75t_R)
   0.00  164.57 ^ _44280_/D (DFFLQNx2_ASAP7_75t_R)
         164.57   data arrival time

   0.00    0.00   clock clk' (fall edge)
   0.00    0.00   clock network delay (ideal)
   0.00    0.00   clock reconvergence pessimism
           0.00 v _44280_/CLK (DFFLQNx2_ASAP7_75t_R)
  14.41   14.41   library hold time
          14.41   data required time
---------------------------------------------------------
          14.41   data required time
        -164.57   data arrival time
---------------------------------------------------------
         150.16   slack (MET)


Startpoint: _44225_ (falling edge-triggered flip-flop clocked by clk')
Endpoint: _44225_ (falling edge-triggered flip-flop clocked by clk')
Path Group: clk
Path Type: min

  Delay    Time   Description
---------------------------------------------------------
   0.00    0.00   clock clk' (fall edge)
   0.00    0.00   clock network delay (ideal)
   0.00    0.00 v _44225_/CLK (DFFLQNx2_ASAP7_75t_R)
  92.08   92.08 ^ _44225_/QN (DFFLQNx2_ASAP7_75t_R)
  44.40  136.48 ^ _25802_/Y (XOR2x1_ASAP7_75t_R)
  29.29  165.76 ^ _25951_/Y (AO21x1_ASAP7_75t_R)
   0.00  165.76 ^ _44225_/D (DFFLQNx2_ASAP7_75t_R)
         165.76   data arrival time

   0.00    0.00   clock clk' (fall edge)
   0.00    0.00   clock network delay (ideal)
   0.00    0.00   clock reconvergence pessimism
           0.00 v _44225_/CLK (DFFLQNx2_ASAP7_75t_R)
  14.82   14.82   library hold time
          14.82   data required time
---------------------------------------------------------
          14.82   data required time
        -165.76   data arrival time
---------------------------------------------------------
         150.95   slack (MET)


Startpoint: _44262_ (falling edge-triggered flip-flop clocked by clk')
Endpoint: _44007_ (falling edge-triggered flip-flop clocked by clk')
Path Group: clk
Path Type: min

  Delay    Time   Description
---------------------------------------------------------
   0.00    0.00   clock clk' (fall edge)
   0.00    0.00   clock network delay (ideal)
   0.00    0.00 v _44262_/CLK (DFFLQNx2_ASAP7_75t_R)
  93.71   93.71 ^ _44262_/QN (DFFLQNx2_ASAP7_75t_R)
  23.92  117.62 v _25650_/Y (INVx2_ASAP7_75t_R)
  50.79  168.41 ^ _43306_/Y (XOR2x2_ASAP7_75t_R)
   0.00  168.41 ^ _44007_/D (DFFLQNx3_ASAP7_75t_R)
         168.41   data arrival time

   0.00    0.00   clock clk' (fall edge)
   0.00    0.00   clock network delay (ideal)
   0.00    0.00   clock reconvergence pessimism
           0.00 v _44007_/CLK (DFFLQNx3_ASAP7_75t_R)
  17.06   17.06   library hold time
          17.06   data required time
---------------------------------------------------------
          17.06   data required time
        -168.41   data arrival time
---------------------------------------------------------
         151.35   slack (MET)


Startpoint: _43818_ (falling edge-triggered flip-flop clocked by clk')
Endpoint: _44340_ (falling edge-triggered flip-flop clocked by clk')
Path Group: clk
Path Type: min

  Delay    Time   Description
---------------------------------------------------------
   0.00    0.00   clock clk' (fall edge)
   0.00    0.00   clock network delay (ideal)
   0.00    0.00 v _43818_/CLK (DFFLQNx2_ASAP7_75t_R)
  89.65   89.65 ^ _43818_/QN (DFFLQNx2_ASAP7_75t_R)
  22.28  111.93 v _25402_/Y (XOR2x1_ASAP7_75t_R)
  40.13  152.06 v _25403_/Y (XOR2x2_ASAP7_75t_R)
  14.82  166.88 ^ _25405_/Y (OAI21x1_ASAP7_75t_R)
   0.00  166.88 ^ _44340_/D (DFFLQNx2_ASAP7_75t_R)
         166.88   data arrival time

   0.00    0.00   clock clk' (fall edge)
   0.00    0.00   clock network delay (ideal)
   0.00    0.00   clock reconvergence pessimism
           0.00 v _44340_/CLK (DFFLQNx2_ASAP7_75t_R)
  15.46   15.46   library hold time
          15.46   data required time
---------------------------------------------------------
          15.46   data required time
        -166.88   data arrival time
---------------------------------------------------------
         151.42   slack (MET)


Startpoint: _43813_ (falling edge-triggered flip-flop clocked by clk')
Endpoint: _44239_ (falling edge-triggered flip-flop clocked by clk')
Path Group: clk
Path Type: min

  Delay    Time   Description
---------------------------------------------------------
   0.00    0.00   clock clk' (fall edge)
   0.00    0.00   clock network delay (ideal)
   0.00    0.00 v _43813_/CLK (DFFLQNx2_ASAP7_75t_R)
  88.66   88.66 ^ _43813_/QN (DFFLQNx2_ASAP7_75t_R)
  45.57  134.23 ^ _25856_/Y (XOR2x2_ASAP7_75t_R)
  15.91  150.14 v _25999_/Y (XNOR2x1_ASAP7_75t_R)
  16.16  166.30 ^ _26001_/Y (AOI21x1_ASAP7_75t_R)
   0.00  166.30 ^ _44239_/D (DFFLQNx2_ASAP7_75t_R)
         166.30   data arrival time

   0.00    0.00   clock clk' (fall edge)
   0.00    0.00   clock network delay (ideal)
   0.00    0.00   clock reconvergence pessimism
           0.00 v _44239_/CLK (DFFLQNx2_ASAP7_75t_R)
  14.58   14.58   library hold time
          14.58   data required time
---------------------------------------------------------
          14.58   data required time
        -166.30   data arrival time
---------------------------------------------------------
         151.72   slack (MET)


Startpoint: _44223_ (falling edge-triggered flip-flop clocked by clk')
Endpoint: _44223_ (falling edge-triggered flip-flop clocked by clk')
Path Group: clk
Path Type: min

  Delay    Time   Description
---------------------------------------------------------
   0.00    0.00   clock clk' (fall edge)
   0.00    0.00   clock network delay (ideal)
   0.00    0.00 v _44223_/CLK (DFFLQNx2_ASAP7_75t_R)
  99.98   99.98 ^ _44223_/QN (DFFLQNx2_ASAP7_75t_R)
  42.06  142.03 ^ _25944_/Y (XOR2x2_ASAP7_75t_R)
  24.52  166.55 ^ _25946_/Y (AO21x1_ASAP7_75t_R)
   0.00  166.55 ^ _44223_/D (DFFLQNx2_ASAP7_75t_R)
         166.55   data arrival time

   0.00    0.00   clock clk' (fall edge)
   0.00    0.00   clock network delay (ideal)
   0.00    0.00   clock reconvergence pessimism
           0.00 v _44223_/CLK (DFFLQNx2_ASAP7_75t_R)
  14.82   14.82   library hold time
          14.82   data required time
---------------------------------------------------------
          14.82   data required time
        -166.55   data arrival time
---------------------------------------------------------
         151.73   slack (MET)


Startpoint: _44279_ (falling edge-triggered flip-flop clocked by clk')
Endpoint: _44279_ (falling edge-triggered flip-flop clocked by clk')
Path Group: clk
Path Type: min

  Delay    Time   Description
---------------------------------------------------------
   0.00    0.00   clock clk' (fall edge)
   0.00    0.00   clock network delay (ideal)
   0.00    0.00 v _44279_/CLK (DFFLQNx2_ASAP7_75t_R)
 107.16  107.16 v _44279_/QN (DFFLQNx2_ASAP7_75t_R)
  26.44  133.60 ^ _25544_/Y (XOR2x1_ASAP7_75t_R)
  17.74  151.34 v _25545_/Y (XOR2x1_ASAP7_75t_R)
  15.89  167.23 ^ _25547_/Y (AOI21x1_ASAP7_75t_R)
   0.00  167.23 ^ _44279_/D (DFFLQNx2_ASAP7_75t_R)
         167.23   data arrival time

   0.00    0.00   clock clk' (fall edge)
   0.00    0.00   clock network delay (ideal)
   0.00    0.00   clock reconvergence pessimism
           0.00 v _44279_/CLK (DFFLQNx2_ASAP7_75t_R)
  14.41   14.41   library hold time
          14.41   data required time
---------------------------------------------------------
          14.41   data required time
        -167.23   data arrival time
---------------------------------------------------------
         152.82   slack (MET)


Startpoint: _44248_ (falling edge-triggered flip-flop clocked by clk')
Endpoint: _44312_ (falling edge-triggered flip-flop clocked by clk')
Path Group: clk
Path Type: min

  Delay    Time   Description
---------------------------------------------------------
   0.00    0.00   clock clk' (fall edge)
   0.00    0.00   clock network delay (ideal)
   0.00    0.00 v _44248_/CLK (DFFLQNx2_ASAP7_75t_R)
  94.92   94.92 ^ _44248_/QN (DFFLQNx2_ASAP7_75t_R)
  26.91  121.84 v _22522_/Y (XOR2x1_ASAP7_75t_R)
  21.94  143.78 ^ _22523_/Y (NOR3x1_ASAP7_75t_R)
  15.13  158.91 v _22527_/Y (OAI21x1_ASAP7_75t_R)
  10.35  169.26 ^ _22528_/Y (OAI21x1_ASAP7_75t_R)
   0.00  169.26 ^ _44312_/D (DFFLQNx3_ASAP7_75t_R)
         169.26   data arrival time

   0.00    0.00   clock clk' (fall edge)
   0.00    0.00   clock network delay (ideal)
   0.00    0.00   clock reconvergence pessimism
           0.00 v _44312_/CLK (DFFLQNx3_ASAP7_75t_R)
  16.35   16.35   library hold time
          16.35   data required time
---------------------------------------------------------
          16.35   data required time
        -169.26   data arrival time
---------------------------------------------------------
         152.91   slack (MET)


Startpoint: _44230_ (falling edge-triggered flip-flop clocked by clk')
Endpoint: _44230_ (falling edge-triggered flip-flop clocked by clk')
Path Group: clk
Path Type: min

  Delay    Time   Description
---------------------------------------------------------
   0.00    0.00   clock clk' (fall edge)
   0.00    0.00   clock network delay (ideal)
   0.00    0.00 v _44230_/CLK (DFFLQNx2_ASAP7_75t_R)
  95.57   95.57 ^ _44230_/QN (DFFLQNx2_ASAP7_75t_R)
  28.97  124.53 v _25966_/Y (INVx1_ASAP7_75t_R)
  17.81  142.34 ^ _25967_/Y (XOR2x1_ASAP7_75t_R)
  25.70  168.05 ^ _25969_/Y (AO21x1_ASAP7_75t_R)
   0.00  168.05 ^ _44230_/D (DFFLQNx2_ASAP7_75t_R)
         168.05   data arrival time

   0.00    0.00   clock clk' (fall edge)
   0.00    0.00   clock network delay (ideal)
   0.00    0.00   clock reconvergence pessimism
           0.00 v _44230_/CLK (DFFLQNx2_ASAP7_75t_R)
  14.82   14.82   library hold time
          14.82   data required time
---------------------------------------------------------
          14.82   data required time
        -168.05   data arrival time
---------------------------------------------------------
         153.23   slack (MET)


Startpoint: _44264_ (falling edge-triggered flip-flop clocked by clk')
Endpoint: _44328_ (falling edge-triggered flip-flop clocked by clk')
Path Group: clk
Path Type: min

  Delay    Time   Description
---------------------------------------------------------
   0.00    0.00   clock clk' (fall edge)
   0.00    0.00   clock network delay (ideal)
   0.00    0.00 v _44264_/CLK (DFFLQNx2_ASAP7_75t_R)
  95.53   95.53 ^ _44264_/QN (DFFLQNx2_ASAP7_75t_R)
  27.09  122.62 v _24187_/Y (XOR2x1_ASAP7_75t_R)
  21.94  144.56 ^ _24188_/Y (NOR3x1_ASAP7_75t_R)
  15.13  159.70 v _24190_/Y (OAI21x1_ASAP7_75t_R)
  10.35  170.04 ^ _24191_/Y (OAI21x1_ASAP7_75t_R)
   0.00  170.04 ^ _44328_/D (DFFLQNx3_ASAP7_75t_R)
         170.04   data arrival time

   0.00    0.00   clock clk' (fall edge)
   0.00    0.00   clock network delay (ideal)
   0.00    0.00   clock reconvergence pessimism
           0.00 v _44328_/CLK (DFFLQNx3_ASAP7_75t_R)
  16.35   16.35   library hold time
          16.35   data required time
---------------------------------------------------------
          16.35   data required time
        -170.04   data arrival time
---------------------------------------------------------
         153.69   slack (MET)


Startpoint: _44219_ (falling edge-triggered flip-flop clocked by clk')
Endpoint: _44251_ (falling edge-triggered flip-flop clocked by clk')
Path Group: clk
Path Type: min

  Delay    Time   Description
---------------------------------------------------------
   0.00    0.00   clock clk' (fall edge)
   0.00    0.00   clock network delay (ideal)
   0.00    0.00 v _44219_/CLK (DFFLQNx2_ASAP7_75t_R)
 100.46  100.46 ^ _44219_/QN (DFFLQNx2_ASAP7_75t_R)
  27.07  127.54 v _25782_/Y (XOR2x1_ASAP7_75t_R)
  16.51  144.05 ^ _25783_/Y (XNOR2x1_ASAP7_75t_R)
  24.71  168.76 ^ _25785_/Y (AO21x1_ASAP7_75t_R)
   0.00  168.76 ^ _44251_/D (DFFLQNx2_ASAP7_75t_R)
         168.76   data arrival time

   0.00    0.00   clock clk' (fall edge)
   0.00    0.00   clock network delay (ideal)
   0.00    0.00   clock reconvergence pessimism
           0.00 v _44251_/CLK (DFFLQNx2_ASAP7_75t_R)
  14.82   14.82   library hold time
          14.82   data required time
---------------------------------------------------------
          14.82   data required time
        -168.76   data arrival time
---------------------------------------------------------
         153.94   slack (MET)


Startpoint: _44221_ (falling edge-triggered flip-flop clocked by clk')
Endpoint: _44221_ (falling edge-triggered flip-flop clocked by clk')
Path Group: clk
Path Type: min

  Delay    Time   Description
---------------------------------------------------------
   0.00    0.00   clock clk' (fall edge)
   0.00    0.00   clock network delay (ideal)
   0.00    0.00 v _44221_/CLK (DFFLQNx2_ASAP7_75t_R)
  95.48   95.48 ^ _44221_/QN (DFFLQNx2_ASAP7_75t_R)
  29.71  125.19 v _25935_/Y (INVx1_ASAP7_75t_R)
  17.96  143.15 ^ _25936_/Y (XOR2x1_ASAP7_75t_R)
  25.64  168.79 ^ _25938_/Y (AO21x1_ASAP7_75t_R)
   0.00  168.79 ^ _44221_/D (DFFLQNx2_ASAP7_75t_R)
         168.79   data arrival time

   0.00    0.00   clock clk' (fall edge)
   0.00    0.00   clock network delay (ideal)
   0.00    0.00   clock reconvergence pessimism
           0.00 v _44221_/CLK (DFFLQNx2_ASAP7_75t_R)
  14.82   14.82   library hold time
          14.82   data required time
---------------------------------------------------------
          14.82   data required time
        -168.79   data arrival time
---------------------------------------------------------
         153.97   slack (MET)


Startpoint: _44310_ (falling edge-triggered flip-flop clocked by clk')
Endpoint: _44063_ (falling edge-triggered flip-flop clocked by clk')
Path Group: clk
Path Type: min

  Delay    Time   Description
---------------------------------------------------------
   0.00    0.00   clock clk' (fall edge)
   0.00    0.00   clock network delay (ideal)
   0.00    0.00 v _44310_/CLK (DFFLQNx2_ASAP7_75t_R)
  93.19   93.19 ^ _44310_/QN (DFFLQNx2_ASAP7_75t_R)
  26.49  119.68 v _34654_/Y (INVx1_ASAP7_75t_R)
  51.72  171.39 ^ _43250_/Y (XOR2x2_ASAP7_75t_R)
   0.00  171.39 ^ _44063_/D (DFFLQNx3_ASAP7_75t_R)
         171.39   data arrival time

   0.00    0.00   clock clk' (fall edge)
   0.00    0.00   clock network delay (ideal)
   0.00    0.00   clock reconvergence pessimism
           0.00 v _44063_/CLK (DFFLQNx3_ASAP7_75t_R)
  17.06   17.06   library hold time
          17.06   data required time
---------------------------------------------------------
          17.06   data required time
        -171.39   data arrival time
---------------------------------------------------------
         154.33   slack (MET)


Startpoint: _44338_ (falling edge-triggered flip-flop clocked by clk')
Endpoint: _44051_ (falling edge-triggered flip-flop clocked by clk')
Path Group: clk
Path Type: min

  Delay    Time   Description
---------------------------------------------------------
   0.00    0.00   clock clk' (fall edge)
   0.00    0.00   clock network delay (ideal)
   0.00    0.00 v _44338_/CLK (DFFLQNx3_ASAP7_75t_R)
  90.08   90.08 ^ _44338_/QN (DFFLQNx3_ASAP7_75t_R)
  32.53  122.60 ^ rebuffer3410/Y (BUFx12f_ASAP7_75t_R)
  24.71  147.31 ^ rebuffer3411/Y (BUFx4f_ASAP7_75t_R)
  10.81  158.12 v _22155_/Y (INVx4_ASAP7_75t_R)
  14.50  172.62 ^ _43254_/Y (XOR2x1_ASAP7_75t_R)
   0.00  172.62 ^ _44051_/D (DFFLQNx3_ASAP7_75t_R)
         172.62   data arrival time

   0.00    0.00   clock clk' (fall edge)
   0.00    0.00   clock network delay (ideal)
   0.00    0.00   clock reconvergence pessimism
           0.00 v _44051_/CLK (DFFLQNx3_ASAP7_75t_R)
  18.07   18.07   library hold time
          18.07   data required time
---------------------------------------------------------
          18.07   data required time
        -172.62   data arrival time
---------------------------------------------------------
         154.55   slack (MET)


Startpoint: _43919_ (falling edge-triggered flip-flop clocked by clk')
Endpoint: _44106_ (falling edge-triggered flip-flop clocked by clk')
Path Group: clk
Path Type: min

  Delay    Time   Description
---------------------------------------------------------
   0.00    0.00   clock clk' (fall edge)
   0.00    0.00   clock network delay (ideal)
   0.00    0.00 v _43919_/CLK (DFFLQNx2_ASAP7_75t_R)
  76.47   76.47 ^ _43919_/QN (DFFLQNx2_ASAP7_75t_R)
  32.59  109.06 ^ _40566_/Y (AND2x2_ASAP7_75t_R)
  14.58  123.63 v _40975_/Y (NOR2x1_ASAP7_75t_R)
  45.87  169.51 ^ _40976_/Y (XOR2x2_ASAP7_75t_R)
   0.00  169.51 ^ _44106_/D (DFFLQNx2_ASAP7_75t_R)
         169.51   data arrival time

   0.00    0.00   clock clk' (fall edge)
   0.00    0.00   clock network delay (ideal)
   0.00    0.00   clock reconvergence pessimism
           0.00 v _44106_/CLK (DFFLQNx2_ASAP7_75t_R)
  14.50   14.50   library hold time
          14.50   data required time
---------------------------------------------------------
          14.50   data required time
        -169.51   data arrival time
---------------------------------------------------------
         155.00   slack (MET)


Startpoint: _44247_ (falling edge-triggered flip-flop clocked by clk')
Endpoint: _44247_ (falling edge-triggered flip-flop clocked by clk')
Path Group: clk
Path Type: min

  Delay    Time   Description
---------------------------------------------------------
   0.00    0.00   clock clk' (fall edge)
   0.00    0.00   clock network delay (ideal)
   0.00    0.00 v _44247_/CLK (DFFLQNx2_ASAP7_75t_R)
  90.54   90.54 ^ _44247_/QN (DFFLQNx2_ASAP7_75t_R)
  47.12  137.66 ^ _25543_/Y (XOR2x2_ASAP7_75t_R)
  15.91  153.57 v _25768_/Y (XNOR2x1_ASAP7_75t_R)
  16.16  169.73 ^ _25770_/Y (AOI21x1_ASAP7_75t_R)
   0.00  169.73 ^ _44247_/D (DFFLQNx2_ASAP7_75t_R)
         169.73   data arrival time

   0.00    0.00   clock clk' (fall edge)
   0.00    0.00   clock network delay (ideal)
   0.00    0.00   clock reconvergence pessimism
           0.00 v _44247_/CLK (DFFLQNx2_ASAP7_75t_R)
  14.41   14.41   library hold time
          14.41   data required time
---------------------------------------------------------
          14.41   data required time
        -169.73   data arrival time
---------------------------------------------------------
         155.32   slack (MET)


Startpoint: _44244_ (falling edge-triggered flip-flop clocked by clk')
Endpoint: _44276_ (falling edge-triggered flip-flop clocked by clk')
Path Group: clk
Path Type: min

  Delay    Time   Description
---------------------------------------------------------
   0.00    0.00   clock clk' (fall edge)
   0.00    0.00   clock network delay (ideal)
   0.00    0.00 v _44244_/CLK (DFFLQNx2_ASAP7_75t_R)
 110.23  110.23 v _44244_/QN (DFFLQNx2_ASAP7_75t_R)
  26.87  137.10 ^ _25896_/Y (XOR2x1_ASAP7_75t_R)
  17.74  154.84 v _25897_/Y (XOR2x1_ASAP7_75t_R)
  15.89  170.73 ^ _25899_/Y (AOI21x1_ASAP7_75t_R)
   0.00  170.73 ^ _44276_/D (DFFLQNx2_ASAP7_75t_R)
         170.73   data arrival time

   0.00    0.00   clock clk' (fall edge)
   0.00    0.00   clock network delay (ideal)
   0.00    0.00   clock reconvergence pessimism
           0.00 v _44276_/CLK (DFFLQNx2_ASAP7_75t_R)
  14.41   14.41   library hold time
          14.41   data required time
---------------------------------------------------------
          14.41   data required time
        -170.73   data arrival time
---------------------------------------------------------
         156.32   slack (MET)


Startpoint: _44263_ (falling edge-triggered flip-flop clocked by clk')
Endpoint: _44263_ (falling edge-triggered flip-flop clocked by clk')
Path Group: clk
Path Type: min

  Delay    Time   Description
---------------------------------------------------------
   0.00    0.00   clock clk' (fall edge)
   0.00    0.00   clock network delay (ideal)
   0.00    0.00 v _44263_/CLK (DFFLQNx2_ASAP7_75t_R)
  90.34   90.34 ^ _44263_/QN (DFFLQNx2_ASAP7_75t_R)
  47.25  137.59 ^ _25657_/Y (XOR2x2_ASAP7_75t_R)
  17.60  155.19 v _25827_/Y (XOR2x1_ASAP7_75t_R)
  15.89  171.08 ^ _25829_/Y (AOI21x1_ASAP7_75t_R)
   0.00  171.08 ^ _44263_/D (DFFLQNx2_ASAP7_75t_R)
         171.08   data arrival time

   0.00    0.00   clock clk' (fall edge)
   0.00    0.00   clock network delay (ideal)
   0.00    0.00   clock reconvergence pessimism
           0.00 v _44263_/CLK (DFFLQNx2_ASAP7_75t_R)
  14.64   14.64   library hold time
          14.64   data required time
---------------------------------------------------------
          14.64   data required time
        -171.08   data arrival time
---------------------------------------------------------
         156.43   slack (MET)


Startpoint: _44328_ (falling edge-triggered flip-flop clocked by clk')
Endpoint: _44017_ (falling edge-triggered flip-flop clocked by clk')
Path Group: clk
Path Type: min

  Delay    Time   Description
---------------------------------------------------------
   0.00    0.00   clock clk' (fall edge)
   0.00    0.00   clock network delay (ideal)
   0.00    0.00 v _44328_/CLK (DFFLQNx3_ASAP7_75t_R)
 106.23  106.23 ^ _44328_/QN (DFFLQNx3_ASAP7_75t_R)
  39.37  145.61 ^ rebuffer3485/Y (BUFx6f_ASAP7_75t_R)
  14.22  159.83 v _24669_/Y (CKINVDCx11_ASAP7_75t_R)
  15.04  174.86 ^ _43284_/Y (XOR2x1_ASAP7_75t_R)
   0.00  174.86 ^ _44017_/D (DFFLQNx3_ASAP7_75t_R)
         174.86   data arrival time

   0.00    0.00   clock clk' (fall edge)
   0.00    0.00   clock network delay (ideal)
   0.00    0.00   clock reconvergence pessimism
           0.00 v _44017_/CLK (DFFLQNx3_ASAP7_75t_R)
  18.15   18.15   library hold time
          18.15   data required time
---------------------------------------------------------
          18.15   data required time
        -174.86   data arrival time
---------------------------------------------------------
         156.72   slack (MET)


Startpoint: _44271_ (falling edge-triggered flip-flop clocked by clk')
Endpoint: _44271_ (falling edge-triggered flip-flop clocked by clk')
Path Group: clk
Path Type: min

  Delay    Time   Description
---------------------------------------------------------
   0.00    0.00   clock clk' (fall edge)
   0.00    0.00   clock network delay (ideal)
   0.00    0.00 v _44271_/CLK (DFFLQNx2_ASAP7_75t_R)
  98.63   98.63 ^ _44271_/QN (DFFLQNx2_ASAP7_75t_R)
  19.79  118.42 v _25857_/Y (INVx3_ASAP7_75t_R)
  20.69  139.11 ^ _25858_/Y (XOR2x1_ASAP7_75t_R)
  15.96  155.06 v _25859_/Y (XNOR2x1_ASAP7_75t_R)
  16.17  171.23 ^ _25862_/Y (AOI21x1_ASAP7_75t_R)
   0.00  171.23 ^ _44271_/D (DFFLQNx2_ASAP7_75t_R)
         171.23   data arrival time

   0.00    0.00   clock clk' (fall edge)
   0.00    0.00   clock network delay (ideal)
   0.00    0.00   clock reconvergence pessimism
           0.00 v _44271_/CLK (DFFLQNx2_ASAP7_75t_R)
  14.41   14.41   library hold time
          14.41   data required time
---------------------------------------------------------
          14.41   data required time
        -171.23   data arrival time
---------------------------------------------------------
         156.82   slack (MET)


Startpoint: _44233_ (falling edge-triggered flip-flop clocked by clk')
Endpoint: _44233_ (falling edge-triggered flip-flop clocked by clk')
Path Group: clk
Path Type: min

  Delay    Time   Description
---------------------------------------------------------
   0.00    0.00   clock clk' (fall edge)
   0.00    0.00   clock network delay (ideal)
   0.00    0.00 v _44233_/CLK (DFFLQNx2_ASAP7_75t_R)
  88.69   88.69 ^ _44233_/QN (DFFLQNx2_ASAP7_75t_R)
  49.62  138.31 v _25833_/Y (XOR2x2_ASAP7_75t_R)
  13.11  151.42 ^ _25978_/Y (NOR2x1_ASAP7_75t_R)
  20.50  171.92 ^ _25979_/Y (AO21x1_ASAP7_75t_R)
   0.00  171.92 ^ _44233_/D (DFFLQNx2_ASAP7_75t_R)
         171.92   data arrival time

   0.00    0.00   clock clk' (fall edge)
   0.00    0.00   clock network delay (ideal)
   0.00    0.00   clock reconvergence pessimism
           0.00 v _44233_/CLK (DFFLQNx2_ASAP7_75t_R)
  14.81   14.81   library hold time
          14.81   data required time
---------------------------------------------------------
          14.81   data required time
        -171.92   data arrival time
---------------------------------------------------------
         157.11   slack (MET)


Startpoint: _44245_ (falling edge-triggered flip-flop clocked by clk')
Endpoint: _44277_ (falling edge-triggered flip-flop clocked by clk')
Path Group: clk
Path Type: min

  Delay    Time   Description
---------------------------------------------------------
   0.00    0.00   clock clk' (fall edge)
   0.00    0.00   clock network delay (ideal)
   0.00    0.00 v _44245_/CLK (DFFLQNx2_ASAP7_75t_R)
 111.02  111.02 v _44245_/QN (DFFLQNx2_ASAP7_75t_R)
  26.98  138.00 ^ _25900_/Y (XOR2x1_ASAP7_75t_R)
  17.78  155.78 v _25901_/Y (XOR2x1_ASAP7_75t_R)
  15.89  171.67 ^ _25903_/Y (AOI21x1_ASAP7_75t_R)
   0.00  171.67 ^ _44277_/D (DFFLQNx2_ASAP7_75t_R)
         171.67   data arrival time

   0.00    0.00   clock clk' (fall edge)
   0.00    0.00   clock network delay (ideal)
   0.00    0.00   clock reconvergence pessimism
           0.00 v _44277_/CLK (DFFLQNx2_ASAP7_75t_R)
  14.41   14.41   library hold time
          14.41   data required time
---------------------------------------------------------
          14.41   data required time
        -171.67   data arrival time
---------------------------------------------------------
         157.26   slack (MET)


Startpoint: _44260_ (falling edge-triggered flip-flop clocked by clk')
Endpoint: _44260_ (falling edge-triggered flip-flop clocked by clk')
Path Group: clk
Path Type: min

  Delay    Time   Description
---------------------------------------------------------
   0.00    0.00   clock clk' (fall edge)
   0.00    0.00   clock network delay (ideal)
   0.00    0.00 v _44260_/CLK (DFFLQNx2_ASAP7_75t_R)
  91.98   91.98 ^ _44260_/QN (DFFLQNx2_ASAP7_75t_R)
  47.10  139.08 ^ _23668_/Y (XNOR2x2_ASAP7_75t_R)
  16.79  155.87 v _25815_/Y (XOR2x1_ASAP7_75t_R)
  15.89  171.76 ^ _25817_/Y (AOI21x1_ASAP7_75t_R)
   0.00  171.76 ^ _44260_/D (DFFLQNx2_ASAP7_75t_R)
         171.76   data arrival time

   0.00    0.00   clock clk' (fall edge)
   0.00    0.00   clock network delay (ideal)
   0.00    0.00   clock reconvergence pessimism
           0.00 v _44260_/CLK (DFFLQNx2_ASAP7_75t_R)
  14.41   14.41   library hold time
          14.41   data required time
---------------------------------------------------------
          14.41   data required time
        -171.76   data arrival time
---------------------------------------------------------
         157.35   slack (MET)


Startpoint: _43820_ (falling edge-triggered flip-flop clocked by clk')
Endpoint: _44246_ (falling edge-triggered flip-flop clocked by clk')
Path Group: clk
Path Type: min

  Delay    Time   Description
---------------------------------------------------------
   0.00    0.00   clock clk' (fall edge)
   0.00    0.00   clock network delay (ideal)
   0.00    0.00 v _43820_/CLK (DFFLQNx2_ASAP7_75t_R)
  89.62   89.62 ^ _43820_/QN (DFFLQNx2_ASAP7_75t_R)
  20.27  109.89 v _26029_/Y (XNOR2x1_ASAP7_75t_R)
  15.84  125.72 ^ _26031_/Y (NOR2x1_ASAP7_75t_R)
  28.08  153.81 ^ _26032_/Y (OA21x2_ASAP7_75t_R)
  19.16  172.97 ^ _26033_/Y (AO21x1_ASAP7_75t_R)
   0.00  172.97 ^ _44246_/D (DFFLQNx2_ASAP7_75t_R)
         172.97   data arrival time

   0.00    0.00   clock clk' (fall edge)
   0.00    0.00   clock network delay (ideal)
   0.00    0.00   clock reconvergence pessimism
           0.00 v _44246_/CLK (DFFLQNx2_ASAP7_75t_R)
  14.82   14.82   library hold time
          14.82   data required time
---------------------------------------------------------
          14.82   data required time
        -172.97   data arrival time
---------------------------------------------------------
         158.15   slack (MET)


Startpoint: _44331_ (falling edge-triggered flip-flop clocked by clk')
Endpoint: _44020_ (falling edge-triggered flip-flop clocked by clk')
Path Group: clk
Path Type: min

  Delay    Time   Description
---------------------------------------------------------
   0.00    0.00   clock clk' (fall edge)
   0.00    0.00   clock network delay (ideal)
   0.00    0.00 v _44331_/CLK (DFFLQNx2_ASAP7_75t_R)
  81.34   81.34 ^ _44331_/QN (DFFLQNx2_ASAP7_75t_R)
  35.87  117.22 ^ rebuffer3512/Y (BUFx2_ASAP7_75t_R)
  30.81  148.03 ^ rebuffer3513/Y (BUFx2_ASAP7_75t_R)
  28.81  176.84 ^ _43287_/Y (XOR2x1_ASAP7_75t_R)
   0.00  176.84 ^ _44020_/D (DFFLQNx3_ASAP7_75t_R)
         176.84   data arrival time

   0.00    0.00   clock clk' (fall edge)
   0.00    0.00   clock network delay (ideal)
   0.00    0.00   clock reconvergence pessimism
           0.00 v _44020_/CLK (DFFLQNx3_ASAP7_75t_R)
  18.24   18.24   library hold time
          18.24   data required time
---------------------------------------------------------
          18.24   data required time
        -176.84   data arrival time
---------------------------------------------------------
         158.60   slack (MET)


Startpoint: _43814_ (falling edge-triggered flip-flop clocked by clk')
Endpoint: _44336_ (falling edge-triggered flip-flop clocked by clk')
Path Group: clk
Path Type: min

  Delay    Time   Description
---------------------------------------------------------
   0.00    0.00   clock clk' (fall edge)
   0.00    0.00   clock network delay (ideal)
   0.00    0.00 v _43814_/CLK (DFFLQNx2_ASAP7_75t_R)
  91.80   91.80 ^ _43814_/QN (DFFLQNx2_ASAP7_75t_R)
  17.21  109.01 v _25051_/Y (XNOR2x1_ASAP7_75t_R)
  16.48  125.50 ^ _25052_/Y (INVx1_ASAP7_75t_R)
  23.37  148.86 ^ _25054_/Y (AO21x1_ASAP7_75t_R)
  11.74  160.60 v _25055_/Y (NAND2x1_ASAP7_75t_R)
  15.21  175.81 ^ _25058_/Y (AOI21x1_ASAP7_75t_R)
   0.00  175.81 ^ _44336_/D (DFFLQNx3_ASAP7_75t_R)
         175.81   data arrival time

   0.00    0.00   clock clk' (fall edge)
   0.00    0.00   clock network delay (ideal)
   0.00    0.00   clock reconvergence pessimism
           0.00 v _44336_/CLK (DFFLQNx3_ASAP7_75t_R)
  17.15   17.15   library hold time
          17.15   data required time
---------------------------------------------------------
          17.15   data required time
        -175.81   data arrival time
---------------------------------------------------------
         158.66   slack (MET)


Startpoint: _44215_ (falling edge-triggered flip-flop clocked by clk')
Endpoint: _43976_ (falling edge-triggered flip-flop clocked by clk')
Path Group: clk
Path Type: min

  Delay    Time   Description
---------------------------------------------------------
   0.00    0.00   clock clk' (fall edge)
   0.00    0.00   clock network delay (ideal)
   0.00    0.00 v _44215_/CLK (DFFLQNx2_ASAP7_75t_R)
  97.37   97.37 ^ _44215_/QN (DFFLQNx2_ASAP7_75t_R)
  24.69  122.06 v _40065_/Y (INVx2_ASAP7_75t_R)
  51.09  173.15 ^ _43323_/Y (XOR2x2_ASAP7_75t_R)
   0.00  173.15 ^ _43976_/D (DFFLQNx2_ASAP7_75t_R)
         173.15   data arrival time

   0.00    0.00   clock clk' (fall edge)
   0.00    0.00   clock network delay (ideal)
   0.00    0.00   clock reconvergence pessimism
           0.00 v _43976_/CLK (DFFLQNx2_ASAP7_75t_R)
  14.48   14.48   library hold time
          14.48   data required time
---------------------------------------------------------
          14.48   data required time
        -173.15   data arrival time
---------------------------------------------------------
         158.67   slack (MET)


Startpoint: _44292_ (falling edge-triggered flip-flop clocked by clk')
Endpoint: _44324_ (falling edge-triggered flip-flop clocked by clk')
Path Group: clk
Path Type: min

  Delay    Time   Description
---------------------------------------------------------
   0.00    0.00   clock clk' (fall edge)
   0.00    0.00   clock network delay (ideal)
   0.00    0.00 v _44292_/CLK (DFFLQNx2_ASAP7_75t_R)
  98.00   98.00 ^ _44292_/QN (DFFLQNx2_ASAP7_75t_R)
  23.85  121.85 v _23666_/Y (XNOR2x1_ASAP7_75t_R)
  21.76  143.61 ^ _23669_/Y (XNOR2x1_ASAP7_75t_R)
  15.43  159.04 v _23670_/Y (XOR2x1_ASAP7_75t_R)
  16.02  175.06 ^ _23672_/Y (OAI21x1_ASAP7_75t_R)
   0.00  175.06 ^ _44324_/D (DFFLQNx2_ASAP7_75t_R)
         175.06   data arrival time

   0.00    0.00   clock clk' (fall edge)
   0.00    0.00   clock network delay (ideal)
   0.00    0.00   clock reconvergence pessimism
           0.00 v _44324_/CLK (DFFLQNx2_ASAP7_75t_R)
  15.46   15.46   library hold time
          15.46   data required time
---------------------------------------------------------
          15.46   data required time
        -175.06   data arrival time
---------------------------------------------------------
         159.60   slack (MET)


Startpoint: _44212_ (falling edge-triggered flip-flop clocked by clk')
Endpoint: _43815_ (falling edge-triggered flip-flop clocked by clk')
Path Group: clk
Path Type: min

  Delay    Time   Description
---------------------------------------------------------
   0.00    0.00   clock clk' (fall edge)
   0.00    0.00   clock network delay (ideal)
   0.00    0.00 v _44212_/CLK (DFFLQNx2_ASAP7_75t_R)
  82.14   82.14 ^ _44212_/QN (DFFLQNx2_ASAP7_75t_R)
  23.61  105.75 v _43809_/CON (HAxp5_ASAP7_75t_R)
  17.60  123.35 ^ _43776_/Y (INVx1_ASAP7_75t_R)
  25.54  148.90 ^ _43780_/Y (AO21x1_ASAP7_75t_R)
  26.01  174.90 ^ _43781_/Y (AND2x2_ASAP7_75t_R)
   0.00  174.90 ^ _43815_/D (DFFLQNx2_ASAP7_75t_R)
         174.90   data arrival time

   0.00    0.00   clock clk' (fall edge)
   0.00    0.00   clock network delay (ideal)
   0.00    0.00   clock reconvergence pessimism
           0.00 v _43815_/CLK (DFFLQNx2_ASAP7_75t_R)
  14.80   14.80   library hold time
          14.80   data required time
---------------------------------------------------------
          14.80   data required time
        -174.90   data arrival time
---------------------------------------------------------
         160.10   slack (MET)


Startpoint: _43816_ (falling edge-triggered flip-flop clocked by clk')
Endpoint: _44242_ (falling edge-triggered flip-flop clocked by clk')
Path Group: clk
Path Type: min

  Delay    Time   Description
---------------------------------------------------------
   0.00    0.00   clock clk' (fall edge)
   0.00    0.00   clock network delay (ideal)
   0.00    0.00 v _43816_/CLK (DFFLQNx2_ASAP7_75t_R)
  85.26   85.26 ^ _43816_/QN (DFFLQNx2_ASAP7_75t_R)
  39.85  125.10 ^ _26011_/Y (XNOR2x1_ASAP7_75t_R)
  14.55  139.65 v _26013_/Y (NAND2x1_ASAP7_75t_R)
  14.93  154.58 ^ _26014_/Y (AOI21x1_ASAP7_75t_R)
  20.66  175.24 ^ _26015_/Y (AO21x1_ASAP7_75t_R)
   0.00  175.24 ^ _44242_/D (DFFLQNx2_ASAP7_75t_R)
         175.24   data arrival time

   0.00    0.00   clock clk' (fall edge)
   0.00    0.00   clock network delay (ideal)
   0.00    0.00   clock reconvergence pessimism
           0.00 v _44242_/CLK (DFFLQNx2_ASAP7_75t_R)
  14.80   14.80   library hold time
          14.80   data required time
---------------------------------------------------------
          14.80   data required time
        -175.24   data arrival time
---------------------------------------------------------
         160.43   slack (MET)


Startpoint: _44235_ (falling edge-triggered flip-flop clocked by clk')
Endpoint: _44267_ (falling edge-triggered flip-flop clocked by clk')
Path Group: clk
Path Type: min

  Delay    Time   Description
---------------------------------------------------------
   0.00    0.00   clock clk' (fall edge)
   0.00    0.00   clock network delay (ideal)
   0.00    0.00 v _44235_/CLK (DFFLQNx2_ASAP7_75t_R)
 100.81  100.81 ^ _44235_/QN (DFFLQNx2_ASAP7_75t_R)
  42.48  143.28 ^ _25842_/Y (XNOR2x1_ASAP7_75t_R)
  15.87  159.15 v _25843_/Y (XOR2x1_ASAP7_75t_R)
  15.89  175.04 ^ _25845_/Y (AOI21x1_ASAP7_75t_R)
   0.00  175.04 ^ _44267_/D (DFFLQNx2_ASAP7_75t_R)
         175.04   data arrival time

   0.00    0.00   clock clk' (fall edge)
   0.00    0.00   clock network delay (ideal)
   0.00    0.00   clock reconvergence pessimism
           0.00 v _44267_/CLK (DFFLQNx2_ASAP7_75t_R)
  14.58   14.58   library hold time
          14.58   data required time
---------------------------------------------------------
          14.58   data required time
        -175.04   data arrival time
---------------------------------------------------------
         160.47   slack (MET)


Startpoint: _44267_ (falling edge-triggered flip-flop clocked by clk')
Endpoint: _44331_ (falling edge-triggered flip-flop clocked by clk')
Path Group: clk
Path Type: min

  Delay    Time   Description
---------------------------------------------------------
   0.00    0.00   clock clk' (fall edge)
   0.00    0.00   clock network delay (ideal)
   0.00    0.00 v _44267_/CLK (DFFLQNx2_ASAP7_75t_R)
  98.93   98.93 ^ _44267_/QN (DFFLQNx2_ASAP7_75t_R)
  23.39  122.32 v _24455_/Y (XOR2x1_ASAP7_75t_R)
  20.18  142.50 ^ _24456_/Y (XOR2x1_ASAP7_75t_R)
  17.67  160.17 v _24457_/Y (XOR2x1_ASAP7_75t_R)
  16.02  176.20 ^ _24459_/Y (OAI21x1_ASAP7_75t_R)
   0.00  176.20 ^ _44331_/D (DFFLQNx2_ASAP7_75t_R)
         176.20   data arrival time

   0.00    0.00   clock clk' (fall edge)
   0.00    0.00   clock network delay (ideal)
   0.00    0.00   clock reconvergence pessimism
           0.00 v _44331_/CLK (DFFLQNx2_ASAP7_75t_R)
  15.46   15.46   library hold time
          15.46   data required time
---------------------------------------------------------
          15.46   data required time
        -176.20   data arrival time
---------------------------------------------------------
         160.74   slack (MET)


Startpoint: _44216_ (falling edge-triggered flip-flop clocked by clk')
Endpoint: _44248_ (falling edge-triggered flip-flop clocked by clk')
Path Group: clk
Path Type: min

  Delay    Time   Description
---------------------------------------------------------
   0.00    0.00   clock clk' (fall edge)
   0.00    0.00   clock network delay (ideal)
   0.00    0.00 v _44216_/CLK (DFFLQNx2_ASAP7_75t_R)
  95.48   95.48 ^ _44216_/QN (DFFLQNx2_ASAP7_75t_R)
  47.71  143.19 ^ _25550_/Y (XOR2x2_ASAP7_75t_R)
  17.60  160.79 v _25771_/Y (XOR2x1_ASAP7_75t_R)
  15.89  176.68 ^ _25773_/Y (AOI21x1_ASAP7_75t_R)
   0.00  176.68 ^ _44248_/D (DFFLQNx2_ASAP7_75t_R)
         176.68   data arrival time

   0.00    0.00   clock clk' (fall edge)
   0.00    0.00   clock network delay (ideal)
   0.00    0.00   clock reconvergence pessimism
           0.00 v _44248_/CLK (DFFLQNx2_ASAP7_75t_R)
  14.41   14.41   library hold time
          14.41   data required time
---------------------------------------------------------
          14.41   data required time
        -176.68   data arrival time
---------------------------------------------------------
         162.27   slack (MET)


Startpoint: _44264_ (falling edge-triggered flip-flop clocked by clk')
Endpoint: _44264_ (falling edge-triggered flip-flop clocked by clk')
Path Group: clk
Path Type: min

  Delay    Time   Description
---------------------------------------------------------
   0.00    0.00   clock clk' (fall edge)
   0.00    0.00   clock network delay (ideal)
   0.00    0.00 v _44264_/CLK (DFFLQNx2_ASAP7_75t_R)
  95.53   95.53 ^ _44264_/QN (DFFLQNx2_ASAP7_75t_R)
  48.82  144.35 ^ _25663_/Y (XOR2x2_ASAP7_75t_R)
  17.60  161.95 v _25830_/Y (XOR2x1_ASAP7_75t_R)
  15.89  177.84 ^ _25832_/Y (AOI21x1_ASAP7_75t_R)
   0.00  177.84 ^ _44264_/D (DFFLQNx2_ASAP7_75t_R)
         177.84   data arrival time

   0.00    0.00   clock clk' (fall edge)
   0.00    0.00   clock network delay (ideal)
   0.00    0.00   clock reconvergence pessimism
           0.00 v _44264_/CLK (DFFLQNx2_ASAP7_75t_R)
  14.64   14.64   library hold time
          14.64   data required time
---------------------------------------------------------
          14.64   data required time
        -177.84   data arrival time
---------------------------------------------------------
         163.20   slack (MET)


Startpoint: _44335_ (falling edge-triggered flip-flop clocked by clk')
Endpoint: _44048_ (falling edge-triggered flip-flop clocked by clk')
Path Group: clk
Path Type: min

  Delay    Time   Description
---------------------------------------------------------
   0.00    0.00   clock clk' (fall edge)
   0.00    0.00   clock network delay (ideal)
   0.00    0.00 v _44335_/CLK (DFFLQNx3_ASAP7_75t_R)
 110.31  110.31 ^ _44335_/QN (DFFLQNx3_ASAP7_75t_R)
  42.72  153.03 ^ rebuffer1927/Y (BUFx2_ASAP7_75t_R)
  28.60  181.63 ^ _43251_/Y (XOR2x1_ASAP7_75t_R)
   0.00  181.63 ^ _44048_/D (DFFLQNx3_ASAP7_75t_R)
         181.63   data arrival time

   0.00    0.00   clock clk' (fall edge)
   0.00    0.00   clock network delay (ideal)
   0.00    0.00   clock reconvergence pessimism
           0.00 v _44048_/CLK (DFFLQNx3_ASAP7_75t_R)
  18.25   18.25   library hold time
          18.25   data required time
---------------------------------------------------------
          18.25   data required time
        -181.63   data arrival time
---------------------------------------------------------
         163.38   slack (MET)


Startpoint: _43817_ (falling edge-triggered flip-flop clocked by clk')
Endpoint: _44243_ (falling edge-triggered flip-flop clocked by clk')
Path Group: clk
Path Type: min

  Delay    Time   Description
---------------------------------------------------------
   0.00    0.00   clock clk' (fall edge)
   0.00    0.00   clock network delay (ideal)
   0.00    0.00 v _43817_/CLK (DFFLQNx2_ASAP7_75t_R)
  94.07   94.07 ^ _43817_/QN (DFFLQNx2_ASAP7_75t_R)
  21.12  115.19 v _26016_/Y (XNOR2x1_ASAP7_75t_R)
  15.84  131.02 ^ _26018_/Y (NOR2x1_ASAP7_75t_R)
  28.08  159.11 ^ _26019_/Y (OA21x2_ASAP7_75t_R)
  19.18  178.29 ^ _26020_/Y (AO21x1_ASAP7_75t_R)
   0.00  178.29 ^ _44243_/D (DFFLQNx2_ASAP7_75t_R)
         178.29   data arrival time

   0.00    0.00   clock clk' (fall edge)
   0.00    0.00   clock network delay (ideal)
   0.00    0.00   clock reconvergence pessimism
           0.00 v _44243_/CLK (DFFLQNx2_ASAP7_75t_R)
  14.82   14.82   library hold time
          14.82   data required time
---------------------------------------------------------
          14.82   data required time
        -178.29   data arrival time
---------------------------------------------------------
         163.47   slack (MET)


Startpoint: _44211_ (falling edge-triggered flip-flop clocked by clk')
Endpoint: _43816_ (falling edge-triggered flip-flop clocked by clk')
Path Group: clk
Path Type: min

  Delay    Time   Description
---------------------------------------------------------
   0.00    0.00   clock clk' (fall edge)
   0.00    0.00   clock network delay (ideal)
   0.00    0.00 v _44211_/CLK (DFFLQNx2_ASAP7_75t_R)
  86.53   86.53 ^ _44211_/QN (DFFLQNx2_ASAP7_75t_R)
  23.00  109.53 v _43808_/CON (HAxp5_ASAP7_75t_R)
  18.07  127.60 ^ _43782_/Y (INVx1_ASAP7_75t_R)
  25.67  153.26 ^ _43783_/Y (AO21x1_ASAP7_75t_R)
  26.01  179.28 ^ _43784_/Y (AND2x2_ASAP7_75t_R)
   0.00  179.28 ^ _43816_/D (DFFLQNx2_ASAP7_75t_R)
         179.28   data arrival time

   0.00    0.00   clock clk' (fall edge)
   0.00    0.00   clock network delay (ideal)
   0.00    0.00   clock reconvergence pessimism
           0.00 v _43816_/CLK (DFFLQNx2_ASAP7_75t_R)
  14.80   14.80   library hold time
          14.80   data required time
---------------------------------------------------------
          14.80   data required time
        -179.28   data arrival time
---------------------------------------------------------
         164.48   slack (MET)


Startpoint: _44216_ (falling edge-triggered flip-flop clocked by clk')
Endpoint: _44216_ (falling edge-triggered flip-flop clocked by clk')
Path Group: clk
Path Type: min

  Delay    Time   Description
---------------------------------------------------------
   0.00    0.00   clock clk' (fall edge)
   0.00    0.00   clock network delay (ideal)
   0.00    0.00 v _44216_/CLK (DFFLQNx2_ASAP7_75t_R)
 109.36  109.36 v _44216_/QN (DFFLQNx2_ASAP7_75t_R)
  33.46  142.81 ^ _25915_/Y (INVx1_ASAP7_75t_R)
  21.18  163.99 v _25916_/Y (XOR2x1_ASAP7_75t_R)
  16.02  180.02 ^ _25918_/Y (OAI21x1_ASAP7_75t_R)
   0.00  180.02 ^ _44216_/D (DFFLQNx2_ASAP7_75t_R)
         180.02   data arrival time

   0.00    0.00   clock clk' (fall edge)
   0.00    0.00   clock network delay (ideal)
   0.00    0.00   clock reconvergence pessimism
           0.00 v _44216_/CLK (DFFLQNx2_ASAP7_75t_R)
  15.46   15.46   library hold time
          15.46   data required time
---------------------------------------------------------
          15.46   data required time
        -180.02   data arrival time
---------------------------------------------------------
         164.56   slack (MET)


Startpoint: _44269_ (falling edge-triggered flip-flop clocked by clk')
Endpoint: _44333_ (falling edge-triggered flip-flop clocked by clk')
Path Group: clk
Path Type: min

  Delay    Time   Description
---------------------------------------------------------
   0.00    0.00   clock clk' (fall edge)
   0.00    0.00   clock network delay (ideal)
   0.00    0.00 v _44269_/CLK (DFFLQNx2_ASAP7_75t_R)
  87.85   87.85 ^ _44269_/QN (DFFLQNx2_ASAP7_75t_R)
  20.20  108.05 v _24537_/Y (INVx3_ASAP7_75t_R)
  16.35  124.40 ^ _24538_/Y (XOR2x1_ASAP7_75t_R)
  13.83  138.22 v _24539_/Y (INVx1_ASAP7_75t_R)
  17.35  155.57 ^ _24599_/Y (NOR2x1_ASAP7_75t_R)
  14.23  169.79 v _24601_/Y (OAI21x1_ASAP7_75t_R)
  10.12  179.91 ^ _24602_/Y (OAI21x1_ASAP7_75t_R)
   0.00  179.91 ^ _44333_/D (DFFLQNx2_ASAP7_75t_R)
         179.91   data arrival time

   0.00    0.00   clock clk' (fall edge)
   0.00    0.00   clock network delay (ideal)
   0.00    0.00   clock reconvergence pessimism
           0.00 v _44333_/CLK (DFFLQNx2_ASAP7_75t_R)
  15.25   15.25   library hold time
          15.25   data required time
---------------------------------------------------------
          15.25   data required time
        -179.91   data arrival time
---------------------------------------------------------
         164.66   slack (MET)


Startpoint: _44212_ (falling edge-triggered flip-flop clocked by clk')
Endpoint: _43818_ (falling edge-triggered flip-flop clocked by clk')
Path Group: clk
Path Type: min

  Delay    Time   Description
---------------------------------------------------------
   0.00    0.00   clock clk' (fall edge)
   0.00    0.00   clock network delay (ideal)
   0.00    0.00 v _44212_/CLK (DFFLQNx2_ASAP7_75t_R)
  82.14   82.14 ^ _44212_/QN (DFFLQNx2_ASAP7_75t_R)
  23.61  105.75 v _43807_/CON (HAxp5_ASAP7_75t_R)
  21.30  127.05 ^ _43771_/Y (INVx1_ASAP7_75t_R)
  26.70  153.75 ^ _43788_/Y (AO21x1_ASAP7_75t_R)
  26.01  179.76 ^ _43789_/Y (AND2x2_ASAP7_75t_R)
   0.00  179.76 ^ _43818_/D (DFFLQNx2_ASAP7_75t_R)
         179.76   data arrival time

   0.00    0.00   clock clk' (fall edge)
   0.00    0.00   clock network delay (ideal)
   0.00    0.00   clock reconvergence pessimism
           0.00 v _43818_/CLK (DFFLQNx2_ASAP7_75t_R)
  14.80   14.80   library hold time
          14.80   data required time
---------------------------------------------------------
          14.80   data required time
        -179.76   data arrival time
---------------------------------------------------------
         164.96   slack (MET)


Startpoint: _44212_ (falling edge-triggered flip-flop clocked by clk')
Endpoint: _43814_ (falling edge-triggered flip-flop clocked by clk')
Path Group: clk
Path Type: min

  Delay    Time   Description
---------------------------------------------------------
   0.00    0.00   clock clk' (fall edge)
   0.00    0.00   clock network delay (ideal)
   0.00    0.00 v _44212_/CLK (DFFLQNx2_ASAP7_75t_R)
  82.14   82.14 ^ _44212_/QN (DFFLQNx2_ASAP7_75t_R)
  23.61  105.75 v _43807_/CON (HAxp5_ASAP7_75t_R)
  21.30  127.05 ^ _43771_/Y (INVx1_ASAP7_75t_R)
  26.70  153.75 ^ _43774_/Y (AO21x1_ASAP7_75t_R)
  26.01  179.76 ^ _43775_/Y (AND2x2_ASAP7_75t_R)
   0.00  179.76 ^ _43814_/D (DFFLQNx2_ASAP7_75t_R)
         179.76   data arrival time

   0.00    0.00   clock clk' (fall edge)
   0.00    0.00   clock network delay (ideal)
   0.00    0.00   clock reconvergence pessimism
           0.00 v _43814_/CLK (DFFLQNx2_ASAP7_75t_R)
  14.80   14.80   library hold time
          14.80   data required time
---------------------------------------------------------
          14.80   data required time
        -179.76   data arrival time
---------------------------------------------------------
         164.97   slack (MET)


Startpoint: _44319_ (falling edge-triggered flip-flop clocked by clk')
Endpoint: _43984_ (falling edge-triggered flip-flop clocked by clk')
Path Group: clk
Path Type: min

  Delay    Time   Description
---------------------------------------------------------
   0.00    0.00   clock clk' (fall edge)
   0.00    0.00   clock network delay (ideal)
   0.00    0.00 v _44319_/CLK (DFFLQNx3_ASAP7_75t_R)
 110.02  110.02 ^ _44319_/QN (DFFLQNx3_ASAP7_75t_R)
  39.95  149.97 ^ rebuffer3562/Y (BUFx6f_ASAP7_75t_R)
  13.63  163.61 v _23831_/Y (CKINVDCx10_ASAP7_75t_R)
  14.86  178.47 ^ _43315_/Y (XOR2x1_ASAP7_75t_R)
   0.00  178.47 ^ _43984_/D (DFFLQNx2_ASAP7_75t_R)
         178.47   data arrival time

   0.00    0.00   clock clk' (fall edge)
   0.00    0.00   clock network delay (ideal)
   0.00    0.00   clock reconvergence pessimism
           0.00 v _43984_/CLK (DFFLQNx2_ASAP7_75t_R)
  13.46   13.46   library hold time
          13.46   data required time
---------------------------------------------------------
          13.46   data required time
        -178.47   data arrival time
---------------------------------------------------------
         165.01   slack (MET)


Startpoint: _44247_ (falling edge-triggered flip-flop clocked by clk')
Endpoint: _44311_ (falling edge-triggered flip-flop clocked by clk')
Path Group: clk
Path Type: min

  Delay    Time   Description
---------------------------------------------------------
   0.00    0.00   clock clk' (fall edge)
   0.00    0.00   clock network delay (ideal)
   0.00    0.00 v _44247_/CLK (DFFLQNx2_ASAP7_75t_R)
 104.39  104.39 v _44247_/QN (DFFLQNx2_ASAP7_75t_R)
  19.79  124.18 ^ _22391_/Y (INVx6_ASAP7_75t_R)
  18.00  142.18 v _22392_/Y (XOR2x1_ASAP7_75t_R)
  14.62  156.80 ^ _22393_/Y (AOI21x1_ASAP7_75t_R)
  12.73  169.53 v _22397_/Y (OAI21x1_ASAP7_75t_R)
  12.88  182.41 ^ _22398_/Y (NAND2x1_ASAP7_75t_R)
   0.00  182.41 ^ _44311_/D (DFFLQNx3_ASAP7_75t_R)
         182.41   data arrival time

   0.00    0.00   clock clk' (fall edge)
   0.00    0.00   clock network delay (ideal)
   0.00    0.00   clock reconvergence pessimism
           0.00 v _44311_/CLK (DFFLQNx3_ASAP7_75t_R)
  17.13   17.13   library hold time
          17.13   data required time
---------------------------------------------------------
          17.13   data required time
        -182.41   data arrival time
---------------------------------------------------------
         165.28   slack (MET)


Startpoint: _44269_ (falling edge-triggered flip-flop clocked by clk')
Endpoint: _44269_ (falling edge-triggered flip-flop clocked by clk')
Path Group: clk
Path Type: min

  Delay    Time   Description
---------------------------------------------------------
   0.00    0.00   clock clk' (fall edge)
   0.00    0.00   clock network delay (ideal)
   0.00    0.00 v _44269_/CLK (DFFLQNx2_ASAP7_75t_R)
  87.85   87.85 ^ _44269_/QN (DFFLQNx2_ASAP7_75t_R)
  51.07  138.92 v _25691_/Y (XOR2x2_ASAP7_75t_R)
  15.73  154.64 ^ _25849_/Y (XOR2x1_ASAP7_75t_R)
  25.62  180.26 ^ _25851_/Y (AO21x1_ASAP7_75t_R)
   0.00  180.26 ^ _44269_/D (DFFLQNx2_ASAP7_75t_R)
         180.26   data arrival time

   0.00    0.00   clock clk' (fall edge)
   0.00    0.00   clock network delay (ideal)
   0.00    0.00   clock reconvergence pessimism
           0.00 v _44269_/CLK (DFFLQNx2_ASAP7_75t_R)
  14.82   14.82   library hold time
          14.82   data required time
---------------------------------------------------------
          14.82   data required time
        -180.26   data arrival time
---------------------------------------------------------
         165.45   slack (MET)


Startpoint: _44301_ (falling edge-triggered flip-flop clocked by clk')
Endpoint: _44301_ (falling edge-triggered flip-flop clocked by clk')
Path Group: clk
Path Type: min

  Delay    Time   Description
---------------------------------------------------------
   0.00    0.00   clock clk' (fall edge)
   0.00    0.00   clock network delay (ideal)
   0.00    0.00 v _44301_/CLK (DFFLQNx2_ASAP7_75t_R)
  99.73   99.73 v _44301_/QN (DFFLQNx2_ASAP7_75t_R)
  21.00  120.73 ^ _24535_/Y (INVx4_ASAP7_75t_R)
  18.60  139.34 v _25692_/Y (XOR2x1_ASAP7_75t_R)
  15.47  154.81 ^ _25693_/Y (XOR2x1_ASAP7_75t_R)
  25.59  180.40 ^ _25695_/Y (AO21x1_ASAP7_75t_R)
   0.00  180.40 ^ _44301_/D (DFFLQNx2_ASAP7_75t_R)
         180.40   data arrival time

   0.00    0.00   clock clk' (fall edge)
   0.00    0.00   clock network delay (ideal)
   0.00    0.00   clock reconvergence pessimism
           0.00 v _44301_/CLK (DFFLQNx2_ASAP7_75t_R)
  14.82   14.82   library hold time
          14.82   data required time
---------------------------------------------------------
          14.82   data required time
        -180.40   data arrival time
---------------------------------------------------------
         165.58   slack (MET)


Startpoint: _44287_ (falling edge-triggered flip-flop clocked by clk')
Endpoint: _44287_ (falling edge-triggered flip-flop clocked by clk')
Path Group: clk
Path Type: min

  Delay    Time   Description
---------------------------------------------------------
   0.00    0.00   clock clk' (fall edge)
   0.00    0.00   clock network delay (ideal)
   0.00    0.00 v _44287_/CLK (DFFLQNx2_ASAP7_75t_R)
  87.97   87.97 ^ _44287_/QN (DFFLQNx2_ASAP7_75t_R)
  17.81  105.78 v _22992_/Y (INVx5_ASAP7_75t_R)
  20.43  126.22 ^ _25602_/Y (XOR2x1_ASAP7_75t_R)
  16.37  142.59 v _25603_/Y (XOR2x1_ASAP7_75t_R)
  13.39  155.97 ^ _25604_/Y (NAND2x1_ASAP7_75t_R)
  24.74  180.72 ^ _25605_/Y (OA21x2_ASAP7_75t_R)
   0.00  180.72 ^ _44287_/D (DFFLQNx2_ASAP7_75t_R)
         180.72   data arrival time

   0.00    0.00   clock clk' (fall edge)
   0.00    0.00   clock network delay (ideal)
   0.00    0.00   clock reconvergence pessimism
           0.00 v _44287_/CLK (DFFLQNx2_ASAP7_75t_R)
  15.05   15.05   library hold time
          15.05   data required time
---------------------------------------------------------
          15.05   data required time
        -180.72   data arrival time
---------------------------------------------------------
         165.67   slack (MET)


Startpoint: _44272_ (falling edge-triggered flip-flop clocked by clk')
Endpoint: _44272_ (falling edge-triggered flip-flop clocked by clk')
Path Group: clk
Path Type: min

  Delay    Time   Description
---------------------------------------------------------
   0.00    0.00   clock clk' (fall edge)
   0.00    0.00   clock network delay (ideal)
   0.00    0.00 v _44272_/CLK (DFFLQNx2_ASAP7_75t_R)
  98.48   98.48 ^ _44272_/QN (DFFLQNx2_ASAP7_75t_R)
  27.75  126.22 v _25864_/Y (XOR2x1_ASAP7_75t_R)
  24.68  150.90 ^ _25865_/Y (NAND3x1_ASAP7_75t_R)
  15.16  166.06 v _25867_/Y (NAND2x1_ASAP7_75t_R)
  15.23  181.29 ^ _25869_/Y (AOI21x1_ASAP7_75t_R)
   0.00  181.29 ^ _44272_/D (DFFLQNx2_ASAP7_75t_R)
         181.29   data arrival time

   0.00    0.00   clock clk' (fall edge)
   0.00    0.00   clock network delay (ideal)
   0.00    0.00   clock reconvergence pessimism
           0.00 v _44272_/CLK (DFFLQNx2_ASAP7_75t_R)
  14.41   14.41   library hold time
          14.41   data required time
---------------------------------------------------------
          14.41   data required time
        -181.29   data arrival time
---------------------------------------------------------
         166.88   slack (MET)


Startpoint: _44285_ (falling edge-triggered flip-flop clocked by clk')
Endpoint: _44285_ (falling edge-triggered flip-flop clocked by clk')
Path Group: clk
Path Type: min

  Delay    Time   Description
---------------------------------------------------------
   0.00    0.00   clock clk' (fall edge)
   0.00    0.00   clock network delay (ideal)
   0.00    0.00 v _44285_/CLK (DFFLQNx2_ASAP7_75t_R)
  87.97   87.97 ^ _44285_/QN (DFFLQNx2_ASAP7_75t_R)
  18.02  106.00 v _22922_/Y (INVx5_ASAP7_75t_R)
  18.59  124.59 ^ _25588_/Y (XOR2x1_ASAP7_75t_R)
  33.54  158.13 ^ _25589_/Y (XOR2x2_ASAP7_75t_R)
  24.49  182.63 ^ _25591_/Y (AO21x1_ASAP7_75t_R)
   0.00  182.63 ^ _44285_/D (DFFLQNx2_ASAP7_75t_R)
         182.63   data arrival time

   0.00    0.00   clock clk' (fall edge)
   0.00    0.00   clock network delay (ideal)
   0.00    0.00   clock reconvergence pessimism
           0.00 v _44285_/CLK (DFFLQNx2_ASAP7_75t_R)
  14.82   14.82   library hold time
          14.82   data required time
---------------------------------------------------------
          14.82   data required time
        -182.63   data arrival time
---------------------------------------------------------
         167.81   slack (MET)


Startpoint: _44213_ (falling edge-triggered flip-flop clocked by clk')
Endpoint: _44213_ (falling edge-triggered flip-flop clocked by clk')
Path Group: clk
Path Type: min

  Delay    Time   Description
---------------------------------------------------------
   0.00    0.00   clock clk' (fall edge)
   0.00    0.00   clock network delay (ideal)
   0.00    0.00 v _44213_/CLK (DFFLQNx3_ASAP7_75t_R)
  83.99   83.99 ^ _44213_/QN (DFFLQNx3_ASAP7_75t_R)
  16.06  100.06 v _43356_/Y (INVx1_ASAP7_75t_R)
  23.95  124.01 ^ _43811_/CON (HAxp5_ASAP7_75t_R)
  42.23  166.24 v _43811_/SN (HAxp5_ASAP7_75t_R)
  20.00  186.24 ^ _43797_/Y (NOR2x1_ASAP7_75t_R)
   0.00  186.24 ^ _44213_/D (DFFLQNx3_ASAP7_75t_R)
         186.24   data arrival time

   0.00    0.00   clock clk' (fall edge)
   0.00    0.00   clock network delay (ideal)
   0.00    0.00   clock reconvergence pessimism
           0.00 v _44213_/CLK (DFFLQNx3_ASAP7_75t_R)
  18.40   18.40   library hold time
          18.40   data required time
---------------------------------------------------------
          18.40   data required time
        -186.24   data arrival time
---------------------------------------------------------
         167.84   slack (MET)


Startpoint: _43816_ (falling edge-triggered flip-flop clocked by clk')
Endpoint: _44338_ (falling edge-triggered flip-flop clocked by clk')
Path Group: clk
Path Type: min

  Delay    Time   Description
---------------------------------------------------------
   0.00    0.00   clock clk' (fall edge)
   0.00    0.00   clock network delay (ideal)
   0.00    0.00 v _43816_/CLK (DFFLQNx2_ASAP7_75t_R)
  85.26   85.26 ^ _43816_/QN (DFFLQNx2_ASAP7_75t_R)
  21.26  106.52 v _25167_/Y (INVx3_ASAP7_75t_R)
  20.88  127.40 ^ _25168_/Y (XOR2x1_ASAP7_75t_R)
  32.58  159.99 ^ _25258_/Y (XNOR2x1_ASAP7_75t_R)
  24.63  184.62 ^ _25260_/Y (AO21x1_ASAP7_75t_R)
   0.00  184.62 ^ _44338_/D (DFFLQNx3_ASAP7_75t_R)
         184.62   data arrival time

   0.00    0.00   clock clk' (fall edge)
   0.00    0.00   clock network delay (ideal)
   0.00    0.00   clock reconvergence pessimism
           0.00 v _44338_/CLK (DFFLQNx3_ASAP7_75t_R)
  16.74   16.74   library hold time
          16.74   data required time
---------------------------------------------------------
          16.74   data required time
        -184.62   data arrival time
---------------------------------------------------------
         167.88   slack (MET)


Startpoint: _44298_ (falling edge-triggered flip-flop clocked by clk')
Endpoint: _44330_ (falling edge-triggered flip-flop clocked by clk')
Path Group: clk
Path Type: min

  Delay    Time   Description
---------------------------------------------------------
   0.00    0.00   clock clk' (fall edge)
   0.00    0.00   clock network delay (ideal)
   0.00    0.00 v _44298_/CLK (DFFLQNx2_ASAP7_75t_R)
  82.03   82.03 ^ _44298_/QN (DFFLQNx2_ASAP7_75t_R)
  43.68  125.71 ^ _24384_/Y (XOR2x2_ASAP7_75t_R)
  17.36  143.07 v _24387_/Y (XNOR2x1_ASAP7_75t_R)
  15.94  159.00 ^ _24388_/Y (XOR2x1_ASAP7_75t_R)
  25.65  184.66 ^ _24390_/Y (AO21x1_ASAP7_75t_R)
   0.00  184.66 ^ _44330_/D (DFFLQNx3_ASAP7_75t_R)
         184.66   data arrival time

   0.00    0.00   clock clk' (fall edge)
   0.00    0.00   clock network delay (ideal)
   0.00    0.00   clock reconvergence pessimism
           0.00 v _44330_/CLK (DFFLQNx3_ASAP7_75t_R)
  16.74   16.74   library hold time
          16.74   data required time
---------------------------------------------------------
          16.74   data required time
        -184.66   data arrival time
---------------------------------------------------------
         167.92   slack (MET)


Startpoint: _44302_ (falling edge-triggered flip-flop clocked by clk')
Endpoint: _44334_ (falling edge-triggered flip-flop clocked by clk')
Path Group: clk
Path Type: min

  Delay    Time   Description
---------------------------------------------------------
   0.00    0.00   clock clk' (fall edge)
   0.00    0.00   clock network delay (ideal)
   0.00    0.00 v _44302_/CLK (DFFLQNx2_ASAP7_75t_R)
  81.36   81.36 ^ _44302_/QN (DFFLQNx2_ASAP7_75t_R)
  44.51  125.87 ^ _24660_/Y (XNOR2x2_ASAP7_75t_R)
  17.67  143.53 v _24661_/Y (XNOR2x1_ASAP7_75t_R)
  15.96  159.50 ^ _24662_/Y (XOR2x1_ASAP7_75t_R)
  25.65  185.15 ^ _24664_/Y (AO21x1_ASAP7_75t_R)
   0.00  185.15 ^ _44334_/D (DFFLQNx3_ASAP7_75t_R)
         185.15   data arrival time

   0.00    0.00   clock clk' (fall edge)
   0.00    0.00   clock network delay (ideal)
   0.00    0.00   clock reconvergence pessimism
           0.00 v _44334_/CLK (DFFLQNx3_ASAP7_75t_R)
  16.74   16.74   library hold time
          16.74   data required time
---------------------------------------------------------
          16.74   data required time
        -185.15   data arrival time
---------------------------------------------------------
         168.41   slack (MET)


Startpoint: _44285_ (falling edge-triggered flip-flop clocked by clk')
Endpoint: _44317_ (falling edge-triggered flip-flop clocked by clk')
Path Group: clk
Path Type: min

  Delay    Time   Description
---------------------------------------------------------
   0.00    0.00   clock clk' (fall edge)
   0.00    0.00   clock network delay (ideal)
   0.00    0.00 v _44285_/CLK (DFFLQNx2_ASAP7_75t_R)
  87.97   87.97 ^ _44285_/QN (DFFLQNx2_ASAP7_75t_R)
  18.02  106.00 v _22922_/Y (INVx5_ASAP7_75t_R)
  21.60  127.60 ^ _22923_/Y (XOR2x1_ASAP7_75t_R)
  17.88  145.48 v _22925_/Y (XOR2x1_ASAP7_75t_R)
  14.62  160.10 ^ _22926_/Y (AOI21x1_ASAP7_75t_R)
  13.81  173.91 v _22928_/Y (OAI21x1_ASAP7_75t_R)
  10.06  183.97 ^ _22929_/Y (OAI21x1_ASAP7_75t_R)
   0.00  183.97 ^ _44317_/D (DFFLQNx2_ASAP7_75t_R)
         183.97   data arrival time

   0.00    0.00   clock clk' (fall edge)
   0.00    0.00   clock network delay (ideal)
   0.00    0.00   clock reconvergence pessimism
           0.00 v _44317_/CLK (DFFLQNx2_ASAP7_75t_R)
  15.27   15.27   library hold time
          15.27   data required time
---------------------------------------------------------
          15.27   data required time
        -183.97   data arrival time
---------------------------------------------------------
         168.70   slack (MET)


Startpoint: _44336_ (falling edge-triggered flip-flop clocked by clk')
Endpoint: _44049_ (falling edge-triggered flip-flop clocked by clk')
Path Group: clk
Path Type: min

  Delay    Time   Description
---------------------------------------------------------
   0.00    0.00   clock clk' (fall edge)
   0.00    0.00   clock network delay (ideal)
   0.00    0.00 v _44336_/CLK (DFFLQNx3_ASAP7_75t_R)
  91.96   91.96 ^ _44336_/QN (DFFLQNx3_ASAP7_75t_R)
  34.26  126.22 ^ rebuffer1380/Y (BUFx2_ASAP7_75t_R)
  32.54  158.76 ^ split1095/Y (BUFx12_ASAP7_75t_R)
  28.35  187.11 ^ _43252_/Y (XOR2x1_ASAP7_75t_R)
   0.00  187.11 ^ _44049_/D (DFFLQNx3_ASAP7_75t_R)
         187.11   data arrival time

   0.00    0.00   clock clk' (fall edge)
   0.00    0.00   clock network delay (ideal)
   0.00    0.00   clock reconvergence pessimism
           0.00 v _44049_/CLK (DFFLQNx3_ASAP7_75t_R)
  18.29   18.29   library hold time
          18.29   data required time
---------------------------------------------------------
          18.29   data required time
        -187.11   data arrival time
---------------------------------------------------------
         168.82   slack (MET)


Startpoint: _43950_ (falling edge-triggered flip-flop clocked by clk')
Endpoint: _43950_ (falling edge-triggered flip-flop clocked by clk')
Path Group: clk
Path Type: min

  Delay    Time   Description
---------------------------------------------------------
   0.00    0.00   clock clk' (fall edge)
   0.00    0.00   clock network delay (ideal)
   0.00    0.00 v _43950_/CLK (DFFLQNx2_ASAP7_75t_R)
  93.76   93.76 v _43950_/QN (DFFLQNx2_ASAP7_75t_R)
  22.23  115.99 ^ _43802_/Y (OAI21x1_ASAP7_75t_R)
  19.44  135.43 ^ _43803_/Y (AO21x1_ASAP7_75t_R)
  25.61  161.04 ^ _43804_/Y (AND2x2_ASAP7_75t_R)
  23.08  184.13 ^ hold3917/Y (BUFx2_ASAP7_75t_R)
   0.00  184.13 ^ _43950_/D (DFFLQNx2_ASAP7_75t_R)
         184.13   data arrival time

   0.00    0.00   clock clk' (fall edge)
   0.00    0.00   clock network delay (ideal)
   0.00    0.00   clock reconvergence pessimism
           0.00 v _43950_/CLK (DFFLQNx2_ASAP7_75t_R)
  15.21   15.21   library hold time
          15.21   data required time
---------------------------------------------------------
          15.21   data required time
        -184.13   data arrival time
---------------------------------------------------------
         168.92   slack (MET)


Startpoint: _44214_ (falling edge-triggered flip-flop clocked by clk')
Endpoint: _43817_ (falling edge-triggered flip-flop clocked by clk')
Path Group: clk
Path Type: min

  Delay    Time   Description
---------------------------------------------------------
   0.00    0.00   clock clk' (fall edge)
   0.00    0.00   clock network delay (ideal)
   0.00    0.00 v _44214_/CLK (DFFLQNx1_ASAP7_75t_R)
  67.20   67.20 ^ _44214_/QN (DFFLQNx1_ASAP7_75t_R)
  42.84  110.03 ^ _43772_/Y (XOR2x2_ASAP7_75t_R)
  42.08  152.12 ^ _43779_/Y (AND3x1_ASAP7_75t_R)
  32.39  184.50 ^ _43787_/Y (OA21x2_ASAP7_75t_R)
   0.00  184.50 ^ _43817_/D (DFFLQNx2_ASAP7_75t_R)
         184.50   data arrival time

   0.00    0.00   clock clk' (fall edge)
   0.00    0.00   clock network delay (ideal)
   0.00    0.00   clock reconvergence pessimism
           0.00 v _43817_/CLK (DFFLQNx2_ASAP7_75t_R)
  14.93   14.93   library hold time
          14.93   data required time
---------------------------------------------------------
          14.93   data required time
        -184.50   data arrival time
---------------------------------------------------------
         169.57   slack (MET)


Startpoint: _44284_ (falling edge-triggered flip-flop clocked by clk')
Endpoint: _44316_ (falling edge-triggered flip-flop clocked by clk')
Path Group: clk
Path Type: min

  Delay    Time   Description
---------------------------------------------------------
   0.00    0.00   clock clk' (fall edge)
   0.00    0.00   clock network delay (ideal)
   0.00    0.00 v _44284_/CLK (DFFLQNx2_ASAP7_75t_R)
  92.77   92.77 ^ _44284_/QN (DFFLQNx2_ASAP7_75t_R)
  22.71  115.49 v _22790_/Y (XNOR2x1_ASAP7_75t_R)
  21.61  137.10 ^ _22792_/Y (XNOR2x1_ASAP7_75t_R)
  22.03  159.13 ^ _22853_/Y (AO21x1_ASAP7_75t_R)
  11.66  170.79 v _22854_/Y (NAND2x1_ASAP7_75t_R)
  15.32  186.10 ^ _22857_/Y (OAI21x1_ASAP7_75t_R)
   0.00  186.10 ^ _44316_/D (DFFLQNx2_ASAP7_75t_R)
         186.10   data arrival time

   0.00    0.00   clock clk' (fall edge)
   0.00    0.00   clock network delay (ideal)
   0.00    0.00   clock reconvergence pessimism
           0.00 v _44316_/CLK (DFFLQNx2_ASAP7_75t_R)
  15.58   15.58   library hold time
          15.58   data required time
---------------------------------------------------------
          15.58   data required time
        -186.10   data arrival time
---------------------------------------------------------
         170.52   slack (MET)


Startpoint: _44290_ (falling edge-triggered flip-flop clocked by clk')
Endpoint: _44322_ (falling edge-triggered flip-flop clocked by clk')
Path Group: clk
Path Type: min

  Delay    Time   Description
---------------------------------------------------------
   0.00    0.00   clock clk' (fall edge)
   0.00    0.00   clock network delay (ideal)
   0.00    0.00 v _44290_/CLK (DFFLQNx2_ASAP7_75t_R)
  82.55   82.55 ^ _44290_/QN (DFFLQNx2_ASAP7_75t_R)
  43.85  126.40 ^ _23533_/Y (XOR2x2_ASAP7_75t_R)
  17.36  143.76 v _23536_/Y (XNOR2x1_ASAP7_75t_R)
  15.94  159.69 ^ _23537_/Y (XOR2x1_ASAP7_75t_R)
  25.65  185.35 ^ _23539_/Y (AO21x1_ASAP7_75t_R)
   0.00  185.35 ^ _44322_/D (DFFLQNx2_ASAP7_75t_R)
         185.35   data arrival time

   0.00    0.00   clock clk' (fall edge)
   0.00    0.00   clock network delay (ideal)
   0.00    0.00   clock reconvergence pessimism
           0.00 v _44322_/CLK (DFFLQNx2_ASAP7_75t_R)
  14.82   14.82   library hold time
          14.82   data required time
---------------------------------------------------------
          14.82   data required time
        -185.35   data arrival time
---------------------------------------------------------
         170.53   slack (MET)


Startpoint: _44268_ (falling edge-triggered flip-flop clocked by clk')
Endpoint: _44268_ (falling edge-triggered flip-flop clocked by clk')
Path Group: clk
Path Type: min

  Delay    Time   Description
---------------------------------------------------------
   0.00    0.00   clock clk' (fall edge)
   0.00    0.00   clock network delay (ideal)
   0.00    0.00 v _44268_/CLK (DFFLQNx2_ASAP7_75t_R)
  92.08   92.08 ^ _44268_/QN (DFFLQNx2_ASAP7_75t_R)
  52.14  144.21 v _25686_/Y (XOR2x2_ASAP7_75t_R)
  16.48  160.69 ^ _25846_/Y (XNOR2x1_ASAP7_75t_R)
  24.70  185.38 ^ _25848_/Y (AO21x1_ASAP7_75t_R)
   0.00  185.38 ^ _44268_/D (DFFLQNx2_ASAP7_75t_R)
         185.38   data arrival time

   0.00    0.00   clock clk' (fall edge)
   0.00    0.00   clock network delay (ideal)
   0.00    0.00   clock reconvergence pessimism
           0.00 v _44268_/CLK (DFFLQNx2_ASAP7_75t_R)
  14.82   14.82   library hold time
          14.82   data required time
---------------------------------------------------------
          14.82   data required time
        -185.38   data arrival time
---------------------------------------------------------
         170.57   slack (MET)


Startpoint: _44261_ (falling edge-triggered flip-flop clocked by clk')
Endpoint: _44293_ (falling edge-triggered flip-flop clocked by clk')
Path Group: clk
Path Type: min

  Delay    Time   Description
---------------------------------------------------------
   0.00    0.00   clock clk' (fall edge)
   0.00    0.00   clock network delay (ideal)
   0.00    0.00 v _44261_/CLK (DFFLQNx2_ASAP7_75t_R)
  99.62   99.62 v _44261_/QN (DFFLQNx2_ASAP7_75t_R)
  27.30  126.92 ^ _25643_/Y (INVx2_ASAP7_75t_R)
  20.48  147.41 v _25644_/Y (XOR2x1_ASAP7_75t_R)
  14.62  162.03 ^ _25645_/Y (AOI21x1_ASAP7_75t_R)
  13.81  175.84 v _25647_/Y (OAI21x1_ASAP7_75t_R)
  10.06  185.89 ^ _25648_/Y (OAI21x1_ASAP7_75t_R)
   0.00  185.89 ^ _44293_/D (DFFLQNx2_ASAP7_75t_R)
         185.89   data arrival time

   0.00    0.00   clock clk' (fall edge)
   0.00    0.00   clock network delay (ideal)
   0.00    0.00   clock reconvergence pessimism
           0.00 v _44293_/CLK (DFFLQNx2_ASAP7_75t_R)
  15.27   15.27   library hold time
          15.27   data required time
---------------------------------------------------------
          15.27   data required time
        -185.89   data arrival time
---------------------------------------------------------
         170.62   slack (MET)


Startpoint: _44287_ (falling edge-triggered flip-flop clocked by clk')
Endpoint: _44319_ (falling edge-triggered flip-flop clocked by clk')
Path Group: clk
Path Type: min

  Delay    Time   Description
---------------------------------------------------------
   0.00    0.00   clock clk' (fall edge)
   0.00    0.00   clock network delay (ideal)
   0.00    0.00 v _44287_/CLK (DFFLQNx2_ASAP7_75t_R)
  87.97   87.97 ^ _44287_/QN (DFFLQNx2_ASAP7_75t_R)
  17.81  105.78 v _22992_/Y (INVx5_ASAP7_75t_R)
  21.55  127.33 ^ _22993_/Y (XOR2x1_ASAP7_75t_R)
  17.55  144.88 v _22995_/Y (XOR2x1_ASAP7_75t_R)
  17.96  162.84 ^ _23236_/Y (NOR2x1_ASAP7_75t_R)
  14.28  177.12 v _23238_/Y (OAI21x1_ASAP7_75t_R)
  10.13  187.24 ^ _23239_/Y (OAI21x1_ASAP7_75t_R)
   0.00  187.24 ^ _44319_/D (DFFLQNx3_ASAP7_75t_R)
         187.24   data arrival time

   0.00    0.00   clock clk' (fall edge)
   0.00    0.00   clock network delay (ideal)
   0.00    0.00   clock reconvergence pessimism
           0.00 v _44319_/CLK (DFFLQNx3_ASAP7_75t_R)
  16.34   16.34   library hold time
          16.34   data required time
---------------------------------------------------------
          16.34   data required time
        -187.24   data arrival time
---------------------------------------------------------
         170.91   slack (MET)


Startpoint: _44308_ (falling edge-triggered flip-flop clocked by clk')
Endpoint: _44308_ (falling edge-triggered flip-flop clocked by clk')
Path Group: clk
Path Type: min

  Delay    Time   Description
---------------------------------------------------------
   0.00    0.00   clock clk' (fall edge)
   0.00    0.00   clock network delay (ideal)
   0.00    0.00 v _44308_/CLK (DFFLQNx2_ASAP7_75t_R)
  82.03   82.03 ^ _44308_/QN (DFFLQNx2_ASAP7_75t_R)
  51.15  133.18 v _25399_/Y (XOR2x2_ASAP7_75t_R)
  20.76  153.93 ^ _25747_/Y (XNOR2x1_ASAP7_75t_R)
  15.52  169.45 v _25748_/Y (XOR2x1_ASAP7_75t_R)
  15.89  185.34 ^ _25751_/Y (AOI21x1_ASAP7_75t_R)
   0.00  185.34 ^ _44308_/D (DFFLQNx2_ASAP7_75t_R)
         185.34   data arrival time

   0.00    0.00   clock clk' (fall edge)
   0.00    0.00   clock network delay (ideal)
   0.00    0.00   clock reconvergence pessimism
           0.00 v _44308_/CLK (DFFLQNx2_ASAP7_75t_R)
  14.41   14.41   library hold time
          14.41   data required time
---------------------------------------------------------
          14.41   data required time
        -185.34   data arrival time
---------------------------------------------------------
         170.93   slack (MET)


Startpoint: _44281_ (falling edge-triggered flip-flop clocked by clk')
Endpoint: _44313_ (falling edge-triggered flip-flop clocked by clk')
Path Group: clk
Path Type: min

  Delay    Time   Description
---------------------------------------------------------
   0.00    0.00   clock clk' (fall edge)
   0.00    0.00   clock network delay (ideal)
   0.00    0.00 v _44281_/CLK (DFFLQNx2_ASAP7_75t_R)
  83.50   83.50 ^ _44281_/QN (DFFLQNx2_ASAP7_75t_R)
  45.22  128.73 ^ _22618_/Y (XNOR2x2_ASAP7_75t_R)
  17.67  146.40 v _22619_/Y (XNOR2x1_ASAP7_75t_R)
  15.94  162.34 ^ _22620_/Y (XOR2x1_ASAP7_75t_R)
  25.65  187.99 ^ _22625_/Y (AO21x1_ASAP7_75t_R)
   0.00  187.99 ^ _44313_/D (DFFLQNx3_ASAP7_75t_R)
         187.99   data arrival time

   0.00    0.00   clock clk' (fall edge)
   0.00    0.00   clock network delay (ideal)
   0.00    0.00   clock reconvergence pessimism
           0.00 v _44313_/CLK (DFFLQNx3_ASAP7_75t_R)
  16.74   16.74   library hold time
          16.74   data required time
---------------------------------------------------------
          16.74   data required time
        -187.99   data arrival time
---------------------------------------------------------
         171.25   slack (MET)


Startpoint: _44289_ (falling edge-triggered flip-flop clocked by clk')
Endpoint: _44321_ (falling edge-triggered flip-flop clocked by clk')
Path Group: clk
Path Type: min

  Delay    Time   Description
---------------------------------------------------------
   0.00    0.00   clock clk' (fall edge)
   0.00    0.00   clock network delay (ideal)
   0.00    0.00 v _44289_/CLK (DFFLQNx2_ASAP7_75t_R)
  83.19   83.19 ^ _44289_/QN (DFFLQNx2_ASAP7_75t_R)
  44.05  127.24 ^ _23447_/Y (XOR2x2_ASAP7_75t_R)
  17.35  144.59 v _23450_/Y (XNOR2x1_ASAP7_75t_R)
  15.94  160.53 ^ _23451_/Y (XOR2x1_ASAP7_75t_R)
  25.61  186.14 ^ _23453_/Y (AO21x1_ASAP7_75t_R)
   0.00  186.14 ^ _44321_/D (DFFLQNx2_ASAP7_75t_R)
         186.14   data arrival time

   0.00    0.00   clock clk' (fall edge)
   0.00    0.00   clock network delay (ideal)
   0.00    0.00   clock reconvergence pessimism
           0.00 v _44321_/CLK (DFFLQNx2_ASAP7_75t_R)
  14.82   14.82   library hold time
          14.82   data required time
---------------------------------------------------------
          14.82   data required time
        -186.14   data arrival time
---------------------------------------------------------
         171.33   slack (MET)


Startpoint: _44268_ (falling edge-triggered flip-flop clocked by clk')
Endpoint: _44332_ (falling edge-triggered flip-flop clocked by clk')
Path Group: clk
Path Type: min

  Delay    Time   Description
---------------------------------------------------------
   0.00    0.00   clock clk' (fall edge)
   0.00    0.00   clock network delay (ideal)
   0.00    0.00 v _44268_/CLK (DFFLQNx2_ASAP7_75t_R)
  92.08   92.08 ^ _44268_/QN (DFFLQNx2_ASAP7_75t_R)
  20.00  112.07 v _24466_/Y (INVx2_ASAP7_75t_R)
  19.97  132.05 ^ _24467_/Y (XOR2x1_ASAP7_75t_R)
  31.65  163.69 ^ _24529_/Y (AND2x2_ASAP7_75t_R)
  13.45  177.14 v _24530_/Y (OAI21x1_ASAP7_75t_R)
  10.13  187.27 ^ _24531_/Y (OAI21x1_ASAP7_75t_R)
   0.00  187.27 ^ _44332_/D (DFFLQNx2_ASAP7_75t_R)
         187.27   data arrival time

   0.00    0.00   clock clk' (fall edge)
   0.00    0.00   clock network delay (ideal)
   0.00    0.00   clock reconvergence pessimism
           0.00 v _44332_/CLK (DFFLQNx2_ASAP7_75t_R)
  15.25   15.25   library hold time
          15.25   data required time
---------------------------------------------------------
          15.25   data required time
        -187.27   data arrival time
---------------------------------------------------------
         172.01   slack (MET)


Startpoint: _43813_ (falling edge-triggered flip-flop clocked by clk')
Endpoint: _44303_ (falling edge-triggered flip-flop clocked by clk')
Path Group: clk
Path Type: min

  Delay    Time   Description
---------------------------------------------------------
   0.00    0.00   clock clk' (fall edge)
   0.00    0.00   clock network delay (ideal)
   0.00    0.00 v _43813_/CLK (DFFLQNx2_ASAP7_75t_R)
  88.66   88.66 ^ _43813_/QN (DFFLQNx2_ASAP7_75t_R)
  23.87  112.52 v _25702_/Y (XOR2x1_ASAP7_75t_R)
  19.10  131.62 ^ _25703_/Y (XNOR2x1_ASAP7_75t_R)
  40.25  171.87 v _25704_/Y (XOR2x2_ASAP7_75t_R)
  14.68  186.55 ^ _25706_/Y (AOI21x1_ASAP7_75t_R)
   0.00  186.55 ^ _44303_/D (DFFLQNx2_ASAP7_75t_R)
         186.55   data arrival time

   0.00    0.00   clock clk' (fall edge)
   0.00    0.00   clock network delay (ideal)
   0.00    0.00   clock reconvergence pessimism
           0.00 v _44303_/CLK (DFFLQNx2_ASAP7_75t_R)
  14.41   14.41   library hold time
          14.41   data required time
---------------------------------------------------------
          14.41   data required time
        -186.55   data arrival time
---------------------------------------------------------
         172.14   slack (MET)


Startpoint: _44261_ (falling edge-triggered flip-flop clocked by clk')
Endpoint: _44261_ (falling edge-triggered flip-flop clocked by clk')
Path Group: clk
Path Type: min

  Delay    Time   Description
---------------------------------------------------------
   0.00    0.00   clock clk' (fall edge)
   0.00    0.00   clock network delay (ideal)
   0.00    0.00 v _44261_/CLK (DFFLQNx2_ASAP7_75t_R)
  85.90   85.90 ^ _44261_/QN (DFFLQNx2_ASAP7_75t_R)
  45.13  131.03 ^ _23675_/Y (XNOR2x2_ASAP7_75t_R)
  31.50  162.53 ^ _25818_/Y (XNOR2x1_ASAP7_75t_R)
  24.66  187.19 ^ _25822_/Y (AO21x1_ASAP7_75t_R)
   0.00  187.19 ^ _44261_/D (DFFLQNx2_ASAP7_75t_R)
         187.19   data arrival time

   0.00    0.00   clock clk' (fall edge)
   0.00    0.00   clock network delay (ideal)
   0.00    0.00   clock reconvergence pessimism
           0.00 v _44261_/CLK (DFFLQNx2_ASAP7_75t_R)
  14.82   14.82   library hold time
          14.82   data required time
---------------------------------------------------------
          14.82   data required time
        -187.19   data arrival time
---------------------------------------------------------
         172.38   slack (MET)


Startpoint: _43814_ (falling edge-triggered flip-flop clocked by clk')
Endpoint: _44240_ (falling edge-triggered flip-flop clocked by clk')
Path Group: clk
Path Type: min

  Delay    Time   Description
---------------------------------------------------------
   0.00    0.00   clock clk' (fall edge)
   0.00    0.00   clock network delay (ideal)
   0.00    0.00 v _43814_/CLK (DFFLQNx2_ASAP7_75t_R)
  91.80   91.80 ^ _43814_/QN (DFFLQNx2_ASAP7_75t_R)
  25.33  117.13 v _25863_/Y (XOR2x1_ASAP7_75t_R)
  19.04  136.17 ^ _26002_/Y (INVx1_ASAP7_75t_R)
  23.77  159.94 ^ _26004_/Y (AO21x1_ASAP7_75t_R)
  11.75  171.69 v _26005_/Y (NAND2x1_ASAP7_75t_R)
  15.22  186.91 ^ _26007_/Y (AOI21x1_ASAP7_75t_R)
   0.00  186.91 ^ _44240_/D (DFFLQNx2_ASAP7_75t_R)
         186.91   data arrival time

   0.00    0.00   clock clk' (fall edge)
   0.00    0.00   clock network delay (ideal)
   0.00    0.00   clock reconvergence pessimism
           0.00 v _44240_/CLK (DFFLQNx2_ASAP7_75t_R)
  14.41   14.41   library hold time
          14.41   data required time
---------------------------------------------------------
          14.41   data required time
        -186.91   data arrival time
---------------------------------------------------------
         172.50   slack (MET)


Startpoint: _44265_ (falling edge-triggered flip-flop clocked by clk')
Endpoint: _44297_ (falling edge-triggered flip-flop clocked by clk')
Path Group: clk
Path Type: min

  Delay    Time   Description
---------------------------------------------------------
   0.00    0.00   clock clk' (fall edge)
   0.00    0.00   clock network delay (ideal)
   0.00    0.00 v _44265_/CLK (DFFLQNx2_ASAP7_75t_R)
  99.57   99.57 ^ _44265_/QN (DFFLQNx2_ASAP7_75t_R)
  25.96  125.54 v _25668_/Y (XOR2x1_ASAP7_75t_R)
  14.92  140.45 ^ _25670_/Y (NOR2x1_ASAP7_75t_R)
  27.96  168.41 ^ _25671_/Y (OA21x2_ASAP7_75t_R)
  19.18  187.59 ^ _25672_/Y (AO21x1_ASAP7_75t_R)
   0.00  187.59 ^ _44297_/D (DFFLQNx2_ASAP7_75t_R)
         187.59   data arrival time

   0.00    0.00   clock clk' (fall edge)
   0.00    0.00   clock network delay (ideal)
   0.00    0.00   clock reconvergence pessimism
           0.00 v _44297_/CLK (DFFLQNx2_ASAP7_75t_R)
  14.82   14.82   library hold time
          14.82   data required time
---------------------------------------------------------
          14.82   data required time
        -187.59   data arrival time
---------------------------------------------------------
         172.77   slack (MET)


Startpoint: _44300_ (falling edge-triggered flip-flop clocked by clk')
Endpoint: _44300_ (falling edge-triggered flip-flop clocked by clk')
Path Group: clk
Path Type: min

  Delay    Time   Description
---------------------------------------------------------
   0.00    0.00   clock clk' (fall edge)
   0.00    0.00   clock network delay (ideal)
   0.00    0.00 v _44300_/CLK (DFFLQNx2_ASAP7_75t_R)
 103.58  103.58 v _44300_/QN (DFFLQNx2_ASAP7_75t_R)
  24.11  127.69 ^ _24464_/Y (INVx3_ASAP7_75t_R)
  19.79  147.48 v _25687_/Y (XOR2x1_ASAP7_75t_R)
  16.12  163.60 ^ _25688_/Y (XNOR2x1_ASAP7_75t_R)
  24.70  188.29 ^ _25690_/Y (AO21x1_ASAP7_75t_R)
   0.00  188.29 ^ _44300_/D (DFFLQNx2_ASAP7_75t_R)
         188.29   data arrival time

   0.00    0.00   clock clk' (fall edge)
   0.00    0.00   clock network delay (ideal)
   0.00    0.00   clock reconvergence pessimism
           0.00 v _44300_/CLK (DFFLQNx2_ASAP7_75t_R)
  14.82   14.82   library hold time
          14.82   data required time
---------------------------------------------------------
          14.82   data required time
        -188.29   data arrival time
---------------------------------------------------------
         173.48   slack (MET)


Startpoint: _44256_ (falling edge-triggered flip-flop clocked by clk')
Endpoint: _44288_ (falling edge-triggered flip-flop clocked by clk')
Path Group: clk
Path Type: min

  Delay    Time   Description
---------------------------------------------------------
   0.00    0.00   clock clk' (fall edge)
   0.00    0.00   clock network delay (ideal)
   0.00    0.00 v _44256_/CLK (DFFLQNx2_ASAP7_75t_R)
 107.69  107.69 v _44256_/QN (DFFLQNx2_ASAP7_75t_R)
  20.03  127.72 ^ _25608_/Y (INVx3_ASAP7_75t_R)
  18.53  146.24 v _25609_/Y (XOR2x1_ASAP7_75t_R)
  17.85  164.09 ^ _25611_/Y (NOR2x1_ASAP7_75t_R)
  14.63  178.72 v _25612_/Y (OAI21x1_ASAP7_75t_R)
  10.14  188.87 ^ _25613_/Y (OAI21x1_ASAP7_75t_R)
   0.00  188.87 ^ _44288_/D (DFFLQNx2_ASAP7_75t_R)
         188.87   data arrival time

   0.00    0.00   clock clk' (fall edge)
   0.00    0.00   clock network delay (ideal)
   0.00    0.00   clock reconvergence pessimism
           0.00 v _44288_/CLK (DFFLQNx2_ASAP7_75t_R)
  15.25   15.25   library hold time
          15.25   data required time
---------------------------------------------------------
          15.25   data required time
        -188.87   data arrival time
---------------------------------------------------------
         173.62   slack (MET)


Startpoint: _43814_ (falling edge-triggered flip-flop clocked by clk')
Endpoint: _44304_ (falling edge-triggered flip-flop clocked by clk')
Path Group: clk
Path Type: min

  Delay    Time   Description
---------------------------------------------------------
   0.00    0.00   clock clk' (fall edge)
   0.00    0.00   clock network delay (ideal)
   0.00    0.00 v _43814_/CLK (DFFLQNx2_ASAP7_75t_R)
  91.80   91.80 ^ _43814_/QN (DFFLQNx2_ASAP7_75t_R)
  24.71  116.51 v _25707_/Y (XOR2x1_ASAP7_75t_R)
  22.11  138.62 ^ _25708_/Y (XNOR2x1_ASAP7_75t_R)
  22.49  161.11 ^ _25710_/Y (AO21x1_ASAP7_75t_R)
  11.71  172.82 v _25711_/Y (NAND2x1_ASAP7_75t_R)
  15.21  188.03 ^ _25713_/Y (AOI21x1_ASAP7_75t_R)
   0.00  188.03 ^ _44304_/D (DFFLQNx2_ASAP7_75t_R)
         188.03   data arrival time

   0.00    0.00   clock clk' (fall edge)
   0.00    0.00   clock network delay (ideal)
   0.00    0.00   clock reconvergence pessimism
           0.00 v _44304_/CLK (DFFLQNx2_ASAP7_75t_R)
  14.41   14.41   library hold time
          14.41   data required time
---------------------------------------------------------
          14.41   data required time
        -188.03   data arrival time
---------------------------------------------------------
         173.62   slack (MET)


Startpoint: _44250_ (falling edge-triggered flip-flop clocked by clk')
Endpoint: _44282_ (falling edge-triggered flip-flop clocked by clk')
Path Group: clk
Path Type: min

  Delay    Time   Description
---------------------------------------------------------
   0.00    0.00   clock clk' (fall edge)
   0.00    0.00   clock network delay (ideal)
   0.00    0.00 v _44250_/CLK (DFFLQNx2_ASAP7_75t_R)
  97.80   97.80 ^ _44250_/QN (DFFLQNx2_ASAP7_75t_R)
  19.99  117.79 v _25563_/Y (INVx4_ASAP7_75t_R)
  16.39  134.18 ^ _25564_/Y (XOR2x1_ASAP7_75t_R)
  13.78  147.97 v _25565_/Y (INVx1_ASAP7_75t_R)
  17.34  165.30 ^ _25566_/Y (NOR2x1_ASAP7_75t_R)
  14.23  179.53 v _25569_/Y (OAI21x1_ASAP7_75t_R)
  10.12  189.65 ^ _25570_/Y (OAI21x1_ASAP7_75t_R)
   0.00  189.65 ^ _44282_/D (DFFLQNx2_ASAP7_75t_R)
         189.65   data arrival time

   0.00    0.00   clock clk' (fall edge)
   0.00    0.00   clock network delay (ideal)
   0.00    0.00   clock reconvergence pessimism
           0.00 v _44282_/CLK (DFFLQNx2_ASAP7_75t_R)
  15.25   15.25   library hold time
          15.25   data required time
---------------------------------------------------------
          15.25   data required time
        -189.65   data arrival time
---------------------------------------------------------
         174.39   slack (MET)


Startpoint: _44260_ (falling edge-triggered flip-flop clocked by clk')
Endpoint: _44292_ (falling edge-triggered flip-flop clocked by clk')
Path Group: clk
Path Type: min

  Delay    Time   Description
---------------------------------------------------------
   0.00    0.00   clock clk' (fall edge)
   0.00    0.00   clock network delay (ideal)
   0.00    0.00 v _44260_/CLK (DFFLQNx2_ASAP7_75t_R)
 105.77  105.77 v _44260_/QN (DFFLQNx2_ASAP7_75t_R)
  23.50  129.26 ^ _25634_/Y (INVx2_ASAP7_75t_R)
  19.56  148.82 v _25635_/Y (XOR2x1_ASAP7_75t_R)
  14.69  163.51 ^ _25636_/Y (AOI21x1_ASAP7_75t_R)
  12.74  176.25 v _25639_/Y (OAI21x1_ASAP7_75t_R)
  12.88  189.13 ^ _25640_/Y (NAND2x1_ASAP7_75t_R)
   0.00  189.13 ^ _44292_/D (DFFLQNx2_ASAP7_75t_R)
         189.13   data arrival time

   0.00    0.00   clock clk' (fall edge)
   0.00    0.00   clock network delay (ideal)
   0.00    0.00   clock reconvergence pessimism
           0.00 v _44292_/CLK (DFFLQNx2_ASAP7_75t_R)
  14.43   14.43   library hold time
          14.43   data required time
---------------------------------------------------------
          14.43   data required time
        -189.13   data arrival time
---------------------------------------------------------
         174.70   slack (MET)


Startpoint: _44253_ (falling edge-triggered flip-flop clocked by clk')
Endpoint: _44253_ (falling edge-triggered flip-flop clocked by clk')
Path Group: clk
Path Type: min

  Delay    Time   Description
---------------------------------------------------------
   0.00    0.00   clock clk' (fall edge)
   0.00    0.00   clock network delay (ideal)
   0.00    0.00 v _44253_/CLK (DFFLQNx2_ASAP7_75t_R)
  95.43   95.43 ^ _44253_/QN (DFFLQNx2_ASAP7_75t_R)
  52.80  148.23 v _25587_/Y (XOR2x2_ASAP7_75t_R)
  15.73  163.96 ^ _25789_/Y (XOR2x1_ASAP7_75t_R)
  25.62  189.59 ^ _25791_/Y (AO21x1_ASAP7_75t_R)
   0.00  189.59 ^ _44253_/D (DFFLQNx2_ASAP7_75t_R)
         189.59   data arrival time

   0.00    0.00   clock clk' (fall edge)
   0.00    0.00   clock network delay (ideal)
   0.00    0.00   clock reconvergence pessimism
           0.00 v _44253_/CLK (DFFLQNx2_ASAP7_75t_R)
  14.82   14.82   library hold time
          14.82   data required time
---------------------------------------------------------
          14.82   data required time
        -189.59   data arrival time
---------------------------------------------------------
         174.77   slack (MET)


Startpoint: _44261_ (falling edge-triggered flip-flop clocked by clk')
Endpoint: _44325_ (falling edge-triggered flip-flop clocked by clk')
Path Group: clk
Path Type: min

  Delay    Time   Description
---------------------------------------------------------
   0.00    0.00   clock clk' (fall edge)
   0.00    0.00   clock network delay (ideal)
   0.00    0.00 v _44261_/CLK (DFFLQNx2_ASAP7_75t_R)
  85.90   85.90 ^ _44261_/QN (DFFLQNx2_ASAP7_75t_R)
  45.13  131.03 ^ _23675_/Y (XNOR2x2_ASAP7_75t_R)
  17.58  148.61 v _23676_/Y (XNOR2x1_ASAP7_75t_R)
  16.50  165.11 ^ _23732_/Y (XNOR2x1_ASAP7_75t_R)
  24.64  189.75 ^ _23734_/Y (AO21x1_ASAP7_75t_R)
   0.00  189.75 ^ _44325_/D (DFFLQNx2_ASAP7_75t_R)
         189.75   data arrival time

   0.00    0.00   clock clk' (fall edge)
   0.00    0.00   clock network delay (ideal)
   0.00    0.00   clock reconvergence pessimism
           0.00 v _44325_/CLK (DFFLQNx2_ASAP7_75t_R)
  14.82   14.82   library hold time
          14.82   data required time
---------------------------------------------------------
          14.82   data required time
        -189.75   data arrival time
---------------------------------------------------------
         174.93   slack (MET)


Startpoint: _44281_ (falling edge-triggered flip-flop clocked by clk')
Endpoint: _44281_ (falling edge-triggered flip-flop clocked by clk')
Path Group: clk
Path Type: min

  Delay    Time   Description
---------------------------------------------------------
   0.00    0.00   clock clk' (fall edge)
   0.00    0.00   clock network delay (ideal)
   0.00    0.00 v _44281_/CLK (DFFLQNx2_ASAP7_75t_R)
  83.50   83.50 ^ _44281_/QN (DFFLQNx2_ASAP7_75t_R)
  45.22  128.73 ^ _22618_/Y (XNOR2x2_ASAP7_75t_R)
  16.76  145.49 v _25557_/Y (XOR2x1_ASAP7_75t_R)
  18.04  163.53 ^ _25558_/Y (NOR2x1_ASAP7_75t_R)
  13.19  176.72 v _25560_/Y (OAI21x1_ASAP7_75t_R)
  12.98  189.70 ^ _25561_/Y (NAND2x1_ASAP7_75t_R)
   0.00  189.70 ^ _44281_/D (DFFLQNx2_ASAP7_75t_R)
         189.70   data arrival time

   0.00    0.00   clock clk' (fall edge)
   0.00    0.00   clock network delay (ideal)
   0.00    0.00   clock reconvergence pessimism
           0.00 v _44281_/CLK (DFFLQNx2_ASAP7_75t_R)
  14.42   14.42   library hold time
          14.42   data required time
---------------------------------------------------------
          14.42   data required time
        -189.70   data arrival time
---------------------------------------------------------
         175.28   slack (MET)


Startpoint: _44309_ (falling edge-triggered flip-flop clocked by clk')
Endpoint: _44309_ (falling edge-triggered flip-flop clocked by clk')
Path Group: clk
Path Type: min

  Delay    Time   Description
---------------------------------------------------------
   0.00    0.00   clock clk' (fall edge)
   0.00    0.00   clock network delay (ideal)
   0.00    0.00 v _44309_/CLK (DFFLQNx2_ASAP7_75t_R)
  87.62   87.62 ^ _44309_/QN (DFFLQNx2_ASAP7_75t_R)
  50.24  137.86 v _25469_/Y (XOR2x2_ASAP7_75t_R)
  20.24  158.10 ^ _25752_/Y (XOR2x1_ASAP7_75t_R)
  15.94  174.04 v _25753_/Y (XNOR2x1_ASAP7_75t_R)
  16.16  190.20 ^ _25755_/Y (AOI21x1_ASAP7_75t_R)
   0.00  190.20 ^ _44309_/D (DFFLQNx2_ASAP7_75t_R)
         190.20   data arrival time

   0.00    0.00   clock clk' (fall edge)
   0.00    0.00   clock network delay (ideal)
   0.00    0.00   clock reconvergence pessimism
           0.00 v _44309_/CLK (DFFLQNx2_ASAP7_75t_R)
  14.41   14.41   library hold time
          14.41   data required time
---------------------------------------------------------
          14.41   data required time
        -190.20   data arrival time
---------------------------------------------------------
         175.79   slack (MET)


Startpoint: _44252_ (falling edge-triggered flip-flop clocked by clk')
Endpoint: _44284_ (falling edge-triggered flip-flop clocked by clk')
Path Group: clk
Path Type: min

  Delay    Time   Description
---------------------------------------------------------
   0.00    0.00   clock clk' (fall edge)
   0.00    0.00   clock network delay (ideal)
   0.00    0.00 v _44252_/CLK (DFFLQNx2_ASAP7_75t_R)
  91.84   91.84 ^ _44252_/QN (DFFLQNx2_ASAP7_75t_R)
  22.18  114.03 v _25580_/Y (INVx1_ASAP7_75t_R)
  20.39  134.42 ^ _25581_/Y (XOR2x1_ASAP7_75t_R)
  31.65  166.07 ^ _25583_/Y (AND2x2_ASAP7_75t_R)
  12.43  178.50 v _25584_/Y (OAI21x1_ASAP7_75t_R)
  12.97  191.47 ^ _25585_/Y (NAND2x1_ASAP7_75t_R)
   0.00  191.47 ^ _44284_/D (DFFLQNx2_ASAP7_75t_R)
         191.47   data arrival time

   0.00    0.00   clock clk' (fall edge)
   0.00    0.00   clock network delay (ideal)
   0.00    0.00   clock reconvergence pessimism
           0.00 v _44284_/CLK (DFFLQNx2_ASAP7_75t_R)
  14.42   14.42   library hold time
          14.42   data required time
---------------------------------------------------------
          14.42   data required time
        -191.47   data arrival time
---------------------------------------------------------
         177.05   slack (MET)


Startpoint: _44297_ (falling edge-triggered flip-flop clocked by clk')
Endpoint: _44329_ (falling edge-triggered flip-flop clocked by clk')
Path Group: clk
Path Type: min

  Delay    Time   Description
---------------------------------------------------------
   0.00    0.00   clock clk' (fall edge)
   0.00    0.00   clock network delay (ideal)
   0.00    0.00 v _44297_/CLK (DFFLQNx2_ASAP7_75t_R)
  88.94   88.94 ^ _44297_/QN (DFFLQNx2_ASAP7_75t_R)
  46.50  135.44 ^ _24302_/Y (XOR2x2_ASAP7_75t_R)
  17.63  153.07 v _24305_/Y (XOR2x1_ASAP7_75t_R)
  15.47  168.54 ^ _24306_/Y (XOR2x1_ASAP7_75t_R)
  25.59  194.13 ^ _24308_/Y (AO21x1_ASAP7_75t_R)
   0.00  194.13 ^ _44329_/D (DFFLQNx3_ASAP7_75t_R)
         194.13   data arrival time

   0.00    0.00   clock clk' (fall edge)
   0.00    0.00   clock network delay (ideal)
   0.00    0.00   clock reconvergence pessimism
           0.00 v _44329_/CLK (DFFLQNx3_ASAP7_75t_R)
  16.74   16.74   library hold time
          16.74   data required time
---------------------------------------------------------
          16.74   data required time
        -194.13   data arrival time
---------------------------------------------------------
         177.39   slack (MET)


Startpoint: _44312_ (falling edge-triggered flip-flop clocked by clk')
Endpoint: _43953_ (falling edge-triggered flip-flop clocked by clk')
Path Group: clk
Path Type: min

  Delay    Time   Description
---------------------------------------------------------
   0.00    0.00   clock clk' (fall edge)
   0.00    0.00   clock network delay (ideal)
   0.00    0.00 v _44312_/CLK (DFFLQNx3_ASAP7_75t_R)
  96.84   96.84 ^ _44312_/QN (DFFLQNx3_ASAP7_75t_R)
  36.84  133.67 ^ rebuffer1903/Y (BUFx6f_ASAP7_75t_R)
  14.05  147.72 v _23011_/Y (INVx13_ASAP7_75t_R)
  47.05  194.77 ^ _43348_/Y (XOR2x2_ASAP7_75t_R)
   0.00  194.77 ^ _43953_/D (DFFLQNx3_ASAP7_75t_R)
         194.77   data arrival time

   0.00    0.00   clock clk' (fall edge)
   0.00    0.00   clock network delay (ideal)
   0.00    0.00   clock reconvergence pessimism
           0.00 v _43953_/CLK (DFFLQNx3_ASAP7_75t_R)
  17.08   17.08   library hold time
          17.08   data required time
---------------------------------------------------------
          17.08   data required time
        -194.77   data arrival time
---------------------------------------------------------
         177.69   slack (MET)


Startpoint: _44267_ (falling edge-triggered flip-flop clocked by clk')
Endpoint: _44299_ (falling edge-triggered flip-flop clocked by clk')
Path Group: clk
Path Type: min

  Delay    Time   Description
---------------------------------------------------------
   0.00    0.00   clock clk' (fall edge)
   0.00    0.00   clock network delay (ideal)
   0.00    0.00 v _44267_/CLK (DFFLQNx2_ASAP7_75t_R)
  98.93   98.93 ^ _44267_/QN (DFFLQNx2_ASAP7_75t_R)
  21.21  120.14 v _25679_/Y (INVx2_ASAP7_75t_R)
  21.23  141.37 ^ _25680_/Y (XOR2x1_ASAP7_75t_R)
  14.33  155.69 v _25681_/Y (INVx1_ASAP7_75t_R)
  13.66  169.36 ^ _25682_/Y (AOI21x1_ASAP7_75t_R)
  13.64  182.99 v _25684_/Y (OAI21x1_ASAP7_75t_R)
  10.03  193.02 ^ _25685_/Y (OAI21x1_ASAP7_75t_R)
   0.00  193.02 ^ _44299_/D (DFFLQNx2_ASAP7_75t_R)
         193.02   data arrival time

   0.00    0.00   clock clk' (fall edge)
   0.00    0.00   clock network delay (ideal)
   0.00    0.00   clock reconvergence pessimism
           0.00 v _44299_/CLK (DFFLQNx2_ASAP7_75t_R)
  15.28   15.28   library hold time
          15.28   data required time
---------------------------------------------------------
          15.28   data required time
        -193.02   data arrival time
---------------------------------------------------------
         177.74   slack (MET)


Startpoint: _44257_ (falling edge-triggered flip-flop clocked by clk')
Endpoint: _44289_ (falling edge-triggered flip-flop clocked by clk')
Path Group: clk
Path Type: min

  Delay    Time   Description
---------------------------------------------------------
   0.00    0.00   clock clk' (fall edge)
   0.00    0.00   clock network delay (ideal)
   0.00    0.00 v _44257_/CLK (DFFLQNx2_ASAP7_75t_R)
 115.03  115.03 v _44257_/QN (DFFLQNx2_ASAP7_75t_R)
  27.76  142.79 ^ _25614_/Y (XOR2x1_ASAP7_75t_R)
  14.80  157.59 v _25615_/Y (OAI21x1_ASAP7_75t_R)
  14.67  172.27 ^ _25617_/Y (AOI21x1_ASAP7_75t_R)
  20.66  192.92 ^ _25618_/Y (AO21x1_ASAP7_75t_R)
   0.00  192.92 ^ _44289_/D (DFFLQNx2_ASAP7_75t_R)
         192.92   data arrival time

   0.00    0.00   clock clk' (fall edge)
   0.00    0.00   clock network delay (ideal)
   0.00    0.00   clock reconvergence pessimism
           0.00 v _44289_/CLK (DFFLQNx2_ASAP7_75t_R)
  14.80   14.80   library hold time
          14.80   data required time
---------------------------------------------------------
          14.80   data required time
        -192.92   data arrival time
---------------------------------------------------------
         178.12   slack (MET)


Startpoint: _44262_ (falling edge-triggered flip-flop clocked by clk')
Endpoint: _44294_ (falling edge-triggered flip-flop clocked by clk')
Path Group: clk
Path Type: min

  Delay    Time   Description
---------------------------------------------------------
   0.00    0.00   clock clk' (fall edge)
   0.00    0.00   clock network delay (ideal)
   0.00    0.00 v _44262_/CLK (DFFLQNx2_ASAP7_75t_R)
  93.71   93.71 ^ _44262_/QN (DFFLQNx2_ASAP7_75t_R)
  23.92  117.62 v _25650_/Y (INVx2_ASAP7_75t_R)
  20.76  138.39 ^ _25651_/Y (XOR2x1_ASAP7_75t_R)
  31.61  170.00 ^ _25653_/Y (AND2x2_ASAP7_75t_R)
  13.44  183.45 v _25654_/Y (OAI21x1_ASAP7_75t_R)
  10.13  193.57 ^ _25655_/Y (OAI21x1_ASAP7_75t_R)
   0.00  193.57 ^ _44294_/D (DFFLQNx2_ASAP7_75t_R)
         193.57   data arrival time

   0.00    0.00   clock clk' (fall edge)
   0.00    0.00   clock network delay (ideal)
   0.00    0.00   clock reconvergence pessimism
           0.00 v _44294_/CLK (DFFLQNx2_ASAP7_75t_R)
  15.25   15.25   library hold time
          15.25   data required time
---------------------------------------------------------
          15.25   data required time
        -193.57   data arrival time
---------------------------------------------------------
         178.32   slack (MET)


Startpoint: _44288_ (falling edge-triggered flip-flop clocked by clk')
Endpoint: _44320_ (falling edge-triggered flip-flop clocked by clk')
Path Group: clk
Path Type: min

  Delay    Time   Description
---------------------------------------------------------
   0.00    0.00   clock clk' (fall edge)
   0.00    0.00   clock network delay (ideal)
   0.00    0.00 v _44288_/CLK (DFFLQNx2_ASAP7_75t_R)
  98.00   98.00 ^ _44288_/QN (DFFLQNx2_ASAP7_75t_R)
  23.85  121.85 v _23353_/Y (XNOR2x1_ASAP7_75t_R)
  31.92  153.77 v _23356_/Y (XNOR2x1_ASAP7_75t_R)
  15.70  169.47 ^ _23357_/Y (XOR2x1_ASAP7_75t_R)
  25.61  195.07 ^ _23359_/Y (AO21x1_ASAP7_75t_R)
   0.00  195.07 ^ _44320_/D (DFFLQNx3_ASAP7_75t_R)
         195.07   data arrival time

   0.00    0.00   clock clk' (fall edge)
   0.00    0.00   clock network delay (ideal)
   0.00    0.00   clock reconvergence pessimism
           0.00 v _44320_/CLK (DFFLQNx3_ASAP7_75t_R)
  16.74   16.74   library hold time
          16.74   data required time
---------------------------------------------------------
          16.74   data required time
        -195.07   data arrival time
---------------------------------------------------------
         178.34   slack (MET)


Startpoint: _44262_ (falling edge-triggered flip-flop clocked by clk')
Endpoint: _44326_ (falling edge-triggered flip-flop clocked by clk')
Path Group: clk
Path Type: min

  Delay    Time   Description
---------------------------------------------------------
   0.00    0.00   clock clk' (fall edge)
   0.00    0.00   clock network delay (ideal)
   0.00    0.00 v _44262_/CLK (DFFLQNx2_ASAP7_75t_R)
  93.71   93.71 ^ _44262_/QN (DFFLQNx2_ASAP7_75t_R)
  22.22  115.92 v _23737_/Y (XOR2x1_ASAP7_75t_R)
  20.04  135.96 ^ _23738_/Y (XOR2x1_ASAP7_75t_R)
  32.55  168.52 ^ _23790_/Y (XNOR2x1_ASAP7_75t_R)
  24.70  193.21 ^ _23794_/Y (AO21x1_ASAP7_75t_R)
   0.00  193.21 ^ _44326_/D (DFFLQNx2_ASAP7_75t_R)
         193.21   data arrival time

   0.00    0.00   clock clk' (fall edge)
   0.00    0.00   clock network delay (ideal)
   0.00    0.00   clock reconvergence pessimism
           0.00 v _44326_/CLK (DFFLQNx2_ASAP7_75t_R)
  14.82   14.82   library hold time
          14.82   data required time
---------------------------------------------------------
          14.82   data required time
        -193.21   data arrival time
---------------------------------------------------------
         178.40   slack (MET)


Startpoint: _44254_ (falling edge-triggered flip-flop clocked by clk')
Endpoint: _44286_ (falling edge-triggered flip-flop clocked by clk')
Path Group: clk
Path Type: min

  Delay    Time   Description
---------------------------------------------------------
   0.00    0.00   clock clk' (fall edge)
   0.00    0.00   clock network delay (ideal)
   0.00    0.00 v _44254_/CLK (DFFLQNx2_ASAP7_75t_R)
  99.56   99.56 ^ _44254_/QN (DFFLQNx2_ASAP7_75t_R)
  18.32  117.89 v _25593_/Y (INVx4_ASAP7_75t_R)
  20.83  138.72 ^ _25594_/Y (XOR2x1_ASAP7_75t_R)
  12.57  151.29 v _25596_/Y (OAI21x1_ASAP7_75t_R)
  28.75  180.03 v _25598_/Y (AO21x1_ASAP7_75t_R)
  12.84  192.87 ^ _25599_/Y (NAND2x1_ASAP7_75t_R)
   0.00  192.87 ^ _44286_/D (DFFLQNx2_ASAP7_75t_R)
         192.87   data arrival time

   0.00    0.00   clock clk' (fall edge)
   0.00    0.00   clock network delay (ideal)
   0.00    0.00   clock reconvergence pessimism
           0.00 v _44286_/CLK (DFFLQNx2_ASAP7_75t_R)
  14.44   14.44   library hold time
          14.44   data required time
---------------------------------------------------------
          14.44   data required time
        -192.87   data arrival time
---------------------------------------------------------
         178.44   slack (MET)


Startpoint: _44291_ (falling edge-triggered flip-flop clocked by clk')
Endpoint: _44291_ (falling edge-triggered flip-flop clocked by clk')
Path Group: clk
Path Type: min

  Delay    Time   Description
---------------------------------------------------------
   0.00    0.00   clock clk' (fall edge)
   0.00    0.00   clock network delay (ideal)
   0.00    0.00 v _44291_/CLK (DFFLQNx2_ASAP7_75t_R)
  88.57   88.57 ^ _44291_/QN (DFFLQNx2_ASAP7_75t_R)
  46.73  135.29 ^ _23601_/Y (XNOR2x2_ASAP7_75t_R)
  16.54  151.83 v _25627_/Y (XOR2x1_ASAP7_75t_R)
  17.97  169.80 ^ _25628_/Y (NOR2x1_ASAP7_75t_R)
  14.28  184.08 v _25630_/Y (OAI21x1_ASAP7_75t_R)
  10.13  194.21 ^ _25631_/Y (OAI21x1_ASAP7_75t_R)
   0.00  194.21 ^ _44291_/D (DFFLQNx2_ASAP7_75t_R)
         194.21   data arrival time

   0.00    0.00   clock clk' (fall edge)
   0.00    0.00   clock network delay (ideal)
   0.00    0.00   clock reconvergence pessimism
           0.00 v _44291_/CLK (DFFLQNx2_ASAP7_75t_R)
  15.25   15.25   library hold time
          15.25   data required time
---------------------------------------------------------
          15.25   data required time
        -194.21   data arrival time
---------------------------------------------------------
         178.96   slack (MET)


Startpoint: _44251_ (falling edge-triggered flip-flop clocked by clk')
Endpoint: _44283_ (falling edge-triggered flip-flop clocked by clk')
Path Group: clk
Path Type: min

  Delay    Time   Description
---------------------------------------------------------
   0.00    0.00   clock clk' (fall edge)
   0.00    0.00   clock network delay (ideal)
   0.00    0.00 v _44251_/CLK (DFFLQNx2_ASAP7_75t_R)
 103.76  103.76 ^ _44251_/QN (DFFLQNx2_ASAP7_75t_R)
  22.96  126.72 v _25572_/Y (XOR2x1_ASAP7_75t_R)
  14.48  141.20 ^ _25573_/Y (INVx1_ASAP7_75t_R)
  29.66  170.86 ^ _25575_/Y (AND2x2_ASAP7_75t_R)
  13.41  184.26 v _25576_/Y (OAI21x1_ASAP7_75t_R)
  10.12  194.38 ^ _25577_/Y (OAI21x1_ASAP7_75t_R)
   0.00  194.38 ^ _44283_/D (DFFLQNx2_ASAP7_75t_R)
         194.38   data arrival time

   0.00    0.00   clock clk' (fall edge)
   0.00    0.00   clock network delay (ideal)
   0.00    0.00   clock reconvergence pessimism
           0.00 v _44283_/CLK (DFFLQNx2_ASAP7_75t_R)
  15.25   15.25   library hold time
          15.25   data required time
---------------------------------------------------------
          15.25   data required time
        -194.38   data arrival time
---------------------------------------------------------
         179.13   slack (MET)


Startpoint: _44252_ (falling edge-triggered flip-flop clocked by clk')
Endpoint: _44252_ (falling edge-triggered flip-flop clocked by clk')
Path Group: clk
Path Type: min

  Delay    Time   Description
---------------------------------------------------------
   0.00    0.00   clock clk' (fall edge)
   0.00    0.00   clock network delay (ideal)
   0.00    0.00 v _44252_/CLK (DFFLQNx2_ASAP7_75t_R)
  91.84   91.84 ^ _44252_/QN (DFFLQNx2_ASAP7_75t_R)
  47.06  138.90 ^ _22791_/Y (XNOR2x2_ASAP7_75t_R)
  29.48  168.38 ^ _25786_/Y (XOR2x1_ASAP7_75t_R)
  25.64  194.02 ^ _25788_/Y (AO21x1_ASAP7_75t_R)
   0.00  194.02 ^ _44252_/D (DFFLQNx2_ASAP7_75t_R)
         194.02   data arrival time

   0.00    0.00   clock clk' (fall edge)
   0.00    0.00   clock network delay (ideal)
   0.00    0.00   clock reconvergence pessimism
           0.00 v _44252_/CLK (DFFLQNx2_ASAP7_75t_R)
  14.82   14.82   library hold time
          14.82   data required time
---------------------------------------------------------
          14.82   data required time
        -194.02   data arrival time
---------------------------------------------------------
         179.20   slack (MET)


Startpoint: _44283_ (falling edge-triggered flip-flop clocked by clk')
Endpoint: _44315_ (falling edge-triggered flip-flop clocked by clk')
Path Group: clk
Path Type: min

  Delay    Time   Description
---------------------------------------------------------
   0.00    0.00   clock clk' (fall edge)
   0.00    0.00   clock network delay (ideal)
   0.00    0.00 v _44283_/CLK (DFFLQNx2_ASAP7_75t_R)
  89.33   89.33 ^ _44283_/QN (DFFLQNx2_ASAP7_75t_R)
  45.74  135.07 ^ _22780_/Y (XOR2x2_ASAP7_75t_R)
  17.36  152.43 v _22784_/Y (XNOR2x1_ASAP7_75t_R)
  15.94  168.37 ^ _22785_/Y (XOR2x1_ASAP7_75t_R)
  25.65  194.02 ^ _22787_/Y (AO21x1_ASAP7_75t_R)
   0.00  194.02 ^ _44315_/D (DFFLQNx2_ASAP7_75t_R)
         194.02   data arrival time

   0.00    0.00   clock clk' (fall edge)
   0.00    0.00   clock network delay (ideal)
   0.00    0.00   clock reconvergence pessimism
           0.00 v _44315_/CLK (DFFLQNx2_ASAP7_75t_R)
  14.82   14.82   library hold time
          14.82   data required time
---------------------------------------------------------
          14.82   data required time
        -194.02   data arrival time
---------------------------------------------------------
         179.21   slack (MET)


Startpoint: _44286_ (falling edge-triggered flip-flop clocked by clk')
Endpoint: _44318_ (falling edge-triggered flip-flop clocked by clk')
Path Group: clk
Path Type: min

  Delay    Time   Description
---------------------------------------------------------
   0.00    0.00   clock clk' (fall edge)
   0.00    0.00   clock network delay (ideal)
   0.00    0.00 v _44286_/CLK (DFFLQNx2_ASAP7_75t_R)
  89.55   89.55 ^ _44286_/QN (DFFLQNx2_ASAP7_75t_R)
  46.97  136.52 ^ _22980_/Y (XNOR2x2_ASAP7_75t_R)
  16.93  153.45 v _22983_/Y (XOR2x1_ASAP7_75t_R)
  15.48  168.94 ^ _22984_/Y (XOR2x1_ASAP7_75t_R)
  25.59  194.52 ^ _22986_/Y (AO21x1_ASAP7_75t_R)
   0.00  194.52 ^ _44318_/D (DFFLQNx2_ASAP7_75t_R)
         194.52   data arrival time

   0.00    0.00   clock clk' (fall edge)
   0.00    0.00   clock network delay (ideal)
   0.00    0.00   clock reconvergence pessimism
           0.00 v _44318_/CLK (DFFLQNx2_ASAP7_75t_R)
  14.82   14.82   library hold time
          14.82   data required time
---------------------------------------------------------
          14.82   data required time
        -194.52   data arrival time
---------------------------------------------------------
         179.71   slack (MET)


Startpoint: _44291_ (falling edge-triggered flip-flop clocked by clk')
Endpoint: _44323_ (falling edge-triggered flip-flop clocked by clk')
Path Group: clk
Path Type: min

  Delay    Time   Description
---------------------------------------------------------
   0.00    0.00   clock clk' (fall edge)
   0.00    0.00   clock network delay (ideal)
   0.00    0.00 v _44291_/CLK (DFFLQNx2_ASAP7_75t_R)
  88.57   88.57 ^ _44291_/QN (DFFLQNx2_ASAP7_75t_R)
  46.73  135.29 ^ _23601_/Y (XNOR2x2_ASAP7_75t_R)
  17.68  152.97 v _23602_/Y (XNOR2x1_ASAP7_75t_R)
  15.96  168.94 ^ _23603_/Y (XOR2x1_ASAP7_75t_R)
  25.65  194.59 ^ _23605_/Y (AO21x1_ASAP7_75t_R)
   0.00  194.59 ^ _44323_/D (DFFLQNx2_ASAP7_75t_R)
         194.59   data arrival time

   0.00    0.00   clock clk' (fall edge)
   0.00    0.00   clock network delay (ideal)
   0.00    0.00   clock reconvergence pessimism
           0.00 v _44323_/CLK (DFFLQNx2_ASAP7_75t_R)
  14.82   14.82   library hold time
          14.82   data required time
---------------------------------------------------------
          14.82   data required time
        -194.59   data arrival time
---------------------------------------------------------
         179.77   slack (MET)


Startpoint: _44342_ (falling edge-triggered flip-flop clocked by clk')
Endpoint: _44055_ (falling edge-triggered flip-flop clocked by clk')
Path Group: clk
Path Type: min

  Delay    Time   Description
---------------------------------------------------------
   0.00    0.00   clock clk' (fall edge)
   0.00    0.00   clock network delay (ideal)
   0.00    0.00 v _44342_/CLK (DFFLQNx3_ASAP7_75t_R)
 101.37  101.37 ^ _44342_/QN (DFFLQNx3_ASAP7_75t_R)
  38.60  139.97 ^ rebuffer3413/Y (BUFx2_ASAP7_75t_R)
  29.62  169.59 ^ rebuffer3414/Y (BUFx2_ASAP7_75t_R)
  28.63  198.22 ^ _43258_/Y (XOR2x1_ASAP7_75t_R)
   0.00  198.22 ^ _44055_/D (DFFLQNx3_ASAP7_75t_R)
         198.22   data arrival time

   0.00    0.00   clock clk' (fall edge)
   0.00    0.00   clock network delay (ideal)
   0.00    0.00   clock reconvergence pessimism
           0.00 v _44055_/CLK (DFFLQNx3_ASAP7_75t_R)
  18.22   18.22   library hold time
          18.22   data required time
---------------------------------------------------------
          18.22   data required time
        -198.22   data arrival time
---------------------------------------------------------
         179.99   slack (MET)


Startpoint: _44282_ (falling edge-triggered flip-flop clocked by clk')
Endpoint: _44314_ (falling edge-triggered flip-flop clocked by clk')
Path Group: clk
Path Type: min

  Delay    Time   Description
---------------------------------------------------------
   0.00    0.00   clock clk' (fall edge)
   0.00    0.00   clock network delay (ideal)
   0.00    0.00 v _44282_/CLK (DFFLQNx2_ASAP7_75t_R)
  90.09   90.09 ^ _44282_/QN (DFFLQNx2_ASAP7_75t_R)
  47.13  137.22 ^ _22708_/Y (XNOR2x2_ASAP7_75t_R)
  16.93  154.15 v _22711_/Y (XOR2x1_ASAP7_75t_R)
  15.48  169.63 ^ _22712_/Y (XOR2x1_ASAP7_75t_R)
  25.59  195.22 ^ _22714_/Y (AO21x1_ASAP7_75t_R)
   0.00  195.22 ^ _44314_/D (DFFLQNx2_ASAP7_75t_R)
         195.22   data arrival time

   0.00    0.00   clock clk' (fall edge)
   0.00    0.00   clock network delay (ideal)
   0.00    0.00   clock reconvergence pessimism
           0.00 v _44314_/CLK (DFFLQNx2_ASAP7_75t_R)
  14.82   14.82   library hold time
          14.82   data required time
---------------------------------------------------------
          14.82   data required time
        -195.22   data arrival time
---------------------------------------------------------
         180.40   slack (MET)


Startpoint: _44329_ (falling edge-triggered flip-flop clocked by clk')
Endpoint: _44018_ (falling edge-triggered flip-flop clocked by clk')
Path Group: clk
Path Type: min

  Delay    Time   Description
---------------------------------------------------------
   0.00    0.00   clock clk' (fall edge)
   0.00    0.00   clock network delay (ideal)
   0.00    0.00 v _44329_/CLK (DFFLQNx3_ASAP7_75t_R)
 101.40  101.40 ^ _44329_/QN (DFFLQNx3_ASAP7_75t_R)
  34.89  136.29 ^ rebuffer3495/Y (BUFx6f_ASAP7_75t_R)
  32.69  168.97 ^ rebuffer3497/Y (BUFx2_ASAP7_75t_R)
  30.61  199.58 ^ _43285_/Y (XOR2x1_ASAP7_75t_R)
   0.00  199.58 ^ _44018_/D (DFFLQNx3_ASAP7_75t_R)
         199.58   data arrival time

   0.00    0.00   clock clk' (fall edge)
   0.00    0.00   clock network delay (ideal)
   0.00    0.00   clock reconvergence pessimism
           0.00 v _44018_/CLK (DFFLQNx3_ASAP7_75t_R)
  18.36   18.36   library hold time
          18.36   data required time
---------------------------------------------------------
          18.36   data required time
        -199.58   data arrival time
---------------------------------------------------------
         181.22   slack (MET)


Startpoint: _44256_ (falling edge-triggered flip-flop clocked by clk')
Endpoint: _44256_ (falling edge-triggered flip-flop clocked by clk')
Path Group: clk
Path Type: min

  Delay    Time   Description
---------------------------------------------------------
   0.00    0.00   clock clk' (fall edge)
   0.00    0.00   clock network delay (ideal)
   0.00    0.00 v _44256_/CLK (DFFLQNx2_ASAP7_75t_R)
  93.83   93.83 ^ _44256_/QN (DFFLQNx2_ASAP7_75t_R)
  47.67  141.50 ^ _23355_/Y (XNOR2x2_ASAP7_75t_R)
  29.48  170.98 ^ _25799_/Y (XOR2x1_ASAP7_75t_R)
  25.61  196.59 ^ _25801_/Y (AO21x1_ASAP7_75t_R)
   0.00  196.59 ^ _44256_/D (DFFLQNx2_ASAP7_75t_R)
         196.59   data arrival time

   0.00    0.00   clock clk' (fall edge)
   0.00    0.00   clock network delay (ideal)
   0.00    0.00   clock reconvergence pessimism
           0.00 v _44256_/CLK (DFFLQNx2_ASAP7_75t_R)
  14.82   14.82   library hold time
          14.82   data required time
---------------------------------------------------------
          14.82   data required time
        -196.59   data arrival time
---------------------------------------------------------
         181.78   slack (MET)


Startpoint: _44213_ (falling edge-triggered flip-flop clocked by clk')
Endpoint: _43813_ (falling edge-triggered flip-flop clocked by clk')
Path Group: clk
Path Type: min

  Delay    Time   Description
---------------------------------------------------------
   0.00    0.00   clock clk' (fall edge)
   0.00    0.00   clock network delay (ideal)
   0.00    0.00 v _44213_/CLK (DFFLQNx3_ASAP7_75t_R)
  83.99   83.99 ^ _44213_/QN (DFFLQNx3_ASAP7_75t_R)
  16.06  100.06 v _43356_/Y (INVx1_ASAP7_75t_R)
  60.37  160.43 ^ _43811_/SN (HAxp5_ASAP7_75t_R)
  36.35  196.77 ^ _43770_/Y (AO21x1_ASAP7_75t_R)
   0.00  196.77 ^ _43813_/D (DFFLQNx2_ASAP7_75t_R)
         196.77   data arrival time

   0.00    0.00   clock clk' (fall edge)
   0.00    0.00   clock network delay (ideal)
   0.00    0.00   clock reconvergence pessimism
           0.00 v _43813_/CLK (DFFLQNx2_ASAP7_75t_R)
  14.58   14.58   library hold time
          14.58   data required time
---------------------------------------------------------
          14.58   data required time
        -196.77   data arrival time
---------------------------------------------------------
         182.19   slack (MET)


Startpoint: _44258_ (falling edge-triggered flip-flop clocked by clk')
Endpoint: _44290_ (falling edge-triggered flip-flop clocked by clk')
Path Group: clk
Path Type: min

  Delay    Time   Description
---------------------------------------------------------
   0.00    0.00   clock clk' (fall edge)
   0.00    0.00   clock network delay (ideal)
   0.00    0.00 v _44258_/CLK (DFFLQNx2_ASAP7_75t_R)
 103.29  103.29 ^ _44258_/QN (DFFLQNx2_ASAP7_75t_R)
  28.14  131.43 v _25620_/Y (XOR2x1_ASAP7_75t_R)
  10.45  141.89 ^ _25622_/Y (OAI21x1_ASAP7_75t_R)
  24.38  166.27 ^ _25623_/Y (AO21x1_ASAP7_75t_R)
  10.24  176.51 v _25624_/Y (NAND2x1_ASAP7_75t_R)
   0.00  176.51 v _44290_/D (DFFLQNx2_ASAP7_75t_R)
         176.51   data arrival time

   0.00    0.00   clock clk' (fall edge)
   0.00    0.00   clock network delay (ideal)
   0.00    0.00   clock reconvergence pessimism
           0.00 v _44290_/CLK (DFFLQNx2_ASAP7_75t_R)
  -6.44   -6.44   library hold time
          -6.44   data required time
---------------------------------------------------------
          -6.44   data required time
        -176.51   data arrival time
---------------------------------------------------------
         182.94   slack (MET)


Startpoint: _44255_ (falling edge-triggered flip-flop clocked by clk')
Endpoint: _44255_ (falling edge-triggered flip-flop clocked by clk')
Path Group: clk
Path Type: min

  Delay    Time   Description
---------------------------------------------------------
   0.00    0.00   clock clk' (fall edge)
   0.00    0.00   clock network delay (ideal)
   0.00    0.00 v _44255_/CLK (DFFLQNx2_ASAP7_75t_R)
  95.50   95.50 ^ _44255_/QN (DFFLQNx2_ASAP7_75t_R)
  48.81  144.31 ^ _25601_/Y (XOR2x2_ASAP7_75t_R)
  16.24  160.55 v _25796_/Y (XOR2x1_ASAP7_75t_R)
  13.39  173.94 ^ _25797_/Y (NAND2x1_ASAP7_75t_R)
  24.74  198.68 ^ _25798_/Y (OA21x2_ASAP7_75t_R)
   0.00  198.68 ^ _44255_/D (DFFLQNx2_ASAP7_75t_R)
         198.68   data arrival time

   0.00    0.00   clock clk' (fall edge)
   0.00    0.00   clock network delay (ideal)
   0.00    0.00   clock reconvergence pessimism
           0.00 v _44255_/CLK (DFFLQNx2_ASAP7_75t_R)
  15.05   15.05   library hold time
          15.05   data required time
---------------------------------------------------------
          15.05   data required time
        -198.68   data arrival time
---------------------------------------------------------
         183.63   slack (MET)


Startpoint: _44309_ (falling edge-triggered flip-flop clocked by clk')
Endpoint: _44341_ (falling edge-triggered flip-flop clocked by clk')
Path Group: clk
Path Type: min

  Delay    Time   Description
---------------------------------------------------------
   0.00    0.00   clock clk' (fall edge)
   0.00    0.00   clock network delay (ideal)
   0.00    0.00 v _44309_/CLK (DFFLQNx2_ASAP7_75t_R)
  87.62   87.62 ^ _44309_/QN (DFFLQNx2_ASAP7_75t_R)
  42.73  130.35 ^ _25469_/Y (XOR2x2_ASAP7_75t_R)
  15.47  145.82 v _25470_/Y (INVx1_ASAP7_75t_R)
  19.95  165.77 ^ _25471_/Y (XOR2x1_ASAP7_75t_R)
  17.70  183.47 v _25472_/Y (XOR2x1_ASAP7_75t_R)
  15.89  199.35 ^ _25474_/Y (AOI21x1_ASAP7_75t_R)
   0.00  199.35 ^ _44341_/D (DFFLQNx2_ASAP7_75t_R)
         199.35   data arrival time

   0.00    0.00   clock clk' (fall edge)
   0.00    0.00   clock network delay (ideal)
   0.00    0.00   clock reconvergence pessimism
           0.00 v _44341_/CLK (DFFLQNx2_ASAP7_75t_R)
  14.41   14.41   library hold time
          14.41   data required time
---------------------------------------------------------
          14.41   data required time
        -199.35   data arrival time
---------------------------------------------------------
         184.94   slack (MET)


Startpoint: _43815_ (falling edge-triggered flip-flop clocked by clk')
Endpoint: _44337_ (falling edge-triggered flip-flop clocked by clk')
Path Group: clk
Path Type: min

  Delay    Time   Description
---------------------------------------------------------
   0.00    0.00   clock clk' (fall edge)
   0.00    0.00   clock network delay (ideal)
   0.00    0.00 v _43815_/CLK (DFFLQNx2_ASAP7_75t_R)
 103.17  103.17 v _43815_/QN (DFFLQNx2_ASAP7_75t_R)
  25.88  129.05 ^ _25160_/Y (XOR2x1_ASAP7_75t_R)
  16.50  145.55 v _25161_/Y (XOR2x1_ASAP7_75t_R)
  12.71  158.26 ^ _25162_/Y (NOR2x1_ASAP7_75t_R)
  19.84  178.10 ^ _25163_/Y (AO21x1_ASAP7_75t_R)
  22.87  200.97 ^ hold3947/Y (BUFx2_ASAP7_75t_R)
   0.00  200.97 ^ _44337_/D (DFFLQNx2_ASAP7_75t_R)
         200.97   data arrival time

   0.00    0.00   clock clk' (fall edge)
   0.00    0.00   clock network delay (ideal)
   0.00    0.00   clock reconvergence pessimism
           0.00 v _44337_/CLK (DFFLQNx2_ASAP7_75t_R)
  15.21   15.21   library hold time
          15.21   data required time
---------------------------------------------------------
          15.21   data required time
        -200.97   data arrival time
---------------------------------------------------------
         185.76   slack (MET)


Startpoint: _44266_ (falling edge-triggered flip-flop clocked by clk')
Endpoint: _44298_ (falling edge-triggered flip-flop clocked by clk')
Path Group: clk
Path Type: min

  Delay    Time   Description
---------------------------------------------------------
   0.00    0.00   clock clk' (fall edge)
   0.00    0.00   clock network delay (ideal)
   0.00    0.00 v _44266_/CLK (DFFLQNx2_ASAP7_75t_R)
 112.52  112.52 v _44266_/QN (DFFLQNx2_ASAP7_75t_R)
  27.41  139.93 ^ _25673_/Y (XOR2x1_ASAP7_75t_R)
  14.80  154.72 v _25674_/Y (OAI21x1_ASAP7_75t_R)
  14.67  169.40 ^ _25676_/Y (AOI21x1_ASAP7_75t_R)
  20.11  189.51 ^ _25677_/Y (AO21x1_ASAP7_75t_R)
  22.87  212.38 ^ hold3974/Y (BUFx2_ASAP7_75t_R)
   0.00  212.38 ^ _44298_/D (DFFLQNx2_ASAP7_75t_R)
         212.38   data arrival time

   0.00    0.00   clock clk' (fall edge)
   0.00    0.00   clock network delay (ideal)
   0.00    0.00   clock reconvergence pessimism
           0.00 v _44298_/CLK (DFFLQNx2_ASAP7_75t_R)
  15.21   15.21   library hold time
          15.21   data required time
---------------------------------------------------------
          15.21   data required time
        -212.38   data arrival time
---------------------------------------------------------
         197.17   slack (MET)


Startpoint: _43815_ (falling edge-triggered flip-flop clocked by clk')
Endpoint: _44241_ (falling edge-triggered flip-flop clocked by clk')
Path Group: clk
Path Type: min

  Delay    Time   Description
---------------------------------------------------------
   0.00    0.00   clock clk' (fall edge)
   0.00    0.00   clock network delay (ideal)
   0.00    0.00 v _43815_/CLK (DFFLQNx2_ASAP7_75t_R)
  89.52   89.52 ^ _43815_/QN (DFFLQNx2_ASAP7_75t_R)
  43.01  132.53 ^ _25871_/Y (XNOR2x2_ASAP7_75t_R)
  31.89  164.41 ^ _25872_/Y (AND2x2_ASAP7_75t_R)
  30.45  194.86 ^ _26008_/Y (OA21x2_ASAP7_75t_R)
  19.16  214.02 ^ _26009_/Y (AO21x1_ASAP7_75t_R)
   0.00  214.02 ^ _44241_/D (DFFLQNx2_ASAP7_75t_R)
         214.02   data arrival time

   0.00    0.00   clock clk' (fall edge)
   0.00    0.00   clock network delay (ideal)
   0.00    0.00   clock reconvergence pessimism
           0.00 v _44241_/CLK (DFFLQNx2_ASAP7_75t_R)
  14.82   14.82   library hold time
          14.82   data required time
---------------------------------------------------------
          14.82   data required time
        -214.02   data arrival time
---------------------------------------------------------
         199.20   slack (MET)


Startpoint: _44311_ (falling edge-triggered flip-flop clocked by clk')
Endpoint: _43952_ (falling edge-triggered flip-flop clocked by clk')
Path Group: clk
Path Type: min

  Delay    Time   Description
---------------------------------------------------------
   0.00    0.00   clock clk' (fall edge)
   0.00    0.00   clock network delay (ideal)
   0.00    0.00 v _44311_/CLK (DFFLQNx3_ASAP7_75t_R)
 113.78  113.78 ^ _44311_/QN (DFFLQNx3_ASAP7_75t_R)
  42.92  156.70 ^ rebuffer3539/Y (BUFx6f_ASAP7_75t_R)
  29.08  185.78 ^ rebuffer3540/Y (BUFx2_ASAP7_75t_R)
  27.27  213.05 ^ _43347_/Y (XOR2x1_ASAP7_75t_R)
   0.00  213.05 ^ _43952_/D (DFFLQNx2_ASAP7_75t_R)
         213.05   data arrival time

   0.00    0.00   clock clk' (fall edge)
   0.00    0.00   clock network delay (ideal)
   0.00    0.00   clock reconvergence pessimism
           0.00 v _43952_/CLK (DFFLQNx2_ASAP7_75t_R)
  13.46   13.46   library hold time
          13.46   data required time
---------------------------------------------------------
          13.46   data required time
        -213.05   data arrival time
---------------------------------------------------------
         199.59   slack (MET)


