Script /home/wllpro/llwang07/kxzhu/DelayPadding/tv80_dir/path_generate.tcl already exists, skipping generation
config: {'ss_asap7': ['/home/wllpro/llwang07/kxzhu/DelayPadding/platform/asap7sc7p5t_AO_RVT_SS_nldm_211120.lib', '/home/wllpro/llwang07/kxzhu/DelayPadding/platform/asap7sc7p5t_INVBUF_RVT_SS_nldm_220122.lib', '/home/wllpro/llwang07/kxzhu/DelayPadding/platform/asap7sc7p5t_OA_RVT_SS_nldm_211120.lib', '/home/wllpro/llwang07/kxzhu/DelayPadding/platform/asap7sc7p5t_SEQ_RVT_SS_nldm_220123.lib', '/home/wllpro/llwang07/kxzhu/DelayPadding/platform/asap7sc7p5t_SIMPLE_RVT_SS_nldm_211120.lib'], 'ff_asap7': ['/home/wllpro/llwang07/kxzhu/DelayPadding/platform/asap7sc7p5t_AO_RVT_FF_nldm_211120.lib', '/home/wllpro/llwang07/kxzhu/DelayPadding/platform/asap7sc7p5t_INVBUF_RVT_FF_nldm_220122.lib', '/home/wllpro/llwang07/kxzhu/DelayPadding/platform/asap7sc7p5t_OA_RVT_FF_nldm_211120.lib', '/home/wllpro/llwang07/kxzhu/DelayPadding/platform/asap7sc7p5t_SEQ_RVT_FF_nldm_220123.lib', '/home/wllpro/llwang07/kxzhu/DelayPadding/platform/asap7sc7p5t_SIMPLE_RVT_FF_nldm_211120.lib']}
运行OpenSTA
未找到timing_ss_asap7_max.rpt或timing_ss_asap7_min.rpt文件
运行OpenSTA
未找到timing_ff_asap7_max.rpt或timing_ff_asap7_min.rpt文件
错误：未找到工艺角 ss_asap7 的图
错误：未找到工艺角 ff_asap7 的图
{}
Traceback (most recent call last):
  File "main.py", line 61, in <module>
    TCLK_min, p_optimal, setup_padding, hold_padding, msg = find_min_TCLK(
  File "/home/wllpro/llwang07/kxzhu/DelayPadding/core/cp_optimize.py", line 26, in find_min_TCLK
    p, setup_padding, hold_padding, converged, msg = run_dual_delay_padding(corner_graphs, TCLK_max)
  File "/home/wllpro/llwang07/kxzhu/DelayPadding/core/dual_decomposition.py", line 248, in run_dual_delay_padding
    avg_cost = sum(corner_costs.values()) / len(corners)
ZeroDivisionError: division by zero
Script /home/wllpro/llwang07/kxzhu/DelayPadding/tv80_dir/path_generate.tcl already exists, skipping generation
config: {'ss_asap7': ['/home/wllpro/llwang07/kxzhu/DelayPadding/platform/asap7sc7p5t_AO_RVT_SS_nldm_211120.lib', '/home/wllpro/llwang07/kxzhu/DelayPadding/platform/asap7sc7p5t_INVBUF_RVT_SS_nldm_220122.lib', '/home/wllpro/llwang07/kxzhu/DelayPadding/platform/asap7sc7p5t_OA_RVT_SS_nldm_211120.lib', '/home/wllpro/llwang07/kxzhu/DelayPadding/platform/asap7sc7p5t_SEQ_RVT_SS_nldm_220123.lib', '/home/wllpro/llwang07/kxzhu/DelayPadding/platform/asap7sc7p5t_SIMPLE_RVT_SS_nldm_211120.lib'], 'ff_asap7': ['/home/wllpro/llwang07/kxzhu/DelayPadding/platform/asap7sc7p5t_AO_RVT_FF_nldm_211120.lib', '/home/wllpro/llwang07/kxzhu/DelayPadding/platform/asap7sc7p5t_INVBUF_RVT_FF_nldm_220122.lib', '/home/wllpro/llwang07/kxzhu/DelayPadding/platform/asap7sc7p5t_OA_RVT_FF_nldm_211120.lib', '/home/wllpro/llwang07/kxzhu/DelayPadding/platform/asap7sc7p5t_SEQ_RVT_FF_nldm_220123.lib', '/home/wllpro/llwang07/kxzhu/DelayPadding/platform/asap7sc7p5t_SIMPLE_RVT_FF_nldm_211120.lib']}
运行OpenSTA
未找到timing_ss_asap7_max.rpt或timing_ss_asap7_min.rpt文件
运行OpenSTA
未找到timing_ff_asap7_max.rpt或timing_ff_asap7_min.rpt文件
错误：未找到工艺角 ss_asap7 的图
错误：未找到工艺角 ff_asap7 的图
{}
Traceback (most recent call last):
  File "main.py", line 61, in <module>
    TCLK_min, p_optimal, setup_padding, hold_padding, msg = find_min_TCLK(
  File "/home/wllpro/llwang07/kxzhu/DelayPadding/core/cp_optimize.py", line 26, in find_min_TCLK
    p, setup_padding, hold_padding, converged, msg = run_dual_delay_padding(corner_graphs, TCLK_max)
  File "/home/wllpro/llwang07/kxzhu/DelayPadding/core/dual_decomposition.py", line 248, in run_dual_delay_padding
    avg_cost = sum(corner_costs.values()) / len(corners)
ZeroDivisionError: division by zero
/home/wllpro/llwang07/.local/lib/python3.8/site-packages/cvxpy/reductions/solvers/solving_chain.py:356: FutureWarning: 
    You specified your problem should be solved by ECOS. Starting in
    CXVPY 1.6.0, ECOS will no longer be installed by default with CVXPY.
    Please either add ECOS as an explicit install dependency to your project
    or switch to our new default solver, Clarabel, by either not specifying a
    solver argument or specifying ``solver=cp.CLARABEL``. To suppress this
    warning while continuing to use ECOS, you can filter this warning using
    Python's ``warnings`` module until you are using 1.6.0.
    
  warnings.warn(ECOS_DEP_DEPRECATION_MSG, FutureWarning)
Script /home/wllpro/llwang07/kxzhu/DelayPadding/tv80_dir/path_generate.tcl already exists, skipping generation
config: {'ss_asap7': ['/home/wllpro/llwang07/kxzhu/DelayPadding/platform/asap7sc7p5t_AO_RVT_SS_nldm_211120.lib', '/home/wllpro/llwang07/kxzhu/DelayPadding/platform/asap7sc7p5t_INVBUF_RVT_SS_nldm_220122.lib', '/home/wllpro/llwang07/kxzhu/DelayPadding/platform/asap7sc7p5t_OA_RVT_SS_nldm_211120.lib', '/home/wllpro/llwang07/kxzhu/DelayPadding/platform/asap7sc7p5t_SEQ_RVT_SS_nldm_220123.lib', '/home/wllpro/llwang07/kxzhu/DelayPadding/platform/asap7sc7p5t_SIMPLE_RVT_SS_nldm_211120.lib'], 'ff_asap7': ['/home/wllpro/llwang07/kxzhu/DelayPadding/platform/asap7sc7p5t_AO_RVT_FF_nldm_211120.lib', '/home/wllpro/llwang07/kxzhu/DelayPadding/platform/asap7sc7p5t_INVBUF_RVT_FF_nldm_220122.lib', '/home/wllpro/llwang07/kxzhu/DelayPadding/platform/asap7sc7p5t_OA_RVT_FF_nldm_211120.lib', '/home/wllpro/llwang07/kxzhu/DelayPadding/platform/asap7sc7p5t_SEQ_RVT_FF_nldm_220123.lib', '/home/wllpro/llwang07/kxzhu/DelayPadding/platform/asap7sc7p5t_SIMPLE_RVT_FF_nldm_211120.lib']}
运行OpenSTA
开始解析timing report: /home/wllpro/llwang07/kxzhu/DelayPadding/tv80_dir/timing_ss_asap7_max.rpt 和 /home/wllpro/llwang07/kxzhu/DelayPadding/tv80_dir/timing_ss_asap7_min.rpt
运行OpenSTA
开始解析timing report: /home/wllpro/llwang07/kxzhu/DelayPadding/tv80_dir/timing_ff_asap7_max.rpt 和 /home/wllpro/llwang07/kxzhu/DelayPadding/tv80_dir/timing_ff_asap7_min.rpt

==================================================
工艺角 ss_asap7 的图信息:
==================================================

1. 基本统计信息:
   - 寄存器总数: 14
   - 时序路径总数: 14

2. 边类型分布统计:
   - 类型 a: 0 条
   - 类型 b: 12 条
   - 类型 c: 2 条
   - 类型 d: 0 条
   - 类型 N/A: 0 条
边类型明细已写入: /home/wllpro/llwang07/kxzhu/DelayPadding/tv80_dir/edge_type_stat_ss_asap7.txt
   _10597_                                  _10780_                                  550.850         385.330         -18.790         14.210          b              
   _10597_                                  _10777_                                  550.850         385.330         -18.790         17.360          b              
   _10597_                                  _10774_                                  550.850         385.330         -18.790         17.360          b              
   _10597_                                  _10778_                                  550.850         385.330         -18.790         17.360          b              
   _10597_                                  _10781_                                  550.850         385.330         -18.790         14.210          b              
   _10597_                                  _10779_                                  550.850         385.330         -18.790         17.360          b              
   _10597_                                  _10775_                                  550.850         385.330         -18.790         17.360          b              
   _10775_                                  _10892_                                  611.560         339.020         -20.160         14.490          b              
   _10775_                                  _10638_                                  932.720         337.350         -18.600         15.200          b              
   _10775_                                  _10794_                                  761.600         296.120         -18.840         17.750          b              
   _10677_                                  _10677_                                  883.140         181.520         -8.900          14.250          b              
   _10779_                                  _10597_                                  823.240         423.330         -17.060         14.800          b              
   _10623_                                  _10623_                                  150.700         157.150         -18.790         17.360          c              
   _10621_                                  _10621_                                  188.560         167.700         -18.790         14.210          c              

==================================================
工艺角 ff_asap7 的图信息:
==================================================

1. 基本统计信息:
   - 寄存器总数: 14
   - 时序路径总数: 14

2. 边类型分布统计:
   - 类型 a: 0 条
   - 类型 b: 12 条
   - 类型 c: 2 条
   - 类型 d: 0 条
   - 类型 N/A: 0 条
边类型明细已写入: /home/wllpro/llwang07/kxzhu/DelayPadding/tv80_dir/edge_type_stat_ff_asap7.txt
   _10597_                                  _10780_                                  287.080         194.490         -10.040         7.980           b              
   _10597_                                  _10777_                                  287.080         194.490         -9.470          2.830           b              
   _10597_                                  _10774_                                  287.080         194.490         -9.470          2.830           b              
   _10597_                                  _10778_                                  287.080         194.490         -9.470          2.830           b              
   _10597_                                  _10781_                                  287.080         194.490         -10.040         7.980           b              
   _10597_                                  _10779_                                  287.080         194.490         -9.470          2.830           b              
   _10597_                                  _10775_                                  287.080         194.490         -9.470          2.830           b              
   _10775_                                  _10892_                                  327.370         181.910         -2.260          7.960           b              
   _10775_                                  _10638_                                  464.900         167.440         -10.200         8.070           b              
   _10775_                                  _10794_                                  389.640         148.770         -9.570          3.380           b              
   _10677_                                  _10677_                                  447.600         83.290          -4.430          7.990           b              
   _10779_                                  _10597_                                  415.110         214.890         -9.760          7.990           b              
   _10623_                                  _10623_                                  72.380          69.730          -9.470          2.820           c              
   _10621_                                  _10621_                                  90.200          75.880          -10.040         7.980           c              
{'ss_asap7': <networkx.classes.digraph.DiGraph object at 0x2b3ef5dc6640>, 'ff_asap7': <networkx.classes.digraph.DiGraph object at 0x2b3ee46b8730>}
problem: minimize 0.1 @ quad_over_lin(p, 1.0) + 0.1 @ (Sum(setup_padding, None, False) + Sum(hold_padding, None, False))
subject to 0.0 <= setup_padding
           0.0 <= hold_padding
           p[10] + -p[0] + setup_padding[5] <= 19467.940000000002
           -371.12 <= p[10] + -p[0] + hold_padding[5]
           p[7] + -p[0] + setup_padding[2] <= 19467.940000000002
           -367.96999999999997 <= p[7] + -p[0] + hold_padding[2]
           p[5] + -p[0] + setup_padding[0] <= 19467.940000000002
           -367.96999999999997 <= p[5] + -p[0] + hold_padding[0]
           p[8] + -p[0] + setup_padding[3] <= 19467.940000000002
           -367.96999999999997 <= p[8] + -p[0] + hold_padding[3]
           p[11] + -p[0] + setup_padding[6] <= 19467.940000000002
           -371.12 <= p[11] + -p[0] + hold_padding[6]
           p[9] + -p[0] + setup_padding[4] <= 19467.940000000002
           -367.96999999999997 <= p[9] + -p[0] + hold_padding[4]
           p[6] + -p[0] + setup_padding[1] <= 19467.940000000002
           -367.96999999999997 <= p[6] + -p[0] + hold_padding[1]
           p[13] + -p[6] + setup_padding[12] <= 19408.6
           -324.53 <= p[13] + -p[6] + hold_padding[12]
           p[3] + -p[6] + setup_padding[10] <= 19085.879999999997
           -322.15000000000003 <= p[3] + -p[6] + hold_padding[10]
           p[12] + -p[6] + setup_padding[11] <= 19257.24
           -278.37 <= p[12] + -p[6] + hold_padding[11]
           p[4] + -p[4] + setup_padding[9] <= 19125.760000000002
           -167.27 <= p[4] + -p[4] + hold_padding[9]
           p[0] + -p[9] + setup_padding[13] <= 19193.82
           -408.53 <= p[0] + -p[9] + hold_padding[13]
           p[2] + -p[2] + setup_padding[8] <= 19868.09
           -139.79000000000002 <= p[2] + -p[2] + hold_padding[8]
           p[1] + -p[1] + setup_padding[7] <= 19830.23
           -153.48999999999998 <= p[1] + -p[1] + hold_padding[7]
           p[10] + -p[0] + setup_padding[5] <= 19722.96
           -186.51000000000002 <= p[10] + -p[0] + hold_padding[5]
           p[7] + -p[0] + setup_padding[2] <= 19722.39
           -191.66 <= p[7] + -p[0] + hold_padding[2]
           p[5] + -p[0] + setup_padding[0] <= 19722.39
           -191.66 <= p[5] + -p[0] + hold_padding[0]
           p[8] + -p[0] + setup_padding[3] <= 19722.39
           -191.66 <= p[8] + -p[0] + hold_padding[3]
           p[11] + -p[0] + setup_padding[6] <= 19722.96
           -186.51000000000002 <= p[11] + -p[0] + hold_padding[6]
           p[9] + -p[0] + setup_padding[4] <= 19722.39
           -191.66 <= p[9] + -p[0] + hold_padding[4]
           p[6] + -p[0] + setup_padding[1] <= 19722.39
           -191.66 <= p[6] + -p[0] + hold_padding[1]
           p[13] + -p[6] + setup_padding[12] <= 19674.89
           -173.95 <= p[13] + -p[6] + hold_padding[12]
           p[3] + -p[6] + setup_padding[10] <= 19545.3
           -159.37 <= p[3] + -p[6] + hold_padding[10]
           p[12] + -p[6] + setup_padding[11] <= 19619.93
           -145.39000000000001 <= p[12] + -p[6] + hold_padding[11]
           p[4] + -p[4] + setup_padding[9] <= 19556.83
           -75.30000000000001 <= p[4] + -p[4] + hold_padding[9]
           p[0] + -p[9] + setup_padding[13] <= 19594.649999999998
           -206.89999999999998 <= p[0] + -p[9] + hold_padding[13]
           p[2] + -p[2] + setup_padding[8] <= 19937.09
           -66.91000000000001 <= p[2] + -p[2] + hold_padding[8]
           p[1] + -p[1] + setup_padding[7] <= 19919.84
           -67.89999999999999 <= p[1] + -p[1] + hold_padding[7]
problem: minimize 0.1 @ quad_over_lin(p, 1.0) + 0.1 @ (Sum(setup_padding, None, False) + Sum(hold_padding, None, False))
subject to 0.0 <= setup_padding
           0.0 <= hold_padding
           p[10] + -p[0] + setup_padding[5] <= 19467.940000000002
           -371.12 <= p[10] + -p[0] + hold_padding[5]
           p[7] + -p[0] + setup_padding[2] <= 19467.940000000002
           -367.96999999999997 <= p[7] + -p[0] + hold_padding[2]
           p[5] + -p[0] + setup_padding[0] <= 19467.940000000002
           -367.96999999999997 <= p[5] + -p[0] + hold_padding[0]
           p[8] + -p[0] + setup_padding[3] <= 19467.940000000002
           -367.96999999999997 <= p[8] + -p[0] + hold_padding[3]
           p[11] + -p[0] + setup_padding[6] <= 19467.940000000002
           -371.12 <= p[11] + -p[0] + hold_padding[6]
           p[9] + -p[0] + setup_padding[4] <= 19467.940000000002
           -367.96999999999997 <= p[9] + -p[0] + hold_padding[4]
           p[6] + -p[0] + setup_padding[1] <= 19467.940000000002
           -367.96999999999997 <= p[6] + -p[0] + hold_padding[1]
           p[13] + -p[6] + setup_padding[12] <= 19408.6
           -324.53 <= p[13] + -p[6] + hold_padding[12]
           p[3] + -p[6] + setup_padding[10] <= 19085.879999999997
           -322.15000000000003 <= p[3] + -p[6] + hold_padding[10]
           p[12] + -p[6] + setup_padding[11] <= 19257.24
           -278.37 <= p[12] + -p[6] + hold_padding[11]
           p[4] + -p[4] + setup_padding[9] <= 19125.760000000002
           -167.27 <= p[4] + -p[4] + hold_padding[9]
           p[0] + -p[9] + setup_padding[13] <= 19193.82
           -408.53 <= p[0] + -p[9] + hold_padding[13]
           p[2] + -p[2] + setup_padding[8] <= 19868.09
           -139.79000000000002 <= p[2] + -p[2] + hold_padding[8]
           p[1] + -p[1] + setup_padding[7] <= 19830.23
           -153.48999999999998 <= p[1] + -p[1] + hold_padding[7]
           p[10] + -p[0] + setup_padding[5] <= 19722.96
           -186.51000000000002 <= p[10] + -p[0] + hold_padding[5]
           p[7] + -p[0] + setup_padding[2] <= 19722.39
           -191.66 <= p[7] + -p[0] + hold_padding[2]
           p[5] + -p[0] + setup_padding[0] <= 19722.39
           -191.66 <= p[5] + -p[0] + hold_padding[0]
           p[8] + -p[0] + setup_padding[3] <= 19722.39
           -191.66 <= p[8] + -p[0] + hold_padding[3]
           p[11] + -p[0] + setup_padding[6] <= 19722.96
           -186.51000000000002 <= p[11] + -p[0] + hold_padding[6]
           p[9] + -p[0] + setup_padding[4] <= 19722.39
           -191.66 <= p[9] + -p[0] + hold_padding[4]
           p[6] + -p[0] + setup_padding[1] <= 19722.39
           -191.66 <= p[6] + -p[0] + hold_padding[1]
           p[13] + -p[6] + setup_padding[12] <= 19674.89
           -173.95 <= p[13] + -p[6] + hold_padding[12]
           p[3] + -p[6] + setup_padding[10] <= 19545.3
           -159.37 <= p[3] + -p[6] + hold_padding[10]
           p[12] + -p[6] + setup_padding[11] <= 19619.93
           -145.39000000000001 <= p[12] + -p[6] + hold_padding[11]
           p[4] + -p[4] + setup_padding[9] <= 19556.83
           -75.30000000000001 <= p[4] + -p[4] + hold_padding[9]
           p[0] + -p[9] + setup_padding[13] <= 19594.649999999998
           -206.89999999999998 <= p[0] + -p[9] + hold_padding[13]
           p[2] + -p[2] + setup_padding[8] <= 19937.09
           -66.91000000000001 <= p[2] + -p[2] + hold_padding[8]
           p[1] + -p[1] + setup_padding[7] <= 19919.84
           -67.89999999999999 <= p[1] + -p[1] + hold_padding[7]
problem: minimize 0.1 @ quad_over_lin(p, 1.0) + 0.1 @ (Sum(setup_padding, None, False) + Sum(hold_padding, None, False))
subject to 0.0 <= setup_padding
           0.0 <= hold_padding
           p[10] + -p[0] + setup_padding[5] <= 9467.94
           -371.12 <= p[10] + -p[0] + hold_padding[5]
           p[7] + -p[0] + setup_padding[2] <= 9467.94
           -367.96999999999997 <= p[7] + -p[0] + hold_padding[2]
           p[5] + -p[0] + setup_padding[0] <= 9467.94
           -367.96999999999997 <= p[5] + -p[0] + hold_padding[0]
           p[8] + -p[0] + setup_padding[3] <= 9467.94
           -367.96999999999997 <= p[8] + -p[0] + hold_padding[3]
           p[11] + -p[0] + setup_padding[6] <= 9467.94
           -371.12 <= p[11] + -p[0] + hold_padding[6]
           p[9] + -p[0] + setup_padding[4] <= 9467.94
           -367.96999999999997 <= p[9] + -p[0] + hold_padding[4]
           p[6] + -p[0] + setup_padding[1] <= 9467.94
           -367.96999999999997 <= p[6] + -p[0] + hold_padding[1]
           p[13] + -p[6] + setup_padding[12] <= 9408.6
           -324.53 <= p[13] + -p[6] + hold_padding[12]
           p[3] + -p[6] + setup_padding[10] <= 9085.880000000001
           -322.15000000000003 <= p[3] + -p[6] + hold_padding[10]
           p[12] + -p[6] + setup_padding[11] <= 9257.24
           -278.37 <= p[12] + -p[6] + hold_padding[11]
           p[4] + -p[4] + setup_padding[9] <= 9125.76
           -167.27 <= p[4] + -p[4] + hold_padding[9]
           p[0] + -p[9] + setup_padding[13] <= 9193.82
           -408.53 <= p[0] + -p[9] + hold_padding[13]
           p[2] + -p[2] + setup_padding[8] <= 9868.09
           -139.79000000000002 <= p[2] + -p[2] + hold_padding[8]
           p[1] + -p[1] + setup_padding[7] <= 9830.230000000001
           -153.48999999999998 <= p[1] + -p[1] + hold_padding[7]
           p[10] + -p[0] + setup_padding[5] <= 9722.960000000001
           -186.51000000000002 <= p[10] + -p[0] + hold_padding[5]
           p[7] + -p[0] + setup_padding[2] <= 9722.39
           -191.66 <= p[7] + -p[0] + hold_padding[2]
           p[5] + -p[0] + setup_padding[0] <= 9722.39
           -191.66 <= p[5] + -p[0] + hold_padding[0]
           p[8] + -p[0] + setup_padding[3] <= 9722.39
           -191.66 <= p[8] + -p[0] + hold_padding[3]
           p[11] + -p[0] + setup_padding[6] <= 9722.960000000001
           -186.51000000000002 <= p[11] + -p[0] + hold_padding[6]
           p[9] + -p[0] + setup_padding[4] <= 9722.39
           -191.66 <= p[9] + -p[0] + hold_padding[4]
           p[6] + -p[0] + setup_padding[1] <= 9722.39
           -191.66 <= p[6] + -p[0] + hold_padding[1]
           p[13] + -p[6] + setup_padding[12] <= 9674.89
           -173.95 <= p[13] + -p[6] + hold_padding[12]
           p[3] + -p[6] + setup_padding[10] <= 9545.300000000001
           -159.37 <= p[3] + -p[6] + hold_padding[10]
           p[12] + -p[6] + setup_padding[11] <= 9619.93
           -145.39000000000001 <= p[12] + -p[6] + hold_padding[11]
           p[4] + -p[4] + setup_padding[9] <= 9556.83
           -75.30000000000001 <= p[4] + -p[4] + hold_padding[9]
           p[0] + -p[9] + setup_padding[13] <= 9594.65
           -206.89999999999998 <= p[0] + -p[9] + hold_padding[13]
           p[2] + -p[2] + setup_padding[8] <= 9937.09
           -66.91000000000001 <= p[2] + -p[2] + hold_padding[8]
           p[1] + -p[1] + setup_padding[7] <= 9919.84
           -67.89999999999999 <= p[1] + -p[1] + hold_padding[7]
problem: minimize 0.1 @ quad_over_lin(p, 1.0) + 0.1 @ (Sum(setup_padding, None, False) + Sum(hold_padding, None, False))
subject to 0.0 <= setup_padding
           0.0 <= hold_padding
           p[10] + -p[0] + setup_padding[5] <= 9467.94
           -371.12 <= p[10] + -p[0] + hold_padding[5]
           p[7] + -p[0] + setup_padding[2] <= 9467.94
           -367.96999999999997 <= p[7] + -p[0] + hold_padding[2]
           p[5] + -p[0] + setup_padding[0] <= 9467.94
           -367.96999999999997 <= p[5] + -p[0] + hold_padding[0]
           p[8] + -p[0] + setup_padding[3] <= 9467.94
           -367.96999999999997 <= p[8] + -p[0] + hold_padding[3]
           p[11] + -p[0] + setup_padding[6] <= 9467.94
           -371.12 <= p[11] + -p[0] + hold_padding[6]
           p[9] + -p[0] + setup_padding[4] <= 9467.94
           -367.96999999999997 <= p[9] + -p[0] + hold_padding[4]
           p[6] + -p[0] + setup_padding[1] <= 9467.94
           -367.96999999999997 <= p[6] + -p[0] + hold_padding[1]
           p[13] + -p[6] + setup_padding[12] <= 9408.6
           -324.53 <= p[13] + -p[6] + hold_padding[12]
           p[3] + -p[6] + setup_padding[10] <= 9085.880000000001
           -322.15000000000003 <= p[3] + -p[6] + hold_padding[10]
           p[12] + -p[6] + setup_padding[11] <= 9257.24
           -278.37 <= p[12] + -p[6] + hold_padding[11]
           p[4] + -p[4] + setup_padding[9] <= 9125.76
           -167.27 <= p[4] + -p[4] + hold_padding[9]
           p[0] + -p[9] + setup_padding[13] <= 9193.82
           -408.53 <= p[0] + -p[9] + hold_padding[13]
           p[2] + -p[2] + setup_padding[8] <= 9868.09
           -139.79000000000002 <= p[2] + -p[2] + hold_padding[8]
           p[1] + -p[1] + setup_padding[7] <= 9830.230000000001
           -153.48999999999998 <= p[1] + -p[1] + hold_padding[7]
           p[10] + -p[0] + setup_padding[5] <= 9722.960000000001
           -186.51000000000002 <= p[10] + -p[0] + hold_padding[5]
           p[7] + -p[0] + setup_padding[2] <= 9722.39
           -191.66 <= p[7] + -p[0] + hold_padding[2]
           p[5] + -p[0] + setup_padding[0] <= 9722.39
           -191.66 <= p[5] + -p[0] + hold_padding[0]
           p[8] + -p[0] + setup_padding[3] <= 9722.39
           -191.66 <= p[8] + -p[0] + hold_padding[3]
           p[11] + -p[0] + setup_padding[6] <= 9722.960000000001
           -186.51000000000002 <= p[11] + -p[0] + hold_padding[6]
           p[9] + -p[0] + setup_padding[4] <= 9722.39
           -191.66 <= p[9] + -p[0] + hold_padding[4]
           p[6] + -p[0] + setup_padding[1] <= 9722.39
           -191.66 <= p[6] + -p[0] + hold_padding[1]
           p[13] + -p[6] + setup_padding[12] <= 9674.89
           -173.95 <= p[13] + -p[6] + hold_padding[12]
           p[3] + -p[6] + setup_padding[10] <= 9545.300000000001
           -159.37 <= p[3] + -p[6] + hold_padding[10]
           p[12] + -p[6] + setup_padding[11] <= 9619.93
           -145.39000000000001 <= p[12] + -p[6] + hold_padding[11]
           p[4] + -p[4] + setup_padding[9] <= 9556.83
           -75.30000000000001 <= p[4] + -p[4] + hold_padding[9]
           p[0] + -p[9] + setup_padding[13] <= 9594.65
           -206.89999999999998 <= p[0] + -p[9] + hold_padding[13]
           p[2] + -p[2] + setup_padding[8] <= 9937.09
           -66.91000000000001 <= p[2] + -p[2] + hold_padding[8]
           p[1] + -p[1] + setup_padding[7] <= 9919.84
           -67.89999999999999 <= p[1] + -p[1] + hold_padding[7]
problem: minimize 0.1 @ quad_over_lin(p, 1.0) + 0.1 @ (Sum(setup_padding, None, False) + Sum(hold_padding, None, False))
subject to 0.0 <= setup_padding
           0.0 <= hold_padding
           p[10] + -p[0] + setup_padding[5] <= 4467.94
           -371.12 <= p[10] + -p[0] + hold_padding[5]
           p[7] + -p[0] + setup_padding[2] <= 4467.94
           -367.96999999999997 <= p[7] + -p[0] + hold_padding[2]
           p[5] + -p[0] + setup_padding[0] <= 4467.94
           -367.96999999999997 <= p[5] + -p[0] + hold_padding[0]
           p[8] + -p[0] + setup_padding[3] <= 4467.94
           -367.96999999999997 <= p[8] + -p[0] + hold_padding[3]
           p[11] + -p[0] + setup_padding[6] <= 4467.94
           -371.12 <= p[11] + -p[0] + hold_padding[6]
           p[9] + -p[0] + setup_padding[4] <= 4467.94
           -367.96999999999997 <= p[9] + -p[0] + hold_padding[4]
           p[6] + -p[0] + setup_padding[1] <= 4467.94
           -367.96999999999997 <= p[6] + -p[0] + hold_padding[1]
           p[13] + -p[6] + setup_padding[12] <= 4408.6
           -324.53 <= p[13] + -p[6] + hold_padding[12]
           p[3] + -p[6] + setup_padding[10] <= 4085.88
           -322.15000000000003 <= p[3] + -p[6] + hold_padding[10]
           p[12] + -p[6] + setup_padding[11] <= 4257.24
           -278.37 <= p[12] + -p[6] + hold_padding[11]
           p[4] + -p[4] + setup_padding[9] <= 4125.759999999999
           -167.27 <= p[4] + -p[4] + hold_padding[9]
           p[0] + -p[9] + setup_padding[13] <= 4193.820000000001
           -408.53 <= p[0] + -p[9] + hold_padding[13]
           p[2] + -p[2] + setup_padding[8] <= 4868.09
           -139.79000000000002 <= p[2] + -p[2] + hold_padding[8]
           p[1] + -p[1] + setup_padding[7] <= 4830.23
           -153.48999999999998 <= p[1] + -p[1] + hold_padding[7]
           p[10] + -p[0] + setup_padding[5] <= 4722.96
           -186.51000000000002 <= p[10] + -p[0] + hold_padding[5]
           p[7] + -p[0] + setup_padding[2] <= 4722.39
           -191.66 <= p[7] + -p[0] + hold_padding[2]
           p[5] + -p[0] + setup_padding[0] <= 4722.39
           -191.66 <= p[5] + -p[0] + hold_padding[0]
           p[8] + -p[0] + setup_padding[3] <= 4722.39
           -191.66 <= p[8] + -p[0] + hold_padding[3]
           p[11] + -p[0] + setup_padding[6] <= 4722.96
           -186.51000000000002 <= p[11] + -p[0] + hold_padding[6]
           p[9] + -p[0] + setup_padding[4] <= 4722.39
           -191.66 <= p[9] + -p[0] + hold_padding[4]
           p[6] + -p[0] + setup_padding[1] <= 4722.39
           -191.66 <= p[6] + -p[0] + hold_padding[1]
           p[13] + -p[6] + setup_padding[12] <= 4674.89
           -173.95 <= p[13] + -p[6] + hold_padding[12]
           p[3] + -p[6] + setup_padding[10] <= 4545.3
           -159.37 <= p[3] + -p[6] + hold_padding[10]
           p[12] + -p[6] + setup_padding[11] <= 4619.929999999999
           -145.39000000000001 <= p[12] + -p[6] + hold_padding[11]
           p[4] + -p[4] + setup_padding[9] <= 4556.83
           -75.30000000000001 <= p[4] + -p[4] + hold_padding[9]
           p[0] + -p[9] + setup_padding[13] <= 4594.650000000001
           -206.89999999999998 <= p[0] + -p[9] + hold_padding[13]
           p[2] + -p[2] + setup_padding[8] <= 4937.09
           -66.91000000000001 <= p[2] + -p[2] + hold_padding[8]
           p[1] + -p[1] + setup_padding[7] <= 4919.84
           -67.89999999999999 <= p[1] + -p[1] + hold_padding[7]
problem: minimize 0.1 @ quad_over_lin(p, 1.0) + 0.1 @ (Sum(setup_padding, None, False) + Sum(hold_padding, None, False))
subject to 0.0 <= setup_padding
           0.0 <= hold_padding
           p[10] + -p[0] + setup_padding[5] <= 4467.94
           -371.12 <= p[10] + -p[0] + hold_padding[5]
           p[7] + -p[0] + setup_padding[2] <= 4467.94
           -367.96999999999997 <= p[7] + -p[0] + hold_padding[2]
           p[5] + -p[0] + setup_padding[0] <= 4467.94
           -367.96999999999997 <= p[5] + -p[0] + hold_padding[0]
           p[8] + -p[0] + setup_padding[3] <= 4467.94
           -367.96999999999997 <= p[8] + -p[0] + hold_padding[3]
           p[11] + -p[0] + setup_padding[6] <= 4467.94
           -371.12 <= p[11] + -p[0] + hold_padding[6]
           p[9] + -p[0] + setup_padding[4] <= 4467.94
           -367.96999999999997 <= p[9] + -p[0] + hold_padding[4]
           p[6] + -p[0] + setup_padding[1] <= 4467.94
           -367.96999999999997 <= p[6] + -p[0] + hold_padding[1]
           p[13] + -p[6] + setup_padding[12] <= 4408.6
           -324.53 <= p[13] + -p[6] + hold_padding[12]
           p[3] + -p[6] + setup_padding[10] <= 4085.88
           -322.15000000000003 <= p[3] + -p[6] + hold_padding[10]
           p[12] + -p[6] + setup_padding[11] <= 4257.24
           -278.37 <= p[12] + -p[6] + hold_padding[11]
           p[4] + -p[4] + setup_padding[9] <= 4125.759999999999
           -167.27 <= p[4] + -p[4] + hold_padding[9]
           p[0] + -p[9] + setup_padding[13] <= 4193.820000000001
           -408.53 <= p[0] + -p[9] + hold_padding[13]
           p[2] + -p[2] + setup_padding[8] <= 4868.09
           -139.79000000000002 <= p[2] + -p[2] + hold_padding[8]
           p[1] + -p[1] + setup_padding[7] <= 4830.23
           -153.48999999999998 <= p[1] + -p[1] + hold_padding[7]
           p[10] + -p[0] + setup_padding[5] <= 4722.96
           -186.51000000000002 <= p[10] + -p[0] + hold_padding[5]
           p[7] + -p[0] + setup_padding[2] <= 4722.39
           -191.66 <= p[7] + -p[0] + hold_padding[2]
           p[5] + -p[0] + setup_padding[0] <= 4722.39
           -191.66 <= p[5] + -p[0] + hold_padding[0]
           p[8] + -p[0] + setup_padding[3] <= 4722.39
           -191.66 <= p[8] + -p[0] + hold_padding[3]
           p[11] + -p[0] + setup_padding[6] <= 4722.96
           -186.51000000000002 <= p[11] + -p[0] + hold_padding[6]
           p[9] + -p[0] + setup_padding[4] <= 4722.39
           -191.66 <= p[9] + -p[0] + hold_padding[4]
           p[6] + -p[0] + setup_padding[1] <= 4722.39
           -191.66 <= p[6] + -p[0] + hold_padding[1]
           p[13] + -p[6] + setup_padding[12] <= 4674.89
           -173.95 <= p[13] + -p[6] + hold_padding[12]
           p[3] + -p[6] + setup_padding[10] <= 4545.3
           -159.37 <= p[3] + -p[6] + hold_padding[10]
           p[12] + -p[6] + setup_padding[11] <= 4619.929999999999
           -145.39000000000001 <= p[12] + -p[6] + hold_padding[11]
           p[4] + -p[4] + setup_padding[9] <= 4556.83
           -75.30000000000001 <= p[4] + -p[4] + hold_padding[9]
           p[0] + -p[9] + setup_padding[13] <= 4594.650000000001
           -206.89999999999998 <= p[0] + -p[9] + hold_padding[13]
           p[2] + -p[2] + setup_padding[8] <= 4937.09
           -66.91000000000001 <= p[2] + -p[2] + hold_padding[8]
           p[1] + -p[1] + setup_padding[7] <= 4919.84
           -67.89999999999999 <= p[1] + -p[1] + hold_padding[7]
problem: minimize 0.1 @ quad_over_lin(p, 1.0) + 0.1 @ (Sum(setup_padding, None, False) + Sum(hold_padding, None, False))
subject to 0.0 <= setup_padding
           0.0 <= hold_padding
           p[10] + -p[0] + setup_padding[5] <= 1967.94
           -371.12 <= p[10] + -p[0] + hold_padding[5]
           p[7] + -p[0] + setup_padding[2] <= 1967.94
           -367.96999999999997 <= p[7] + -p[0] + hold_padding[2]
           p[5] + -p[0] + setup_padding[0] <= 1967.94
           -367.96999999999997 <= p[5] + -p[0] + hold_padding[0]
           p[8] + -p[0] + setup_padding[3] <= 1967.94
           -367.96999999999997 <= p[8] + -p[0] + hold_padding[3]
           p[11] + -p[0] + setup_padding[6] <= 1967.94
           -371.12 <= p[11] + -p[0] + hold_padding[6]
           p[9] + -p[0] + setup_padding[4] <= 1967.94
           -367.96999999999997 <= p[9] + -p[0] + hold_padding[4]
           p[6] + -p[0] + setup_padding[1] <= 1967.94
           -367.96999999999997 <= p[6] + -p[0] + hold_padding[1]
           p[13] + -p[6] + setup_padding[12] <= 1908.6
           -324.53 <= p[13] + -p[6] + hold_padding[12]
           p[3] + -p[6] + setup_padding[10] <= 1585.8799999999999
           -322.15000000000003 <= p[3] + -p[6] + hold_padding[10]
           p[12] + -p[6] + setup_padding[11] <= 1757.2400000000002
           -278.37 <= p[12] + -p[6] + hold_padding[11]
           p[4] + -p[4] + setup_padding[9] <= 1625.7600000000002
           -167.27 <= p[4] + -p[4] + hold_padding[9]
           p[0] + -p[9] + setup_padding[13] <= 1693.82
           -408.53 <= p[0] + -p[9] + hold_padding[13]
           p[2] + -p[2] + setup_padding[8] <= 2368.09
           -139.79000000000002 <= p[2] + -p[2] + hold_padding[8]
           p[1] + -p[1] + setup_padding[7] <= 2330.23
           -153.48999999999998 <= p[1] + -p[1] + hold_padding[7]
           p[10] + -p[0] + setup_padding[5] <= 2222.96
           -186.51000000000002 <= p[10] + -p[0] + hold_padding[5]
           p[7] + -p[0] + setup_padding[2] <= 2222.39
           -191.66 <= p[7] + -p[0] + hold_padding[2]
           p[5] + -p[0] + setup_padding[0] <= 2222.39
           -191.66 <= p[5] + -p[0] + hold_padding[0]
           p[8] + -p[0] + setup_padding[3] <= 2222.39
           -191.66 <= p[8] + -p[0] + hold_padding[3]
           p[11] + -p[0] + setup_padding[6] <= 2222.96
           -186.51000000000002 <= p[11] + -p[0] + hold_padding[6]
           p[9] + -p[0] + setup_padding[4] <= 2222.39
           -191.66 <= p[9] + -p[0] + hold_padding[4]
           p[6] + -p[0] + setup_padding[1] <= 2222.39
           -191.66 <= p[6] + -p[0] + hold_padding[1]
           p[13] + -p[6] + setup_padding[12] <= 2174.8900000000003
           -173.95 <= p[13] + -p[6] + hold_padding[12]
           p[3] + -p[6] + setup_padding[10] <= 2045.2999999999997
           -159.37 <= p[3] + -p[6] + hold_padding[10]
           p[12] + -p[6] + setup_padding[11] <= 2119.9300000000003
           -145.39000000000001 <= p[12] + -p[6] + hold_padding[11]
           p[4] + -p[4] + setup_padding[9] <= 2056.83
           -75.30000000000001 <= p[4] + -p[4] + hold_padding[9]
           p[0] + -p[9] + setup_padding[13] <= 2094.65
           -206.89999999999998 <= p[0] + -p[9] + hold_padding[13]
           p[2] + -p[2] + setup_padding[8] <= 2437.0899999999997
           -66.91000000000001 <= p[2] + -p[2] + hold_padding[8]
           p[1] + -p[1] + setup_padding[7] <= 2419.84
           -67.89999999999999 <= p[1] + -p[1] + hold_padding[7]
problem: minimize 0.1 @ quad_over_lin(p, 1.0) + 0.1 @ (Sum(setup_padding, None, False) + Sum(hold_padding, None, False))
subject to 0.0 <= setup_padding
           0.0 <= hold_padding
           p[10] + -p[0] + setup_padding[5] <= 1967.94
           -371.12 <= p[10] + -p[0] + hold_padding[5]
           p[7] + -p[0] + setup_padding[2] <= 1967.94
           -367.96999999999997 <= p[7] + -p[0] + hold_padding[2]
           p[5] + -p[0] + setup_padding[0] <= 1967.94
           -367.96999999999997 <= p[5] + -p[0] + hold_padding[0]
           p[8] + -p[0] + setup_padding[3] <= 1967.94
           -367.96999999999997 <= p[8] + -p[0] + hold_padding[3]
           p[11] + -p[0] + setup_padding[6] <= 1967.94
           -371.12 <= p[11] + -p[0] + hold_padding[6]
           p[9] + -p[0] + setup_padding[4] <= 1967.94
           -367.96999999999997 <= p[9] + -p[0] + hold_padding[4]
           p[6] + -p[0] + setup_padding[1] <= 1967.94
           -367.96999999999997 <= p[6] + -p[0] + hold_padding[1]
           p[13] + -p[6] + setup_padding[12] <= 1908.6
           -324.53 <= p[13] + -p[6] + hold_padding[12]
           p[3] + -p[6] + setup_padding[10] <= 1585.8799999999999
           -322.15000000000003 <= p[3] + -p[6] + hold_padding[10]
           p[12] + -p[6] + setup_padding[11] <= 1757.2400000000002
           -278.37 <= p[12] + -p[6] + hold_padding[11]
           p[4] + -p[4] + setup_padding[9] <= 1625.7600000000002
           -167.27 <= p[4] + -p[4] + hold_padding[9]
           p[0] + -p[9] + setup_padding[13] <= 1693.82
           -408.53 <= p[0] + -p[9] + hold_padding[13]
           p[2] + -p[2] + setup_padding[8] <= 2368.09
           -139.79000000000002 <= p[2] + -p[2] + hold_padding[8]
           p[1] + -p[1] + setup_padding[7] <= 2330.23
           -153.48999999999998 <= p[1] + -p[1] + hold_padding[7]
           p[10] + -p[0] + setup_padding[5] <= 2222.96
           -186.51000000000002 <= p[10] + -p[0] + hold_padding[5]
           p[7] + -p[0] + setup_padding[2] <= 2222.39
           -191.66 <= p[7] + -p[0] + hold_padding[2]
           p[5] + -p[0] + setup_padding[0] <= 2222.39
           -191.66 <= p[5] + -p[0] + hold_padding[0]
           p[8] + -p[0] + setup_padding[3] <= 2222.39
           -191.66 <= p[8] + -p[0] + hold_padding[3]
           p[11] + -p[0] + setup_padding[6] <= 2222.96
           -186.51000000000002 <= p[11] + -p[0] + hold_padding[6]
           p[9] + -p[0] + setup_padding[4] <= 2222.39
           -191.66 <= p[9] + -p[0] + hold_padding[4]
           p[6] + -p[0] + setup_padding[1] <= 2222.39
           -191.66 <= p[6] + -p[0] + hold_padding[1]
           p[13] + -p[6] + setup_padding[12] <= 2174.8900000000003
           -173.95 <= p[13] + -p[6] + hold_padding[12]
           p[3] + -p[6] + setup_padding[10] <= 2045.2999999999997
           -159.37 <= p[3] + -p[6] + hold_padding[10]
           p[12] + -p[6] + setup_padding[11] <= 2119.9300000000003
           -145.39000000000001 <= p[12] + -p[6] + hold_padding[11]
           p[4] + -p[4] + setup_padding[9] <= 2056.83
           -75.30000000000001 <= p[4] + -p[4] + hold_padding[9]
           p[0] + -p[9] + setup_padding[13] <= 2094.65
           -206.89999999999998 <= p[0] + -p[9] + hold_padding[13]
           p[2] + -p[2] + setup_padding[8] <= 2437.0899999999997
           -66.91000000000001 <= p[2] + -p[2] + hold_padding[8]
           p[1] + -p[1] + setup_padding[7] <= 2419.84
           -67.89999999999999 <= p[1] + -p[1] + hold_padding[7]
problem: minimize 0.1 @ quad_over_lin(p, 1.0) + 0.1 @ (Sum(setup_padding, None, False) + Sum(hold_padding, None, False))
subject to 0.0 <= setup_padding
           0.0 <= hold_padding
           p[10] + -p[0] + setup_padding[5] <= 717.9399999999999
           -371.12 <= p[10] + -p[0] + hold_padding[5]
           p[7] + -p[0] + setup_padding[2] <= 717.9399999999999
           -367.96999999999997 <= p[7] + -p[0] + hold_padding[2]
           p[5] + -p[0] + setup_padding[0] <= 717.9399999999999
           -367.96999999999997 <= p[5] + -p[0] + hold_padding[0]
           p[8] + -p[0] + setup_padding[3] <= 717.9399999999999
           -367.96999999999997 <= p[8] + -p[0] + hold_padding[3]
           p[11] + -p[0] + setup_padding[6] <= 717.9399999999999
           -371.12 <= p[11] + -p[0] + hold_padding[6]
           p[9] + -p[0] + setup_padding[4] <= 717.9399999999999
           -367.96999999999997 <= p[9] + -p[0] + hold_padding[4]
           p[6] + -p[0] + setup_padding[1] <= 717.9399999999999
           -367.96999999999997 <= p[6] + -p[0] + hold_padding[1]
           p[13] + -p[6] + setup_padding[12] <= 658.6000000000001
           -324.53 <= p[13] + -p[6] + hold_padding[12]
           p[3] + -p[6] + setup_padding[10] <= 335.8799999999999
           -322.15000000000003 <= p[3] + -p[6] + hold_padding[10]
           p[12] + -p[6] + setup_padding[11] <= 507.2399999999999
           -278.37 <= p[12] + -p[6] + hold_padding[11]
           p[4] + -p[4] + setup_padding[9] <= 375.7600000000001
           -167.27 <= p[4] + -p[4] + hold_padding[9]
           p[0] + -p[9] + setup_padding[13] <= 443.81999999999994
           -408.53 <= p[0] + -p[9] + hold_padding[13]
           p[2] + -p[2] + setup_padding[8] <= 1118.09
           -139.79000000000002 <= p[2] + -p[2] + hold_padding[8]
           p[1] + -p[1] + setup_padding[7] <= 1080.23
           -153.48999999999998 <= p[1] + -p[1] + hold_padding[7]
           p[10] + -p[0] + setup_padding[5] <= 972.96
           -186.51000000000002 <= p[10] + -p[0] + hold_padding[5]
           p[7] + -p[0] + setup_padding[2] <= 972.3900000000001
           -191.66 <= p[7] + -p[0] + hold_padding[2]
           p[5] + -p[0] + setup_padding[0] <= 972.3900000000001
           -191.66 <= p[5] + -p[0] + hold_padding[0]
           p[8] + -p[0] + setup_padding[3] <= 972.3900000000001
           -191.66 <= p[8] + -p[0] + hold_padding[3]
           p[11] + -p[0] + setup_padding[6] <= 972.96
           -186.51000000000002 <= p[11] + -p[0] + hold_padding[6]
           p[9] + -p[0] + setup_padding[4] <= 972.3900000000001
           -191.66 <= p[9] + -p[0] + hold_padding[4]
           p[6] + -p[0] + setup_padding[1] <= 972.3900000000001
           -191.66 <= p[6] + -p[0] + hold_padding[1]
           p[13] + -p[6] + setup_padding[12] <= 924.89
           -173.95 <= p[13] + -p[6] + hold_padding[12]
           p[3] + -p[6] + setup_padding[10] <= 795.3000000000001
           -159.37 <= p[3] + -p[6] + hold_padding[10]
           p[12] + -p[6] + setup_padding[11] <= 869.93
           -145.39000000000001 <= p[12] + -p[6] + hold_padding[11]
           p[4] + -p[4] + setup_padding[9] <= 806.83
           -75.30000000000001 <= p[4] + -p[4] + hold_padding[9]
           p[0] + -p[9] + setup_padding[13] <= 844.65
           -206.89999999999998 <= p[0] + -p[9] + hold_padding[13]
           p[2] + -p[2] + setup_padding[8] <= 1187.0900000000001
           -66.91000000000001 <= p[2] + -p[2] + hold_padding[8]
           p[1] + -p[1] + setup_padding[7] <= 1169.84
           -67.89999999999999 <= p[1] + -p[1] + hold_padding[7]
problem: minimize 0.1 @ quad_over_lin(p, 1.0) + 0.1 @ (Sum(setup_padding, None, False) + Sum(hold_padding, None, False))
subject to 0.0 <= setup_padding
           0.0 <= hold_padding
           p[10] + -p[0] + setup_padding[5] <= 717.9399999999999
           -371.12 <= p[10] + -p[0] + hold_padding[5]
           p[7] + -p[0] + setup_padding[2] <= 717.9399999999999
           -367.96999999999997 <= p[7] + -p[0] + hold_padding[2]
           p[5] + -p[0] + setup_padding[0] <= 717.9399999999999
           -367.96999999999997 <= p[5] + -p[0] + hold_padding[0]
           p[8] + -p[0] + setup_padding[3] <= 717.9399999999999
           -367.96999999999997 <= p[8] + -p[0] + hold_padding[3]
           p[11] + -p[0] + setup_padding[6] <= 717.9399999999999
           -371.12 <= p[11] + -p[0] + hold_padding[6]
           p[9] + -p[0] + setup_padding[4] <= 717.9399999999999
           -367.96999999999997 <= p[9] + -p[0] + hold_padding[4]
           p[6] + -p[0] + setup_padding[1] <= 717.9399999999999
           -367.96999999999997 <= p[6] + -p[0] + hold_padding[1]
           p[13] + -p[6] + setup_padding[12] <= 658.6000000000001
           -324.53 <= p[13] + -p[6] + hold_padding[12]
           p[3] + -p[6] + setup_padding[10] <= 335.8799999999999
           -322.15000000000003 <= p[3] + -p[6] + hold_padding[10]
           p[12] + -p[6] + setup_padding[11] <= 507.2399999999999
           -278.37 <= p[12] + -p[6] + hold_padding[11]
           p[4] + -p[4] + setup_padding[9] <= 375.7600000000001
           -167.27 <= p[4] + -p[4] + hold_padding[9]
           p[0] + -p[9] + setup_padding[13] <= 443.81999999999994
           -408.53 <= p[0] + -p[9] + hold_padding[13]
           p[2] + -p[2] + setup_padding[8] <= 1118.09
           -139.79000000000002 <= p[2] + -p[2] + hold_padding[8]
           p[1] + -p[1] + setup_padding[7] <= 1080.23
           -153.48999999999998 <= p[1] + -p[1] + hold_padding[7]
           p[10] + -p[0] + setup_padding[5] <= 972.96
           -186.51000000000002 <= p[10] + -p[0] + hold_padding[5]
           p[7] + -p[0] + setup_padding[2] <= 972.3900000000001
           -191.66 <= p[7] + -p[0] + hold_padding[2]
           p[5] + -p[0] + setup_padding[0] <= 972.3900000000001
           -191.66 <= p[5] + -p[0] + hold_padding[0]
           p[8] + -p[0] + setup_padding[3] <= 972.3900000000001
           -191.66 <= p[8] + -p[0] + hold_padding[3]
           p[11] + -p[0] + setup_padding[6] <= 972.96
           -186.51000000000002 <= p[11] + -p[0] + hold_padding[6]
           p[9] + -p[0] + setup_padding[4] <= 972.3900000000001
           -191.66 <= p[9] + -p[0] + hold_padding[4]
           p[6] + -p[0] + setup_padding[1] <= 972.3900000000001
           -191.66 <= p[6] + -p[0] + hold_padding[1]
           p[13] + -p[6] + setup_padding[12] <= 924.89
           -173.95 <= p[13] + -p[6] + hold_padding[12]
           p[3] + -p[6] + setup_padding[10] <= 795.3000000000001
           -159.37 <= p[3] + -p[6] + hold_padding[10]
           p[12] + -p[6] + setup_padding[11] <= 869.93
           -145.39000000000001 <= p[12] + -p[6] + hold_padding[11]
           p[4] + -p[4] + setup_padding[9] <= 806.83
           -75.30000000000001 <= p[4] + -p[4] + hold_padding[9]
           p[0] + -p[9] + setup_padding[13] <= 844.65
           -206.89999999999998 <= p[0] + -p[9] + hold_padding[13]
           p[2] + -p[2] + setup_padding[8] <= 1187.0900000000001
           -66.91000000000001 <= p[2] + -p[2] + hold_padding[8]
           p[1] + -p[1] + setup_padding[7] <= 1169.84
           -67.89999999999999 <= p[1] + -p[1] + hold_padding[7]
TCLK = 625.000ns 不可行，原因：存在无法修复的时序违规，只能降低延时或者增大Tcp:
，Corner ss_asap7, setup违规, 边 ('_10597_', '_10779_', '_10597_'): 存在setup负环，无法通过delay padding修复

problem: minimize 0.1 @ quad_over_lin(p, 1.0) + 0.1 @ (Sum(setup_padding, None, False) + Sum(hold_padding, None, False))
subject to 0.0 <= setup_padding
           0.0 <= hold_padding
           p[10] + -p[0] + setup_padding[5] <= 405.43999999999994
           -371.12 <= p[10] + -p[0] + hold_padding[5]
           p[7] + -p[0] + setup_padding[2] <= 405.43999999999994
           -367.96999999999997 <= p[7] + -p[0] + hold_padding[2]
           p[5] + -p[0] + setup_padding[0] <= 405.43999999999994
           -367.96999999999997 <= p[5] + -p[0] + hold_padding[0]
           p[8] + -p[0] + setup_padding[3] <= 405.43999999999994
           -367.96999999999997 <= p[8] + -p[0] + hold_padding[3]
           p[11] + -p[0] + setup_padding[6] <= 405.43999999999994
           -371.12 <= p[11] + -p[0] + hold_padding[6]
           p[9] + -p[0] + setup_padding[4] <= 405.43999999999994
           -367.96999999999997 <= p[9] + -p[0] + hold_padding[4]
           p[6] + -p[0] + setup_padding[1] <= 405.43999999999994
           -367.96999999999997 <= p[6] + -p[0] + hold_padding[1]
           p[13] + -p[6] + setup_padding[12] <= 346.1
           -324.53 <= p[13] + -p[6] + hold_padding[12]
           p[3] + -p[6] + setup_padding[10] <= 23.379999999999995
           -322.15000000000003 <= p[3] + -p[6] + hold_padding[10]
           p[12] + -p[6] + setup_padding[11] <= 194.74
           -278.37 <= p[12] + -p[6] + hold_padding[11]
           p[4] + -p[4] + setup_padding[9] <= 63.25999999999999
           -167.27 <= p[4] + -p[4] + hold_padding[9]
           p[0] + -p[9] + setup_padding[13] <= 131.31999999999994
           -408.53 <= p[0] + -p[9] + hold_padding[13]
           p[2] + -p[2] + setup_padding[8] <= 805.5899999999999
           -139.79000000000002 <= p[2] + -p[2] + hold_padding[8]
           p[1] + -p[1] + setup_padding[7] <= 767.73
           -153.48999999999998 <= p[1] + -p[1] + hold_padding[7]
           p[10] + -p[0] + setup_padding[5] <= 660.46
           -186.51000000000002 <= p[10] + -p[0] + hold_padding[5]
           p[7] + -p[0] + setup_padding[2] <= 659.8900000000001
           -191.66 <= p[7] + -p[0] + hold_padding[2]
           p[5] + -p[0] + setup_padding[0] <= 659.8900000000001
           -191.66 <= p[5] + -p[0] + hold_padding[0]
           p[8] + -p[0] + setup_padding[3] <= 659.8900000000001
           -191.66 <= p[8] + -p[0] + hold_padding[3]
           p[11] + -p[0] + setup_padding[6] <= 660.46
           -186.51000000000002 <= p[11] + -p[0] + hold_padding[6]
           p[9] + -p[0] + setup_padding[4] <= 659.8900000000001
           -191.66 <= p[9] + -p[0] + hold_padding[4]
           p[6] + -p[0] + setup_padding[1] <= 659.8900000000001
           -191.66 <= p[6] + -p[0] + hold_padding[1]
           p[13] + -p[6] + setup_padding[12] <= 612.39
           -173.95 <= p[13] + -p[6] + hold_padding[12]
           p[3] + -p[6] + setup_padding[10] <= 482.80000000000007
           -159.37 <= p[3] + -p[6] + hold_padding[10]
           p[12] + -p[6] + setup_padding[11] <= 557.4300000000001
           -145.39000000000001 <= p[12] + -p[6] + hold_padding[11]
           p[4] + -p[4] + setup_padding[9] <= 494.3299999999999
           -75.30000000000001 <= p[4] + -p[4] + hold_padding[9]
           p[0] + -p[9] + setup_padding[13] <= 532.15
           -206.89999999999998 <= p[0] + -p[9] + hold_padding[13]
           p[2] + -p[2] + setup_padding[8] <= 874.59
           -66.91000000000001 <= p[2] + -p[2] + hold_padding[8]
           p[1] + -p[1] + setup_padding[7] <= 857.3399999999999
           -67.89999999999999 <= p[1] + -p[1] + hold_padding[7]
problem: minimize 0.1 @ quad_over_lin(p, 1.0) + 0.1 @ (Sum(setup_padding, None, False) + Sum(hold_padding, None, False))
subject to 0.0 <= setup_padding
           0.0 <= hold_padding
           p[10] + -p[0] + setup_padding[5] <= 405.43999999999994
           -371.12 <= p[10] + -p[0] + hold_padding[5]
           p[7] + -p[0] + setup_padding[2] <= 405.43999999999994
           -367.96999999999997 <= p[7] + -p[0] + hold_padding[2]
           p[5] + -p[0] + setup_padding[0] <= 405.43999999999994
           -367.96999999999997 <= p[5] + -p[0] + hold_padding[0]
           p[8] + -p[0] + setup_padding[3] <= 405.43999999999994
           -367.96999999999997 <= p[8] + -p[0] + hold_padding[3]
           p[11] + -p[0] + setup_padding[6] <= 405.43999999999994
           -371.12 <= p[11] + -p[0] + hold_padding[6]
           p[9] + -p[0] + setup_padding[4] <= 405.43999999999994
           -367.96999999999997 <= p[9] + -p[0] + hold_padding[4]
           p[6] + -p[0] + setup_padding[1] <= 405.43999999999994
           -367.96999999999997 <= p[6] + -p[0] + hold_padding[1]
           p[13] + -p[6] + setup_padding[12] <= 346.1
           -324.53 <= p[13] + -p[6] + hold_padding[12]
           p[3] + -p[6] + setup_padding[10] <= 23.379999999999995
           -322.15000000000003 <= p[3] + -p[6] + hold_padding[10]
           p[12] + -p[6] + setup_padding[11] <= 194.74
           -278.37 <= p[12] + -p[6] + hold_padding[11]
           p[4] + -p[4] + setup_padding[9] <= 63.25999999999999
           -167.27 <= p[4] + -p[4] + hold_padding[9]
           p[0] + -p[9] + setup_padding[13] <= 131.31999999999994
           -408.53 <= p[0] + -p[9] + hold_padding[13]
           p[2] + -p[2] + setup_padding[8] <= 805.5899999999999
           -139.79000000000002 <= p[2] + -p[2] + hold_padding[8]
           p[1] + -p[1] + setup_padding[7] <= 767.73
           -153.48999999999998 <= p[1] + -p[1] + hold_padding[7]
           p[10] + -p[0] + setup_padding[5] <= 660.46
           -186.51000000000002 <= p[10] + -p[0] + hold_padding[5]
           p[7] + -p[0] + setup_padding[2] <= 659.8900000000001
           -191.66 <= p[7] + -p[0] + hold_padding[2]
           p[5] + -p[0] + setup_padding[0] <= 659.8900000000001
           -191.66 <= p[5] + -p[0] + hold_padding[0]
           p[8] + -p[0] + setup_padding[3] <= 659.8900000000001
           -191.66 <= p[8] + -p[0] + hold_padding[3]
           p[11] + -p[0] + setup_padding[6] <= 660.46
           -186.51000000000002 <= p[11] + -p[0] + hold_padding[6]
           p[9] + -p[0] + setup_padding[4] <= 659.8900000000001
           -191.66 <= p[9] + -p[0] + hold_padding[4]
           p[6] + -p[0] + setup_padding[1] <= 659.8900000000001
           -191.66 <= p[6] + -p[0] + hold_padding[1]
           p[13] + -p[6] + setup_padding[12] <= 612.39
           -173.95 <= p[13] + -p[6] + hold_padding[12]
           p[3] + -p[6] + setup_padding[10] <= 482.80000000000007
           -159.37 <= p[3] + -p[6] + hold_padding[10]
           p[12] + -p[6] + setup_padding[11] <= 557.4300000000001
           -145.39000000000001 <= p[12] + -p[6] + hold_padding[11]
           p[4] + -p[4] + setup_padding[9] <= 494.3299999999999
           -75.30000000000001 <= p[4] + -p[4] + hold_padding[9]
           p[0] + -p[9] + setup_padding[13] <= 532.15
           -206.89999999999998 <= p[0] + -p[9] + hold_padding[13]
           p[2] + -p[2] + setup_padding[8] <= 874.59
           -66.91000000000001 <= p[2] + -p[2] + hold_padding[8]
           p[1] + -p[1] + setup_padding[7] <= 857.3399999999999
           -67.89999999999999 <= p[1] + -p[1] + hold_padding[7]
TCLK = 781.250ns 不可行，原因：存在无法修复的时序违规，只能降低延时或者增大Tcp:
，Corner ss_asap7, setup违规, 边 ('_10677_', '_10677_'): 存在setup负环，无法通过delay padding修复

TCLK = 859.375ns 不可行，原因：存在无法修复的时序违规，只能降低延时或者增大Tcp:
，Corner ss_asap7, setup违规, 边 ('_10677_', '_10677_'): 存在setup负环，无法通过delay padding修复

problem: minimize 0.1 @ quad_over_lin(p, 1.0) + 0.1 @ (Sum(setup_padding, None, False) + Sum(hold_padding, None, False))
subject to 0.0 <= setup_padding
           0.0 <= hold_padding
           p[10] + -p[0] + setup_padding[5] <= 366.37749999999994
           -371.12 <= p[10] + -p[0] + hold_padding[5]
           p[7] + -p[0] + setup_padding[2] <= 366.37749999999994
           -367.96999999999997 <= p[7] + -p[0] + hold_padding[2]
           p[5] + -p[0] + setup_padding[0] <= 366.37749999999994
           -367.96999999999997 <= p[5] + -p[0] + hold_padding[0]
           p[8] + -p[0] + setup_padding[3] <= 366.37749999999994
           -367.96999999999997 <= p[8] + -p[0] + hold_padding[3]
           p[11] + -p[0] + setup_padding[6] <= 366.37749999999994
           -371.12 <= p[11] + -p[0] + hold_padding[6]
           p[9] + -p[0] + setup_padding[4] <= 366.37749999999994
           -367.96999999999997 <= p[9] + -p[0] + hold_padding[4]
           p[6] + -p[0] + setup_padding[1] <= 366.37749999999994
           -367.96999999999997 <= p[6] + -p[0] + hold_padding[1]
           p[13] + -p[6] + setup_padding[12] <= 307.0375
           -324.53 <= p[13] + -p[6] + hold_padding[12]
           p[3] + -p[6] + setup_padding[10] <= -15.682500000000005
           -322.15000000000003 <= p[3] + -p[6] + hold_padding[10]
           p[12] + -p[6] + setup_padding[11] <= 155.6775
           -278.37 <= p[12] + -p[6] + hold_padding[11]
           p[4] + -p[4] + setup_padding[9] <= 24.19749999999999
           -167.27 <= p[4] + -p[4] + hold_padding[9]
           p[0] + -p[9] + setup_padding[13] <= 92.25749999999994
           -408.53 <= p[0] + -p[9] + hold_padding[13]
           p[2] + -p[2] + setup_padding[8] <= 766.5274999999999
           -139.79000000000002 <= p[2] + -p[2] + hold_padding[8]
           p[1] + -p[1] + setup_padding[7] <= 728.6675
           -153.48999999999998 <= p[1] + -p[1] + hold_padding[7]
           p[10] + -p[0] + setup_padding[5] <= 621.3975
           -186.51000000000002 <= p[10] + -p[0] + hold_padding[5]
           p[7] + -p[0] + setup_padding[2] <= 620.8275000000001
           -191.66 <= p[7] + -p[0] + hold_padding[2]
           p[5] + -p[0] + setup_padding[0] <= 620.8275000000001
           -191.66 <= p[5] + -p[0] + hold_padding[0]
           p[8] + -p[0] + setup_padding[3] <= 620.8275000000001
           -191.66 <= p[8] + -p[0] + hold_padding[3]
           p[11] + -p[0] + setup_padding[6] <= 621.3975
           -186.51000000000002 <= p[11] + -p[0] + hold_padding[6]
           p[9] + -p[0] + setup_padding[4] <= 620.8275000000001
           -191.66 <= p[9] + -p[0] + hold_padding[4]
           p[6] + -p[0] + setup_padding[1] <= 620.8275000000001
           -191.66 <= p[6] + -p[0] + hold_padding[1]
           p[13] + -p[6] + setup_padding[12] <= 573.3275
           -173.95 <= p[13] + -p[6] + hold_padding[12]
           p[3] + -p[6] + setup_padding[10] <= 443.73750000000007
           -159.37 <= p[3] + -p[6] + hold_padding[10]
           p[12] + -p[6] + setup_padding[11] <= 518.3675000000001
           -145.39000000000001 <= p[12] + -p[6] + hold_padding[11]
           p[4] + -p[4] + setup_padding[9] <= 455.2674999999999
           -75.30000000000001 <= p[4] + -p[4] + hold_padding[9]
           p[0] + -p[9] + setup_padding[13] <= 493.0875
           -206.89999999999998 <= p[0] + -p[9] + hold_padding[13]
           p[2] + -p[2] + setup_padding[8] <= 835.5275
           -66.91000000000001 <= p[2] + -p[2] + hold_padding[8]
           p[1] + -p[1] + setup_padding[7] <= 818.2774999999999
           -67.89999999999999 <= p[1] + -p[1] + hold_padding[7]
problem: minimize 0.1 @ quad_over_lin(p, 1.0) + 0.1 @ (Sum(setup_padding, None, False) + Sum(hold_padding, None, False))
subject to 0.0 <= setup_padding
           0.0 <= hold_padding
           p[10] + -p[0] + setup_padding[5] <= 366.37749999999994
           -371.12 <= p[10] + -p[0] + hold_padding[5]
           p[7] + -p[0] + setup_padding[2] <= 366.37749999999994
           -367.96999999999997 <= p[7] + -p[0] + hold_padding[2]
           p[5] + -p[0] + setup_padding[0] <= 366.37749999999994
           -367.96999999999997 <= p[5] + -p[0] + hold_padding[0]
           p[8] + -p[0] + setup_padding[3] <= 366.37749999999994
           -367.96999999999997 <= p[8] + -p[0] + hold_padding[3]
           p[11] + -p[0] + setup_padding[6] <= 366.37749999999994
           -371.12 <= p[11] + -p[0] + hold_padding[6]
           p[9] + -p[0] + setup_padding[4] <= 366.37749999999994
           -367.96999999999997 <= p[9] + -p[0] + hold_padding[4]
           p[6] + -p[0] + setup_padding[1] <= 366.37749999999994
           -367.96999999999997 <= p[6] + -p[0] + hold_padding[1]
           p[13] + -p[6] + setup_padding[12] <= 307.0375
           -324.53 <= p[13] + -p[6] + hold_padding[12]
           p[3] + -p[6] + setup_padding[10] <= -15.682500000000005
           -322.15000000000003 <= p[3] + -p[6] + hold_padding[10]
           p[12] + -p[6] + setup_padding[11] <= 155.6775
           -278.37 <= p[12] + -p[6] + hold_padding[11]
           p[4] + -p[4] + setup_padding[9] <= 24.19749999999999
           -167.27 <= p[4] + -p[4] + hold_padding[9]
           p[0] + -p[9] + setup_padding[13] <= 92.25749999999994
           -408.53 <= p[0] + -p[9] + hold_padding[13]
           p[2] + -p[2] + setup_padding[8] <= 766.5274999999999
           -139.79000000000002 <= p[2] + -p[2] + hold_padding[8]
           p[1] + -p[1] + setup_padding[7] <= 728.6675
           -153.48999999999998 <= p[1] + -p[1] + hold_padding[7]
           p[10] + -p[0] + setup_padding[5] <= 621.3975
           -186.51000000000002 <= p[10] + -p[0] + hold_padding[5]
           p[7] + -p[0] + setup_padding[2] <= 620.8275000000001
           -191.66 <= p[7] + -p[0] + hold_padding[2]
           p[5] + -p[0] + setup_padding[0] <= 620.8275000000001
           -191.66 <= p[5] + -p[0] + hold_padding[0]
           p[8] + -p[0] + setup_padding[3] <= 620.8275000000001
           -191.66 <= p[8] + -p[0] + hold_padding[3]
           p[11] + -p[0] + setup_padding[6] <= 621.3975
           -186.51000000000002 <= p[11] + -p[0] + hold_padding[6]
           p[9] + -p[0] + setup_padding[4] <= 620.8275000000001
           -191.66 <= p[9] + -p[0] + hold_padding[4]
           p[6] + -p[0] + setup_padding[1] <= 620.8275000000001
           -191.66 <= p[6] + -p[0] + hold_padding[1]
           p[13] + -p[6] + setup_padding[12] <= 573.3275
           -173.95 <= p[13] + -p[6] + hold_padding[12]
           p[3] + -p[6] + setup_padding[10] <= 443.73750000000007
           -159.37 <= p[3] + -p[6] + hold_padding[10]
           p[12] + -p[6] + setup_padding[11] <= 518.3675000000001
           -145.39000000000001 <= p[12] + -p[6] + hold_padding[11]
           p[4] + -p[4] + setup_padding[9] <= 455.2674999999999
           -75.30000000000001 <= p[4] + -p[4] + hold_padding[9]
           p[0] + -p[9] + setup_padding[13] <= 493.0875
           -206.89999999999998 <= p[0] + -p[9] + hold_padding[13]
           p[2] + -p[2] + setup_padding[8] <= 835.5275
           -66.91000000000001 <= p[2] + -p[2] + hold_padding[8]
           p[1] + -p[1] + setup_padding[7] <= 818.2774999999999
           -67.89999999999999 <= p[1] + -p[1] + hold_padding[7]
problem: minimize 0.1 @ quad_over_lin(p, 1.0) + 0.1 @ (Sum(setup_padding, None, False) + Sum(hold_padding, None, False))
subject to 0.0 <= setup_padding
           0.0 <= hold_padding
           p[10] + -p[0] + setup_padding[5] <= 366.37749999999994
           -371.12 <= p[10] + -p[0] + hold_padding[5]
           p[7] + -p[0] + setup_padding[2] <= 366.37749999999994
           -367.96999999999997 <= p[7] + -p[0] + hold_padding[2]
           p[5] + -p[0] + setup_padding[0] <= 366.37749999999994
           -367.96999999999997 <= p[5] + -p[0] + hold_padding[0]
           p[8] + -p[0] + setup_padding[3] <= 366.37749999999994
           -367.96999999999997 <= p[8] + -p[0] + hold_padding[3]
           p[11] + -p[0] + setup_padding[6] <= 366.37749999999994
           -371.12 <= p[11] + -p[0] + hold_padding[6]
           p[9] + -p[0] + setup_padding[4] <= 366.37749999999994
           -367.96999999999997 <= p[9] + -p[0] + hold_padding[4]
           p[6] + -p[0] + setup_padding[1] <= 366.37749999999994
           -367.96999999999997 <= p[6] + -p[0] + hold_padding[1]
           p[13] + -p[6] + setup_padding[12] <= 307.0375
           -324.53 <= p[13] + -p[6] + hold_padding[12]
           p[3] + -p[6] + setup_padding[10] <= -15.682500000000005
           -322.15000000000003 <= p[3] + -p[6] + hold_padding[10]
           p[12] + -p[6] + setup_padding[11] <= 155.6775
           -278.37 <= p[12] + -p[6] + hold_padding[11]
           p[4] + -p[4] + setup_padding[9] <= 24.19749999999999
           -167.27 <= p[4] + -p[4] + hold_padding[9]
           p[0] + -p[9] + setup_padding[13] <= 92.25749999999994
           -408.53 <= p[0] + -p[9] + hold_padding[13]
           p[2] + -p[2] + setup_padding[8] <= 766.5274999999999
           -139.79000000000002 <= p[2] + -p[2] + hold_padding[8]
           p[1] + -p[1] + setup_padding[7] <= 728.6675
           -153.48999999999998 <= p[1] + -p[1] + hold_padding[7]
           p[10] + -p[0] + setup_padding[5] <= 621.3975
           -186.51000000000002 <= p[10] + -p[0] + hold_padding[5]
           p[7] + -p[0] + setup_padding[2] <= 620.8275000000001
           -191.66 <= p[7] + -p[0] + hold_padding[2]
           p[5] + -p[0] + setup_padding[0] <= 620.8275000000001
           -191.66 <= p[5] + -p[0] + hold_padding[0]
           p[8] + -p[0] + setup_padding[3] <= 620.8275000000001
           -191.66 <= p[8] + -p[0] + hold_padding[3]
           p[11] + -p[0] + setup_padding[6] <= 621.3975
           -186.51000000000002 <= p[11] + -p[0] + hold_padding[6]
           p[9] + -p[0] + setup_padding[4] <= 620.8275000000001
           -191.66 <= p[9] + -p[0] + hold_padding[4]
           p[6] + -p[0] + setup_padding[1] <= 620.8275000000001
           -191.66 <= p[6] + -p[0] + hold_padding[1]
           p[13] + -p[6] + setup_padding[12] <= 573.3275
           -173.95 <= p[13] + -p[6] + hold_padding[12]
           p[3] + -p[6] + setup_padding[10] <= 443.73750000000007
           -159.37 <= p[3] + -p[6] + hold_padding[10]
           p[12] + -p[6] + setup_padding[11] <= 518.3675000000001
           -145.39000000000001 <= p[12] + -p[6] + hold_padding[11]
           p[4] + -p[4] + setup_padding[9] <= 455.2674999999999
           -75.30000000000001 <= p[4] + -p[4] + hold_padding[9]
           p[0] + -p[9] + setup_padding[13] <= 493.0875
           -206.89999999999998 <= p[0] + -p[9] + hold_padding[13]
           p[2] + -p[2] + setup_padding[8] <= 835.5275
           -66.91000000000001 <= p[2] + -p[2] + hold_padding[8]
           p[1] + -p[1] + setup_padding[7] <= 818.2774999999999
           -67.89999999999999 <= p[1] + -p[1] + hold_padding[7]
TCLK = 878.906ns 不可行，原因：存在无法修复的时序违规，只能降低延时或者增大Tcp:
，Corner ss_asap7, setup违规, 边 ('_10677_', '_10677_'): 存在setup负环，无法通过delay padding修复

TCLK = 888.672ns 不可行，原因：存在无法修复的时序违规，只能降低延时或者增大Tcp:
，Corner ss_asap7, setup违规, 边 ('_10677_', '_10677_'): 存在setup负环，无法通过delay padding修复

problem: minimize 0.1 @ quad_over_lin(p, 1.0) + 0.1 @ (Sum(setup_padding, None, False) + Sum(hold_padding, None, False))
subject to 0.0 <= setup_padding
           0.0 <= hold_padding
           p[10] + -p[0] + setup_padding[5] <= 361.49468749999994
           -371.12 <= p[10] + -p[0] + hold_padding[5]
           p[7] + -p[0] + setup_padding[2] <= 361.49468749999994
           -367.96999999999997 <= p[7] + -p[0] + hold_padding[2]
           p[5] + -p[0] + setup_padding[0] <= 361.49468749999994
           -367.96999999999997 <= p[5] + -p[0] + hold_padding[0]
           p[8] + -p[0] + setup_padding[3] <= 361.49468749999994
           -367.96999999999997 <= p[8] + -p[0] + hold_padding[3]
           p[11] + -p[0] + setup_padding[6] <= 361.49468749999994
           -371.12 <= p[11] + -p[0] + hold_padding[6]
           p[9] + -p[0] + setup_padding[4] <= 361.49468749999994
           -367.96999999999997 <= p[9] + -p[0] + hold_padding[4]
           p[6] + -p[0] + setup_padding[1] <= 361.49468749999994
           -367.96999999999997 <= p[6] + -p[0] + hold_padding[1]
           p[13] + -p[6] + setup_padding[12] <= 302.1546875
           -324.53 <= p[13] + -p[6] + hold_padding[12]
           p[3] + -p[6] + setup_padding[10] <= -20.565312500000005
           -322.15000000000003 <= p[3] + -p[6] + hold_padding[10]
           p[12] + -p[6] + setup_padding[11] <= 150.7946875
           -278.37 <= p[12] + -p[6] + hold_padding[11]
           p[4] + -p[4] + setup_padding[9] <= 19.31468749999999
           -167.27 <= p[4] + -p[4] + hold_padding[9]
           p[0] + -p[9] + setup_padding[13] <= 87.37468749999994
           -408.53 <= p[0] + -p[9] + hold_padding[13]
           p[2] + -p[2] + setup_padding[8] <= 761.6446874999999
           -139.79000000000002 <= p[2] + -p[2] + hold_padding[8]
           p[1] + -p[1] + setup_padding[7] <= 723.7846875
           -153.48999999999998 <= p[1] + -p[1] + hold_padding[7]
           p[10] + -p[0] + setup_padding[5] <= 616.5146875
           -186.51000000000002 <= p[10] + -p[0] + hold_padding[5]
           p[7] + -p[0] + setup_padding[2] <= 615.9446875000001
           -191.66 <= p[7] + -p[0] + hold_padding[2]
           p[5] + -p[0] + setup_padding[0] <= 615.9446875000001
           -191.66 <= p[5] + -p[0] + hold_padding[0]
           p[8] + -p[0] + setup_padding[3] <= 615.9446875000001
           -191.66 <= p[8] + -p[0] + hold_padding[3]
           p[11] + -p[0] + setup_padding[6] <= 616.5146875
           -186.51000000000002 <= p[11] + -p[0] + hold_padding[6]
           p[9] + -p[0] + setup_padding[4] <= 615.9446875000001
           -191.66 <= p[9] + -p[0] + hold_padding[4]
           p[6] + -p[0] + setup_padding[1] <= 615.9446875000001
           -191.66 <= p[6] + -p[0] + hold_padding[1]
           p[13] + -p[6] + setup_padding[12] <= 568.4446875
           -173.95 <= p[13] + -p[6] + hold_padding[12]
           p[3] + -p[6] + setup_padding[10] <= 438.85468750000007
           -159.37 <= p[3] + -p[6] + hold_padding[10]
           p[12] + -p[6] + setup_padding[11] <= 513.4846875000001
           -145.39000000000001 <= p[12] + -p[6] + hold_padding[11]
           p[4] + -p[4] + setup_padding[9] <= 450.3846874999999
           -75.30000000000001 <= p[4] + -p[4] + hold_padding[9]
           p[0] + -p[9] + setup_padding[13] <= 488.2046875
           -206.89999999999998 <= p[0] + -p[9] + hold_padding[13]
           p[2] + -p[2] + setup_padding[8] <= 830.6446875
           -66.91000000000001 <= p[2] + -p[2] + hold_padding[8]
           p[1] + -p[1] + setup_padding[7] <= 813.3946874999999
           -67.89999999999999 <= p[1] + -p[1] + hold_padding[7]
problem: minimize 0.1 @ quad_over_lin(p, 1.0) + 0.1 @ (Sum(setup_padding, None, False) + Sum(hold_padding, None, False))
subject to 0.0 <= setup_padding
           0.0 <= hold_padding
           p[10] + -p[0] + setup_padding[5] <= 361.49468749999994
           -371.12 <= p[10] + -p[0] + hold_padding[5]
           p[7] + -p[0] + setup_padding[2] <= 361.49468749999994
           -367.96999999999997 <= p[7] + -p[0] + hold_padding[2]
           p[5] + -p[0] + setup_padding[0] <= 361.49468749999994
           -367.96999999999997 <= p[5] + -p[0] + hold_padding[0]
           p[8] + -p[0] + setup_padding[3] <= 361.49468749999994
           -367.96999999999997 <= p[8] + -p[0] + hold_padding[3]
           p[11] + -p[0] + setup_padding[6] <= 361.49468749999994
           -371.12 <= p[11] + -p[0] + hold_padding[6]
           p[9] + -p[0] + setup_padding[4] <= 361.49468749999994
           -367.96999999999997 <= p[9] + -p[0] + hold_padding[4]
           p[6] + -p[0] + setup_padding[1] <= 361.49468749999994
           -367.96999999999997 <= p[6] + -p[0] + hold_padding[1]
           p[13] + -p[6] + setup_padding[12] <= 302.1546875
           -324.53 <= p[13] + -p[6] + hold_padding[12]
           p[3] + -p[6] + setup_padding[10] <= -20.565312500000005
           -322.15000000000003 <= p[3] + -p[6] + hold_padding[10]
           p[12] + -p[6] + setup_padding[11] <= 150.7946875
           -278.37 <= p[12] + -p[6] + hold_padding[11]
           p[4] + -p[4] + setup_padding[9] <= 19.31468749999999
           -167.27 <= p[4] + -p[4] + hold_padding[9]
           p[0] + -p[9] + setup_padding[13] <= 87.37468749999994
           -408.53 <= p[0] + -p[9] + hold_padding[13]
           p[2] + -p[2] + setup_padding[8] <= 761.6446874999999
           -139.79000000000002 <= p[2] + -p[2] + hold_padding[8]
           p[1] + -p[1] + setup_padding[7] <= 723.7846875
           -153.48999999999998 <= p[1] + -p[1] + hold_padding[7]
           p[10] + -p[0] + setup_padding[5] <= 616.5146875
           -186.51000000000002 <= p[10] + -p[0] + hold_padding[5]
           p[7] + -p[0] + setup_padding[2] <= 615.9446875000001
           -191.66 <= p[7] + -p[0] + hold_padding[2]
           p[5] + -p[0] + setup_padding[0] <= 615.9446875000001
           -191.66 <= p[5] + -p[0] + hold_padding[0]
           p[8] + -p[0] + setup_padding[3] <= 615.9446875000001
           -191.66 <= p[8] + -p[0] + hold_padding[3]
           p[11] + -p[0] + setup_padding[6] <= 616.5146875
           -186.51000000000002 <= p[11] + -p[0] + hold_padding[6]
           p[9] + -p[0] + setup_padding[4] <= 615.9446875000001
           -191.66 <= p[9] + -p[0] + hold_padding[4]
           p[6] + -p[0] + setup_padding[1] <= 615.9446875000001
           -191.66 <= p[6] + -p[0] + hold_padding[1]
           p[13] + -p[6] + setup_padding[12] <= 568.4446875
           -173.95 <= p[13] + -p[6] + hold_padding[12]
           p[3] + -p[6] + setup_padding[10] <= 438.85468750000007
           -159.37 <= p[3] + -p[6] + hold_padding[10]
           p[12] + -p[6] + setup_padding[11] <= 513.4846875000001
           -145.39000000000001 <= p[12] + -p[6] + hold_padding[11]
           p[4] + -p[4] + setup_padding[9] <= 450.3846874999999
           -75.30000000000001 <= p[4] + -p[4] + hold_padding[9]
           p[0] + -p[9] + setup_padding[13] <= 488.2046875
           -206.89999999999998 <= p[0] + -p[9] + hold_padding[13]
           p[2] + -p[2] + setup_padding[8] <= 830.6446875
           -66.91000000000001 <= p[2] + -p[2] + hold_padding[8]
           p[1] + -p[1] + setup_padding[7] <= 813.3946874999999
           -67.89999999999999 <= p[1] + -p[1] + hold_padding[7]
problem: minimize 0.1 @ quad_over_lin(p, 1.0) + 0.1 @ (Sum(setup_padding, None, False) + Sum(hold_padding, None, False))
subject to 0.0 <= setup_padding
           0.0 <= hold_padding
           p[10] + -p[0] + setup_padding[5] <= 361.49468749999994
           -371.12 <= p[10] + -p[0] + hold_padding[5]
           p[7] + -p[0] + setup_padding[2] <= 361.49468749999994
           -367.96999999999997 <= p[7] + -p[0] + hold_padding[2]
           p[5] + -p[0] + setup_padding[0] <= 361.49468749999994
           -367.96999999999997 <= p[5] + -p[0] + hold_padding[0]
           p[8] + -p[0] + setup_padding[3] <= 361.49468749999994
           -367.96999999999997 <= p[8] + -p[0] + hold_padding[3]
           p[11] + -p[0] + setup_padding[6] <= 361.49468749999994
           -371.12 <= p[11] + -p[0] + hold_padding[6]
           p[9] + -p[0] + setup_padding[4] <= 361.49468749999994
           -367.96999999999997 <= p[9] + -p[0] + hold_padding[4]
           p[6] + -p[0] + setup_padding[1] <= 361.49468749999994
           -367.96999999999997 <= p[6] + -p[0] + hold_padding[1]
           p[13] + -p[6] + setup_padding[12] <= 302.1546875
           -324.53 <= p[13] + -p[6] + hold_padding[12]
           p[3] + -p[6] + setup_padding[10] <= -20.565312500000005
           -322.15000000000003 <= p[3] + -p[6] + hold_padding[10]
           p[12] + -p[6] + setup_padding[11] <= 150.7946875
           -278.37 <= p[12] + -p[6] + hold_padding[11]
           p[4] + -p[4] + setup_padding[9] <= 19.31468749999999
           -167.27 <= p[4] + -p[4] + hold_padding[9]
           p[0] + -p[9] + setup_padding[13] <= 87.37468749999994
           -408.53 <= p[0] + -p[9] + hold_padding[13]
           p[2] + -p[2] + setup_padding[8] <= 761.6446874999999
           -139.79000000000002 <= p[2] + -p[2] + hold_padding[8]
           p[1] + -p[1] + setup_padding[7] <= 723.7846875
           -153.48999999999998 <= p[1] + -p[1] + hold_padding[7]
           p[10] + -p[0] + setup_padding[5] <= 616.5146875
           -186.51000000000002 <= p[10] + -p[0] + hold_padding[5]
           p[7] + -p[0] + setup_padding[2] <= 615.9446875000001
           -191.66 <= p[7] + -p[0] + hold_padding[2]
           p[5] + -p[0] + setup_padding[0] <= 615.9446875000001
           -191.66 <= p[5] + -p[0] + hold_padding[0]
           p[8] + -p[0] + setup_padding[3] <= 615.9446875000001
           -191.66 <= p[8] + -p[0] + hold_padding[3]
           p[11] + -p[0] + setup_padding[6] <= 616.5146875
           -186.51000000000002 <= p[11] + -p[0] + hold_padding[6]
           p[9] + -p[0] + setup_padding[4] <= 615.9446875000001
           -191.66 <= p[9] + -p[0] + hold_padding[4]
           p[6] + -p[0] + setup_padding[1] <= 615.9446875000001
           -191.66 <= p[6] + -p[0] + hold_padding[1]
           p[13] + -p[6] + setup_padding[12] <= 568.4446875
           -173.95 <= p[13] + -p[6] + hold_padding[12]
           p[3] + -p[6] + setup_padding[10] <= 438.85468750000007
           -159.37 <= p[3] + -p[6] + hold_padding[10]
           p[12] + -p[6] + setup_padding[11] <= 513.4846875000001
           -145.39000000000001 <= p[12] + -p[6] + hold_padding[11]
           p[4] + -p[4] + setup_padding[9] <= 450.3846874999999
           -75.30000000000001 <= p[4] + -p[4] + hold_padding[9]
           p[0] + -p[9] + setup_padding[13] <= 488.2046875
           -206.89999999999998 <= p[0] + -p[9] + hold_padding[13]
           p[2] + -p[2] + setup_padding[8] <= 830.6446875
           -66.91000000000001 <= p[2] + -p[2] + hold_padding[8]
           p[1] + -p[1] + setup_padding[7] <= 813.3946874999999
           -67.89999999999999 <= p[1] + -p[1] + hold_padding[7]
TCLK = 891.113ns 不可行，原因：存在无法修复的时序违规，只能降低延时或者增大Tcp:
，Corner ss_asap7, setup违规, 边 ('_10677_', '_10677_'): 存在setup负环，无法通过delay padding修复

problem: minimize 0.1 @ quad_over_lin(p, 1.0) + 0.1 @ (Sum(setup_padding, None, False) + Sum(hold_padding, None, False))
subject to 0.0 <= setup_padding
           0.0 <= hold_padding
           p[10] + -p[0] + setup_padding[5] <= 360.27398437499994
           -371.12 <= p[10] + -p[0] + hold_padding[5]
           p[7] + -p[0] + setup_padding[2] <= 360.27398437499994
           -367.96999999999997 <= p[7] + -p[0] + hold_padding[2]
           p[5] + -p[0] + setup_padding[0] <= 360.27398437499994
           -367.96999999999997 <= p[5] + -p[0] + hold_padding[0]
           p[8] + -p[0] + setup_padding[3] <= 360.27398437499994
           -367.96999999999997 <= p[8] + -p[0] + hold_padding[3]
           p[11] + -p[0] + setup_padding[6] <= 360.27398437499994
           -371.12 <= p[11] + -p[0] + hold_padding[6]
           p[9] + -p[0] + setup_padding[4] <= 360.27398437499994
           -367.96999999999997 <= p[9] + -p[0] + hold_padding[4]
           p[6] + -p[0] + setup_padding[1] <= 360.27398437499994
           -367.96999999999997 <= p[6] + -p[0] + hold_padding[1]
           p[13] + -p[6] + setup_padding[12] <= 300.933984375
           -324.53 <= p[13] + -p[6] + hold_padding[12]
           p[3] + -p[6] + setup_padding[10] <= -21.786015625000005
           -322.15000000000003 <= p[3] + -p[6] + hold_padding[10]
           p[12] + -p[6] + setup_padding[11] <= 149.573984375
           -278.37 <= p[12] + -p[6] + hold_padding[11]
           p[4] + -p[4] + setup_padding[9] <= 18.09398437499999
           -167.27 <= p[4] + -p[4] + hold_padding[9]
           p[0] + -p[9] + setup_padding[13] <= 86.15398437499994
           -408.53 <= p[0] + -p[9] + hold_padding[13]
           p[2] + -p[2] + setup_padding[8] <= 760.4239843749999
           -139.79000000000002 <= p[2] + -p[2] + hold_padding[8]
           p[1] + -p[1] + setup_padding[7] <= 722.563984375
           -153.48999999999998 <= p[1] + -p[1] + hold_padding[7]
           p[10] + -p[0] + setup_padding[5] <= 615.293984375
           -186.51000000000002 <= p[10] + -p[0] + hold_padding[5]
           p[7] + -p[0] + setup_padding[2] <= 614.7239843750001
           -191.66 <= p[7] + -p[0] + hold_padding[2]
           p[5] + -p[0] + setup_padding[0] <= 614.7239843750001
           -191.66 <= p[5] + -p[0] + hold_padding[0]
           p[8] + -p[0] + setup_padding[3] <= 614.7239843750001
           -191.66 <= p[8] + -p[0] + hold_padding[3]
           p[11] + -p[0] + setup_padding[6] <= 615.293984375
           -186.51000000000002 <= p[11] + -p[0] + hold_padding[6]
           p[9] + -p[0] + setup_padding[4] <= 614.7239843750001
           -191.66 <= p[9] + -p[0] + hold_padding[4]
           p[6] + -p[0] + setup_padding[1] <= 614.7239843750001
           -191.66 <= p[6] + -p[0] + hold_padding[1]
           p[13] + -p[6] + setup_padding[12] <= 567.223984375
           -173.95 <= p[13] + -p[6] + hold_padding[12]
           p[3] + -p[6] + setup_padding[10] <= 437.63398437500007
           -159.37 <= p[3] + -p[6] + hold_padding[10]
           p[12] + -p[6] + setup_padding[11] <= 512.2639843750001
           -145.39000000000001 <= p[12] + -p[6] + hold_padding[11]
           p[4] + -p[4] + setup_padding[9] <= 449.1639843749999
           -75.30000000000001 <= p[4] + -p[4] + hold_padding[9]
           p[0] + -p[9] + setup_padding[13] <= 486.983984375
           -206.89999999999998 <= p[0] + -p[9] + hold_padding[13]
           p[2] + -p[2] + setup_padding[8] <= 829.423984375
           -66.91000000000001 <= p[2] + -p[2] + hold_padding[8]
           p[1] + -p[1] + setup_padding[7] <= 812.1739843749999
           -67.89999999999999 <= p[1] + -p[1] + hold_padding[7]
problem: minimize 0.1 @ quad_over_lin(p, 1.0) + 0.1 @ (Sum(setup_padding, None, False) + Sum(hold_padding, None, False))
subject to 0.0 <= setup_padding
           0.0 <= hold_padding
           p[10] + -p[0] + setup_padding[5] <= 360.27398437499994
           -371.12 <= p[10] + -p[0] + hold_padding[5]
           p[7] + -p[0] + setup_padding[2] <= 360.27398437499994
           -367.96999999999997 <= p[7] + -p[0] + hold_padding[2]
           p[5] + -p[0] + setup_padding[0] <= 360.27398437499994
           -367.96999999999997 <= p[5] + -p[0] + hold_padding[0]
           p[8] + -p[0] + setup_padding[3] <= 360.27398437499994
           -367.96999999999997 <= p[8] + -p[0] + hold_padding[3]
           p[11] + -p[0] + setup_padding[6] <= 360.27398437499994
           -371.12 <= p[11] + -p[0] + hold_padding[6]
           p[9] + -p[0] + setup_padding[4] <= 360.27398437499994
           -367.96999999999997 <= p[9] + -p[0] + hold_padding[4]
           p[6] + -p[0] + setup_padding[1] <= 360.27398437499994
           -367.96999999999997 <= p[6] + -p[0] + hold_padding[1]
           p[13] + -p[6] + setup_padding[12] <= 300.933984375
           -324.53 <= p[13] + -p[6] + hold_padding[12]
           p[3] + -p[6] + setup_padding[10] <= -21.786015625000005
           -322.15000000000003 <= p[3] + -p[6] + hold_padding[10]
           p[12] + -p[6] + setup_padding[11] <= 149.573984375
           -278.37 <= p[12] + -p[6] + hold_padding[11]
           p[4] + -p[4] + setup_padding[9] <= 18.09398437499999
           -167.27 <= p[4] + -p[4] + hold_padding[9]
           p[0] + -p[9] + setup_padding[13] <= 86.15398437499994
           -408.53 <= p[0] + -p[9] + hold_padding[13]
           p[2] + -p[2] + setup_padding[8] <= 760.4239843749999
           -139.79000000000002 <= p[2] + -p[2] + hold_padding[8]
           p[1] + -p[1] + setup_padding[7] <= 722.563984375
           -153.48999999999998 <= p[1] + -p[1] + hold_padding[7]
           p[10] + -p[0] + setup_padding[5] <= 615.293984375
           -186.51000000000002 <= p[10] + -p[0] + hold_padding[5]
           p[7] + -p[0] + setup_padding[2] <= 614.7239843750001
           -191.66 <= p[7] + -p[0] + hold_padding[2]
           p[5] + -p[0] + setup_padding[0] <= 614.7239843750001
           -191.66 <= p[5] + -p[0] + hold_padding[0]
           p[8] + -p[0] + setup_padding[3] <= 614.7239843750001
           -191.66 <= p[8] + -p[0] + hold_padding[3]
           p[11] + -p[0] + setup_padding[6] <= 615.293984375
           -186.51000000000002 <= p[11] + -p[0] + hold_padding[6]
           p[9] + -p[0] + setup_padding[4] <= 614.7239843750001
           -191.66 <= p[9] + -p[0] + hold_padding[4]
           p[6] + -p[0] + setup_padding[1] <= 614.7239843750001
           -191.66 <= p[6] + -p[0] + hold_padding[1]
           p[13] + -p[6] + setup_padding[12] <= 567.223984375
           -173.95 <= p[13] + -p[6] + hold_padding[12]
           p[3] + -p[6] + setup_padding[10] <= 437.63398437500007
           -159.37 <= p[3] + -p[6] + hold_padding[10]
           p[12] + -p[6] + setup_padding[11] <= 512.2639843750001
           -145.39000000000001 <= p[12] + -p[6] + hold_padding[11]
           p[4] + -p[4] + setup_padding[9] <= 449.1639843749999
           -75.30000000000001 <= p[4] + -p[4] + hold_padding[9]
           p[0] + -p[9] + setup_padding[13] <= 486.983984375
           -206.89999999999998 <= p[0] + -p[9] + hold_padding[13]
           p[2] + -p[2] + setup_padding[8] <= 829.423984375
           -66.91000000000001 <= p[2] + -p[2] + hold_padding[8]
           p[1] + -p[1] + setup_padding[7] <= 812.1739843749999
           -67.89999999999999 <= p[1] + -p[1] + hold_padding[7]
problem: minimize 0.1 @ quad_over_lin(p, 1.0) + 0.1 @ (Sum(setup_padding, None, False) + Sum(hold_padding, None, False))
subject to 0.0 <= setup_padding
           0.0 <= hold_padding
           p[10] + -p[0] + setup_padding[5] <= 360.27398437499994
           -371.12 <= p[10] + -p[0] + hold_padding[5]
           p[7] + -p[0] + setup_padding[2] <= 360.27398437499994
           -367.96999999999997 <= p[7] + -p[0] + hold_padding[2]
           p[5] + -p[0] + setup_padding[0] <= 360.27398437499994
           -367.96999999999997 <= p[5] + -p[0] + hold_padding[0]
           p[8] + -p[0] + setup_padding[3] <= 360.27398437499994
           -367.96999999999997 <= p[8] + -p[0] + hold_padding[3]
           p[11] + -p[0] + setup_padding[6] <= 360.27398437499994
           -371.12 <= p[11] + -p[0] + hold_padding[6]
           p[9] + -p[0] + setup_padding[4] <= 360.27398437499994
           -367.96999999999997 <= p[9] + -p[0] + hold_padding[4]
           p[6] + -p[0] + setup_padding[1] <= 360.27398437499994
           -367.96999999999997 <= p[6] + -p[0] + hold_padding[1]
           p[13] + -p[6] + setup_padding[12] <= 300.933984375
           -324.53 <= p[13] + -p[6] + hold_padding[12]
           p[3] + -p[6] + setup_padding[10] <= -21.786015625000005
           -322.15000000000003 <= p[3] + -p[6] + hold_padding[10]
           p[12] + -p[6] + setup_padding[11] <= 149.573984375
           -278.37 <= p[12] + -p[6] + hold_padding[11]
           p[4] + -p[4] + setup_padding[9] <= 18.09398437499999
           -167.27 <= p[4] + -p[4] + hold_padding[9]
           p[0] + -p[9] + setup_padding[13] <= 86.15398437499994
           -408.53 <= p[0] + -p[9] + hold_padding[13]
           p[2] + -p[2] + setup_padding[8] <= 760.4239843749999
           -139.79000000000002 <= p[2] + -p[2] + hold_padding[8]
           p[1] + -p[1] + setup_padding[7] <= 722.563984375
           -153.48999999999998 <= p[1] + -p[1] + hold_padding[7]
           p[10] + -p[0] + setup_padding[5] <= 615.293984375
           -186.51000000000002 <= p[10] + -p[0] + hold_padding[5]
           p[7] + -p[0] + setup_padding[2] <= 614.7239843750001
           -191.66 <= p[7] + -p[0] + hold_padding[2]
           p[5] + -p[0] + setup_padding[0] <= 614.7239843750001
           -191.66 <= p[5] + -p[0] + hold_padding[0]
           p[8] + -p[0] + setup_padding[3] <= 614.7239843750001
           -191.66 <= p[8] + -p[0] + hold_padding[3]
           p[11] + -p[0] + setup_padding[6] <= 615.293984375
           -186.51000000000002 <= p[11] + -p[0] + hold_padding[6]
           p[9] + -p[0] + setup_padding[4] <= 614.7239843750001
           -191.66 <= p[9] + -p[0] + hold_padding[4]
           p[6] + -p[0] + setup_padding[1] <= 614.7239843750001
           -191.66 <= p[6] + -p[0] + hold_padding[1]
           p[13] + -p[6] + setup_padding[12] <= 567.223984375
           -173.95 <= p[13] + -p[6] + hold_padding[12]
           p[3] + -p[6] + setup_padding[10] <= 437.63398437500007
           -159.37 <= p[3] + -p[6] + hold_padding[10]
           p[12] + -p[6] + setup_padding[11] <= 512.2639843750001
           -145.39000000000001 <= p[12] + -p[6] + hold_padding[11]
           p[4] + -p[4] + setup_padding[9] <= 449.1639843749999
           -75.30000000000001 <= p[4] + -p[4] + hold_padding[9]
           p[0] + -p[9] + setup_padding[13] <= 486.983984375
           -206.89999999999998 <= p[0] + -p[9] + hold_padding[13]
           p[2] + -p[2] + setup_padding[8] <= 829.423984375
           -66.91000000000001 <= p[2] + -p[2] + hold_padding[8]
           p[1] + -p[1] + setup_padding[7] <= 812.1739843749999
           -67.89999999999999 <= p[1] + -p[1] + hold_padding[7]
TCLK = 891.724ns 不可行，原因：存在无法修复的时序违规，只能降低延时或者增大Tcp:
，Corner ss_asap7, setup违规, 边 ('_10677_', '_10677_'): 存在setup负环，无法通过delay padding修复

TCLK = 892.029ns 不可行，原因：存在无法修复的时序违规，只能降低延时或者增大Tcp:
，Corner ss_asap7, setup违规, 边 ('_10677_', '_10677_'): 存在setup负环，无法通过delay padding修复

problem: minimize 0.1 @ quad_over_lin(p, 1.0) + 0.1 @ (Sum(setup_padding, None, False) + Sum(hold_padding, None, False))
subject to 0.0 <= setup_padding
           0.0 <= hold_padding
           p[10] + -p[0] + setup_padding[5] <= 360.12139648437494
           -371.12 <= p[10] + -p[0] + hold_padding[5]
           p[7] + -p[0] + setup_padding[2] <= 360.12139648437494
           -367.96999999999997 <= p[7] + -p[0] + hold_padding[2]
           p[5] + -p[0] + setup_padding[0] <= 360.12139648437494
           -367.96999999999997 <= p[5] + -p[0] + hold_padding[0]
           p[8] + -p[0] + setup_padding[3] <= 360.12139648437494
           -367.96999999999997 <= p[8] + -p[0] + hold_padding[3]
           p[11] + -p[0] + setup_padding[6] <= 360.12139648437494
           -371.12 <= p[11] + -p[0] + hold_padding[6]
           p[9] + -p[0] + setup_padding[4] <= 360.12139648437494
           -367.96999999999997 <= p[9] + -p[0] + hold_padding[4]
           p[6] + -p[0] + setup_padding[1] <= 360.12139648437494
           -367.96999999999997 <= p[6] + -p[0] + hold_padding[1]
           p[13] + -p[6] + setup_padding[12] <= 300.781396484375
           -324.53 <= p[13] + -p[6] + hold_padding[12]
           p[3] + -p[6] + setup_padding[10] <= -21.938603515625005
           -322.15000000000003 <= p[3] + -p[6] + hold_padding[10]
           p[12] + -p[6] + setup_padding[11] <= 149.421396484375
           -278.37 <= p[12] + -p[6] + hold_padding[11]
           p[4] + -p[4] + setup_padding[9] <= 17.94139648437499
           -167.27 <= p[4] + -p[4] + hold_padding[9]
           p[0] + -p[9] + setup_padding[13] <= 86.00139648437494
           -408.53 <= p[0] + -p[9] + hold_padding[13]
           p[2] + -p[2] + setup_padding[8] <= 760.2713964843749
           -139.79000000000002 <= p[2] + -p[2] + hold_padding[8]
           p[1] + -p[1] + setup_padding[7] <= 722.411396484375
           -153.48999999999998 <= p[1] + -p[1] + hold_padding[7]
           p[10] + -p[0] + setup_padding[5] <= 615.141396484375
           -186.51000000000002 <= p[10] + -p[0] + hold_padding[5]
           p[7] + -p[0] + setup_padding[2] <= 614.5713964843751
           -191.66 <= p[7] + -p[0] + hold_padding[2]
           p[5] + -p[0] + setup_padding[0] <= 614.5713964843751
           -191.66 <= p[5] + -p[0] + hold_padding[0]
           p[8] + -p[0] + setup_padding[3] <= 614.5713964843751
           -191.66 <= p[8] + -p[0] + hold_padding[3]
           p[11] + -p[0] + setup_padding[6] <= 615.141396484375
           -186.51000000000002 <= p[11] + -p[0] + hold_padding[6]
           p[9] + -p[0] + setup_padding[4] <= 614.5713964843751
           -191.66 <= p[9] + -p[0] + hold_padding[4]
           p[6] + -p[0] + setup_padding[1] <= 614.5713964843751
           -191.66 <= p[6] + -p[0] + hold_padding[1]
           p[13] + -p[6] + setup_padding[12] <= 567.071396484375
           -173.95 <= p[13] + -p[6] + hold_padding[12]
           p[3] + -p[6] + setup_padding[10] <= 437.48139648437507
           -159.37 <= p[3] + -p[6] + hold_padding[10]
           p[12] + -p[6] + setup_padding[11] <= 512.1113964843751
           -145.39000000000001 <= p[12] + -p[6] + hold_padding[11]
           p[4] + -p[4] + setup_padding[9] <= 449.0113964843749
           -75.30000000000001 <= p[4] + -p[4] + hold_padding[9]
           p[0] + -p[9] + setup_padding[13] <= 486.831396484375
           -206.89999999999998 <= p[0] + -p[9] + hold_padding[13]
           p[2] + -p[2] + setup_padding[8] <= 829.271396484375
           -66.91000000000001 <= p[2] + -p[2] + hold_padding[8]
           p[1] + -p[1] + setup_padding[7] <= 812.0213964843749
           -67.89999999999999 <= p[1] + -p[1] + hold_padding[7]
problem: minimize 0.1 @ quad_over_lin(p, 1.0) + 0.1 @ (Sum(setup_padding, None, False) + Sum(hold_padding, None, False))
subject to 0.0 <= setup_padding
           0.0 <= hold_padding
           p[10] + -p[0] + setup_padding[5] <= 360.12139648437494
           -371.12 <= p[10] + -p[0] + hold_padding[5]
           p[7] + -p[0] + setup_padding[2] <= 360.12139648437494
           -367.96999999999997 <= p[7] + -p[0] + hold_padding[2]
           p[5] + -p[0] + setup_padding[0] <= 360.12139648437494
           -367.96999999999997 <= p[5] + -p[0] + hold_padding[0]
           p[8] + -p[0] + setup_padding[3] <= 360.12139648437494
           -367.96999999999997 <= p[8] + -p[0] + hold_padding[3]
           p[11] + -p[0] + setup_padding[6] <= 360.12139648437494
           -371.12 <= p[11] + -p[0] + hold_padding[6]
           p[9] + -p[0] + setup_padding[4] <= 360.12139648437494
           -367.96999999999997 <= p[9] + -p[0] + hold_padding[4]
           p[6] + -p[0] + setup_padding[1] <= 360.12139648437494
           -367.96999999999997 <= p[6] + -p[0] + hold_padding[1]
           p[13] + -p[6] + setup_padding[12] <= 300.781396484375
           -324.53 <= p[13] + -p[6] + hold_padding[12]
           p[3] + -p[6] + setup_padding[10] <= -21.938603515625005
           -322.15000000000003 <= p[3] + -p[6] + hold_padding[10]
           p[12] + -p[6] + setup_padding[11] <= 149.421396484375
           -278.37 <= p[12] + -p[6] + hold_padding[11]
           p[4] + -p[4] + setup_padding[9] <= 17.94139648437499
           -167.27 <= p[4] + -p[4] + hold_padding[9]
           p[0] + -p[9] + setup_padding[13] <= 86.00139648437494
           -408.53 <= p[0] + -p[9] + hold_padding[13]
           p[2] + -p[2] + setup_padding[8] <= 760.2713964843749
           -139.79000000000002 <= p[2] + -p[2] + hold_padding[8]
           p[1] + -p[1] + setup_padding[7] <= 722.411396484375
           -153.48999999999998 <= p[1] + -p[1] + hold_padding[7]
           p[10] + -p[0] + setup_padding[5] <= 615.141396484375
           -186.51000000000002 <= p[10] + -p[0] + hold_padding[5]
           p[7] + -p[0] + setup_padding[2] <= 614.5713964843751
           -191.66 <= p[7] + -p[0] + hold_padding[2]
           p[5] + -p[0] + setup_padding[0] <= 614.5713964843751
           -191.66 <= p[5] + -p[0] + hold_padding[0]
           p[8] + -p[0] + setup_padding[3] <= 614.5713964843751
           -191.66 <= p[8] + -p[0] + hold_padding[3]
           p[11] + -p[0] + setup_padding[6] <= 615.141396484375
           -186.51000000000002 <= p[11] + -p[0] + hold_padding[6]
           p[9] + -p[0] + setup_padding[4] <= 614.5713964843751
           -191.66 <= p[9] + -p[0] + hold_padding[4]
           p[6] + -p[0] + setup_padding[1] <= 614.5713964843751
           -191.66 <= p[6] + -p[0] + hold_padding[1]
           p[13] + -p[6] + setup_padding[12] <= 567.071396484375
           -173.95 <= p[13] + -p[6] + hold_padding[12]
           p[3] + -p[6] + setup_padding[10] <= 437.48139648437507
           -159.37 <= p[3] + -p[6] + hold_padding[10]
           p[12] + -p[6] + setup_padding[11] <= 512.1113964843751
           -145.39000000000001 <= p[12] + -p[6] + hold_padding[11]
           p[4] + -p[4] + setup_padding[9] <= 449.0113964843749
           -75.30000000000001 <= p[4] + -p[4] + hold_padding[9]
           p[0] + -p[9] + setup_padding[13] <= 486.831396484375
           -206.89999999999998 <= p[0] + -p[9] + hold_padding[13]
           p[2] + -p[2] + setup_padding[8] <= 829.271396484375
           -66.91000000000001 <= p[2] + -p[2] + hold_padding[8]
           p[1] + -p[1] + setup_padding[7] <= 812.0213964843749
           -67.89999999999999 <= p[1] + -p[1] + hold_padding[7]
problem: minimize 0.1 @ quad_over_lin(p, 1.0) + 0.1 @ (Sum(setup_padding, None, False) + Sum(hold_padding, None, False))
subject to 0.0 <= setup_padding
           0.0 <= hold_padding
           p[10] + -p[0] + setup_padding[5] <= 360.12139648437494
           -371.12 <= p[10] + -p[0] + hold_padding[5]
           p[7] + -p[0] + setup_padding[2] <= 360.12139648437494
           -367.96999999999997 <= p[7] + -p[0] + hold_padding[2]
           p[5] + -p[0] + setup_padding[0] <= 360.12139648437494
           -367.96999999999997 <= p[5] + -p[0] + hold_padding[0]
           p[8] + -p[0] + setup_padding[3] <= 360.12139648437494
           -367.96999999999997 <= p[8] + -p[0] + hold_padding[3]
           p[11] + -p[0] + setup_padding[6] <= 360.12139648437494
           -371.12 <= p[11] + -p[0] + hold_padding[6]
           p[9] + -p[0] + setup_padding[4] <= 360.12139648437494
           -367.96999999999997 <= p[9] + -p[0] + hold_padding[4]
           p[6] + -p[0] + setup_padding[1] <= 360.12139648437494
           -367.96999999999997 <= p[6] + -p[0] + hold_padding[1]
           p[13] + -p[6] + setup_padding[12] <= 300.781396484375
           -324.53 <= p[13] + -p[6] + hold_padding[12]
           p[3] + -p[6] + setup_padding[10] <= -21.938603515625005
           -322.15000000000003 <= p[3] + -p[6] + hold_padding[10]
           p[12] + -p[6] + setup_padding[11] <= 149.421396484375
           -278.37 <= p[12] + -p[6] + hold_padding[11]
           p[4] + -p[4] + setup_padding[9] <= 17.94139648437499
           -167.27 <= p[4] + -p[4] + hold_padding[9]
           p[0] + -p[9] + setup_padding[13] <= 86.00139648437494
           -408.53 <= p[0] + -p[9] + hold_padding[13]
           p[2] + -p[2] + setup_padding[8] <= 760.2713964843749
           -139.79000000000002 <= p[2] + -p[2] + hold_padding[8]
           p[1] + -p[1] + setup_padding[7] <= 722.411396484375
           -153.48999999999998 <= p[1] + -p[1] + hold_padding[7]
           p[10] + -p[0] + setup_padding[5] <= 615.141396484375
           -186.51000000000002 <= p[10] + -p[0] + hold_padding[5]
           p[7] + -p[0] + setup_padding[2] <= 614.5713964843751
           -191.66 <= p[7] + -p[0] + hold_padding[2]
           p[5] + -p[0] + setup_padding[0] <= 614.5713964843751
           -191.66 <= p[5] + -p[0] + hold_padding[0]
           p[8] + -p[0] + setup_padding[3] <= 614.5713964843751
           -191.66 <= p[8] + -p[0] + hold_padding[3]
           p[11] + -p[0] + setup_padding[6] <= 615.141396484375
           -186.51000000000002 <= p[11] + -p[0] + hold_padding[6]
           p[9] + -p[0] + setup_padding[4] <= 614.5713964843751
           -191.66 <= p[9] + -p[0] + hold_padding[4]
           p[6] + -p[0] + setup_padding[1] <= 614.5713964843751
           -191.66 <= p[6] + -p[0] + hold_padding[1]
           p[13] + -p[6] + setup_padding[12] <= 567.071396484375
           -173.95 <= p[13] + -p[6] + hold_padding[12]
           p[3] + -p[6] + setup_padding[10] <= 437.48139648437507
           -159.37 <= p[3] + -p[6] + hold_padding[10]
           p[12] + -p[6] + setup_padding[11] <= 512.1113964843751
           -145.39000000000001 <= p[12] + -p[6] + hold_padding[11]
           p[4] + -p[4] + setup_padding[9] <= 449.0113964843749
           -75.30000000000001 <= p[4] + -p[4] + hold_padding[9]
           p[0] + -p[9] + setup_padding[13] <= 486.831396484375
           -206.89999999999998 <= p[0] + -p[9] + hold_padding[13]
           p[2] + -p[2] + setup_padding[8] <= 829.271396484375
           -66.91000000000001 <= p[2] + -p[2] + hold_padding[8]
           p[1] + -p[1] + setup_padding[7] <= 812.0213964843749
           -67.89999999999999 <= p[1] + -p[1] + hold_padding[7]
problem: minimize 0.1 @ quad_over_lin(p, 1.0) + 0.1 @ (Sum(setup_padding, None, False) + Sum(hold_padding, None, False))
subject to 0.0 <= setup_padding
           0.0 <= hold_padding
           p[10] + -p[0] + setup_padding[5] <= 360.04510253906244
           -371.12 <= p[10] + -p[0] + hold_padding[5]
           p[7] + -p[0] + setup_padding[2] <= 360.04510253906244
           -367.96999999999997 <= p[7] + -p[0] + hold_padding[2]
           p[5] + -p[0] + setup_padding[0] <= 360.04510253906244
           -367.96999999999997 <= p[5] + -p[0] + hold_padding[0]
           p[8] + -p[0] + setup_padding[3] <= 360.04510253906244
           -367.96999999999997 <= p[8] + -p[0] + hold_padding[3]
           p[11] + -p[0] + setup_padding[6] <= 360.04510253906244
           -371.12 <= p[11] + -p[0] + hold_padding[6]
           p[9] + -p[0] + setup_padding[4] <= 360.04510253906244
           -367.96999999999997 <= p[9] + -p[0] + hold_padding[4]
           p[6] + -p[0] + setup_padding[1] <= 360.04510253906244
           -367.96999999999997 <= p[6] + -p[0] + hold_padding[1]
           p[13] + -p[6] + setup_padding[12] <= 300.7051025390625
           -324.53 <= p[13] + -p[6] + hold_padding[12]
           p[3] + -p[6] + setup_padding[10] <= -22.014897460937505
           -322.15000000000003 <= p[3] + -p[6] + hold_padding[10]
           p[12] + -p[6] + setup_padding[11] <= 149.3451025390625
           -278.37 <= p[12] + -p[6] + hold_padding[11]
           p[4] + -p[4] + setup_padding[9] <= 17.86510253906249
           -167.27 <= p[4] + -p[4] + hold_padding[9]
           p[0] + -p[9] + setup_padding[13] <= 85.92510253906244
           -408.53 <= p[0] + -p[9] + hold_padding[13]
           p[2] + -p[2] + setup_padding[8] <= 760.1951025390624
           -139.79000000000002 <= p[2] + -p[2] + hold_padding[8]
           p[1] + -p[1] + setup_padding[7] <= 722.3351025390625
           -153.48999999999998 <= p[1] + -p[1] + hold_padding[7]
           p[10] + -p[0] + setup_padding[5] <= 615.0651025390625
           -186.51000000000002 <= p[10] + -p[0] + hold_padding[5]
           p[7] + -p[0] + setup_padding[2] <= 614.4951025390626
           -191.66 <= p[7] + -p[0] + hold_padding[2]
           p[5] + -p[0] + setup_padding[0] <= 614.4951025390626
           -191.66 <= p[5] + -p[0] + hold_padding[0]
           p[8] + -p[0] + setup_padding[3] <= 614.4951025390626
           -191.66 <= p[8] + -p[0] + hold_padding[3]
           p[11] + -p[0] + setup_padding[6] <= 615.0651025390625
           -186.51000000000002 <= p[11] + -p[0] + hold_padding[6]
           p[9] + -p[0] + setup_padding[4] <= 614.4951025390626
           -191.66 <= p[9] + -p[0] + hold_padding[4]
           p[6] + -p[0] + setup_padding[1] <= 614.4951025390626
           -191.66 <= p[6] + -p[0] + hold_padding[1]
           p[13] + -p[6] + setup_padding[12] <= 566.9951025390625
           -173.95 <= p[13] + -p[6] + hold_padding[12]
           p[3] + -p[6] + setup_padding[10] <= 437.40510253906257
           -159.37 <= p[3] + -p[6] + hold_padding[10]
           p[12] + -p[6] + setup_padding[11] <= 512.0351025390626
           -145.39000000000001 <= p[12] + -p[6] + hold_padding[11]
           p[4] + -p[4] + setup_padding[9] <= 448.9351025390624
           -75.30000000000001 <= p[4] + -p[4] + hold_padding[9]
           p[0] + -p[9] + setup_padding[13] <= 486.7551025390625
           -206.89999999999998 <= p[0] + -p[9] + hold_padding[13]
           p[2] + -p[2] + setup_padding[8] <= 829.1951025390625
           -66.91000000000001 <= p[2] + -p[2] + hold_padding[8]
           p[1] + -p[1] + setup_padding[7] <= 811.9451025390624
           -67.89999999999999 <= p[1] + -p[1] + hold_padding[7]
problem: minimize 0.1 @ quad_over_lin(p, 1.0) + 0.1 @ (Sum(setup_padding, None, False) + Sum(hold_padding, None, False))
subject to 0.0 <= setup_padding
           0.0 <= hold_padding
           p[10] + -p[0] + setup_padding[5] <= 360.04510253906244
           -371.12 <= p[10] + -p[0] + hold_padding[5]
           p[7] + -p[0] + setup_padding[2] <= 360.04510253906244
           -367.96999999999997 <= p[7] + -p[0] + hold_padding[2]
           p[5] + -p[0] + setup_padding[0] <= 360.04510253906244
           -367.96999999999997 <= p[5] + -p[0] + hold_padding[0]
           p[8] + -p[0] + setup_padding[3] <= 360.04510253906244
           -367.96999999999997 <= p[8] + -p[0] + hold_padding[3]
           p[11] + -p[0] + setup_padding[6] <= 360.04510253906244
           -371.12 <= p[11] + -p[0] + hold_padding[6]
           p[9] + -p[0] + setup_padding[4] <= 360.04510253906244
           -367.96999999999997 <= p[9] + -p[0] + hold_padding[4]
           p[6] + -p[0] + setup_padding[1] <= 360.04510253906244
           -367.96999999999997 <= p[6] + -p[0] + hold_padding[1]
           p[13] + -p[6] + setup_padding[12] <= 300.7051025390625
           -324.53 <= p[13] + -p[6] + hold_padding[12]
           p[3] + -p[6] + setup_padding[10] <= -22.014897460937505
           -322.15000000000003 <= p[3] + -p[6] + hold_padding[10]
           p[12] + -p[6] + setup_padding[11] <= 149.3451025390625
           -278.37 <= p[12] + -p[6] + hold_padding[11]
           p[4] + -p[4] + setup_padding[9] <= 17.86510253906249
           -167.27 <= p[4] + -p[4] + hold_padding[9]
           p[0] + -p[9] + setup_padding[13] <= 85.92510253906244
           -408.53 <= p[0] + -p[9] + hold_padding[13]
           p[2] + -p[2] + setup_padding[8] <= 760.1951025390624
           -139.79000000000002 <= p[2] + -p[2] + hold_padding[8]
           p[1] + -p[1] + setup_padding[7] <= 722.3351025390625
           -153.48999999999998 <= p[1] + -p[1] + hold_padding[7]
           p[10] + -p[0] + setup_padding[5] <= 615.0651025390625
           -186.51000000000002 <= p[10] + -p[0] + hold_padding[5]
           p[7] + -p[0] + setup_padding[2] <= 614.4951025390626
           -191.66 <= p[7] + -p[0] + hold_padding[2]
           p[5] + -p[0] + setup_padding[0] <= 614.4951025390626
           -191.66 <= p[5] + -p[0] + hold_padding[0]
           p[8] + -p[0] + setup_padding[3] <= 614.4951025390626
           -191.66 <= p[8] + -p[0] + hold_padding[3]
           p[11] + -p[0] + setup_padding[6] <= 615.0651025390625
           -186.51000000000002 <= p[11] + -p[0] + hold_padding[6]
           p[9] + -p[0] + setup_padding[4] <= 614.4951025390626
           -191.66 <= p[9] + -p[0] + hold_padding[4]
           p[6] + -p[0] + setup_padding[1] <= 614.4951025390626
           -191.66 <= p[6] + -p[0] + hold_padding[1]
           p[13] + -p[6] + setup_padding[12] <= 566.9951025390625
           -173.95 <= p[13] + -p[6] + hold_padding[12]
           p[3] + -p[6] + setup_padding[10] <= 437.40510253906257
           -159.37 <= p[3] + -p[6] + hold_padding[10]
           p[12] + -p[6] + setup_padding[11] <= 512.0351025390626
           -145.39000000000001 <= p[12] + -p[6] + hold_padding[11]
           p[4] + -p[4] + setup_padding[9] <= 448.9351025390624
           -75.30000000000001 <= p[4] + -p[4] + hold_padding[9]
           p[0] + -p[9] + setup_padding[13] <= 486.7551025390625
           -206.89999999999998 <= p[0] + -p[9] + hold_padding[13]
           p[2] + -p[2] + setup_padding[8] <= 829.1951025390625
           -66.91000000000001 <= p[2] + -p[2] + hold_padding[8]
           p[1] + -p[1] + setup_padding[7] <= 811.9451025390624
           -67.89999999999999 <= p[1] + -p[1] + hold_padding[7]
problem: minimize 0.1 @ quad_over_lin(p, 1.0) + 0.1 @ (Sum(setup_padding, None, False) + Sum(hold_padding, None, False))
subject to 0.0 <= setup_padding
           0.0 <= hold_padding
           p[10] + -p[0] + setup_padding[5] <= 360.04510253906244
           -371.12 <= p[10] + -p[0] + hold_padding[5]
           p[7] + -p[0] + setup_padding[2] <= 360.04510253906244
           -367.96999999999997 <= p[7] + -p[0] + hold_padding[2]
           p[5] + -p[0] + setup_padding[0] <= 360.04510253906244
           -367.96999999999997 <= p[5] + -p[0] + hold_padding[0]
           p[8] + -p[0] + setup_padding[3] <= 360.04510253906244
           -367.96999999999997 <= p[8] + -p[0] + hold_padding[3]
           p[11] + -p[0] + setup_padding[6] <= 360.04510253906244
           -371.12 <= p[11] + -p[0] + hold_padding[6]
           p[9] + -p[0] + setup_padding[4] <= 360.04510253906244
           -367.96999999999997 <= p[9] + -p[0] + hold_padding[4]
           p[6] + -p[0] + setup_padding[1] <= 360.04510253906244
           -367.96999999999997 <= p[6] + -p[0] + hold_padding[1]
           p[13] + -p[6] + setup_padding[12] <= 300.7051025390625
           -324.53 <= p[13] + -p[6] + hold_padding[12]
           p[3] + -p[6] + setup_padding[10] <= -22.014897460937505
           -322.15000000000003 <= p[3] + -p[6] + hold_padding[10]
           p[12] + -p[6] + setup_padding[11] <= 149.3451025390625
           -278.37 <= p[12] + -p[6] + hold_padding[11]
           p[4] + -p[4] + setup_padding[9] <= 17.86510253906249
           -167.27 <= p[4] + -p[4] + hold_padding[9]
           p[0] + -p[9] + setup_padding[13] <= 85.92510253906244
           -408.53 <= p[0] + -p[9] + hold_padding[13]
           p[2] + -p[2] + setup_padding[8] <= 760.1951025390624
           -139.79000000000002 <= p[2] + -p[2] + hold_padding[8]
           p[1] + -p[1] + setup_padding[7] <= 722.3351025390625
           -153.48999999999998 <= p[1] + -p[1] + hold_padding[7]
           p[10] + -p[0] + setup_padding[5] <= 615.0651025390625
           -186.51000000000002 <= p[10] + -p[0] + hold_padding[5]
           p[7] + -p[0] + setup_padding[2] <= 614.4951025390626
           -191.66 <= p[7] + -p[0] + hold_padding[2]
           p[5] + -p[0] + setup_padding[0] <= 614.4951025390626
           -191.66 <= p[5] + -p[0] + hold_padding[0]
           p[8] + -p[0] + setup_padding[3] <= 614.4951025390626
           -191.66 <= p[8] + -p[0] + hold_padding[3]
           p[11] + -p[0] + setup_padding[6] <= 615.0651025390625
           -186.51000000000002 <= p[11] + -p[0] + hold_padding[6]
           p[9] + -p[0] + setup_padding[4] <= 614.4951025390626
           -191.66 <= p[9] + -p[0] + hold_padding[4]
           p[6] + -p[0] + setup_padding[1] <= 614.4951025390626
           -191.66 <= p[6] + -p[0] + hold_padding[1]
           p[13] + -p[6] + setup_padding[12] <= 566.9951025390625
           -173.95 <= p[13] + -p[6] + hold_padding[12]
           p[3] + -p[6] + setup_padding[10] <= 437.40510253906257
           -159.37 <= p[3] + -p[6] + hold_padding[10]
           p[12] + -p[6] + setup_padding[11] <= 512.0351025390626
           -145.39000000000001 <= p[12] + -p[6] + hold_padding[11]
           p[4] + -p[4] + setup_padding[9] <= 448.9351025390624
           -75.30000000000001 <= p[4] + -p[4] + hold_padding[9]
           p[0] + -p[9] + setup_padding[13] <= 486.7551025390625
           -206.89999999999998 <= p[0] + -p[9] + hold_padding[13]
           p[2] + -p[2] + setup_padding[8] <= 829.1951025390625
           -66.91000000000001 <= p[2] + -p[2] + hold_padding[8]
           p[1] + -p[1] + setup_padding[7] <= 811.9451025390624
           -67.89999999999999 <= p[1] + -p[1] + hold_padding[7]
结果已保存到 /home/wllpro/llwang07/kxzhu/DelayPadding/tv80_dir/tv80_results.txt
