Startpoint: _10622_ (falling edge-triggered flip-flop clocked by clk')
Endpoint: _10622_ (falling edge-triggered flip-flop clocked by clk')
Path Group: clk
Path Type: min

  Delay    Time   Description
---------------------------------------------------------
   0.00    0.00   clock clk' (fall edge)
   0.00    0.00   clock network delay (ideal)
   0.00    0.00 v _10622_/CLK (DFFLQNx2_ASAP7_75t_R)
  92.01   92.01 v _10622_/QN (DFFLQNx2_ASAP7_75t_R)
  20.13  112.14 ^ _08783_/Y (AOI21x1_ASAP7_75t_R)
   0.00  112.14 ^ _10622_/D (DFFLQNx2_ASAP7_75t_R)
         112.14   data arrival time

   0.00    0.00   clock clk' (fall edge)
   0.00    0.00   clock network delay (ideal)
   0.00    0.00   clock reconvergence pessimism
           0.00 v _10622_/CLK (DFFLQNx2_ASAP7_75t_R)
  14.48   14.48   library hold time
          14.48   data required time
---------------------------------------------------------
          14.48   data required time
        -112.14   data arrival time
---------------------------------------------------------
          97.66   slack (MET)


Startpoint: _10617_ (falling edge-triggered flip-flop clocked by clk')
Endpoint: _10617_ (falling edge-triggered flip-flop clocked by clk')
Path Group: clk
Path Type: min

  Delay    Time   Description
---------------------------------------------------------
   0.00    0.00   clock clk' (fall edge)
   0.00    0.00   clock network delay (ideal)
   0.00    0.00 v _10617_/CLK (DFFLQNx2_ASAP7_75t_R)
  93.91   93.91 v _10617_/QN (DFFLQNx2_ASAP7_75t_R)
  20.51  114.41 ^ _08768_/Y (AOI21x1_ASAP7_75t_R)
   0.00  114.41 ^ _10617_/D (DFFLQNx2_ASAP7_75t_R)
         114.41   data arrival time

   0.00    0.00   clock clk' (fall edge)
   0.00    0.00   clock network delay (ideal)
   0.00    0.00   clock reconvergence pessimism
           0.00 v _10617_/CLK (DFFLQNx2_ASAP7_75t_R)
  14.48   14.48   library hold time
          14.48   data required time
---------------------------------------------------------
          14.48   data required time
        -114.41   data arrival time
---------------------------------------------------------
          99.93   slack (MET)


Startpoint: _10792_ (falling edge-triggered flip-flop clocked by clk')
Endpoint: _10792_ (falling edge-triggered flip-flop clocked by clk')
Path Group: clk
Path Type: min

  Delay    Time   Description
---------------------------------------------------------
   0.00    0.00   clock clk' (fall edge)
   0.00    0.00   clock network delay (ideal)
   0.00    0.00 v _10792_/CLK (DFFLQNx2_ASAP7_75t_R)
  91.56   91.56 v _10792_/QN (DFFLQNx2_ASAP7_75t_R)
  21.94  113.50 ^ _10406_/Y (OAI22x1_ASAP7_75t_R)
   0.00  113.50 ^ _10792_/D (DFFLQNx2_ASAP7_75t_R)
         113.50   data arrival time

   0.00    0.00   clock clk' (fall edge)
   0.00    0.00   clock network delay (ideal)
   0.00    0.00   clock reconvergence pessimism
           0.00 v _10792_/CLK (DFFLQNx2_ASAP7_75t_R)
  13.19   13.19   library hold time
          13.19   data required time
---------------------------------------------------------
          13.19   data required time
        -113.50   data arrival time
---------------------------------------------------------
         100.31   slack (MET)


Startpoint: _10620_ (falling edge-triggered flip-flop clocked by clk')
Endpoint: _10620_ (falling edge-triggered flip-flop clocked by clk')
Path Group: clk
Path Type: min

  Delay    Time   Description
---------------------------------------------------------
   0.00    0.00   clock clk' (fall edge)
   0.00    0.00   clock network delay (ideal)
   0.00    0.00 v _10620_/CLK (DFFLQNx2_ASAP7_75t_R)
  94.62   94.62 v _10620_/QN (DFFLQNx2_ASAP7_75t_R)
  20.65  115.26 ^ _08777_/Y (AOI21x1_ASAP7_75t_R)
   0.00  115.26 ^ _10620_/D (DFFLQNx2_ASAP7_75t_R)
         115.26   data arrival time

   0.00    0.00   clock clk' (fall edge)
   0.00    0.00   clock network delay (ideal)
   0.00    0.00   clock reconvergence pessimism
           0.00 v _10620_/CLK (DFFLQNx2_ASAP7_75t_R)
  14.48   14.48   library hold time
          14.48   data required time
---------------------------------------------------------
          14.48   data required time
        -115.26   data arrival time
---------------------------------------------------------
         100.78   slack (MET)


Startpoint: _10817_ (falling edge-triggered flip-flop clocked by clk')
Endpoint: _10817_ (falling edge-triggered flip-flop clocked by clk')
Path Group: clk
Path Type: min

  Delay    Time   Description
---------------------------------------------------------
   0.00    0.00   clock clk' (fall edge)
   0.00    0.00   clock network delay (ideal)
   0.00    0.00 v _10817_/CLK (DFFLQNx2_ASAP7_75t_R)
  92.21   92.21 v _10817_/QN (DFFLQNx2_ASAP7_75t_R)
  22.08  114.29 ^ _08233_/Y (OAI22x1_ASAP7_75t_R)
   0.00  114.29 ^ _10817_/D (DFFLQNx2_ASAP7_75t_R)
         114.29   data arrival time

   0.00    0.00   clock clk' (fall edge)
   0.00    0.00   clock network delay (ideal)
   0.00    0.00   clock reconvergence pessimism
           0.00 v _10817_/CLK (DFFLQNx2_ASAP7_75t_R)
  13.16   13.16   library hold time
          13.16   data required time
---------------------------------------------------------
          13.16   data required time
        -114.29   data arrival time
---------------------------------------------------------
         101.13   slack (MET)


Startpoint: _10850_ (falling edge-triggered flip-flop clocked by clk')
Endpoint: _10850_ (falling edge-triggered flip-flop clocked by clk')
Path Group: clk
Path Type: min

  Delay    Time   Description
---------------------------------------------------------
   0.00    0.00   clock clk' (fall edge)
   0.00    0.00   clock network delay (ideal)
   0.00    0.00 v _10850_/CLK (DFFLQNx2_ASAP7_75t_R)
  92.21   92.21 v _10850_/QN (DFFLQNx2_ASAP7_75t_R)
  22.08  114.29 ^ _08314_/Y (OAI22x1_ASAP7_75t_R)
   0.00  114.29 ^ _10850_/D (DFFLQNx2_ASAP7_75t_R)
         114.29   data arrival time

   0.00    0.00   clock clk' (fall edge)
   0.00    0.00   clock network delay (ideal)
   0.00    0.00   clock reconvergence pessimism
           0.00 v _10850_/CLK (DFFLQNx2_ASAP7_75t_R)
  13.12   13.12   library hold time
          13.12   data required time
---------------------------------------------------------
          13.12   data required time
        -114.29   data arrival time
---------------------------------------------------------
         101.18   slack (MET)


Startpoint: _10594_ (falling edge-triggered flip-flop clocked by clk')
Endpoint: _10595_ (falling edge-triggered flip-flop clocked by clk')
Path Group: clk
Path Type: min

  Delay    Time   Description
---------------------------------------------------------
   0.00    0.00   clock clk' (fall edge)
   0.00    0.00   clock network delay (ideal)
   0.00    0.00 v _10594_/CLK (DFFLQNx2_ASAP7_75t_R)
  93.55   93.55 v _10594_/QN (DFFLQNx2_ASAP7_75t_R)
  22.72  116.27 ^ _08613_/Y (AOI221x1_ASAP7_75t_R)
   0.00  116.27 ^ _10595_/D (DFFLQNx2_ASAP7_75t_R)
         116.27   data arrival time

   0.00    0.00   clock clk' (fall edge)
   0.00    0.00   clock network delay (ideal)
   0.00    0.00   clock reconvergence pessimism
           0.00 v _10595_/CLK (DFFLQNx2_ASAP7_75t_R)
  12.91   12.91   library hold time
          12.91   data required time
---------------------------------------------------------
          12.91   data required time
        -116.27   data arrival time
---------------------------------------------------------
         103.36   slack (MET)


Startpoint: _10891_ (falling edge-triggered flip-flop clocked by clk')
Endpoint: _10891_ (falling edge-triggered flip-flop clocked by clk')
Path Group: clk
Path Type: min

  Delay    Time   Description
---------------------------------------------------------
   0.00    0.00   clock clk' (fall edge)
   0.00    0.00   clock network delay (ideal)
   0.00    0.00 v _10891_/CLK (DFFLQNx2_ASAP7_75t_R)
  95.68   95.68 v _10891_/QN (DFFLQNx2_ASAP7_75t_R)
  22.77  118.45 ^ _08444_/Y (OAI22x1_ASAP7_75t_R)
   0.00  118.45 ^ _10891_/D (DFFLQNx2_ASAP7_75t_R)
         118.45   data arrival time

   0.00    0.00   clock clk' (fall edge)
   0.00    0.00   clock network delay (ideal)
   0.00    0.00   clock reconvergence pessimism
           0.00 v _10891_/CLK (DFFLQNx2_ASAP7_75t_R)
  13.22   13.22   library hold time
          13.22   data required time
---------------------------------------------------------
          13.22   data required time
        -118.45   data arrival time
---------------------------------------------------------
         105.23   slack (MET)


Startpoint: _10708_ (falling edge-triggered flip-flop clocked by clk')
Endpoint: _10708_ (falling edge-triggered flip-flop clocked by clk')
Path Group: clk
Path Type: min

  Delay    Time   Description
---------------------------------------------------------
   0.00    0.00   clock clk' (fall edge)
   0.00    0.00   clock network delay (ideal)
   0.00    0.00 v _10708_/CLK (DFFLQNx2_ASAP7_75t_R)
  99.30   99.30 v _10708_/QN (DFFLQNx2_ASAP7_75t_R)
  22.06  121.35 ^ _09656_/Y (AOI22x1_ASAP7_75t_R)
   0.00  121.35 ^ _10708_/D (DFFLQNx2_ASAP7_75t_R)
         121.35   data arrival time

   0.00    0.00   clock clk' (fall edge)
   0.00    0.00   clock network delay (ideal)
   0.00    0.00   clock reconvergence pessimism
           0.00 v _10708_/CLK (DFFLQNx2_ASAP7_75t_R)
  14.25   14.25   library hold time
          14.25   data required time
---------------------------------------------------------
          14.25   data required time
        -121.35   data arrival time
---------------------------------------------------------
         107.10   slack (MET)


Startpoint: _10704_ (falling edge-triggered flip-flop clocked by clk')
Endpoint: _10704_ (falling edge-triggered flip-flop clocked by clk')
Path Group: clk
Path Type: min

  Delay    Time   Description
---------------------------------------------------------
   0.00    0.00   clock clk' (fall edge)
   0.00    0.00   clock network delay (ideal)
   0.00    0.00 v _10704_/CLK (DFFLQNx2_ASAP7_75t_R)
 106.11  106.11 v _10704_/QN (DFFLQNx2_ASAP7_75t_R)
  23.13  129.24 ^ _09619_/Y (AOI22x1_ASAP7_75t_R)
   0.00  129.24 ^ _10704_/D (DFFLQNx2_ASAP7_75t_R)
         129.24   data arrival time

   0.00    0.00   clock clk' (fall edge)
   0.00    0.00   clock network delay (ideal)
   0.00    0.00   clock reconvergence pessimism
           0.00 v _10704_/CLK (DFFLQNx2_ASAP7_75t_R)
  14.25   14.25   library hold time
          14.25   data required time
---------------------------------------------------------
          14.25   data required time
        -129.24   data arrival time
---------------------------------------------------------
         114.99   slack (MET)


Startpoint: _10706_ (falling edge-triggered flip-flop clocked by clk')
Endpoint: _10706_ (falling edge-triggered flip-flop clocked by clk')
Path Group: clk
Path Type: min

  Delay    Time   Description
---------------------------------------------------------
   0.00    0.00   clock clk' (fall edge)
   0.00    0.00   clock network delay (ideal)
   0.00    0.00 v _10706_/CLK (DFFLQNx2_ASAP7_75t_R)
 106.11  106.11 v _10706_/QN (DFFLQNx2_ASAP7_75t_R)
  23.13  129.24 ^ _09638_/Y (AOI22x1_ASAP7_75t_R)
   0.00  129.24 ^ _10706_/D (DFFLQNx2_ASAP7_75t_R)
         129.24   data arrival time

   0.00    0.00   clock clk' (fall edge)
   0.00    0.00   clock network delay (ideal)
   0.00    0.00   clock reconvergence pessimism
           0.00 v _10706_/CLK (DFFLQNx2_ASAP7_75t_R)
  14.25   14.25   library hold time
          14.25   data required time
---------------------------------------------------------
          14.25   data required time
        -129.24   data arrival time
---------------------------------------------------------
         114.99   slack (MET)


Startpoint: _10719_ (falling edge-triggered flip-flop clocked by clk')
Endpoint: _10719_ (falling edge-triggered flip-flop clocked by clk')
Path Group: clk
Path Type: min

  Delay    Time   Description
---------------------------------------------------------
   0.00    0.00   clock clk' (fall edge)
   0.00    0.00   clock network delay (ideal)
   0.00    0.00 v _10719_/CLK (DFFLQNx2_ASAP7_75t_R)
  89.51   89.51 v _10719_/QN (DFFLQNx2_ASAP7_75t_R)
  16.09  105.60 ^ _09681_/Y (INVx1_ASAP7_75t_R)
  25.73  131.33 ^ _09683_/Y (AO21x1_ASAP7_75t_R)
   0.00  131.33 ^ _10719_/D (DFFLQNx2_ASAP7_75t_R)
         131.33   data arrival time

   0.00    0.00   clock clk' (fall edge)
   0.00    0.00   clock network delay (ideal)
   0.00    0.00   clock reconvergence pessimism
           0.00 v _10719_/CLK (DFFLQNx2_ASAP7_75t_R)
  14.81   14.81   library hold time
          14.81   data required time
---------------------------------------------------------
          14.81   data required time
        -131.33   data arrival time
---------------------------------------------------------
         116.52   slack (MET)


Startpoint: _10724_ (falling edge-triggered flip-flop clocked by clk')
Endpoint: _10724_ (falling edge-triggered flip-flop clocked by clk')
Path Group: clk
Path Type: min

  Delay    Time   Description
---------------------------------------------------------
   0.00    0.00   clock clk' (fall edge)
   0.00    0.00   clock network delay (ideal)
   0.00    0.00 v _10724_/CLK (DFFLQNx2_ASAP7_75t_R)
  89.51   89.51 v _10724_/QN (DFFLQNx2_ASAP7_75t_R)
  16.09  105.60 ^ _09693_/Y (INVx1_ASAP7_75t_R)
  25.73  131.33 ^ _09695_/Y (AO21x1_ASAP7_75t_R)
   0.00  131.33 ^ _10724_/D (DFFLQNx2_ASAP7_75t_R)
         131.33   data arrival time

   0.00    0.00   clock clk' (fall edge)
   0.00    0.00   clock network delay (ideal)
   0.00    0.00   clock reconvergence pessimism
           0.00 v _10724_/CLK (DFFLQNx2_ASAP7_75t_R)
  14.81   14.81   library hold time
          14.81   data required time
---------------------------------------------------------
          14.81   data required time
        -131.33   data arrival time
---------------------------------------------------------
         116.52   slack (MET)


Startpoint: _10632_ (falling edge-triggered flip-flop clocked by clk')
Endpoint: _10632_ (falling edge-triggered flip-flop clocked by clk')
Path Group: clk
Path Type: min

  Delay    Time   Description
---------------------------------------------------------
   0.00    0.00   clock clk' (fall edge)
   0.00    0.00   clock network delay (ideal)
   0.00    0.00 v _10632_/CLK (DFFLQNx2_ASAP7_75t_R)
  90.83   90.83 v _10632_/QN (DFFLQNx2_ASAP7_75t_R)
  19.12  109.95 ^ _07639_/Y (NOR2x1_ASAP7_75t_R)
  21.42  131.37 ^ _07640_/Y (AO21x1_ASAP7_75t_R)
   0.00  131.37 ^ _10632_/D (DFFLQNx2_ASAP7_75t_R)
         131.37   data arrival time

   0.00    0.00   clock clk' (fall edge)
   0.00    0.00   clock network delay (ideal)
   0.00    0.00   clock reconvergence pessimism
           0.00 v _10632_/CLK (DFFLQNx2_ASAP7_75t_R)
  14.80   14.80   library hold time
          14.80   data required time
---------------------------------------------------------
          14.80   data required time
        -131.37   data arrival time
---------------------------------------------------------
         116.57   slack (MET)


Startpoint: _10646_ (falling edge-triggered flip-flop clocked by clk')
Endpoint: _10646_ (falling edge-triggered flip-flop clocked by clk')
Path Group: clk
Path Type: min

  Delay    Time   Description
---------------------------------------------------------
   0.00    0.00   clock clk' (fall edge)
   0.00    0.00   clock network delay (ideal)
   0.00    0.00 v _10646_/CLK (DFFLQNx2_ASAP7_75t_R)
  90.83   90.83 v _10646_/QN (DFFLQNx2_ASAP7_75t_R)
  19.12  109.95 ^ _07836_/Y (NOR2x1_ASAP7_75t_R)
  21.42  131.37 ^ _07837_/Y (AO21x1_ASAP7_75t_R)
   0.00  131.37 ^ _10646_/D (DFFLQNx2_ASAP7_75t_R)
         131.37   data arrival time

   0.00    0.00   clock clk' (fall edge)
   0.00    0.00   clock network delay (ideal)
   0.00    0.00   clock reconvergence pessimism
           0.00 v _10646_/CLK (DFFLQNx2_ASAP7_75t_R)
  14.80   14.80   library hold time
          14.80   data required time
---------------------------------------------------------
          14.80   data required time
        -131.37   data arrival time
---------------------------------------------------------
         116.57   slack (MET)


Startpoint: _10647_ (falling edge-triggered flip-flop clocked by clk')
Endpoint: _10647_ (falling edge-triggered flip-flop clocked by clk')
Path Group: clk
Path Type: min

  Delay    Time   Description
---------------------------------------------------------
   0.00    0.00   clock clk' (fall edge)
   0.00    0.00   clock network delay (ideal)
   0.00    0.00 v _10647_/CLK (DFFLQNx2_ASAP7_75t_R)
  90.83   90.83 v _10647_/QN (DFFLQNx2_ASAP7_75t_R)
  19.12  109.95 ^ _07838_/Y (NOR2x1_ASAP7_75t_R)
  21.42  131.37 ^ _07839_/Y (AO21x1_ASAP7_75t_R)
   0.00  131.37 ^ _10647_/D (DFFLQNx2_ASAP7_75t_R)
         131.37   data arrival time

   0.00    0.00   clock clk' (fall edge)
   0.00    0.00   clock network delay (ideal)
   0.00    0.00   clock reconvergence pessimism
           0.00 v _10647_/CLK (DFFLQNx2_ASAP7_75t_R)
  14.80   14.80   library hold time
          14.80   data required time
---------------------------------------------------------
          14.80   data required time
        -131.37   data arrival time
---------------------------------------------------------
         116.57   slack (MET)


Startpoint: _10648_ (falling edge-triggered flip-flop clocked by clk')
Endpoint: _10648_ (falling edge-triggered flip-flop clocked by clk')
Path Group: clk
Path Type: min

  Delay    Time   Description
---------------------------------------------------------
   0.00    0.00   clock clk' (fall edge)
   0.00    0.00   clock network delay (ideal)
   0.00    0.00 v _10648_/CLK (DFFLQNx2_ASAP7_75t_R)
  90.83   90.83 v _10648_/QN (DFFLQNx2_ASAP7_75t_R)
  19.12  109.95 ^ _07842_/Y (NOR2x1_ASAP7_75t_R)
  21.42  131.37 ^ _07843_/Y (AO21x1_ASAP7_75t_R)
   0.00  131.37 ^ _10648_/D (DFFLQNx2_ASAP7_75t_R)
         131.37   data arrival time

   0.00    0.00   clock clk' (fall edge)
   0.00    0.00   clock network delay (ideal)
   0.00    0.00   clock reconvergence pessimism
           0.00 v _10648_/CLK (DFFLQNx2_ASAP7_75t_R)
  14.80   14.80   library hold time
          14.80   data required time
---------------------------------------------------------
          14.80   data required time
        -131.37   data arrival time
---------------------------------------------------------
         116.57   slack (MET)


Startpoint: _10649_ (falling edge-triggered flip-flop clocked by clk')
Endpoint: _10649_ (falling edge-triggered flip-flop clocked by clk')
Path Group: clk
Path Type: min

  Delay    Time   Description
---------------------------------------------------------
   0.00    0.00   clock clk' (fall edge)
   0.00    0.00   clock network delay (ideal)
   0.00    0.00 v _10649_/CLK (DFFLQNx2_ASAP7_75t_R)
  90.83   90.83 v _10649_/QN (DFFLQNx2_ASAP7_75t_R)
  19.12  109.95 ^ _07844_/Y (NOR2x1_ASAP7_75t_R)
  21.42  131.37 ^ _07845_/Y (AO21x1_ASAP7_75t_R)
   0.00  131.37 ^ _10649_/D (DFFLQNx2_ASAP7_75t_R)
         131.37   data arrival time

   0.00    0.00   clock clk' (fall edge)
   0.00    0.00   clock network delay (ideal)
   0.00    0.00   clock reconvergence pessimism
           0.00 v _10649_/CLK (DFFLQNx2_ASAP7_75t_R)
  14.80   14.80   library hold time
          14.80   data required time
---------------------------------------------------------
          14.80   data required time
        -131.37   data arrival time
---------------------------------------------------------
         116.57   slack (MET)


Startpoint: _10651_ (falling edge-triggered flip-flop clocked by clk')
Endpoint: _10651_ (falling edge-triggered flip-flop clocked by clk')
Path Group: clk
Path Type: min

  Delay    Time   Description
---------------------------------------------------------
   0.00    0.00   clock clk' (fall edge)
   0.00    0.00   clock network delay (ideal)
   0.00    0.00 v _10651_/CLK (DFFLQNx2_ASAP7_75t_R)
  90.83   90.83 v _10651_/QN (DFFLQNx2_ASAP7_75t_R)
  19.12  109.95 ^ _07849_/Y (NOR2x1_ASAP7_75t_R)
  21.42  131.37 ^ _07850_/Y (AO21x1_ASAP7_75t_R)
   0.00  131.37 ^ _10651_/D (DFFLQNx2_ASAP7_75t_R)
         131.37   data arrival time

   0.00    0.00   clock clk' (fall edge)
   0.00    0.00   clock network delay (ideal)
   0.00    0.00   clock reconvergence pessimism
           0.00 v _10651_/CLK (DFFLQNx2_ASAP7_75t_R)
  14.80   14.80   library hold time
          14.80   data required time
---------------------------------------------------------
          14.80   data required time
        -131.37   data arrival time
---------------------------------------------------------
         116.57   slack (MET)


Startpoint: _10652_ (falling edge-triggered flip-flop clocked by clk')
Endpoint: _10652_ (falling edge-triggered flip-flop clocked by clk')
Path Group: clk
Path Type: min

  Delay    Time   Description
---------------------------------------------------------
   0.00    0.00   clock clk' (fall edge)
   0.00    0.00   clock network delay (ideal)
   0.00    0.00 v _10652_/CLK (DFFLQNx2_ASAP7_75t_R)
  90.83   90.83 v _10652_/QN (DFFLQNx2_ASAP7_75t_R)
  19.12  109.95 ^ _07851_/Y (NOR2x1_ASAP7_75t_R)
  21.42  131.37 ^ _07852_/Y (AO21x1_ASAP7_75t_R)
   0.00  131.37 ^ _10652_/D (DFFLQNx2_ASAP7_75t_R)
         131.37   data arrival time

   0.00    0.00   clock clk' (fall edge)
   0.00    0.00   clock network delay (ideal)
   0.00    0.00   clock reconvergence pessimism
           0.00 v _10652_/CLK (DFFLQNx2_ASAP7_75t_R)
  14.80   14.80   library hold time
          14.80   data required time
---------------------------------------------------------
          14.80   data required time
        -131.37   data arrival time
---------------------------------------------------------
         116.57   slack (MET)


Startpoint: _10653_ (falling edge-triggered flip-flop clocked by clk')
Endpoint: _10653_ (falling edge-triggered flip-flop clocked by clk')
Path Group: clk
Path Type: min

  Delay    Time   Description
---------------------------------------------------------
   0.00    0.00   clock clk' (fall edge)
   0.00    0.00   clock network delay (ideal)
   0.00    0.00 v _10653_/CLK (DFFLQNx2_ASAP7_75t_R)
  90.83   90.83 v _10653_/QN (DFFLQNx2_ASAP7_75t_R)
  19.12  109.95 ^ _07853_/Y (NOR2x1_ASAP7_75t_R)
  21.42  131.37 ^ _07854_/Y (AO21x1_ASAP7_75t_R)
   0.00  131.37 ^ _10653_/D (DFFLQNx2_ASAP7_75t_R)
         131.37   data arrival time

   0.00    0.00   clock clk' (fall edge)
   0.00    0.00   clock network delay (ideal)
   0.00    0.00   clock reconvergence pessimism
           0.00 v _10653_/CLK (DFFLQNx2_ASAP7_75t_R)
  14.80   14.80   library hold time
          14.80   data required time
---------------------------------------------------------
          14.80   data required time
        -131.37   data arrival time
---------------------------------------------------------
         116.57   slack (MET)


Startpoint: _10654_ (falling edge-triggered flip-flop clocked by clk')
Endpoint: _10654_ (falling edge-triggered flip-flop clocked by clk')
Path Group: clk
Path Type: min

  Delay    Time   Description
---------------------------------------------------------
   0.00    0.00   clock clk' (fall edge)
   0.00    0.00   clock network delay (ideal)
   0.00    0.00 v _10654_/CLK (DFFLQNx2_ASAP7_75t_R)
  90.83   90.83 v _10654_/QN (DFFLQNx2_ASAP7_75t_R)
  19.12  109.95 ^ _07855_/Y (NOR2x1_ASAP7_75t_R)
  21.42  131.37 ^ _07856_/Y (AO21x1_ASAP7_75t_R)
   0.00  131.37 ^ _10654_/D (DFFLQNx2_ASAP7_75t_R)
         131.37   data arrival time

   0.00    0.00   clock clk' (fall edge)
   0.00    0.00   clock network delay (ideal)
   0.00    0.00   clock reconvergence pessimism
           0.00 v _10654_/CLK (DFFLQNx2_ASAP7_75t_R)
  14.80   14.80   library hold time
          14.80   data required time
---------------------------------------------------------
          14.80   data required time
        -131.37   data arrival time
---------------------------------------------------------
         116.57   slack (MET)


Startpoint: _10655_ (falling edge-triggered flip-flop clocked by clk')
Endpoint: _10655_ (falling edge-triggered flip-flop clocked by clk')
Path Group: clk
Path Type: min

  Delay    Time   Description
---------------------------------------------------------
   0.00    0.00   clock clk' (fall edge)
   0.00    0.00   clock network delay (ideal)
   0.00    0.00 v _10655_/CLK (DFFLQNx2_ASAP7_75t_R)
  90.83   90.83 v _10655_/QN (DFFLQNx2_ASAP7_75t_R)
  19.12  109.95 ^ _07857_/Y (NOR2x1_ASAP7_75t_R)
  21.42  131.37 ^ _07858_/Y (AO21x1_ASAP7_75t_R)
   0.00  131.37 ^ _10655_/D (DFFLQNx2_ASAP7_75t_R)
         131.37   data arrival time

   0.00    0.00   clock clk' (fall edge)
   0.00    0.00   clock network delay (ideal)
   0.00    0.00   clock reconvergence pessimism
           0.00 v _10655_/CLK (DFFLQNx2_ASAP7_75t_R)
  14.80   14.80   library hold time
          14.80   data required time
---------------------------------------------------------
          14.80   data required time
        -131.37   data arrival time
---------------------------------------------------------
         116.57   slack (MET)


Startpoint: _10657_ (falling edge-triggered flip-flop clocked by clk')
Endpoint: _10657_ (falling edge-triggered flip-flop clocked by clk')
Path Group: clk
Path Type: min

  Delay    Time   Description
---------------------------------------------------------
   0.00    0.00   clock clk' (fall edge)
   0.00    0.00   clock network delay (ideal)
   0.00    0.00 v _10657_/CLK (DFFLQNx2_ASAP7_75t_R)
  90.83   90.83 v _10657_/QN (DFFLQNx2_ASAP7_75t_R)
  19.12  109.95 ^ _07861_/Y (NOR2x1_ASAP7_75t_R)
  21.42  131.37 ^ _07862_/Y (AO21x1_ASAP7_75t_R)
   0.00  131.37 ^ _10657_/D (DFFLQNx2_ASAP7_75t_R)
         131.37   data arrival time

   0.00    0.00   clock clk' (fall edge)
   0.00    0.00   clock network delay (ideal)
   0.00    0.00   clock reconvergence pessimism
           0.00 v _10657_/CLK (DFFLQNx2_ASAP7_75t_R)
  14.80   14.80   library hold time
          14.80   data required time
---------------------------------------------------------
          14.80   data required time
        -131.37   data arrival time
---------------------------------------------------------
         116.57   slack (MET)


Startpoint: _10656_ (falling edge-triggered flip-flop clocked by clk')
Endpoint: _10656_ (falling edge-triggered flip-flop clocked by clk')
Path Group: clk
Path Type: min

  Delay    Time   Description
---------------------------------------------------------
   0.00    0.00   clock clk' (fall edge)
   0.00    0.00   clock network delay (ideal)
   0.00    0.00 v _10656_/CLK (DFFLQNx2_ASAP7_75t_R)
  91.07   91.07 v _10656_/QN (DFFLQNx2_ASAP7_75t_R)
  19.16  110.23 ^ _07859_/Y (NOR2x1_ASAP7_75t_R)
  21.44  131.67 ^ _07860_/Y (AO21x1_ASAP7_75t_R)
   0.00  131.67 ^ _10656_/D (DFFLQNx2_ASAP7_75t_R)
         131.67   data arrival time

   0.00    0.00   clock clk' (fall edge)
   0.00    0.00   clock network delay (ideal)
   0.00    0.00   clock reconvergence pessimism
           0.00 v _10656_/CLK (DFFLQNx2_ASAP7_75t_R)
  14.80   14.80   library hold time
          14.80   data required time
---------------------------------------------------------
          14.80   data required time
        -131.67   data arrival time
---------------------------------------------------------
         116.87   slack (MET)


Startpoint: _10721_ (falling edge-triggered flip-flop clocked by clk')
Endpoint: _10721_ (falling edge-triggered flip-flop clocked by clk')
Path Group: clk
Path Type: min

  Delay    Time   Description
---------------------------------------------------------
   0.00    0.00   clock clk' (fall edge)
   0.00    0.00   clock network delay (ideal)
   0.00    0.00 v _10721_/CLK (DFFLQNx2_ASAP7_75t_R)
  91.28   91.28 v _10721_/QN (DFFLQNx2_ASAP7_75t_R)
  16.49  107.77 ^ _09686_/Y (INVx1_ASAP7_75t_R)
  25.89  133.66 ^ _09688_/Y (AO21x1_ASAP7_75t_R)
   0.00  133.66 ^ _10721_/D (DFFLQNx2_ASAP7_75t_R)
         133.66   data arrival time

   0.00    0.00   clock clk' (fall edge)
   0.00    0.00   clock network delay (ideal)
   0.00    0.00   clock reconvergence pessimism
           0.00 v _10721_/CLK (DFFLQNx2_ASAP7_75t_R)
  14.81   14.81   library hold time
          14.81   data required time
---------------------------------------------------------
          14.81   data required time
        -133.66   data arrival time
---------------------------------------------------------
         118.84   slack (MET)


Startpoint: _10709_ (falling edge-triggered flip-flop clocked by clk')
Endpoint: _10709_ (falling edge-triggered flip-flop clocked by clk')
Path Group: clk
Path Type: min

  Delay    Time   Description
---------------------------------------------------------
   0.00    0.00   clock clk' (fall edge)
   0.00    0.00   clock network delay (ideal)
   0.00    0.00 v _10709_/CLK (DFFLQNx2_ASAP7_75t_R)
  91.22   91.22 v _10709_/QN (DFFLQNx2_ASAP7_75t_R)
  21.55  112.77 ^ _09659_/Y (OAI21x1_ASAP7_75t_R)
  21.35  134.12 ^ _09660_/Y (AO21x1_ASAP7_75t_R)
   0.00  134.12 ^ _10709_/D (DFFLQNx2_ASAP7_75t_R)
         134.12   data arrival time

   0.00    0.00   clock clk' (fall edge)
   0.00    0.00   clock network delay (ideal)
   0.00    0.00   clock reconvergence pessimism
           0.00 v _10709_/CLK (DFFLQNx2_ASAP7_75t_R)
  14.80   14.80   library hold time
          14.80   data required time
---------------------------------------------------------
          14.80   data required time
        -134.12   data arrival time
---------------------------------------------------------
         119.32   slack (MET)


Startpoint: _10710_ (falling edge-triggered flip-flop clocked by clk')
Endpoint: _10710_ (falling edge-triggered flip-flop clocked by clk')
Path Group: clk
Path Type: min

  Delay    Time   Description
---------------------------------------------------------
   0.00    0.00   clock clk' (fall edge)
   0.00    0.00   clock network delay (ideal)
   0.00    0.00 v _10710_/CLK (DFFLQNx2_ASAP7_75t_R)
  91.22   91.22 v _10710_/QN (DFFLQNx2_ASAP7_75t_R)
  21.55  112.77 ^ _09661_/Y (OAI21x1_ASAP7_75t_R)
  21.35  134.12 ^ _09662_/Y (AO21x1_ASAP7_75t_R)
   0.00  134.12 ^ _10710_/D (DFFLQNx2_ASAP7_75t_R)
         134.12   data arrival time

   0.00    0.00   clock clk' (fall edge)
   0.00    0.00   clock network delay (ideal)
   0.00    0.00   clock reconvergence pessimism
           0.00 v _10710_/CLK (DFFLQNx2_ASAP7_75t_R)
  14.80   14.80   library hold time
          14.80   data required time
---------------------------------------------------------
          14.80   data required time
        -134.12   data arrival time
---------------------------------------------------------
         119.32   slack (MET)


Startpoint: _10711_ (falling edge-triggered flip-flop clocked by clk')
Endpoint: _10711_ (falling edge-triggered flip-flop clocked by clk')
Path Group: clk
Path Type: min

  Delay    Time   Description
---------------------------------------------------------
   0.00    0.00   clock clk' (fall edge)
   0.00    0.00   clock network delay (ideal)
   0.00    0.00 v _10711_/CLK (DFFLQNx2_ASAP7_75t_R)
  91.22   91.22 v _10711_/QN (DFFLQNx2_ASAP7_75t_R)
  21.55  112.77 ^ _09663_/Y (OAI21x1_ASAP7_75t_R)
  21.35  134.12 ^ _09664_/Y (AO21x1_ASAP7_75t_R)
   0.00  134.12 ^ _10711_/D (DFFLQNx2_ASAP7_75t_R)
         134.12   data arrival time

   0.00    0.00   clock clk' (fall edge)
   0.00    0.00   clock network delay (ideal)
   0.00    0.00   clock reconvergence pessimism
           0.00 v _10711_/CLK (DFFLQNx2_ASAP7_75t_R)
  14.80   14.80   library hold time
          14.80   data required time
---------------------------------------------------------
          14.80   data required time
        -134.12   data arrival time
---------------------------------------------------------
         119.32   slack (MET)


Startpoint: _10773_ (falling edge-triggered flip-flop clocked by clk')
Endpoint: _10773_ (falling edge-triggered flip-flop clocked by clk')
Path Group: clk
Path Type: min

  Delay    Time   Description
---------------------------------------------------------
   0.00    0.00   clock clk' (fall edge)
   0.00    0.00   clock network delay (ideal)
   0.00    0.00 v _10773_/CLK (DFFLQNx2_ASAP7_75t_R)
 108.21  108.21 v _10773_/QN (DFFLQNx2_ASAP7_75t_R)
  24.57  132.77 ^ _10201_/Y (OAI22x1_ASAP7_75t_R)
   0.00  132.77 ^ _10773_/D (DFFLQNx2_ASAP7_75t_R)
         132.77   data arrival time

   0.00    0.00   clock clk' (fall edge)
   0.00    0.00   clock network delay (ideal)
   0.00    0.00   clock reconvergence pessimism
           0.00 v _10773_/CLK (DFFLQNx2_ASAP7_75t_R)
  13.11   13.11   library hold time
          13.11   data required time
---------------------------------------------------------
          13.11   data required time
        -132.77   data arrival time
---------------------------------------------------------
         119.66   slack (MET)


Startpoint: _10633_ (falling edge-triggered flip-flop clocked by clk')
Endpoint: _10633_ (falling edge-triggered flip-flop clocked by clk')
Path Group: clk
Path Type: min

  Delay    Time   Description
---------------------------------------------------------
   0.00    0.00   clock clk' (fall edge)
   0.00    0.00   clock network delay (ideal)
   0.00    0.00 v _10633_/CLK (DFFLQNx2_ASAP7_75t_R)
  93.58   93.58 v _10633_/QN (DFFLQNx2_ASAP7_75t_R)
  19.64  113.21 ^ _07641_/Y (NOR2x1_ASAP7_75t_R)
  21.62  134.84 ^ _07642_/Y (AO21x1_ASAP7_75t_R)
   0.00  134.84 ^ _10633_/D (DFFLQNx2_ASAP7_75t_R)
         134.84   data arrival time

   0.00    0.00   clock clk' (fall edge)
   0.00    0.00   clock network delay (ideal)
   0.00    0.00   clock reconvergence pessimism
           0.00 v _10633_/CLK (DFFLQNx2_ASAP7_75t_R)
  14.79   14.79   library hold time
          14.79   data required time
---------------------------------------------------------
          14.79   data required time
        -134.84   data arrival time
---------------------------------------------------------
         120.04   slack (MET)


Startpoint: _10645_ (falling edge-triggered flip-flop clocked by clk')
Endpoint: _10645_ (falling edge-triggered flip-flop clocked by clk')
Path Group: clk
Path Type: min

  Delay    Time   Description
---------------------------------------------------------
   0.00    0.00   clock clk' (fall edge)
   0.00    0.00   clock network delay (ideal)
   0.00    0.00 v _10645_/CLK (DFFLQNx2_ASAP7_75t_R)
  93.97   93.97 v _10645_/QN (DFFLQNx2_ASAP7_75t_R)
  19.71  113.68 ^ _07834_/Y (NOR2x1_ASAP7_75t_R)
  21.65  135.34 ^ _07835_/Y (AO21x1_ASAP7_75t_R)
   0.00  135.34 ^ _10645_/D (DFFLQNx2_ASAP7_75t_R)
         135.34   data arrival time

   0.00    0.00   clock clk' (fall edge)
   0.00    0.00   clock network delay (ideal)
   0.00    0.00   clock reconvergence pessimism
           0.00 v _10645_/CLK (DFFLQNx2_ASAP7_75t_R)
  14.79   14.79   library hold time
          14.79   data required time
---------------------------------------------------------
          14.79   data required time
        -135.34   data arrival time
---------------------------------------------------------
         120.54   slack (MET)


Startpoint: _10650_ (falling edge-triggered flip-flop clocked by clk')
Endpoint: _10650_ (falling edge-triggered flip-flop clocked by clk')
Path Group: clk
Path Type: min

  Delay    Time   Description
---------------------------------------------------------
   0.00    0.00   clock clk' (fall edge)
   0.00    0.00   clock network delay (ideal)
   0.00    0.00 v _10650_/CLK (DFFLQNx2_ASAP7_75t_R)
  93.97   93.97 v _10650_/QN (DFFLQNx2_ASAP7_75t_R)
  19.71  113.68 ^ _07847_/Y (NOR2x1_ASAP7_75t_R)
  21.65  135.34 ^ _07848_/Y (AO21x1_ASAP7_75t_R)
   0.00  135.34 ^ _10650_/D (DFFLQNx2_ASAP7_75t_R)
         135.34   data arrival time

   0.00    0.00   clock clk' (fall edge)
   0.00    0.00   clock network delay (ideal)
   0.00    0.00   clock reconvergence pessimism
           0.00 v _10650_/CLK (DFFLQNx2_ASAP7_75t_R)
  14.79   14.79   library hold time
          14.79   data required time
---------------------------------------------------------
          14.79   data required time
        -135.34   data arrival time
---------------------------------------------------------
         120.54   slack (MET)


Startpoint: _10658_ (falling edge-triggered flip-flop clocked by clk')
Endpoint: _10658_ (falling edge-triggered flip-flop clocked by clk')
Path Group: clk
Path Type: min

  Delay    Time   Description
---------------------------------------------------------
   0.00    0.00   clock clk' (fall edge)
   0.00    0.00   clock network delay (ideal)
   0.00    0.00 v _10658_/CLK (DFFLQNx2_ASAP7_75t_R)
  93.97   93.97 v _10658_/QN (DFFLQNx2_ASAP7_75t_R)
  19.71  113.68 ^ _07863_/Y (NOR2x1_ASAP7_75t_R)
  21.65  135.34 ^ _07864_/Y (AO21x1_ASAP7_75t_R)
   0.00  135.34 ^ _10658_/D (DFFLQNx2_ASAP7_75t_R)
         135.34   data arrival time

   0.00    0.00   clock clk' (fall edge)
   0.00    0.00   clock network delay (ideal)
   0.00    0.00   clock reconvergence pessimism
           0.00 v _10658_/CLK (DFFLQNx2_ASAP7_75t_R)
  14.79   14.79   library hold time
          14.79   data required time
---------------------------------------------------------
          14.79   data required time
        -135.34   data arrival time
---------------------------------------------------------
         120.54   slack (MET)


Startpoint: _10619_ (falling edge-triggered flip-flop clocked by clk')
Endpoint: _10621_ (falling edge-triggered flip-flop clocked by clk')
Path Group: clk
Path Type: min

  Delay    Time   Description
---------------------------------------------------------
   0.00    0.00   clock clk' (fall edge)
   0.00    0.00   clock network delay (ideal)
   0.00    0.00 v _10619_/CLK (DFFLQNx2_ASAP7_75t_R)
  89.50   89.50 ^ _10619_/QN (DFFLQNx2_ASAP7_75t_R)
  45.69  135.18 ^ _08781_/Y (OA211x2_ASAP7_75t_R)
   0.00  135.18 ^ _10621_/D (DFFLQNx2_ASAP7_75t_R)
         135.18   data arrival time

   0.00    0.00   clock clk' (fall edge)
   0.00    0.00   clock network delay (ideal)
   0.00    0.00   clock reconvergence pessimism
           0.00 v _10621_/CLK (DFFLQNx2_ASAP7_75t_R)
  14.21   14.21   library hold time
          14.21   data required time
---------------------------------------------------------
          14.21   data required time
        -135.18   data arrival time
---------------------------------------------------------
         120.97   slack (MET)


Startpoint: _10868_ (falling edge-triggered flip-flop clocked by clk')
Endpoint: _10868_ (falling edge-triggered flip-flop clocked by clk')
Path Group: clk
Path Type: min

  Delay    Time   Description
---------------------------------------------------------
   0.00    0.00   clock clk' (fall edge)
   0.00    0.00   clock network delay (ideal)
   0.00    0.00 v _10868_/CLK (DFFLQNx2_ASAP7_75t_R)
  89.53   89.53 v _10868_/QN (DFFLQNx2_ASAP7_75t_R)
  19.74  109.27 ^ _06730_/Y (INVx2_ASAP7_75t_R)
  26.86  136.13 ^ _08360_/Y (AO21x1_ASAP7_75t_R)
   0.00  136.13 ^ _10868_/D (DFFLQNx2_ASAP7_75t_R)
         136.13   data arrival time

   0.00    0.00   clock clk' (fall edge)
   0.00    0.00   clock network delay (ideal)
   0.00    0.00   clock reconvergence pessimism
           0.00 v _10868_/CLK (DFFLQNx2_ASAP7_75t_R)
  14.81   14.81   library hold time
          14.81   data required time
---------------------------------------------------------
          14.81   data required time
        -136.13   data arrival time
---------------------------------------------------------
         121.33   slack (MET)


Startpoint: _10913_ (falling edge-triggered flip-flop clocked by clk')
Endpoint: _10913_ (falling edge-triggered flip-flop clocked by clk')
Path Group: clk
Path Type: min

  Delay    Time   Description
---------------------------------------------------------
   0.00    0.00   clock clk' (fall edge)
   0.00    0.00   clock network delay (ideal)
   0.00    0.00 v _10913_/CLK (DFFLQNx2_ASAP7_75t_R)
  89.53   89.53 v _10913_/QN (DFFLQNx2_ASAP7_75t_R)
  19.74  109.27 ^ _06726_/Y (INVx2_ASAP7_75t_R)
  26.86  136.13 ^ _08488_/Y (AO21x1_ASAP7_75t_R)
   0.00  136.13 ^ _10913_/D (DFFLQNx2_ASAP7_75t_R)
         136.13   data arrival time

   0.00    0.00   clock clk' (fall edge)
   0.00    0.00   clock network delay (ideal)
   0.00    0.00   clock reconvergence pessimism
           0.00 v _10913_/CLK (DFFLQNx2_ASAP7_75t_R)
  14.80   14.80   library hold time
          14.80   data required time
---------------------------------------------------------
          14.80   data required time
        -136.13   data arrival time
---------------------------------------------------------
         121.33   slack (MET)


Startpoint: _10915_ (falling edge-triggered flip-flop clocked by clk')
Endpoint: _10915_ (falling edge-triggered flip-flop clocked by clk')
Path Group: clk
Path Type: min

  Delay    Time   Description
---------------------------------------------------------
   0.00    0.00   clock clk' (fall edge)
   0.00    0.00   clock network delay (ideal)
   0.00    0.00 v _10915_/CLK (DFFLQNx2_ASAP7_75t_R)
  89.53   89.53 v _10915_/QN (DFFLQNx2_ASAP7_75t_R)
  19.74  109.27 ^ _06847_/Y (INVx2_ASAP7_75t_R)
  26.86  136.13 ^ _08492_/Y (AO21x1_ASAP7_75t_R)
   0.00  136.13 ^ _10915_/D (DFFLQNx2_ASAP7_75t_R)
         136.13   data arrival time

   0.00    0.00   clock clk' (fall edge)
   0.00    0.00   clock network delay (ideal)
   0.00    0.00   clock reconvergence pessimism
           0.00 v _10915_/CLK (DFFLQNx2_ASAP7_75t_R)
  14.80   14.80   library hold time
          14.80   data required time
---------------------------------------------------------
          14.80   data required time
        -136.13   data arrival time
---------------------------------------------------------
         121.33   slack (MET)


Startpoint: _10661_ (falling edge-triggered flip-flop clocked by clk')
Endpoint: _10661_ (falling edge-triggered flip-flop clocked by clk')
Path Group: clk
Path Type: min

  Delay    Time   Description
---------------------------------------------------------
   0.00    0.00   clock clk' (fall edge)
   0.00    0.00   clock network delay (ideal)
   0.00    0.00 v _10661_/CLK (DFFLQNx2_ASAP7_75t_R)
  89.13   89.13 v _10661_/QN (DFFLQNx2_ASAP7_75t_R)
  36.26  125.39 v _08878_/Y (AO21x1_ASAP7_75t_R)
  11.70  137.10 ^ _08879_/Y (AOI21x1_ASAP7_75t_R)
   0.00  137.10 ^ _10661_/D (DFFLQNx2_ASAP7_75t_R)
         137.10   data arrival time

   0.00    0.00   clock clk' (fall edge)
   0.00    0.00   clock network delay (ideal)
   0.00    0.00   clock reconvergence pessimism
           0.00 v _10661_/CLK (DFFLQNx2_ASAP7_75t_R)
  14.48   14.48   library hold time
          14.48   data required time
---------------------------------------------------------
          14.48   data required time
        -137.10   data arrival time
---------------------------------------------------------
         122.61   slack (MET)


Startpoint: _10662_ (falling edge-triggered flip-flop clocked by clk')
Endpoint: _10662_ (falling edge-triggered flip-flop clocked by clk')
Path Group: clk
Path Type: min

  Delay    Time   Description
---------------------------------------------------------
   0.00    0.00   clock clk' (fall edge)
   0.00    0.00   clock network delay (ideal)
   0.00    0.00 v _10662_/CLK (DFFLQNx2_ASAP7_75t_R)
  89.13   89.13 v _10662_/QN (DFFLQNx2_ASAP7_75t_R)
  36.26  125.39 v _08910_/Y (AO21x1_ASAP7_75t_R)
  11.70  137.10 ^ _08911_/Y (AOI21x1_ASAP7_75t_R)
   0.00  137.10 ^ _10662_/D (DFFLQNx2_ASAP7_75t_R)
         137.10   data arrival time

   0.00    0.00   clock clk' (fall edge)
   0.00    0.00   clock network delay (ideal)
   0.00    0.00   clock reconvergence pessimism
           0.00 v _10662_/CLK (DFFLQNx2_ASAP7_75t_R)
  14.48   14.48   library hold time
          14.48   data required time
---------------------------------------------------------
          14.48   data required time
        -137.10   data arrival time
---------------------------------------------------------
         122.61   slack (MET)


Startpoint: _10663_ (falling edge-triggered flip-flop clocked by clk')
Endpoint: _10663_ (falling edge-triggered flip-flop clocked by clk')
Path Group: clk
Path Type: min

  Delay    Time   Description
---------------------------------------------------------
   0.00    0.00   clock clk' (fall edge)
   0.00    0.00   clock network delay (ideal)
   0.00    0.00 v _10663_/CLK (DFFLQNx2_ASAP7_75t_R)
  89.13   89.13 v _10663_/QN (DFFLQNx2_ASAP7_75t_R)
  36.26  125.39 v _08935_/Y (AO21x1_ASAP7_75t_R)
  11.70  137.10 ^ _08936_/Y (AOI21x1_ASAP7_75t_R)
   0.00  137.10 ^ _10663_/D (DFFLQNx2_ASAP7_75t_R)
         137.10   data arrival time

   0.00    0.00   clock clk' (fall edge)
   0.00    0.00   clock network delay (ideal)
   0.00    0.00   clock reconvergence pessimism
           0.00 v _10663_/CLK (DFFLQNx2_ASAP7_75t_R)
  14.48   14.48   library hold time
          14.48   data required time
---------------------------------------------------------
          14.48   data required time
        -137.10   data arrival time
---------------------------------------------------------
         122.61   slack (MET)


Startpoint: _10664_ (falling edge-triggered flip-flop clocked by clk')
Endpoint: _10664_ (falling edge-triggered flip-flop clocked by clk')
Path Group: clk
Path Type: min

  Delay    Time   Description
---------------------------------------------------------
   0.00    0.00   clock clk' (fall edge)
   0.00    0.00   clock network delay (ideal)
   0.00    0.00 v _10664_/CLK (DFFLQNx2_ASAP7_75t_R)
  89.13   89.13 v _10664_/QN (DFFLQNx2_ASAP7_75t_R)
  36.26  125.39 v _08958_/Y (AO21x1_ASAP7_75t_R)
  11.70  137.10 ^ _08959_/Y (AOI21x1_ASAP7_75t_R)
   0.00  137.10 ^ _10664_/D (DFFLQNx2_ASAP7_75t_R)
         137.10   data arrival time

   0.00    0.00   clock clk' (fall edge)
   0.00    0.00   clock network delay (ideal)
   0.00    0.00   clock reconvergence pessimism
           0.00 v _10664_/CLK (DFFLQNx2_ASAP7_75t_R)
  14.48   14.48   library hold time
          14.48   data required time
---------------------------------------------------------
          14.48   data required time
        -137.10   data arrival time
---------------------------------------------------------
         122.61   slack (MET)


Startpoint: _10665_ (falling edge-triggered flip-flop clocked by clk')
Endpoint: _10665_ (falling edge-triggered flip-flop clocked by clk')
Path Group: clk
Path Type: min

  Delay    Time   Description
---------------------------------------------------------
   0.00    0.00   clock clk' (fall edge)
   0.00    0.00   clock network delay (ideal)
   0.00    0.00 v _10665_/CLK (DFFLQNx2_ASAP7_75t_R)
  89.13   89.13 v _10665_/QN (DFFLQNx2_ASAP7_75t_R)
  36.26  125.39 v _08983_/Y (AO21x1_ASAP7_75t_R)
  11.70  137.10 ^ _08984_/Y (AOI21x1_ASAP7_75t_R)
   0.00  137.10 ^ _10665_/D (DFFLQNx2_ASAP7_75t_R)
         137.10   data arrival time

   0.00    0.00   clock clk' (fall edge)
   0.00    0.00   clock network delay (ideal)
   0.00    0.00   clock reconvergence pessimism
           0.00 v _10665_/CLK (DFFLQNx2_ASAP7_75t_R)
  14.48   14.48   library hold time
          14.48   data required time
---------------------------------------------------------
          14.48   data required time
        -137.10   data arrival time
---------------------------------------------------------
         122.61   slack (MET)


Startpoint: _10666_ (falling edge-triggered flip-flop clocked by clk')
Endpoint: _10666_ (falling edge-triggered flip-flop clocked by clk')
Path Group: clk
Path Type: min

  Delay    Time   Description
---------------------------------------------------------
   0.00    0.00   clock clk' (fall edge)
   0.00    0.00   clock network delay (ideal)
   0.00    0.00 v _10666_/CLK (DFFLQNx2_ASAP7_75t_R)
  89.13   89.13 v _10666_/QN (DFFLQNx2_ASAP7_75t_R)
  36.26  125.39 v _09008_/Y (AO21x1_ASAP7_75t_R)
  11.70  137.10 ^ _09009_/Y (AOI21x1_ASAP7_75t_R)
   0.00  137.10 ^ _10666_/D (DFFLQNx2_ASAP7_75t_R)
         137.10   data arrival time

   0.00    0.00   clock clk' (fall edge)
   0.00    0.00   clock network delay (ideal)
   0.00    0.00   clock reconvergence pessimism
           0.00 v _10666_/CLK (DFFLQNx2_ASAP7_75t_R)
  14.48   14.48   library hold time
          14.48   data required time
---------------------------------------------------------
          14.48   data required time
        -137.10   data arrival time
---------------------------------------------------------
         122.61   slack (MET)


Startpoint: _10667_ (falling edge-triggered flip-flop clocked by clk')
Endpoint: _10667_ (falling edge-triggered flip-flop clocked by clk')
Path Group: clk
Path Type: min

  Delay    Time   Description
---------------------------------------------------------
   0.00    0.00   clock clk' (fall edge)
   0.00    0.00   clock network delay (ideal)
   0.00    0.00 v _10667_/CLK (DFFLQNx2_ASAP7_75t_R)
  89.13   89.13 v _10667_/QN (DFFLQNx2_ASAP7_75t_R)
  36.26  125.39 v _09032_/Y (AO21x1_ASAP7_75t_R)
  11.70  137.10 ^ _09033_/Y (AOI21x1_ASAP7_75t_R)
   0.00  137.10 ^ _10667_/D (DFFLQNx2_ASAP7_75t_R)
         137.10   data arrival time

   0.00    0.00   clock clk' (fall edge)
   0.00    0.00   clock network delay (ideal)
   0.00    0.00   clock reconvergence pessimism
           0.00 v _10667_/CLK (DFFLQNx2_ASAP7_75t_R)
  14.48   14.48   library hold time
          14.48   data required time
---------------------------------------------------------
          14.48   data required time
        -137.10   data arrival time
---------------------------------------------------------
         122.61   slack (MET)


Startpoint: _10668_ (falling edge-triggered flip-flop clocked by clk')
Endpoint: _10668_ (falling edge-triggered flip-flop clocked by clk')
Path Group: clk
Path Type: min

  Delay    Time   Description
---------------------------------------------------------
   0.00    0.00   clock clk' (fall edge)
   0.00    0.00   clock network delay (ideal)
   0.00    0.00 v _10668_/CLK (DFFLQNx2_ASAP7_75t_R)
  89.13   89.13 v _10668_/QN (DFFLQNx2_ASAP7_75t_R)
  36.26  125.39 v _09056_/Y (AO21x1_ASAP7_75t_R)
  11.70  137.10 ^ _09057_/Y (AOI21x1_ASAP7_75t_R)
   0.00  137.10 ^ _10668_/D (DFFLQNx2_ASAP7_75t_R)
         137.10   data arrival time

   0.00    0.00   clock clk' (fall edge)
   0.00    0.00   clock network delay (ideal)
   0.00    0.00   clock reconvergence pessimism
           0.00 v _10668_/CLK (DFFLQNx2_ASAP7_75t_R)
  14.48   14.48   library hold time
          14.48   data required time
---------------------------------------------------------
          14.48   data required time
        -137.10   data arrival time
---------------------------------------------------------
         122.61   slack (MET)


Startpoint: _10669_ (falling edge-triggered flip-flop clocked by clk')
Endpoint: _10669_ (falling edge-triggered flip-flop clocked by clk')
Path Group: clk
Path Type: min

  Delay    Time   Description
---------------------------------------------------------
   0.00    0.00   clock clk' (fall edge)
   0.00    0.00   clock network delay (ideal)
   0.00    0.00 v _10669_/CLK (DFFLQNx2_ASAP7_75t_R)
  89.13   89.13 v _10669_/QN (DFFLQNx2_ASAP7_75t_R)
  36.26  125.39 v _09081_/Y (AO21x1_ASAP7_75t_R)
  11.70  137.10 ^ _09082_/Y (AOI21x1_ASAP7_75t_R)
   0.00  137.10 ^ _10669_/D (DFFLQNx2_ASAP7_75t_R)
         137.10   data arrival time

   0.00    0.00   clock clk' (fall edge)
   0.00    0.00   clock network delay (ideal)
   0.00    0.00   clock reconvergence pessimism
           0.00 v _10669_/CLK (DFFLQNx2_ASAP7_75t_R)
  14.48   14.48   library hold time
          14.48   data required time
---------------------------------------------------------
          14.48   data required time
        -137.10   data arrival time
---------------------------------------------------------
         122.61   slack (MET)


Startpoint: _10670_ (falling edge-triggered flip-flop clocked by clk')
Endpoint: _10670_ (falling edge-triggered flip-flop clocked by clk')
Path Group: clk
Path Type: min

  Delay    Time   Description
---------------------------------------------------------
   0.00    0.00   clock clk' (fall edge)
   0.00    0.00   clock network delay (ideal)
   0.00    0.00 v _10670_/CLK (DFFLQNx2_ASAP7_75t_R)
  89.13   89.13 v _10670_/QN (DFFLQNx2_ASAP7_75t_R)
  36.26  125.39 v _09107_/Y (AO21x1_ASAP7_75t_R)
  11.70  137.10 ^ _09108_/Y (AOI21x1_ASAP7_75t_R)
   0.00  137.10 ^ _10670_/D (DFFLQNx2_ASAP7_75t_R)
         137.10   data arrival time

   0.00    0.00   clock clk' (fall edge)
   0.00    0.00   clock network delay (ideal)
   0.00    0.00   clock reconvergence pessimism
           0.00 v _10670_/CLK (DFFLQNx2_ASAP7_75t_R)
  14.48   14.48   library hold time
          14.48   data required time
---------------------------------------------------------
          14.48   data required time
        -137.10   data arrival time
---------------------------------------------------------
         122.61   slack (MET)


Startpoint: _10671_ (falling edge-triggered flip-flop clocked by clk')
Endpoint: _10671_ (falling edge-triggered flip-flop clocked by clk')
Path Group: clk
Path Type: min

  Delay    Time   Description
---------------------------------------------------------
   0.00    0.00   clock clk' (fall edge)
   0.00    0.00   clock network delay (ideal)
   0.00    0.00 v _10671_/CLK (DFFLQNx2_ASAP7_75t_R)
  89.13   89.13 v _10671_/QN (DFFLQNx2_ASAP7_75t_R)
  36.26  125.39 v _09131_/Y (AO21x1_ASAP7_75t_R)
  11.70  137.10 ^ _09132_/Y (AOI21x1_ASAP7_75t_R)
   0.00  137.10 ^ _10671_/D (DFFLQNx2_ASAP7_75t_R)
         137.10   data arrival time

   0.00    0.00   clock clk' (fall edge)
   0.00    0.00   clock network delay (ideal)
   0.00    0.00   clock reconvergence pessimism
           0.00 v _10671_/CLK (DFFLQNx2_ASAP7_75t_R)
  14.48   14.48   library hold time
          14.48   data required time
---------------------------------------------------------
          14.48   data required time
        -137.10   data arrival time
---------------------------------------------------------
         122.61   slack (MET)


Startpoint: _10672_ (falling edge-triggered flip-flop clocked by clk')
Endpoint: _10672_ (falling edge-triggered flip-flop clocked by clk')
Path Group: clk
Path Type: min

  Delay    Time   Description
---------------------------------------------------------
   0.00    0.00   clock clk' (fall edge)
   0.00    0.00   clock network delay (ideal)
   0.00    0.00 v _10672_/CLK (DFFLQNx2_ASAP7_75t_R)
  89.13   89.13 v _10672_/QN (DFFLQNx2_ASAP7_75t_R)
  36.26  125.39 v _09156_/Y (AO21x1_ASAP7_75t_R)
  11.70  137.10 ^ _09157_/Y (AOI21x1_ASAP7_75t_R)
   0.00  137.10 ^ _10672_/D (DFFLQNx2_ASAP7_75t_R)
         137.10   data arrival time

   0.00    0.00   clock clk' (fall edge)
   0.00    0.00   clock network delay (ideal)
   0.00    0.00   clock reconvergence pessimism
           0.00 v _10672_/CLK (DFFLQNx2_ASAP7_75t_R)
  14.48   14.48   library hold time
          14.48   data required time
---------------------------------------------------------
          14.48   data required time
        -137.10   data arrival time
---------------------------------------------------------
         122.61   slack (MET)


Startpoint: _10673_ (falling edge-triggered flip-flop clocked by clk')
Endpoint: _10673_ (falling edge-triggered flip-flop clocked by clk')
Path Group: clk
Path Type: min

  Delay    Time   Description
---------------------------------------------------------
   0.00    0.00   clock clk' (fall edge)
   0.00    0.00   clock network delay (ideal)
   0.00    0.00 v _10673_/CLK (DFFLQNx2_ASAP7_75t_R)
  89.13   89.13 v _10673_/QN (DFFLQNx2_ASAP7_75t_R)
  36.26  125.39 v _09182_/Y (AO21x1_ASAP7_75t_R)
  11.70  137.10 ^ _09183_/Y (AOI21x1_ASAP7_75t_R)
   0.00  137.10 ^ _10673_/D (DFFLQNx2_ASAP7_75t_R)
         137.10   data arrival time

   0.00    0.00   clock clk' (fall edge)
   0.00    0.00   clock network delay (ideal)
   0.00    0.00   clock reconvergence pessimism
           0.00 v _10673_/CLK (DFFLQNx2_ASAP7_75t_R)
  14.48   14.48   library hold time
          14.48   data required time
---------------------------------------------------------
          14.48   data required time
        -137.10   data arrival time
---------------------------------------------------------
         122.61   slack (MET)


Startpoint: _10674_ (falling edge-triggered flip-flop clocked by clk')
Endpoint: _10674_ (falling edge-triggered flip-flop clocked by clk')
Path Group: clk
Path Type: min

  Delay    Time   Description
---------------------------------------------------------
   0.00    0.00   clock clk' (fall edge)
   0.00    0.00   clock network delay (ideal)
   0.00    0.00 v _10674_/CLK (DFFLQNx2_ASAP7_75t_R)
  89.13   89.13 v _10674_/QN (DFFLQNx2_ASAP7_75t_R)
  36.26  125.39 v _09210_/Y (AO21x1_ASAP7_75t_R)
  11.70  137.10 ^ _09211_/Y (AOI21x1_ASAP7_75t_R)
   0.00  137.10 ^ _10674_/D (DFFLQNx2_ASAP7_75t_R)
         137.10   data arrival time

   0.00    0.00   clock clk' (fall edge)
   0.00    0.00   clock network delay (ideal)
   0.00    0.00   clock reconvergence pessimism
           0.00 v _10674_/CLK (DFFLQNx2_ASAP7_75t_R)
  14.48   14.48   library hold time
          14.48   data required time
---------------------------------------------------------
          14.48   data required time
        -137.10   data arrival time
---------------------------------------------------------
         122.61   slack (MET)


Startpoint: _10675_ (falling edge-triggered flip-flop clocked by clk')
Endpoint: _10675_ (falling edge-triggered flip-flop clocked by clk')
Path Group: clk
Path Type: min

  Delay    Time   Description
---------------------------------------------------------
   0.00    0.00   clock clk' (fall edge)
   0.00    0.00   clock network delay (ideal)
   0.00    0.00 v _10675_/CLK (DFFLQNx2_ASAP7_75t_R)
  89.13   89.13 v _10675_/QN (DFFLQNx2_ASAP7_75t_R)
  36.26  125.39 v _09233_/Y (AO21x1_ASAP7_75t_R)
  11.70  137.10 ^ _09234_/Y (AOI21x1_ASAP7_75t_R)
   0.00  137.10 ^ _10675_/D (DFFLQNx2_ASAP7_75t_R)
         137.10   data arrival time

   0.00    0.00   clock clk' (fall edge)
   0.00    0.00   clock network delay (ideal)
   0.00    0.00   clock reconvergence pessimism
           0.00 v _10675_/CLK (DFFLQNx2_ASAP7_75t_R)
  14.48   14.48   library hold time
          14.48   data required time
---------------------------------------------------------
          14.48   data required time
        -137.10   data arrival time
---------------------------------------------------------
         122.61   slack (MET)


Startpoint: _10676_ (falling edge-triggered flip-flop clocked by clk')
Endpoint: _10676_ (falling edge-triggered flip-flop clocked by clk')
Path Group: clk
Path Type: min

  Delay    Time   Description
---------------------------------------------------------
   0.00    0.00   clock clk' (fall edge)
   0.00    0.00   clock network delay (ideal)
   0.00    0.00 v _10676_/CLK (DFFLQNx2_ASAP7_75t_R)
  89.13   89.13 v _10676_/QN (DFFLQNx2_ASAP7_75t_R)
  36.26  125.39 v _09271_/Y (AO21x1_ASAP7_75t_R)
  11.70  137.10 ^ _09272_/Y (AOI21x1_ASAP7_75t_R)
   0.00  137.10 ^ _10676_/D (DFFLQNx2_ASAP7_75t_R)
         137.10   data arrival time

   0.00    0.00   clock clk' (fall edge)
   0.00    0.00   clock network delay (ideal)
   0.00    0.00   clock reconvergence pessimism
           0.00 v _10676_/CLK (DFFLQNx2_ASAP7_75t_R)
  14.48   14.48   library hold time
          14.48   data required time
---------------------------------------------------------
          14.48   data required time
        -137.10   data arrival time
---------------------------------------------------------
         122.61   slack (MET)


Startpoint: _10897_ (falling edge-triggered flip-flop clocked by clk')
Endpoint: _10897_ (falling edge-triggered flip-flop clocked by clk')
Path Group: clk
Path Type: min

  Delay    Time   Description
---------------------------------------------------------
   0.00    0.00   clock clk' (fall edge)
   0.00    0.00   clock network delay (ideal)
   0.00    0.00 v _10897_/CLK (DFFLQNx2_ASAP7_75t_R)
  91.65   91.65 v _10897_/QN (DFFLQNx2_ASAP7_75t_R)
  20.15  111.80 ^ _07046_/Y (INVx1_ASAP7_75t_R)
  26.96  138.76 ^ _08450_/Y (AO21x1_ASAP7_75t_R)
   0.00  138.76 ^ _10897_/D (DFFLQNx2_ASAP7_75t_R)
         138.76   data arrival time

   0.00    0.00   clock clk' (fall edge)
   0.00    0.00   clock network delay (ideal)
   0.00    0.00   clock reconvergence pessimism
           0.00 v _10897_/CLK (DFFLQNx2_ASAP7_75t_R)
  14.81   14.81   library hold time
          14.81   data required time
---------------------------------------------------------
          14.81   data required time
        -138.76   data arrival time
---------------------------------------------------------
         123.96   slack (MET)


Startpoint: _10899_ (falling edge-triggered flip-flop clocked by clk')
Endpoint: _10899_ (falling edge-triggered flip-flop clocked by clk')
Path Group: clk
Path Type: min

  Delay    Time   Description
---------------------------------------------------------
   0.00    0.00   clock clk' (fall edge)
   0.00    0.00   clock network delay (ideal)
   0.00    0.00 v _10899_/CLK (DFFLQNx2_ASAP7_75t_R)
  91.65   91.65 v _10899_/QN (DFFLQNx2_ASAP7_75t_R)
  20.15  111.80 ^ _07060_/Y (INVx1_ASAP7_75t_R)
  26.96  138.76 ^ _08454_/Y (AO21x1_ASAP7_75t_R)
   0.00  138.76 ^ _10899_/D (DFFLQNx2_ASAP7_75t_R)
         138.76   data arrival time

   0.00    0.00   clock clk' (fall edge)
   0.00    0.00   clock network delay (ideal)
   0.00    0.00   clock reconvergence pessimism
           0.00 v _10899_/CLK (DFFLQNx2_ASAP7_75t_R)
  14.81   14.81   library hold time
          14.81   data required time
---------------------------------------------------------
          14.81   data required time
        -138.76   data arrival time
---------------------------------------------------------
         123.96   slack (MET)


Startpoint: _10609_ (falling edge-triggered flip-flop clocked by clk')
Endpoint: _10609_ (falling edge-triggered flip-flop clocked by clk')
Path Group: clk
Path Type: min

  Delay    Time   Description
---------------------------------------------------------
   0.00    0.00   clock clk' (fall edge)
   0.00    0.00   clock network delay (ideal)
   0.00    0.00 v _10609_/CLK (DFFLQNx2_ASAP7_75t_R)
  92.01   92.01 v _10609_/QN (DFFLQNx2_ASAP7_75t_R)
  17.98  109.99 ^ _08725_/Y (INVx3_ASAP7_75t_R)
  14.16  124.15 v _08735_/Y (NAND2x1_ASAP7_75t_R)
  14.55  138.70 ^ _08742_/Y (AOI21x1_ASAP7_75t_R)
   0.00  138.70 ^ _10609_/D (DFFLQNx2_ASAP7_75t_R)
         138.70   data arrival time

   0.00    0.00   clock clk' (fall edge)
   0.00    0.00   clock network delay (ideal)
   0.00    0.00   clock reconvergence pessimism
           0.00 v _10609_/CLK (DFFLQNx2_ASAP7_75t_R)
  14.60   14.60   library hold time
          14.60   data required time
---------------------------------------------------------
          14.60   data required time
        -138.70   data arrival time
---------------------------------------------------------
         124.10   slack (MET)


Startpoint: _10931_ (falling edge-triggered flip-flop clocked by clk')
Endpoint: _10931_ (falling edge-triggered flip-flop clocked by clk')
Path Group: clk
Path Type: min

  Delay    Time   Description
---------------------------------------------------------
   0.00    0.00   clock clk' (fall edge)
   0.00    0.00   clock network delay (ideal)
   0.00    0.00 v _10931_/CLK (DFFLQNx2_ASAP7_75t_R)
  92.19   92.19 v _10931_/QN (DFFLQNx2_ASAP7_75t_R)
  19.98  112.17 ^ _07391_/Y (INVx1_ASAP7_75t_R)
  26.91  139.08 ^ _08529_/Y (AO21x1_ASAP7_75t_R)
   0.00  139.08 ^ _10931_/D (DFFLQNx2_ASAP7_75t_R)
         139.08   data arrival time

   0.00    0.00   clock clk' (fall edge)
   0.00    0.00   clock network delay (ideal)
   0.00    0.00   clock reconvergence pessimism
           0.00 v _10931_/CLK (DFFLQNx2_ASAP7_75t_R)
  14.80   14.80   library hold time
          14.80   data required time
---------------------------------------------------------
          14.80   data required time
        -139.08   data arrival time
---------------------------------------------------------
         124.27   slack (MET)


Startpoint: _10635_ (falling edge-triggered flip-flop clocked by clk')
Endpoint: _10635_ (falling edge-triggered flip-flop clocked by clk')
Path Group: clk
Path Type: min

  Delay    Time   Description
---------------------------------------------------------
   0.00    0.00   clock clk' (fall edge)
   0.00    0.00   clock network delay (ideal)
   0.00    0.00 v _10635_/CLK (DFFLQNx2_ASAP7_75t_R)
  97.24   97.24 v _10635_/QN (DFFLQNx2_ASAP7_75t_R)
  20.12  117.36 ^ _07646_/Y (NOR2x1_ASAP7_75t_R)
  21.85  139.21 ^ _07647_/Y (AO21x1_ASAP7_75t_R)
   0.00  139.21 ^ _10635_/D (DFFLQNx2_ASAP7_75t_R)
         139.21   data arrival time

   0.00    0.00   clock clk' (fall edge)
   0.00    0.00   clock network delay (ideal)
   0.00    0.00   clock reconvergence pessimism
           0.00 v _10635_/CLK (DFFLQNx2_ASAP7_75t_R)
  14.79   14.79   library hold time
          14.79   data required time
---------------------------------------------------------
          14.79   data required time
        -139.21   data arrival time
---------------------------------------------------------
         124.42   slack (MET)


Startpoint: _10884_ (falling edge-triggered flip-flop clocked by clk')
Endpoint: _10884_ (falling edge-triggered flip-flop clocked by clk')
Path Group: clk
Path Type: min

  Delay    Time   Description
---------------------------------------------------------
   0.00    0.00   clock clk' (fall edge)
   0.00    0.00   clock network delay (ideal)
   0.00    0.00 v _10884_/CLK (DFFLQNx2_ASAP7_75t_R)
  89.51   89.51 v _10884_/QN (DFFLQNx2_ASAP7_75t_R)
  22.24  111.74 ^ _07053_/Y (INVx1_ASAP7_75t_R)
  27.59  139.34 ^ _08397_/Y (AO21x1_ASAP7_75t_R)
   0.00  139.34 ^ _10884_/D (DFFLQNx2_ASAP7_75t_R)
         139.34   data arrival time

   0.00    0.00   clock clk' (fall edge)
   0.00    0.00   clock network delay (ideal)
   0.00    0.00   clock reconvergence pessimism
           0.00 v _10884_/CLK (DFFLQNx2_ASAP7_75t_R)
  14.81   14.81   library hold time
          14.81   data required time
---------------------------------------------------------
          14.81   data required time
        -139.34   data arrival time
---------------------------------------------------------
         124.53   slack (MET)


Startpoint: _10886_ (falling edge-triggered flip-flop clocked by clk')
Endpoint: _10886_ (falling edge-triggered flip-flop clocked by clk')
Path Group: clk
Path Type: min

  Delay    Time   Description
---------------------------------------------------------
   0.00    0.00   clock clk' (fall edge)
   0.00    0.00   clock network delay (ideal)
   0.00    0.00 v _10886_/CLK (DFFLQNx2_ASAP7_75t_R)
  89.51   89.51 v _10886_/QN (DFFLQNx2_ASAP7_75t_R)
  22.24  111.74 ^ _07065_/Y (INVx1_ASAP7_75t_R)
  27.59  139.34 ^ _08401_/Y (AO21x1_ASAP7_75t_R)
   0.00  139.34 ^ _10886_/D (DFFLQNx2_ASAP7_75t_R)
         139.34   data arrival time

   0.00    0.00   clock clk' (fall edge)
   0.00    0.00   clock network delay (ideal)
   0.00    0.00   clock reconvergence pessimism
           0.00 v _10886_/CLK (DFFLQNx2_ASAP7_75t_R)
  14.81   14.81   library hold time
          14.81   data required time
---------------------------------------------------------
          14.81   data required time
        -139.34   data arrival time
---------------------------------------------------------
         124.53   slack (MET)


Startpoint: _10594_ (falling edge-triggered flip-flop clocked by clk')
Endpoint: _10593_ (falling edge-triggered flip-flop clocked by clk')
Path Group: clk
Path Type: min

  Delay    Time   Description
---------------------------------------------------------
   0.00    0.00   clock clk' (fall edge)
   0.00    0.00   clock network delay (ideal)
   0.00    0.00 v _10594_/CLK (DFFLQNx2_ASAP7_75t_R)
  80.03   80.03 ^ _10594_/QN (DFFLQNx2_ASAP7_75t_R)
  36.31  116.34 ^ _08596_/Y (OA211x2_ASAP7_75t_R)
  25.05  141.39 ^ _08600_/Y (AO21x1_ASAP7_75t_R)
   0.00  141.39 ^ _10593_/D (DFFLQNx3_ASAP7_75t_R)
         141.39   data arrival time

   0.00    0.00   clock clk' (fall edge)
   0.00    0.00   clock network delay (ideal)
   0.00    0.00   clock reconvergence pessimism
           0.00 v _10593_/CLK (DFFLQNx3_ASAP7_75t_R)
  16.74   16.74   library hold time
          16.74   data required time
---------------------------------------------------------
          16.74   data required time
        -141.39   data arrival time
---------------------------------------------------------
         124.65   slack (MET)


Startpoint: _10836_ (falling edge-triggered flip-flop clocked by clk')
Endpoint: _10836_ (falling edge-triggered flip-flop clocked by clk')
Path Group: clk
Path Type: min

  Delay    Time   Description
---------------------------------------------------------
   0.00    0.00   clock clk' (fall edge)
   0.00    0.00   clock network delay (ideal)
   0.00    0.00 v _10836_/CLK (DFFLQNx2_ASAP7_75t_R)
  92.19   92.19 v _10836_/QN (DFFLQNx2_ASAP7_75t_R)
  20.30  112.49 ^ _06497_/Y (INVx1_ASAP7_75t_R)
  27.00  139.48 ^ _08280_/Y (AO21x1_ASAP7_75t_R)
   0.00  139.48 ^ _10836_/D (DFFLQNx2_ASAP7_75t_R)
         139.48   data arrival time

   0.00    0.00   clock clk' (fall edge)
   0.00    0.00   clock network delay (ideal)
   0.00    0.00   clock reconvergence pessimism
           0.00 v _10836_/CLK (DFFLQNx2_ASAP7_75t_R)
  14.81   14.81   library hold time
          14.81   data required time
---------------------------------------------------------
          14.81   data required time
        -139.48   data arrival time
---------------------------------------------------------
         124.68   slack (MET)


Startpoint: _10837_ (falling edge-triggered flip-flop clocked by clk')
Endpoint: _10837_ (falling edge-triggered flip-flop clocked by clk')
Path Group: clk
Path Type: min

  Delay    Time   Description
---------------------------------------------------------
   0.00    0.00   clock clk' (fall edge)
   0.00    0.00   clock network delay (ideal)
   0.00    0.00 v _10837_/CLK (DFFLQNx2_ASAP7_75t_R)
  92.19   92.19 v _10837_/QN (DFFLQNx2_ASAP7_75t_R)
  20.30  112.49 ^ _06518_/Y (INVx1_ASAP7_75t_R)
  27.00  139.48 ^ _08282_/Y (AO21x1_ASAP7_75t_R)
   0.00  139.48 ^ _10837_/D (DFFLQNx2_ASAP7_75t_R)
         139.48   data arrival time

   0.00    0.00   clock clk' (fall edge)
   0.00    0.00   clock network delay (ideal)
   0.00    0.00   clock reconvergence pessimism
           0.00 v _10837_/CLK (DFFLQNx2_ASAP7_75t_R)
  14.81   14.81   library hold time
          14.81   data required time
---------------------------------------------------------
          14.81   data required time
        -139.48   data arrival time
---------------------------------------------------------
         124.68   slack (MET)


Startpoint: _10883_ (falling edge-triggered flip-flop clocked by clk')
Endpoint: _10883_ (falling edge-triggered flip-flop clocked by clk')
Path Group: clk
Path Type: min

  Delay    Time   Description
---------------------------------------------------------
   0.00    0.00   clock clk' (fall edge)
   0.00    0.00   clock network delay (ideal)
   0.00    0.00 v _10883_/CLK (DFFLQNx2_ASAP7_75t_R)
  92.19   92.19 v _10883_/QN (DFFLQNx2_ASAP7_75t_R)
  20.30  112.49 ^ _07035_/Y (INVx1_ASAP7_75t_R)
  27.00  139.48 ^ _08395_/Y (AO21x1_ASAP7_75t_R)
   0.00  139.48 ^ _10883_/D (DFFLQNx2_ASAP7_75t_R)
         139.48   data arrival time

   0.00    0.00   clock clk' (fall edge)
   0.00    0.00   clock network delay (ideal)
   0.00    0.00   clock reconvergence pessimism
           0.00 v _10883_/CLK (DFFLQNx2_ASAP7_75t_R)
  14.81   14.81   library hold time
          14.81   data required time
---------------------------------------------------------
          14.81   data required time
        -139.48   data arrival time
---------------------------------------------------------
         124.68   slack (MET)


Startpoint: _10887_ (falling edge-triggered flip-flop clocked by clk')
Endpoint: _10887_ (falling edge-triggered flip-flop clocked by clk')
Path Group: clk
Path Type: min

  Delay    Time   Description
---------------------------------------------------------
   0.00    0.00   clock clk' (fall edge)
   0.00    0.00   clock network delay (ideal)
   0.00    0.00 v _10887_/CLK (DFFLQNx2_ASAP7_75t_R)
  92.19   92.19 v _10887_/QN (DFFLQNx2_ASAP7_75t_R)
  20.30  112.49 ^ _07082_/Y (INVx1_ASAP7_75t_R)
  27.00  139.48 ^ _08403_/Y (AO21x1_ASAP7_75t_R)
   0.00  139.48 ^ _10887_/D (DFFLQNx2_ASAP7_75t_R)
         139.48   data arrival time

   0.00    0.00   clock clk' (fall edge)
   0.00    0.00   clock network delay (ideal)
   0.00    0.00   clock reconvergence pessimism
           0.00 v _10887_/CLK (DFFLQNx2_ASAP7_75t_R)
  14.81   14.81   library hold time
          14.81   data required time
---------------------------------------------------------
          14.81   data required time
        -139.48   data arrival time
---------------------------------------------------------
         124.68   slack (MET)


Startpoint: _10929_ (falling edge-triggered flip-flop clocked by clk')
Endpoint: _10929_ (falling edge-triggered flip-flop clocked by clk')
Path Group: clk
Path Type: min

  Delay    Time   Description
---------------------------------------------------------
   0.00    0.00   clock clk' (fall edge)
   0.00    0.00   clock network delay (ideal)
   0.00    0.00 v _10929_/CLK (DFFLQNx2_ASAP7_75t_R)
  89.51   89.51 v _10929_/QN (DFFLQNx2_ASAP7_75t_R)
  22.70  112.21 ^ _07050_/Y (INVx1_ASAP7_75t_R)
  27.73  139.93 ^ _08525_/Y (AO21x1_ASAP7_75t_R)
   0.00  139.93 ^ _10929_/D (DFFLQNx2_ASAP7_75t_R)
         139.93   data arrival time

   0.00    0.00   clock clk' (fall edge)
   0.00    0.00   clock network delay (ideal)
   0.00    0.00   clock reconvergence pessimism
           0.00 v _10929_/CLK (DFFLQNx2_ASAP7_75t_R)
  14.80   14.80   library hold time
          14.80   data required time
---------------------------------------------------------
          14.80   data required time
        -139.93   data arrival time
---------------------------------------------------------
         125.13   slack (MET)


Startpoint: _10877_ (falling edge-triggered flip-flop clocked by clk')
Endpoint: _10877_ (falling edge-triggered flip-flop clocked by clk')
Path Group: clk
Path Type: min

  Delay    Time   Description
---------------------------------------------------------
   0.00    0.00   clock clk' (fall edge)
   0.00    0.00   clock network delay (ideal)
   0.00    0.00 v _10877_/CLK (DFFLQNx2_ASAP7_75t_R)
  93.03   93.03 v _10877_/QN (DFFLQNx2_ASAP7_75t_R)
  20.54  113.57 ^ _06487_/Y (INVx1_ASAP7_75t_R)
  27.06  140.63 ^ _08381_/Y (AO21x1_ASAP7_75t_R)
   0.00  140.63 ^ _10877_/D (DFFLQNx2_ASAP7_75t_R)
         140.63   data arrival time

   0.00    0.00   clock clk' (fall edge)
   0.00    0.00   clock network delay (ideal)
   0.00    0.00   clock reconvergence pessimism
           0.00 v _10877_/CLK (DFFLQNx2_ASAP7_75t_R)
  14.81   14.81   library hold time
          14.81   data required time
---------------------------------------------------------
          14.81   data required time
        -140.63   data arrival time
---------------------------------------------------------
         125.82   slack (MET)


Startpoint: _10878_ (falling edge-triggered flip-flop clocked by clk')
Endpoint: _10878_ (falling edge-triggered flip-flop clocked by clk')
Path Group: clk
Path Type: min

  Delay    Time   Description
---------------------------------------------------------
   0.00    0.00   clock clk' (fall edge)
   0.00    0.00   clock network delay (ideal)
   0.00    0.00 v _10878_/CLK (DFFLQNx2_ASAP7_75t_R)
  93.03   93.03 v _10878_/QN (DFFLQNx2_ASAP7_75t_R)
  20.54  113.57 ^ _06510_/Y (INVx1_ASAP7_75t_R)
  27.06  140.63 ^ _08383_/Y (AO21x1_ASAP7_75t_R)
   0.00  140.63 ^ _10878_/D (DFFLQNx2_ASAP7_75t_R)
         140.63   data arrival time

   0.00    0.00   clock clk' (fall edge)
   0.00    0.00   clock network delay (ideal)
   0.00    0.00   clock reconvergence pessimism
           0.00 v _10878_/CLK (DFFLQNx2_ASAP7_75t_R)
  14.81   14.81   library hold time
          14.81   data required time
---------------------------------------------------------
          14.81   data required time
        -140.63   data arrival time
---------------------------------------------------------
         125.82   slack (MET)


Startpoint: _10804_ (falling edge-triggered flip-flop clocked by clk')
Endpoint: _10804_ (falling edge-triggered flip-flop clocked by clk')
Path Group: clk
Path Type: min

  Delay    Time   Description
---------------------------------------------------------
   0.00    0.00   clock clk' (fall edge)
   0.00    0.00   clock network delay (ideal)
   0.00    0.00 v _10804_/CLK (DFFLQNx2_ASAP7_75t_R)
  93.03   93.03 v _10804_/QN (DFFLQNx2_ASAP7_75t_R)
  20.54  113.57 ^ _07074_/Y (INVx1_ASAP7_75t_R)
  27.06  140.63 ^ _08091_/Y (AO21x1_ASAP7_75t_R)
   0.00  140.63 ^ _10804_/D (DFFLQNx2_ASAP7_75t_R)
         140.63   data arrival time

   0.00    0.00   clock clk' (fall edge)
   0.00    0.00   clock network delay (ideal)
   0.00    0.00   clock reconvergence pessimism
           0.00 v _10804_/CLK (DFFLQNx2_ASAP7_75t_R)
  14.81   14.81   library hold time
          14.81   data required time
---------------------------------------------------------
          14.81   data required time
        -140.63   data arrival time
---------------------------------------------------------
         125.82   slack (MET)


Startpoint: _10863_ (falling edge-triggered flip-flop clocked by clk')
Endpoint: _10863_ (falling edge-triggered flip-flop clocked by clk')
Path Group: clk
Path Type: min

  Delay    Time   Description
---------------------------------------------------------
   0.00    0.00   clock clk' (fall edge)
   0.00    0.00   clock network delay (ideal)
   0.00    0.00 v _10863_/CLK (DFFLQNx2_ASAP7_75t_R)
  93.03   93.03 v _10863_/QN (DFFLQNx2_ASAP7_75t_R)
  20.54  113.57 ^ _06541_/Y (INVx1_ASAP7_75t_R)
  27.06  140.63 ^ _08347_/Y (AO21x1_ASAP7_75t_R)
   0.00  140.63 ^ _10863_/D (DFFLQNx2_ASAP7_75t_R)
         140.63   data arrival time

   0.00    0.00   clock clk' (fall edge)
   0.00    0.00   clock network delay (ideal)
   0.00    0.00   clock reconvergence pessimism
           0.00 v _10863_/CLK (DFFLQNx2_ASAP7_75t_R)
  14.81   14.81   library hold time
          14.81   data required time
---------------------------------------------------------
          14.81   data required time
        -140.63   data arrival time
---------------------------------------------------------
         125.82   slack (MET)


Startpoint: _10800_ (falling edge-triggered flip-flop clocked by clk')
Endpoint: _10800_ (falling edge-triggered flip-flop clocked by clk')
Path Group: clk
Path Type: min

  Delay    Time   Description
---------------------------------------------------------
   0.00    0.00   clock clk' (fall edge)
   0.00    0.00   clock network delay (ideal)
   0.00    0.00 v _10800_/CLK (DFFLQNx2_ASAP7_75t_R)
  93.03   93.03 v _10800_/QN (DFFLQNx2_ASAP7_75t_R)
  20.54  113.57 ^ _07028_/Y (INVx1_ASAP7_75t_R)
  27.06  140.63 ^ _07995_/Y (AO21x1_ASAP7_75t_R)
   0.00  140.63 ^ _10800_/D (DFFLQNx2_ASAP7_75t_R)
         140.63   data arrival time

   0.00    0.00   clock clk' (fall edge)
   0.00    0.00   clock network delay (ideal)
   0.00    0.00   clock reconvergence pessimism
           0.00 v _10800_/CLK (DFFLQNx2_ASAP7_75t_R)
  14.81   14.81   library hold time
          14.81   data required time
---------------------------------------------------------
          14.81   data required time
        -140.63   data arrival time
---------------------------------------------------------
         125.82   slack (MET)


Startpoint: _10921_ (falling edge-triggered flip-flop clocked by clk')
Endpoint: _10921_ (falling edge-triggered flip-flop clocked by clk')
Path Group: clk
Path Type: min

  Delay    Time   Description
---------------------------------------------------------
   0.00    0.00   clock clk' (fall edge)
   0.00    0.00   clock network delay (ideal)
   0.00    0.00 v _10921_/CLK (DFFLQNx2_ASAP7_75t_R)
  96.21   96.21 v _10921_/QN (DFFLQNx2_ASAP7_75t_R)
  35.50  131.71 v _08506_/Y (AO21x1_ASAP7_75t_R)
  10.25  141.97 ^ _08507_/Y (OAI21x1_ASAP7_75t_R)
   0.00  141.97 ^ _10921_/D (DFFLQNx2_ASAP7_75t_R)
         141.97   data arrival time

   0.00    0.00   clock clk' (fall edge)
   0.00    0.00   clock network delay (ideal)
   0.00    0.00   clock reconvergence pessimism
           0.00 v _10921_/CLK (DFFLQNx2_ASAP7_75t_R)
  15.22   15.22   library hold time
          15.22   data required time
---------------------------------------------------------
          15.22   data required time
        -141.97   data arrival time
---------------------------------------------------------
         126.75   slack (MET)


Startpoint: _10853_ (falling edge-triggered flip-flop clocked by clk')
Endpoint: _10853_ (falling edge-triggered flip-flop clocked by clk')
Path Group: clk
Path Type: min

  Delay    Time   Description
---------------------------------------------------------
   0.00    0.00   clock clk' (fall edge)
   0.00    0.00   clock network delay (ideal)
   0.00    0.00 v _10853_/CLK (DFFLQNx2_ASAP7_75t_R)
  93.91   93.91 v _10853_/QN (DFFLQNx2_ASAP7_75t_R)
  20.78  114.69 ^ _06488_/Y (INVx1_ASAP7_75t_R)
  27.12  141.82 ^ _08324_/Y (AO21x1_ASAP7_75t_R)
   0.00  141.82 ^ _10853_/D (DFFLQNx2_ASAP7_75t_R)
         141.82   data arrival time

   0.00    0.00   clock clk' (fall edge)
   0.00    0.00   clock network delay (ideal)
   0.00    0.00   clock reconvergence pessimism
           0.00 v _10853_/CLK (DFFLQNx2_ASAP7_75t_R)
  14.81   14.81   library hold time
          14.81   data required time
---------------------------------------------------------
          14.81   data required time
        -141.82   data arrival time
---------------------------------------------------------
         127.01   slack (MET)


Startpoint: _10854_ (falling edge-triggered flip-flop clocked by clk')
Endpoint: _10854_ (falling edge-triggered flip-flop clocked by clk')
Path Group: clk
Path Type: min

  Delay    Time   Description
---------------------------------------------------------
   0.00    0.00   clock clk' (fall edge)
   0.00    0.00   clock network delay (ideal)
   0.00    0.00 v _10854_/CLK (DFFLQNx2_ASAP7_75t_R)
  93.91   93.91 v _10854_/QN (DFFLQNx2_ASAP7_75t_R)
  20.78  114.69 ^ _06511_/Y (INVx1_ASAP7_75t_R)
  27.12  141.82 ^ _08326_/Y (AO21x1_ASAP7_75t_R)
   0.00  141.82 ^ _10854_/D (DFFLQNx2_ASAP7_75t_R)
         141.82   data arrival time

   0.00    0.00   clock clk' (fall edge)
   0.00    0.00   clock network delay (ideal)
   0.00    0.00   clock reconvergence pessimism
           0.00 v _10854_/CLK (DFFLQNx2_ASAP7_75t_R)
  14.81   14.81   library hold time
          14.81   data required time
---------------------------------------------------------
          14.81   data required time
        -141.82   data arrival time
---------------------------------------------------------
         127.01   slack (MET)


Startpoint: _10855_ (falling edge-triggered flip-flop clocked by clk')
Endpoint: _10855_ (falling edge-triggered flip-flop clocked by clk')
Path Group: clk
Path Type: min

  Delay    Time   Description
---------------------------------------------------------
   0.00    0.00   clock clk' (fall edge)
   0.00    0.00   clock network delay (ideal)
   0.00    0.00 v _10855_/CLK (DFFLQNx2_ASAP7_75t_R)
  93.91   93.91 v _10855_/QN (DFFLQNx2_ASAP7_75t_R)
  20.78  114.69 ^ _06536_/Y (INVx1_ASAP7_75t_R)
  27.12  141.82 ^ _08328_/Y (AO21x1_ASAP7_75t_R)
   0.00  141.82 ^ _10855_/D (DFFLQNx2_ASAP7_75t_R)
         141.82   data arrival time

   0.00    0.00   clock clk' (fall edge)
   0.00    0.00   clock network delay (ideal)
   0.00    0.00   clock reconvergence pessimism
           0.00 v _10855_/CLK (DFFLQNx2_ASAP7_75t_R)
  14.81   14.81   library hold time
          14.81   data required time
---------------------------------------------------------
          14.81   data required time
        -141.82   data arrival time
---------------------------------------------------------
         127.01   slack (MET)


Startpoint: _10879_ (falling edge-triggered flip-flop clocked by clk')
Endpoint: _10879_ (falling edge-triggered flip-flop clocked by clk')
Path Group: clk
Path Type: min

  Delay    Time   Description
---------------------------------------------------------
   0.00    0.00   clock clk' (fall edge)
   0.00    0.00   clock network delay (ideal)
   0.00    0.00 v _10879_/CLK (DFFLQNx2_ASAP7_75t_R)
  93.91   93.91 v _10879_/QN (DFFLQNx2_ASAP7_75t_R)
  20.78  114.69 ^ _06535_/Y (INVx1_ASAP7_75t_R)
  27.12  141.82 ^ _08385_/Y (AO21x1_ASAP7_75t_R)
   0.00  141.82 ^ _10879_/D (DFFLQNx2_ASAP7_75t_R)
         141.82   data arrival time

   0.00    0.00   clock clk' (fall edge)
   0.00    0.00   clock network delay (ideal)
   0.00    0.00   clock reconvergence pessimism
           0.00 v _10879_/CLK (DFFLQNx2_ASAP7_75t_R)
  14.81   14.81   library hold time
          14.81   data required time
---------------------------------------------------------
          14.81   data required time
        -141.82   data arrival time
---------------------------------------------------------
         127.01   slack (MET)


Startpoint: _10844_ (falling edge-triggered flip-flop clocked by clk')
Endpoint: _10844_ (falling edge-triggered flip-flop clocked by clk')
Path Group: clk
Path Type: min

  Delay    Time   Description
---------------------------------------------------------
   0.00    0.00   clock clk' (fall edge)
   0.00    0.00   clock network delay (ideal)
   0.00    0.00 v _10844_/CLK (DFFLQNx2_ASAP7_75t_R)
  93.91   93.91 v _10844_/QN (DFFLQNx2_ASAP7_75t_R)
  20.78  114.69 ^ _06493_/Y (INVx1_ASAP7_75t_R)
  27.12  141.82 ^ _08300_/Y (AO21x1_ASAP7_75t_R)
   0.00  141.82 ^ _10844_/D (DFFLQNx2_ASAP7_75t_R)
         141.82   data arrival time

   0.00    0.00   clock clk' (fall edge)
   0.00    0.00   clock network delay (ideal)
   0.00    0.00   clock reconvergence pessimism
           0.00 v _10844_/CLK (DFFLQNx2_ASAP7_75t_R)
  14.81   14.81   library hold time
          14.81   data required time
---------------------------------------------------------
          14.81   data required time
        -141.82   data arrival time
---------------------------------------------------------
         127.01   slack (MET)


Startpoint: _10846_ (falling edge-triggered flip-flop clocked by clk')
Endpoint: _10846_ (falling edge-triggered flip-flop clocked by clk')
Path Group: clk
Path Type: min

  Delay    Time   Description
---------------------------------------------------------
   0.00    0.00   clock clk' (fall edge)
   0.00    0.00   clock network delay (ideal)
   0.00    0.00 v _10846_/CLK (DFFLQNx2_ASAP7_75t_R)
  93.91   93.91 v _10846_/QN (DFFLQNx2_ASAP7_75t_R)
  20.78  114.69 ^ _06532_/Y (INVx1_ASAP7_75t_R)
  27.12  141.82 ^ _08304_/Y (AO21x1_ASAP7_75t_R)
   0.00  141.82 ^ _10846_/D (DFFLQNx2_ASAP7_75t_R)
         141.82   data arrival time

   0.00    0.00   clock clk' (fall edge)
   0.00    0.00   clock network delay (ideal)
   0.00    0.00   clock reconvergence pessimism
           0.00 v _10846_/CLK (DFFLQNx2_ASAP7_75t_R)
  14.81   14.81   library hold time
          14.81   data required time
---------------------------------------------------------
          14.81   data required time
        -141.82   data arrival time
---------------------------------------------------------
         127.01   slack (MET)


Startpoint: _10810_ (falling edge-triggered flip-flop clocked by clk')
Endpoint: _10810_ (falling edge-triggered flip-flop clocked by clk')
Path Group: clk
Path Type: min

  Delay    Time   Description
---------------------------------------------------------
   0.00    0.00   clock clk' (fall edge)
   0.00    0.00   clock network delay (ideal)
   0.00    0.00 v _10810_/CLK (DFFLQNx2_ASAP7_75t_R)
  93.91   93.91 v _10810_/QN (DFFLQNx2_ASAP7_75t_R)
  20.78  114.69 ^ _06491_/Y (INVx1_ASAP7_75t_R)
  27.12  141.82 ^ _08189_/Y (AO21x1_ASAP7_75t_R)
   0.00  141.82 ^ _10810_/D (DFFLQNx2_ASAP7_75t_R)
         141.82   data arrival time

   0.00    0.00   clock clk' (fall edge)
   0.00    0.00   clock network delay (ideal)
   0.00    0.00   clock reconvergence pessimism
           0.00 v _10810_/CLK (DFFLQNx2_ASAP7_75t_R)
  14.81   14.81   library hold time
          14.81   data required time
---------------------------------------------------------
          14.81   data required time
        -141.82   data arrival time
---------------------------------------------------------
         127.01   slack (MET)


Startpoint: _10811_ (falling edge-triggered flip-flop clocked by clk')
Endpoint: _10811_ (falling edge-triggered flip-flop clocked by clk')
Path Group: clk
Path Type: min

  Delay    Time   Description
---------------------------------------------------------
   0.00    0.00   clock clk' (fall edge)
   0.00    0.00   clock network delay (ideal)
   0.00    0.00 v _10811_/CLK (DFFLQNx2_ASAP7_75t_R)
  93.91   93.91 v _10811_/QN (DFFLQNx2_ASAP7_75t_R)
  20.78  114.69 ^ _06514_/Y (INVx1_ASAP7_75t_R)
  27.12  141.82 ^ _08196_/Y (AO21x1_ASAP7_75t_R)
   0.00  141.82 ^ _10811_/D (DFFLQNx2_ASAP7_75t_R)
         141.82   data arrival time

   0.00    0.00   clock clk' (fall edge)
   0.00    0.00   clock network delay (ideal)
   0.00    0.00   clock reconvergence pessimism
           0.00 v _10811_/CLK (DFFLQNx2_ASAP7_75t_R)
  14.81   14.81   library hold time
          14.81   data required time
---------------------------------------------------------
          14.81   data required time
        -141.82   data arrival time
---------------------------------------------------------
         127.01   slack (MET)


Startpoint: _10802_ (falling edge-triggered flip-flop clocked by clk')
Endpoint: _10802_ (falling edge-triggered flip-flop clocked by clk')
Path Group: clk
Path Type: min

  Delay    Time   Description
---------------------------------------------------------
   0.00    0.00   clock clk' (fall edge)
   0.00    0.00   clock network delay (ideal)
   0.00    0.00 v _10802_/CLK (DFFLQNx2_ASAP7_75t_R)
  93.91   93.91 v _10802_/QN (DFFLQNx2_ASAP7_75t_R)
  20.78  114.69 ^ _06896_/Y (INVx1_ASAP7_75t_R)
  27.12  141.82 ^ _08047_/Y (AO21x1_ASAP7_75t_R)
   0.00  141.82 ^ _10802_/D (DFFLQNx2_ASAP7_75t_R)
         141.82   data arrival time

   0.00    0.00   clock clk' (fall edge)
   0.00    0.00   clock network delay (ideal)
   0.00    0.00   clock reconvergence pessimism
           0.00 v _10802_/CLK (DFFLQNx2_ASAP7_75t_R)
  14.81   14.81   library hold time
          14.81   data required time
---------------------------------------------------------
          14.81   data required time
        -141.82   data arrival time
---------------------------------------------------------
         127.01   slack (MET)


Startpoint: _10898_ (falling edge-triggered flip-flop clocked by clk')
Endpoint: _10898_ (falling edge-triggered flip-flop clocked by clk')
Path Group: clk
Path Type: min

  Delay    Time   Description
---------------------------------------------------------
   0.00    0.00   clock clk' (fall edge)
   0.00    0.00   clock network delay (ideal)
   0.00    0.00 v _10898_/CLK (DFFLQNx2_ASAP7_75t_R)
  93.91   93.91 v _10898_/QN (DFFLQNx2_ASAP7_75t_R)
  20.78  114.69 ^ _06897_/Y (INVx1_ASAP7_75t_R)
  27.12  141.82 ^ _08452_/Y (AO21x1_ASAP7_75t_R)
   0.00  141.82 ^ _10898_/D (DFFLQNx2_ASAP7_75t_R)
         141.82   data arrival time

   0.00    0.00   clock clk' (fall edge)
   0.00    0.00   clock network delay (ideal)
   0.00    0.00   clock reconvergence pessimism
           0.00 v _10898_/CLK (DFFLQNx2_ASAP7_75t_R)
  14.81   14.81   library hold time
          14.81   data required time
---------------------------------------------------------
          14.81   data required time
        -141.82   data arrival time
---------------------------------------------------------
         127.01   slack (MET)


Startpoint: _10900_ (falling edge-triggered flip-flop clocked by clk')
Endpoint: _10900_ (falling edge-triggered flip-flop clocked by clk')
Path Group: clk
Path Type: min

  Delay    Time   Description
---------------------------------------------------------
   0.00    0.00   clock clk' (fall edge)
   0.00    0.00   clock network delay (ideal)
   0.00    0.00 v _10900_/CLK (DFFLQNx2_ASAP7_75t_R)
  93.91   93.91 v _10900_/QN (DFFLQNx2_ASAP7_75t_R)
  20.78  114.69 ^ _07075_/Y (INVx1_ASAP7_75t_R)
  27.12  141.82 ^ _08456_/Y (AO21x1_ASAP7_75t_R)
   0.00  141.82 ^ _10900_/D (DFFLQNx2_ASAP7_75t_R)
         141.82   data arrival time

   0.00    0.00   clock clk' (fall edge)
   0.00    0.00   clock network delay (ideal)
   0.00    0.00   clock reconvergence pessimism
           0.00 v _10900_/CLK (DFFLQNx2_ASAP7_75t_R)
  14.81   14.81   library hold time
          14.81   data required time
---------------------------------------------------------
          14.81   data required time
        -141.82   data arrival time
---------------------------------------------------------
         127.01   slack (MET)


Startpoint: _10906_ (falling edge-triggered flip-flop clocked by clk')
Endpoint: _10906_ (falling edge-triggered flip-flop clocked by clk')
Path Group: clk
Path Type: min

  Delay    Time   Description
---------------------------------------------------------
   0.00    0.00   clock clk' (fall edge)
   0.00    0.00   clock network delay (ideal)
   0.00    0.00 v _10906_/CLK (DFFLQNx2_ASAP7_75t_R)
  93.91   93.91 v _10906_/QN (DFFLQNx2_ASAP7_75t_R)
  20.78  114.69 ^ _06893_/Y (INVx1_ASAP7_75t_R)
  27.12  141.82 ^ _08471_/Y (AO21x1_ASAP7_75t_R)
   0.00  141.82 ^ _10906_/D (DFFLQNx2_ASAP7_75t_R)
         141.82   data arrival time

   0.00    0.00   clock clk' (fall edge)
   0.00    0.00   clock network delay (ideal)
   0.00    0.00   clock reconvergence pessimism
           0.00 v _10906_/CLK (DFFLQNx2_ASAP7_75t_R)
  14.81   14.81   library hold time
          14.81   data required time
---------------------------------------------------------
          14.81   data required time
        -141.82   data arrival time
---------------------------------------------------------
         127.01   slack (MET)


Startpoint: _10908_ (falling edge-triggered flip-flop clocked by clk')
Endpoint: _10908_ (falling edge-triggered flip-flop clocked by clk')
Path Group: clk
Path Type: min

  Delay    Time   Description
---------------------------------------------------------
   0.00    0.00   clock clk' (fall edge)
   0.00    0.00   clock network delay (ideal)
   0.00    0.00 v _10908_/CLK (DFFLQNx2_ASAP7_75t_R)
  93.91   93.91 v _10908_/QN (DFFLQNx2_ASAP7_75t_R)
  20.78  114.69 ^ _07079_/Y (INVx1_ASAP7_75t_R)
  27.12  141.82 ^ _08475_/Y (AO21x1_ASAP7_75t_R)
   0.00  141.82 ^ _10908_/D (DFFLQNx2_ASAP7_75t_R)
         141.82   data arrival time

   0.00    0.00   clock clk' (fall edge)
   0.00    0.00   clock network delay (ideal)
   0.00    0.00   clock reconvergence pessimism
           0.00 v _10908_/CLK (DFFLQNx2_ASAP7_75t_R)
  14.81   14.81   library hold time
          14.81   data required time
---------------------------------------------------------
          14.81   data required time
        -141.82   data arrival time
---------------------------------------------------------
         127.01   slack (MET)


Startpoint: _10924_ (falling edge-triggered flip-flop clocked by clk')
Endpoint: _10924_ (falling edge-triggered flip-flop clocked by clk')
Path Group: clk
Path Type: min

  Delay    Time   Description
---------------------------------------------------------
   0.00    0.00   clock clk' (fall edge)
   0.00    0.00   clock network delay (ideal)
   0.00    0.00 v _10924_/CLK (DFFLQNx2_ASAP7_75t_R)
  93.91   93.91 v _10924_/QN (DFFLQNx2_ASAP7_75t_R)
  20.78  114.69 ^ _07078_/Y (INVx1_ASAP7_75t_R)
  27.12  141.82 ^ _08513_/Y (AO21x1_ASAP7_75t_R)
   0.00  141.82 ^ _10924_/D (DFFLQNx2_ASAP7_75t_R)
         141.82   data arrival time

   0.00    0.00   clock clk' (fall edge)
   0.00    0.00   clock network delay (ideal)
   0.00    0.00   clock reconvergence pessimism
           0.00 v _10924_/CLK (DFFLQNx2_ASAP7_75t_R)
  14.81   14.81   library hold time
          14.81   data required time
---------------------------------------------------------
          14.81   data required time
        -141.82   data arrival time
---------------------------------------------------------
         127.01   slack (MET)


Startpoint: _10830_ (falling edge-triggered flip-flop clocked by clk')
Endpoint: _10830_ (falling edge-triggered flip-flop clocked by clk')
Path Group: clk
Path Type: min

  Delay    Time   Description
---------------------------------------------------------
   0.00    0.00   clock clk' (fall edge)
   0.00    0.00   clock network delay (ideal)
   0.00    0.00 v _10830_/CLK (DFFLQNx2_ASAP7_75t_R)
  93.91   93.91 v _10830_/QN (DFFLQNx2_ASAP7_75t_R)
  20.78  114.69 ^ _06544_/Y (INVx1_ASAP7_75t_R)
  27.12  141.82 ^ _08265_/Y (AO21x1_ASAP7_75t_R)
   0.00  141.82 ^ _10830_/D (DFFLQNx2_ASAP7_75t_R)
         141.82   data arrival time

   0.00    0.00   clock clk' (fall edge)
   0.00    0.00   clock network delay (ideal)
   0.00    0.00   clock reconvergence pessimism
           0.00 v _10830_/CLK (DFFLQNx2_ASAP7_75t_R)
  14.81   14.81   library hold time
          14.81   data required time
---------------------------------------------------------
          14.81   data required time
        -141.82   data arrival time
---------------------------------------------------------
         127.01   slack (MET)


Startpoint: _10838_ (falling edge-triggered flip-flop clocked by clk')
Endpoint: _10838_ (falling edge-triggered flip-flop clocked by clk')
Path Group: clk
Path Type: min

  Delay    Time   Description
---------------------------------------------------------
   0.00    0.00   clock clk' (fall edge)
   0.00    0.00   clock network delay (ideal)
   0.00    0.00 v _10838_/CLK (DFFLQNx2_ASAP7_75t_R)
  93.91   93.91 v _10838_/QN (DFFLQNx2_ASAP7_75t_R)
  20.78  114.69 ^ _06545_/Y (INVx1_ASAP7_75t_R)
  27.12  141.82 ^ _08284_/Y (AO21x1_ASAP7_75t_R)
   0.00  141.82 ^ _10838_/D (DFFLQNx2_ASAP7_75t_R)
         141.82   data arrival time

   0.00    0.00   clock clk' (fall edge)
   0.00    0.00   clock network delay (ideal)
   0.00    0.00   clock reconvergence pessimism
           0.00 v _10838_/CLK (DFFLQNx2_ASAP7_75t_R)
  14.81   14.81   library hold time
          14.81   data required time
---------------------------------------------------------
          14.81   data required time
        -141.82   data arrival time
---------------------------------------------------------
         127.01   slack (MET)


Startpoint: _10896_ (falling edge-triggered flip-flop clocked by clk')
Endpoint: _10896_ (falling edge-triggered flip-flop clocked by clk')
Path Group: clk
Path Type: min

  Delay    Time   Description
---------------------------------------------------------
   0.00    0.00   clock clk' (fall edge)
   0.00    0.00   clock network delay (ideal)
   0.00    0.00 v _10896_/CLK (DFFLQNx2_ASAP7_75t_R)
  93.91   93.91 v _10896_/QN (DFFLQNx2_ASAP7_75t_R)
  20.78  114.69 ^ _07029_/Y (INVx1_ASAP7_75t_R)
  27.12  141.82 ^ _08448_/Y (AO21x1_ASAP7_75t_R)
   0.00  141.82 ^ _10896_/D (DFFLQNx2_ASAP7_75t_R)
         141.82   data arrival time

   0.00    0.00   clock clk' (fall edge)
   0.00    0.00   clock network delay (ideal)
   0.00    0.00   clock reconvergence pessimism
           0.00 v _10896_/CLK (DFFLQNx2_ASAP7_75t_R)
  14.81   14.81   library hold time
          14.81   data required time
---------------------------------------------------------
          14.81   data required time
        -141.82   data arrival time
---------------------------------------------------------
         127.01   slack (MET)


Startpoint: _10914_ (falling edge-triggered flip-flop clocked by clk')
Endpoint: _10914_ (falling edge-triggered flip-flop clocked by clk')
Path Group: clk
Path Type: min

  Delay    Time   Description
---------------------------------------------------------
   0.00    0.00   clock clk' (fall edge)
   0.00    0.00   clock network delay (ideal)
   0.00    0.00 v _10914_/CLK (DFFLQNx2_ASAP7_75t_R)
  93.91   93.91 v _10914_/QN (DFFLQNx2_ASAP7_75t_R)
  20.78  114.69 ^ _06905_/Y (INVx1_ASAP7_75t_R)
  27.12  141.82 ^ _08490_/Y (AO21x1_ASAP7_75t_R)
   0.00  141.82 ^ _10914_/D (DFFLQNx2_ASAP7_75t_R)
         141.82   data arrival time

   0.00    0.00   clock clk' (fall edge)
   0.00    0.00   clock network delay (ideal)
   0.00    0.00   clock reconvergence pessimism
           0.00 v _10914_/CLK (DFFLQNx2_ASAP7_75t_R)
  14.80   14.80   library hold time
          14.80   data required time
---------------------------------------------------------
          14.80   data required time
        -141.82   data arrival time
---------------------------------------------------------
         127.01   slack (MET)


Startpoint: _10920_ (falling edge-triggered flip-flop clocked by clk')
Endpoint: _10920_ (falling edge-triggered flip-flop clocked by clk')
Path Group: clk
Path Type: min

  Delay    Time   Description
---------------------------------------------------------
   0.00    0.00   clock clk' (fall edge)
   0.00    0.00   clock network delay (ideal)
   0.00    0.00 v _10920_/CLK (DFFLQNx2_ASAP7_75t_R)
  93.91   93.91 v _10920_/QN (DFFLQNx2_ASAP7_75t_R)
  20.78  114.69 ^ _07032_/Y (INVx1_ASAP7_75t_R)
  27.12  141.82 ^ _08505_/Y (AO21x1_ASAP7_75t_R)
   0.00  141.82 ^ _10920_/D (DFFLQNx2_ASAP7_75t_R)
         141.82   data arrival time

   0.00    0.00   clock clk' (fall edge)
   0.00    0.00   clock network delay (ideal)
   0.00    0.00   clock reconvergence pessimism
           0.00 v _10920_/CLK (DFFLQNx2_ASAP7_75t_R)
  14.80   14.80   library hold time
          14.80   data required time
---------------------------------------------------------
          14.80   data required time
        -141.82   data arrival time
---------------------------------------------------------
         127.01   slack (MET)


Startpoint: _10869_ (falling edge-triggered flip-flop clocked by clk')
Endpoint: _10869_ (falling edge-triggered flip-flop clocked by clk')
Path Group: clk
Path Type: min

  Delay    Time   Description
---------------------------------------------------------
   0.00    0.00   clock clk' (fall edge)
   0.00    0.00   clock network delay (ideal)
   0.00    0.00 v _10869_/CLK (DFFLQNx2_ASAP7_75t_R)
  93.94   93.94 v _10869_/QN (DFFLQNx2_ASAP7_75t_R)
  20.79  114.73 ^ _06902_/Y (INVx1_ASAP7_75t_R)
  27.12  141.85 ^ _08362_/Y (AO21x1_ASAP7_75t_R)
   0.00  141.85 ^ _10869_/D (DFFLQNx2_ASAP7_75t_R)
         141.85   data arrival time

   0.00    0.00   clock clk' (fall edge)
   0.00    0.00   clock network delay (ideal)
   0.00    0.00   clock reconvergence pessimism
           0.00 v _10869_/CLK (DFFLQNx2_ASAP7_75t_R)
  14.81   14.81   library hold time
          14.81   data required time
---------------------------------------------------------
          14.81   data required time
        -141.85   data arrival time
---------------------------------------------------------
         127.05   slack (MET)


Startpoint: _10923_ (falling edge-triggered flip-flop clocked by clk')
Endpoint: _10923_ (falling edge-triggered flip-flop clocked by clk')
Path Group: clk
Path Type: min

  Delay    Time   Description
---------------------------------------------------------
   0.00    0.00   clock clk' (fall edge)
   0.00    0.00   clock network delay (ideal)
   0.00    0.00 v _10923_/CLK (DFFLQNx2_ASAP7_75t_R)
  96.60   96.60 v _10923_/QN (DFFLQNx2_ASAP7_75t_R)
  35.58  132.18 v _08510_/Y (AO21x1_ASAP7_75t_R)
  10.26  142.44 ^ _08511_/Y (OAI21x1_ASAP7_75t_R)
   0.00  142.44 ^ _10923_/D (DFFLQNx2_ASAP7_75t_R)
         142.44   data arrival time

   0.00    0.00   clock clk' (fall edge)
   0.00    0.00   clock network delay (ideal)
   0.00    0.00   clock reconvergence pessimism
           0.00 v _10923_/CLK (DFFLQNx2_ASAP7_75t_R)
  15.22   15.22   library hold time
          15.22   data required time
---------------------------------------------------------
          15.22   data required time
        -142.44   data arrival time
---------------------------------------------------------
         127.22   slack (MET)


Startpoint: _10872_ (falling edge-triggered flip-flop clocked by clk')
Endpoint: _10872_ (falling edge-triggered flip-flop clocked by clk')
Path Group: clk
Path Type: min

  Delay    Time   Description
---------------------------------------------------------
   0.00    0.00   clock clk' (fall edge)
   0.00    0.00   clock network delay (ideal)
   0.00    0.00 v _10872_/CLK (DFFLQNx2_ASAP7_75t_R)
  89.53   89.53 v _10872_/QN (DFFLQNx2_ASAP7_75t_R)
  20.87  110.40 ^ _06879_/Y (INVx2_ASAP7_75t_R)
  18.36  128.76 v _08367_/Y (NOR2x1_ASAP7_75t_R)
  12.75  141.51 ^ _08368_/Y (AOI21x1_ASAP7_75t_R)
   0.00  141.51 ^ _10872_/D (DFFLQNx2_ASAP7_75t_R)
         141.51   data arrival time

   0.00    0.00   clock clk' (fall edge)
   0.00    0.00   clock network delay (ideal)
   0.00    0.00   clock reconvergence pessimism
           0.00 v _10872_/CLK (DFFLQNx2_ASAP7_75t_R)
  14.23   14.23   library hold time
          14.23   data required time
---------------------------------------------------------
          14.23   data required time
        -141.51   data arrival time
---------------------------------------------------------
         127.28   slack (MET)


Startpoint: _10917_ (falling edge-triggered flip-flop clocked by clk')
Endpoint: _10917_ (falling edge-triggered flip-flop clocked by clk')
Path Group: clk
Path Type: min

  Delay    Time   Description
---------------------------------------------------------
   0.00    0.00   clock clk' (fall edge)
   0.00    0.00   clock network delay (ideal)
   0.00    0.00 v _10917_/CLK (DFFLQNx2_ASAP7_75t_R)
  89.53   89.53 v _10917_/QN (DFFLQNx2_ASAP7_75t_R)
  20.87  110.40 ^ _06875_/Y (INVx2_ASAP7_75t_R)
  18.36  128.76 v _08495_/Y (NOR2x1_ASAP7_75t_R)
  12.75  141.51 ^ _08496_/Y (AOI21x1_ASAP7_75t_R)
   0.00  141.51 ^ _10917_/D (DFFLQNx2_ASAP7_75t_R)
         141.51   data arrival time

   0.00    0.00   clock clk' (fall edge)
   0.00    0.00   clock network delay (ideal)
   0.00    0.00   clock reconvergence pessimism
           0.00 v _10917_/CLK (DFFLQNx2_ASAP7_75t_R)
  14.23   14.23   library hold time
          14.23   data required time
---------------------------------------------------------
          14.23   data required time
        -141.51   data arrival time
---------------------------------------------------------
         127.28   slack (MET)


Startpoint: _10895_ (falling edge-triggered flip-flop clocked by clk')
Endpoint: _10895_ (falling edge-triggered flip-flop clocked by clk')
Path Group: clk
Path Type: min

  Delay    Time   Description
---------------------------------------------------------
   0.00    0.00   clock clk' (fall edge)
   0.00    0.00   clock network delay (ideal)
   0.00    0.00 v _10895_/CLK (DFFLQNx2_ASAP7_75t_R)
  89.47   89.47 v _10895_/QN (DFFLQNx2_ASAP7_75t_R)
  18.52  107.98 ^ _05550_/Y (INVx1_ASAP7_75t_R)
  33.58  141.56 ^ _05567_/Y (AO32x1_ASAP7_75t_R)
   0.00  141.56 ^ _10895_/D (DFFLQNx2_ASAP7_75t_R)
         141.56   data arrival time

   0.00    0.00   clock clk' (fall edge)
   0.00    0.00   clock network delay (ideal)
   0.00    0.00   clock reconvergence pessimism
           0.00 v _10895_/CLK (DFFLQNx2_ASAP7_75t_R)
  13.92   13.92   library hold time
          13.92   data required time
---------------------------------------------------------
          13.92   data required time
        -141.56   data arrival time
---------------------------------------------------------
         127.65   slack (MET)


Startpoint: _10820_ (falling edge-triggered flip-flop clocked by clk')
Endpoint: _10820_ (falling edge-triggered flip-flop clocked by clk')
Path Group: clk
Path Type: min

  Delay    Time   Description
---------------------------------------------------------
   0.00    0.00   clock clk' (fall edge)
   0.00    0.00   clock network delay (ideal)
   0.00    0.00 v _10820_/CLK (DFFLQNx2_ASAP7_75t_R)
  92.19   92.19 v _10820_/QN (DFFLQNx2_ASAP7_75t_R)
  22.65  114.84 ^ _07352_/Y (INVx1_ASAP7_75t_R)
  27.65  142.48 ^ _08242_/Y (AO21x1_ASAP7_75t_R)
   0.00  142.48 ^ _10820_/D (DFFLQNx2_ASAP7_75t_R)
         142.48   data arrival time

   0.00    0.00   clock clk' (fall edge)
   0.00    0.00   clock network delay (ideal)
   0.00    0.00   clock reconvergence pessimism
           0.00 v _10820_/CLK (DFFLQNx2_ASAP7_75t_R)
  14.81   14.81   library hold time
          14.81   data required time
---------------------------------------------------------
          14.81   data required time
        -142.48   data arrival time
---------------------------------------------------------
         127.68   slack (MET)


Startpoint: _10821_ (falling edge-triggered flip-flop clocked by clk')
Endpoint: _10821_ (falling edge-triggered flip-flop clocked by clk')
Path Group: clk
Path Type: min

  Delay    Time   Description
---------------------------------------------------------
   0.00    0.00   clock clk' (fall edge)
   0.00    0.00   clock network delay (ideal)
   0.00    0.00 v _10821_/CLK (DFFLQNx2_ASAP7_75t_R)
  92.19   92.19 v _10821_/QN (DFFLQNx2_ASAP7_75t_R)
  22.65  114.84 ^ _07407_/Y (INVx1_ASAP7_75t_R)
  27.65  142.48 ^ _08244_/Y (AO21x1_ASAP7_75t_R)
   0.00  142.48 ^ _10821_/D (DFFLQNx2_ASAP7_75t_R)
         142.48   data arrival time

   0.00    0.00   clock clk' (fall edge)
   0.00    0.00   clock network delay (ideal)
   0.00    0.00   clock reconvergence pessimism
           0.00 v _10821_/CLK (DFFLQNx2_ASAP7_75t_R)
  14.81   14.81   library hold time
          14.81   data required time
---------------------------------------------------------
          14.81   data required time
        -142.48   data arrival time
---------------------------------------------------------
         127.68   slack (MET)


Startpoint: _10928_ (falling edge-triggered flip-flop clocked by clk')
Endpoint: _10928_ (falling edge-triggered flip-flop clocked by clk')
Path Group: clk
Path Type: min

  Delay    Time   Description
---------------------------------------------------------
   0.00    0.00   clock clk' (fall edge)
   0.00    0.00   clock network delay (ideal)
   0.00    0.00 v _10928_/CLK (DFFLQNx2_ASAP7_75t_R)
  92.19   92.19 v _10928_/QN (DFFLQNx2_ASAP7_75t_R)
  22.65  114.84 ^ _07252_/Y (INVx1_ASAP7_75t_R)
  27.65  142.48 ^ _08523_/Y (AO21x1_ASAP7_75t_R)
   0.00  142.48 ^ _10928_/D (DFFLQNx2_ASAP7_75t_R)
         142.48   data arrival time

   0.00    0.00   clock clk' (fall edge)
   0.00    0.00   clock network delay (ideal)
   0.00    0.00   clock reconvergence pessimism
           0.00 v _10928_/CLK (DFFLQNx2_ASAP7_75t_R)
  14.80   14.80   library hold time
          14.80   data required time
---------------------------------------------------------
          14.80   data required time
        -142.48   data arrival time
---------------------------------------------------------
         127.68   slack (MET)


Startpoint: _10932_ (falling edge-triggered flip-flop clocked by clk')
Endpoint: _10932_ (falling edge-triggered flip-flop clocked by clk')
Path Group: clk
Path Type: min

  Delay    Time   Description
---------------------------------------------------------
   0.00    0.00   clock clk' (fall edge)
   0.00    0.00   clock network delay (ideal)
   0.00    0.00 v _10932_/CLK (DFFLQNx2_ASAP7_75t_R)
  92.19   92.19 v _10932_/QN (DFFLQNx2_ASAP7_75t_R)
  22.65  114.84 ^ _07439_/Y (INVx1_ASAP7_75t_R)
  27.65  142.48 ^ _08531_/Y (AO21x1_ASAP7_75t_R)
   0.00  142.48 ^ _10932_/D (DFFLQNx2_ASAP7_75t_R)
         142.48   data arrival time

   0.00    0.00   clock clk' (fall edge)
   0.00    0.00   clock network delay (ideal)
   0.00    0.00   clock reconvergence pessimism
           0.00 v _10932_/CLK (DFFLQNx2_ASAP7_75t_R)
  14.80   14.80   library hold time
          14.80   data required time
---------------------------------------------------------
          14.80   data required time
        -142.48   data arrival time
---------------------------------------------------------
         127.68   slack (MET)


Startpoint: _10681_ (falling edge-triggered flip-flop clocked by clk')
Endpoint: _10681_ (falling edge-triggered flip-flop clocked by clk')
Path Group: clk
Path Type: min

  Delay    Time   Description
---------------------------------------------------------
   0.00    0.00   clock clk' (fall edge)
   0.00    0.00   clock network delay (ideal)
   0.00    0.00 v _10681_/CLK (DFFLQNx2_ASAP7_75t_R)
 117.10  117.10 v _10681_/QN (DFFLQNx2_ASAP7_75t_R)
  24.85  141.95 ^ _09426_/Y (AOI22x1_ASAP7_75t_R)
   0.00  141.95 ^ _10681_/D (DFFLQNx2_ASAP7_75t_R)
         141.95   data arrival time

   0.00    0.00   clock clk' (fall edge)
   0.00    0.00   clock network delay (ideal)
   0.00    0.00   clock reconvergence pessimism
           0.00 v _10681_/CLK (DFFLQNx2_ASAP7_75t_R)
  14.25   14.25   library hold time
          14.25   data required time
---------------------------------------------------------
          14.25   data required time
        -141.95   data arrival time
---------------------------------------------------------
         127.70   slack (MET)


Startpoint: _10861_ (falling edge-triggered flip-flop clocked by clk')
Endpoint: _10861_ (falling edge-triggered flip-flop clocked by clk')
Path Group: clk
Path Type: min

  Delay    Time   Description
---------------------------------------------------------
   0.00    0.00   clock clk' (fall edge)
   0.00    0.00   clock network delay (ideal)
   0.00    0.00 v _10861_/CLK (DFFLQNx2_ASAP7_75t_R)
  92.40   92.40 v _10861_/QN (DFFLQNx2_ASAP7_75t_R)
  22.64  115.04 ^ _06796_/Y (INVx1_ASAP7_75t_R)
  27.64  142.68 ^ _08343_/Y (AO21x1_ASAP7_75t_R)
   0.00  142.68 ^ _10861_/D (DFFLQNx2_ASAP7_75t_R)
         142.68   data arrival time

   0.00    0.00   clock clk' (fall edge)
   0.00    0.00   clock network delay (ideal)
   0.00    0.00   clock reconvergence pessimism
           0.00 v _10861_/CLK (DFFLQNx2_ASAP7_75t_R)
  14.81   14.81   library hold time
          14.81   data required time
---------------------------------------------------------
          14.81   data required time
        -142.68   data arrival time
---------------------------------------------------------
         127.87   slack (MET)


Startpoint: _10862_ (falling edge-triggered flip-flop clocked by clk')
Endpoint: _10862_ (falling edge-triggered flip-flop clocked by clk')
Path Group: clk
Path Type: min

  Delay    Time   Description
---------------------------------------------------------
   0.00    0.00   clock clk' (fall edge)
   0.00    0.00   clock network delay (ideal)
   0.00    0.00 v _10862_/CLK (DFFLQNx2_ASAP7_75t_R)
  92.40   92.40 v _10862_/QN (DFFLQNx2_ASAP7_75t_R)
  22.64  115.04 ^ _06813_/Y (INVx1_ASAP7_75t_R)
  27.64  142.68 ^ _08345_/Y (AO21x1_ASAP7_75t_R)
   0.00  142.68 ^ _10862_/D (DFFLQNx2_ASAP7_75t_R)
         142.68   data arrival time

   0.00    0.00   clock clk' (fall edge)
   0.00    0.00   clock network delay (ideal)
   0.00    0.00   clock reconvergence pessimism
           0.00 v _10862_/CLK (DFFLQNx2_ASAP7_75t_R)
  14.81   14.81   library hold time
          14.81   data required time
---------------------------------------------------------
          14.81   data required time
        -142.68   data arrival time
---------------------------------------------------------
         127.87   slack (MET)


Startpoint: _10867_ (falling edge-triggered flip-flop clocked by clk')
Endpoint: _10867_ (falling edge-triggered flip-flop clocked by clk')
Path Group: clk
Path Type: min

  Delay    Time   Description
---------------------------------------------------------
   0.00    0.00   clock clk' (fall edge)
   0.00    0.00   clock network delay (ideal)
   0.00    0.00 v _10867_/CLK (DFFLQNx2_ASAP7_75t_R)
  92.40   92.40 v _10867_/QN (DFFLQNx2_ASAP7_75t_R)
  22.64  115.04 ^ _06839_/Y (INVx1_ASAP7_75t_R)
  27.64  142.68 ^ _08358_/Y (AO21x1_ASAP7_75t_R)
   0.00  142.68 ^ _10867_/D (DFFLQNx2_ASAP7_75t_R)
         142.68   data arrival time

   0.00    0.00   clock clk' (fall edge)
   0.00    0.00   clock network delay (ideal)
   0.00    0.00   clock reconvergence pessimism
           0.00 v _10867_/CLK (DFFLQNx2_ASAP7_75t_R)
  14.81   14.81   library hold time
          14.81   data required time
---------------------------------------------------------
          14.81   data required time
        -142.68   data arrival time
---------------------------------------------------------
         127.87   slack (MET)


Startpoint: _10871_ (falling edge-triggered flip-flop clocked by clk')
Endpoint: _10871_ (falling edge-triggered flip-flop clocked by clk')
Path Group: clk
Path Type: min

  Delay    Time   Description
---------------------------------------------------------
   0.00    0.00   clock clk' (fall edge)
   0.00    0.00   clock network delay (ideal)
   0.00    0.00 v _10871_/CLK (DFFLQNx2_ASAP7_75t_R)
  92.40   92.40 v _10871_/QN (DFFLQNx2_ASAP7_75t_R)
  22.64  115.04 ^ _06143_/Y (INVx1_ASAP7_75t_R)
  27.64  142.68 ^ _08366_/Y (AO21x1_ASAP7_75t_R)
   0.00  142.68 ^ _10871_/D (DFFLQNx2_ASAP7_75t_R)
         142.68   data arrival time

   0.00    0.00   clock clk' (fall edge)
   0.00    0.00   clock network delay (ideal)
   0.00    0.00   clock reconvergence pessimism
           0.00 v _10871_/CLK (DFFLQNx2_ASAP7_75t_R)
  14.81   14.81   library hold time
          14.81   data required time
---------------------------------------------------------
          14.81   data required time
        -142.68   data arrival time
---------------------------------------------------------
         127.87   slack (MET)


Startpoint: _10907_ (falling edge-triggered flip-flop clocked by clk')
Endpoint: _10907_ (falling edge-triggered flip-flop clocked by clk')
Path Group: clk
Path Type: min

  Delay    Time   Description
---------------------------------------------------------
   0.00    0.00   clock clk' (fall edge)
   0.00    0.00   clock network delay (ideal)
   0.00    0.00 v _10907_/CLK (DFFLQNx2_ASAP7_75t_R)
  92.42   92.42 v _10907_/QN (DFFLQNx2_ASAP7_75t_R)
  22.65  115.07 ^ _06860_/Y (INVx1_ASAP7_75t_R)
  27.64  142.71 ^ _08473_/Y (AO21x1_ASAP7_75t_R)
   0.00  142.71 ^ _10907_/D (DFFLQNx2_ASAP7_75t_R)
         142.71   data arrival time

   0.00    0.00   clock clk' (fall edge)
   0.00    0.00   clock network delay (ideal)
   0.00    0.00   clock reconvergence pessimism
           0.00 v _10907_/CLK (DFFLQNx2_ASAP7_75t_R)
  14.80   14.80   library hold time
          14.80   data required time
---------------------------------------------------------
          14.80   data required time
        -142.71   data arrival time
---------------------------------------------------------
         127.91   slack (MET)


Startpoint: _10860_ (falling edge-triggered flip-flop clocked by clk')
Endpoint: _10860_ (falling edge-triggered flip-flop clocked by clk')
Path Group: clk
Path Type: min

  Delay    Time   Description
---------------------------------------------------------
   0.00    0.00   clock clk' (fall edge)
   0.00    0.00   clock network delay (ideal)
   0.00    0.00 v _10860_/CLK (DFFLQNx2_ASAP7_75t_R)
  92.40   92.40 v _10860_/QN (DFFLQNx2_ASAP7_75t_R)
  22.71  115.11 ^ _06201_/Y (INVx1_ASAP7_75t_R)
  27.66  142.77 ^ _08341_/Y (AO21x1_ASAP7_75t_R)
   0.00  142.77 ^ _10860_/D (DFFLQNx2_ASAP7_75t_R)
         142.77   data arrival time

   0.00    0.00   clock clk' (fall edge)
   0.00    0.00   clock network delay (ideal)
   0.00    0.00   clock reconvergence pessimism
           0.00 v _10860_/CLK (DFFLQNx2_ASAP7_75t_R)
  14.80   14.80   library hold time
          14.80   data required time
---------------------------------------------------------
          14.80   data required time
        -142.77   data arrival time
---------------------------------------------------------
         127.97   slack (MET)


Startpoint: _10621_ (falling edge-triggered flip-flop clocked by clk')
Endpoint: _10608_ (falling edge-triggered flip-flop clocked by clk')
Path Group: clk
Path Type: min

  Delay    Time   Description
---------------------------------------------------------
   0.00    0.00   clock clk' (fall edge)
   0.00    0.00   clock network delay (ideal)
   0.00    0.00 v _10621_/CLK (DFFLQNx2_ASAP7_75t_R)
  78.25   78.25 ^ _10621_/QN (DFFLQNx2_ASAP7_75t_R)
  35.43  113.67 ^ _08718_/Y (OA21x2_ASAP7_75t_R)
  13.05  126.72 v _08733_/Y (OAI21x1_ASAP7_75t_R)
  15.02  141.75 ^ _08734_/Y (AOI21x1_ASAP7_75t_R)
   0.00  141.75 ^ _10608_/D (DFFLQNx2_ASAP7_75t_R)
         141.75   data arrival time

   0.00    0.00   clock clk' (fall edge)
   0.00    0.00   clock network delay (ideal)
   0.00    0.00   clock reconvergence pessimism
           0.00 v _10608_/CLK (DFFLQNx2_ASAP7_75t_R)
  13.72   13.72   library hold time
          13.72   data required time
---------------------------------------------------------
          13.72   data required time
        -141.75   data arrival time
---------------------------------------------------------
         128.03   slack (MET)


Startpoint: _10801_ (falling edge-triggered flip-flop clocked by clk')
Endpoint: _10801_ (falling edge-triggered flip-flop clocked by clk')
Path Group: clk
Path Type: min

  Delay    Time   Description
---------------------------------------------------------
   0.00    0.00   clock clk' (fall edge)
   0.00    0.00   clock network delay (ideal)
   0.00    0.00 v _10801_/CLK (DFFLQNx2_ASAP7_75t_R)
  89.71   89.71 v _10801_/QN (DFFLQNx2_ASAP7_75t_R)
  25.21  114.93 ^ _06715_/Y (INVx1_ASAP7_75t_R)
  28.48  143.40 ^ _08020_/Y (AO21x1_ASAP7_75t_R)
   0.00  143.40 ^ _10801_/D (DFFLQNx2_ASAP7_75t_R)
         143.40   data arrival time

   0.00    0.00   clock clk' (fall edge)
   0.00    0.00   clock network delay (ideal)
   0.00    0.00   clock reconvergence pessimism
           0.00 v _10801_/CLK (DFFLQNx2_ASAP7_75t_R)
  14.81   14.81   library hold time
          14.81   data required time
---------------------------------------------------------
          14.81   data required time
        -143.40   data arrival time
---------------------------------------------------------
         128.59   slack (MET)


Startpoint: _10828_ (falling edge-triggered flip-flop clocked by clk')
Endpoint: _10828_ (falling edge-triggered flip-flop clocked by clk')
Path Group: clk
Path Type: min

  Delay    Time   Description
---------------------------------------------------------
   0.00    0.00   clock clk' (fall edge)
   0.00    0.00   clock network delay (ideal)
   0.00    0.00 v _10828_/CLK (DFFLQNx2_ASAP7_75t_R)
  89.71   89.71 v _10828_/QN (DFFLQNx2_ASAP7_75t_R)
  25.21  114.93 ^ _06496_/Y (INVx1_ASAP7_75t_R)
  28.48  143.40 ^ _08261_/Y (AO21x1_ASAP7_75t_R)
   0.00  143.40 ^ _10828_/D (DFFLQNx2_ASAP7_75t_R)
         143.40   data arrival time

   0.00    0.00   clock clk' (fall edge)
   0.00    0.00   clock network delay (ideal)
   0.00    0.00   clock reconvergence pessimism
           0.00 v _10828_/CLK (DFFLQNx2_ASAP7_75t_R)
  14.81   14.81   library hold time
          14.81   data required time
---------------------------------------------------------
          14.81   data required time
        -143.40   data arrival time
---------------------------------------------------------
         128.60   slack (MET)


Startpoint: _10829_ (falling edge-triggered flip-flop clocked by clk')
Endpoint: _10829_ (falling edge-triggered flip-flop clocked by clk')
Path Group: clk
Path Type: min

  Delay    Time   Description
---------------------------------------------------------
   0.00    0.00   clock clk' (fall edge)
   0.00    0.00   clock network delay (ideal)
   0.00    0.00 v _10829_/CLK (DFFLQNx2_ASAP7_75t_R)
  89.71   89.71 v _10829_/QN (DFFLQNx2_ASAP7_75t_R)
  25.21  114.93 ^ _06517_/Y (INVx1_ASAP7_75t_R)
  28.48  143.40 ^ _08263_/Y (AO21x1_ASAP7_75t_R)
   0.00  143.40 ^ _10829_/D (DFFLQNx2_ASAP7_75t_R)
         143.40   data arrival time

   0.00    0.00   clock clk' (fall edge)
   0.00    0.00   clock network delay (ideal)
   0.00    0.00   clock reconvergence pessimism
           0.00 v _10829_/CLK (DFFLQNx2_ASAP7_75t_R)
  14.81   14.81   library hold time
          14.81   data required time
---------------------------------------------------------
          14.81   data required time
        -143.40   data arrival time
---------------------------------------------------------
         128.60   slack (MET)


Startpoint: _10870_ (falling edge-triggered flip-flop clocked by clk')
Endpoint: _10870_ (falling edge-triggered flip-flop clocked by clk')
Path Group: clk
Path Type: min

  Delay    Time   Description
---------------------------------------------------------
   0.00    0.00   clock clk' (fall edge)
   0.00    0.00   clock network delay (ideal)
   0.00    0.00 v _10870_/CLK (DFFLQNx2_ASAP7_75t_R)
  89.71   89.71 v _10870_/QN (DFFLQNx2_ASAP7_75t_R)
  25.21  114.93 ^ _06851_/Y (INVx1_ASAP7_75t_R)
  28.48  143.40 ^ _08364_/Y (AO21x1_ASAP7_75t_R)
   0.00  143.40 ^ _10870_/D (DFFLQNx2_ASAP7_75t_R)
         143.40   data arrival time

   0.00    0.00   clock clk' (fall edge)
   0.00    0.00   clock network delay (ideal)
   0.00    0.00   clock reconvergence pessimism
           0.00 v _10870_/CLK (DFFLQNx2_ASAP7_75t_R)
  14.81   14.81   library hold time
          14.81   data required time
---------------------------------------------------------
          14.81   data required time
        -143.40   data arrival time
---------------------------------------------------------
         128.60   slack (MET)


Startpoint: _10803_ (falling edge-triggered flip-flop clocked by clk')
Endpoint: _10803_ (falling edge-triggered flip-flop clocked by clk')
Path Group: clk
Path Type: min

  Delay    Time   Description
---------------------------------------------------------
   0.00    0.00   clock clk' (fall edge)
   0.00    0.00   clock network delay (ideal)
   0.00    0.00 v _10803_/CLK (DFFLQNx2_ASAP7_75t_R)
  89.71   89.71 v _10803_/QN (DFFLQNx2_ASAP7_75t_R)
  25.21  114.93 ^ _06856_/Y (INVx1_ASAP7_75t_R)
  28.48  143.40 ^ _08072_/Y (AO21x1_ASAP7_75t_R)
   0.00  143.40 ^ _10803_/D (DFFLQNx2_ASAP7_75t_R)
         143.40   data arrival time

   0.00    0.00   clock clk' (fall edge)
   0.00    0.00   clock network delay (ideal)
   0.00    0.00   clock reconvergence pessimism
           0.00 v _10803_/CLK (DFFLQNx2_ASAP7_75t_R)
  14.81   14.81   library hold time
          14.81   data required time
---------------------------------------------------------
          14.81   data required time
        -143.40   data arrival time
---------------------------------------------------------
         128.60   slack (MET)


Startpoint: _10912_ (falling edge-triggered flip-flop clocked by clk')
Endpoint: _10912_ (falling edge-triggered flip-flop clocked by clk')
Path Group: clk
Path Type: min

  Delay    Time   Description
---------------------------------------------------------
   0.00    0.00   clock clk' (fall edge)
   0.00    0.00   clock network delay (ideal)
   0.00    0.00 v _10912_/CLK (DFFLQNx2_ASAP7_75t_R)
  89.71   89.71 v _10912_/QN (DFFLQNx2_ASAP7_75t_R)
  25.21  114.93 ^ _06835_/Y (INVx1_ASAP7_75t_R)
  28.48  143.40 ^ _08486_/Y (AO21x1_ASAP7_75t_R)
   0.00  143.40 ^ _10912_/D (DFFLQNx2_ASAP7_75t_R)
         143.40   data arrival time

   0.00    0.00   clock clk' (fall edge)
   0.00    0.00   clock network delay (ideal)
   0.00    0.00   clock reconvergence pessimism
           0.00 v _10912_/CLK (DFFLQNx2_ASAP7_75t_R)
  14.80   14.80   library hold time
          14.80   data required time
---------------------------------------------------------
          14.80   data required time
        -143.40   data arrival time
---------------------------------------------------------
         128.60   slack (MET)


Startpoint: _10916_ (falling edge-triggered flip-flop clocked by clk')
Endpoint: _10916_ (falling edge-triggered flip-flop clocked by clk')
Path Group: clk
Path Type: min

  Delay    Time   Description
---------------------------------------------------------
   0.00    0.00   clock clk' (fall edge)
   0.00    0.00   clock network delay (ideal)
   0.00    0.00 v _10916_/CLK (DFFLQNx2_ASAP7_75t_R)
  89.71   89.71 v _10916_/QN (DFFLQNx2_ASAP7_75t_R)
  25.21  114.93 ^ _06137_/Y (INVx1_ASAP7_75t_R)
  28.48  143.40 ^ _08494_/Y (AO21x1_ASAP7_75t_R)
   0.00  143.40 ^ _10916_/D (DFFLQNx2_ASAP7_75t_R)
         143.40   data arrival time

   0.00    0.00   clock clk' (fall edge)
   0.00    0.00   clock network delay (ideal)
   0.00    0.00   clock reconvergence pessimism
           0.00 v _10916_/CLK (DFFLQNx2_ASAP7_75t_R)
  14.80   14.80   library hold time
          14.80   data required time
---------------------------------------------------------
          14.80   data required time
        -143.40   data arrival time
---------------------------------------------------------
         128.60   slack (MET)


Startpoint: _10905_ (falling edge-triggered flip-flop clocked by clk')
Endpoint: _10905_ (falling edge-triggered flip-flop clocked by clk')
Path Group: clk
Path Type: min

  Delay    Time   Description
---------------------------------------------------------
   0.00    0.00   clock clk' (fall edge)
   0.00    0.00   clock network delay (ideal)
   0.00    0.00 v _10905_/CLK (DFFLQNx2_ASAP7_75t_R)
  89.74   89.74 v _10905_/QN (DFFLQNx2_ASAP7_75t_R)
  25.22  114.96 ^ _06720_/Y (INVx1_ASAP7_75t_R)
  28.48  143.44 ^ _08469_/Y (AO21x1_ASAP7_75t_R)
   0.00  143.44 ^ _10905_/D (DFFLQNx2_ASAP7_75t_R)
         143.44   data arrival time

   0.00    0.00   clock clk' (fall edge)
   0.00    0.00   clock network delay (ideal)
   0.00    0.00   clock reconvergence pessimism
           0.00 v _10905_/CLK (DFFLQNx2_ASAP7_75t_R)
  14.81   14.81   library hold time
          14.81   data required time
---------------------------------------------------------
          14.81   data required time
        -143.44   data arrival time
---------------------------------------------------------
         128.63   slack (MET)


Startpoint: _10876_ (falling edge-triggered flip-flop clocked by clk')
Endpoint: _10876_ (falling edge-triggered flip-flop clocked by clk')
Path Group: clk
Path Type: min

  Delay    Time   Description
---------------------------------------------------------
   0.00    0.00   clock clk' (fall edge)
   0.00    0.00   clock network delay (ideal)
   0.00    0.00 v _10876_/CLK (DFFLQNx2_ASAP7_75t_R)
  89.71   89.71 v _10876_/QN (DFFLQNx2_ASAP7_75t_R)
  25.27  114.98 ^ _06208_/Y (INVx1_ASAP7_75t_R)
  28.50  143.48 ^ _08379_/Y (AO21x1_ASAP7_75t_R)
   0.00  143.48 ^ _10876_/D (DFFLQNx2_ASAP7_75t_R)
         143.48   data arrival time

   0.00    0.00   clock clk' (fall edge)
   0.00    0.00   clock network delay (ideal)
   0.00    0.00   clock reconvergence pessimism
           0.00 v _10876_/CLK (DFFLQNx2_ASAP7_75t_R)
  14.81   14.81   library hold time
          14.81   data required time
---------------------------------------------------------
          14.81   data required time
        -143.48   data arrival time
---------------------------------------------------------
         128.68   slack (MET)


Startpoint: _10843_ (falling edge-triggered flip-flop clocked by clk')
Endpoint: _10843_ (falling edge-triggered flip-flop clocked by clk')
Path Group: clk
Path Type: min

  Delay    Time   Description
---------------------------------------------------------
   0.00    0.00   clock clk' (fall edge)
   0.00    0.00   clock network delay (ideal)
   0.00    0.00 v _10843_/CLK (DFFLQNx2_ASAP7_75t_R)
  89.71   89.71 v _10843_/QN (DFFLQNx2_ASAP7_75t_R)
  25.27  114.98 ^ _06213_/Y (INVx1_ASAP7_75t_R)
  28.50  143.48 ^ _08298_/Y (AO21x1_ASAP7_75t_R)
   0.00  143.48 ^ _10843_/D (DFFLQNx2_ASAP7_75t_R)
         143.48   data arrival time

   0.00    0.00   clock clk' (fall edge)
   0.00    0.00   clock network delay (ideal)
   0.00    0.00   clock reconvergence pessimism
           0.00 v _10843_/CLK (DFFLQNx2_ASAP7_75t_R)
  14.81   14.81   library hold time
          14.81   data required time
---------------------------------------------------------
          14.81   data required time
        -143.48   data arrival time
---------------------------------------------------------
         128.68   slack (MET)


Startpoint: _10809_ (falling edge-triggered flip-flop clocked by clk')
Endpoint: _10809_ (falling edge-triggered flip-flop clocked by clk')
Path Group: clk
Path Type: min

  Delay    Time   Description
---------------------------------------------------------
   0.00    0.00   clock clk' (fall edge)
   0.00    0.00   clock network delay (ideal)
   0.00    0.00 v _10809_/CLK (DFFLQNx2_ASAP7_75t_R)
  89.71   89.71 v _10809_/QN (DFFLQNx2_ASAP7_75t_R)
  25.27  114.98 ^ _06215_/Y (INVx1_ASAP7_75t_R)
  28.50  143.48 ^ _08182_/Y (AO21x1_ASAP7_75t_R)
   0.00  143.48 ^ _10809_/D (DFFLQNx2_ASAP7_75t_R)
         143.48   data arrival time

   0.00    0.00   clock clk' (fall edge)
   0.00    0.00   clock network delay (ideal)
   0.00    0.00   clock reconvergence pessimism
           0.00 v _10809_/CLK (DFFLQNx2_ASAP7_75t_R)
  14.81   14.81   library hold time
          14.81   data required time
---------------------------------------------------------
          14.81   data required time
        -143.48   data arrival time
---------------------------------------------------------
         128.68   slack (MET)


Startpoint: _10835_ (falling edge-triggered flip-flop clocked by clk')
Endpoint: _10835_ (falling edge-triggered flip-flop clocked by clk')
Path Group: clk
Path Type: min

  Delay    Time   Description
---------------------------------------------------------
   0.00    0.00   clock clk' (fall edge)
   0.00    0.00   clock network delay (ideal)
   0.00    0.00 v _10835_/CLK (DFFLQNx2_ASAP7_75t_R)
  89.71   89.71 v _10835_/QN (DFFLQNx2_ASAP7_75t_R)
  25.27  114.98 ^ _06196_/Y (INVx1_ASAP7_75t_R)
  28.50  143.48 ^ _08278_/Y (AO21x1_ASAP7_75t_R)
   0.00  143.48 ^ _10835_/D (DFFLQNx2_ASAP7_75t_R)
         143.48   data arrival time

   0.00    0.00   clock clk' (fall edge)
   0.00    0.00   clock network delay (ideal)
   0.00    0.00   clock reconvergence pessimism
           0.00 v _10835_/CLK (DFFLQNx2_ASAP7_75t_R)
  14.80   14.80   library hold time
          14.80   data required time
---------------------------------------------------------
          14.80   data required time
        -143.48   data arrival time
---------------------------------------------------------
         128.68   slack (MET)


Startpoint: _10827_ (falling edge-triggered flip-flop clocked by clk')
Endpoint: _10827_ (falling edge-triggered flip-flop clocked by clk')
Path Group: clk
Path Type: min

  Delay    Time   Description
---------------------------------------------------------
   0.00    0.00   clock clk' (fall edge)
   0.00    0.00   clock network delay (ideal)
   0.00    0.00 v _10827_/CLK (DFFLQNx2_ASAP7_75t_R)
  89.71   89.71 v _10827_/QN (DFFLQNx2_ASAP7_75t_R)
  25.27  114.98 ^ _06193_/Y (INVx1_ASAP7_75t_R)
  28.50  143.48 ^ _08259_/Y (AO21x1_ASAP7_75t_R)
   0.00  143.48 ^ _10827_/D (DFFLQNx2_ASAP7_75t_R)
         143.48   data arrival time

   0.00    0.00   clock clk' (fall edge)
   0.00    0.00   clock network delay (ideal)
   0.00    0.00   clock reconvergence pessimism
           0.00 v _10827_/CLK (DFFLQNx2_ASAP7_75t_R)
  14.80   14.80   library hold time
          14.80   data required time
---------------------------------------------------------
          14.80   data required time
        -143.48   data arrival time
---------------------------------------------------------
         128.68   slack (MET)


Startpoint: _10790_ (falling edge-triggered flip-flop clocked by clk')
Endpoint: _10790_ (falling edge-triggered flip-flop clocked by clk')
Path Group: clk
Path Type: min

  Delay    Time   Description
---------------------------------------------------------
   0.00    0.00   clock clk' (fall edge)
   0.00    0.00   clock network delay (ideal)
   0.00    0.00 v _10790_/CLK (DFFLQNx2_ASAP7_75t_R)
  91.91   91.91 v _10790_/QN (DFFLQNx2_ASAP7_75t_R)
  19.17  111.08 ^ _07925_/Y (INVx2_ASAP7_75t_R)
  31.86  142.94 ^ _10331_/Y (AO22x1_ASAP7_75t_R)
   0.00  142.94 ^ _10790_/D (DFFLQNx2_ASAP7_75t_R)
         142.94   data arrival time

   0.00    0.00   clock clk' (fall edge)
   0.00    0.00   clock network delay (ideal)
   0.00    0.00   clock reconvergence pessimism
           0.00 v _10790_/CLK (DFFLQNx2_ASAP7_75t_R)
  13.99   13.99   library hold time
          13.99   data required time
---------------------------------------------------------
          13.99   data required time
        -142.94   data arrival time
---------------------------------------------------------
         128.95   slack (MET)


Startpoint: _10825_ (falling edge-triggered flip-flop clocked by clk')
Endpoint: _10825_ (falling edge-triggered flip-flop clocked by clk')
Path Group: clk
Path Type: min

  Delay    Time   Description
---------------------------------------------------------
   0.00    0.00   clock clk' (fall edge)
   0.00    0.00   clock network delay (ideal)
   0.00    0.00 v _10825_/CLK (DFFLQNx2_ASAP7_75t_R)
  89.53   89.53 v _10825_/QN (DFFLQNx2_ASAP7_75t_R)
  22.04  111.57 ^ _06600_/Y (INVx2_ASAP7_75t_R)
  18.83  130.40 v _08251_/Y (NOR2x1_ASAP7_75t_R)
  12.86  143.27 ^ _08252_/Y (AOI21x1_ASAP7_75t_R)
   0.00  143.27 ^ _10825_/D (DFFLQNx2_ASAP7_75t_R)
         143.27   data arrival time

   0.00    0.00   clock clk' (fall edge)
   0.00    0.00   clock network delay (ideal)
   0.00    0.00   clock reconvergence pessimism
           0.00 v _10825_/CLK (DFFLQNx2_ASAP7_75t_R)
  14.20   14.20   library hold time
          14.20   data required time
---------------------------------------------------------
          14.20   data required time
        -143.27   data arrival time
---------------------------------------------------------
         129.06   slack (MET)


Startpoint: _10754_ (falling edge-triggered flip-flop clocked by clk')
Endpoint: _10754_ (falling edge-triggered flip-flop clocked by clk')
Path Group: clk
Path Type: min

  Delay    Time   Description
---------------------------------------------------------
   0.00    0.00   clock clk' (fall edge)
   0.00    0.00   clock network delay (ideal)
   0.00    0.00 v _10754_/CLK (DFFLQNx2_ASAP7_75t_R)
  94.11   94.11 v _10754_/QN (DFFLQNx2_ASAP7_75t_R)
  22.40  116.51 ^ _06665_/Y (INVx3_ASAP7_75t_R)
  15.07  131.58 v _10034_/Y (OAI21x1_ASAP7_75t_R)
  12.05  143.63 ^ _10035_/Y (AOI21x1_ASAP7_75t_R)
   0.00  143.63 ^ _10754_/D (DFFLQNx2_ASAP7_75t_R)
         143.63   data arrival time

   0.00    0.00   clock clk' (fall edge)
   0.00    0.00   clock network delay (ideal)
   0.00    0.00   clock reconvergence pessimism
           0.00 v _10754_/CLK (DFFLQNx2_ASAP7_75t_R)
  14.40   14.40   library hold time
          14.40   data required time
---------------------------------------------------------
          14.40   data required time
        -143.63   data arrival time
---------------------------------------------------------
         129.23   slack (MET)


Startpoint: _10845_ (falling edge-triggered flip-flop clocked by clk')
Endpoint: _10845_ (falling edge-triggered flip-flop clocked by clk')
Path Group: clk
Path Type: min

  Delay    Time   Description
---------------------------------------------------------
   0.00    0.00   clock clk' (fall edge)
   0.00    0.00   clock network delay (ideal)
   0.00    0.00 v _10845_/CLK (DFFLQNx2_ASAP7_75t_R)
  98.71   98.71 v _10845_/QN (DFFLQNx2_ASAP7_75t_R)
  35.99  134.70 v _08301_/Y (AO21x1_ASAP7_75t_R)
  10.29  144.98 ^ _08302_/Y (OAI21x1_ASAP7_75t_R)
   0.00  144.98 ^ _10845_/D (DFFLQNx2_ASAP7_75t_R)
         144.98   data arrival time

   0.00    0.00   clock clk' (fall edge)
   0.00    0.00   clock network delay (ideal)
   0.00    0.00   clock reconvergence pessimism
           0.00 v _10845_/CLK (DFFLQNx2_ASAP7_75t_R)
  15.21   15.21   library hold time
          15.21   data required time
---------------------------------------------------------
          15.21   data required time
        -144.98   data arrival time
---------------------------------------------------------
         129.77   slack (MET)


Startpoint: _10904_ (falling edge-triggered flip-flop clocked by clk')
Endpoint: _10904_ (falling edge-triggered flip-flop clocked by clk')
Path Group: clk
Path Type: min

  Delay    Time   Description
---------------------------------------------------------
   0.00    0.00   clock clk' (fall edge)
   0.00    0.00   clock network delay (ideal)
   0.00    0.00 v _10904_/CLK (DFFLQNx2_ASAP7_75t_R)
  98.71   98.71 v _10904_/QN (DFFLQNx2_ASAP7_75t_R)
  35.99  134.70 v _08466_/Y (AO21x1_ASAP7_75t_R)
  10.29  144.98 ^ _08467_/Y (OAI21x1_ASAP7_75t_R)
   0.00  144.98 ^ _10904_/D (DFFLQNx2_ASAP7_75t_R)
         144.98   data arrival time

   0.00    0.00   clock clk' (fall edge)
   0.00    0.00   clock network delay (ideal)
   0.00    0.00   clock reconvergence pessimism
           0.00 v _10904_/CLK (DFFLQNx2_ASAP7_75t_R)
  15.21   15.21   library hold time
          15.21   data required time
---------------------------------------------------------
          15.21   data required time
        -144.98   data arrival time
---------------------------------------------------------
         129.77   slack (MET)


Startpoint: _10621_ (falling edge-triggered flip-flop clocked by clk')
Endpoint: _10618_ (falling edge-triggered flip-flop clocked by clk')
Path Group: clk
Path Type: min

  Delay    Time   Description
---------------------------------------------------------
   0.00    0.00   clock clk' (fall edge)
   0.00    0.00   clock network delay (ideal)
   0.00    0.00 v _10621_/CLK (DFFLQNx2_ASAP7_75t_R)
  78.25   78.25 ^ _10621_/QN (DFFLQNx2_ASAP7_75t_R)
  18.40   96.64 v _08736_/Y (INVx1_ASAP7_75t_R)
  16.13  112.77 ^ _08737_/Y (NOR2x1_ASAP7_75t_R)
  15.56  128.33 v _08738_/Y (INVx1_ASAP7_75t_R)
  15.83  144.16 ^ _08772_/Y (AOI21x1_ASAP7_75t_R)
   0.00  144.16 ^ _10618_/D (DFFLQNx2_ASAP7_75t_R)
         144.16   data arrival time

   0.00    0.00   clock clk' (fall edge)
   0.00    0.00   clock network delay (ideal)
   0.00    0.00   clock reconvergence pessimism
           0.00 v _10618_/CLK (DFFLQNx2_ASAP7_75t_R)
  14.37   14.37   library hold time
          14.37   data required time
---------------------------------------------------------
          14.37   data required time
        -144.16   data arrival time
---------------------------------------------------------
         129.79   slack (MET)


Startpoint: _10621_ (falling edge-triggered flip-flop clocked by clk')
Endpoint: _10619_ (falling edge-triggered flip-flop clocked by clk')
Path Group: clk
Path Type: min

  Delay    Time   Description
---------------------------------------------------------
   0.00    0.00   clock clk' (fall edge)
   0.00    0.00   clock network delay (ideal)
   0.00    0.00 v _10621_/CLK (DFFLQNx2_ASAP7_75t_R)
  78.25   78.25 ^ _10621_/QN (DFFLQNx2_ASAP7_75t_R)
  34.34  112.58 ^ _08774_/Y (OA21x2_ASAP7_75t_R)
  10.88  123.47 v _08775_/Y (NOR2x1_ASAP7_75t_R)
   0.00  123.47 v _10619_/D (DFFLQNx2_ASAP7_75t_R)
         123.47   data arrival time

   0.00    0.00   clock clk' (fall edge)
   0.00    0.00   clock network delay (ideal)
   0.00    0.00   clock reconvergence pessimism
           0.00 v _10619_/CLK (DFFLQNx2_ASAP7_75t_R)
  -6.47   -6.47   library hold time
          -6.47   data required time
---------------------------------------------------------
          -6.47   data required time
        -123.47   data arrival time
---------------------------------------------------------
         129.94   slack (MET)


Startpoint: _10589_ (falling edge-triggered flip-flop clocked by clk')
Endpoint: _10589_ (falling edge-triggered flip-flop clocked by clk')
Path Group: clk
Path Type: min

  Delay    Time   Description
---------------------------------------------------------
   0.00    0.00   clock clk' (fall edge)
   0.00    0.00   clock network delay (ideal)
   0.00    0.00 v _10589_/CLK (DFFLQNx2_ASAP7_75t_R)
  89.15   89.15 v _10589_/QN (DFFLQNx2_ASAP7_75t_R)
  17.49  106.64 ^ _05809_/Y (INVx1_ASAP7_75t_R)
  38.26  144.90 ^ _05824_/Y (AO221x1_ASAP7_75t_R)
   0.00  144.90 ^ _10589_/D (DFFLQNx2_ASAP7_75t_R)
         144.90   data arrival time

   0.00    0.00   clock clk' (fall edge)
   0.00    0.00   clock network delay (ideal)
   0.00    0.00   clock reconvergence pessimism
           0.00 v _10589_/CLK (DFFLQNx2_ASAP7_75t_R)
  14.51   14.51   library hold time
          14.51   data required time
---------------------------------------------------------
          14.51   data required time
        -144.90   data arrival time
---------------------------------------------------------
         130.39   slack (MET)


Startpoint: _10712_ (falling edge-triggered flip-flop clocked by clk')
Endpoint: _10712_ (falling edge-triggered flip-flop clocked by clk')
Path Group: clk
Path Type: min

  Delay    Time   Description
---------------------------------------------------------
   0.00    0.00   clock clk' (fall edge)
   0.00    0.00   clock network delay (ideal)
   0.00    0.00 v _10712_/CLK (DFFLQNx3_ASAP7_75t_R)
 100.34  100.34 v _10712_/QN (DFFLQNx3_ASAP7_75t_R)
  19.94  120.28 ^ _09611_/Y (INVx1_ASAP7_75t_R)
  26.90  147.18 ^ _09668_/Y (AO21x1_ASAP7_75t_R)
   0.00  147.18 ^ _10712_/D (DFFLQNx3_ASAP7_75t_R)
         147.18   data arrival time

   0.00    0.00   clock clk' (fall edge)
   0.00    0.00   clock network delay (ideal)
   0.00    0.00   clock reconvergence pessimism
           0.00 v _10712_/CLK (DFFLQNx3_ASAP7_75t_R)
  16.74   16.74   library hold time
          16.74   data required time
---------------------------------------------------------
          16.74   data required time
        -147.18   data arrival time
---------------------------------------------------------
         130.44   slack (MET)


Startpoint: _10714_ (falling edge-triggered flip-flop clocked by clk')
Endpoint: _10714_ (falling edge-triggered flip-flop clocked by clk')
Path Group: clk
Path Type: min

  Delay    Time   Description
---------------------------------------------------------
   0.00    0.00   clock clk' (fall edge)
   0.00    0.00   clock network delay (ideal)
   0.00    0.00 v _10714_/CLK (DFFLQNx3_ASAP7_75t_R)
 100.34  100.34 v _10714_/QN (DFFLQNx3_ASAP7_75t_R)
  19.94  120.28 ^ _09631_/Y (INVx1_ASAP7_75t_R)
  26.90  147.18 ^ _09672_/Y (AO21x1_ASAP7_75t_R)
   0.00  147.18 ^ _10714_/D (DFFLQNx3_ASAP7_75t_R)
         147.18   data arrival time

   0.00    0.00   clock clk' (fall edge)
   0.00    0.00   clock network delay (ideal)
   0.00    0.00   clock reconvergence pessimism
           0.00 v _10714_/CLK (DFFLQNx3_ASAP7_75t_R)
  16.74   16.74   library hold time
          16.74   data required time
---------------------------------------------------------
          16.74   data required time
        -147.18   data arrival time
---------------------------------------------------------
         130.44   slack (MET)


Startpoint: _10717_ (falling edge-triggered flip-flop clocked by clk')
Endpoint: _10717_ (falling edge-triggered flip-flop clocked by clk')
Path Group: clk
Path Type: min

  Delay    Time   Description
---------------------------------------------------------
   0.00    0.00   clock clk' (fall edge)
   0.00    0.00   clock network delay (ideal)
   0.00    0.00 v _10717_/CLK (DFFLQNx3_ASAP7_75t_R)
 100.34  100.34 v _10717_/QN (DFFLQNx3_ASAP7_75t_R)
  19.94  120.28 ^ _09307_/Y (INVx1_ASAP7_75t_R)
  26.90  147.18 ^ _09678_/Y (AO21x1_ASAP7_75t_R)
   0.00  147.18 ^ _10717_/D (DFFLQNx3_ASAP7_75t_R)
         147.18   data arrival time

   0.00    0.00   clock clk' (fall edge)
   0.00    0.00   clock network delay (ideal)
   0.00    0.00   clock reconvergence pessimism
           0.00 v _10717_/CLK (DFFLQNx3_ASAP7_75t_R)
  16.74   16.74   library hold time
          16.74   data required time
---------------------------------------------------------
          16.74   data required time
        -147.18   data arrival time
---------------------------------------------------------
         130.44   slack (MET)


Startpoint: _10718_ (falling edge-triggered flip-flop clocked by clk')
Endpoint: _10718_ (falling edge-triggered flip-flop clocked by clk')
Path Group: clk
Path Type: min

  Delay    Time   Description
---------------------------------------------------------
   0.00    0.00   clock clk' (fall edge)
   0.00    0.00   clock network delay (ideal)
   0.00    0.00 v _10718_/CLK (DFFLQNx3_ASAP7_75t_R)
 100.34  100.34 v _10718_/QN (DFFLQNx3_ASAP7_75t_R)
  19.94  120.28 ^ _09327_/Y (INVx1_ASAP7_75t_R)
  26.90  147.18 ^ _09680_/Y (AO21x1_ASAP7_75t_R)
   0.00  147.18 ^ _10718_/D (DFFLQNx3_ASAP7_75t_R)
         147.18   data arrival time

   0.00    0.00   clock clk' (fall edge)
   0.00    0.00   clock network delay (ideal)
   0.00    0.00   clock reconvergence pessimism
           0.00 v _10718_/CLK (DFFLQNx3_ASAP7_75t_R)
  16.74   16.74   library hold time
          16.74   data required time
---------------------------------------------------------
          16.74   data required time
        -147.18   data arrival time
---------------------------------------------------------
         130.44   slack (MET)


Startpoint: _10925_ (falling edge-triggered flip-flop clocked by clk')
Endpoint: _10925_ (falling edge-triggered flip-flop clocked by clk')
Path Group: clk
Path Type: min

  Delay    Time   Description
---------------------------------------------------------
   0.00    0.00   clock clk' (fall edge)
   0.00    0.00   clock network delay (ideal)
   0.00    0.00 v _10925_/CLK (DFFLQNx2_ASAP7_75t_R)
  95.36   95.36 v _10925_/QN (DFFLQNx2_ASAP7_75t_R)
  38.56  133.92 v _08514_/Y (AND2x2_ASAP7_75t_R)
  11.19  145.11 ^ _08515_/Y (AOI21x1_ASAP7_75t_R)
   0.00  145.11 ^ _10925_/D (DFFLQNx2_ASAP7_75t_R)
         145.11   data arrival time

   0.00    0.00   clock clk' (fall edge)
   0.00    0.00   clock network delay (ideal)
   0.00    0.00   clock reconvergence pessimism
           0.00 v _10925_/CLK (DFFLQNx2_ASAP7_75t_R)
  14.60   14.60   library hold time
          14.60   data required time
---------------------------------------------------------
          14.60   data required time
        -145.11   data arrival time
---------------------------------------------------------
         130.51   slack (MET)


Startpoint: _10901_ (falling edge-triggered flip-flop clocked by clk')
Endpoint: _10901_ (falling edge-triggered flip-flop clocked by clk')
Path Group: clk
Path Type: min

  Delay    Time   Description
---------------------------------------------------------
   0.00    0.00   clock clk' (fall edge)
   0.00    0.00   clock network delay (ideal)
   0.00    0.00 v _10901_/CLK (DFFLQNx2_ASAP7_75t_R)
  91.65   91.65 v _10901_/QN (DFFLQNx2_ASAP7_75t_R)
  22.41  114.06 ^ _06922_/Y (INVx1_ASAP7_75t_R)
  18.93  132.99 v _08457_/Y (NOR2x1_ASAP7_75t_R)
  11.97  144.96 ^ _08458_/Y (AOI21x1_ASAP7_75t_R)
   0.00  144.96 ^ _10901_/D (DFFLQNx2_ASAP7_75t_R)
         144.96   data arrival time

   0.00    0.00   clock clk' (fall edge)
   0.00    0.00   clock network delay (ideal)
   0.00    0.00   clock reconvergence pessimism
           0.00 v _10901_/CLK (DFFLQNx2_ASAP7_75t_R)
  14.42   14.42   library hold time
          14.42   data required time
---------------------------------------------------------
          14.42   data required time
        -144.96   data arrival time
---------------------------------------------------------
         130.54   slack (MET)


Startpoint: _10659_ (falling edge-triggered flip-flop clocked by clk')
Endpoint: _10659_ (falling edge-triggered flip-flop clocked by clk')
Path Group: clk
Path Type: min

  Delay    Time   Description
---------------------------------------------------------
   0.00    0.00   clock clk' (fall edge)
   0.00    0.00   clock network delay (ideal)
   0.00    0.00 v _10659_/CLK (DFFLQNx3_ASAP7_75t_R)
 100.34  100.34 v _10659_/QN (DFFLQNx3_ASAP7_75t_R)
  20.12  120.45 ^ _07865_/Y (INVx1_ASAP7_75t_R)
  26.95  147.40 ^ _07868_/Y (AO21x1_ASAP7_75t_R)
   0.00  147.40 ^ _10659_/D (DFFLQNx3_ASAP7_75t_R)
         147.40   data arrival time

   0.00    0.00   clock clk' (fall edge)
   0.00    0.00   clock network delay (ideal)
   0.00    0.00   clock reconvergence pessimism
           0.00 v _10659_/CLK (DFFLQNx3_ASAP7_75t_R)
  16.75   16.75   library hold time
          16.75   data required time
---------------------------------------------------------
          16.75   data required time
        -147.40   data arrival time
---------------------------------------------------------
         130.65   slack (MET)


Startpoint: _10813_ (falling edge-triggered flip-flop clocked by clk')
Endpoint: _10813_ (falling edge-triggered flip-flop clocked by clk')
Path Group: clk
Path Type: min

  Delay    Time   Description
---------------------------------------------------------
   0.00    0.00   clock clk' (fall edge)
   0.00    0.00   clock network delay (ideal)
   0.00    0.00 v _10813_/CLK (DFFLQNx2_ASAP7_75t_R)
  92.19   92.19 v _10813_/QN (DFFLQNx2_ASAP7_75t_R)
  22.58  114.76 ^ _06561_/Y (INVx1_ASAP7_75t_R)
  18.98  133.74 v _08209_/Y (NOR2x1_ASAP7_75t_R)
  11.53  145.27 ^ _08210_/Y (AOI21x1_ASAP7_75t_R)
   0.00  145.27 ^ _10813_/D (DFFLQNx2_ASAP7_75t_R)
         145.27   data arrival time

   0.00    0.00   clock clk' (fall edge)
   0.00    0.00   clock network delay (ideal)
   0.00    0.00   clock reconvergence pessimism
           0.00 v _10813_/CLK (DFFLQNx2_ASAP7_75t_R)
  14.52   14.52   library hold time
          14.52   data required time
---------------------------------------------------------
          14.52   data required time
        -145.27   data arrival time
---------------------------------------------------------
         130.75   slack (MET)


Startpoint: _10815_ (falling edge-triggered flip-flop clocked by clk')
Endpoint: _10815_ (falling edge-triggered flip-flop clocked by clk')
Path Group: clk
Path Type: min

  Delay    Time   Description
---------------------------------------------------------
   0.00    0.00   clock clk' (fall edge)
   0.00    0.00   clock network delay (ideal)
   0.00    0.00 v _10815_/CLK (DFFLQNx2_ASAP7_75t_R)
  92.19   92.19 v _10815_/QN (DFFLQNx2_ASAP7_75t_R)
  22.58  114.76 ^ _06609_/Y (INVx1_ASAP7_75t_R)
  18.98  133.74 v _08224_/Y (NOR2x1_ASAP7_75t_R)
  11.53  145.27 ^ _08225_/Y (AOI21x1_ASAP7_75t_R)
   0.00  145.27 ^ _10815_/D (DFFLQNx2_ASAP7_75t_R)
         145.27   data arrival time

   0.00    0.00   clock clk' (fall edge)
   0.00    0.00   clock network delay (ideal)
   0.00    0.00   clock reconvergence pessimism
           0.00 v _10815_/CLK (DFFLQNx2_ASAP7_75t_R)
  14.52   14.52   library hold time
          14.52   data required time
---------------------------------------------------------
          14.52   data required time
        -145.27   data arrival time
---------------------------------------------------------
         130.75   slack (MET)


Startpoint: _10856_ (falling edge-triggered flip-flop clocked by clk')
Endpoint: _10856_ (falling edge-triggered flip-flop clocked by clk')
Path Group: clk
Path Type: min

  Delay    Time   Description
---------------------------------------------------------
   0.00    0.00   clock clk' (fall edge)
   0.00    0.00   clock network delay (ideal)
   0.00    0.00 v _10856_/CLK (DFFLQNx2_ASAP7_75t_R)
  92.19   92.19 v _10856_/QN (DFFLQNx2_ASAP7_75t_R)
  22.58  114.76 ^ _06558_/Y (INVx1_ASAP7_75t_R)
  18.98  133.74 v _08329_/Y (NOR2x1_ASAP7_75t_R)
  11.57  145.31 ^ _08330_/Y (AOI21x1_ASAP7_75t_R)
   0.00  145.31 ^ _10856_/D (DFFLQNx2_ASAP7_75t_R)
         145.31   data arrival time

   0.00    0.00   clock clk' (fall edge)
   0.00    0.00   clock network delay (ideal)
   0.00    0.00   clock reconvergence pessimism
           0.00 v _10856_/CLK (DFFLQNx2_ASAP7_75t_R)
  14.51   14.51   library hold time
          14.51   data required time
---------------------------------------------------------
          14.51   data required time
        -145.31   data arrival time
---------------------------------------------------------
         130.79   slack (MET)


Startpoint: _10858_ (falling edge-triggered flip-flop clocked by clk')
Endpoint: _10858_ (falling edge-triggered flip-flop clocked by clk')
Path Group: clk
Path Type: min

  Delay    Time   Description
---------------------------------------------------------
   0.00    0.00   clock clk' (fall edge)
   0.00    0.00   clock network delay (ideal)
   0.00    0.00 v _10858_/CLK (DFFLQNx2_ASAP7_75t_R)
  92.19   92.19 v _10858_/QN (DFFLQNx2_ASAP7_75t_R)
  22.58  114.76 ^ _06614_/Y (INVx1_ASAP7_75t_R)
  18.98  133.74 v _08333_/Y (NOR2x1_ASAP7_75t_R)
  11.57  145.31 ^ _08334_/Y (AOI21x1_ASAP7_75t_R)
   0.00  145.31 ^ _10858_/D (DFFLQNx2_ASAP7_75t_R)
         145.31   data arrival time

   0.00    0.00   clock clk' (fall edge)
   0.00    0.00   clock network delay (ideal)
   0.00    0.00   clock reconvergence pessimism
           0.00 v _10858_/CLK (DFFLQNx2_ASAP7_75t_R)
  14.51   14.51   library hold time
          14.51   data required time
---------------------------------------------------------
          14.51   data required time
        -145.31   data arrival time
---------------------------------------------------------
         130.79   slack (MET)


Startpoint: _10812_ (falling edge-triggered flip-flop clocked by clk')
Endpoint: _10812_ (falling edge-triggered flip-flop clocked by clk')
Path Group: clk
Path Type: min

  Delay    Time   Description
---------------------------------------------------------
   0.00    0.00   clock clk' (fall edge)
   0.00    0.00   clock network delay (ideal)
   0.00    0.00 v _10812_/CLK (DFFLQNx2_ASAP7_75t_R)
  91.23   91.23 v _10812_/QN (DFFLQNx2_ASAP7_75t_R)
  25.83  117.06 ^ _06531_/Y (INVx1_ASAP7_75t_R)
  28.59  145.65 ^ _08202_/Y (AO21x1_ASAP7_75t_R)
   0.00  145.65 ^ _10812_/D (DFFLQNx2_ASAP7_75t_R)
         145.65   data arrival time

   0.00    0.00   clock clk' (fall edge)
   0.00    0.00   clock network delay (ideal)
   0.00    0.00   clock reconvergence pessimism
           0.00 v _10812_/CLK (DFFLQNx2_ASAP7_75t_R)
  14.81   14.81   library hold time
          14.81   data required time
---------------------------------------------------------
          14.81   data required time
        -145.65   data arrival time
---------------------------------------------------------
         130.84   slack (MET)


Startpoint: _10922_ (falling edge-triggered flip-flop clocked by clk')
Endpoint: _10922_ (falling edge-triggered flip-flop clocked by clk')
Path Group: clk
Path Type: min

  Delay    Time   Description
---------------------------------------------------------
   0.00    0.00   clock clk' (fall edge)
   0.00    0.00   clock network delay (ideal)
   0.00    0.00 v _10922_/CLK (DFFLQNx2_ASAP7_75t_R)
  91.23   91.23 v _10922_/QN (DFFLQNx2_ASAP7_75t_R)
  25.83  117.06 ^ _06892_/Y (INVx1_ASAP7_75t_R)
  28.59  145.65 ^ _08509_/Y (AO21x1_ASAP7_75t_R)
   0.00  145.65 ^ _10922_/D (DFFLQNx2_ASAP7_75t_R)
         145.65   data arrival time

   0.00    0.00   clock clk' (fall edge)
   0.00    0.00   clock network delay (ideal)
   0.00    0.00   clock reconvergence pessimism
           0.00 v _10922_/CLK (DFFLQNx2_ASAP7_75t_R)
  14.81   14.81   library hold time
          14.81   data required time
---------------------------------------------------------
          14.81   data required time
        -145.65   data arrival time
---------------------------------------------------------
         130.84   slack (MET)


Startpoint: _10822_ (falling edge-triggered flip-flop clocked by clk')
Endpoint: _10822_ (falling edge-triggered flip-flop clocked by clk')
Path Group: clk
Path Type: min

  Delay    Time   Description
---------------------------------------------------------
   0.00    0.00   clock clk' (fall edge)
   0.00    0.00   clock network delay (ideal)
   0.00    0.00 v _10822_/CLK (DFFLQNx2_ASAP7_75t_R)
  91.23   91.23 v _10822_/QN (DFFLQNx2_ASAP7_75t_R)
  25.83  117.06 ^ _06540_/Y (INVx1_ASAP7_75t_R)
  28.59  145.65 ^ _08246_/Y (AO21x1_ASAP7_75t_R)
   0.00  145.65 ^ _10822_/D (DFFLQNx2_ASAP7_75t_R)
         145.65   data arrival time

   0.00    0.00   clock clk' (fall edge)
   0.00    0.00   clock network delay (ideal)
   0.00    0.00   clock reconvergence pessimism
           0.00 v _10822_/CLK (DFFLQNx2_ASAP7_75t_R)
  14.81   14.81   library hold time
          14.81   data required time
---------------------------------------------------------
          14.81   data required time
        -145.65   data arrival time
---------------------------------------------------------
         130.84   slack (MET)


Startpoint: _10885_ (falling edge-triggered flip-flop clocked by clk')
Endpoint: _10885_ (falling edge-triggered flip-flop clocked by clk')
Path Group: clk
Path Type: min

  Delay    Time   Description
---------------------------------------------------------
   0.00    0.00   clock clk' (fall edge)
   0.00    0.00   clock network delay (ideal)
   0.00    0.00 v _10885_/CLK (DFFLQNx2_ASAP7_75t_R)
  91.23   91.23 v _10885_/QN (DFFLQNx2_ASAP7_75t_R)
  25.83  117.06 ^ _06906_/Y (INVx1_ASAP7_75t_R)
  28.59  145.65 ^ _08399_/Y (AO21x1_ASAP7_75t_R)
   0.00  145.65 ^ _10885_/D (DFFLQNx2_ASAP7_75t_R)
         145.65   data arrival time

   0.00    0.00   clock clk' (fall edge)
   0.00    0.00   clock network delay (ideal)
   0.00    0.00   clock reconvergence pessimism
           0.00 v _10885_/CLK (DFFLQNx2_ASAP7_75t_R)
  14.81   14.81   library hold time
          14.81   data required time
---------------------------------------------------------
          14.81   data required time
        -145.65   data arrival time
---------------------------------------------------------
         130.85   slack (MET)


Startpoint: _10930_ (falling edge-triggered flip-flop clocked by clk')
Endpoint: _10930_ (falling edge-triggered flip-flop clocked by clk')
Path Group: clk
Path Type: min

  Delay    Time   Description
---------------------------------------------------------
   0.00    0.00   clock clk' (fall edge)
   0.00    0.00   clock network delay (ideal)
   0.00    0.00 v _10930_/CLK (DFFLQNx2_ASAP7_75t_R)
  91.23   91.23 v _10930_/QN (DFFLQNx2_ASAP7_75t_R)
  25.83  117.06 ^ _06901_/Y (INVx1_ASAP7_75t_R)
  28.59  145.65 ^ _08527_/Y (AO21x1_ASAP7_75t_R)
   0.00  145.65 ^ _10930_/D (DFFLQNx2_ASAP7_75t_R)
         145.65   data arrival time

   0.00    0.00   clock clk' (fall edge)
   0.00    0.00   clock network delay (ideal)
   0.00    0.00   clock reconvergence pessimism
           0.00 v _10930_/CLK (DFFLQNx2_ASAP7_75t_R)
  14.80   14.80   library hold time
          14.80   data required time
---------------------------------------------------------
          14.80   data required time
        -145.65   data arrival time
---------------------------------------------------------
         130.85   slack (MET)


Startpoint: _10716_ (falling edge-triggered flip-flop clocked by clk')
Endpoint: _10716_ (falling edge-triggered flip-flop clocked by clk')
Path Group: clk
Path Type: min

  Delay    Time   Description
---------------------------------------------------------
   0.00    0.00   clock clk' (fall edge)
   0.00    0.00   clock network delay (ideal)
   0.00    0.00 v _10716_/CLK (DFFLQNx3_ASAP7_75t_R)
 100.34  100.34 v _10716_/QN (DFFLQNx3_ASAP7_75t_R)
  20.32  120.65 ^ _09649_/Y (INVx1_ASAP7_75t_R)
  27.00  147.65 ^ _09676_/Y (AO21x1_ASAP7_75t_R)
   0.00  147.65 ^ _10716_/D (DFFLQNx3_ASAP7_75t_R)
         147.65   data arrival time

   0.00    0.00   clock clk' (fall edge)
   0.00    0.00   clock network delay (ideal)
   0.00    0.00   clock reconvergence pessimism
           0.00 v _10716_/CLK (DFFLQNx3_ASAP7_75t_R)
  16.74   16.74   library hold time
          16.74   data required time
---------------------------------------------------------
          16.74   data required time
        -147.65   data arrival time
---------------------------------------------------------
         130.91   slack (MET)


Startpoint: _10720_ (falling edge-triggered flip-flop clocked by clk')
Endpoint: _10720_ (falling edge-triggered flip-flop clocked by clk')
Path Group: clk
Path Type: min

  Delay    Time   Description
---------------------------------------------------------
   0.00    0.00   clock clk' (fall edge)
   0.00    0.00   clock network delay (ideal)
   0.00    0.00 v _10720_/CLK (DFFLQNx3_ASAP7_75t_R)
 100.34  100.34 v _10720_/QN (DFFLQNx3_ASAP7_75t_R)
  20.32  120.65 ^ _09391_/Y (INVx1_ASAP7_75t_R)
  27.00  147.65 ^ _09685_/Y (AO21x1_ASAP7_75t_R)
   0.00  147.65 ^ _10720_/D (DFFLQNx3_ASAP7_75t_R)
         147.65   data arrival time

   0.00    0.00   clock clk' (fall edge)
   0.00    0.00   clock network delay (ideal)
   0.00    0.00   clock reconvergence pessimism
           0.00 v _10720_/CLK (DFFLQNx3_ASAP7_75t_R)
  16.74   16.74   library hold time
          16.74   data required time
---------------------------------------------------------
          16.74   data required time
        -147.65   data arrival time
---------------------------------------------------------
         130.91   slack (MET)


Startpoint: _10722_ (falling edge-triggered flip-flop clocked by clk')
Endpoint: _10722_ (falling edge-triggered flip-flop clocked by clk')
Path Group: clk
Path Type: min

  Delay    Time   Description
---------------------------------------------------------
   0.00    0.00   clock clk' (fall edge)
   0.00    0.00   clock network delay (ideal)
   0.00    0.00 v _10722_/CLK (DFFLQNx3_ASAP7_75t_R)
 100.34  100.34 v _10722_/QN (DFFLQNx3_ASAP7_75t_R)
  20.32  120.65 ^ _09433_/Y (INVx1_ASAP7_75t_R)
  27.00  147.65 ^ _09690_/Y (AO21x1_ASAP7_75t_R)
   0.00  147.65 ^ _10722_/D (DFFLQNx3_ASAP7_75t_R)
         147.65   data arrival time

   0.00    0.00   clock clk' (fall edge)
   0.00    0.00   clock network delay (ideal)
   0.00    0.00   clock reconvergence pessimism
           0.00 v _10722_/CLK (DFFLQNx3_ASAP7_75t_R)
  16.74   16.74   library hold time
          16.74   data required time
---------------------------------------------------------
          16.74   data required time
        -147.65   data arrival time
---------------------------------------------------------
         130.91   slack (MET)


Startpoint: _10660_ (falling edge-triggered flip-flop clocked by clk')
Endpoint: _10660_ (falling edge-triggered flip-flop clocked by clk')
Path Group: clk
Path Type: min

  Delay    Time   Description
---------------------------------------------------------
   0.00    0.00   clock clk' (fall edge)
   0.00    0.00   clock network delay (ideal)
   0.00    0.00 v _10660_/CLK (DFFLQNx3_ASAP7_75t_R)
 100.34  100.34 v _10660_/QN (DFFLQNx3_ASAP7_75t_R)
  20.33  120.67 ^ _07869_/Y (INVx1_ASAP7_75t_R)
  27.00  147.67 ^ _07871_/Y (AO21x1_ASAP7_75t_R)
   0.00  147.67 ^ _10660_/D (DFFLQNx3_ASAP7_75t_R)
         147.67   data arrival time

   0.00    0.00   clock clk' (fall edge)
   0.00    0.00   clock network delay (ideal)
   0.00    0.00   clock reconvergence pessimism
           0.00 v _10660_/CLK (DFFLQNx3_ASAP7_75t_R)
  16.75   16.75   library hold time
          16.75   data required time
---------------------------------------------------------
          16.75   data required time
        -147.67   data arrival time
---------------------------------------------------------
         130.92   slack (MET)


Startpoint: _10893_ (falling edge-triggered flip-flop clocked by clk')
Endpoint: _10893_ (falling edge-triggered flip-flop clocked by clk')
Path Group: clk
Path Type: min

  Delay    Time   Description
---------------------------------------------------------
   0.00    0.00   clock clk' (fall edge)
   0.00    0.00   clock network delay (ideal)
   0.00    0.00 v _10893_/CLK (DFFLQNx2_ASAP7_75t_R)
  76.44   76.44 ^ _10893_/QN (DFFLQNx2_ASAP7_75t_R)
  17.49   93.93 v _05644_/Y (INVx1_ASAP7_75t_R)
  29.99  123.92 v _05863_/Y (AO32x1_ASAP7_75t_R)
   0.00  123.92 v _10893_/D (DFFLQNx2_ASAP7_75t_R)
         123.92   data arrival time

   0.00    0.00   clock clk' (fall edge)
   0.00    0.00   clock network delay (ideal)
   0.00    0.00   clock reconvergence pessimism
           0.00 v _10893_/CLK (DFFLQNx2_ASAP7_75t_R)
  -7.00   -7.00   library hold time
          -7.00   data required time
---------------------------------------------------------
          -7.00   data required time
        -123.92   data arrival time
---------------------------------------------------------
         130.92   slack (MET)


Startpoint: _10715_ (falling edge-triggered flip-flop clocked by clk')
Endpoint: _10715_ (falling edge-triggered flip-flop clocked by clk')
Path Group: clk
Path Type: min

  Delay    Time   Description
---------------------------------------------------------
   0.00    0.00   clock clk' (fall edge)
   0.00    0.00   clock network delay (ideal)
   0.00    0.00 v _10715_/CLK (DFFLQNx3_ASAP7_75t_R)
 100.34  100.34 v _10715_/QN (DFFLQNx3_ASAP7_75t_R)
  20.33  120.67 ^ _09642_/Y (INVx1_ASAP7_75t_R)
  27.00  147.67 ^ _09674_/Y (AO21x1_ASAP7_75t_R)
   0.00  147.67 ^ _10715_/D (DFFLQNx3_ASAP7_75t_R)
         147.67   data arrival time

   0.00    0.00   clock clk' (fall edge)
   0.00    0.00   clock network delay (ideal)
   0.00    0.00   clock reconvergence pessimism
           0.00 v _10715_/CLK (DFFLQNx3_ASAP7_75t_R)
  16.74   16.74   library hold time
          16.74   data required time
---------------------------------------------------------
          16.74   data required time
        -147.67   data arrival time
---------------------------------------------------------
         130.93   slack (MET)


Startpoint: _10864_ (falling edge-triggered flip-flop clocked by clk')
Endpoint: _10864_ (falling edge-triggered flip-flop clocked by clk')
Path Group: clk
Path Type: min

  Delay    Time   Description
---------------------------------------------------------
   0.00    0.00   clock clk' (fall edge)
   0.00    0.00   clock network delay (ideal)
   0.00    0.00 v _10864_/CLK (DFFLQNx2_ASAP7_75t_R)
  95.70   95.70 v _10864_/QN (DFFLQNx2_ASAP7_75t_R)
  38.66  134.36 v _08348_/Y (AND2x2_ASAP7_75t_R)
  11.19  145.55 ^ _08349_/Y (AOI21x1_ASAP7_75t_R)
   0.00  145.55 ^ _10864_/D (DFFLQNx2_ASAP7_75t_R)
         145.55   data arrival time

   0.00    0.00   clock clk' (fall edge)
   0.00    0.00   clock network delay (ideal)
   0.00    0.00   clock reconvergence pessimism
           0.00 v _10864_/CLK (DFFLQNx2_ASAP7_75t_R)
  14.60   14.60   library hold time
          14.60   data required time
---------------------------------------------------------
          14.60   data required time
        -145.55   data arrival time
---------------------------------------------------------
         130.94   slack (MET)


Startpoint: _10819_ (falling edge-triggered flip-flop clocked by clk')
Endpoint: _10819_ (falling edge-triggered flip-flop clocked by clk')
Path Group: clk
Path Type: min

  Delay    Time   Description
---------------------------------------------------------
   0.00    0.00   clock clk' (fall edge)
   0.00    0.00   clock network delay (ideal)
   0.00    0.00 v _10819_/CLK (DFFLQNx2_ASAP7_75t_R)
  89.71   89.71 v _10819_/QN (DFFLQNx2_ASAP7_75t_R)
  27.08  116.79 ^ _06203_/Y (INVx1_ASAP7_75t_R)
  29.22  146.01 ^ _08240_/Y (AO21x1_ASAP7_75t_R)
   0.00  146.01 ^ _10819_/D (DFFLQNx2_ASAP7_75t_R)
         146.01   data arrival time

   0.00    0.00   clock clk' (fall edge)
   0.00    0.00   clock network delay (ideal)
   0.00    0.00   clock reconvergence pessimism
           0.00 v _10819_/CLK (DFFLQNx2_ASAP7_75t_R)
  14.80   14.80   library hold time
          14.80   data required time
---------------------------------------------------------
          14.80   data required time
        -146.01   data arrival time
---------------------------------------------------------
         131.21   slack (MET)


Startpoint: _10600_ (falling edge-triggered flip-flop clocked by clk')
Endpoint: _10594_ (falling edge-triggered flip-flop clocked by clk')
Path Group: clk
Path Type: min

  Delay    Time   Description
---------------------------------------------------------
   0.00    0.00   clock clk' (fall edge)
   0.00    0.00   clock network delay (ideal)
   0.00    0.00 v _10600_/CLK (DFFLQNx2_ASAP7_75t_R)
  89.53   89.53 v _10600_/QN (DFFLQNx2_ASAP7_75t_R)
  17.73  107.26 ^ _06778_/Y (INVx2_ASAP7_75t_R)
  38.40  145.67 ^ _08611_/Y (AO221x1_ASAP7_75t_R)
   0.00  145.67 ^ _10594_/D (DFFLQNx2_ASAP7_75t_R)
         145.67   data arrival time

   0.00    0.00   clock clk' (fall edge)
   0.00    0.00   clock network delay (ideal)
   0.00    0.00   clock reconvergence pessimism
           0.00 v _10594_/CLK (DFFLQNx2_ASAP7_75t_R)
  14.40   14.40   library hold time
          14.40   data required time
---------------------------------------------------------
          14.40   data required time
        -145.67   data arrival time
---------------------------------------------------------
         131.26   slack (MET)


Startpoint: _10587_ (falling edge-triggered flip-flop clocked by clk')
Endpoint: _10587_ (falling edge-triggered flip-flop clocked by clk')
Path Group: clk
Path Type: min

  Delay    Time   Description
---------------------------------------------------------
   0.00    0.00   clock clk' (fall edge)
   0.00    0.00   clock network delay (ideal)
   0.00    0.00 v _10587_/CLK (DFFLQNx2_ASAP7_75t_R)
  89.40   89.40 v _10587_/QN (DFFLQNx2_ASAP7_75t_R)
  17.94  107.34 ^ _05846_/Y (INVx1_ASAP7_75t_R)
  38.46  145.81 ^ _05860_/Y (AO221x1_ASAP7_75t_R)
   0.00  145.81 ^ _10587_/D (DFFLQNx2_ASAP7_75t_R)
         145.81   data arrival time

   0.00    0.00   clock clk' (fall edge)
   0.00    0.00   clock network delay (ideal)
   0.00    0.00   clock reconvergence pessimism
           0.00 v _10587_/CLK (DFFLQNx2_ASAP7_75t_R)
  14.50   14.50   library hold time
          14.50   data required time
---------------------------------------------------------
          14.50   data required time
        -145.81   data arrival time
---------------------------------------------------------
         131.30   slack (MET)


Startpoint: _10615_ (falling edge-triggered flip-flop clocked by clk')
Endpoint: _10785_ (falling edge-triggered flip-flop clocked by clk')
Path Group: clk
Path Type: min

  Delay    Time   Description
---------------------------------------------------------
   0.00    0.00   clock clk' (fall edge)
   0.00    0.00   clock network delay (ideal)
   0.00    0.00 v _10615_/CLK (DFFLQNx2_ASAP7_75t_R)
  76.34   76.34 ^ _10615_/QN (DFFLQNx2_ASAP7_75t_R)
  41.44  117.78 ^ _10239_/Y (AND3x2_ASAP7_75t_R)
  28.82  146.60 ^ _10241_/Y (OA21x2_ASAP7_75t_R)
   0.00  146.60 ^ _10785_/D (DFFLQNx2_ASAP7_75t_R)
         146.60   data arrival time

   0.00    0.00   clock clk' (fall edge)
   0.00    0.00   clock network delay (ideal)
   0.00    0.00   clock reconvergence pessimism
           0.00 v _10785_/CLK (DFFLQNx2_ASAP7_75t_R)
  15.05   15.05   library hold time
          15.05   data required time
---------------------------------------------------------
          15.05   data required time
        -146.60   data arrival time
---------------------------------------------------------
         131.55   slack (MET)


Startpoint: _10865_ (falling edge-triggered flip-flop clocked by clk')
Endpoint: _10865_ (falling edge-triggered flip-flop clocked by clk')
Path Group: clk
Path Type: min

  Delay    Time   Description
---------------------------------------------------------
   0.00    0.00   clock clk' (fall edge)
   0.00    0.00   clock network delay (ideal)
   0.00    0.00 v _10865_/CLK (DFFLQNx2_ASAP7_75t_R)
  93.03   93.03 v _10865_/QN (DFFLQNx2_ASAP7_75t_R)
  22.84  115.88 ^ _07529_/Y (INVx1_ASAP7_75t_R)
  19.06  134.94 v _08350_/Y (NOR2x1_ASAP7_75t_R)
  11.21  146.15 ^ _08351_/Y (AOI21x1_ASAP7_75t_R)
   0.00  146.15 ^ _10865_/D (DFFLQNx2_ASAP7_75t_R)
         146.15   data arrival time

   0.00    0.00   clock clk' (fall edge)
   0.00    0.00   clock network delay (ideal)
   0.00    0.00   clock reconvergence pessimism
           0.00 v _10865_/CLK (DFFLQNx2_ASAP7_75t_R)
  14.60   14.60   library hold time
          14.60   data required time
---------------------------------------------------------
          14.60   data required time
        -146.15   data arrival time
---------------------------------------------------------
         131.55   slack (MET)


Startpoint: _10713_ (falling edge-triggered flip-flop clocked by clk')
Endpoint: _10713_ (falling edge-triggered flip-flop clocked by clk')
Path Group: clk
Path Type: min

  Delay    Time   Description
---------------------------------------------------------
   0.00    0.00   clock clk' (fall edge)
   0.00    0.00   clock network delay (ideal)
   0.00    0.00 v _10713_/CLK (DFFLQNx3_ASAP7_75t_R)
 100.34  100.34 v _10713_/QN (DFFLQNx3_ASAP7_75t_R)
  20.94  121.28 ^ _09623_/Y (INVx1_ASAP7_75t_R)
  27.16  148.45 ^ _09670_/Y (AO21x1_ASAP7_75t_R)
   0.00  148.45 ^ _10713_/D (DFFLQNx3_ASAP7_75t_R)
         148.45   data arrival time

   0.00    0.00   clock clk' (fall edge)
   0.00    0.00   clock network delay (ideal)
   0.00    0.00   clock reconvergence pessimism
           0.00 v _10713_/CLK (DFFLQNx3_ASAP7_75t_R)
  16.74   16.74   library hold time
          16.74   data required time
---------------------------------------------------------
          16.74   data required time
        -148.45   data arrival time
---------------------------------------------------------
         131.71   slack (MET)


Startpoint: _10723_ (falling edge-triggered flip-flop clocked by clk')
Endpoint: _10723_ (falling edge-triggered flip-flop clocked by clk')
Path Group: clk
Path Type: min

  Delay    Time   Description
---------------------------------------------------------
   0.00    0.00   clock clk' (fall edge)
   0.00    0.00   clock network delay (ideal)
   0.00    0.00 v _10723_/CLK (DFFLQNx3_ASAP7_75t_R)
 100.34  100.34 v _10723_/QN (DFFLQNx3_ASAP7_75t_R)
  20.94  121.28 ^ _09449_/Y (INVx1_ASAP7_75t_R)
  27.16  148.45 ^ _09692_/Y (AO21x1_ASAP7_75t_R)
   0.00  148.45 ^ _10723_/D (DFFLQNx3_ASAP7_75t_R)
         148.45   data arrival time

   0.00    0.00   clock clk' (fall edge)
   0.00    0.00   clock network delay (ideal)
   0.00    0.00   clock reconvergence pessimism
           0.00 v _10723_/CLK (DFFLQNx3_ASAP7_75t_R)
  16.74   16.74   library hold time
          16.74   data required time
---------------------------------------------------------
          16.74   data required time
        -148.45   data arrival time
---------------------------------------------------------
         131.71   slack (MET)


Startpoint: _10859_ (falling edge-triggered flip-flop clocked by clk')
Endpoint: _10859_ (falling edge-triggered flip-flop clocked by clk')
Path Group: clk
Path Type: min

  Delay    Time   Description
---------------------------------------------------------
   0.00    0.00   clock clk' (fall edge)
   0.00    0.00   clock network delay (ideal)
   0.00    0.00 v _10859_/CLK (DFFLQNx2_ASAP7_75t_R)
  92.40   92.40 v _10859_/QN (DFFLQNx2_ASAP7_75t_R)
  23.54  115.94 ^ _06175_/Y (INVx1_ASAP7_75t_R)
  19.35  135.29 v _08337_/Y (NOR2x1_ASAP7_75t_R)
  11.21  146.50 ^ _08338_/Y (AOI21x1_ASAP7_75t_R)
   0.00  146.50 ^ _10859_/D (DFFLQNx2_ASAP7_75t_R)
         146.50   data arrival time

   0.00    0.00   clock clk' (fall edge)
   0.00    0.00   clock network delay (ideal)
   0.00    0.00   clock reconvergence pessimism
           0.00 v _10859_/CLK (DFFLQNx2_ASAP7_75t_R)
  14.60   14.60   library hold time
          14.60   data required time
---------------------------------------------------------
          14.60   data required time
        -146.50   data arrival time
---------------------------------------------------------
         131.90   slack (MET)


Startpoint: _10610_ (falling edge-triggered flip-flop clocked by clk')
Endpoint: _10610_ (falling edge-triggered flip-flop clocked by clk')
Path Group: clk
Path Type: min

  Delay    Time   Description
---------------------------------------------------------
   0.00    0.00   clock clk' (fall edge)
   0.00    0.00   clock network delay (ideal)
   0.00    0.00 v _10610_/CLK (DFFLQNx2_ASAP7_75t_R)
  82.60   82.60 ^ _10610_/QN (DFFLQNx2_ASAP7_75t_R)
  28.91  111.51 ^ _08743_/Y (AO21x1_ASAP7_75t_R)
  13.35  124.86 v _08746_/Y (AOI21x1_ASAP7_75t_R)
   0.00  124.86 v _10610_/D (DFFLQNx2_ASAP7_75t_R)
         124.86   data arrival time

   0.00    0.00   clock clk' (fall edge)
   0.00    0.00   clock network delay (ideal)
   0.00    0.00   clock reconvergence pessimism
           0.00 v _10610_/CLK (DFFLQNx2_ASAP7_75t_R)
  -7.25   -7.25   library hold time
          -7.25   data required time
---------------------------------------------------------
          -7.25   data required time
        -124.86   data arrival time
---------------------------------------------------------
         132.11   slack (MET)


Startpoint: _10852_ (falling edge-triggered flip-flop clocked by clk')
Endpoint: _10852_ (falling edge-triggered flip-flop clocked by clk')
Path Group: clk
Path Type: min

  Delay    Time   Description
---------------------------------------------------------
   0.00    0.00   clock clk' (fall edge)
   0.00    0.00   clock network delay (ideal)
   0.00    0.00 v _10852_/CLK (DFFLQNx2_ASAP7_75t_R)
  89.71   89.71 v _10852_/QN (DFFLQNx2_ASAP7_75t_R)
  27.79  117.50 ^ _06210_/Y (INVx1_ASAP7_75t_R)
  29.50  147.01 ^ _08322_/Y (AO21x1_ASAP7_75t_R)
   0.00  147.01 ^ _10852_/D (DFFLQNx2_ASAP7_75t_R)
         147.01   data arrival time

   0.00    0.00   clock clk' (fall edge)
   0.00    0.00   clock network delay (ideal)
   0.00    0.00   clock reconvergence pessimism
           0.00 v _10852_/CLK (DFFLQNx2_ASAP7_75t_R)
  14.81   14.81   library hold time
          14.81   data required time
---------------------------------------------------------
          14.81   data required time
        -147.01   data arrival time
---------------------------------------------------------
         132.20   slack (MET)


Startpoint: _10782_ (falling edge-triggered flip-flop clocked by clk')
Endpoint: _10782_ (falling edge-triggered flip-flop clocked by clk')
Path Group: clk
Path Type: min

  Delay    Time   Description
---------------------------------------------------------
   0.00    0.00   clock clk' (fall edge)
   0.00    0.00   clock network delay (ideal)
   0.00    0.00 v _10782_/CLK (DFFLQNx2_ASAP7_75t_R)
  91.87   91.87 v _10782_/QN (DFFLQNx2_ASAP7_75t_R)
  22.80  114.67 ^ _10227_/Y (NAND2x1_ASAP7_75t_R)
  31.93  146.60 ^ _10228_/Y (OA211x2_ASAP7_75t_R)
   0.00  146.60 ^ _10782_/D (DFFLQNx2_ASAP7_75t_R)
         146.60   data arrival time

   0.00    0.00   clock clk' (fall edge)
   0.00    0.00   clock network delay (ideal)
   0.00    0.00   clock reconvergence pessimism
           0.00 v _10782_/CLK (DFFLQNx2_ASAP7_75t_R)
  14.21   14.21   library hold time
          14.21   data required time
---------------------------------------------------------
          14.21   data required time
        -146.60   data arrival time
---------------------------------------------------------
         132.39   slack (MET)


Startpoint: _10888_ (falling edge-triggered flip-flop clocked by clk')
Endpoint: _10888_ (falling edge-triggered flip-flop clocked by clk')
Path Group: clk
Path Type: min

  Delay    Time   Description
---------------------------------------------------------
   0.00    0.00   clock clk' (fall edge)
   0.00    0.00   clock network delay (ideal)
   0.00    0.00 v _10888_/CLK (DFFLQNx2_ASAP7_75t_R)
  76.55   76.55 ^ _10888_/QN (DFFLQNx2_ASAP7_75t_R)
  19.63   96.18 v _06929_/Y (INVx1_ASAP7_75t_R)
  18.05  114.23 ^ _08404_/Y (NOR2x1_ASAP7_75t_R)
  11.74  125.97 v _08405_/Y (AOI21x1_ASAP7_75t_R)
   0.00  125.97 v _10888_/D (DFFLQNx2_ASAP7_75t_R)
         125.97   data arrival time

   0.00    0.00   clock clk' (fall edge)
   0.00    0.00   clock network delay (ideal)
   0.00    0.00   clock reconvergence pessimism
           0.00 v _10888_/CLK (DFFLQNx2_ASAP7_75t_R)
  -6.67   -6.67   library hold time
          -6.67   data required time
---------------------------------------------------------
          -6.67   data required time
        -125.97   data arrival time
---------------------------------------------------------
         132.65   slack (MET)


Startpoint: _10757_ (falling edge-triggered flip-flop clocked by clk')
Endpoint: _10757_ (falling edge-triggered flip-flop clocked by clk')
Path Group: clk
Path Type: min

  Delay    Time   Description
---------------------------------------------------------
   0.00    0.00   clock clk' (fall edge)
   0.00    0.00   clock network delay (ideal)
   0.00    0.00 v _10757_/CLK (DFFLQNx2_ASAP7_75t_R)
  89.22   89.22 ^ _10757_/QN (DFFLQNx2_ASAP7_75t_R)
  16.69  105.91 v _10060_/Y (NAND2x1_ASAP7_75t_R)
  20.28  126.19 v _10062_/Y (AND3x1_ASAP7_75t_R)
   0.00  126.19 v _10757_/D (DFFLQNx2_ASAP7_75t_R)
         126.19   data arrival time

   0.00    0.00   clock clk' (fall edge)
   0.00    0.00   clock network delay (ideal)
   0.00    0.00   clock reconvergence pessimism
           0.00 v _10757_/CLK (DFFLQNx2_ASAP7_75t_R)
  -6.51   -6.51   library hold time
          -6.51   data required time
---------------------------------------------------------
          -6.51   data required time
        -126.19   data arrival time
---------------------------------------------------------
         132.70   slack (MET)


Startpoint: _10824_ (falling edge-triggered flip-flop clocked by clk')
Endpoint: _10824_ (falling edge-triggered flip-flop clocked by clk')
Path Group: clk
Path Type: min

  Delay    Time   Description
---------------------------------------------------------
   0.00    0.00   clock clk' (fall edge)
   0.00    0.00   clock network delay (ideal)
   0.00    0.00 v _10824_/CLK (DFFLQNx2_ASAP7_75t_R)
  93.91   93.91 v _10824_/QN (DFFLQNx2_ASAP7_75t_R)
  23.12  117.03 ^ _07528_/Y (INVx1_ASAP7_75t_R)
  19.15  136.18 v _08249_/Y (NOR2x1_ASAP7_75t_R)
  11.19  147.37 ^ _08250_/Y (AOI21x1_ASAP7_75t_R)
   0.00  147.37 ^ _10824_/D (DFFLQNx2_ASAP7_75t_R)
         147.37   data arrival time

   0.00    0.00   clock clk' (fall edge)
   0.00    0.00   clock network delay (ideal)
   0.00    0.00   clock reconvergence pessimism
           0.00 v _10824_/CLK (DFFLQNx2_ASAP7_75t_R)
  14.60   14.60   library hold time
          14.60   data required time
---------------------------------------------------------
          14.60   data required time
        -147.37   data arrival time
---------------------------------------------------------
         132.76   slack (MET)


Startpoint: _10933_ (falling edge-triggered flip-flop clocked by clk')
Endpoint: _10933_ (falling edge-triggered flip-flop clocked by clk')
Path Group: clk
Path Type: min

  Delay    Time   Description
---------------------------------------------------------
   0.00    0.00   clock clk' (fall edge)
   0.00    0.00   clock network delay (ideal)
   0.00    0.00 v _10933_/CLK (DFFLQNx2_ASAP7_75t_R)
  76.55   76.55 ^ _10933_/QN (DFFLQNx2_ASAP7_75t_R)
  19.96   96.51 v _06926_/Y (INVx1_ASAP7_75t_R)
  18.14  114.64 ^ _08532_/Y (NOR2x1_ASAP7_75t_R)
  11.77  126.41 v _08533_/Y (AOI21x1_ASAP7_75t_R)
   0.00  126.41 v _10933_/D (DFFLQNx2_ASAP7_75t_R)
         126.41   data arrival time

   0.00    0.00   clock clk' (fall edge)
   0.00    0.00   clock network delay (ideal)
   0.00    0.00   clock reconvergence pessimism
           0.00 v _10933_/CLK (DFFLQNx2_ASAP7_75t_R)
  -6.68   -6.68   library hold time
          -6.68   data required time
---------------------------------------------------------
          -6.68   data required time
        -126.41   data arrival time
---------------------------------------------------------
         133.09   slack (MET)


Startpoint: _10857_ (falling edge-triggered flip-flop clocked by clk')
Endpoint: _10857_ (falling edge-triggered flip-flop clocked by clk')
Path Group: clk
Path Type: min

  Delay    Time   Description
---------------------------------------------------------
   0.00    0.00   clock clk' (fall edge)
   0.00    0.00   clock network delay (ideal)
   0.00    0.00 v _10857_/CLK (DFFLQNx2_ASAP7_75t_R)
  93.91   93.91 v _10857_/QN (DFFLQNx2_ASAP7_75t_R)
  23.12  117.03 ^ _06578_/Y (INVx1_ASAP7_75t_R)
  19.15  136.18 v _08331_/Y (NOR2x1_ASAP7_75t_R)
  11.57  147.74 ^ _08332_/Y (AOI21x1_ASAP7_75t_R)
   0.00  147.74 ^ _10857_/D (DFFLQNx2_ASAP7_75t_R)
         147.74   data arrival time

   0.00    0.00   clock clk' (fall edge)
   0.00    0.00   clock network delay (ideal)
   0.00    0.00   clock reconvergence pessimism
           0.00 v _10857_/CLK (DFFLQNx2_ASAP7_75t_R)
  14.51   14.51   library hold time
          14.51   data required time
---------------------------------------------------------
          14.51   data required time
        -147.74   data arrival time
---------------------------------------------------------
         133.23   slack (MET)


Startpoint: _10881_ (falling edge-triggered flip-flop clocked by clk')
Endpoint: _10881_ (falling edge-triggered flip-flop clocked by clk')
Path Group: clk
Path Type: min

  Delay    Time   Description
---------------------------------------------------------
   0.00    0.00   clock clk' (fall edge)
   0.00    0.00   clock network delay (ideal)
   0.00    0.00 v _10881_/CLK (DFFLQNx2_ASAP7_75t_R)
  93.91   93.91 v _10881_/QN (DFFLQNx2_ASAP7_75t_R)
  23.12  117.03 ^ _06577_/Y (INVx1_ASAP7_75t_R)
  19.15  136.18 v _08388_/Y (NOR2x1_ASAP7_75t_R)
  11.57  147.74 ^ _08389_/Y (AOI21x1_ASAP7_75t_R)
   0.00  147.74 ^ _10881_/D (DFFLQNx2_ASAP7_75t_R)
         147.74   data arrival time

   0.00    0.00   clock clk' (fall edge)
   0.00    0.00   clock network delay (ideal)
   0.00    0.00   clock reconvergence pessimism
           0.00 v _10881_/CLK (DFFLQNx2_ASAP7_75t_R)
  14.51   14.51   library hold time
          14.51   data required time
---------------------------------------------------------
          14.51   data required time
        -147.74   data arrival time
---------------------------------------------------------
         133.23   slack (MET)


Startpoint: _10918_ (falling edge-triggered flip-flop clocked by clk')
Endpoint: _10918_ (falling edge-triggered flip-flop clocked by clk')
Path Group: clk
Path Type: min

  Delay    Time   Description
---------------------------------------------------------
   0.00    0.00   clock clk' (fall edge)
   0.00    0.00   clock network delay (ideal)
   0.00    0.00 v _10918_/CLK (DFFLQNx2_ASAP7_75t_R)
  93.03   93.03 v _10918_/QN (DFFLQNx2_ASAP7_75t_R)
  22.84  115.88 ^ _06944_/Y (INVx1_ASAP7_75t_R)
  19.06  134.94 v _08497_/Y (NOR2x1_ASAP7_75t_R)
  12.92  147.85 ^ _08498_/Y (AOI21x1_ASAP7_75t_R)
   0.00  147.85 ^ _10918_/D (DFFLQNx2_ASAP7_75t_R)
         147.85   data arrival time

   0.00    0.00   clock clk' (fall edge)
   0.00    0.00   clock network delay (ideal)
   0.00    0.00   clock reconvergence pessimism
           0.00 v _10918_/CLK (DFFLQNx2_ASAP7_75t_R)
  14.19   14.19   library hold time
          14.19   data required time
---------------------------------------------------------
          14.19   data required time
        -147.85   data arrival time
---------------------------------------------------------
         133.67   slack (MET)


Startpoint: _10874_ (falling edge-triggered flip-flop clocked by clk')
Endpoint: _10874_ (falling edge-triggered flip-flop clocked by clk')
Path Group: clk
Path Type: min

  Delay    Time   Description
---------------------------------------------------------
   0.00    0.00   clock clk' (fall edge)
   0.00    0.00   clock network delay (ideal)
   0.00    0.00 v _10874_/CLK (DFFLQNx2_ASAP7_75t_R)
  97.82   97.82 v _10874_/QN (DFFLQNx2_ASAP7_75t_R)
  39.28  137.11 v _08371_/Y (AND2x2_ASAP7_75t_R)
  11.19  148.30 ^ _08372_/Y (AOI21x1_ASAP7_75t_R)
   0.00  148.30 ^ _10874_/D (DFFLQNx2_ASAP7_75t_R)
         148.30   data arrival time

   0.00    0.00   clock clk' (fall edge)
   0.00    0.00   clock network delay (ideal)
   0.00    0.00   clock reconvergence pessimism
           0.00 v _10874_/CLK (DFFLQNx2_ASAP7_75t_R)
  14.60   14.60   library hold time
          14.60   data required time
---------------------------------------------------------
          14.60   data required time
        -148.30   data arrival time
---------------------------------------------------------
         133.69   slack (MET)


Startpoint: _10806_ (falling edge-triggered flip-flop clocked by clk')
Endpoint: _10806_ (falling edge-triggered flip-flop clocked by clk')
Path Group: clk
Path Type: min

  Delay    Time   Description
---------------------------------------------------------
   0.00    0.00   clock clk' (fall edge)
   0.00    0.00   clock network delay (ideal)
   0.00    0.00 v _10806_/CLK (DFFLQNx2_ASAP7_75t_R)
  93.91   93.91 v _10806_/QN (DFFLQNx2_ASAP7_75t_R)
  23.12  117.03 ^ _06936_/Y (INVx1_ASAP7_75t_R)
  19.15  136.18 v _08129_/Y (NOR2x1_ASAP7_75t_R)
  11.97  148.15 ^ _08130_/Y (AOI21x1_ASAP7_75t_R)
   0.00  148.15 ^ _10806_/D (DFFLQNx2_ASAP7_75t_R)
         148.15   data arrival time

   0.00    0.00   clock clk' (fall edge)
   0.00    0.00   clock network delay (ideal)
   0.00    0.00   clock reconvergence pessimism
           0.00 v _10806_/CLK (DFFLQNx2_ASAP7_75t_R)
  14.42   14.42   library hold time
          14.42   data required time
---------------------------------------------------------
          14.42   data required time
        -148.15   data arrival time
---------------------------------------------------------
         133.73   slack (MET)


Startpoint: _10902_ (falling edge-triggered flip-flop clocked by clk')
Endpoint: _10902_ (falling edge-triggered flip-flop clocked by clk')
Path Group: clk
Path Type: min

  Delay    Time   Description
---------------------------------------------------------
   0.00    0.00   clock clk' (fall edge)
   0.00    0.00   clock network delay (ideal)
   0.00    0.00 v _10902_/CLK (DFFLQNx2_ASAP7_75t_R)
  93.91   93.91 v _10902_/QN (DFFLQNx2_ASAP7_75t_R)
  23.12  117.03 ^ _06937_/Y (INVx1_ASAP7_75t_R)
  19.15  136.18 v _08459_/Y (NOR2x1_ASAP7_75t_R)
  11.97  148.15 ^ _08460_/Y (AOI21x1_ASAP7_75t_R)
   0.00  148.15 ^ _10902_/D (DFFLQNx2_ASAP7_75t_R)
         148.15   data arrival time

   0.00    0.00   clock clk' (fall edge)
   0.00    0.00   clock network delay (ideal)
   0.00    0.00   clock reconvergence pessimism
           0.00 v _10902_/CLK (DFFLQNx2_ASAP7_75t_R)
  14.42   14.42   library hold time
          14.42   data required time
---------------------------------------------------------
          14.42   data required time
        -148.15   data arrival time
---------------------------------------------------------
         133.73   slack (MET)


Startpoint: _10903_ (falling edge-triggered flip-flop clocked by clk')
Endpoint: _10903_ (falling edge-triggered flip-flop clocked by clk')
Path Group: clk
Path Type: min

  Delay    Time   Description
---------------------------------------------------------
   0.00    0.00   clock clk' (fall edge)
   0.00    0.00   clock network delay (ideal)
   0.00    0.00 v _10903_/CLK (DFFLQNx2_ASAP7_75t_R)
  93.91   93.91 v _10903_/QN (DFFLQNx2_ASAP7_75t_R)
  23.12  117.03 ^ _08461_/Y (INVx1_ASAP7_75t_R)
  19.15  136.18 v _08462_/Y (NOR2x1_ASAP7_75t_R)
  11.97  148.15 ^ _08463_/Y (AOI21x1_ASAP7_75t_R)
   0.00  148.15 ^ _10903_/D (DFFLQNx2_ASAP7_75t_R)
         148.15   data arrival time

   0.00    0.00   clock clk' (fall edge)
   0.00    0.00   clock network delay (ideal)
   0.00    0.00   clock reconvergence pessimism
           0.00 v _10903_/CLK (DFFLQNx2_ASAP7_75t_R)
  14.42   14.42   library hold time
          14.42   data required time
---------------------------------------------------------
          14.42   data required time
        -148.15   data arrival time
---------------------------------------------------------
         133.73   slack (MET)


Startpoint: _10818_ (falling edge-triggered flip-flop clocked by clk')
Endpoint: _10818_ (falling edge-triggered flip-flop clocked by clk')
Path Group: clk
Path Type: min

  Delay    Time   Description
---------------------------------------------------------
   0.00    0.00   clock clk' (fall edge)
   0.00    0.00   clock network delay (ideal)
   0.00    0.00 v _10818_/CLK (DFFLQNx2_ASAP7_75t_R)
  92.40   92.40 v _10818_/QN (DFFLQNx2_ASAP7_75t_R)
  25.00  117.39 ^ _06177_/Y (INVx1_ASAP7_75t_R)
  19.92  137.31 v _08236_/Y (NOR2x1_ASAP7_75t_R)
  11.19  148.50 ^ _08237_/Y (AOI21x1_ASAP7_75t_R)
   0.00  148.50 ^ _10818_/D (DFFLQNx2_ASAP7_75t_R)
         148.50   data arrival time

   0.00    0.00   clock clk' (fall edge)
   0.00    0.00   clock network delay (ideal)
   0.00    0.00   clock reconvergence pessimism
           0.00 v _10818_/CLK (DFFLQNx2_ASAP7_75t_R)
  14.60   14.60   library hold time
          14.60   data required time
---------------------------------------------------------
          14.60   data required time
        -148.50   data arrival time
---------------------------------------------------------
         133.90   slack (MET)


Startpoint: _10814_ (falling edge-triggered flip-flop clocked by clk')
Endpoint: _10814_ (falling edge-triggered flip-flop clocked by clk')
Path Group: clk
Path Type: min

  Delay    Time   Description
---------------------------------------------------------
   0.00    0.00   clock clk' (fall edge)
   0.00    0.00   clock network delay (ideal)
   0.00    0.00 v _10814_/CLK (DFFLQNx2_ASAP7_75t_R)
  91.23   91.23 v _10814_/QN (DFFLQNx2_ASAP7_75t_R)
  25.51  116.74 ^ _06581_/Y (INVx1_ASAP7_75t_R)
  20.18  136.93 v _08216_/Y (NOR2x1_ASAP7_75t_R)
  11.53  148.46 ^ _08217_/Y (AOI21x1_ASAP7_75t_R)
   0.00  148.46 ^ _10814_/D (DFFLQNx2_ASAP7_75t_R)
         148.46   data arrival time

   0.00    0.00   clock clk' (fall edge)
   0.00    0.00   clock network delay (ideal)
   0.00    0.00   clock reconvergence pessimism
           0.00 v _10814_/CLK (DFFLQNx2_ASAP7_75t_R)
  14.52   14.52   library hold time
          14.52   data required time
---------------------------------------------------------
          14.52   data required time
        -148.46   data arrival time
---------------------------------------------------------
         133.94   slack (MET)


Startpoint: _10831_ (falling edge-triggered flip-flop clocked by clk')
Endpoint: _10831_ (falling edge-triggered flip-flop clocked by clk')
Path Group: clk
Path Type: min

  Delay    Time   Description
---------------------------------------------------------
   0.00    0.00   clock clk' (fall edge)
   0.00    0.00   clock network delay (ideal)
   0.00    0.00 v _10831_/CLK (DFFLQNx2_ASAP7_75t_R)
  93.91   93.91 v _10831_/QN (DFFLQNx2_ASAP7_75t_R)
  23.12  117.03 ^ _06565_/Y (INVx1_ASAP7_75t_R)
  19.15  136.18 v _08266_/Y (NOR2x1_ASAP7_75t_R)
  12.29  148.46 ^ _08267_/Y (AOI21x1_ASAP7_75t_R)
   0.00  148.46 ^ _10831_/D (DFFLQNx2_ASAP7_75t_R)
         148.46   data arrival time

   0.00    0.00   clock clk' (fall edge)
   0.00    0.00   clock network delay (ideal)
   0.00    0.00   clock reconvergence pessimism
           0.00 v _10831_/CLK (DFFLQNx2_ASAP7_75t_R)
  14.34   14.34   library hold time
          14.34   data required time
---------------------------------------------------------
          14.34   data required time
        -148.46   data arrival time
---------------------------------------------------------
         134.13   slack (MET)


Startpoint: _10926_ (falling edge-triggered flip-flop clocked by clk')
Endpoint: _10926_ (falling edge-triggered flip-flop clocked by clk')
Path Group: clk
Path Type: min

  Delay    Time   Description
---------------------------------------------------------
   0.00    0.00   clock clk' (fall edge)
   0.00    0.00   clock network delay (ideal)
   0.00    0.00 v _10926_/CLK (DFFLQNx2_ASAP7_75t_R)
  91.23   91.23 v _10926_/QN (DFFLQNx2_ASAP7_75t_R)
  25.51  116.74 ^ _06940_/Y (INVx1_ASAP7_75t_R)
  20.18  136.93 v _08516_/Y (NOR2x1_ASAP7_75t_R)
  11.71  148.64 ^ _08517_/Y (AOI21x1_ASAP7_75t_R)
   0.00  148.64 ^ _10926_/D (DFFLQNx2_ASAP7_75t_R)
         148.64   data arrival time

   0.00    0.00   clock clk' (fall edge)
   0.00    0.00   clock network delay (ideal)
   0.00    0.00   clock reconvergence pessimism
           0.00 v _10926_/CLK (DFFLQNx2_ASAP7_75t_R)
  14.48   14.48   library hold time
          14.48   data required time
---------------------------------------------------------
          14.48   data required time
        -148.64   data arrival time
---------------------------------------------------------
         134.16   slack (MET)


Startpoint: _10688_ (falling edge-triggered flip-flop clocked by clk')
Endpoint: _10688_ (falling edge-triggered flip-flop clocked by clk')
Path Group: clk
Path Type: min

  Delay    Time   Description
---------------------------------------------------------
   0.00    0.00   clock clk' (fall edge)
   0.00    0.00   clock network delay (ideal)
   0.00    0.00 v _10688_/CLK (DFFLQNx2_ASAP7_75t_R)
  91.23   91.23 v _10688_/QN (DFFLQNx2_ASAP7_75t_R)
  22.58  113.81 ^ _09489_/Y (NAND2x1_ASAP7_75t_R)
  34.57  148.38 ^ _09490_/Y (OA211x2_ASAP7_75t_R)
   0.00  148.38 ^ _10688_/D (DFFLQNx2_ASAP7_75t_R)
         148.38   data arrival time

   0.00    0.00   clock clk' (fall edge)
   0.00    0.00   clock network delay (ideal)
   0.00    0.00   clock reconvergence pessimism
           0.00 v _10688_/CLK (DFFLQNx2_ASAP7_75t_R)
  14.22   14.22   library hold time
          14.22   data required time
---------------------------------------------------------
          14.22   data required time
        -148.38   data arrival time
---------------------------------------------------------
         134.17   slack (MET)


Startpoint: _10689_ (falling edge-triggered flip-flop clocked by clk')
Endpoint: _10689_ (falling edge-triggered flip-flop clocked by clk')
Path Group: clk
Path Type: min

  Delay    Time   Description
---------------------------------------------------------
   0.00    0.00   clock clk' (fall edge)
   0.00    0.00   clock network delay (ideal)
   0.00    0.00 v _10689_/CLK (DFFLQNx2_ASAP7_75t_R)
  91.23   91.23 v _10689_/QN (DFFLQNx2_ASAP7_75t_R)
  22.58  113.81 ^ _09491_/Y (NAND2x1_ASAP7_75t_R)
  34.57  148.38 ^ _09492_/Y (OA211x2_ASAP7_75t_R)
   0.00  148.38 ^ _10689_/D (DFFLQNx2_ASAP7_75t_R)
         148.38   data arrival time

   0.00    0.00   clock clk' (fall edge)
   0.00    0.00   clock network delay (ideal)
   0.00    0.00   clock reconvergence pessimism
           0.00 v _10689_/CLK (DFFLQNx2_ASAP7_75t_R)
  14.22   14.22   library hold time
          14.22   data required time
---------------------------------------------------------
          14.22   data required time
        -148.38   data arrival time
---------------------------------------------------------
         134.17   slack (MET)


Startpoint: _10690_ (falling edge-triggered flip-flop clocked by clk')
Endpoint: _10690_ (falling edge-triggered flip-flop clocked by clk')
Path Group: clk
Path Type: min

  Delay    Time   Description
---------------------------------------------------------
   0.00    0.00   clock clk' (fall edge)
   0.00    0.00   clock network delay (ideal)
   0.00    0.00 v _10690_/CLK (DFFLQNx2_ASAP7_75t_R)
  91.23   91.23 v _10690_/QN (DFFLQNx2_ASAP7_75t_R)
  22.58  113.81 ^ _09493_/Y (NAND2x1_ASAP7_75t_R)
  34.57  148.38 ^ _09494_/Y (OA211x2_ASAP7_75t_R)
   0.00  148.38 ^ _10690_/D (DFFLQNx2_ASAP7_75t_R)
         148.38   data arrival time

   0.00    0.00   clock clk' (fall edge)
   0.00    0.00   clock network delay (ideal)
   0.00    0.00   clock reconvergence pessimism
           0.00 v _10690_/CLK (DFFLQNx2_ASAP7_75t_R)
  14.22   14.22   library hold time
          14.22   data required time
---------------------------------------------------------
          14.22   data required time
        -148.38   data arrival time
---------------------------------------------------------
         134.17   slack (MET)


Startpoint: _10691_ (falling edge-triggered flip-flop clocked by clk')
Endpoint: _10691_ (falling edge-triggered flip-flop clocked by clk')
Path Group: clk
Path Type: min

  Delay    Time   Description
---------------------------------------------------------
   0.00    0.00   clock clk' (fall edge)
   0.00    0.00   clock network delay (ideal)
   0.00    0.00 v _10691_/CLK (DFFLQNx2_ASAP7_75t_R)
  91.23   91.23 v _10691_/QN (DFFLQNx2_ASAP7_75t_R)
  22.58  113.81 ^ _09496_/Y (NAND2x1_ASAP7_75t_R)
  34.57  148.38 ^ _09497_/Y (OA211x2_ASAP7_75t_R)
   0.00  148.38 ^ _10691_/D (DFFLQNx2_ASAP7_75t_R)
         148.38   data arrival time

   0.00    0.00   clock clk' (fall edge)
   0.00    0.00   clock network delay (ideal)
   0.00    0.00   clock reconvergence pessimism
           0.00 v _10691_/CLK (DFFLQNx2_ASAP7_75t_R)
  14.22   14.22   library hold time
          14.22   data required time
---------------------------------------------------------
          14.22   data required time
        -148.38   data arrival time
---------------------------------------------------------
         134.17   slack (MET)


Startpoint: _10692_ (falling edge-triggered flip-flop clocked by clk')
Endpoint: _10692_ (falling edge-triggered flip-flop clocked by clk')
Path Group: clk
Path Type: min

  Delay    Time   Description
---------------------------------------------------------
   0.00    0.00   clock clk' (fall edge)
   0.00    0.00   clock network delay (ideal)
   0.00    0.00 v _10692_/CLK (DFFLQNx2_ASAP7_75t_R)
  91.23   91.23 v _10692_/QN (DFFLQNx2_ASAP7_75t_R)
  22.58  113.81 ^ _09498_/Y (NAND2x1_ASAP7_75t_R)
  34.57  148.38 ^ _09499_/Y (OA211x2_ASAP7_75t_R)
   0.00  148.38 ^ _10692_/D (DFFLQNx2_ASAP7_75t_R)
         148.38   data arrival time

   0.00    0.00   clock clk' (fall edge)
   0.00    0.00   clock network delay (ideal)
   0.00    0.00   clock reconvergence pessimism
           0.00 v _10692_/CLK (DFFLQNx2_ASAP7_75t_R)
  14.22   14.22   library hold time
          14.22   data required time
---------------------------------------------------------
          14.22   data required time
        -148.38   data arrival time
---------------------------------------------------------
         134.17   slack (MET)


Startpoint: _10848_ (falling edge-triggered flip-flop clocked by clk')
Endpoint: _10848_ (falling edge-triggered flip-flop clocked by clk')
Path Group: clk
Path Type: min

  Delay    Time   Description
---------------------------------------------------------
   0.00    0.00   clock clk' (fall edge)
   0.00    0.00   clock network delay (ideal)
   0.00    0.00 v _10848_/CLK (DFFLQNx2_ASAP7_75t_R)
  91.23   91.23 v _10848_/QN (DFFLQNx2_ASAP7_75t_R)
  25.77  117.00 ^ _06582_/Y (INVx1_ASAP7_75t_R)
  20.32  137.32 v _08307_/Y (NOR2x1_ASAP7_75t_R)
  11.52  148.84 ^ _08308_/Y (AOI21x1_ASAP7_75t_R)
   0.00  148.84 ^ _10848_/D (DFFLQNx2_ASAP7_75t_R)
         148.84   data arrival time

   0.00    0.00   clock clk' (fall edge)
   0.00    0.00   clock network delay (ideal)
   0.00    0.00   clock reconvergence pessimism
           0.00 v _10848_/CLK (DFFLQNx2_ASAP7_75t_R)
  14.52   14.52   library hold time
          14.52   data required time
---------------------------------------------------------
          14.52   data required time
        -148.84   data arrival time
---------------------------------------------------------
         134.32   slack (MET)


Startpoint: _10911_ (falling edge-triggered flip-flop clocked by clk')
Endpoint: _10911_ (falling edge-triggered flip-flop clocked by clk')
Path Group: clk
Path Type: min

  Delay    Time   Description
---------------------------------------------------------
   0.00    0.00   clock clk' (fall edge)
   0.00    0.00   clock network delay (ideal)
   0.00    0.00 v _10911_/CLK (DFFLQNx2_ASAP7_75t_R)
  94.52   94.52 v _10911_/QN (DFFLQNx2_ASAP7_75t_R)
  23.31  117.83 ^ _08480_/Y (INVx1_ASAP7_75t_R)
  19.20  137.03 v _08481_/Y (NOR2x1_ASAP7_75t_R)
  11.80  148.83 ^ _08482_/Y (AOI21x1_ASAP7_75t_R)
   0.00  148.83 ^ _10911_/D (DFFLQNx2_ASAP7_75t_R)
         148.83   data arrival time

   0.00    0.00   clock clk' (fall edge)
   0.00    0.00   clock network delay (ideal)
   0.00    0.00   clock reconvergence pessimism
           0.00 v _10911_/CLK (DFFLQNx2_ASAP7_75t_R)
  14.46   14.46   library hold time
          14.46   data required time
---------------------------------------------------------
          14.46   data required time
        -148.83   data arrival time
---------------------------------------------------------
         134.37   slack (MET)


Startpoint: _10742_ (falling edge-triggered flip-flop clocked by clk')
Endpoint: _10742_ (falling edge-triggered flip-flop clocked by clk')
Path Group: clk
Path Type: min

  Delay    Time   Description
---------------------------------------------------------
   0.00    0.00   clock clk' (fall edge)
   0.00    0.00   clock network delay (ideal)
   0.00    0.00 v _10742_/CLK (DFFLQNx2_ASAP7_75t_R)
  99.13   99.13 v _10742_/QN (DFFLQNx2_ASAP7_75t_R)
  22.59  121.72 ^ _06670_/Y (INVx5_ASAP7_75t_R)
  15.13  136.85 v _09909_/Y (OAI21x1_ASAP7_75t_R)
  12.07  148.92 ^ _09910_/Y (AOI21x1_ASAP7_75t_R)
   0.00  148.92 ^ _10742_/D (DFFLQNx2_ASAP7_75t_R)
         148.92   data arrival time

   0.00    0.00   clock clk' (fall edge)
   0.00    0.00   clock network delay (ideal)
   0.00    0.00   clock reconvergence pessimism
           0.00 v _10742_/CLK (DFFLQNx2_ASAP7_75t_R)
  14.39   14.39   library hold time
          14.39   data required time
---------------------------------------------------------
          14.39   data required time
        -148.92   data arrival time
---------------------------------------------------------
         134.52   slack (MET)


Startpoint: _10614_ (falling edge-triggered flip-flop clocked by clk')
Endpoint: _10614_ (falling edge-triggered flip-flop clocked by clk')
Path Group: clk
Path Type: min

  Delay    Time   Description
---------------------------------------------------------
   0.00    0.00   clock clk' (fall edge)
   0.00    0.00   clock network delay (ideal)
   0.00    0.00 v _10614_/CLK (DFFLQNx2_ASAP7_75t_R)
  93.65   93.65 v _10614_/QN (DFFLQNx2_ASAP7_75t_R)
  23.40  117.05 ^ _08755_/Y (NAND2x1_ASAP7_75t_R)
  31.72  148.77 ^ _08756_/Y (OA211x2_ASAP7_75t_R)
   0.00  148.77 ^ _10614_/D (DFFLQNx2_ASAP7_75t_R)
         148.77   data arrival time

   0.00    0.00   clock clk' (fall edge)
   0.00    0.00   clock network delay (ideal)
   0.00    0.00   clock reconvergence pessimism
           0.00 v _10614_/CLK (DFFLQNx2_ASAP7_75t_R)
  14.21   14.21   library hold time
          14.21   data required time
---------------------------------------------------------
          14.21   data required time
        -148.77   data arrival time
---------------------------------------------------------
         134.56   slack (MET)


Startpoint: _10752_ (falling edge-triggered flip-flop clocked by clk')
Endpoint: _10752_ (falling edge-triggered flip-flop clocked by clk')
Path Group: clk
Path Type: min

  Delay    Time   Description
---------------------------------------------------------
   0.00    0.00   clock clk' (fall edge)
   0.00    0.00   clock network delay (ideal)
   0.00    0.00 v _10752_/CLK (DFFLQNx2_ASAP7_75t_R)
  98.58   98.58 v _10752_/QN (DFFLQNx2_ASAP7_75t_R)
  38.80  137.38 v _10016_/Y (AO21x1_ASAP7_75t_R)
  11.70  149.08 ^ _10017_/Y (AOI21x1_ASAP7_75t_R)
   0.00  149.08 ^ _10752_/D (DFFLQNx2_ASAP7_75t_R)
         149.08   data arrival time

   0.00    0.00   clock clk' (fall edge)
   0.00    0.00   clock network delay (ideal)
   0.00    0.00   clock reconvergence pessimism
           0.00 v _10752_/CLK (DFFLQNx2_ASAP7_75t_R)
  14.48   14.48   library hold time
          14.48   data required time
---------------------------------------------------------
          14.48   data required time
        -149.08   data arrival time
---------------------------------------------------------
         134.60   slack (MET)


Startpoint: _10910_ (falling edge-triggered flip-flop clocked by clk')
Endpoint: _10910_ (falling edge-triggered flip-flop clocked by clk')
Path Group: clk
Path Type: min

  Delay    Time   Description
---------------------------------------------------------
   0.00    0.00   clock clk' (fall edge)
   0.00    0.00   clock network delay (ideal)
   0.00    0.00 v _10910_/CLK (DFFLQNx2_ASAP7_75t_R)
  91.23   91.23 v _10910_/QN (DFFLQNx2_ASAP7_75t_R)
  25.77  117.00 ^ _06941_/Y (INVx1_ASAP7_75t_R)
  20.32  137.32 v _08478_/Y (NOR2x1_ASAP7_75t_R)
  11.80  149.12 ^ _08479_/Y (AOI21x1_ASAP7_75t_R)
   0.00  149.12 ^ _10910_/D (DFFLQNx2_ASAP7_75t_R)
         149.12   data arrival time

   0.00    0.00   clock clk' (fall edge)
   0.00    0.00   clock network delay (ideal)
   0.00    0.00   clock reconvergence pessimism
           0.00 v _10910_/CLK (DFFLQNx2_ASAP7_75t_R)
  14.46   14.46   library hold time
          14.46   data required time
---------------------------------------------------------
          14.46   data required time
        -149.12   data arrival time
---------------------------------------------------------
         134.67   slack (MET)


Startpoint: _10787_ (falling edge-triggered flip-flop clocked by clk')
Endpoint: _10787_ (falling edge-triggered flip-flop clocked by clk')
Path Group: clk
Path Type: min

  Delay    Time   Description
---------------------------------------------------------
   0.00    0.00   clock clk' (fall edge)
   0.00    0.00   clock network delay (ideal)
   0.00    0.00 v _10787_/CLK (DFFLQNx2_ASAP7_75t_R)
  78.81   78.81 ^ _10787_/QN (DFFLQNx2_ASAP7_75t_R)
  18.49   97.30 v _07924_/Y (INVx2_ASAP7_75t_R)
  30.38  127.68 v _10250_/Y (AO32x1_ASAP7_75t_R)
   0.00  127.68 v _10787_/D (DFFLQNx2_ASAP7_75t_R)
         127.68   data arrival time

   0.00    0.00   clock clk' (fall edge)
   0.00    0.00   clock network delay (ideal)
   0.00    0.00   clock reconvergence pessimism
           0.00 v _10787_/CLK (DFFLQNx2_ASAP7_75t_R)
  -7.00   -7.00   library hold time
          -7.00   data required time
---------------------------------------------------------
          -7.00   data required time
        -127.68   data arrival time
---------------------------------------------------------
         134.67   slack (MET)


Startpoint: _10839_ (falling edge-triggered flip-flop clocked by clk')
Endpoint: _10839_ (falling edge-triggered flip-flop clocked by clk')
Path Group: clk
Path Type: min

  Delay    Time   Description
---------------------------------------------------------
   0.00    0.00   clock clk' (fall edge)
   0.00    0.00   clock network delay (ideal)
   0.00    0.00 v _10839_/CLK (DFFLQNx2_ASAP7_75t_R)
  93.91   93.91 v _10839_/QN (DFFLQNx2_ASAP7_75t_R)
  23.12  117.03 ^ _06566_/Y (INVx1_ASAP7_75t_R)
  19.15  136.18 v _08285_/Y (NOR2x1_ASAP7_75t_R)
  12.75  148.93 ^ _08286_/Y (AOI21x1_ASAP7_75t_R)
   0.00  148.93 ^ _10839_/D (DFFLQNx2_ASAP7_75t_R)
         148.93   data arrival time

   0.00    0.00   clock clk' (fall edge)
   0.00    0.00   clock network delay (ideal)
   0.00    0.00   clock reconvergence pessimism
           0.00 v _10839_/CLK (DFFLQNx2_ASAP7_75t_R)
  14.23   14.23   library hold time
          14.23   data required time
---------------------------------------------------------
          14.23   data required time
        -148.93   data arrival time
---------------------------------------------------------
         134.70   slack (MET)


Startpoint: _10840_ (falling edge-triggered flip-flop clocked by clk')
Endpoint: _10840_ (falling edge-triggered flip-flop clocked by clk')
Path Group: clk
Path Type: min

  Delay    Time   Description
---------------------------------------------------------
   0.00    0.00   clock clk' (fall edge)
   0.00    0.00   clock network delay (ideal)
   0.00    0.00 v _10840_/CLK (DFFLQNx2_ASAP7_75t_R)
  93.91   93.91 v _10840_/QN (DFFLQNx2_ASAP7_75t_R)
  23.12  117.03 ^ _06586_/Y (INVx1_ASAP7_75t_R)
  19.15  136.18 v _08287_/Y (NOR2x1_ASAP7_75t_R)
  12.75  148.93 ^ _08288_/Y (AOI21x1_ASAP7_75t_R)
   0.00  148.93 ^ _10840_/D (DFFLQNx2_ASAP7_75t_R)
         148.93   data arrival time

   0.00    0.00   clock clk' (fall edge)
   0.00    0.00   clock network delay (ideal)
   0.00    0.00   clock reconvergence pessimism
           0.00 v _10840_/CLK (DFFLQNx2_ASAP7_75t_R)
  14.23   14.23   library hold time
          14.23   data required time
---------------------------------------------------------
          14.23   data required time
        -148.93   data arrival time
---------------------------------------------------------
         134.70   slack (MET)


Startpoint: _10826_ (falling edge-triggered flip-flop clocked by clk')
Endpoint: _10826_ (falling edge-triggered flip-flop clocked by clk')
Path Group: clk
Path Type: min

  Delay    Time   Description
---------------------------------------------------------
   0.00    0.00   clock clk' (fall edge)
   0.00    0.00   clock network delay (ideal)
   0.00    0.00 v _10826_/CLK (DFFLQNx2_ASAP7_75t_R)
  76.33   76.33 ^ _10826_/QN (DFFLQNx2_ASAP7_75t_R)
  21.31   97.64 v _06170_/Y (INVx1_ASAP7_75t_R)
  18.57  116.21 ^ _08255_/Y (NOR2x1_ASAP7_75t_R)
  11.89  128.10 v _08256_/Y (AOI21x1_ASAP7_75t_R)
   0.00  128.10 v _10826_/D (DFFLQNx2_ASAP7_75t_R)
         128.10   data arrival time

   0.00    0.00   clock clk' (fall edge)
   0.00    0.00   clock network delay (ideal)
   0.00    0.00   clock reconvergence pessimism
           0.00 v _10826_/CLK (DFFLQNx2_ASAP7_75t_R)
  -6.70   -6.70   library hold time
          -6.70   data required time
---------------------------------------------------------
          -6.70   data required time
        -128.10   data arrival time
---------------------------------------------------------
         134.80   slack (MET)


Startpoint: _10832_ (falling edge-triggered flip-flop clocked by clk')
Endpoint: _10832_ (falling edge-triggered flip-flop clocked by clk')
Path Group: clk
Path Type: min

  Delay    Time   Description
---------------------------------------------------------
   0.00    0.00   clock clk' (fall edge)
   0.00    0.00   clock network delay (ideal)
   0.00    0.00 v _10832_/CLK (DFFLQNx2_ASAP7_75t_R)
  93.91   93.91 v _10832_/QN (DFFLQNx2_ASAP7_75t_R)
  23.12  117.03 ^ _06585_/Y (INVx1_ASAP7_75t_R)
  19.15  136.18 v _08268_/Y (NOR2x1_ASAP7_75t_R)
  12.86  149.03 ^ _08269_/Y (AOI21x1_ASAP7_75t_R)
   0.00  149.03 ^ _10832_/D (DFFLQNx2_ASAP7_75t_R)
         149.03   data arrival time

   0.00    0.00   clock clk' (fall edge)
   0.00    0.00   clock network delay (ideal)
   0.00    0.00   clock reconvergence pessimism
           0.00 v _10832_/CLK (DFFLQNx2_ASAP7_75t_R)
  14.20   14.20   library hold time
          14.20   data required time
---------------------------------------------------------
          14.20   data required time
        -149.03   data arrival time
---------------------------------------------------------
         134.83   slack (MET)


Startpoint: _10847_ (falling edge-triggered flip-flop clocked by clk')
Endpoint: _10847_ (falling edge-triggered flip-flop clocked by clk')
Path Group: clk
Path Type: min

  Delay    Time   Description
---------------------------------------------------------
   0.00    0.00   clock clk' (fall edge)
   0.00    0.00   clock network delay (ideal)
   0.00    0.00 v _10847_/CLK (DFFLQNx2_ASAP7_75t_R)
  89.71   89.71 v _10847_/QN (DFFLQNx2_ASAP7_75t_R)
  26.96  116.68 ^ _06562_/Y (INVx1_ASAP7_75t_R)
  21.18  137.85 v _08305_/Y (NOR2x1_ASAP7_75t_R)
  11.52  149.38 ^ _08306_/Y (AOI21x1_ASAP7_75t_R)
   0.00  149.38 ^ _10847_/D (DFFLQNx2_ASAP7_75t_R)
         149.38   data arrival time

   0.00    0.00   clock clk' (fall edge)
   0.00    0.00   clock network delay (ideal)
   0.00    0.00   clock reconvergence pessimism
           0.00 v _10847_/CLK (DFFLQNx2_ASAP7_75t_R)
  14.52   14.52   library hold time
          14.52   data required time
---------------------------------------------------------
          14.52   data required time
        -149.38   data arrival time
---------------------------------------------------------
         134.85   slack (MET)


Startpoint: _10849_ (falling edge-triggered flip-flop clocked by clk')
Endpoint: _10849_ (falling edge-triggered flip-flop clocked by clk')
Path Group: clk
Path Type: min

  Delay    Time   Description
---------------------------------------------------------
   0.00    0.00   clock clk' (fall edge)
   0.00    0.00   clock network delay (ideal)
   0.00    0.00 v _10849_/CLK (DFFLQNx2_ASAP7_75t_R)
  89.71   89.71 v _10849_/QN (DFFLQNx2_ASAP7_75t_R)
  26.96  116.68 ^ _06610_/Y (INVx1_ASAP7_75t_R)
  21.18  137.85 v _08309_/Y (NOR2x1_ASAP7_75t_R)
  11.52  149.38 ^ _08310_/Y (AOI21x1_ASAP7_75t_R)
   0.00  149.38 ^ _10849_/D (DFFLQNx2_ASAP7_75t_R)
         149.38   data arrival time

   0.00    0.00   clock clk' (fall edge)
   0.00    0.00   clock network delay (ideal)
   0.00    0.00   clock reconvergence pessimism
           0.00 v _10849_/CLK (DFFLQNx2_ASAP7_75t_R)
  14.52   14.52   library hold time
          14.52   data required time
---------------------------------------------------------
          14.52   data required time
        -149.38   data arrival time
---------------------------------------------------------
         134.85   slack (MET)


Startpoint: _10880_ (falling edge-triggered flip-flop clocked by clk')
Endpoint: _10880_ (falling edge-triggered flip-flop clocked by clk')
Path Group: clk
Path Type: min

  Delay    Time   Description
---------------------------------------------------------
   0.00    0.00   clock clk' (fall edge)
   0.00    0.00   clock network delay (ideal)
   0.00    0.00 v _10880_/CLK (DFFLQNx2_ASAP7_75t_R)
  89.71   89.71 v _10880_/QN (DFFLQNx2_ASAP7_75t_R)
  26.96  116.68 ^ _06557_/Y (INVx1_ASAP7_75t_R)
  21.18  137.85 v _08386_/Y (NOR2x1_ASAP7_75t_R)
  11.57  149.42 ^ _08387_/Y (AOI21x1_ASAP7_75t_R)
   0.00  149.42 ^ _10880_/D (DFFLQNx2_ASAP7_75t_R)
         149.42   data arrival time

   0.00    0.00   clock clk' (fall edge)
   0.00    0.00   clock network delay (ideal)
   0.00    0.00   clock reconvergence pessimism
           0.00 v _10880_/CLK (DFFLQNx2_ASAP7_75t_R)
  14.51   14.51   library hold time
          14.51   data required time
---------------------------------------------------------
          14.51   data required time
        -149.42   data arrival time
---------------------------------------------------------
         134.91   slack (MET)


Startpoint: _10882_ (falling edge-triggered flip-flop clocked by clk')
Endpoint: _10882_ (falling edge-triggered flip-flop clocked by clk')
Path Group: clk
Path Type: min

  Delay    Time   Description
---------------------------------------------------------
   0.00    0.00   clock clk' (fall edge)
   0.00    0.00   clock network delay (ideal)
   0.00    0.00 v _10882_/CLK (DFFLQNx2_ASAP7_75t_R)
  89.71   89.71 v _10882_/QN (DFFLQNx2_ASAP7_75t_R)
  26.96  116.68 ^ _06613_/Y (INVx1_ASAP7_75t_R)
  21.18  137.85 v _08390_/Y (NOR2x1_ASAP7_75t_R)
  11.57  149.42 ^ _08391_/Y (AOI21x1_ASAP7_75t_R)
   0.00  149.42 ^ _10882_/D (DFFLQNx2_ASAP7_75t_R)
         149.42   data arrival time

   0.00    0.00   clock clk' (fall edge)
   0.00    0.00   clock network delay (ideal)
   0.00    0.00   clock reconvergence pessimism
           0.00 v _10882_/CLK (DFFLQNx2_ASAP7_75t_R)
  14.51   14.51   library hold time
          14.51   data required time
---------------------------------------------------------
          14.51   data required time
        -149.42   data arrival time
---------------------------------------------------------
         134.91   slack (MET)


Startpoint: _10808_ (falling edge-triggered flip-flop clocked by clk')
Endpoint: _10808_ (falling edge-triggered flip-flop clocked by clk')
Path Group: clk
Path Type: min

  Delay    Time   Description
---------------------------------------------------------
   0.00    0.00   clock clk' (fall edge)
   0.00    0.00   clock network delay (ideal)
   0.00    0.00 v _10808_/CLK (DFFLQNx2_ASAP7_75t_R)
  76.42   76.42 ^ _10808_/QN (DFFLQNx2_ASAP7_75t_R)
  21.34   97.76 v _06188_/Y (INVx1_ASAP7_75t_R)
  18.57  116.33 ^ _08173_/Y (NOR2x1_ASAP7_75t_R)
  11.89  128.23 v _08174_/Y (AOI21x1_ASAP7_75t_R)
   0.00  128.23 v _10808_/D (DFFLQNx2_ASAP7_75t_R)
         128.23   data arrival time

   0.00    0.00   clock clk' (fall edge)
   0.00    0.00   clock network delay (ideal)
   0.00    0.00   clock reconvergence pessimism
           0.00 v _10808_/CLK (DFFLQNx2_ASAP7_75t_R)
  -6.70   -6.70   library hold time
          -6.70   data required time
---------------------------------------------------------
          -6.70   data required time
        -128.23   data arrival time
---------------------------------------------------------
         134.93   slack (MET)


Startpoint: _10842_ (falling edge-triggered flip-flop clocked by clk')
Endpoint: _10842_ (falling edge-triggered flip-flop clocked by clk')
Path Group: clk
Path Type: min

  Delay    Time   Description
---------------------------------------------------------
   0.00    0.00   clock clk' (fall edge)
   0.00    0.00   clock network delay (ideal)
   0.00    0.00 v _10842_/CLK (DFFLQNx2_ASAP7_75t_R)
  76.42   76.42 ^ _10842_/QN (DFFLQNx2_ASAP7_75t_R)
  21.34   97.76 v _06186_/Y (INVx1_ASAP7_75t_R)
  18.57  116.33 ^ _08294_/Y (NOR2x1_ASAP7_75t_R)
  11.89  128.23 v _08295_/Y (AOI21x1_ASAP7_75t_R)
   0.00  128.23 v _10842_/D (DFFLQNx2_ASAP7_75t_R)
         128.23   data arrival time

   0.00    0.00   clock clk' (fall edge)
   0.00    0.00   clock network delay (ideal)
   0.00    0.00   clock reconvergence pessimism
           0.00 v _10842_/CLK (DFFLQNx2_ASAP7_75t_R)
  -6.70   -6.70   library hold time
          -6.70   data required time
---------------------------------------------------------
          -6.70   data required time
        -128.23   data arrival time
---------------------------------------------------------
         134.93   slack (MET)


Startpoint: _10851_ (falling edge-triggered flip-flop clocked by clk')
Endpoint: _10851_ (falling edge-triggered flip-flop clocked by clk')
Path Group: clk
Path Type: min

  Delay    Time   Description
---------------------------------------------------------
   0.00    0.00   clock clk' (fall edge)
   0.00    0.00   clock network delay (ideal)
   0.00    0.00 v _10851_/CLK (DFFLQNx2_ASAP7_75t_R)
  76.42   76.42 ^ _10851_/QN (DFFLQNx2_ASAP7_75t_R)
  21.34   97.76 v _06183_/Y (INVx1_ASAP7_75t_R)
  18.57  116.33 ^ _08318_/Y (NOR2x1_ASAP7_75t_R)
  11.89  128.23 v _08319_/Y (AOI21x1_ASAP7_75t_R)
   0.00  128.23 v _10851_/D (DFFLQNx2_ASAP7_75t_R)
         128.23   data arrival time

   0.00    0.00   clock clk' (fall edge)
   0.00    0.00   clock network delay (ideal)
   0.00    0.00   clock reconvergence pessimism
           0.00 v _10851_/CLK (DFFLQNx2_ASAP7_75t_R)
  -6.70   -6.70   library hold time
          -6.70   data required time
---------------------------------------------------------
          -6.70   data required time
        -128.23   data arrival time
---------------------------------------------------------
         134.93   slack (MET)


Startpoint: _10873_ (falling edge-triggered flip-flop clocked by clk')
Endpoint: _10873_ (falling edge-triggered flip-flop clocked by clk')
Path Group: clk
Path Type: min

  Delay    Time   Description
---------------------------------------------------------
   0.00    0.00   clock clk' (fall edge)
   0.00    0.00   clock network delay (ideal)
   0.00    0.00 v _10873_/CLK (DFFLQNx2_ASAP7_75t_R)
  93.91   93.91 v _10873_/QN (DFFLQNx2_ASAP7_75t_R)
  23.12  117.03 ^ _07516_/Y (INVx1_ASAP7_75t_R)
  19.15  136.18 v _08369_/Y (NOR2x1_ASAP7_75t_R)
  12.94  149.11 ^ _08370_/Y (AOI21x1_ASAP7_75t_R)
   0.00  149.11 ^ _10873_/D (DFFLQNx2_ASAP7_75t_R)
         149.11   data arrival time

   0.00    0.00   clock clk' (fall edge)
   0.00    0.00   clock network delay (ideal)
   0.00    0.00   clock reconvergence pessimism
           0.00 v _10873_/CLK (DFFLQNx2_ASAP7_75t_R)
  14.18   14.18   library hold time
          14.18   data required time
---------------------------------------------------------
          14.18   data required time
        -149.11   data arrival time
---------------------------------------------------------
         134.93   slack (MET)


Startpoint: _10889_ (falling edge-triggered flip-flop clocked by clk')
Endpoint: _10889_ (falling edge-triggered flip-flop clocked by clk')
Path Group: clk
Path Type: min

  Delay    Time   Description
---------------------------------------------------------
   0.00    0.00   clock clk' (fall edge)
   0.00    0.00   clock network delay (ideal)
   0.00    0.00 v _10889_/CLK (DFFLQNx2_ASAP7_75t_R)
  93.91   93.91 v _10889_/QN (DFFLQNx2_ASAP7_75t_R)
  23.12  117.03 ^ _06945_/Y (INVx1_ASAP7_75t_R)
  19.15  136.18 v _08406_/Y (NOR2x1_ASAP7_75t_R)
  12.94  149.11 ^ _08407_/Y (AOI21x1_ASAP7_75t_R)
   0.00  149.11 ^ _10889_/D (DFFLQNx2_ASAP7_75t_R)
         149.11   data arrival time

   0.00    0.00   clock clk' (fall edge)
   0.00    0.00   clock network delay (ideal)
   0.00    0.00   clock reconvergence pessimism
           0.00 v _10889_/CLK (DFFLQNx2_ASAP7_75t_R)
  14.18   14.18   library hold time
          14.18   data required time
---------------------------------------------------------
          14.18   data required time
        -149.11   data arrival time
---------------------------------------------------------
         134.93   slack (MET)


Startpoint: _10890_ (falling edge-triggered flip-flop clocked by clk')
Endpoint: _10890_ (falling edge-triggered flip-flop clocked by clk')
Path Group: clk
Path Type: min

  Delay    Time   Description
---------------------------------------------------------
   0.00    0.00   clock clk' (fall edge)
   0.00    0.00   clock network delay (ideal)
   0.00    0.00 v _10890_/CLK (DFFLQNx2_ASAP7_75t_R)
  93.91   93.91 v _10890_/QN (DFFLQNx2_ASAP7_75t_R)
  23.12  117.03 ^ _08408_/Y (INVx1_ASAP7_75t_R)
  19.15  136.18 v _08409_/Y (NOR2x1_ASAP7_75t_R)
  12.94  149.11 ^ _08410_/Y (AOI21x1_ASAP7_75t_R)
   0.00  149.11 ^ _10890_/D (DFFLQNx2_ASAP7_75t_R)
         149.11   data arrival time

   0.00    0.00   clock clk' (fall edge)
   0.00    0.00   clock network delay (ideal)
   0.00    0.00   clock reconvergence pessimism
           0.00 v _10890_/CLK (DFFLQNx2_ASAP7_75t_R)
  14.18   14.18   library hold time
          14.18   data required time
---------------------------------------------------------
          14.18   data required time
        -149.11   data arrival time
---------------------------------------------------------
         134.93   slack (MET)


Startpoint: _10934_ (falling edge-triggered flip-flop clocked by clk')
Endpoint: _10934_ (falling edge-triggered flip-flop clocked by clk')
Path Group: clk
Path Type: min

  Delay    Time   Description
---------------------------------------------------------
   0.00    0.00   clock clk' (fall edge)
   0.00    0.00   clock network delay (ideal)
   0.00    0.00 v _10934_/CLK (DFFLQNx2_ASAP7_75t_R)
  93.91   93.91 v _10934_/QN (DFFLQNx2_ASAP7_75t_R)
  23.12  117.03 ^ _07515_/Y (INVx1_ASAP7_75t_R)
  19.15  136.18 v _08534_/Y (NOR2x1_ASAP7_75t_R)
  12.94  149.11 ^ _08535_/Y (AOI21x1_ASAP7_75t_R)
   0.00  149.11 ^ _10934_/D (DFFLQNx2_ASAP7_75t_R)
         149.11   data arrival time

   0.00    0.00   clock clk' (fall edge)
   0.00    0.00   clock network delay (ideal)
   0.00    0.00   clock reconvergence pessimism
           0.00 v _10934_/CLK (DFFLQNx2_ASAP7_75t_R)
  14.18   14.18   library hold time
          14.18   data required time
---------------------------------------------------------
          14.18   data required time
        -149.11   data arrival time
---------------------------------------------------------
         134.93   slack (MET)


Startpoint: _10605_ (falling edge-triggered flip-flop clocked by clk')
Endpoint: _10605_ (falling edge-triggered flip-flop clocked by clk')
Path Group: clk
Path Type: min

  Delay    Time   Description
---------------------------------------------------------
   0.00    0.00   clock clk' (fall edge)
   0.00    0.00   clock network delay (ideal)
   0.00    0.00 v _10605_/CLK (DFFLQNx2_ASAP7_75t_R)
  98.56   98.56 v _10605_/QN (DFFLQNx2_ASAP7_75t_R)
  19.42  117.98 ^ _05501_/Y (INVx3_ASAP7_75t_R)
  32.03  150.00 ^ _08666_/Y (OA21x2_ASAP7_75t_R)
   0.00  150.00 ^ _10605_/D (DFFLQNx2_ASAP7_75t_R)
         150.00   data arrival time

   0.00    0.00   clock clk' (fall edge)
   0.00    0.00   clock network delay (ideal)
   0.00    0.00   clock reconvergence pessimism
           0.00 v _10605_/CLK (DFFLQNx2_ASAP7_75t_R)
  15.05   15.05   library hold time
          15.05   data required time
---------------------------------------------------------
          15.05   data required time
        -150.00   data arrival time
---------------------------------------------------------
         134.95   slack (MET)


Startpoint: _10807_ (falling edge-triggered flip-flop clocked by clk')
Endpoint: _10807_ (falling edge-triggered flip-flop clocked by clk')
Path Group: clk
Path Type: min

  Delay    Time   Description
---------------------------------------------------------
   0.00    0.00   clock clk' (fall edge)
   0.00    0.00   clock network delay (ideal)
   0.00    0.00 v _10807_/CLK (DFFLQNx2_ASAP7_75t_R)
  98.97   98.97 v _10807_/QN (DFFLQNx2_ASAP7_75t_R)
  20.35  119.32 ^ _08156_/Y (INVx1_ASAP7_75t_R)
  18.15  137.47 v _08157_/Y (NOR2x1_ASAP7_75t_R)
  11.97  149.44 ^ _08158_/Y (AOI21x1_ASAP7_75t_R)
   0.00  149.44 ^ _10807_/D (DFFLQNx2_ASAP7_75t_R)
         149.44   data arrival time

   0.00    0.00   clock clk' (fall edge)
   0.00    0.00   clock network delay (ideal)
   0.00    0.00   clock reconvergence pessimism
           0.00 v _10807_/CLK (DFFLQNx2_ASAP7_75t_R)
  14.42   14.42   library hold time
          14.42   data required time
---------------------------------------------------------
          14.42   data required time
        -149.44   data arrival time
---------------------------------------------------------
         135.02   slack (MET)


Startpoint: _10805_ (falling edge-triggered flip-flop clocked by clk')
Endpoint: _10805_ (falling edge-triggered flip-flop clocked by clk')
Path Group: clk
Path Type: min

  Delay    Time   Description
---------------------------------------------------------
   0.00    0.00   clock clk' (fall edge)
   0.00    0.00   clock network delay (ideal)
   0.00    0.00 v _10805_/CLK (DFFLQNx2_ASAP7_75t_R)
  76.42   76.42 ^ _10805_/QN (DFFLQNx2_ASAP7_75t_R)
  21.55   97.96 v _06866_/Y (INVx1_ASAP7_75t_R)
  18.64  116.60 ^ _08110_/Y (NOR2x1_ASAP7_75t_R)
  11.91  128.51 v _08111_/Y (AOI21x1_ASAP7_75t_R)
   0.00  128.51 v _10805_/D (DFFLQNx2_ASAP7_75t_R)
         128.51   data arrival time

   0.00    0.00   clock clk' (fall edge)
   0.00    0.00   clock network delay (ideal)
   0.00    0.00   clock reconvergence pessimism
           0.00 v _10805_/CLK (DFFLQNx2_ASAP7_75t_R)
  -6.70   -6.70   library hold time
          -6.70   data required time
---------------------------------------------------------
          -6.70   data required time
        -128.51   data arrival time
---------------------------------------------------------
         135.22   slack (MET)


Startpoint: _10833_ (falling edge-triggered flip-flop clocked by clk')
Endpoint: _10833_ (falling edge-triggered flip-flop clocked by clk')
Path Group: clk
Path Type: min

  Delay    Time   Description
---------------------------------------------------------
   0.00    0.00   clock clk' (fall edge)
   0.00    0.00   clock network delay (ideal)
   0.00    0.00 v _10833_/CLK (DFFLQNx2_ASAP7_75t_R)
  76.42   76.42 ^ _10833_/QN (DFFLQNx2_ASAP7_75t_R)
  21.55   97.96 v _06604_/Y (INVx1_ASAP7_75t_R)
  18.64  116.60 ^ _08270_/Y (NOR2x1_ASAP7_75t_R)
  11.91  128.51 v _08271_/Y (AOI21x1_ASAP7_75t_R)
   0.00  128.51 v _10833_/D (DFFLQNx2_ASAP7_75t_R)
         128.51   data arrival time

   0.00    0.00   clock clk' (fall edge)
   0.00    0.00   clock network delay (ideal)
   0.00    0.00   clock reconvergence pessimism
           0.00 v _10833_/CLK (DFFLQNx2_ASAP7_75t_R)
  -6.70   -6.70   library hold time
          -6.70   data required time
---------------------------------------------------------
          -6.70   data required time
        -128.51   data arrival time
---------------------------------------------------------
         135.22   slack (MET)


Startpoint: _10841_ (falling edge-triggered flip-flop clocked by clk')
Endpoint: _10841_ (falling edge-triggered flip-flop clocked by clk')
Path Group: clk
Path Type: min

  Delay    Time   Description
---------------------------------------------------------
   0.00    0.00   clock clk' (fall edge)
   0.00    0.00   clock network delay (ideal)
   0.00    0.00 v _10841_/CLK (DFFLQNx2_ASAP7_75t_R)
  76.42   76.42 ^ _10841_/QN (DFFLQNx2_ASAP7_75t_R)
  21.55   97.96 v _06605_/Y (INVx1_ASAP7_75t_R)
  18.64  116.60 ^ _08289_/Y (NOR2x1_ASAP7_75t_R)
  11.91  128.51 v _08290_/Y (AOI21x1_ASAP7_75t_R)
   0.00  128.51 v _10841_/D (DFFLQNx2_ASAP7_75t_R)
         128.51   data arrival time

   0.00    0.00   clock clk' (fall edge)
   0.00    0.00   clock network delay (ideal)
   0.00    0.00   clock reconvergence pessimism
           0.00 v _10841_/CLK (DFFLQNx2_ASAP7_75t_R)
  -6.70   -6.70   library hold time
          -6.70   data required time
---------------------------------------------------------
          -6.70   data required time
        -128.51   data arrival time
---------------------------------------------------------
         135.22   slack (MET)


Startpoint: _10866_ (falling edge-triggered flip-flop clocked by clk')
Endpoint: _10866_ (falling edge-triggered flip-flop clocked by clk')
Path Group: clk
Path Type: min

  Delay    Time   Description
---------------------------------------------------------
   0.00    0.00   clock clk' (fall edge)
   0.00    0.00   clock network delay (ideal)
   0.00    0.00 v _10866_/CLK (DFFLQNx2_ASAP7_75t_R)
  76.42   76.42 ^ _10866_/QN (DFFLQNx2_ASAP7_75t_R)
  21.55   97.96 v _06601_/Y (INVx1_ASAP7_75t_R)
  18.64  116.60 ^ _08352_/Y (NOR2x1_ASAP7_75t_R)
  11.91  128.51 v _08353_/Y (AOI21x1_ASAP7_75t_R)
   0.00  128.51 v _10866_/D (DFFLQNx2_ASAP7_75t_R)
         128.51   data arrival time

   0.00    0.00   clock clk' (fall edge)
   0.00    0.00   clock network delay (ideal)
   0.00    0.00   clock reconvergence pessimism
           0.00 v _10866_/CLK (DFFLQNx2_ASAP7_75t_R)
  -6.70   -6.70   library hold time
          -6.70   data required time
---------------------------------------------------------
          -6.70   data required time
        -128.51   data arrival time
---------------------------------------------------------
         135.22   slack (MET)


Startpoint: _10909_ (falling edge-triggered flip-flop clocked by clk')
Endpoint: _10909_ (falling edge-triggered flip-flop clocked by clk')
Path Group: clk
Path Type: min

  Delay    Time   Description
---------------------------------------------------------
   0.00    0.00   clock clk' (fall edge)
   0.00    0.00   clock network delay (ideal)
   0.00    0.00 v _10909_/CLK (DFFLQNx2_ASAP7_75t_R)
  89.74   89.74 v _10909_/QN (DFFLQNx2_ASAP7_75t_R)
  26.97  116.71 ^ _06870_/Y (INVx1_ASAP7_75t_R)
  21.18  137.89 v _08476_/Y (NOR2x1_ASAP7_75t_R)
  11.80  149.69 ^ _08477_/Y (AOI21x1_ASAP7_75t_R)
   0.00  149.69 ^ _10909_/D (DFFLQNx2_ASAP7_75t_R)
         149.69   data arrival time

   0.00    0.00   clock clk' (fall edge)
   0.00    0.00   clock network delay (ideal)
   0.00    0.00   clock reconvergence pessimism
           0.00 v _10909_/CLK (DFFLQNx2_ASAP7_75t_R)
  14.46   14.46   library hold time
          14.46   data required time
---------------------------------------------------------
          14.46   data required time
        -149.69   data arrival time
---------------------------------------------------------
         135.24   slack (MET)


Startpoint: _10746_ (falling edge-triggered flip-flop clocked by clk')
Endpoint: _10746_ (falling edge-triggered flip-flop clocked by clk')
Path Group: clk
Path Type: min

  Delay    Time   Description
---------------------------------------------------------
   0.00    0.00   clock clk' (fall edge)
   0.00    0.00   clock network delay (ideal)
   0.00    0.00 v _10746_/CLK (DFFLQNx2_ASAP7_75t_R)
  96.65   96.65 v _10746_/QN (DFFLQNx2_ASAP7_75t_R)
  21.58  118.23 ^ _06674_/Y (INVx4_ASAP7_75t_R)
  16.00  134.23 v _09942_/Y (NAND2x1_ASAP7_75t_R)
  14.74  148.97 ^ _09956_/Y (AOI21x1_ASAP7_75t_R)
   0.00  148.97 ^ _10746_/D (DFFLQNx2_ASAP7_75t_R)
         148.97   data arrival time

   0.00    0.00   clock clk' (fall edge)
   0.00    0.00   clock network delay (ideal)
   0.00    0.00   clock reconvergence pessimism
           0.00 v _10746_/CLK (DFFLQNx2_ASAP7_75t_R)
  13.69   13.69   library hold time
          13.69   data required time
---------------------------------------------------------
          13.69   data required time
        -148.97   data arrival time
---------------------------------------------------------
         135.28   slack (MET)


Startpoint: _10772_ (falling edge-triggered flip-flop clocked by clk')
Endpoint: _10772_ (falling edge-triggered flip-flop clocked by clk')
Path Group: clk
Path Type: min

  Delay    Time   Description
---------------------------------------------------------
   0.00    0.00   clock clk' (fall edge)
   0.00    0.00   clock network delay (ideal)
   0.00    0.00 v _10772_/CLK (DFFLQNx2_ASAP7_75t_R)
  92.24   92.24 v _10772_/QN (DFFLQNx2_ASAP7_75t_R)
  23.91  116.15 ^ _06668_/Y (INVx2_ASAP7_75t_R)
  33.32  149.48 ^ _10195_/Y (AO22x1_ASAP7_75t_R)
   0.00  149.48 ^ _10772_/D (DFFLQNx2_ASAP7_75t_R)
         149.48   data arrival time

   0.00    0.00   clock clk' (fall edge)
   0.00    0.00   clock network delay (ideal)
   0.00    0.00   clock reconvergence pessimism
           0.00 v _10772_/CLK (DFFLQNx2_ASAP7_75t_R)
  13.99   13.99   library hold time
          13.99   data required time
---------------------------------------------------------
          13.99   data required time
        -149.48   data arrival time
---------------------------------------------------------
         135.49   slack (MET)


Startpoint: _10919_ (falling edge-triggered flip-flop clocked by clk')
Endpoint: _10919_ (falling edge-triggered flip-flop clocked by clk')
Path Group: clk
Path Type: min

  Delay    Time   Description
---------------------------------------------------------
   0.00    0.00   clock clk' (fall edge)
   0.00    0.00   clock network delay (ideal)
   0.00    0.00 v _10919_/CLK (DFFLQNx2_ASAP7_75t_R)
  94.52   94.52 v _10919_/QN (DFFLQNx2_ASAP7_75t_R)
  23.31  117.83 ^ _08499_/Y (INVx1_ASAP7_75t_R)
  19.20  137.03 v _08500_/Y (NOR2x1_ASAP7_75t_R)
  12.95  149.98 ^ _08501_/Y (AOI21x1_ASAP7_75t_R)
   0.00  149.98 ^ _10919_/D (DFFLQNx2_ASAP7_75t_R)
         149.98   data arrival time

   0.00    0.00   clock clk' (fall edge)
   0.00    0.00   clock network delay (ideal)
   0.00    0.00   clock reconvergence pessimism
           0.00 v _10919_/CLK (DFFLQNx2_ASAP7_75t_R)
  14.18   14.18   library hold time
          14.18   data required time
---------------------------------------------------------
          14.18   data required time
        -149.98   data arrival time
---------------------------------------------------------
         135.80   slack (MET)


Startpoint: _10756_ (falling edge-triggered flip-flop clocked by clk')
Endpoint: _10756_ (falling edge-triggered flip-flop clocked by clk')
Path Group: clk
Path Type: min

  Delay    Time   Description
---------------------------------------------------------
   0.00    0.00   clock clk' (fall edge)
   0.00    0.00   clock network delay (ideal)
   0.00    0.00 v _10756_/CLK (DFFLQNx2_ASAP7_75t_R)
 100.83  100.83 v _10756_/QN (DFFLQNx2_ASAP7_75t_R)
  22.97  123.80 ^ _07582_/Y (INVx2_ASAP7_75t_R)
  15.24  139.04 v _10052_/Y (OAI21x1_ASAP7_75t_R)
  12.10  151.14 ^ _10053_/Y (AOI21x1_ASAP7_75t_R)
   0.00  151.14 ^ _10756_/D (DFFLQNx2_ASAP7_75t_R)
         151.14   data arrival time

   0.00    0.00   clock clk' (fall edge)
   0.00    0.00   clock network delay (ideal)
   0.00    0.00   clock reconvergence pessimism
           0.00 v _10756_/CLK (DFFLQNx2_ASAP7_75t_R)
  14.38   14.38   library hold time
          14.38   data required time
---------------------------------------------------------
          14.38   data required time
        -151.14   data arrival time
---------------------------------------------------------
         136.76   slack (MET)


Startpoint: _10797_ (falling edge-triggered flip-flop clocked by clk')
Endpoint: _10797_ (falling edge-triggered flip-flop clocked by clk')
Path Group: clk
Path Type: min

  Delay    Time   Description
---------------------------------------------------------
   0.00    0.00   clock clk' (fall edge)
   0.00    0.00   clock network delay (ideal)
   0.00    0.00 v _10797_/CLK (DFFLQNx2_ASAP7_75t_R)
 123.27  123.27 v _10797_/QN (DFFLQNx2_ASAP7_75t_R)
  26.88  150.16 ^ _10442_/Y (OAI22x1_ASAP7_75t_R)
   0.00  150.16 ^ _10797_/D (DFFLQNx2_ASAP7_75t_R)
         150.16   data arrival time

   0.00    0.00   clock clk' (fall edge)
   0.00    0.00   clock network delay (ideal)
   0.00    0.00   clock reconvergence pessimism
           0.00 v _10797_/CLK (DFFLQNx2_ASAP7_75t_R)
  13.19   13.19   library hold time
          13.19   data required time
---------------------------------------------------------
          13.19   data required time
        -150.16   data arrival time
---------------------------------------------------------
         136.97   slack (MET)


Startpoint: _10927_ (falling edge-triggered flip-flop clocked by clk')
Endpoint: _10927_ (falling edge-triggered flip-flop clocked by clk')
Path Group: clk
Path Type: min

  Delay    Time   Description
---------------------------------------------------------
   0.00    0.00   clock clk' (fall edge)
   0.00    0.00   clock network delay (ideal)
   0.00    0.00 v _10927_/CLK (DFFLQNx2_ASAP7_75t_R)
  91.23   91.23 v _10927_/QN (DFFLQNx2_ASAP7_75t_R)
  27.59  118.82 ^ _07568_/Y (INVx1_ASAP7_75t_R)
  21.34  140.16 v _08518_/Y (NOR2x1_ASAP7_75t_R)
  11.71  151.87 ^ _08519_/Y (AOI21x1_ASAP7_75t_R)
   0.00  151.87 ^ _10927_/D (DFFLQNx2_ASAP7_75t_R)
         151.87   data arrival time

   0.00    0.00   clock clk' (fall edge)
   0.00    0.00   clock network delay (ideal)
   0.00    0.00   clock reconvergence pessimism
           0.00 v _10927_/CLK (DFFLQNx2_ASAP7_75t_R)
  14.48   14.48   library hold time
          14.48   data required time
---------------------------------------------------------
          14.48   data required time
        -151.87   data arrival time
---------------------------------------------------------
         137.39   slack (MET)


Startpoint: _10702_ (falling edge-triggered flip-flop clocked by clk')
Endpoint: _10702_ (falling edge-triggered flip-flop clocked by clk')
Path Group: clk
Path Type: min

  Delay    Time   Description
---------------------------------------------------------
   0.00    0.00   clock clk' (fall edge)
   0.00    0.00   clock network delay (ideal)
   0.00    0.00 v _10702_/CLK (DFFLQNx2_ASAP7_75t_R)
  98.93   98.93 v _10702_/QN (DFFLQNx2_ASAP7_75t_R)
  45.02  143.96 v _09598_/Y (OA21x2_ASAP7_75t_R)
   9.11  153.06 ^ _09599_/Y (OAI21x1_ASAP7_75t_R)
   0.00  153.06 ^ _10702_/D (DFFLQNx2_ASAP7_75t_R)
         153.06   data arrival time

   0.00    0.00   clock clk' (fall edge)
   0.00    0.00   clock network delay (ideal)
   0.00    0.00   clock reconvergence pessimism
           0.00 v _10702_/CLK (DFFLQNx2_ASAP7_75t_R)
  15.52   15.52   library hold time
          15.52   data required time
---------------------------------------------------------
          15.52   data required time
        -153.06   data arrival time
---------------------------------------------------------
         137.55   slack (MET)


Startpoint: _10744_ (falling edge-triggered flip-flop clocked by clk')
Endpoint: _10744_ (falling edge-triggered flip-flop clocked by clk')
Path Group: clk
Path Type: min

  Delay    Time   Description
---------------------------------------------------------
   0.00    0.00   clock clk' (fall edge)
   0.00    0.00   clock network delay (ideal)
   0.00    0.00 v _10744_/CLK (DFFLQNx2_ASAP7_75t_R)
 101.05  101.05 v _10744_/QN (DFFLQNx2_ASAP7_75t_R)
  39.32  140.37 v _09930_/Y (AO21x1_ASAP7_75t_R)
  11.70  152.08 ^ _09931_/Y (AOI21x1_ASAP7_75t_R)
   0.00  152.08 ^ _10744_/D (DFFLQNx2_ASAP7_75t_R)
         152.08   data arrival time

   0.00    0.00   clock clk' (fall edge)
   0.00    0.00   clock network delay (ideal)
   0.00    0.00   clock reconvergence pessimism
           0.00 v _10744_/CLK (DFFLQNx2_ASAP7_75t_R)
  14.48   14.48   library hold time
          14.48   data required time
---------------------------------------------------------
          14.48   data required time
        -152.08   data arrival time
---------------------------------------------------------
         137.60   slack (MET)


Startpoint: _10748_ (falling edge-triggered flip-flop clocked by clk')
Endpoint: _10748_ (falling edge-triggered flip-flop clocked by clk')
Path Group: clk
Path Type: min

  Delay    Time   Description
---------------------------------------------------------
   0.00    0.00   clock clk' (fall edge)
   0.00    0.00   clock network delay (ideal)
   0.00    0.00 v _10748_/CLK (DFFLQNx2_ASAP7_75t_R)
 101.05  101.05 v _10748_/QN (DFFLQNx2_ASAP7_75t_R)
  39.32  140.37 v _09974_/Y (AO21x1_ASAP7_75t_R)
  11.70  152.08 ^ _09975_/Y (AOI21x1_ASAP7_75t_R)
   0.00  152.08 ^ _10748_/D (DFFLQNx2_ASAP7_75t_R)
         152.08   data arrival time

   0.00    0.00   clock clk' (fall edge)
   0.00    0.00   clock network delay (ideal)
   0.00    0.00   clock reconvergence pessimism
           0.00 v _10748_/CLK (DFFLQNx2_ASAP7_75t_R)
  14.48   14.48   library hold time
          14.48   data required time
---------------------------------------------------------
          14.48   data required time
        -152.08   data arrival time
---------------------------------------------------------
         137.60   slack (MET)


Startpoint: _10875_ (falling edge-triggered flip-flop clocked by clk')
Endpoint: _10875_ (falling edge-triggered flip-flop clocked by clk')
Path Group: clk
Path Type: min

  Delay    Time   Description
---------------------------------------------------------
   0.00    0.00   clock clk' (fall edge)
   0.00    0.00   clock network delay (ideal)
   0.00    0.00 v _10875_/CLK (DFFLQNx2_ASAP7_75t_R)
  76.42   76.42 ^ _10875_/QN (DFFLQNx2_ASAP7_75t_R)
  23.44   99.86 v _06181_/Y (INVx1_ASAP7_75t_R)
  19.24  119.10 ^ _08375_/Y (NOR2x1_ASAP7_75t_R)
  11.95  131.05 v _08376_/Y (AOI21x1_ASAP7_75t_R)
   0.00  131.05 v _10875_/D (DFFLQNx2_ASAP7_75t_R)
         131.05   data arrival time

   0.00    0.00   clock clk' (fall edge)
   0.00    0.00   clock network delay (ideal)
   0.00    0.00   clock reconvergence pessimism
           0.00 v _10875_/CLK (DFFLQNx2_ASAP7_75t_R)
  -6.71   -6.71   library hold time
          -6.71   data required time
---------------------------------------------------------
          -6.71   data required time
        -131.05   data arrival time
---------------------------------------------------------
         137.76   slack (MET)


Startpoint: _10935_ (falling edge-triggered flip-flop clocked by clk')
Endpoint: _10935_ (falling edge-triggered flip-flop clocked by clk')
Path Group: clk
Path Type: min

  Delay    Time   Description
---------------------------------------------------------
   0.00    0.00   clock clk' (fall edge)
   0.00    0.00   clock network delay (ideal)
   0.00    0.00 v _10935_/CLK (DFFLQNx2_ASAP7_75t_R)
  78.19   78.19 ^ _10935_/QN (DFFLQNx2_ASAP7_75t_R)
  22.27  100.46 v _07571_/Y (INVx1_ASAP7_75t_R)
  18.74  119.20 ^ _08536_/Y (NOR2x1_ASAP7_75t_R)
  11.94  131.15 v _08537_/Y (AOI21x1_ASAP7_75t_R)
   0.00  131.15 v _10935_/D (DFFLQNx2_ASAP7_75t_R)
         131.15   data arrival time

   0.00    0.00   clock clk' (fall edge)
   0.00    0.00   clock network delay (ideal)
   0.00    0.00   clock reconvergence pessimism
           0.00 v _10935_/CLK (DFFLQNx2_ASAP7_75t_R)
  -6.71   -6.71   library hold time
          -6.71   data required time
---------------------------------------------------------
          -6.71   data required time
        -131.15   data arrival time
---------------------------------------------------------
         137.85   slack (MET)


Startpoint: _10789_ (falling edge-triggered flip-flop clocked by clk')
Endpoint: _10789_ (falling edge-triggered flip-flop clocked by clk')
Path Group: clk
Path Type: min

  Delay    Time   Description
---------------------------------------------------------
   0.00    0.00   clock clk' (fall edge)
   0.00    0.00   clock network delay (ideal)
   0.00    0.00 v _10789_/CLK (DFFLQNx2_ASAP7_75t_R)
  96.24   96.24 v _10789_/QN (DFFLQNx2_ASAP7_75t_R)
  21.64  117.88 ^ _09290_/Y (INVx1_ASAP7_75t_R)
  33.94  151.82 ^ _10255_/Y (AO32x1_ASAP7_75t_R)
   0.00  151.82 ^ _10789_/D (DFFLQNx2_ASAP7_75t_R)
         151.82   data arrival time

   0.00    0.00   clock clk' (fall edge)
   0.00    0.00   clock network delay (ideal)
   0.00    0.00   clock reconvergence pessimism
           0.00 v _10789_/CLK (DFFLQNx2_ASAP7_75t_R)
  13.89   13.89   library hold time
          13.89   data required time
---------------------------------------------------------
          13.89   data required time
        -151.82   data arrival time
---------------------------------------------------------
         137.93   slack (MET)


Startpoint: _10702_ (falling edge-triggered flip-flop clocked by clk')
Endpoint: _10638_ (falling edge-triggered flip-flop clocked by clk')
Path Group: clk
Path Type: min

  Delay    Time   Description
---------------------------------------------------------
   0.00    0.00   clock clk' (fall edge)
   0.00    0.00   clock network delay (ideal)
   0.00    0.00 v _10702_/CLK (DFFLQNx2_ASAP7_75t_R)
  85.42   85.42 ^ _10702_/QN (DFFLQNx2_ASAP7_75t_R)
  33.27  118.69 ^ _07752_/Y (AO21x1_ASAP7_75t_R)
  12.37  131.05 v _07760_/Y (OAI21x1_ASAP7_75t_R)
   0.00  131.05 v _10638_/D (DFFLQNx2_ASAP7_75t_R)
         131.05   data arrival time

   0.00    0.00   clock clk' (fall edge)
   0.00    0.00   clock network delay (ideal)
   0.00    0.00   clock reconvergence pessimism
           0.00 v _10638_/CLK (DFFLQNx2_ASAP7_75t_R)
  -6.91   -6.91   library hold time
          -6.91   data required time
---------------------------------------------------------
          -6.91   data required time
        -131.05   data arrival time
---------------------------------------------------------
         137.97   slack (MET)


Startpoint: _10798_ (falling edge-triggered flip-flop clocked by clk')
Endpoint: _10798_ (falling edge-triggered flip-flop clocked by clk')
Path Group: clk
Path Type: min

  Delay    Time   Description
---------------------------------------------------------
   0.00    0.00   clock clk' (fall edge)
   0.00    0.00   clock network delay (ideal)
   0.00    0.00 v _10798_/CLK (DFFLQNx3_ASAP7_75t_R)
 100.34  100.34 v _10798_/QN (DFFLQNx3_ASAP7_75t_R)
  22.43  122.77 ^ _09273_/Y (INVx1_ASAP7_75t_R)
  32.85  155.61 ^ _10444_/Y (AO22x1_ASAP7_75t_R)
   0.00  155.61 ^ _10798_/D (DFFLQNx3_ASAP7_75t_R)
         155.61   data arrival time

   0.00    0.00   clock clk' (fall edge)
   0.00    0.00   clock network delay (ideal)
   0.00    0.00   clock reconvergence pessimism
           0.00 v _10798_/CLK (DFFLQNx3_ASAP7_75t_R)
  17.59   17.59   library hold time
          17.59   data required time
---------------------------------------------------------
          17.59   data required time
        -155.61   data arrival time
---------------------------------------------------------
         138.03   slack (MET)


Startpoint: _10823_ (falling edge-triggered flip-flop clocked by clk')
Endpoint: _10823_ (falling edge-triggered flip-flop clocked by clk')
Path Group: clk
Path Type: min

  Delay    Time   Description
---------------------------------------------------------
   0.00    0.00   clock clk' (fall edge)
   0.00    0.00   clock network delay (ideal)
   0.00    0.00 v _10823_/CLK (DFFLQNx2_ASAP7_75t_R)
  80.59   80.59 ^ _10823_/QN (DFFLQNx2_ASAP7_75t_R)
  20.84  101.43 v _07486_/Y (INVx1_ASAP7_75t_R)
  18.23  119.65 ^ _08247_/Y (NOR2x1_ASAP7_75t_R)
  11.79  131.45 v _08248_/Y (AOI21x1_ASAP7_75t_R)
   0.00  131.45 v _10823_/D (DFFLQNx2_ASAP7_75t_R)
         131.45   data arrival time

   0.00    0.00   clock clk' (fall edge)
   0.00    0.00   clock network delay (ideal)
   0.00    0.00   clock reconvergence pessimism
           0.00 v _10823_/CLK (DFFLQNx2_ASAP7_75t_R)
  -6.68   -6.68   library hold time
          -6.68   data required time
---------------------------------------------------------
          -6.68   data required time
        -131.45   data arrival time
---------------------------------------------------------
         138.13   slack (MET)


Startpoint: _10766_ (falling edge-triggered flip-flop clocked by clk')
Endpoint: _10766_ (falling edge-triggered flip-flop clocked by clk')
Path Group: clk
Path Type: min

  Delay    Time   Description
---------------------------------------------------------
   0.00    0.00   clock clk' (fall edge)
   0.00    0.00   clock network delay (ideal)
   0.00    0.00 v _10766_/CLK (DFFLQNx2_ASAP7_75t_R)
  93.98   93.98 v _10766_/QN (DFFLQNx2_ASAP7_75t_R)
  24.78  118.77 ^ _06652_/Y (INVx2_ASAP7_75t_R)
  33.53  152.30 ^ _10159_/Y (AO22x1_ASAP7_75t_R)
   0.00  152.30 ^ _10766_/D (DFFLQNx2_ASAP7_75t_R)
         152.30   data arrival time

   0.00    0.00   clock clk' (fall edge)
   0.00    0.00   clock network delay (ideal)
   0.00    0.00   clock reconvergence pessimism
           0.00 v _10766_/CLK (DFFLQNx2_ASAP7_75t_R)
  13.99   13.99   library hold time
          13.99   data required time
---------------------------------------------------------
          13.99   data required time
        -152.30   data arrival time
---------------------------------------------------------
         138.31   slack (MET)


Startpoint: _10768_ (falling edge-triggered flip-flop clocked by clk')
Endpoint: _10768_ (falling edge-triggered flip-flop clocked by clk')
Path Group: clk
Path Type: min

  Delay    Time   Description
---------------------------------------------------------
   0.00    0.00   clock clk' (fall edge)
   0.00    0.00   clock network delay (ideal)
   0.00    0.00 v _10768_/CLK (DFFLQNx2_ASAP7_75t_R)
  93.98   93.98 v _10768_/QN (DFFLQNx2_ASAP7_75t_R)
  24.78  118.77 ^ _06658_/Y (INVx2_ASAP7_75t_R)
  33.53  152.30 ^ _10171_/Y (AO22x1_ASAP7_75t_R)
   0.00  152.30 ^ _10768_/D (DFFLQNx2_ASAP7_75t_R)
         152.30   data arrival time

   0.00    0.00   clock clk' (fall edge)
   0.00    0.00   clock network delay (ideal)
   0.00    0.00   clock reconvergence pessimism
           0.00 v _10768_/CLK (DFFLQNx2_ASAP7_75t_R)
  13.99   13.99   library hold time
          13.99   data required time
---------------------------------------------------------
          13.99   data required time
        -152.30   data arrival time
---------------------------------------------------------
         138.31   slack (MET)


Startpoint: _10770_ (falling edge-triggered flip-flop clocked by clk')
Endpoint: _10770_ (falling edge-triggered flip-flop clocked by clk')
Path Group: clk
Path Type: min

  Delay    Time   Description
---------------------------------------------------------
   0.00    0.00   clock clk' (fall edge)
   0.00    0.00   clock network delay (ideal)
   0.00    0.00 v _10770_/CLK (DFFLQNx2_ASAP7_75t_R)
  93.98   93.98 v _10770_/QN (DFFLQNx2_ASAP7_75t_R)
  24.78  118.77 ^ _06664_/Y (INVx2_ASAP7_75t_R)
  33.53  152.30 ^ _10183_/Y (AO22x1_ASAP7_75t_R)
   0.00  152.30 ^ _10770_/D (DFFLQNx2_ASAP7_75t_R)
         152.30   data arrival time

   0.00    0.00   clock clk' (fall edge)
   0.00    0.00   clock network delay (ideal)
   0.00    0.00   clock reconvergence pessimism
           0.00 v _10770_/CLK (DFFLQNx2_ASAP7_75t_R)
  13.99   13.99   library hold time
          13.99   data required time
---------------------------------------------------------
          13.99   data required time
        -152.30   data arrival time
---------------------------------------------------------
         138.31   slack (MET)


Startpoint: _10708_ (falling edge-triggered flip-flop clocked by clk')
Endpoint: _10644_ (falling edge-triggered flip-flop clocked by clk')
Path Group: clk
Path Type: min

  Delay    Time   Description
---------------------------------------------------------
   0.00    0.00   clock clk' (fall edge)
   0.00    0.00   clock network delay (ideal)
   0.00    0.00 v _10708_/CLK (DFFLQNx2_ASAP7_75t_R)
  85.82   85.82 ^ _10708_/QN (DFFLQNx2_ASAP7_75t_R)
  33.36  119.18 ^ _07807_/Y (AO21x1_ASAP7_75t_R)
  12.37  131.55 v _07833_/Y (OAI21x1_ASAP7_75t_R)
   0.00  131.55 v _10644_/D (DFFLQNx2_ASAP7_75t_R)
         131.55   data arrival time

   0.00    0.00   clock clk' (fall edge)
   0.00    0.00   clock network delay (ideal)
   0.00    0.00   clock reconvergence pessimism
           0.00 v _10644_/CLK (DFFLQNx2_ASAP7_75t_R)
  -6.91   -6.91   library hold time
          -6.91   data required time
---------------------------------------------------------
          -6.91   data required time
        -131.55   data arrival time
---------------------------------------------------------
         138.46   slack (MET)


Startpoint: _10731_ (falling edge-triggered flip-flop clocked by clk')
Endpoint: _10731_ (falling edge-triggered flip-flop clocked by clk')
Path Group: clk
Path Type: min

  Delay    Time   Description
---------------------------------------------------------
   0.00    0.00   clock clk' (fall edge)
   0.00    0.00   clock network delay (ideal)
   0.00    0.00 v _10731_/CLK (DFFLQNx2_ASAP7_75t_R)
  85.29   85.29 ^ _10731_/QN (DFFLQNx2_ASAP7_75t_R)
  34.50  119.79 ^ _09762_/Y (AO21x1_ASAP7_75t_R)
  12.43  132.22 v _09769_/Y (NAND2x1_ASAP7_75t_R)
   0.00  132.22 v _10731_/D (DFFLQNx2_ASAP7_75t_R)
         132.22   data arrival time

   0.00    0.00   clock clk' (fall edge)
   0.00    0.00   clock network delay (ideal)
   0.00    0.00   clock reconvergence pessimism
           0.00 v _10731_/CLK (DFFLQNx2_ASAP7_75t_R)
  -6.55   -6.55   library hold time
          -6.55   data required time
---------------------------------------------------------
          -6.55   data required time
        -132.22   data arrival time
---------------------------------------------------------
         138.77   slack (MET)


Startpoint: _10685_ (falling edge-triggered flip-flop clocked by clk')
Endpoint: _10701_ (falling edge-triggered flip-flop clocked by clk')
Path Group: clk
Path Type: min

  Delay    Time   Description
---------------------------------------------------------
   0.00    0.00   clock clk' (fall edge)
   0.00    0.00   clock network delay (ideal)
   0.00    0.00 v _10685_/CLK (DFFLQNx2_ASAP7_75t_R)
  83.86   83.86 ^ _10685_/QN (DFFLQNx2_ASAP7_75t_R)
  18.49  102.35 v _09575_/Y (NAND2x1_ASAP7_75t_R)
  17.20  119.56 ^ _09585_/Y (AOI21x1_ASAP7_75t_R)
  12.88  132.44 v _09588_/Y (OAI21x1_ASAP7_75t_R)
   0.00  132.44 v _10701_/D (DFFLQNx2_ASAP7_75t_R)
         132.44   data arrival time

   0.00    0.00   clock clk' (fall edge)
   0.00    0.00   clock network delay (ideal)
   0.00    0.00   clock reconvergence pessimism
           0.00 v _10701_/CLK (DFFLQNx2_ASAP7_75t_R)
  -6.50   -6.50   library hold time
          -6.50   data required time
---------------------------------------------------------
          -6.50   data required time
        -132.44   data arrival time
---------------------------------------------------------
         138.94   slack (MET)


Startpoint: _10687_ (falling edge-triggered flip-flop clocked by clk')
Endpoint: _10703_ (falling edge-triggered flip-flop clocked by clk')
Path Group: clk
Path Type: min

  Delay    Time   Description
---------------------------------------------------------
   0.00    0.00   clock clk' (fall edge)
   0.00    0.00   clock network delay (ideal)
   0.00    0.00 v _10687_/CLK (DFFLQNx2_ASAP7_75t_R)
  83.86   83.86 ^ _10687_/QN (DFFLQNx2_ASAP7_75t_R)
  18.49  102.35 v _09601_/Y (NAND2x1_ASAP7_75t_R)
  17.20  119.56 ^ _09608_/Y (AOI21x1_ASAP7_75t_R)
  12.88  132.44 v _09610_/Y (OAI21x1_ASAP7_75t_R)
   0.00  132.44 v _10703_/D (DFFLQNx2_ASAP7_75t_R)
         132.44   data arrival time

   0.00    0.00   clock clk' (fall edge)
   0.00    0.00   clock network delay (ideal)
   0.00    0.00   clock reconvergence pessimism
           0.00 v _10703_/CLK (DFFLQNx2_ASAP7_75t_R)
  -6.50   -6.50   library hold time
          -6.50   data required time
---------------------------------------------------------
          -6.50   data required time
        -132.44   data arrival time
---------------------------------------------------------
         138.94   slack (MET)


Startpoint: _10693_ (falling edge-triggered flip-flop clocked by clk')
Endpoint: _10693_ (falling edge-triggered flip-flop clocked by clk')
Path Group: clk
Path Type: min

  Delay    Time   Description
---------------------------------------------------------
   0.00    0.00   clock clk' (fall edge)
   0.00    0.00   clock network delay (ideal)
   0.00    0.00 v _10693_/CLK (DFFLQNx3_ASAP7_75t_R)
 100.34  100.34 v _10693_/QN (DFFLQNx3_ASAP7_75t_R)
  22.31  122.64 ^ _06679_/Y (INVx1_ASAP7_75t_R)
  34.18  156.82 ^ _09519_/Y (AO32x1_ASAP7_75t_R)
   0.00  156.82 ^ _10693_/D (DFFLQNx3_ASAP7_75t_R)
         156.82   data arrival time

   0.00    0.00   clock clk' (fall edge)
   0.00    0.00   clock network delay (ideal)
   0.00    0.00   clock reconvergence pessimism
           0.00 v _10693_/CLK (DFFLQNx3_ASAP7_75t_R)
  17.69   17.69   library hold time
          17.69   data required time
---------------------------------------------------------
          17.69   data required time
        -156.82   data arrival time
---------------------------------------------------------
         139.13   slack (MET)


Startpoint: _10694_ (falling edge-triggered flip-flop clocked by clk')
Endpoint: _10694_ (falling edge-triggered flip-flop clocked by clk')
Path Group: clk
Path Type: min

  Delay    Time   Description
---------------------------------------------------------
   0.00    0.00   clock clk' (fall edge)
   0.00    0.00   clock network delay (ideal)
   0.00    0.00 v _10694_/CLK (DFFLQNx3_ASAP7_75t_R)
 100.34  100.34 v _10694_/QN (DFFLQNx3_ASAP7_75t_R)
  22.31  122.64 ^ _06680_/Y (INVx1_ASAP7_75t_R)
  34.18  156.82 ^ _09526_/Y (AO32x1_ASAP7_75t_R)
   0.00  156.82 ^ _10694_/D (DFFLQNx3_ASAP7_75t_R)
         156.82   data arrival time

   0.00    0.00   clock clk' (fall edge)
   0.00    0.00   clock network delay (ideal)
   0.00    0.00   clock reconvergence pessimism
           0.00 v _10694_/CLK (DFFLQNx3_ASAP7_75t_R)
  17.69   17.69   library hold time
          17.69   data required time
---------------------------------------------------------
          17.69   data required time
        -156.82   data arrival time
---------------------------------------------------------
         139.13   slack (MET)


Startpoint: _10695_ (falling edge-triggered flip-flop clocked by clk')
Endpoint: _10695_ (falling edge-triggered flip-flop clocked by clk')
Path Group: clk
Path Type: min

  Delay    Time   Description
---------------------------------------------------------
   0.00    0.00   clock clk' (fall edge)
   0.00    0.00   clock network delay (ideal)
   0.00    0.00 v _10695_/CLK (DFFLQNx3_ASAP7_75t_R)
 100.34  100.34 v _10695_/QN (DFFLQNx3_ASAP7_75t_R)
  22.31  122.64 ^ _06681_/Y (INVx1_ASAP7_75t_R)
  34.18  156.82 ^ _09533_/Y (AO32x1_ASAP7_75t_R)
   0.00  156.82 ^ _10695_/D (DFFLQNx3_ASAP7_75t_R)
         156.82   data arrival time

   0.00    0.00   clock clk' (fall edge)
   0.00    0.00   clock network delay (ideal)
   0.00    0.00   clock reconvergence pessimism
           0.00 v _10695_/CLK (DFFLQNx3_ASAP7_75t_R)
  17.69   17.69   library hold time
          17.69   data required time
---------------------------------------------------------
          17.69   data required time
        -156.82   data arrival time
---------------------------------------------------------
         139.13   slack (MET)


Startpoint: _10697_ (falling edge-triggered flip-flop clocked by clk')
Endpoint: _10697_ (falling edge-triggered flip-flop clocked by clk')
Path Group: clk
Path Type: min

  Delay    Time   Description
---------------------------------------------------------
   0.00    0.00   clock clk' (fall edge)
   0.00    0.00   clock network delay (ideal)
   0.00    0.00 v _10697_/CLK (DFFLQNx3_ASAP7_75t_R)
 100.34  100.34 v _10697_/QN (DFFLQNx3_ASAP7_75t_R)
  22.31  122.64 ^ _06688_/Y (INVx1_ASAP7_75t_R)
  34.18  156.82 ^ _09548_/Y (AO32x1_ASAP7_75t_R)
   0.00  156.82 ^ _10697_/D (DFFLQNx3_ASAP7_75t_R)
         156.82   data arrival time

   0.00    0.00   clock clk' (fall edge)
   0.00    0.00   clock network delay (ideal)
   0.00    0.00   clock reconvergence pessimism
           0.00 v _10697_/CLK (DFFLQNx3_ASAP7_75t_R)
  17.69   17.69   library hold time
          17.69   data required time
---------------------------------------------------------
          17.69   data required time
        -156.82   data arrival time
---------------------------------------------------------
         139.13   slack (MET)


Startpoint: _10699_ (falling edge-triggered flip-flop clocked by clk')
Endpoint: _10699_ (falling edge-triggered flip-flop clocked by clk')
Path Group: clk
Path Type: min

  Delay    Time   Description
---------------------------------------------------------
   0.00    0.00   clock clk' (fall edge)
   0.00    0.00   clock network delay (ideal)
   0.00    0.00 v _10699_/CLK (DFFLQNx3_ASAP7_75t_R)
 100.34  100.34 v _10699_/QN (DFFLQNx3_ASAP7_75t_R)
  22.31  122.64 ^ _06690_/Y (INVx1_ASAP7_75t_R)
  34.18  156.82 ^ _09562_/Y (AO32x1_ASAP7_75t_R)
   0.00  156.82 ^ _10699_/D (DFFLQNx3_ASAP7_75t_R)
         156.82   data arrival time

   0.00    0.00   clock clk' (fall edge)
   0.00    0.00   clock network delay (ideal)
   0.00    0.00   clock reconvergence pessimism
           0.00 v _10699_/CLK (DFFLQNx3_ASAP7_75t_R)
  17.69   17.69   library hold time
          17.69   data required time
---------------------------------------------------------
          17.69   data required time
        -156.82   data arrival time
---------------------------------------------------------
         139.13   slack (MET)


Startpoint: _10702_ (falling edge-triggered flip-flop clocked by clk')
Endpoint: _10625_ (falling edge-triggered flip-flop clocked by clk')
Path Group: clk
Path Type: min

  Delay    Time   Description
---------------------------------------------------------
   0.00    0.00   clock clk' (fall edge)
   0.00    0.00   clock network delay (ideal)
   0.00    0.00 v _10702_/CLK (DFFLQNx2_ASAP7_75t_R)
  98.93   98.93 v _10702_/QN (DFFLQNx2_ASAP7_75t_R)
  39.45  138.39 v _07303_/Y (AO21x1_ASAP7_75t_R)
  16.15  154.53 ^ _07347_/Y (OAI21x1_ASAP7_75t_R)
   0.00  154.53 ^ _10625_/D (DFFLQNx2_ASAP7_75t_R)
         154.53   data arrival time

   0.00    0.00   clock clk' (fall edge)
   0.00    0.00   clock network delay (ideal)
   0.00    0.00   clock reconvergence pessimism
           0.00 v _10625_/CLK (DFFLQNx2_ASAP7_75t_R)
  15.32   15.32   library hold time
          15.32   data required time
---------------------------------------------------------
          15.32   data required time
        -154.53   data arrival time
---------------------------------------------------------
         139.21   slack (MET)


Startpoint: _10696_ (falling edge-triggered flip-flop clocked by clk')
Endpoint: _10696_ (falling edge-triggered flip-flop clocked by clk')
Path Group: clk
Path Type: min

  Delay    Time   Description
---------------------------------------------------------
   0.00    0.00   clock clk' (fall edge)
   0.00    0.00   clock network delay (ideal)
   0.00    0.00 v _10696_/CLK (DFFLQNx3_ASAP7_75t_R)
  83.99   83.99 ^ _10696_/QN (DFFLQNx3_ASAP7_75t_R)
  17.46  101.45 v _06682_/Y (INVx1_ASAP7_75t_R)
  29.95  131.40 v _09541_/Y (AO32x1_ASAP7_75t_R)
   0.00  131.40 v _10696_/D (DFFLQNx3_ASAP7_75t_R)
         131.40   data arrival time

   0.00    0.00   clock clk' (fall edge)
   0.00    0.00   clock network delay (ideal)
   0.00    0.00   clock reconvergence pessimism
           0.00 v _10696_/CLK (DFFLQNx3_ASAP7_75t_R)
  -8.23   -8.23   library hold time
          -8.23   data required time
---------------------------------------------------------
          -8.23   data required time
        -131.40   data arrival time
---------------------------------------------------------
         139.63   slack (MET)


Startpoint: _10698_ (falling edge-triggered flip-flop clocked by clk')
Endpoint: _10698_ (falling edge-triggered flip-flop clocked by clk')
Path Group: clk
Path Type: min

  Delay    Time   Description
---------------------------------------------------------
   0.00    0.00   clock clk' (fall edge)
   0.00    0.00   clock network delay (ideal)
   0.00    0.00 v _10698_/CLK (DFFLQNx3_ASAP7_75t_R)
  83.99   83.99 ^ _10698_/QN (DFFLQNx3_ASAP7_75t_R)
  17.46  101.45 v _06689_/Y (INVx1_ASAP7_75t_R)
  29.95  131.40 v _09556_/Y (AO32x1_ASAP7_75t_R)
   0.00  131.40 v _10698_/D (DFFLQNx3_ASAP7_75t_R)
         131.40   data arrival time

   0.00    0.00   clock clk' (fall edge)
   0.00    0.00   clock network delay (ideal)
   0.00    0.00   clock reconvergence pessimism
           0.00 v _10698_/CLK (DFFLQNx3_ASAP7_75t_R)
  -8.23   -8.23   library hold time
          -8.23   data required time
---------------------------------------------------------
          -8.23   data required time
        -131.40   data arrival time
---------------------------------------------------------
         139.63   slack (MET)


Startpoint: _10700_ (falling edge-triggered flip-flop clocked by clk')
Endpoint: _10700_ (falling edge-triggered flip-flop clocked by clk')
Path Group: clk
Path Type: min

  Delay    Time   Description
---------------------------------------------------------
   0.00    0.00   clock clk' (fall edge)
   0.00    0.00   clock network delay (ideal)
   0.00    0.00 v _10700_/CLK (DFFLQNx3_ASAP7_75t_R)
  83.99   83.99 ^ _10700_/QN (DFFLQNx3_ASAP7_75t_R)
  17.46  101.45 v _06691_/Y (INVx1_ASAP7_75t_R)
  29.95  131.40 v _09569_/Y (AO32x1_ASAP7_75t_R)
   0.00  131.40 v _10700_/D (DFFLQNx3_ASAP7_75t_R)
         131.40   data arrival time

   0.00    0.00   clock clk' (fall edge)
   0.00    0.00   clock network delay (ideal)
   0.00    0.00   clock reconvergence pessimism
           0.00 v _10700_/CLK (DFFLQNx3_ASAP7_75t_R)
  -8.23   -8.23   library hold time
          -8.23   data required time
---------------------------------------------------------
          -8.23   data required time
        -131.40   data arrival time
---------------------------------------------------------
         139.63   slack (MET)


Startpoint: _10708_ (falling edge-triggered flip-flop clocked by clk')
Endpoint: _10631_ (falling edge-triggered flip-flop clocked by clk')
Path Group: clk
Path Type: min

  Delay    Time   Description
---------------------------------------------------------
   0.00    0.00   clock clk' (fall edge)
   0.00    0.00   clock network delay (ideal)
   0.00    0.00 v _10708_/CLK (DFFLQNx2_ASAP7_75t_R)
  99.30   99.30 v _10708_/QN (DFFLQNx2_ASAP7_75t_R)
  39.53  138.82 v _07552_/Y (AO21x1_ASAP7_75t_R)
  16.15  154.97 ^ _07590_/Y (OAI21x1_ASAP7_75t_R)
   0.00  154.97 ^ _10631_/D (DFFLQNx2_ASAP7_75t_R)
         154.97   data arrival time

   0.00    0.00   clock clk' (fall edge)
   0.00    0.00   clock network delay (ideal)
   0.00    0.00   clock reconvergence pessimism
           0.00 v _10631_/CLK (DFFLQNx2_ASAP7_75t_R)
  15.32   15.32   library hold time
          15.32   data required time
---------------------------------------------------------
          15.32   data required time
        -154.97   data arrival time
---------------------------------------------------------
         139.65   slack (MET)


Startpoint: _10834_ (falling edge-triggered flip-flop clocked by clk')
Endpoint: _10834_ (falling edge-triggered flip-flop clocked by clk')
Path Group: clk
Path Type: min

  Delay    Time   Description
---------------------------------------------------------
   0.00    0.00   clock clk' (fall edge)
   0.00    0.00   clock network delay (ideal)
   0.00    0.00 v _10834_/CLK (DFFLQNx2_ASAP7_75t_R)
  76.57   76.57 ^ _10834_/QN (DFFLQNx2_ASAP7_75t_R)
  24.60  101.17 v _06172_/Y (INVx1_ASAP7_75t_R)
  19.59  120.76 ^ _08274_/Y (NOR2x1_ASAP7_75t_R)
  12.19  132.95 v _08275_/Y (AOI21x1_ASAP7_75t_R)
   0.00  132.95 v _10834_/D (DFFLQNx2_ASAP7_75t_R)
         132.95   data arrival time

   0.00    0.00   clock clk' (fall edge)
   0.00    0.00   clock network delay (ideal)
   0.00    0.00   clock reconvergence pessimism
           0.00 v _10834_/CLK (DFFLQNx2_ASAP7_75t_R)
  -6.75   -6.75   library hold time
          -6.75   data required time
---------------------------------------------------------
          -6.75   data required time
        -132.95   data arrival time
---------------------------------------------------------
         139.70   slack (MET)


Startpoint: _10741_ (falling edge-triggered flip-flop clocked by clk')
Endpoint: _10741_ (falling edge-triggered flip-flop clocked by clk')
Path Group: clk
Path Type: min

  Delay    Time   Description
---------------------------------------------------------
   0.00    0.00   clock clk' (fall edge)
   0.00    0.00   clock network delay (ideal)
   0.00    0.00 v _10741_/CLK (DFFLQNx2_ASAP7_75t_R)
  98.31   98.31 v _10741_/QN (DFFLQNx2_ASAP7_75t_R)
  23.93  122.23 ^ _06669_/Y (INVx3_ASAP7_75t_R)
  16.52  138.75 v _09861_/Y (NAND2x1_ASAP7_75t_R)
  14.69  153.44 ^ _09897_/Y (AOI21x1_ASAP7_75t_R)
   0.00  153.44 ^ _10741_/D (DFFLQNx2_ASAP7_75t_R)
         153.44   data arrival time

   0.00    0.00   clock clk' (fall edge)
   0.00    0.00   clock network delay (ideal)
   0.00    0.00   clock reconvergence pessimism
           0.00 v _10741_/CLK (DFFLQNx2_ASAP7_75t_R)
  13.70   13.70   library hold time
          13.70   data required time
---------------------------------------------------------
          13.70   data required time
        -153.44   data arrival time
---------------------------------------------------------
         139.75   slack (MET)


Startpoint: _10623_ (falling edge-triggered flip-flop clocked by clk')
Endpoint: _10623_ (falling edge-triggered flip-flop clocked by clk')
Path Group: clk
Path Type: min

  Delay    Time   Description
---------------------------------------------------------
   0.00    0.00   clock clk' (fall edge)
   0.00    0.00   clock network delay (ideal)
   0.00    0.00 v _10623_/CLK (DFFLQNx3_ASAP7_75t_R)
 100.34  100.34 v _10623_/QN (DFFLQNx3_ASAP7_75t_R)
  19.11  119.45 ^ _08779_/Y (INVx1_ASAP7_75t_R)
  37.71  157.15 ^ _08785_/Y (OA211x2_ASAP7_75t_R)
   0.00  157.15 ^ _10623_/D (DFFLQNx3_ASAP7_75t_R)
         157.15   data arrival time

   0.00    0.00   clock clk' (fall edge)
   0.00    0.00   clock network delay (ideal)
   0.00    0.00   clock reconvergence pessimism
           0.00 v _10623_/CLK (DFFLQNx3_ASAP7_75t_R)
  17.36   17.36   library hold time
          17.36   data required time
---------------------------------------------------------
          17.36   data required time
        -157.15   data arrival time
---------------------------------------------------------
         139.80   slack (MET)


Startpoint: _10750_ (falling edge-triggered flip-flop clocked by clk')
Endpoint: _10750_ (falling edge-triggered flip-flop clocked by clk')
Path Group: clk
Path Type: min

  Delay    Time   Description
---------------------------------------------------------
   0.00    0.00   clock clk' (fall edge)
   0.00    0.00   clock network delay (ideal)
   0.00    0.00 v _10750_/CLK (DFFLQNx2_ASAP7_75t_R)
 103.02  103.02 v _10750_/QN (DFFLQNx2_ASAP7_75t_R)
  39.74  142.76 v _09995_/Y (AO21x1_ASAP7_75t_R)
  11.70  154.46 ^ _09996_/Y (AOI21x1_ASAP7_75t_R)
   0.00  154.46 ^ _10750_/D (DFFLQNx2_ASAP7_75t_R)
         154.46   data arrival time

   0.00    0.00   clock clk' (fall edge)
   0.00    0.00   clock network delay (ideal)
   0.00    0.00   clock reconvergence pessimism
           0.00 v _10750_/CLK (DFFLQNx2_ASAP7_75t_R)
  14.48   14.48   library hold time
          14.48   data required time
---------------------------------------------------------
          14.48   data required time
        -154.46   data arrival time
---------------------------------------------------------
         139.98   slack (MET)


Startpoint: _10628_ (falling edge-triggered flip-flop clocked by clk')
Endpoint: _10628_ (falling edge-triggered flip-flop clocked by clk')
Path Group: clk
Path Type: min

  Delay    Time   Description
---------------------------------------------------------
   0.00    0.00   clock clk' (fall edge)
   0.00    0.00   clock network delay (ideal)
   0.00    0.00 v _10628_/CLK (DFFLQNx2_ASAP7_75t_R)
 110.37  110.37 v _10628_/QN (DFFLQNx2_ASAP7_75t_R)
  21.61  131.98 ^ _07467_/Y (NOR2x1_ASAP7_75t_R)
  13.61  145.59 v _07468_/Y (INVx1_ASAP7_75t_R)
   9.79  155.38 ^ _07469_/Y (OAI21x1_ASAP7_75t_R)
   0.00  155.38 ^ _10628_/D (DFFLQNx2_ASAP7_75t_R)
         155.38   data arrival time

   0.00    0.00   clock clk' (fall edge)
   0.00    0.00   clock network delay (ideal)
   0.00    0.00   clock reconvergence pessimism
           0.00 v _10628_/CLK (DFFLQNx2_ASAP7_75t_R)
  15.34   15.34   library hold time
          15.34   data required time
---------------------------------------------------------
          15.34   data required time
        -155.38   data arrival time
---------------------------------------------------------
         140.04   slack (MET)


Startpoint: _10630_ (falling edge-triggered flip-flop clocked by clk')
Endpoint: _10630_ (falling edge-triggered flip-flop clocked by clk')
Path Group: clk
Path Type: min

  Delay    Time   Description
---------------------------------------------------------
   0.00    0.00   clock clk' (fall edge)
   0.00    0.00   clock network delay (ideal)
   0.00    0.00 v _10630_/CLK (DFFLQNx2_ASAP7_75t_R)
 110.37  110.37 v _10630_/QN (DFFLQNx2_ASAP7_75t_R)
  21.61  131.98 ^ _07549_/Y (NOR2x1_ASAP7_75t_R)
  13.61  145.59 v _07550_/Y (INVx1_ASAP7_75t_R)
   9.79  155.38 ^ _07551_/Y (OAI21x1_ASAP7_75t_R)
   0.00  155.38 ^ _10630_/D (DFFLQNx2_ASAP7_75t_R)
         155.38   data arrival time

   0.00    0.00   clock clk' (fall edge)
   0.00    0.00   clock network delay (ideal)
   0.00    0.00   clock reconvergence pessimism
           0.00 v _10630_/CLK (DFFLQNx2_ASAP7_75t_R)
  15.34   15.34   library hold time
          15.34   data required time
---------------------------------------------------------
          15.34   data required time
        -155.38   data arrival time
---------------------------------------------------------
         140.04   slack (MET)


Startpoint: _10705_ (falling edge-triggered flip-flop clocked by clk')
Endpoint: _10641_ (falling edge-triggered flip-flop clocked by clk')
Path Group: clk
Path Type: min

  Delay    Time   Description
---------------------------------------------------------
   0.00    0.00   clock clk' (fall edge)
   0.00    0.00   clock network delay (ideal)
   0.00    0.00 v _10705_/CLK (DFFLQNx2_ASAP7_75t_R)
  87.69   87.69 ^ _10705_/QN (DFFLQNx2_ASAP7_75t_R)
  33.75  121.44 ^ _07780_/Y (AO21x1_ASAP7_75t_R)
  12.37  133.80 v _07788_/Y (OAI21x1_ASAP7_75t_R)
   0.00  133.80 v _10641_/D (DFFLQNx2_ASAP7_75t_R)
         133.80   data arrival time

   0.00    0.00   clock clk' (fall edge)
   0.00    0.00   clock network delay (ideal)
   0.00    0.00   clock reconvergence pessimism
           0.00 v _10641_/CLK (DFFLQNx2_ASAP7_75t_R)
  -6.91   -6.91   library hold time
          -6.91   data required time
---------------------------------------------------------
          -6.91   data required time
        -133.80   data arrival time
---------------------------------------------------------
         140.72   slack (MET)


Startpoint: _10703_ (falling edge-triggered flip-flop clocked by clk')
Endpoint: _10639_ (falling edge-triggered flip-flop clocked by clk')
Path Group: clk
Path Type: min

  Delay    Time   Description
---------------------------------------------------------
   0.00    0.00   clock clk' (fall edge)
   0.00    0.00   clock network delay (ideal)
   0.00    0.00 v _10703_/CLK (DFFLQNx2_ASAP7_75t_R)
  88.03   88.03 ^ _10703_/QN (DFFLQNx2_ASAP7_75t_R)
  33.82  121.85 ^ _07761_/Y (AO21x1_ASAP7_75t_R)
  12.37  134.21 v _07770_/Y (OAI21x1_ASAP7_75t_R)
   0.00  134.21 v _10639_/D (DFFLQNx2_ASAP7_75t_R)
         134.21   data arrival time

   0.00    0.00   clock clk' (fall edge)
   0.00    0.00   clock network delay (ideal)
   0.00    0.00   clock reconvergence pessimism
           0.00 v _10639_/CLK (DFFLQNx2_ASAP7_75t_R)
  -6.91   -6.91   library hold time
          -6.91   data required time
---------------------------------------------------------
          -6.91   data required time
        -134.21   data arrival time
---------------------------------------------------------
         141.13   slack (MET)


Startpoint: _10725_ (falling edge-triggered flip-flop clocked by clk')
Endpoint: _10725_ (falling edge-triggered flip-flop clocked by clk')
Path Group: clk
Path Type: min

  Delay    Time   Description
---------------------------------------------------------
   0.00    0.00   clock clk' (fall edge)
   0.00    0.00   clock network delay (ideal)
   0.00    0.00 v _10725_/CLK (DFFLQNx2_ASAP7_75t_R)
  87.24   87.24 ^ _10725_/QN (DFFLQNx2_ASAP7_75t_R)
  34.98  122.23 ^ _09697_/Y (AO21x1_ASAP7_75t_R)
  12.43  134.66 v _09715_/Y (NAND2x1_ASAP7_75t_R)
   0.00  134.66 v _10725_/D (DFFLQNx2_ASAP7_75t_R)
         134.66   data arrival time

   0.00    0.00   clock clk' (fall edge)
   0.00    0.00   clock network delay (ideal)
   0.00    0.00   clock reconvergence pessimism
           0.00 v _10725_/CLK (DFFLQNx2_ASAP7_75t_R)
  -6.55   -6.55   library hold time
          -6.55   data required time
---------------------------------------------------------
          -6.55   data required time
        -134.66   data arrival time
---------------------------------------------------------
         141.21   slack (MET)


Startpoint: _10730_ (falling edge-triggered flip-flop clocked by clk')
Endpoint: _10730_ (falling edge-triggered flip-flop clocked by clk')
Path Group: clk
Path Type: min

  Delay    Time   Description
---------------------------------------------------------
   0.00    0.00   clock clk' (fall edge)
   0.00    0.00   clock network delay (ideal)
   0.00    0.00 v _10730_/CLK (DFFLQNx2_ASAP7_75t_R)
  87.24   87.24 ^ _10730_/QN (DFFLQNx2_ASAP7_75t_R)
  34.98  122.23 ^ _09752_/Y (AO21x1_ASAP7_75t_R)
  12.43  134.66 v _09761_/Y (NAND2x1_ASAP7_75t_R)
   0.00  134.66 v _10730_/D (DFFLQNx2_ASAP7_75t_R)
         134.66   data arrival time

   0.00    0.00   clock clk' (fall edge)
   0.00    0.00   clock network delay (ideal)
   0.00    0.00   clock reconvergence pessimism
           0.00 v _10730_/CLK (DFFLQNx2_ASAP7_75t_R)
  -6.55   -6.55   library hold time
          -6.55   data required time
---------------------------------------------------------
          -6.55   data required time
        -134.66   data arrival time
---------------------------------------------------------
         141.21   slack (MET)


Startpoint: _10734_ (falling edge-triggered flip-flop clocked by clk')
Endpoint: _10734_ (falling edge-triggered flip-flop clocked by clk')
Path Group: clk
Path Type: min

  Delay    Time   Description
---------------------------------------------------------
   0.00    0.00   clock clk' (fall edge)
   0.00    0.00   clock network delay (ideal)
   0.00    0.00 v _10734_/CLK (DFFLQNx2_ASAP7_75t_R)
  87.24   87.24 ^ _10734_/QN (DFFLQNx2_ASAP7_75t_R)
  34.98  122.23 ^ _09789_/Y (AO21x1_ASAP7_75t_R)
  12.43  134.66 v _09798_/Y (NAND2x1_ASAP7_75t_R)
   0.00  134.66 v _10734_/D (DFFLQNx2_ASAP7_75t_R)
         134.66   data arrival time

   0.00    0.00   clock clk' (fall edge)
   0.00    0.00   clock network delay (ideal)
   0.00    0.00   clock reconvergence pessimism
           0.00 v _10734_/CLK (DFFLQNx2_ASAP7_75t_R)
  -6.55   -6.55   library hold time
          -6.55   data required time
---------------------------------------------------------
          -6.55   data required time
        -134.66   data arrival time
---------------------------------------------------------
         141.21   slack (MET)


Startpoint: _10738_ (falling edge-triggered flip-flop clocked by clk')
Endpoint: _10738_ (falling edge-triggered flip-flop clocked by clk')
Path Group: clk
Path Type: min

  Delay    Time   Description
---------------------------------------------------------
   0.00    0.00   clock clk' (fall edge)
   0.00    0.00   clock network delay (ideal)
   0.00    0.00 v _10738_/CLK (DFFLQNx2_ASAP7_75t_R)
  87.24   87.24 ^ _10738_/QN (DFFLQNx2_ASAP7_75t_R)
  34.98  122.23 ^ _09826_/Y (AO21x1_ASAP7_75t_R)
  12.43  134.66 v _09835_/Y (NAND2x1_ASAP7_75t_R)
   0.00  134.66 v _10738_/D (DFFLQNx2_ASAP7_75t_R)
         134.66   data arrival time

   0.00    0.00   clock clk' (fall edge)
   0.00    0.00   clock network delay (ideal)
   0.00    0.00   clock reconvergence pessimism
           0.00 v _10738_/CLK (DFFLQNx2_ASAP7_75t_R)
  -6.55   -6.55   library hold time
          -6.55   data required time
---------------------------------------------------------
          -6.55   data required time
        -134.66   data arrival time
---------------------------------------------------------
         141.21   slack (MET)


Startpoint: _10727_ (falling edge-triggered flip-flop clocked by clk')
Endpoint: _10727_ (falling edge-triggered flip-flop clocked by clk')
Path Group: clk
Path Type: min

  Delay    Time   Description
---------------------------------------------------------
   0.00    0.00   clock clk' (fall edge)
   0.00    0.00   clock network delay (ideal)
   0.00    0.00 v _10727_/CLK (DFFLQNx2_ASAP7_75t_R)
  85.43   85.43 ^ _10727_/QN (DFFLQNx2_ASAP7_75t_R)
  37.82  123.26 ^ _09727_/Y (OA21x2_ASAP7_75t_R)
  11.64  134.90 v _09734_/Y (NAND2x1_ASAP7_75t_R)
   0.00  134.90 v _10727_/D (DFFLQNx2_ASAP7_75t_R)
         134.90   data arrival time

   0.00    0.00   clock clk' (fall edge)
   0.00    0.00   clock network delay (ideal)
   0.00    0.00   clock reconvergence pessimism
           0.00 v _10727_/CLK (DFFLQNx2_ASAP7_75t_R)
  -6.48   -6.48   library hold time
          -6.48   data required time
---------------------------------------------------------
          -6.48   data required time
        -134.90   data arrival time
---------------------------------------------------------
         141.38   slack (MET)


Startpoint: _10684_ (falling edge-triggered flip-flop clocked by clk')
Endpoint: _10684_ (falling edge-triggered flip-flop clocked by clk')
Path Group: clk
Path Type: min

  Delay    Time   Description
---------------------------------------------------------
   0.00    0.00   clock clk' (fall edge)
   0.00    0.00   clock network delay (ideal)
   0.00    0.00 v _10684_/CLK (DFFLQNx2_ASAP7_75t_R)
 103.89  103.89 v _10684_/QN (DFFLQNx2_ASAP7_75t_R)
  42.20  146.09 v _09475_/Y (AO21x1_ASAP7_75t_R)
  10.47  156.56 ^ _09476_/Y (OAI21x1_ASAP7_75t_R)
   0.00  156.56 ^ _10684_/D (DFFLQNx2_ASAP7_75t_R)
         156.56   data arrival time

   0.00    0.00   clock clk' (fall edge)
   0.00    0.00   clock network delay (ideal)
   0.00    0.00   clock reconvergence pessimism
           0.00 v _10684_/CLK (DFFLQNx2_ASAP7_75t_R)
  15.17   15.17   library hold time
          15.17   data required time
---------------------------------------------------------
          15.17   data required time
        -156.56   data arrival time
---------------------------------------------------------
         141.39   slack (MET)


Startpoint: _10786_ (falling edge-triggered flip-flop clocked by clk')
Endpoint: _10786_ (falling edge-triggered flip-flop clocked by clk')
Path Group: clk
Path Type: min

  Delay    Time   Description
---------------------------------------------------------
   0.00    0.00   clock clk' (fall edge)
   0.00    0.00   clock network delay (ideal)
   0.00    0.00 v _10786_/CLK (DFFLQNx2_ASAP7_75t_R)
 102.03  102.03 v _10786_/QN (DFFLQNx2_ASAP7_75t_R)
  20.04  122.06 ^ _09570_/Y (INVx1_ASAP7_75t_R)
  33.40  155.47 ^ _10248_/Y (AO32x1_ASAP7_75t_R)
   0.00  155.47 ^ _10786_/D (DFFLQNx2_ASAP7_75t_R)
         155.47   data arrival time

   0.00    0.00   clock clk' (fall edge)
   0.00    0.00   clock network delay (ideal)
   0.00    0.00   clock reconvergence pessimism
           0.00 v _10786_/CLK (DFFLQNx2_ASAP7_75t_R)
  13.90   13.90   library hold time
          13.90   data required time
---------------------------------------------------------
          13.90   data required time
        -155.47   data arrival time
---------------------------------------------------------
         141.57   slack (MET)


Startpoint: _10747_ (falling edge-triggered flip-flop clocked by clk')
Endpoint: _10747_ (falling edge-triggered flip-flop clocked by clk')
Path Group: clk
Path Type: min

  Delay    Time   Description
---------------------------------------------------------
   0.00    0.00   clock clk' (fall edge)
   0.00    0.00   clock network delay (ideal)
   0.00    0.00 v _10747_/CLK (DFFLQNx2_ASAP7_75t_R)
 103.67  103.67 v _10747_/QN (DFFLQNx2_ASAP7_75t_R)
  24.69  128.36 ^ _06677_/Y (INVx3_ASAP7_75t_R)
  15.61  143.97 v _09963_/Y (OAI21x1_ASAP7_75t_R)
  12.21  156.18 ^ _09964_/Y (AOI21x1_ASAP7_75t_R)
   0.00  156.18 ^ _10747_/D (DFFLQNx2_ASAP7_75t_R)
         156.18   data arrival time

   0.00    0.00   clock clk' (fall edge)
   0.00    0.00   clock network delay (ideal)
   0.00    0.00   clock reconvergence pessimism
           0.00 v _10747_/CLK (DFFLQNx2_ASAP7_75t_R)
  14.36   14.36   library hold time
          14.36   data required time
---------------------------------------------------------
          14.36   data required time
        -156.18   data arrival time
---------------------------------------------------------
         141.82   slack (MET)


Startpoint: _10679_ (falling edge-triggered flip-flop clocked by clk')
Endpoint: _10615_ (falling edge-triggered flip-flop clocked by clk')
Path Group: clk
Path Type: min

  Delay    Time   Description
---------------------------------------------------------
   0.00    0.00   clock clk' (fall edge)
   0.00    0.00   clock network delay (ideal)
   0.00    0.00 v _10679_/CLK (DFFLQNx2_ASAP7_75t_R)
  95.05   95.05 ^ _10679_/QN (DFFLQNx2_ASAP7_75t_R)
  34.62  129.67 ^ _08761_/Y (AO21x1_ASAP7_75t_R)
  27.24  156.92 ^ _08763_/Y (OA21x2_ASAP7_75t_R)
   0.00  156.92 ^ _10615_/D (DFFLQNx2_ASAP7_75t_R)
         156.92   data arrival time

   0.00    0.00   clock clk' (fall edge)
   0.00    0.00   clock network delay (ideal)
   0.00    0.00   clock reconvergence pessimism
           0.00 v _10615_/CLK (DFFLQNx2_ASAP7_75t_R)
  15.05   15.05   library hold time
          15.05   data required time
---------------------------------------------------------
          15.05   data required time
        -156.92   data arrival time
---------------------------------------------------------
         141.86   slack (MET)


Startpoint: _10703_ (falling edge-triggered flip-flop clocked by clk')
Endpoint: _10626_ (falling edge-triggered flip-flop clocked by clk')
Path Group: clk
Path Type: min

  Delay    Time   Description
---------------------------------------------------------
   0.00    0.00   clock clk' (fall edge)
   0.00    0.00   clock network delay (ideal)
   0.00    0.00 v _10703_/CLK (DFFLQNx2_ASAP7_75t_R)
 101.28  101.28 v _10703_/QN (DFFLQNx2_ASAP7_75t_R)
  39.95  141.23 v _07348_/Y (AO21x1_ASAP7_75t_R)
  16.15  157.38 ^ _07388_/Y (OAI21x1_ASAP7_75t_R)
   0.00  157.38 ^ _10626_/D (DFFLQNx2_ASAP7_75t_R)
         157.38   data arrival time

   0.00    0.00   clock clk' (fall edge)
   0.00    0.00   clock network delay (ideal)
   0.00    0.00   clock reconvergence pessimism
           0.00 v _10626_/CLK (DFFLQNx2_ASAP7_75t_R)
  15.33   15.33   library hold time
          15.33   data required time
---------------------------------------------------------
          15.33   data required time
        -157.38   data arrival time
---------------------------------------------------------
         142.05   slack (MET)


Startpoint: _10685_ (falling edge-triggered flip-flop clocked by clk')
Endpoint: _10685_ (falling edge-triggered flip-flop clocked by clk')
Path Group: clk
Path Type: min

  Delay    Time   Description
---------------------------------------------------------
   0.00    0.00   clock clk' (fall edge)
   0.00    0.00   clock network delay (ideal)
   0.00    0.00 v _10685_/CLK (DFFLQNx2_ASAP7_75t_R)
  97.13   97.13 v _10685_/QN (DFFLQNx2_ASAP7_75t_R)
  24.30  121.43 ^ _09481_/Y (NAND2x1_ASAP7_75t_R)
  35.08  156.52 ^ _09482_/Y (OA211x2_ASAP7_75t_R)
   0.00  156.52 ^ _10685_/D (DFFLQNx2_ASAP7_75t_R)
         156.52   data arrival time

   0.00    0.00   clock clk' (fall edge)
   0.00    0.00   clock network delay (ideal)
   0.00    0.00   clock reconvergence pessimism
           0.00 v _10685_/CLK (DFFLQNx2_ASAP7_75t_R)
  14.21   14.21   library hold time
          14.21   data required time
---------------------------------------------------------
          14.21   data required time
        -156.52   data arrival time
---------------------------------------------------------
         142.31   slack (MET)


Startpoint: _10686_ (falling edge-triggered flip-flop clocked by clk')
Endpoint: _10686_ (falling edge-triggered flip-flop clocked by clk')
Path Group: clk
Path Type: min

  Delay    Time   Description
---------------------------------------------------------
   0.00    0.00   clock clk' (fall edge)
   0.00    0.00   clock network delay (ideal)
   0.00    0.00 v _10686_/CLK (DFFLQNx2_ASAP7_75t_R)
  97.13   97.13 v _10686_/QN (DFFLQNx2_ASAP7_75t_R)
  24.30  121.43 ^ _09483_/Y (NAND2x1_ASAP7_75t_R)
  35.08  156.52 ^ _09484_/Y (OA211x2_ASAP7_75t_R)
   0.00  156.52 ^ _10686_/D (DFFLQNx2_ASAP7_75t_R)
         156.52   data arrival time

   0.00    0.00   clock clk' (fall edge)
   0.00    0.00   clock network delay (ideal)
   0.00    0.00   clock reconvergence pessimism
           0.00 v _10686_/CLK (DFFLQNx2_ASAP7_75t_R)
  14.21   14.21   library hold time
          14.21   data required time
---------------------------------------------------------
          14.21   data required time
        -156.52   data arrival time
---------------------------------------------------------
         142.31   slack (MET)


Startpoint: _10687_ (falling edge-triggered flip-flop clocked by clk')
Endpoint: _10687_ (falling edge-triggered flip-flop clocked by clk')
Path Group: clk
Path Type: min

  Delay    Time   Description
---------------------------------------------------------
   0.00    0.00   clock clk' (fall edge)
   0.00    0.00   clock network delay (ideal)
   0.00    0.00 v _10687_/CLK (DFFLQNx2_ASAP7_75t_R)
  97.13   97.13 v _10687_/QN (DFFLQNx2_ASAP7_75t_R)
  24.30  121.43 ^ _09486_/Y (NAND2x1_ASAP7_75t_R)
  35.08  156.52 ^ _09488_/Y (OA211x2_ASAP7_75t_R)
   0.00  156.52 ^ _10687_/D (DFFLQNx2_ASAP7_75t_R)
         156.52   data arrival time

   0.00    0.00   clock clk' (fall edge)
   0.00    0.00   clock network delay (ideal)
   0.00    0.00   clock reconvergence pessimism
           0.00 v _10687_/CLK (DFFLQNx2_ASAP7_75t_R)
  14.21   14.21   library hold time
          14.21   data required time
---------------------------------------------------------
          14.21   data required time
        -156.52   data arrival time
---------------------------------------------------------
         142.31   slack (MET)


Startpoint: _10788_ (falling edge-triggered flip-flop clocked by clk')
Endpoint: _10788_ (falling edge-triggered flip-flop clocked by clk')
Path Group: clk
Path Type: min

  Delay    Time   Description
---------------------------------------------------------
   0.00    0.00   clock clk' (fall edge)
   0.00    0.00   clock network delay (ideal)
   0.00    0.00 v _10788_/CLK (DFFLQNx2_ASAP7_75t_R)
  80.21   80.21 ^ _10788_/QN (DFFLQNx2_ASAP7_75t_R)
  23.00  103.21 v _07923_/Y (INVx1_ASAP7_75t_R)
  32.25  135.46 v _10253_/Y (AO32x1_ASAP7_75t_R)
   0.00  135.46 v _10788_/D (DFFLQNx2_ASAP7_75t_R)
         135.46   data arrival time

   0.00    0.00   clock clk' (fall edge)
   0.00    0.00   clock network delay (ideal)
   0.00    0.00   clock reconvergence pessimism
           0.00 v _10788_/CLK (DFFLQNx2_ASAP7_75t_R)
  -7.03   -7.03   library hold time
          -7.03   data required time
---------------------------------------------------------
          -7.03   data required time
        -135.46   data arrival time
---------------------------------------------------------
         142.49   slack (MET)


Startpoint: _10755_ (falling edge-triggered flip-flop clocked by clk')
Endpoint: _10755_ (falling edge-triggered flip-flop clocked by clk')
Path Group: clk
Path Type: min

  Delay    Time   Description
---------------------------------------------------------
   0.00    0.00   clock clk' (fall edge)
   0.00    0.00   clock network delay (ideal)
   0.00    0.00 v _10755_/CLK (DFFLQNx2_ASAP7_75t_R)
 101.32  101.32 v _10755_/QN (DFFLQNx2_ASAP7_75t_R)
  24.48  125.80 ^ _07542_/Y (INVx2_ASAP7_75t_R)
  15.71  141.51 v _10036_/Y (OAI21x1_ASAP7_75t_R)
  15.36  156.87 ^ _10044_/Y (NOR2x1_ASAP7_75t_R)
   0.00  156.87 ^ _10755_/D (DFFLQNx2_ASAP7_75t_R)
         156.87   data arrival time

   0.00    0.00   clock clk' (fall edge)
   0.00    0.00   clock network delay (ideal)
   0.00    0.00   clock reconvergence pessimism
           0.00 v _10755_/CLK (DFFLQNx2_ASAP7_75t_R)
  14.19   14.19   library hold time
          14.19   data required time
---------------------------------------------------------
          14.19   data required time
        -156.87   data arrival time
---------------------------------------------------------
         142.68   slack (MET)


Startpoint: _10592_ (falling edge-triggered flip-flop clocked by clk')
Endpoint: _10592_ (falling edge-triggered flip-flop clocked by clk')
Path Group: clk
Path Type: min

  Delay    Time   Description
---------------------------------------------------------
   0.00    0.00   clock clk' (fall edge)
   0.00    0.00   clock network delay (ideal)
   0.00    0.00 v _10592_/CLK (DFFLQNx2_ASAP7_75t_R)
  89.69   89.69 v _10592_/QN (DFFLQNx2_ASAP7_75t_R)
  15.29  104.98 ^ _05693_/Y (INVx1_ASAP7_75t_R)
  32.95  137.92 ^ _05694_/Y (OA211x2_ASAP7_75t_R)
  20.20  158.13 ^ _05695_/Y (AO21x1_ASAP7_75t_R)
   0.00  158.13 ^ _10592_/D (DFFLQNx2_ASAP7_75t_R)
         158.13   data arrival time

   0.00    0.00   clock clk' (fall edge)
   0.00    0.00   clock network delay (ideal)
   0.00    0.00   clock reconvergence pessimism
           0.00 v _10592_/CLK (DFFLQNx2_ASAP7_75t_R)
  14.81   14.81   library hold time
          14.81   data required time
---------------------------------------------------------
          14.81   data required time
        -158.13   data arrival time
---------------------------------------------------------
         143.32   slack (MET)


Startpoint: _10733_ (falling edge-triggered flip-flop clocked by clk')
Endpoint: _10733_ (falling edge-triggered flip-flop clocked by clk')
Path Group: clk
Path Type: min

  Delay    Time   Description
---------------------------------------------------------
   0.00    0.00   clock clk' (fall edge)
   0.00    0.00   clock network delay (ideal)
   0.00    0.00 v _10733_/CLK (DFFLQNx2_ASAP7_75t_R)
  89.01   89.01 ^ _10733_/QN (DFFLQNx2_ASAP7_75t_R)
  35.42  124.43 ^ _09778_/Y (AO21x1_ASAP7_75t_R)
  12.43  136.86 v _09788_/Y (NAND2x1_ASAP7_75t_R)
   0.00  136.86 v _10733_/D (DFFLQNx2_ASAP7_75t_R)
         136.86   data arrival time

   0.00    0.00   clock clk' (fall edge)
   0.00    0.00   clock network delay (ideal)
   0.00    0.00   clock reconvergence pessimism
           0.00 v _10733_/CLK (DFFLQNx2_ASAP7_75t_R)
  -6.55   -6.55   library hold time
          -6.55   data required time
---------------------------------------------------------
          -6.55   data required time
        -136.86   data arrival time
---------------------------------------------------------
         143.41   slack (MET)


Startpoint: _10735_ (falling edge-triggered flip-flop clocked by clk')
Endpoint: _10735_ (falling edge-triggered flip-flop clocked by clk')
Path Group: clk
Path Type: min

  Delay    Time   Description
---------------------------------------------------------
   0.00    0.00   clock clk' (fall edge)
   0.00    0.00   clock network delay (ideal)
   0.00    0.00 v _10735_/CLK (DFFLQNx2_ASAP7_75t_R)
  89.02   89.02 ^ _10735_/QN (DFFLQNx2_ASAP7_75t_R)
  35.42  124.44 ^ _09799_/Y (AO21x1_ASAP7_75t_R)
  12.43  136.87 v _09806_/Y (NAND2x1_ASAP7_75t_R)
   0.00  136.87 v _10735_/D (DFFLQNx2_ASAP7_75t_R)
         136.87   data arrival time

   0.00    0.00   clock clk' (fall edge)
   0.00    0.00   clock network delay (ideal)
   0.00    0.00   clock reconvergence pessimism
           0.00 v _10735_/CLK (DFFLQNx2_ASAP7_75t_R)
  -6.55   -6.55   library hold time
          -6.55   data required time
---------------------------------------------------------
          -6.55   data required time
        -136.87   data arrival time
---------------------------------------------------------
         143.42   slack (MET)


Startpoint: _10737_ (falling edge-triggered flip-flop clocked by clk')
Endpoint: _10737_ (falling edge-triggered flip-flop clocked by clk')
Path Group: clk
Path Type: min

  Delay    Time   Description
---------------------------------------------------------
   0.00    0.00   clock clk' (fall edge)
   0.00    0.00   clock network delay (ideal)
   0.00    0.00 v _10737_/CLK (DFFLQNx2_ASAP7_75t_R)
  89.02   89.02 ^ _10737_/QN (DFFLQNx2_ASAP7_75t_R)
  35.42  124.44 ^ _09818_/Y (AO21x1_ASAP7_75t_R)
  12.43  136.87 v _09825_/Y (NAND2x1_ASAP7_75t_R)
   0.00  136.87 v _10737_/D (DFFLQNx2_ASAP7_75t_R)
         136.87   data arrival time

   0.00    0.00   clock clk' (fall edge)
   0.00    0.00   clock network delay (ideal)
   0.00    0.00   clock reconvergence pessimism
           0.00 v _10737_/CLK (DFFLQNx2_ASAP7_75t_R)
  -6.55   -6.55   library hold time
          -6.55   data required time
---------------------------------------------------------
          -6.55   data required time
        -136.87   data arrival time
---------------------------------------------------------
         143.42   slack (MET)


Startpoint: _10739_ (falling edge-triggered flip-flop clocked by clk')
Endpoint: _10739_ (falling edge-triggered flip-flop clocked by clk')
Path Group: clk
Path Type: min

  Delay    Time   Description
---------------------------------------------------------
   0.00    0.00   clock clk' (fall edge)
   0.00    0.00   clock network delay (ideal)
   0.00    0.00 v _10739_/CLK (DFFLQNx2_ASAP7_75t_R)
  89.02   89.02 ^ _10739_/QN (DFFLQNx2_ASAP7_75t_R)
  35.42  124.44 ^ _09836_/Y (AO21x1_ASAP7_75t_R)
  12.43  136.87 v _09843_/Y (NAND2x1_ASAP7_75t_R)
   0.00  136.87 v _10739_/D (DFFLQNx2_ASAP7_75t_R)
         136.87   data arrival time

   0.00    0.00   clock clk' (fall edge)
   0.00    0.00   clock network delay (ideal)
   0.00    0.00   clock reconvergence pessimism
           0.00 v _10739_/CLK (DFFLQNx2_ASAP7_75t_R)
  -6.55   -6.55   library hold time
          -6.55   data required time
---------------------------------------------------------
          -6.55   data required time
        -136.87   data arrival time
---------------------------------------------------------
         143.42   slack (MET)


Startpoint: _10728_ (falling edge-triggered flip-flop clocked by clk')
Endpoint: _10728_ (falling edge-triggered flip-flop clocked by clk')
Path Group: clk
Path Type: min

  Delay    Time   Description
---------------------------------------------------------
   0.00    0.00   clock clk' (fall edge)
   0.00    0.00   clock network delay (ideal)
   0.00    0.00 v _10728_/CLK (DFFLQNx2_ASAP7_75t_R)
  99.14   99.14 v _10728_/QN (DFFLQNx2_ASAP7_75t_R)
  19.45  118.59 ^ _07423_/Y (INVx3_ASAP7_75t_R)
  39.25  157.84 ^ _09743_/Y (AO221x1_ASAP7_75t_R)
   0.00  157.84 ^ _10728_/D (DFFLQNx2_ASAP7_75t_R)
         157.84   data arrival time

   0.00    0.00   clock clk' (fall edge)
   0.00    0.00   clock network delay (ideal)
   0.00    0.00   clock reconvergence pessimism
           0.00 v _10728_/CLK (DFFLQNx2_ASAP7_75t_R)
  14.40   14.40   library hold time
          14.40   data required time
---------------------------------------------------------
          14.40   data required time
        -157.84   data arrival time
---------------------------------------------------------
         143.43   slack (MET)


Startpoint: _10624_ (falling edge-triggered flip-flop clocked by clk')
Endpoint: _10624_ (falling edge-triggered flip-flop clocked by clk')
Path Group: clk
Path Type: min

  Delay    Time   Description
---------------------------------------------------------
   0.00    0.00   clock clk' (fall edge)
   0.00    0.00   clock network delay (ideal)
   0.00    0.00 v _10624_/CLK (DFFLQNx2_ASAP7_75t_R)
 113.33  113.33 v _10624_/QN (DFFLQNx2_ASAP7_75t_R)
  21.92  135.25 ^ _07300_/Y (NOR2x1_ASAP7_75t_R)
  13.72  148.98 v _07301_/Y (INVx1_ASAP7_75t_R)
   9.83  158.80 ^ _07302_/Y (OAI21x1_ASAP7_75t_R)
   0.00  158.80 ^ _10624_/D (DFFLQNx2_ASAP7_75t_R)
         158.80   data arrival time

   0.00    0.00   clock clk' (fall edge)
   0.00    0.00   clock network delay (ideal)
   0.00    0.00   clock reconvergence pessimism
           0.00 v _10624_/CLK (DFFLQNx2_ASAP7_75t_R)
  15.33   15.33   library hold time
          15.33   data required time
---------------------------------------------------------
          15.33   data required time
        -158.80   data arrival time
---------------------------------------------------------
         143.47   slack (MET)


Startpoint: _10707_ (falling edge-triggered flip-flop clocked by clk')
Endpoint: _10643_ (falling edge-triggered flip-flop clocked by clk')
Path Group: clk
Path Type: min

  Delay    Time   Description
---------------------------------------------------------
   0.00    0.00   clock clk' (fall edge)
   0.00    0.00   clock network delay (ideal)
   0.00    0.00 v _10707_/CLK (DFFLQNx2_ASAP7_75t_R)
  90.10   90.10 ^ _10707_/QN (DFFLQNx2_ASAP7_75t_R)
  34.28  124.38 ^ _07798_/Y (AO21x1_ASAP7_75t_R)
  12.37  136.74 v _07806_/Y (OAI21x1_ASAP7_75t_R)
   0.00  136.74 v _10643_/D (DFFLQNx2_ASAP7_75t_R)
         136.74   data arrival time

   0.00    0.00   clock clk' (fall edge)
   0.00    0.00   clock network delay (ideal)
   0.00    0.00   clock reconvergence pessimism
           0.00 v _10643_/CLK (DFFLQNx2_ASAP7_75t_R)
  -6.91   -6.91   library hold time
          -6.91   data required time
---------------------------------------------------------
          -6.91   data required time
        -136.74   data arrival time
---------------------------------------------------------
         143.66   slack (MET)


Startpoint: _10769_ (falling edge-triggered flip-flop clocked by clk')
Endpoint: _10769_ (falling edge-triggered flip-flop clocked by clk')
Path Group: clk
Path Type: min

  Delay    Time   Description
---------------------------------------------------------
   0.00    0.00   clock clk' (fall edge)
   0.00    0.00   clock network delay (ideal)
   0.00    0.00 v _10769_/CLK (DFFLQNx2_ASAP7_75t_R)
 100.47  100.47 v _10769_/QN (DFFLQNx2_ASAP7_75t_R)
  23.88  124.36 ^ _06696_/Y (INVx2_ASAP7_75t_R)
  33.32  157.67 ^ _10177_/Y (AO22x1_ASAP7_75t_R)
   0.00  157.67 ^ _10769_/D (DFFLQNx2_ASAP7_75t_R)
         157.67   data arrival time

   0.00    0.00   clock clk' (fall edge)
   0.00    0.00   clock network delay (ideal)
   0.00    0.00   clock reconvergence pessimism
           0.00 v _10769_/CLK (DFFLQNx2_ASAP7_75t_R)
  13.99   13.99   library hold time
          13.99   data required time
---------------------------------------------------------
          13.99   data required time
        -157.67   data arrival time
---------------------------------------------------------
         143.69   slack (MET)


Startpoint: _10771_ (falling edge-triggered flip-flop clocked by clk')
Endpoint: _10771_ (falling edge-triggered flip-flop clocked by clk')
Path Group: clk
Path Type: min

  Delay    Time   Description
---------------------------------------------------------
   0.00    0.00   clock clk' (fall edge)
   0.00    0.00   clock network delay (ideal)
   0.00    0.00 v _10771_/CLK (DFFLQNx2_ASAP7_75t_R)
 102.22  102.22 v _10771_/QN (DFFLQNx2_ASAP7_75t_R)
  22.62  124.84 ^ _06698_/Y (INVx2_ASAP7_75t_R)
  32.97  157.81 ^ _10189_/Y (AO22x1_ASAP7_75t_R)
   0.00  157.81 ^ _10771_/D (DFFLQNx2_ASAP7_75t_R)
         157.81   data arrival time

   0.00    0.00   clock clk' (fall edge)
   0.00    0.00   clock network delay (ideal)
   0.00    0.00   clock reconvergence pessimism
           0.00 v _10771_/CLK (DFFLQNx2_ASAP7_75t_R)
  13.99   13.99   library hold time
          13.99   data required time
---------------------------------------------------------
          13.99   data required time
        -157.81   data arrival time
---------------------------------------------------------
         143.82   slack (MET)


Startpoint: _10743_ (falling edge-triggered flip-flop clocked by clk')
Endpoint: _10743_ (falling edge-triggered flip-flop clocked by clk')
Path Group: clk
Path Type: min

  Delay    Time   Description
---------------------------------------------------------
   0.00    0.00   clock clk' (fall edge)
   0.00    0.00   clock network delay (ideal)
   0.00    0.00 v _10743_/CLK (DFFLQNx2_ASAP7_75t_R)
 105.65  105.65 v _10743_/QN (DFFLQNx2_ASAP7_75t_R)
  22.02  127.67 ^ _06671_/Y (INVx4_ASAP7_75t_R)
  15.25  142.92 v _09911_/Y (OAI21x1_ASAP7_75t_R)
  15.23  158.15 ^ _09919_/Y (NOR2x1_ASAP7_75t_R)
   0.00  158.15 ^ _10743_/D (DFFLQNx2_ASAP7_75t_R)
         158.15   data arrival time

   0.00    0.00   clock clk' (fall edge)
   0.00    0.00   clock network delay (ideal)
   0.00    0.00   clock reconvergence pessimism
           0.00 v _10743_/CLK (DFFLQNx2_ASAP7_75t_R)
  14.30   14.30   library hold time
          14.30   data required time
---------------------------------------------------------
          14.30   data required time
        -158.15   data arrival time
---------------------------------------------------------
         143.86   slack (MET)


Startpoint: _10729_ (falling edge-triggered flip-flop clocked by clk')
Endpoint: _10729_ (falling edge-triggered flip-flop clocked by clk')
Path Group: clk
Path Type: min

  Delay    Time   Description
---------------------------------------------------------
   0.00    0.00   clock clk' (fall edge)
   0.00    0.00   clock network delay (ideal)
   0.00    0.00 v _10729_/CLK (DFFLQNx2_ASAP7_75t_R)
  87.39   87.39 ^ _10729_/QN (DFFLQNx2_ASAP7_75t_R)
  38.45  125.84 ^ _09744_/Y (OA21x2_ASAP7_75t_R)
  11.64  137.48 v _09751_/Y (NAND2x1_ASAP7_75t_R)
   0.00  137.48 v _10729_/D (DFFLQNx2_ASAP7_75t_R)
         137.48   data arrival time

   0.00    0.00   clock clk' (fall edge)
   0.00    0.00   clock network delay (ideal)
   0.00    0.00   clock reconvergence pessimism
           0.00 v _10729_/CLK (DFFLQNx2_ASAP7_75t_R)
  -6.48   -6.48   library hold time
          -6.48   data required time
---------------------------------------------------------
          -6.48   data required time
        -137.48   data arrival time
---------------------------------------------------------
         143.96   slack (MET)


Startpoint: _10740_ (falling edge-triggered flip-flop clocked by clk')
Endpoint: _10740_ (falling edge-triggered flip-flop clocked by clk')
Path Group: clk
Path Type: min

  Delay    Time   Description
---------------------------------------------------------
   0.00    0.00   clock clk' (fall edge)
   0.00    0.00   clock network delay (ideal)
   0.00    0.00 v _10740_/CLK (DFFLQNx2_ASAP7_75t_R)
  87.39   87.39 ^ _10740_/QN (DFFLQNx2_ASAP7_75t_R)
  38.45  125.84 ^ _09844_/Y (OA21x2_ASAP7_75t_R)
  11.64  137.48 v _09856_/Y (NAND2x1_ASAP7_75t_R)
   0.00  137.48 v _10740_/D (DFFLQNx2_ASAP7_75t_R)
         137.48   data arrival time

   0.00    0.00   clock clk' (fall edge)
   0.00    0.00   clock network delay (ideal)
   0.00    0.00   clock reconvergence pessimism
           0.00 v _10740_/CLK (DFFLQNx2_ASAP7_75t_R)
  -6.48   -6.48   library hold time
          -6.48   data required time
---------------------------------------------------------
          -6.48   data required time
        -137.48   data arrival time
---------------------------------------------------------
         143.96   slack (MET)


Startpoint: _10767_ (falling edge-triggered flip-flop clocked by clk')
Endpoint: _10767_ (falling edge-triggered flip-flop clocked by clk')
Path Group: clk
Path Type: min

  Delay    Time   Description
---------------------------------------------------------
   0.00    0.00   clock clk' (fall edge)
   0.00    0.00   clock network delay (ideal)
   0.00    0.00 v _10767_/CLK (DFFLQNx2_ASAP7_75t_R)
 102.95  102.95 v _10767_/QN (DFFLQNx2_ASAP7_75t_R)
  22.27  125.22 ^ _06694_/Y (INVx2_ASAP7_75t_R)
  32.87  158.09 ^ _10165_/Y (AO22x1_ASAP7_75t_R)
   0.00  158.09 ^ _10767_/D (DFFLQNx2_ASAP7_75t_R)
         158.09   data arrival time

   0.00    0.00   clock clk' (fall edge)
   0.00    0.00   clock network delay (ideal)
   0.00    0.00   clock reconvergence pessimism
           0.00 v _10767_/CLK (DFFLQNx2_ASAP7_75t_R)
  13.99   13.99   library hold time
          13.99   data required time
---------------------------------------------------------
          13.99   data required time
        -158.09   data arrival time
---------------------------------------------------------
         144.10   slack (MET)


Startpoint: _10705_ (falling edge-triggered flip-flop clocked by clk')
Endpoint: _10705_ (falling edge-triggered flip-flop clocked by clk')
Path Group: clk
Path Type: min

  Delay    Time   Description
---------------------------------------------------------
   0.00    0.00   clock clk' (fall edge)
   0.00    0.00   clock network delay (ideal)
   0.00    0.00 v _10705_/CLK (DFFLQNx2_ASAP7_75t_R)
 100.97  100.97 v _10705_/QN (DFFLQNx2_ASAP7_75t_R)
  24.90  125.87 ^ _09169_/Y (INVx2_ASAP7_75t_R)
  19.83  145.71 v _09629_/Y (NOR2x1_ASAP7_75t_R)
  12.66  158.37 ^ _09630_/Y (AOI21x1_ASAP7_75t_R)
   0.00  158.37 ^ _10705_/D (DFFLQNx2_ASAP7_75t_R)
         158.37   data arrival time

   0.00    0.00   clock clk' (fall edge)
   0.00    0.00   clock network delay (ideal)
   0.00    0.00   clock reconvergence pessimism
           0.00 v _10705_/CLK (DFFLQNx2_ASAP7_75t_R)
  14.25   14.25   library hold time
          14.25   data required time
---------------------------------------------------------
          14.25   data required time
        -158.37   data arrival time
---------------------------------------------------------
         144.12   slack (MET)


Startpoint: _10600_ (falling edge-triggered flip-flop clocked by clk')
Endpoint: _10600_ (falling edge-triggered flip-flop clocked by clk')
Path Group: clk
Path Type: min

  Delay    Time   Description
---------------------------------------------------------
   0.00    0.00   clock clk' (fall edge)
   0.00    0.00   clock network delay (ideal)
   0.00    0.00 v _10600_/CLK (DFFLQNx2_ASAP7_75t_R)
  89.53   89.53 v _10600_/QN (DFFLQNx2_ASAP7_75t_R)
  17.73  107.26 ^ _06778_/Y (INVx2_ASAP7_75t_R)
  26.12  133.38 ^ _08631_/Y (AO21x1_ASAP7_75t_R)
  25.56  158.94 ^ _08632_/Y (AND2x2_ASAP7_75t_R)
   0.00  158.94 ^ _10600_/D (DFFLQNx2_ASAP7_75t_R)
         158.94   data arrival time

   0.00    0.00   clock clk' (fall edge)
   0.00    0.00   clock network delay (ideal)
   0.00    0.00   clock reconvergence pessimism
           0.00 v _10600_/CLK (DFFLQNx2_ASAP7_75t_R)
  14.80   14.80   library hold time
          14.80   data required time
---------------------------------------------------------
          14.80   data required time
        -158.94   data arrival time
---------------------------------------------------------
         144.15   slack (MET)


Startpoint: _10701_ (falling edge-triggered flip-flop clocked by clk')
Endpoint: _10637_ (falling edge-triggered flip-flop clocked by clk')
Path Group: clk
Path Type: min

  Delay    Time   Description
---------------------------------------------------------
   0.00    0.00   clock clk' (fall edge)
   0.00    0.00   clock network delay (ideal)
   0.00    0.00 v _10701_/CLK (DFFLQNx2_ASAP7_75t_R)
  90.54   90.54 ^ _10701_/QN (DFFLQNx2_ASAP7_75t_R)
  34.38  124.92 ^ _07732_/Y (AO21x1_ASAP7_75t_R)
  12.37  137.29 v _07751_/Y (OAI21x1_ASAP7_75t_R)
   0.00  137.29 v _10637_/D (DFFLQNx2_ASAP7_75t_R)
         137.29   data arrival time

   0.00    0.00   clock clk' (fall edge)
   0.00    0.00   clock network delay (ideal)
   0.00    0.00   clock reconvergence pessimism
           0.00 v _10637_/CLK (DFFLQNx2_ASAP7_75t_R)
  -6.91   -6.91   library hold time
          -6.91   data required time
---------------------------------------------------------
          -6.91   data required time
        -137.29   data arrival time
---------------------------------------------------------
         144.20   slack (MET)


Startpoint: _10759_ (falling edge-triggered flip-flop clocked by clk')
Endpoint: _10759_ (falling edge-triggered flip-flop clocked by clk')
Path Group: clk
Path Type: min

  Delay    Time   Description
---------------------------------------------------------
   0.00    0.00   clock clk' (fall edge)
   0.00    0.00   clock network delay (ideal)
   0.00    0.00 v _10759_/CLK (DFFLQNx2_ASAP7_75t_R)
  87.00   87.00 ^ _10759_/QN (DFFLQNx2_ASAP7_75t_R)
  19.69  106.69 v _06625_/Y (INVx3_ASAP7_75t_R)
  30.70  137.39 v _10105_/Y (AO32x1_ASAP7_75t_R)
   0.00  137.39 v _10759_/D (DFFLQNx2_ASAP7_75t_R)
         137.39   data arrival time

   0.00    0.00   clock clk' (fall edge)
   0.00    0.00   clock network delay (ideal)
   0.00    0.00   clock reconvergence pessimism
           0.00 v _10759_/CLK (DFFLQNx2_ASAP7_75t_R)
  -7.00   -7.00   library hold time
          -7.00   data required time
---------------------------------------------------------
          -7.00   data required time
        -137.39   data arrival time
---------------------------------------------------------
         144.39   slack (MET)


Startpoint: _10791_ (falling edge-triggered flip-flop clocked by clk')
Endpoint: _10791_ (falling edge-triggered flip-flop clocked by clk')
Path Group: clk
Path Type: min

  Delay    Time   Description
---------------------------------------------------------
   0.00    0.00   clock clk' (fall edge)
   0.00    0.00   clock network delay (ideal)
   0.00    0.00 v _10791_/CLK (DFFLQNx2_ASAP7_75t_R)
  86.34   86.34 ^ _10791_/QN (DFFLQNx2_ASAP7_75t_R)
  20.38  106.72 v _09346_/Y (INVx1_ASAP7_75t_R)
  30.96  137.68 v _10332_/Y (AO32x1_ASAP7_75t_R)
   0.00  137.68 v _10791_/D (DFFLQNx2_ASAP7_75t_R)
         137.68   data arrival time

   0.00    0.00   clock clk' (fall edge)
   0.00    0.00   clock network delay (ideal)
   0.00    0.00   clock reconvergence pessimism
           0.00 v _10791_/CLK (DFFLQNx2_ASAP7_75t_R)
  -7.00   -7.00   library hold time
          -7.00   data required time
---------------------------------------------------------
          -7.00   data required time
        -137.68   data arrival time
---------------------------------------------------------
         144.68   slack (MET)


Startpoint: _10599_ (falling edge-triggered flip-flop clocked by clk')
Endpoint: _10599_ (falling edge-triggered flip-flop clocked by clk')
Path Group: clk
Path Type: min

  Delay    Time   Description
---------------------------------------------------------
   0.00    0.00   clock clk' (fall edge)
   0.00    0.00   clock network delay (ideal)
   0.00    0.00 v _10599_/CLK (DFFLQNx2_ASAP7_75t_R)
  91.90   91.90 v _10599_/QN (DFFLQNx2_ASAP7_75t_R)
  16.61  108.51 ^ _06779_/Y (INVx2_ASAP7_75t_R)
  25.68  134.19 ^ _08628_/Y (AO21x1_ASAP7_75t_R)
  25.56  159.75 ^ _08629_/Y (AND2x2_ASAP7_75t_R)
   0.00  159.75 ^ _10599_/D (DFFLQNx2_ASAP7_75t_R)
         159.75   data arrival time

   0.00    0.00   clock clk' (fall edge)
   0.00    0.00   clock network delay (ideal)
   0.00    0.00   clock reconvergence pessimism
           0.00 v _10599_/CLK (DFFLQNx2_ASAP7_75t_R)
  14.80   14.80   library hold time
          14.80   data required time
---------------------------------------------------------
          14.80   data required time
        -159.75   data arrival time
---------------------------------------------------------
         144.96   slack (MET)


Startpoint: _10745_ (falling edge-triggered flip-flop clocked by clk')
Endpoint: _10745_ (falling edge-triggered flip-flop clocked by clk')
Path Group: clk
Path Type: min

  Delay    Time   Description
---------------------------------------------------------
   0.00    0.00   clock clk' (fall edge)
   0.00    0.00   clock network delay (ideal)
   0.00    0.00 v _10745_/CLK (DFFLQNx2_ASAP7_75t_R)
 105.65  105.65 v _10745_/QN (DFFLQNx2_ASAP7_75t_R)
  22.62  128.27 ^ _06673_/Y (INVx4_ASAP7_75t_R)
  16.30  144.57 v _09932_/Y (NAND2x1_ASAP7_75t_R)
  14.80  159.37 ^ _09941_/Y (AOI21x1_ASAP7_75t_R)
   0.00  159.37 ^ _10745_/D (DFFLQNx2_ASAP7_75t_R)
         159.37   data arrival time

   0.00    0.00   clock clk' (fall edge)
   0.00    0.00   clock network delay (ideal)
   0.00    0.00   clock reconvergence pessimism
           0.00 v _10745_/CLK (DFFLQNx2_ASAP7_75t_R)
  13.68   13.68   library hold time
          13.68   data required time
---------------------------------------------------------
          13.68   data required time
        -159.37   data arrival time
---------------------------------------------------------
         145.69   slack (MET)


Startpoint: _10726_ (falling edge-triggered flip-flop clocked by clk')
Endpoint: _10726_ (falling edge-triggered flip-flop clocked by clk')
Path Group: clk
Path Type: min

  Delay    Time   Description
---------------------------------------------------------
   0.00    0.00   clock clk' (fall edge)
   0.00    0.00   clock network delay (ideal)
   0.00    0.00 v _10726_/CLK (DFFLQNx2_ASAP7_75t_R)
  90.94   90.94 ^ _10726_/QN (DFFLQNx2_ASAP7_75t_R)
  35.93  126.87 ^ _09716_/Y (AO21x1_ASAP7_75t_R)
  12.43  139.30 v _09726_/Y (NAND2x1_ASAP7_75t_R)
   0.00  139.30 v _10726_/D (DFFLQNx2_ASAP7_75t_R)
         139.30   data arrival time

   0.00    0.00   clock clk' (fall edge)
   0.00    0.00   clock network delay (ideal)
   0.00    0.00   clock reconvergence pessimism
           0.00 v _10726_/CLK (DFFLQNx2_ASAP7_75t_R)
  -6.55   -6.55   library hold time
          -6.55   data required time
---------------------------------------------------------
          -6.55   data required time
        -139.30   data arrival time
---------------------------------------------------------
         145.85   slack (MET)


Startpoint: _10588_ (falling edge-triggered flip-flop clocked by clk')
Endpoint: _10588_ (falling edge-triggered flip-flop clocked by clk')
Path Group: clk
Path Type: min

  Delay    Time   Description
---------------------------------------------------------
   0.00    0.00   clock clk' (fall edge)
   0.00    0.00   clock network delay (ideal)
   0.00    0.00 v _10588_/CLK (DFFLQNx2_ASAP7_75t_R)
  94.20   94.20 v _10588_/QN (DFFLQNx2_ASAP7_75t_R)
  17.14  111.34 ^ _05842_/Y (INVx1_ASAP7_75t_R)
  25.51  136.85 ^ _05844_/Y (AO21x1_ASAP7_75t_R)
  23.55  160.40 ^ _05845_/Y (AO221x1_ASAP7_75t_R)
   0.00  160.40 ^ _10588_/D (DFFLQNx2_ASAP7_75t_R)
         160.40   data arrival time

   0.00    0.00   clock clk' (fall edge)
   0.00    0.00   clock network delay (ideal)
   0.00    0.00   clock reconvergence pessimism
           0.00 v _10588_/CLK (DFFLQNx2_ASAP7_75t_R)
  14.51   14.51   library hold time
          14.51   data required time
---------------------------------------------------------
          14.51   data required time
        -160.40   data arrival time
---------------------------------------------------------
         145.89   slack (MET)


Startpoint: _10704_ (falling edge-triggered flip-flop clocked by clk')
Endpoint: _10640_ (falling edge-triggered flip-flop clocked by clk')
Path Group: clk
Path Type: min

  Delay    Time   Description
---------------------------------------------------------
   0.00    0.00   clock clk' (fall edge)
   0.00    0.00   clock network delay (ideal)
   0.00    0.00 v _10704_/CLK (DFFLQNx2_ASAP7_75t_R)
  92.30   92.30 ^ _10704_/QN (DFFLQNx2_ASAP7_75t_R)
  34.79  127.09 ^ _07771_/Y (AO21x1_ASAP7_75t_R)
  12.37  139.46 v _07779_/Y (OAI21x1_ASAP7_75t_R)
   0.00  139.46 v _10640_/D (DFFLQNx2_ASAP7_75t_R)
         139.46   data arrival time

   0.00    0.00   clock clk' (fall edge)
   0.00    0.00   clock network delay (ideal)
   0.00    0.00   clock reconvergence pessimism
           0.00 v _10640_/CLK (DFFLQNx2_ASAP7_75t_R)
  -6.91   -6.91   library hold time
          -6.91   data required time
---------------------------------------------------------
          -6.91   data required time
        -139.46   data arrival time
---------------------------------------------------------
         146.37   slack (MET)


Startpoint: _10706_ (falling edge-triggered flip-flop clocked by clk')
Endpoint: _10642_ (falling edge-triggered flip-flop clocked by clk')
Path Group: clk
Path Type: min

  Delay    Time   Description
---------------------------------------------------------
   0.00    0.00   clock clk' (fall edge)
   0.00    0.00   clock network delay (ideal)
   0.00    0.00 v _10706_/CLK (DFFLQNx2_ASAP7_75t_R)
  92.30   92.30 ^ _10706_/QN (DFFLQNx2_ASAP7_75t_R)
  34.79  127.09 ^ _07789_/Y (AO21x1_ASAP7_75t_R)
  12.37  139.46 v _07797_/Y (OAI21x1_ASAP7_75t_R)
   0.00  139.46 v _10642_/D (DFFLQNx2_ASAP7_75t_R)
         139.46   data arrival time

   0.00    0.00   clock clk' (fall edge)
   0.00    0.00   clock network delay (ideal)
   0.00    0.00   clock reconvergence pessimism
           0.00 v _10642_/CLK (DFFLQNx2_ASAP7_75t_R)
  -6.91   -6.91   library hold time
          -6.91   data required time
---------------------------------------------------------
          -6.91   data required time
        -139.46   data arrival time
---------------------------------------------------------
         146.37   slack (MET)


Startpoint: _10749_ (falling edge-triggered flip-flop clocked by clk')
Endpoint: _10749_ (falling edge-triggered flip-flop clocked by clk')
Path Group: clk
Path Type: min

  Delay    Time   Description
---------------------------------------------------------
   0.00    0.00   clock clk' (fall edge)
   0.00    0.00   clock network delay (ideal)
   0.00    0.00 v _10749_/CLK (DFFLQNx2_ASAP7_75t_R)
 103.67  103.67 v _10749_/QN (DFFLQNx2_ASAP7_75t_R)
  25.52  129.19 ^ _06651_/Y (INVx3_ASAP7_75t_R)
  16.93  146.11 v _09976_/Y (NAND2x1_ASAP7_75t_R)
  14.91  161.03 ^ _09985_/Y (AOI21x1_ASAP7_75t_R)
   0.00  161.03 ^ _10749_/D (DFFLQNx2_ASAP7_75t_R)
         161.03   data arrival time

   0.00    0.00   clock clk' (fall edge)
   0.00    0.00   clock network delay (ideal)
   0.00    0.00   clock reconvergence pessimism
           0.00 v _10749_/CLK (DFFLQNx2_ASAP7_75t_R)
  13.66   13.66   library hold time
          13.66   data required time
---------------------------------------------------------
          13.66   data required time
        -161.03   data arrival time
---------------------------------------------------------
         147.37   slack (MET)


Startpoint: _10627_ (falling edge-triggered flip-flop clocked by clk')
Endpoint: _10627_ (falling edge-triggered flip-flop clocked by clk')
Path Group: clk
Path Type: min

  Delay    Time   Description
---------------------------------------------------------
   0.00    0.00   clock clk' (fall edge)
   0.00    0.00   clock network delay (ideal)
   0.00    0.00 v _10627_/CLK (DFFLQNx2_ASAP7_75t_R)
 116.74  116.74 v _10627_/QN (DFFLQNx2_ASAP7_75t_R)
  22.27  139.01 ^ _07428_/Y (NOR2x1_ASAP7_75t_R)
  13.86  152.87 v _07429_/Y (INVx1_ASAP7_75t_R)
   9.87  162.73 ^ _07430_/Y (OAI21x1_ASAP7_75t_R)
   0.00  162.73 ^ _10627_/D (DFFLQNx2_ASAP7_75t_R)
         162.73   data arrival time

   0.00    0.00   clock clk' (fall edge)
   0.00    0.00   clock network delay (ideal)
   0.00    0.00   clock reconvergence pessimism
           0.00 v _10627_/CLK (DFFLQNx2_ASAP7_75t_R)
  15.32   15.32   library hold time
          15.32   data required time
---------------------------------------------------------
          15.32   data required time
        -162.73   data arrival time
---------------------------------------------------------
         147.41   slack (MET)


Startpoint: _10753_ (falling edge-triggered flip-flop clocked by clk')
Endpoint: _10753_ (falling edge-triggered flip-flop clocked by clk')
Path Group: clk
Path Type: min

  Delay    Time   Description
---------------------------------------------------------
   0.00    0.00   clock clk' (fall edge)
   0.00    0.00   clock network delay (ideal)
   0.00    0.00 v _10753_/CLK (DFFLQNx2_ASAP7_75t_R)
 103.67  103.67 v _10753_/QN (DFFLQNx2_ASAP7_75t_R)
  25.60  129.27 ^ _06663_/Y (INVx3_ASAP7_75t_R)
  16.95  146.21 v _10018_/Y (NAND2x1_ASAP7_75t_R)
  14.92  161.13 ^ _10027_/Y (AOI21x1_ASAP7_75t_R)
   0.00  161.13 ^ _10753_/D (DFFLQNx2_ASAP7_75t_R)
         161.13   data arrival time

   0.00    0.00   clock clk' (fall edge)
   0.00    0.00   clock network delay (ideal)
   0.00    0.00   clock reconvergence pessimism
           0.00 v _10753_/CLK (DFFLQNx2_ASAP7_75t_R)
  13.66   13.66   library hold time
          13.66   data required time
---------------------------------------------------------
          13.66   data required time
        -161.13   data arrival time
---------------------------------------------------------
         147.47   slack (MET)


Startpoint: _10629_ (falling edge-triggered flip-flop clocked by clk')
Endpoint: _10629_ (falling edge-triggered flip-flop clocked by clk')
Path Group: clk
Path Type: min

  Delay    Time   Description
---------------------------------------------------------
   0.00    0.00   clock clk' (fall edge)
   0.00    0.00   clock network delay (ideal)
   0.00    0.00 v _10629_/CLK (DFFLQNx2_ASAP7_75t_R)
 116.93  116.93 v _10629_/QN (DFFLQNx2_ASAP7_75t_R)
  22.29  139.23 ^ _07506_/Y (NOR2x1_ASAP7_75t_R)
  13.86  153.09 v _07507_/Y (INVx1_ASAP7_75t_R)
   9.87  162.96 ^ _07508_/Y (OAI21x1_ASAP7_75t_R)
   0.00  162.96 ^ _10629_/D (DFFLQNx2_ASAP7_75t_R)
         162.96   data arrival time

   0.00    0.00   clock clk' (fall edge)
   0.00    0.00   clock network delay (ideal)
   0.00    0.00   clock reconvergence pessimism
           0.00 v _10629_/CLK (DFFLQNx2_ASAP7_75t_R)
  15.32   15.32   library hold time
          15.32   data required time
---------------------------------------------------------
          15.32   data required time
        -162.96   data arrival time
---------------------------------------------------------
         147.64   slack (MET)


Startpoint: _10607_ (falling edge-triggered flip-flop clocked by clk')
Endpoint: _10607_ (falling edge-triggered flip-flop clocked by clk')
Path Group: clk
Path Type: min

  Delay    Time   Description
---------------------------------------------------------
   0.00    0.00   clock clk' (fall edge)
   0.00    0.00   clock network delay (ideal)
   0.00    0.00 v _10607_/CLK (DFFLQNx2_ASAP7_75t_R)
 109.51  109.51 v _10607_/QN (DFFLQNx2_ASAP7_75t_R)
  41.08  150.59 v _08675_/Y (AO21x1_ASAP7_75t_R)
  11.70  162.29 ^ _08676_/Y (AOI21x1_ASAP7_75t_R)
   0.00  162.29 ^ _10607_/D (DFFLQNx2_ASAP7_75t_R)
         162.29   data arrival time

   0.00    0.00   clock clk' (fall edge)
   0.00    0.00   clock network delay (ideal)
   0.00    0.00   clock reconvergence pessimism
           0.00 v _10607_/CLK (DFFLQNx2_ASAP7_75t_R)
  14.48   14.48   library hold time
          14.48   data required time
---------------------------------------------------------
          14.48   data required time
        -162.29   data arrival time
---------------------------------------------------------
         147.81   slack (MET)


Startpoint: _10732_ (falling edge-triggered flip-flop clocked by clk')
Endpoint: _10732_ (falling edge-triggered flip-flop clocked by clk')
Path Group: clk
Path Type: min

  Delay    Time   Description
---------------------------------------------------------
   0.00    0.00   clock clk' (fall edge)
   0.00    0.00   clock network delay (ideal)
   0.00    0.00 v _10732_/CLK (DFFLQNx2_ASAP7_75t_R)
  99.14   99.14 v _10732_/QN (DFFLQNx2_ASAP7_75t_R)
  22.62  121.76 ^ _07554_/Y (INVx3_ASAP7_75t_R)
  40.51  162.27 ^ _09777_/Y (AO221x1_ASAP7_75t_R)
   0.00  162.27 ^ _10732_/D (DFFLQNx2_ASAP7_75t_R)
         162.27   data arrival time

   0.00    0.00   clock clk' (fall edge)
   0.00    0.00   clock network delay (ideal)
   0.00    0.00   clock reconvergence pessimism
           0.00 v _10732_/CLK (DFFLQNx2_ASAP7_75t_R)
  14.40   14.40   library hold time
          14.40   data required time
---------------------------------------------------------
          14.40   data required time
        -162.27   data arrival time
---------------------------------------------------------
         147.86   slack (MET)


Startpoint: _10612_ (falling edge-triggered flip-flop clocked by clk')
Endpoint: _10612_ (falling edge-triggered flip-flop clocked by clk')
Path Group: clk
Path Type: min

  Delay    Time   Description
---------------------------------------------------------
   0.00    0.00   clock clk' (fall edge)
   0.00    0.00   clock network delay (ideal)
   0.00    0.00 v _10612_/CLK (DFFLQNx2_ASAP7_75t_R)
 105.10  105.10 v _10612_/QN (DFFLQNx2_ASAP7_75t_R)
  26.07  131.17 ^ _08751_/Y (NAND2x1_ASAP7_75t_R)
  31.72  162.89 ^ _08752_/Y (OA211x2_ASAP7_75t_R)
   0.00  162.89 ^ _10612_/D (DFFLQNx2_ASAP7_75t_R)
         162.89   data arrival time

   0.00    0.00   clock clk' (fall edge)
   0.00    0.00   clock network delay (ideal)
   0.00    0.00   clock reconvergence pessimism
           0.00 v _10612_/CLK (DFFLQNx2_ASAP7_75t_R)
  14.21   14.21   library hold time
          14.21   data required time
---------------------------------------------------------
          14.21   data required time
        -162.89   data arrival time
---------------------------------------------------------
         148.67   slack (MET)


Startpoint: _10591_ (falling edge-triggered flip-flop clocked by clk')
Endpoint: _10591_ (falling edge-triggered flip-flop clocked by clk')
Path Group: clk
Path Type: min

  Delay    Time   Description
---------------------------------------------------------
   0.00    0.00   clock clk' (fall edge)
   0.00    0.00   clock network delay (ideal)
   0.00    0.00 v _10591_/CLK (DFFLQNx2_ASAP7_75t_R)
  93.86   93.86 v _10591_/QN (DFFLQNx2_ASAP7_75t_R)
  16.17  110.03 ^ _05681_/Y (INVx1_ASAP7_75t_R)
  33.31  143.34 ^ _05682_/Y (OA211x2_ASAP7_75t_R)
  20.20  163.54 ^ _05683_/Y (AO21x1_ASAP7_75t_R)
   0.00  163.54 ^ _10591_/D (DFFLQNx2_ASAP7_75t_R)
         163.54   data arrival time

   0.00    0.00   clock clk' (fall edge)
   0.00    0.00   clock network delay (ideal)
   0.00    0.00   clock reconvergence pessimism
           0.00 v _10591_/CLK (DFFLQNx2_ASAP7_75t_R)
  14.81   14.81   library hold time
          14.81   data required time
---------------------------------------------------------
          14.81   data required time
        -163.54   data arrival time
---------------------------------------------------------
         148.73   slack (MET)


Startpoint: _10761_ (falling edge-triggered flip-flop clocked by clk')
Endpoint: _10761_ (falling edge-triggered flip-flop clocked by clk')
Path Group: clk
Path Type: min

  Delay    Time   Description
---------------------------------------------------------
   0.00    0.00   clock clk' (fall edge)
   0.00    0.00   clock network delay (ideal)
   0.00    0.00 v _10761_/CLK (DFFLQNx2_ASAP7_75t_R)
 105.41  105.41 v _10761_/QN (DFFLQNx2_ASAP7_75t_R)
  24.58  129.98 ^ _06684_/Y (INVx2_ASAP7_75t_R)
  35.15  165.14 ^ _10118_/Y (AO32x1_ASAP7_75t_R)
   0.00  165.14 ^ _10761_/D (DFFLQNx2_ASAP7_75t_R)
         165.14   data arrival time

   0.00    0.00   clock clk' (fall edge)
   0.00    0.00   clock network delay (ideal)
   0.00    0.00   clock reconvergence pessimism
           0.00 v _10761_/CLK (DFFLQNx2_ASAP7_75t_R)
  13.86   13.86   library hold time
          13.86   data required time
---------------------------------------------------------
          13.86   data required time
        -165.14   data arrival time
---------------------------------------------------------
         151.27   slack (MET)


Startpoint: _10793_ (falling edge-triggered flip-flop clocked by clk')
Endpoint: _10793_ (falling edge-triggered flip-flop clocked by clk')
Path Group: clk
Path Type: min

  Delay    Time   Description
---------------------------------------------------------
   0.00    0.00   clock clk' (fall edge)
   0.00    0.00   clock network delay (ideal)
   0.00    0.00 v _10793_/CLK (DFFLQNx3_ASAP7_75t_R)
 109.98  109.98 v _10793_/QN (DFFLQNx3_ASAP7_75t_R)
  25.26  135.24 ^ _06240_/Y (INVx3_ASAP7_75t_R)
  33.78  169.02 ^ _10408_/Y (AO22x1_ASAP7_75t_R)
   0.00  169.02 ^ _10793_/D (DFFLQNx3_ASAP7_75t_R)
         169.02   data arrival time

   0.00    0.00   clock clk' (fall edge)
   0.00    0.00   clock network delay (ideal)
   0.00    0.00   clock reconvergence pessimism
           0.00 v _10793_/CLK (DFFLQNx3_ASAP7_75t_R)
  17.59   17.59   library hold time
          17.59   data required time
---------------------------------------------------------
          17.59   data required time
        -169.02   data arrival time
---------------------------------------------------------
         151.43   slack (MET)


Startpoint: _10760_ (falling edge-triggered flip-flop clocked by clk')
Endpoint: _10760_ (falling edge-triggered flip-flop clocked by clk')
Path Group: clk
Path Type: min

  Delay    Time   Description
---------------------------------------------------------
   0.00    0.00   clock clk' (fall edge)
   0.00    0.00   clock network delay (ideal)
   0.00    0.00 v _10760_/CLK (DFFLQNx2_ASAP7_75t_R)
  90.07   90.07 ^ _10760_/QN (DFFLQNx2_ASAP7_75t_R)
  22.64  112.71 v _06626_/Y (INVx2_ASAP7_75t_R)
  31.79  144.50 v _10111_/Y (AO32x1_ASAP7_75t_R)
   0.00  144.50 v _10760_/D (DFFLQNx2_ASAP7_75t_R)
         144.50   data arrival time

   0.00    0.00   clock clk' (fall edge)
   0.00    0.00   clock network delay (ideal)
   0.00    0.00   clock reconvergence pessimism
           0.00 v _10760_/CLK (DFFLQNx2_ASAP7_75t_R)
  -7.02   -7.02   library hold time
          -7.02   data required time
---------------------------------------------------------
          -7.02   data required time
        -144.50   data arrival time
---------------------------------------------------------
         151.52   slack (MET)


Startpoint: _10764_ (falling edge-triggered flip-flop clocked by clk')
Endpoint: _10764_ (falling edge-triggered flip-flop clocked by clk')
Path Group: clk
Path Type: min

  Delay    Time   Description
---------------------------------------------------------
   0.00    0.00   clock clk' (fall edge)
   0.00    0.00   clock network delay (ideal)
   0.00    0.00 v _10764_/CLK (DFFLQNx2_ASAP7_75t_R)
  90.07   90.07 ^ _10764_/QN (DFFLQNx2_ASAP7_75t_R)
  22.81  112.89 v _06629_/Y (INVx2_ASAP7_75t_R)
  31.86  144.74 v _10138_/Y (AO32x1_ASAP7_75t_R)
   0.00  144.74 v _10764_/D (DFFLQNx2_ASAP7_75t_R)
         144.74   data arrival time

   0.00    0.00   clock clk' (fall edge)
   0.00    0.00   clock network delay (ideal)
   0.00    0.00   clock reconvergence pessimism
           0.00 v _10764_/CLK (DFFLQNx2_ASAP7_75t_R)
  -7.02   -7.02   library hold time
          -7.02   data required time
---------------------------------------------------------
          -7.02   data required time
        -144.74   data arrival time
---------------------------------------------------------
         151.76   slack (MET)


Startpoint: _10751_ (falling edge-triggered flip-flop clocked by clk')
Endpoint: _10751_ (falling edge-triggered flip-flop clocked by clk')
Path Group: clk
Path Type: min

  Delay    Time   Description
---------------------------------------------------------
   0.00    0.00   clock clk' (fall edge)
   0.00    0.00   clock network delay (ideal)
   0.00    0.00 v _10751_/CLK (DFFLQNx2_ASAP7_75t_R)
 105.51  105.51 v _10751_/QN (DFFLQNx2_ASAP7_75t_R)
  27.61  133.12 ^ _06657_/Y (INVx2_ASAP7_75t_R)
  17.37  150.50 v _09997_/Y (NAND2x1_ASAP7_75t_R)
  15.00  165.49 ^ _10006_/Y (AOI21x1_ASAP7_75t_R)
   0.00  165.49 ^ _10751_/D (DFFLQNx2_ASAP7_75t_R)
         165.49   data arrival time

   0.00    0.00   clock clk' (fall edge)
   0.00    0.00   clock network delay (ideal)
   0.00    0.00   clock reconvergence pessimism
           0.00 v _10751_/CLK (DFFLQNx2_ASAP7_75t_R)
  13.65   13.65   library hold time
          13.65   data required time
---------------------------------------------------------
          13.65   data required time
        -165.49   data arrival time
---------------------------------------------------------
         151.85   slack (MET)


Startpoint: _10683_ (falling edge-triggered flip-flop clocked by clk')
Endpoint: _10683_ (falling edge-triggered flip-flop clocked by clk')
Path Group: clk
Path Type: min

  Delay    Time   Description
---------------------------------------------------------
   0.00    0.00   clock clk' (fall edge)
   0.00    0.00   clock network delay (ideal)
   0.00    0.00 v _10683_/CLK (DFFLQNx2_ASAP7_75t_R)
 114.53  114.53 v _10683_/QN (DFFLQNx2_ASAP7_75t_R)
  42.68  157.21 v _09459_/Y (AO21x1_ASAP7_75t_R)
  10.47  167.68 ^ _09460_/Y (OAI21x1_ASAP7_75t_R)
   0.00  167.68 ^ _10683_/D (DFFLQNx2_ASAP7_75t_R)
         167.68   data arrival time

   0.00    0.00   clock clk' (fall edge)
   0.00    0.00   clock network delay (ideal)
   0.00    0.00   clock reconvergence pessimism
           0.00 v _10683_/CLK (DFFLQNx2_ASAP7_75t_R)
  15.17   15.17   library hold time
          15.17   data required time
---------------------------------------------------------
          15.17   data required time
        -167.68   data arrival time
---------------------------------------------------------
         152.51   slack (MET)


Startpoint: _10891_ (falling edge-triggered flip-flop clocked by clk')
Endpoint: _10679_ (falling edge-triggered flip-flop clocked by clk')
Path Group: clk
Path Type: min

  Delay    Time   Description
---------------------------------------------------------
   0.00    0.00   clock clk' (fall edge)
   0.00    0.00   clock network delay (ideal)
   0.00    0.00 v _10891_/CLK (DFFLQNx2_ASAP7_75t_R)
  95.68   95.68 v _10891_/QN (DFFLQNx2_ASAP7_75t_R)
  20.56  116.24 ^ _09378_/Y (INVx1_ASAP7_75t_R)
  16.98  133.22 v _09379_/Y (AOI21x1_ASAP7_75t_R)
  10.49  143.72 ^ _09380_/Y (OAI21x1_ASAP7_75t_R)
  23.85  167.57 ^ _09383_/Y (AO21x1_ASAP7_75t_R)
   0.00  167.57 ^ _10679_/D (DFFLQNx2_ASAP7_75t_R)
         167.57   data arrival time

   0.00    0.00   clock clk' (fall edge)
   0.00    0.00   clock network delay (ideal)
   0.00    0.00   clock reconvergence pessimism
           0.00 v _10679_/CLK (DFFLQNx2_ASAP7_75t_R)
  14.81   14.81   library hold time
          14.81   data required time
---------------------------------------------------------
          14.81   data required time
        -167.57   data arrival time
---------------------------------------------------------
         152.75   slack (MET)


Startpoint: _10680_ (falling edge-triggered flip-flop clocked by clk')
Endpoint: _10680_ (falling edge-triggered flip-flop clocked by clk')
Path Group: clk
Path Type: min

  Delay    Time   Description
---------------------------------------------------------
   0.00    0.00   clock clk' (fall edge)
   0.00    0.00   clock network delay (ideal)
   0.00    0.00 v _10680_/CLK (DFFLQNx2_ASAP7_75t_R)
  99.02   99.02 v _10680_/QN (DFFLQNx2_ASAP7_75t_R)
  21.07  120.09 ^ _07424_/Y (INVx2_ASAP7_75t_R)
  28.21  148.30 ^ _09405_/Y (AO21x1_ASAP7_75t_R)
  19.43  167.73 ^ _09406_/Y (AO21x1_ASAP7_75t_R)
   0.00  167.73 ^ _10680_/D (DFFLQNx2_ASAP7_75t_R)
         167.73   data arrival time

   0.00    0.00   clock clk' (fall edge)
   0.00    0.00   clock network delay (ideal)
   0.00    0.00   clock reconvergence pessimism
           0.00 v _10680_/CLK (DFFLQNx2_ASAP7_75t_R)
  14.81   14.81   library hold time
          14.81   data required time
---------------------------------------------------------
          14.81   data required time
        -167.73   data arrival time
---------------------------------------------------------
         152.91   slack (MET)


Startpoint: _10611_ (falling edge-triggered flip-flop clocked by clk')
Endpoint: _10590_ (falling edge-triggered flip-flop clocked by clk')
Path Group: clk
Path Type: min

  Delay    Time   Description
---------------------------------------------------------
   0.00    0.00   clock clk' (fall edge)
   0.00    0.00   clock network delay (ideal)
   0.00    0.00 v _10611_/CLK (DFFLQNx2_ASAP7_75t_R)
  86.19   86.19 ^ _10611_/QN (DFFLQNx2_ASAP7_75t_R)
  49.05  135.24 ^ _05690_/Y (AND3x2_ASAP7_75t_R)
  16.29  151.53 v _05696_/Y (INVx2_ASAP7_75t_R)
  16.88  168.41 ^ _05808_/Y (OAI21x1_ASAP7_75t_R)
   0.00  168.41 ^ _10590_/D (DFFLQNx2_ASAP7_75t_R)
         168.41   data arrival time

   0.00    0.00   clock clk' (fall edge)
   0.00    0.00   clock network delay (ideal)
   0.00    0.00   clock reconvergence pessimism
           0.00 v _10590_/CLK (DFFLQNx2_ASAP7_75t_R)
  15.35   15.35   library hold time
          15.35   data required time
---------------------------------------------------------
          15.35   data required time
        -168.41   data arrival time
---------------------------------------------------------
         153.06   slack (MET)


Startpoint: _10736_ (falling edge-triggered flip-flop clocked by clk')
Endpoint: _10736_ (falling edge-triggered flip-flop clocked by clk')
Path Group: clk
Path Type: min

  Delay    Time   Description
---------------------------------------------------------
   0.00    0.00   clock clk' (fall edge)
   0.00    0.00   clock network delay (ideal)
   0.00    0.00 v _10736_/CLK (DFFLQNx2_ASAP7_75t_R)
  96.46   96.46 v _10736_/QN (DFFLQNx2_ASAP7_75t_R)
  23.35  119.80 ^ _07419_/Y (INVx3_ASAP7_75t_R)
  28.94  148.74 ^ _09816_/Y (AO21x1_ASAP7_75t_R)
  19.43  168.17 ^ _09817_/Y (AO21x1_ASAP7_75t_R)
   0.00  168.17 ^ _10736_/D (DFFLQNx2_ASAP7_75t_R)
         168.17   data arrival time

   0.00    0.00   clock clk' (fall edge)
   0.00    0.00   clock network delay (ideal)
   0.00    0.00   clock reconvergence pessimism
           0.00 v _10736_/CLK (DFFLQNx2_ASAP7_75t_R)
  14.81   14.81   library hold time
          14.81   data required time
---------------------------------------------------------
          14.81   data required time
        -168.17   data arrival time
---------------------------------------------------------
         153.36   slack (MET)


Startpoint: _10765_ (falling edge-triggered flip-flop clocked by clk')
Endpoint: _10765_ (falling edge-triggered flip-flop clocked by clk')
Path Group: clk
Path Type: min

  Delay    Time   Description
---------------------------------------------------------
   0.00    0.00   clock clk' (fall edge)
   0.00    0.00   clock network delay (ideal)
   0.00    0.00 v _10765_/CLK (DFFLQNx2_ASAP7_75t_R)
 109.34  109.34 v _10765_/QN (DFFLQNx2_ASAP7_75t_R)
  23.21  132.55 ^ _06692_/Y (INVx2_ASAP7_75t_R)
  34.71  167.26 ^ _10144_/Y (AO32x1_ASAP7_75t_R)
   0.00  167.26 ^ _10765_/D (DFFLQNx2_ASAP7_75t_R)
         167.26   data arrival time

   0.00    0.00   clock clk' (fall edge)
   0.00    0.00   clock network delay (ideal)
   0.00    0.00   clock reconvergence pessimism
           0.00 v _10765_/CLK (DFFLQNx2_ASAP7_75t_R)
  13.87   13.87   library hold time
          13.87   data required time
---------------------------------------------------------
          13.87   data required time
        -167.26   data arrival time
---------------------------------------------------------
         153.39   slack (MET)


Startpoint: _10757_ (falling edge-triggered flip-flop clocked by clk')
Endpoint: _10816_ (falling edge-triggered flip-flop clocked by clk')
Path Group: clk
Path Type: min

  Delay    Time   Description
---------------------------------------------------------
   0.00    0.00   clock clk' (fall edge)
   0.00    0.00   clock network delay (ideal)
   0.00    0.00 v _10757_/CLK (DFFLQNx2_ASAP7_75t_R)
 102.62  102.62 v _10757_/QN (DFFLQNx2_ASAP7_75t_R)
  24.35  126.97 ^ _08226_/Y (INVx1_ASAP7_75t_R)
  41.33  168.30 ^ _08229_/Y (AO221x1_ASAP7_75t_R)
   0.00  168.30 ^ _10816_/D (DFFLQNx2_ASAP7_75t_R)
         168.30   data arrival time

   0.00    0.00   clock clk' (fall edge)
   0.00    0.00   clock network delay (ideal)
   0.00    0.00   clock reconvergence pessimism
           0.00 v _10816_/CLK (DFFLQNx2_ASAP7_75t_R)
  14.50   14.50   library hold time
          14.50   data required time
---------------------------------------------------------
          14.50   data required time
        -168.30   data arrival time
---------------------------------------------------------
         153.80   slack (MET)


Startpoint: _10682_ (falling edge-triggered flip-flop clocked by clk')
Endpoint: _10682_ (falling edge-triggered flip-flop clocked by clk')
Path Group: clk
Path Type: min

  Delay    Time   Description
---------------------------------------------------------
   0.00    0.00   clock clk' (fall edge)
   0.00    0.00   clock network delay (ideal)
   0.00    0.00 v _10682_/CLK (DFFLQNx2_ASAP7_75t_R)
  99.90   99.90 v _10682_/QN (DFFLQNx2_ASAP7_75t_R)
  21.22  121.12 ^ _07502_/Y (INVx2_ASAP7_75t_R)
  28.28  149.39 ^ _09446_/Y (AO21x1_ASAP7_75t_R)
  19.43  168.83 ^ _09447_/Y (AO21x1_ASAP7_75t_R)
   0.00  168.83 ^ _10682_/D (DFFLQNx2_ASAP7_75t_R)
         168.83   data arrival time

   0.00    0.00   clock clk' (fall edge)
   0.00    0.00   clock network delay (ideal)
   0.00    0.00   clock reconvergence pessimism
           0.00 v _10682_/CLK (DFFLQNx2_ASAP7_75t_R)
  14.81   14.81   library hold time
          14.81   data required time
---------------------------------------------------------
          14.81   data required time
        -168.83   data arrival time
---------------------------------------------------------
         154.01   slack (MET)


Startpoint: _10762_ (falling edge-triggered flip-flop clocked by clk')
Endpoint: _10762_ (falling edge-triggered flip-flop clocked by clk')
Path Group: clk
Path Type: min

  Delay    Time   Description
---------------------------------------------------------
   0.00    0.00   clock clk' (fall edge)
   0.00    0.00   clock network delay (ideal)
   0.00    0.00 v _10762_/CLK (DFFLQNx2_ASAP7_75t_R)
  93.52   93.52 ^ _10762_/QN (DFFLQNx2_ASAP7_75t_R)
  22.12  115.63 v _06628_/Y (INVx2_ASAP7_75t_R)
  31.64  147.27 v _10125_/Y (AO32x1_ASAP7_75t_R)
   0.00  147.27 v _10762_/D (DFFLQNx2_ASAP7_75t_R)
         147.27   data arrival time

   0.00    0.00   clock clk' (fall edge)
   0.00    0.00   clock network delay (ideal)
   0.00    0.00   clock reconvergence pessimism
           0.00 v _10762_/CLK (DFFLQNx2_ASAP7_75t_R)
  -7.02   -7.02   library hold time
          -7.02   data required time
---------------------------------------------------------
          -7.02   data required time
        -147.27   data arrival time
---------------------------------------------------------
         154.28   slack (MET)


Startpoint: _10691_ (falling edge-triggered flip-flop clocked by clk')
Endpoint: _10707_ (falling edge-triggered flip-flop clocked by clk')
Path Group: clk
Path Type: min

  Delay    Time   Description
---------------------------------------------------------
   0.00    0.00   clock clk' (fall edge)
   0.00    0.00   clock network delay (ideal)
   0.00    0.00 v _10691_/CLK (DFFLQNx2_ASAP7_75t_R)
  91.23   91.23 v _10691_/QN (DFFLQNx2_ASAP7_75t_R)
  19.46  110.69 ^ _09215_/Y (INVx1_ASAP7_75t_R)
  32.35  143.04 ^ _09645_/Y (OA21x2_ASAP7_75t_R)
  11.06  154.10 v _09646_/Y (OAI21x1_ASAP7_75t_R)
  14.80  168.89 ^ _09648_/Y (AOI21x1_ASAP7_75t_R)
   0.00  168.89 ^ _10707_/D (DFFLQNx2_ASAP7_75t_R)
         168.89   data arrival time

   0.00    0.00   clock clk' (fall edge)
   0.00    0.00   clock network delay (ideal)
   0.00    0.00   clock reconvergence pessimism
           0.00 v _10707_/CLK (DFFLQNx2_ASAP7_75t_R)
  14.25   14.25   library hold time
          14.25   data required time
---------------------------------------------------------
          14.25   data required time
        -168.89   data arrival time
---------------------------------------------------------
         154.64   slack (MET)


Startpoint: _10758_ (falling edge-triggered flip-flop clocked by clk')
Endpoint: _10758_ (falling edge-triggered flip-flop clocked by clk')
Path Group: clk
Path Type: min

  Delay    Time   Description
---------------------------------------------------------
   0.00    0.00   clock clk' (fall edge)
   0.00    0.00   clock network delay (ideal)
   0.00    0.00 v _10758_/CLK (DFFLQNx2_ASAP7_75t_R)
  92.11   92.11 ^ _10758_/QN (DFFLQNx2_ASAP7_75t_R)
  24.42  116.53 v _06624_/Y (INVx2_ASAP7_75t_R)
  32.43  148.96 v _10096_/Y (AO32x1_ASAP7_75t_R)
   0.00  148.96 v _10758_/D (DFFLQNx2_ASAP7_75t_R)
         148.96   data arrival time

   0.00    0.00   clock clk' (fall edge)
   0.00    0.00   clock network delay (ideal)
   0.00    0.00   clock reconvergence pessimism
           0.00 v _10758_/CLK (DFFLQNx2_ASAP7_75t_R)
  -7.03   -7.03   library hold time
          -7.03   data required time
---------------------------------------------------------
          -7.03   data required time
        -148.96   data arrival time
---------------------------------------------------------
         155.99   slack (MET)


Startpoint: _10613_ (falling edge-triggered flip-flop clocked by clk')
Endpoint: _10613_ (falling edge-triggered flip-flop clocked by clk')
Path Group: clk
Path Type: min

  Delay    Time   Description
---------------------------------------------------------
   0.00    0.00   clock clk' (fall edge)
   0.00    0.00   clock network delay (ideal)
   0.00    0.00 v _10613_/CLK (DFFLQNx2_ASAP7_75t_R)
  98.52   98.52 v _10613_/QN (DFFLQNx2_ASAP7_75t_R)
  20.51  119.03 ^ _08642_/Y (INVx2_ASAP7_75t_R)
  22.28  141.31 ^ _08753_/Y (AO21x1_ASAP7_75t_R)
  31.14  172.45 ^ _08754_/Y (OA211x2_ASAP7_75t_R)
   0.00  172.45 ^ _10613_/D (DFFLQNx2_ASAP7_75t_R)
         172.45   data arrival time

   0.00    0.00   clock clk' (fall edge)
   0.00    0.00   clock network delay (ideal)
   0.00    0.00   clock reconvergence pessimism
           0.00 v _10613_/CLK (DFFLQNx2_ASAP7_75t_R)
  14.21   14.21   library hold time
          14.21   data required time
---------------------------------------------------------
          14.21   data required time
        -172.45   data arrival time
---------------------------------------------------------
         158.23   slack (MET)


Startpoint: _10634_ (falling edge-triggered flip-flop clocked by clk')
Endpoint: _10634_ (falling edge-triggered flip-flop clocked by clk')
Path Group: clk
Path Type: min

  Delay    Time   Description
---------------------------------------------------------
   0.00    0.00   clock clk' (fall edge)
   0.00    0.00   clock network delay (ideal)
   0.00    0.00 v _10634_/CLK (DFFLQNx2_ASAP7_75t_R)
 143.06  143.06 v _10634_/QN (DFFLQNx2_ASAP7_75t_R)
  31.06  174.12 ^ _07645_/Y (OAI21x1_ASAP7_75t_R)
   0.00  174.12 ^ _10634_/D (DFFLQNx2_ASAP7_75t_R)
         174.12   data arrival time

   0.00    0.00   clock clk' (fall edge)
   0.00    0.00   clock network delay (ideal)
   0.00    0.00   clock reconvergence pessimism
           0.00 v _10634_/CLK (DFFLQNx2_ASAP7_75t_R)
  15.24   15.24   library hold time
          15.24   data required time
---------------------------------------------------------
          15.24   data required time
        -174.12   data arrival time
---------------------------------------------------------
         158.88   slack (MET)


Startpoint: _10763_ (falling edge-triggered flip-flop clocked by clk')
Endpoint: _10763_ (falling edge-triggered flip-flop clocked by clk')
Path Group: clk
Path Type: min

  Delay    Time   Description
---------------------------------------------------------
   0.00    0.00   clock clk' (fall edge)
   0.00    0.00   clock network delay (ideal)
   0.00    0.00 v _10763_/CLK (DFFLQNx2_ASAP7_75t_R)
  93.72   93.72 ^ _10763_/QN (DFFLQNx2_ASAP7_75t_R)
  25.72  119.44 v _06686_/Y (INVx1_ASAP7_75t_R)
  32.85  152.29 v _10132_/Y (AO32x1_ASAP7_75t_R)
   0.00  152.29 v _10763_/D (DFFLQNx2_ASAP7_75t_R)
         152.29   data arrival time

   0.00    0.00   clock clk' (fall edge)
   0.00    0.00   clock network delay (ideal)
   0.00    0.00   clock reconvergence pessimism
           0.00 v _10763_/CLK (DFFLQNx2_ASAP7_75t_R)
  -7.04   -7.04   library hold time
          -7.04   data required time
---------------------------------------------------------
          -7.04   data required time
        -152.29   data arrival time
---------------------------------------------------------
         159.33   slack (MET)


Startpoint: _10616_ (falling edge-triggered flip-flop clocked by clk')
Endpoint: _10616_ (falling edge-triggered flip-flop clocked by clk')
Path Group: clk
Path Type: min

  Delay    Time   Description
---------------------------------------------------------
   0.00    0.00   clock clk' (fall edge)
   0.00    0.00   clock network delay (ideal)
   0.00    0.00 v _10616_/CLK (DFFLQNx2_ASAP7_75t_R)
  93.38   93.38 v _10616_/QN (DFFLQNx2_ASAP7_75t_R)
  25.63  119.01 ^ _07930_/Y (INVx1_ASAP7_75t_R)
  29.30  148.31 ^ _08765_/Y (AO21x1_ASAP7_75t_R)
  25.93  174.24 ^ _08766_/Y (AND2x2_ASAP7_75t_R)
   0.00  174.24 ^ _10616_/D (DFFLQNx2_ASAP7_75t_R)
         174.24   data arrival time

   0.00    0.00   clock clk' (fall edge)
   0.00    0.00   clock network delay (ideal)
   0.00    0.00   clock reconvergence pessimism
           0.00 v _10616_/CLK (DFFLQNx2_ASAP7_75t_R)
  14.80   14.80   library hold time
          14.80   data required time
---------------------------------------------------------
          14.80   data required time
        -174.24   data arrival time
---------------------------------------------------------
         159.44   slack (MET)


Startpoint: _10620_ (falling edge-triggered flip-flop clocked by clk')
Endpoint: _10611_ (falling edge-triggered flip-flop clocked by clk')
Path Group: clk
Path Type: min

  Delay    Time   Description
---------------------------------------------------------
   0.00    0.00   clock clk' (fall edge)
   0.00    0.00   clock network delay (ideal)
   0.00    0.00 v _10620_/CLK (DFFLQNx2_ASAP7_75t_R)
  94.62   94.62 v _10620_/QN (DFFLQNx2_ASAP7_75t_R)
  20.82  115.44 ^ _08590_/Y (INVx2_ASAP7_75t_R)
  33.45  148.89 ^ _08748_/Y (AO32x1_ASAP7_75t_R)
  26.80  175.69 ^ _08749_/Y (AND2x2_ASAP7_75t_R)
   0.00  175.69 ^ _10611_/D (DFFLQNx2_ASAP7_75t_R)
         175.69   data arrival time

   0.00    0.00   clock clk' (fall edge)
   0.00    0.00   clock network delay (ideal)
   0.00    0.00   clock reconvergence pessimism
           0.00 v _10611_/CLK (DFFLQNx2_ASAP7_75t_R)
  14.80   14.80   library hold time
          14.80   data required time
---------------------------------------------------------
          14.80   data required time
        -175.69   data arrival time
---------------------------------------------------------
         160.90   slack (MET)


Startpoint: _10795_ (falling edge-triggered flip-flop clocked by clk')
Endpoint: _10795_ (falling edge-triggered flip-flop clocked by clk')
Path Group: clk
Path Type: min

  Delay    Time   Description
---------------------------------------------------------
   0.00    0.00   clock clk' (fall edge)
   0.00    0.00   clock network delay (ideal)
   0.00    0.00 v _10795_/CLK (DFFLQNx2_ASAP7_75t_R)
  76.52   76.52 ^ _10795_/QN (DFFLQNx2_ASAP7_75t_R)
  34.61  111.13 ^ rebuffer1248/Y (BUFx6f_ASAP7_75t_R)
  15.61  126.73 v _06250_/Y (CKINVDCx5p33_ASAP7_75t_R)
  29.17  155.91 v _10428_/Y (AO32x1_ASAP7_75t_R)
   0.00  155.91 v _10795_/D (DFFLQNx2_ASAP7_75t_R)
         155.91   data arrival time

   0.00    0.00   clock clk' (fall edge)
   0.00    0.00   clock network delay (ideal)
   0.00    0.00   clock reconvergence pessimism
           0.00 v _10795_/CLK (DFFLQNx2_ASAP7_75t_R)
  -7.00   -7.00   library hold time
          -7.00   data required time
---------------------------------------------------------
          -7.00   data required time
        -155.91   data arrival time
---------------------------------------------------------
         162.91   slack (MET)


Startpoint: _10606_ (falling edge-triggered flip-flop clocked by clk')
Endpoint: _10606_ (falling edge-triggered flip-flop clocked by clk')
Path Group: clk
Path Type: min

  Delay    Time   Description
---------------------------------------------------------
   0.00    0.00   clock clk' (fall edge)
   0.00    0.00   clock network delay (ideal)
   0.00    0.00 v _10606_/CLK (DFFLQNx2_ASAP7_75t_R)
 112.91  112.91 ^ _10606_/QN (DFFLQNx2_ASAP7_75t_R)
  20.87  133.78 v _08669_/Y (NAND2x1_ASAP7_75t_R)
  23.20  156.98 v _08670_/Y (AND3x1_ASAP7_75t_R)
   0.00  156.98 v _10606_/D (DFFLQNx2_ASAP7_75t_R)
         156.98   data arrival time

   0.00    0.00   clock clk' (fall edge)
   0.00    0.00   clock network delay (ideal)
   0.00    0.00   clock reconvergence pessimism
           0.00 v _10606_/CLK (DFFLQNx2_ASAP7_75t_R)
  -6.53   -6.53   library hold time
          -6.53   data required time
---------------------------------------------------------
          -6.53   data required time
        -156.98   data arrival time
---------------------------------------------------------
         163.51   slack (MET)


Startpoint: _10783_ (falling edge-triggered flip-flop clocked by clk')
Endpoint: _10783_ (falling edge-triggered flip-flop clocked by clk')
Path Group: clk
Path Type: min

  Delay    Time   Description
---------------------------------------------------------
   0.00    0.00   clock clk' (fall edge)
   0.00    0.00   clock network delay (ideal)
   0.00    0.00 v _10783_/CLK (DFFLQNx2_ASAP7_75t_R)
  95.90   95.90 v _10783_/QN (DFFLQNx2_ASAP7_75t_R)
  26.45  122.35 ^ _08227_/Y (INVx1_ASAP7_75t_R)
  33.79  156.14 ^ _10230_/Y (OA21x2_ASAP7_75t_R)
  24.26  180.40 ^ _10231_/Y (OA21x2_ASAP7_75t_R)
   0.00  180.40 ^ _10783_/D (DFFLQNx2_ASAP7_75t_R)
         180.40   data arrival time

   0.00    0.00   clock clk' (fall edge)
   0.00    0.00   clock network delay (ideal)
   0.00    0.00   clock reconvergence pessimism
           0.00 v _10783_/CLK (DFFLQNx2_ASAP7_75t_R)
  15.05   15.05   library hold time
          15.05   data required time
---------------------------------------------------------
          15.05   data required time
        -180.40   data arrival time
---------------------------------------------------------
         165.34   slack (MET)


Startpoint: _10598_ (falling edge-triggered flip-flop clocked by clk')
Endpoint: _10598_ (falling edge-triggered flip-flop clocked by clk')
Path Group: clk
Path Type: min

  Delay    Time   Description
---------------------------------------------------------
   0.00    0.00   clock clk' (fall edge)
   0.00    0.00   clock network delay (ideal)
   0.00    0.00 v _10598_/CLK (DFFLQNx2_ASAP7_75t_R)
 104.58  104.58 v _10598_/QN (DFFLQNx2_ASAP7_75t_R)
  22.43  127.01 ^ _05505_/Y (INVx3_ASAP7_75t_R)
  27.82  154.83 ^ _08625_/Y (AO21x1_ASAP7_75t_R)
  25.56  180.39 ^ _08626_/Y (AND2x2_ASAP7_75t_R)
   0.00  180.39 ^ _10598_/D (DFFLQNx2_ASAP7_75t_R)
         180.39   data arrival time

   0.00    0.00   clock clk' (fall edge)
   0.00    0.00   clock network delay (ideal)
   0.00    0.00   clock reconvergence pessimism
           0.00 v _10598_/CLK (DFFLQNx2_ASAP7_75t_R)
  14.80   14.80   library hold time
          14.80   data required time
---------------------------------------------------------
          14.80   data required time
        -180.39   data arrival time
---------------------------------------------------------
         165.60   slack (MET)


Startpoint: _10677_ (falling edge-triggered flip-flop clocked by clk')
Endpoint: _10677_ (falling edge-triggered flip-flop clocked by clk')
Path Group: clk
Path Type: min

  Delay    Time   Description
---------------------------------------------------------
   0.00    0.00   clock clk' (fall edge)
   0.00    0.00   clock network delay (ideal)
   0.00    0.00 v _10677_/CLK (DFFLQNx2_ASAP7_75t_R)
 115.77  115.77 v _10677_/QN (DFFLQNx2_ASAP7_75t_R)
  48.79  164.57 v split969/Y (BUFx2_ASAP7_75t_R)
  16.95  181.52 ^ _09318_/Y (AOI22x1_ASAP7_75t_R)
   0.00  181.52 ^ _10677_/D (DFFLQNx2_ASAP7_75t_R)
         181.52   data arrival time

   0.00    0.00   clock clk' (fall edge)
   0.00    0.00   clock network delay (ideal)
   0.00    0.00   clock reconvergence pessimism
           0.00 v _10677_/CLK (DFFLQNx2_ASAP7_75t_R)
  14.25   14.25   library hold time
          14.25   data required time
---------------------------------------------------------
          14.25   data required time
        -181.52   data arrival time
---------------------------------------------------------
         167.27   slack (MET)


Startpoint: _10796_ (falling edge-triggered flip-flop clocked by clk')
Endpoint: _10796_ (falling edge-triggered flip-flop clocked by clk')
Path Group: clk
Path Type: min

  Delay    Time   Description
---------------------------------------------------------
   0.00    0.00   clock clk' (fall edge)
   0.00    0.00   clock network delay (ideal)
   0.00    0.00 v _10796_/CLK (DFFLQNx2_ASAP7_75t_R)
 122.98  122.98 v _10796_/QN (DFFLQNx2_ASAP7_75t_R)
  25.47  148.46 ^ _07933_/Y (INVx5_ASAP7_75t_R)
  35.78  184.23 ^ _10434_/Y (AO32x1_ASAP7_75t_R)
   0.00  184.23 ^ _10796_/D (DFFLQNx2_ASAP7_75t_R)
         184.23   data arrival time

   0.00    0.00   clock clk' (fall edge)
   0.00    0.00   clock network delay (ideal)
   0.00    0.00   clock reconvergence pessimism
           0.00 v _10796_/CLK (DFFLQNx2_ASAP7_75t_R)
  13.85   13.85   library hold time
          13.85   data required time
---------------------------------------------------------
          13.85   data required time
        -184.23   data arrival time
---------------------------------------------------------
         170.38   slack (MET)


Startpoint: _10781_ (falling edge-triggered flip-flop clocked by clk')
Endpoint: _10781_ (falling edge-triggered flip-flop clocked by clk')
Path Group: clk
Path Type: min

  Delay    Time   Description
---------------------------------------------------------
   0.00    0.00   clock clk' (fall edge)
   0.00    0.00   clock network delay (ideal)
   0.00    0.00 v _10781_/CLK (DFFLQNx2_ASAP7_75t_R)
 119.74  119.74 v _10781_/QN (DFFLQNx2_ASAP7_75t_R)
  26.00  145.74 ^ _05540_/Y (INVx5_ASAP7_75t_R)
  41.31  187.05 ^ _10223_/Y (OA211x2_ASAP7_75t_R)
   0.00  187.05 ^ _10781_/D (DFFLQNx2_ASAP7_75t_R)
         187.05   data arrival time

   0.00    0.00   clock clk' (fall edge)
   0.00    0.00   clock network delay (ideal)
   0.00    0.00   clock reconvergence pessimism
           0.00 v _10781_/CLK (DFFLQNx2_ASAP7_75t_R)
  14.21   14.21   library hold time
          14.21   data required time
---------------------------------------------------------
          14.21   data required time
        -187.05   data arrival time
---------------------------------------------------------
         172.84   slack (MET)


Startpoint: _10606_ (falling edge-triggered flip-flop clocked by clk')
Endpoint: _10784_ (falling edge-triggered flip-flop clocked by clk')
Path Group: clk
Path Type: min

  Delay    Time   Description
---------------------------------------------------------
   0.00    0.00   clock clk' (fall edge)
   0.00    0.00   clock network delay (ideal)
   0.00    0.00 v _10606_/CLK (DFFLQNx2_ASAP7_75t_R)
 112.91  112.91 ^ _10606_/QN (DFFLQNx2_ASAP7_75t_R)
  39.43  152.34 ^ _10232_/Y (OR3x1_ASAP7_75t_R)
  13.44  165.78 v _10238_/Y (AOI21x1_ASAP7_75t_R)
   0.00  165.78 v _10784_/D (DFFLQNx2_ASAP7_75t_R)
         165.78   data arrival time

   0.00    0.00   clock clk' (fall edge)
   0.00    0.00   clock network delay (ideal)
   0.00    0.00   clock reconvergence pessimism
           0.00 v _10784_/CLK (DFFLQNx2_ASAP7_75t_R)
  -7.31   -7.31   library hold time
          -7.31   data required time
---------------------------------------------------------
          -7.31   data required time
        -165.78   data arrival time
---------------------------------------------------------
         173.08   slack (MET)


Startpoint: _10604_ (falling edge-triggered flip-flop clocked by clk')
Endpoint: _10604_ (falling edge-triggered flip-flop clocked by clk')
Path Group: clk
Path Type: min

  Delay    Time   Description
---------------------------------------------------------
   0.00    0.00   clock clk' (fall edge)
   0.00    0.00   clock network delay (ideal)
   0.00    0.00 v _10604_/CLK (DFFLQNx2_ASAP7_75t_R)
 110.18  110.18 v _10604_/QN (DFFLQNx2_ASAP7_75t_R)
  22.09  132.27 ^ _05495_/Y (CKINVDCx5p33_ASAP7_75t_R)
  32.22  164.49 ^ _08660_/Y (OA21x2_ASAP7_75t_R)
  24.26  188.75 ^ _08661_/Y (OA21x2_ASAP7_75t_R)
   0.00  188.75 ^ _10604_/D (DFFLQNx2_ASAP7_75t_R)
         188.75   data arrival time

   0.00    0.00   clock clk' (fall edge)
   0.00    0.00   clock network delay (ideal)
   0.00    0.00   clock reconvergence pessimism
           0.00 v _10604_/CLK (DFFLQNx2_ASAP7_75t_R)
  15.05   15.05   library hold time
          15.05   data required time
---------------------------------------------------------
          15.05   data required time
        -188.75   data arrival time
---------------------------------------------------------
         173.70   slack (MET)


Startpoint: _10780_ (falling edge-triggered flip-flop clocked by clk')
Endpoint: _10780_ (falling edge-triggered flip-flop clocked by clk')
Path Group: clk
Path Type: min

  Delay    Time   Description
---------------------------------------------------------
   0.00    0.00   clock clk' (fall edge)
   0.00    0.00   clock network delay (ideal)
   0.00    0.00 v _10780_/CLK (DFFLQNx2_ASAP7_75t_R)
 119.47  119.47 v _10780_/QN (DFFLQNx2_ASAP7_75t_R)
  26.81  146.28 ^ _05541_/Y (INVx4_ASAP7_75t_R)
  41.64  187.91 ^ _10221_/Y (OA211x2_ASAP7_75t_R)
   0.00  187.91 ^ _10780_/D (DFFLQNx2_ASAP7_75t_R)
         187.91   data arrival time

   0.00    0.00   clock clk' (fall edge)
   0.00    0.00   clock network delay (ideal)
   0.00    0.00   clock reconvergence pessimism
           0.00 v _10780_/CLK (DFFLQNx2_ASAP7_75t_R)
  14.21   14.21   library hold time
          14.21   data required time
---------------------------------------------------------
          14.21   data required time
        -187.91   data arrival time
---------------------------------------------------------
         173.70   slack (MET)


Startpoint: _10610_ (falling edge-triggered flip-flop clocked by clk')
Endpoint: _10774_ (falling edge-triggered flip-flop clocked by clk')
Path Group: clk
Path Type: min

  Delay    Time   Description
---------------------------------------------------------
   0.00    0.00   clock clk' (fall edge)
   0.00    0.00   clock network delay (ideal)
   0.00    0.00 v _10610_/CLK (DFFLQNx2_ASAP7_75t_R)
  82.60   82.60 ^ _10610_/QN (DFFLQNx2_ASAP7_75t_R)
  17.29   99.88 v _10204_/Y (NAND2x1_ASAP7_75t_R)
  29.61  129.49 ^ _10205_/Y (OAI21x1_ASAP7_75t_R)
  30.43  159.92 ^ _10208_/Y (AO21x1_ASAP7_75t_R)
  31.23  191.15 ^ _10209_/Y (OA211x2_ASAP7_75t_R)
   0.00  191.15 ^ _10774_/D (DFFLQNx3_ASAP7_75t_R)
         191.15   data arrival time

   0.00    0.00   clock clk' (fall edge)
   0.00    0.00   clock network delay (ideal)
   0.00    0.00   clock reconvergence pessimism
           0.00 v _10774_/CLK (DFFLQNx3_ASAP7_75t_R)
  17.36   17.36   library hold time
          17.36   data required time
---------------------------------------------------------
          17.36   data required time
        -191.15   data arrival time
---------------------------------------------------------
         173.79   slack (MET)


Startpoint: _10610_ (falling edge-triggered flip-flop clocked by clk')
Endpoint: _10775_ (falling edge-triggered flip-flop clocked by clk')
Path Group: clk
Path Type: min

  Delay    Time   Description
---------------------------------------------------------
   0.00    0.00   clock clk' (fall edge)
   0.00    0.00   clock network delay (ideal)
   0.00    0.00 v _10610_/CLK (DFFLQNx2_ASAP7_75t_R)
  82.60   82.60 ^ _10610_/QN (DFFLQNx2_ASAP7_75t_R)
  17.29   99.88 v _10204_/Y (NAND2x1_ASAP7_75t_R)
  29.61  129.49 ^ _10205_/Y (OAI21x1_ASAP7_75t_R)
  30.43  159.92 ^ _10210_/Y (AO21x1_ASAP7_75t_R)
  31.23  191.15 ^ _10211_/Y (OA211x2_ASAP7_75t_R)
   0.00  191.15 ^ _10775_/D (DFFLQNx3_ASAP7_75t_R)
         191.15   data arrival time

   0.00    0.00   clock clk' (fall edge)
   0.00    0.00   clock network delay (ideal)
   0.00    0.00   clock reconvergence pessimism
           0.00 v _10775_/CLK (DFFLQNx3_ASAP7_75t_R)
  17.36   17.36   library hold time
          17.36   data required time
---------------------------------------------------------
          17.36   data required time
        -191.15   data arrival time
---------------------------------------------------------
         173.79   slack (MET)


Startpoint: _10610_ (falling edge-triggered flip-flop clocked by clk')
Endpoint: _10776_ (falling edge-triggered flip-flop clocked by clk')
Path Group: clk
Path Type: min

  Delay    Time   Description
---------------------------------------------------------
   0.00    0.00   clock clk' (fall edge)
   0.00    0.00   clock network delay (ideal)
   0.00    0.00 v _10610_/CLK (DFFLQNx2_ASAP7_75t_R)
  82.60   82.60 ^ _10610_/QN (DFFLQNx2_ASAP7_75t_R)
  17.29   99.88 v _10204_/Y (NAND2x1_ASAP7_75t_R)
  29.61  129.49 ^ _10205_/Y (OAI21x1_ASAP7_75t_R)
  30.43  159.92 ^ _10212_/Y (AO21x1_ASAP7_75t_R)
  31.23  191.15 ^ _10213_/Y (OA211x2_ASAP7_75t_R)
   0.00  191.15 ^ _10776_/D (DFFLQNx3_ASAP7_75t_R)
         191.15   data arrival time

   0.00    0.00   clock clk' (fall edge)
   0.00    0.00   clock network delay (ideal)
   0.00    0.00   clock reconvergence pessimism
           0.00 v _10776_/CLK (DFFLQNx3_ASAP7_75t_R)
  17.36   17.36   library hold time
          17.36   data required time
---------------------------------------------------------
          17.36   data required time
        -191.15   data arrival time
---------------------------------------------------------
         173.79   slack (MET)


Startpoint: _10610_ (falling edge-triggered flip-flop clocked by clk')
Endpoint: _10777_ (falling edge-triggered flip-flop clocked by clk')
Path Group: clk
Path Type: min

  Delay    Time   Description
---------------------------------------------------------
   0.00    0.00   clock clk' (fall edge)
   0.00    0.00   clock network delay (ideal)
   0.00    0.00 v _10610_/CLK (DFFLQNx2_ASAP7_75t_R)
  82.60   82.60 ^ _10610_/QN (DFFLQNx2_ASAP7_75t_R)
  17.29   99.88 v _10204_/Y (NAND2x1_ASAP7_75t_R)
  29.61  129.49 ^ _10205_/Y (OAI21x1_ASAP7_75t_R)
  30.43  159.92 ^ _10214_/Y (AO21x1_ASAP7_75t_R)
  31.23  191.15 ^ _10215_/Y (OA211x2_ASAP7_75t_R)
   0.00  191.15 ^ _10777_/D (DFFLQNx3_ASAP7_75t_R)
         191.15   data arrival time

   0.00    0.00   clock clk' (fall edge)
   0.00    0.00   clock network delay (ideal)
   0.00    0.00   clock reconvergence pessimism
           0.00 v _10777_/CLK (DFFLQNx3_ASAP7_75t_R)
  17.36   17.36   library hold time
          17.36   data required time
---------------------------------------------------------
          17.36   data required time
        -191.15   data arrival time
---------------------------------------------------------
         173.79   slack (MET)


Startpoint: _10610_ (falling edge-triggered flip-flop clocked by clk')
Endpoint: _10778_ (falling edge-triggered flip-flop clocked by clk')
Path Group: clk
Path Type: min

  Delay    Time   Description
---------------------------------------------------------
   0.00    0.00   clock clk' (fall edge)
   0.00    0.00   clock network delay (ideal)
   0.00    0.00 v _10610_/CLK (DFFLQNx2_ASAP7_75t_R)
  82.60   82.60 ^ _10610_/QN (DFFLQNx2_ASAP7_75t_R)
  17.29   99.88 v _10204_/Y (NAND2x1_ASAP7_75t_R)
  29.61  129.49 ^ _10205_/Y (OAI21x1_ASAP7_75t_R)
  30.43  159.92 ^ _10216_/Y (AO21x1_ASAP7_75t_R)
  31.23  191.15 ^ _10217_/Y (OA211x2_ASAP7_75t_R)
   0.00  191.15 ^ _10778_/D (DFFLQNx3_ASAP7_75t_R)
         191.15   data arrival time

   0.00    0.00   clock clk' (fall edge)
   0.00    0.00   clock network delay (ideal)
   0.00    0.00   clock reconvergence pessimism
           0.00 v _10778_/CLK (DFFLQNx3_ASAP7_75t_R)
  17.36   17.36   library hold time
          17.36   data required time
---------------------------------------------------------
          17.36   data required time
        -191.15   data arrival time
---------------------------------------------------------
         173.79   slack (MET)


Startpoint: _10610_ (falling edge-triggered flip-flop clocked by clk')
Endpoint: _10779_ (falling edge-triggered flip-flop clocked by clk')
Path Group: clk
Path Type: min

  Delay    Time   Description
---------------------------------------------------------
   0.00    0.00   clock clk' (fall edge)
   0.00    0.00   clock network delay (ideal)
   0.00    0.00 v _10610_/CLK (DFFLQNx2_ASAP7_75t_R)
  82.60   82.60 ^ _10610_/QN (DFFLQNx2_ASAP7_75t_R)
  17.29   99.88 v _10204_/Y (NAND2x1_ASAP7_75t_R)
  29.61  129.49 ^ _10205_/Y (OAI21x1_ASAP7_75t_R)
  30.43  159.92 ^ _10218_/Y (AO21x1_ASAP7_75t_R)
  31.23  191.15 ^ _10219_/Y (OA211x2_ASAP7_75t_R)
   0.00  191.15 ^ _10779_/D (DFFLQNx3_ASAP7_75t_R)
         191.15   data arrival time

   0.00    0.00   clock clk' (fall edge)
   0.00    0.00   clock network delay (ideal)
   0.00    0.00   clock reconvergence pessimism
           0.00 v _10779_/CLK (DFFLQNx3_ASAP7_75t_R)
  17.36   17.36   library hold time
          17.36   data required time
---------------------------------------------------------
          17.36   data required time
        -191.15   data arrival time
---------------------------------------------------------
         173.79   slack (MET)


Startpoint: _10678_ (falling edge-triggered flip-flop clocked by clk')
Endpoint: _10678_ (falling edge-triggered flip-flop clocked by clk')
Path Group: clk
Path Type: min

  Delay    Time   Description
---------------------------------------------------------
   0.00    0.00   clock clk' (fall edge)
   0.00    0.00   clock network delay (ideal)
   0.00    0.00 v _10678_/CLK (DFFLQNx2_ASAP7_75t_R)
 128.24  128.24 v _10678_/QN (DFFLQNx2_ASAP7_75t_R)
  26.60  154.83 ^ _06353_/Y (CKINVDCx8_ASAP7_75t_R)
  20.80  175.63 v _09338_/Y (NOR2x1_ASAP7_75t_R)
  12.66  188.29 ^ _09339_/Y (AOI21x1_ASAP7_75t_R)
   0.00  188.29 ^ _10678_/D (DFFLQNx2_ASAP7_75t_R)
         188.29   data arrival time

   0.00    0.00   clock clk' (fall edge)
   0.00    0.00   clock network delay (ideal)
   0.00    0.00   clock reconvergence pessimism
           0.00 v _10678_/CLK (DFFLQNx2_ASAP7_75t_R)
  14.25   14.25   library hold time
          14.25   data required time
---------------------------------------------------------
          14.25   data required time
        -188.29   data arrival time
---------------------------------------------------------
         174.04   slack (MET)


Startpoint: _10894_ (falling edge-triggered flip-flop clocked by clk')
Endpoint: _10894_ (falling edge-triggered flip-flop clocked by clk')
Path Group: clk
Path Type: min

  Delay    Time   Description
---------------------------------------------------------
   0.00    0.00   clock clk' (fall edge)
   0.00    0.00   clock network delay (ideal)
   0.00    0.00 v _10894_/CLK (DFFLQNx2_ASAP7_75t_R)
 120.72  120.72 v _10894_/QN (DFFLQNx2_ASAP7_75t_R)
  26.30  147.02 ^ _05643_/Y (INVx4_ASAP7_75t_R)
  42.45  189.47 ^ _05692_/Y (AO221x1_ASAP7_75t_R)
   0.00  189.47 ^ _10894_/D (DFFLQNx2_ASAP7_75t_R)
         189.47   data arrival time

   0.00    0.00   clock clk' (fall edge)
   0.00    0.00   clock network delay (ideal)
   0.00    0.00   clock reconvergence pessimism
           0.00 v _10894_/CLK (DFFLQNx2_ASAP7_75t_R)
  14.49   14.49   library hold time
          14.49   data required time
---------------------------------------------------------
          14.49   data required time
        -189.47   data arrival time
---------------------------------------------------------
         174.98   slack (MET)


Startpoint: _10895_ (falling edge-triggered flip-flop clocked by clk')
Endpoint: _10892_ (falling edge-triggered flip-flop clocked by clk')
Path Group: clk
Path Type: min

  Delay    Time   Description
---------------------------------------------------------
   0.00    0.00   clock clk' (fall edge)
   0.00    0.00   clock network delay (ideal)
   0.00    0.00 v _10895_/CLK (DFFLQNx2_ASAP7_75t_R)
  89.47   89.47 v _10895_/QN (DFFLQNx2_ASAP7_75t_R)
  18.52  107.98 ^ _05550_/Y (INVx1_ASAP7_75t_R)
  23.29  131.27 ^ _05645_/Y (OR3x1_ASAP7_75t_R)
  32.10  163.37 ^ _05646_/Y (AND3x1_ASAP7_75t_R)
  26.38  189.74 ^ _05653_/Y (OR5x1_ASAP7_75t_R)
   0.00  189.74 ^ _10892_/D (DFFLQNx2_ASAP7_75t_R)
         189.74   data arrival time

   0.00    0.00   clock clk' (fall edge)
   0.00    0.00   clock network delay (ideal)
   0.00    0.00   clock reconvergence pessimism
           0.00 v _10892_/CLK (DFFLQNx2_ASAP7_75t_R)
  14.49   14.49   library hold time
          14.49   data required time
---------------------------------------------------------
          14.49   data required time
        -189.74   data arrival time
---------------------------------------------------------
         175.25   slack (MET)


Startpoint: _10596_ (falling edge-triggered flip-flop clocked by clk')
Endpoint: _10596_ (falling edge-triggered flip-flop clocked by clk')
Path Group: clk
Path Type: min

  Delay    Time   Description
---------------------------------------------------------
   0.00    0.00   clock clk' (fall edge)
   0.00    0.00   clock network delay (ideal)
   0.00    0.00 v _10596_/CLK (DFFLQNx2_ASAP7_75t_R)
 113.92  113.92 v _10596_/QN (DFFLQNx2_ASAP7_75t_R)
  26.59  140.51 ^ _05504_/Y (INVx3_ASAP7_75t_R)
  29.31  169.82 ^ _08618_/Y (AO21x1_ASAP7_75t_R)
  25.56  195.38 ^ _08620_/Y (AND2x2_ASAP7_75t_R)
   0.00  195.38 ^ _10596_/D (DFFLQNx2_ASAP7_75t_R)
         195.38   data arrival time

   0.00    0.00   clock clk' (fall edge)
   0.00    0.00   clock network delay (ideal)
   0.00    0.00   clock reconvergence pessimism
           0.00 v _10596_/CLK (DFFLQNx2_ASAP7_75t_R)
  14.80   14.80   library hold time
          14.80   data required time
---------------------------------------------------------
          14.80   data required time
        -195.38   data arrival time
---------------------------------------------------------
         180.59   slack (MET)


Startpoint: _10606_ (falling edge-triggered flip-flop clocked by clk')
Endpoint: _10799_ (falling edge-triggered flip-flop clocked by clk')
Path Group: clk
Path Type: min

  Delay    Time   Description
---------------------------------------------------------
   0.00    0.00   clock clk' (fall edge)
   0.00    0.00   clock network delay (ideal)
   0.00    0.00 v _10606_/CLK (DFFLQNx2_ASAP7_75t_R)
 112.91  112.91 ^ _10606_/QN (DFFLQNx2_ASAP7_75t_R)
  24.40  137.31 v _05500_/Y (INVx5_ASAP7_75t_R)
  46.96  184.27 v _07916_/Y (OR3x1_ASAP7_75t_R)
  15.36  199.63 ^ _07921_/Y (AOI22x1_ASAP7_75t_R)
   0.00  199.63 ^ _10799_/D (DFFLQNx2_ASAP7_75t_R)
         199.63   data arrival time

   0.00    0.00   clock clk' (fall edge)
   0.00    0.00   clock network delay (ideal)
   0.00    0.00   clock reconvergence pessimism
           0.00 v _10799_/CLK (DFFLQNx2_ASAP7_75t_R)
  13.99   13.99   library hold time
          13.99   data required time
---------------------------------------------------------
          13.99   data required time
        -199.63   data arrival time
---------------------------------------------------------
         185.65   slack (MET)


Startpoint: _10612_ (falling edge-triggered flip-flop clocked by clk')
Endpoint: _10603_ (falling edge-triggered flip-flop clocked by clk')
Path Group: clk
Path Type: min

  Delay    Time   Description
---------------------------------------------------------
   0.00    0.00   clock clk' (fall edge)
   0.00    0.00   clock network delay (ideal)
   0.00    0.00 v _10612_/CLK (DFFLQNx2_ASAP7_75t_R)
  91.28   91.28 ^ _10612_/QN (DFFLQNx2_ASAP7_75t_R)
  39.04  130.32 ^ _08652_/Y (AND3x1_ASAP7_75t_R)
  34.91  165.23 ^ _08654_/Y (OA211x2_ASAP7_75t_R)
  35.72  200.95 ^ _08657_/Y (OA211x2_ASAP7_75t_R)
   0.00  200.95 ^ _10603_/D (DFFLQNx2_ASAP7_75t_R)
         200.95   data arrival time

   0.00    0.00   clock clk' (fall edge)
   0.00    0.00   clock network delay (ideal)
   0.00    0.00   clock reconvergence pessimism
           0.00 v _10603_/CLK (DFFLQNx2_ASAP7_75t_R)
  14.21   14.21   library hold time
          14.21   data required time
---------------------------------------------------------
          14.21   data required time
        -200.95   data arrival time
---------------------------------------------------------
         186.73   slack (MET)


Startpoint: _10894_ (falling edge-triggered flip-flop clocked by clk')
Endpoint: _10794_ (falling edge-triggered flip-flop clocked by clk')
Path Group: clk
Path Type: min

  Delay    Time   Description
---------------------------------------------------------
   0.00    0.00   clock clk' (fall edge)
   0.00    0.00   clock network delay (ideal)
   0.00    0.00 v _10894_/CLK (DFFLQNx2_ASAP7_75t_R)
 120.72  120.72 v _10894_/QN (DFFLQNx2_ASAP7_75t_R)
  40.74  161.46 v _10414_/Y (AO21x1_ASAP7_75t_R)
  14.28  175.73 ^ _10426_/Y (AOI21x1_ASAP7_75t_R)
  31.58  207.31 ^ _10427_/Y (AO32x1_ASAP7_75t_R)
   0.00  207.31 ^ _10794_/D (DFFLQNx3_ASAP7_75t_R)
         207.31   data arrival time

   0.00    0.00   clock clk' (fall edge)
   0.00    0.00   clock network delay (ideal)
   0.00    0.00   clock reconvergence pessimism
           0.00 v _10794_/CLK (DFFLQNx3_ASAP7_75t_R)
  17.75   17.75   library hold time
          17.75   data required time
---------------------------------------------------------
          17.75   data required time
        -207.31   data arrival time
---------------------------------------------------------
         189.56   slack (MET)


Startpoint: _10620_ (falling edge-triggered flip-flop clocked by clk')
Endpoint: _10597_ (falling edge-triggered flip-flop clocked by clk')
Path Group: clk
Path Type: min

  Delay    Time   Description
---------------------------------------------------------
   0.00    0.00   clock clk' (fall edge)
   0.00    0.00   clock network delay (ideal)
   0.00    0.00 v _10620_/CLK (DFFLQNx2_ASAP7_75t_R)
  94.62   94.62 v _10620_/QN (DFFLQNx2_ASAP7_75t_R)
  20.82  115.44 ^ _08590_/Y (INVx2_ASAP7_75t_R)
  40.46  155.90 ^ _08609_/Y (AO21x2_ASAP7_75t_R)
  26.49  182.39 ^ _08622_/Y (AO21x1_ASAP7_75t_R)
  25.56  207.95 ^ _08623_/Y (AND2x2_ASAP7_75t_R)
   0.00  207.95 ^ _10597_/D (DFFLQNx2_ASAP7_75t_R)
         207.95   data arrival time

   0.00    0.00   clock clk' (fall edge)
   0.00    0.00   clock network delay (ideal)
   0.00    0.00   clock reconvergence pessimism
           0.00 v _10597_/CLK (DFFLQNx2_ASAP7_75t_R)
  14.80   14.80   library hold time
          14.80   data required time
---------------------------------------------------------
          14.80   data required time
        -207.95   data arrival time
---------------------------------------------------------
         193.16   slack (MET)


Startpoint: _10599_ (falling edge-triggered flip-flop clocked by clk')
Endpoint: _10601_ (falling edge-triggered flip-flop clocked by clk')
Path Group: clk
Path Type: min

  Delay    Time   Description
---------------------------------------------------------
   0.00    0.00   clock clk' (fall edge)
   0.00    0.00   clock network delay (ideal)
   0.00    0.00 v _10599_/CLK (DFFLQNx2_ASAP7_75t_R)
  78.73   78.73 ^ _10599_/QN (DFFLQNx2_ASAP7_75t_R)
  39.35  118.08 ^ _08585_/Y (OR3x4_ASAP7_75t_R)
  33.13  151.20 ^ _08594_/Y (AO21x2_ASAP7_75t_R)
  25.08  176.29 v _08633_/Y (NOR2x2_ASAP7_75t_R)
  16.49  192.77 ^ _08640_/Y (NOR2x1_ASAP7_75t_R)
  21.80  214.57 ^ _08641_/Y (OR3x1_ASAP7_75t_R)
   0.00  214.57 ^ _10601_/D (DFFLQNx3_ASAP7_75t_R)
         214.57   data arrival time

   0.00    0.00   clock clk' (fall edge)
   0.00    0.00   clock network delay (ideal)
   0.00    0.00   clock reconvergence pessimism
           0.00 v _10601_/CLK (DFFLQNx3_ASAP7_75t_R)
  16.73   16.73   library hold time
          16.73   data required time
---------------------------------------------------------
          16.73   data required time
        -214.57   data arrival time
---------------------------------------------------------
         197.84   slack (MET)


Startpoint: _10611_ (falling edge-triggered flip-flop clocked by clk')
Endpoint: _10636_ (falling edge-triggered flip-flop clocked by clk')
Path Group: clk
Path Type: min

  Delay    Time   Description
---------------------------------------------------------
   0.00    0.00   clock clk' (fall edge)
   0.00    0.00   clock network delay (ideal)
   0.00    0.00 v _10611_/CLK (DFFLQNx2_ASAP7_75t_R)
  86.19   86.19 ^ _10611_/QN (DFFLQNx2_ASAP7_75t_R)
  84.25  170.44 ^ _05551_/Y (AND2x6_ASAP7_75t_R)
  42.99  213.43 ^ _07698_/Y (AO21x1_ASAP7_75t_R)
   0.00  213.43 ^ _10636_/D (DFFLQNx2_ASAP7_75t_R)
         213.43   data arrival time

   0.00    0.00   clock clk' (fall edge)
   0.00    0.00   clock network delay (ideal)
   0.00    0.00   clock reconvergence pessimism
           0.00 v _10636_/CLK (DFFLQNx2_ASAP7_75t_R)
  14.72   14.72   library hold time
          14.72   data required time
---------------------------------------------------------
          14.72   data required time
        -213.43   data arrival time
---------------------------------------------------------
         198.71   slack (MET)


Startpoint: _10620_ (falling edge-triggered flip-flop clocked by clk')
Endpoint: _10602_ (falling edge-triggered flip-flop clocked by clk')
Path Group: clk
Path Type: min

  Delay    Time   Description
---------------------------------------------------------
   0.00    0.00   clock clk' (fall edge)
   0.00    0.00   clock network delay (ideal)
   0.00    0.00 v _10620_/CLK (DFFLQNx2_ASAP7_75t_R)
  81.26   81.26 ^ _10620_/QN (DFFLQNx2_ASAP7_75t_R)
  17.31   98.57 v _08590_/Y (INVx2_ASAP7_75t_R)
  15.71  114.27 ^ _08592_/Y (NOR2x1_ASAP7_75t_R)
   9.85  124.13 v _08593_/Y (INVx1_ASAP7_75t_R)
  32.09  156.21 v _08594_/Y (AO21x2_ASAP7_75t_R)
  29.71  185.92 ^ _08633_/Y (NOR2x2_ASAP7_75t_R)
  38.72  224.64 ^ _08651_/Y (OA21x2_ASAP7_75t_R)
   0.00  224.64 ^ _10602_/D (DFFLQNx3_ASAP7_75t_R)
         224.64   data arrival time

   0.00    0.00   clock clk' (fall edge)
   0.00    0.00   clock network delay (ideal)
   0.00    0.00   clock reconvergence pessimism
           0.00 v _10602_/CLK (DFFLQNx3_ASAP7_75t_R)
  16.49   16.49   library hold time
          16.49   data required time
---------------------------------------------------------
          16.49   data required time
        -224.64   data arrival time
---------------------------------------------------------
         208.15   slack (MET)


