Startpoint: _115218_ (rising edge-triggered flip-flop clocked by clk)
Endpoint: _115744_ (rising edge-triggered flip-flop clocked by clk)
Path Group: clk
Path Type: min

  Delay    Time   Description
---------------------------------------------------------
   0.00    0.00   clock clk (rise edge)
   0.00    0.00   clock network delay (ideal)
   0.00    0.00 ^ _115218_/CLK (DFFASRHQNx1_ASAP7_75t_R)
  91.92   91.92 ^ _115218_/QN (DFFASRHQNx1_ASAP7_75t_R)
  26.78  118.70 v _107053_/SN (HAxp5_ASAP7_75t_R)
  42.04  160.74 v _059136_/Y (XOR2x2_ASAP7_75t_R)
  17.01  177.75 ^ _107055_/SN (HAxp5_ASAP7_75t_R)
  21.43  199.18 ^ _079401_/Y (OR4x1_ASAP7_75t_R)
  28.42  227.59 ^ _079410_/Y (OA21x2_ASAP7_75t_R)
  12.54  240.14 v _079411_/Y (NOR2x1_ASAP7_75t_R)
  17.33  257.47 ^ _079413_/Y (OAI21x1_ASAP7_75t_R)
  14.08  271.55 v _079418_/Y (AOI21x1_ASAP7_75t_R)
  17.78  289.34 ^ _079419_/Y (NOR2x1_ASAP7_75t_R)
  26.06  315.39 ^ _079423_/Y (OR3x1_ASAP7_75t_R)
  32.07  347.47 v _079424_/Y (AOI21x1_ASAP7_75t_R)
  27.30  374.76 ^ _079425_/Y (INVx3_ASAP7_75t_R)
  20.10  394.86 v _101000_/Y (NAND2x2_ASAP7_75t_R)
  32.68  427.54 v _101050_/Y (BUFx6f_ASAP7_75t_R)
  15.93  443.47 ^ _101106_/Y (AOI211x1_ASAP7_75t_R)
   0.00  443.47 ^ _115744_/D (DFFASRHQNx1_ASAP7_75t_R)
         443.47   data arrival time

   0.00    0.00   clock clk (rise edge)
   0.00    0.00   clock network delay (ideal)
   0.00    0.00   clock reconvergence pessimism
           0.00 ^ _115744_/CLK (DFFASRHQNx1_ASAP7_75t_R)
 -11.49  -11.49   library hold time
         -11.49   data required time
---------------------------------------------------------
         -11.49   data required time
        -443.47   data arrival time
---------------------------------------------------------
         454.96   slack (MET)


Startpoint: _115218_ (rising edge-triggered flip-flop clocked by clk)
Endpoint: _115718_ (rising edge-triggered flip-flop clocked by clk)
Path Group: clk
Path Type: min

  Delay    Time   Description
---------------------------------------------------------
   0.00    0.00   clock clk (rise edge)
   0.00    0.00   clock network delay (ideal)
   0.00    0.00 ^ _115218_/CLK (DFFASRHQNx1_ASAP7_75t_R)
  91.92   91.92 ^ _115218_/QN (DFFASRHQNx1_ASAP7_75t_R)
  26.78  118.70 v _107053_/SN (HAxp5_ASAP7_75t_R)
  42.04  160.74 v _059136_/Y (XOR2x2_ASAP7_75t_R)
  17.01  177.75 ^ _107055_/SN (HAxp5_ASAP7_75t_R)
  21.43  199.18 ^ _079401_/Y (OR4x1_ASAP7_75t_R)
  28.42  227.59 ^ _079410_/Y (OA21x2_ASAP7_75t_R)
  12.54  240.14 v _079411_/Y (NOR2x1_ASAP7_75t_R)
  17.33  257.47 ^ _079413_/Y (OAI21x1_ASAP7_75t_R)
  14.08  271.55 v _079418_/Y (AOI21x1_ASAP7_75t_R)
  17.78  289.34 ^ _079419_/Y (NOR2x1_ASAP7_75t_R)
  26.06  315.39 ^ _079423_/Y (OR3x1_ASAP7_75t_R)
  32.07  347.47 v _079424_/Y (AOI21x1_ASAP7_75t_R)
  27.30  374.76 ^ _079425_/Y (INVx3_ASAP7_75t_R)
  20.10  394.86 v _101000_/Y (NAND2x2_ASAP7_75t_R)
  32.88  427.74 v _101001_/Y (BUFx6f_ASAP7_75t_R)
  15.29  443.04 ^ _101023_/Y (NOR3x1_ASAP7_75t_R)
   0.00  443.04 ^ _115718_/D (DFFASRHQNx1_ASAP7_75t_R)
         443.04   data arrival time

   0.00    0.00   clock clk (rise edge)
   0.00    0.00   clock network delay (ideal)
   0.00    0.00   clock reconvergence pessimism
           0.00 ^ _115718_/CLK (DFFASRHQNx1_ASAP7_75t_R)
 -11.28  -11.28   library hold time
         -11.28   data required time
---------------------------------------------------------
         -11.28   data required time
        -443.04   data arrival time
---------------------------------------------------------
         454.31   slack (MET)


Startpoint: _115218_ (rising edge-triggered flip-flop clocked by clk)
Endpoint: _115719_ (rising edge-triggered flip-flop clocked by clk)
Path Group: clk
Path Type: min

  Delay    Time   Description
---------------------------------------------------------
   0.00    0.00   clock clk (rise edge)
   0.00    0.00   clock network delay (ideal)
   0.00    0.00 ^ _115218_/CLK (DFFASRHQNx1_ASAP7_75t_R)
  91.92   91.92 ^ _115218_/QN (DFFASRHQNx1_ASAP7_75t_R)
  26.78  118.70 v _107053_/SN (HAxp5_ASAP7_75t_R)
  42.04  160.74 v _059136_/Y (XOR2x2_ASAP7_75t_R)
  17.01  177.75 ^ _107055_/SN (HAxp5_ASAP7_75t_R)
  21.43  199.18 ^ _079401_/Y (OR4x1_ASAP7_75t_R)
  28.42  227.59 ^ _079410_/Y (OA21x2_ASAP7_75t_R)
  12.54  240.14 v _079411_/Y (NOR2x1_ASAP7_75t_R)
  17.33  257.47 ^ _079413_/Y (OAI21x1_ASAP7_75t_R)
  14.08  271.55 v _079418_/Y (AOI21x1_ASAP7_75t_R)
  17.78  289.34 ^ _079419_/Y (NOR2x1_ASAP7_75t_R)
  26.06  315.39 ^ _079423_/Y (OR3x1_ASAP7_75t_R)
  32.07  347.47 v _079424_/Y (AOI21x1_ASAP7_75t_R)
  27.30  374.76 ^ _079425_/Y (INVx3_ASAP7_75t_R)
  20.10  394.86 v _101000_/Y (NAND2x2_ASAP7_75t_R)
  32.88  427.74 v _101001_/Y (BUFx6f_ASAP7_75t_R)
  15.29  443.04 ^ _101027_/Y (NOR3x1_ASAP7_75t_R)
   0.00  443.04 ^ _115719_/D (DFFASRHQNx1_ASAP7_75t_R)
         443.04   data arrival time

   0.00    0.00   clock clk (rise edge)
   0.00    0.00   clock network delay (ideal)
   0.00    0.00   clock reconvergence pessimism
           0.00 ^ _115719_/CLK (DFFASRHQNx1_ASAP7_75t_R)
 -11.33  -11.33   library hold time
         -11.33   data required time
---------------------------------------------------------
         -11.33   data required time
        -443.04   data arrival time
---------------------------------------------------------
         454.37   slack (MET)


Startpoint: _115218_ (rising edge-triggered flip-flop clocked by clk)
Endpoint: _115720_ (rising edge-triggered flip-flop clocked by clk)
Path Group: clk
Path Type: min

  Delay    Time   Description
---------------------------------------------------------
   0.00    0.00   clock clk (rise edge)
   0.00    0.00   clock network delay (ideal)
   0.00    0.00 ^ _115218_/CLK (DFFASRHQNx1_ASAP7_75t_R)
  91.92   91.92 ^ _115218_/QN (DFFASRHQNx1_ASAP7_75t_R)
  26.78  118.70 v _107053_/SN (HAxp5_ASAP7_75t_R)
  42.04  160.74 v _059136_/Y (XOR2x2_ASAP7_75t_R)
  17.01  177.75 ^ _107055_/SN (HAxp5_ASAP7_75t_R)
  21.43  199.18 ^ _079401_/Y (OR4x1_ASAP7_75t_R)
  28.42  227.59 ^ _079410_/Y (OA21x2_ASAP7_75t_R)
  12.54  240.14 v _079411_/Y (NOR2x1_ASAP7_75t_R)
  17.33  257.47 ^ _079413_/Y (OAI21x1_ASAP7_75t_R)
  14.08  271.55 v _079418_/Y (AOI21x1_ASAP7_75t_R)
  17.78  289.34 ^ _079419_/Y (NOR2x1_ASAP7_75t_R)
  26.06  315.39 ^ _079423_/Y (OR3x1_ASAP7_75t_R)
  32.07  347.47 v _079424_/Y (AOI21x1_ASAP7_75t_R)
  27.30  374.76 ^ _079425_/Y (INVx3_ASAP7_75t_R)
  20.10  394.86 v _101000_/Y (NAND2x2_ASAP7_75t_R)
  32.88  427.74 v _101001_/Y (BUFx6f_ASAP7_75t_R)
  15.29  443.04 ^ _101030_/Y (NOR3x1_ASAP7_75t_R)
   0.00  443.04 ^ _115720_/D (DFFASRHQNx1_ASAP7_75t_R)
         443.04   data arrival time

   0.00    0.00   clock clk (rise edge)
   0.00    0.00   clock network delay (ideal)
   0.00    0.00   clock reconvergence pessimism
           0.00 ^ _115720_/CLK (DFFASRHQNx1_ASAP7_75t_R)
 -11.33  -11.33   library hold time
         -11.33   data required time
---------------------------------------------------------
         -11.33   data required time
        -443.04   data arrival time
---------------------------------------------------------
         454.37   slack (MET)


Startpoint: _115218_ (rising edge-triggered flip-flop clocked by clk)
Endpoint: _115721_ (rising edge-triggered flip-flop clocked by clk)
Path Group: clk
Path Type: min

  Delay    Time   Description
---------------------------------------------------------
   0.00    0.00   clock clk (rise edge)
   0.00    0.00   clock network delay (ideal)
   0.00    0.00 ^ _115218_/CLK (DFFASRHQNx1_ASAP7_75t_R)
  91.92   91.92 ^ _115218_/QN (DFFASRHQNx1_ASAP7_75t_R)
  26.78  118.70 v _107053_/SN (HAxp5_ASAP7_75t_R)
  42.04  160.74 v _059136_/Y (XOR2x2_ASAP7_75t_R)
  17.01  177.75 ^ _107055_/SN (HAxp5_ASAP7_75t_R)
  21.43  199.18 ^ _079401_/Y (OR4x1_ASAP7_75t_R)
  28.42  227.59 ^ _079410_/Y (OA21x2_ASAP7_75t_R)
  12.54  240.14 v _079411_/Y (NOR2x1_ASAP7_75t_R)
  17.33  257.47 ^ _079413_/Y (OAI21x1_ASAP7_75t_R)
  14.08  271.55 v _079418_/Y (AOI21x1_ASAP7_75t_R)
  17.78  289.34 ^ _079419_/Y (NOR2x1_ASAP7_75t_R)
  26.06  315.39 ^ _079423_/Y (OR3x1_ASAP7_75t_R)
  32.07  347.47 v _079424_/Y (AOI21x1_ASAP7_75t_R)
  27.30  374.76 ^ _079425_/Y (INVx3_ASAP7_75t_R)
  20.10  394.86 v _101000_/Y (NAND2x2_ASAP7_75t_R)
  32.88  427.74 v _101001_/Y (BUFx6f_ASAP7_75t_R)
  15.29  443.04 ^ _101034_/Y (NOR3x1_ASAP7_75t_R)
   0.00  443.04 ^ _115721_/D (DFFASRHQNx1_ASAP7_75t_R)
         443.04   data arrival time

   0.00    0.00   clock clk (rise edge)
   0.00    0.00   clock network delay (ideal)
   0.00    0.00   clock reconvergence pessimism
           0.00 ^ _115721_/CLK (DFFASRHQNx1_ASAP7_75t_R)
 -11.28  -11.28   library hold time
         -11.28   data required time
---------------------------------------------------------
         -11.28   data required time
        -443.04   data arrival time
---------------------------------------------------------
         454.31   slack (MET)


Startpoint: _115218_ (rising edge-triggered flip-flop clocked by clk)
Endpoint: _115722_ (rising edge-triggered flip-flop clocked by clk)
Path Group: clk
Path Type: min

  Delay    Time   Description
---------------------------------------------------------
   0.00    0.00   clock clk (rise edge)
   0.00    0.00   clock network delay (ideal)
   0.00    0.00 ^ _115218_/CLK (DFFASRHQNx1_ASAP7_75t_R)
  91.92   91.92 ^ _115218_/QN (DFFASRHQNx1_ASAP7_75t_R)
  26.78  118.70 v _107053_/SN (HAxp5_ASAP7_75t_R)
  42.04  160.74 v _059136_/Y (XOR2x2_ASAP7_75t_R)
  17.01  177.75 ^ _107055_/SN (HAxp5_ASAP7_75t_R)
  21.43  199.18 ^ _079401_/Y (OR4x1_ASAP7_75t_R)
  28.42  227.59 ^ _079410_/Y (OA21x2_ASAP7_75t_R)
  12.54  240.14 v _079411_/Y (NOR2x1_ASAP7_75t_R)
  17.33  257.47 ^ _079413_/Y (OAI21x1_ASAP7_75t_R)
  14.08  271.55 v _079418_/Y (AOI21x1_ASAP7_75t_R)
  17.78  289.34 ^ _079419_/Y (NOR2x1_ASAP7_75t_R)
  26.06  315.39 ^ _079423_/Y (OR3x1_ASAP7_75t_R)
  32.07  347.47 v _079424_/Y (AOI21x1_ASAP7_75t_R)
  27.30  374.76 ^ _079425_/Y (INVx3_ASAP7_75t_R)
  20.10  394.86 v _101000_/Y (NAND2x2_ASAP7_75t_R)
  32.88  427.74 v _101001_/Y (BUFx6f_ASAP7_75t_R)
  15.29  443.04 ^ _101037_/Y (NOR3x1_ASAP7_75t_R)
   0.00  443.04 ^ _115722_/D (DFFASRHQNx1_ASAP7_75t_R)
         443.04   data arrival time

   0.00    0.00   clock clk (rise edge)
   0.00    0.00   clock network delay (ideal)
   0.00    0.00   clock reconvergence pessimism
           0.00 ^ _115722_/CLK (DFFASRHQNx1_ASAP7_75t_R)
 -11.33  -11.33   library hold time
         -11.33   data required time
---------------------------------------------------------
         -11.33   data required time
        -443.04   data arrival time
---------------------------------------------------------
         454.37   slack (MET)


Startpoint: _115218_ (rising edge-triggered flip-flop clocked by clk)
Endpoint: _115723_ (rising edge-triggered flip-flop clocked by clk)
Path Group: clk
Path Type: min

  Delay    Time   Description
---------------------------------------------------------
   0.00    0.00   clock clk (rise edge)
   0.00    0.00   clock network delay (ideal)
   0.00    0.00 ^ _115218_/CLK (DFFASRHQNx1_ASAP7_75t_R)
  91.92   91.92 ^ _115218_/QN (DFFASRHQNx1_ASAP7_75t_R)
  26.78  118.70 v _107053_/SN (HAxp5_ASAP7_75t_R)
  42.04  160.74 v _059136_/Y (XOR2x2_ASAP7_75t_R)
  17.01  177.75 ^ _107055_/SN (HAxp5_ASAP7_75t_R)
  21.43  199.18 ^ _079401_/Y (OR4x1_ASAP7_75t_R)
  28.42  227.59 ^ _079410_/Y (OA21x2_ASAP7_75t_R)
  12.54  240.14 v _079411_/Y (NOR2x1_ASAP7_75t_R)
  17.33  257.47 ^ _079413_/Y (OAI21x1_ASAP7_75t_R)
  14.08  271.55 v _079418_/Y (AOI21x1_ASAP7_75t_R)
  17.78  289.34 ^ _079419_/Y (NOR2x1_ASAP7_75t_R)
  26.06  315.39 ^ _079423_/Y (OR3x1_ASAP7_75t_R)
  32.07  347.47 v _079424_/Y (AOI21x1_ASAP7_75t_R)
  27.30  374.76 ^ _079425_/Y (INVx3_ASAP7_75t_R)
  20.10  394.86 v _101000_/Y (NAND2x2_ASAP7_75t_R)
  32.88  427.74 v _101001_/Y (BUFx6f_ASAP7_75t_R)
  15.29  443.04 ^ _101040_/Y (NOR3x1_ASAP7_75t_R)
   0.00  443.04 ^ _115723_/D (DFFASRHQNx1_ASAP7_75t_R)
         443.04   data arrival time

   0.00    0.00   clock clk (rise edge)
   0.00    0.00   clock network delay (ideal)
   0.00    0.00   clock reconvergence pessimism
           0.00 ^ _115723_/CLK (DFFASRHQNx1_ASAP7_75t_R)
 -11.28  -11.28   library hold time
         -11.28   data required time
---------------------------------------------------------
         -11.28   data required time
        -443.04   data arrival time
---------------------------------------------------------
         454.31   slack (MET)


Startpoint: _115218_ (rising edge-triggered flip-flop clocked by clk)
Endpoint: _115724_ (rising edge-triggered flip-flop clocked by clk)
Path Group: clk
Path Type: min

  Delay    Time   Description
---------------------------------------------------------
   0.00    0.00   clock clk (rise edge)
   0.00    0.00   clock network delay (ideal)
   0.00    0.00 ^ _115218_/CLK (DFFASRHQNx1_ASAP7_75t_R)
  91.92   91.92 ^ _115218_/QN (DFFASRHQNx1_ASAP7_75t_R)
  26.78  118.70 v _107053_/SN (HAxp5_ASAP7_75t_R)
  42.04  160.74 v _059136_/Y (XOR2x2_ASAP7_75t_R)
  17.01  177.75 ^ _107055_/SN (HAxp5_ASAP7_75t_R)
  21.43  199.18 ^ _079401_/Y (OR4x1_ASAP7_75t_R)
  28.42  227.59 ^ _079410_/Y (OA21x2_ASAP7_75t_R)
  12.54  240.14 v _079411_/Y (NOR2x1_ASAP7_75t_R)
  17.33  257.47 ^ _079413_/Y (OAI21x1_ASAP7_75t_R)
  14.08  271.55 v _079418_/Y (AOI21x1_ASAP7_75t_R)
  17.78  289.34 ^ _079419_/Y (NOR2x1_ASAP7_75t_R)
  26.06  315.39 ^ _079423_/Y (OR3x1_ASAP7_75t_R)
  32.07  347.47 v _079424_/Y (AOI21x1_ASAP7_75t_R)
  27.30  374.76 ^ _079425_/Y (INVx3_ASAP7_75t_R)
  20.10  394.86 v _101000_/Y (NAND2x2_ASAP7_75t_R)
  32.88  427.74 v _101001_/Y (BUFx6f_ASAP7_75t_R)
  15.29  443.04 ^ _101043_/Y (NOR3x1_ASAP7_75t_R)
   0.00  443.04 ^ _115724_/D (DFFASRHQNx1_ASAP7_75t_R)
         443.04   data arrival time

   0.00    0.00   clock clk (rise edge)
   0.00    0.00   clock network delay (ideal)
   0.00    0.00   clock reconvergence pessimism
           0.00 ^ _115724_/CLK (DFFASRHQNx1_ASAP7_75t_R)
 -11.33  -11.33   library hold time
         -11.33   data required time
---------------------------------------------------------
         -11.33   data required time
        -443.04   data arrival time
---------------------------------------------------------
         454.37   slack (MET)


Startpoint: _115218_ (rising edge-triggered flip-flop clocked by clk)
Endpoint: _115725_ (rising edge-triggered flip-flop clocked by clk)
Path Group: clk
Path Type: min

  Delay    Time   Description
---------------------------------------------------------
   0.00    0.00   clock clk (rise edge)
   0.00    0.00   clock network delay (ideal)
   0.00    0.00 ^ _115218_/CLK (DFFASRHQNx1_ASAP7_75t_R)
  91.92   91.92 ^ _115218_/QN (DFFASRHQNx1_ASAP7_75t_R)
  26.78  118.70 v _107053_/SN (HAxp5_ASAP7_75t_R)
  42.04  160.74 v _059136_/Y (XOR2x2_ASAP7_75t_R)
  17.01  177.75 ^ _107055_/SN (HAxp5_ASAP7_75t_R)
  21.43  199.18 ^ _079401_/Y (OR4x1_ASAP7_75t_R)
  28.42  227.59 ^ _079410_/Y (OA21x2_ASAP7_75t_R)
  12.54  240.14 v _079411_/Y (NOR2x1_ASAP7_75t_R)
  17.33  257.47 ^ _079413_/Y (OAI21x1_ASAP7_75t_R)
  14.08  271.55 v _079418_/Y (AOI21x1_ASAP7_75t_R)
  17.78  289.34 ^ _079419_/Y (NOR2x1_ASAP7_75t_R)
  26.06  315.39 ^ _079423_/Y (OR3x1_ASAP7_75t_R)
  32.07  347.47 v _079424_/Y (AOI21x1_ASAP7_75t_R)
  27.30  374.76 ^ _079425_/Y (INVx3_ASAP7_75t_R)
  20.10  394.86 v _101000_/Y (NAND2x2_ASAP7_75t_R)
  32.88  427.74 v _101001_/Y (BUFx6f_ASAP7_75t_R)
  15.29  443.04 ^ _101046_/Y (NOR3x1_ASAP7_75t_R)
   0.00  443.04 ^ _115725_/D (DFFASRHQNx1_ASAP7_75t_R)
         443.04   data arrival time

   0.00    0.00   clock clk (rise edge)
   0.00    0.00   clock network delay (ideal)
   0.00    0.00   clock reconvergence pessimism
           0.00 ^ _115725_/CLK (DFFASRHQNx1_ASAP7_75t_R)
 -11.28  -11.28   library hold time
         -11.28   data required time
---------------------------------------------------------
         -11.28   data required time
        -443.04   data arrival time
---------------------------------------------------------
         454.31   slack (MET)


Startpoint: _115218_ (rising edge-triggered flip-flop clocked by clk)
Endpoint: _115726_ (rising edge-triggered flip-flop clocked by clk)
Path Group: clk
Path Type: min

  Delay    Time   Description
---------------------------------------------------------
   0.00    0.00   clock clk (rise edge)
   0.00    0.00   clock network delay (ideal)
   0.00    0.00 ^ _115218_/CLK (DFFASRHQNx1_ASAP7_75t_R)
  91.92   91.92 ^ _115218_/QN (DFFASRHQNx1_ASAP7_75t_R)
  26.78  118.70 v _107053_/SN (HAxp5_ASAP7_75t_R)
  42.04  160.74 v _059136_/Y (XOR2x2_ASAP7_75t_R)
  17.01  177.75 ^ _107055_/SN (HAxp5_ASAP7_75t_R)
  21.43  199.18 ^ _079401_/Y (OR4x1_ASAP7_75t_R)
  28.42  227.59 ^ _079410_/Y (OA21x2_ASAP7_75t_R)
  12.54  240.14 v _079411_/Y (NOR2x1_ASAP7_75t_R)
  17.33  257.47 ^ _079413_/Y (OAI21x1_ASAP7_75t_R)
  14.08  271.55 v _079418_/Y (AOI21x1_ASAP7_75t_R)
  17.78  289.34 ^ _079419_/Y (NOR2x1_ASAP7_75t_R)
  26.06  315.39 ^ _079423_/Y (OR3x1_ASAP7_75t_R)
  32.07  347.47 v _079424_/Y (AOI21x1_ASAP7_75t_R)
  27.30  374.76 ^ _079425_/Y (INVx3_ASAP7_75t_R)
  20.10  394.86 v _101000_/Y (NAND2x2_ASAP7_75t_R)
  32.88  427.74 v _101001_/Y (BUFx6f_ASAP7_75t_R)
  15.29  443.04 ^ _101049_/Y (NOR3x1_ASAP7_75t_R)
   0.00  443.04 ^ _115726_/D (DFFASRHQNx1_ASAP7_75t_R)
         443.04   data arrival time

   0.00    0.00   clock clk (rise edge)
   0.00    0.00   clock network delay (ideal)
   0.00    0.00   clock reconvergence pessimism
           0.00 ^ _115726_/CLK (DFFASRHQNx1_ASAP7_75t_R)
 -11.33  -11.33   library hold time
         -11.33   data required time
---------------------------------------------------------
         -11.33   data required time
        -443.04   data arrival time
---------------------------------------------------------
         454.37   slack (MET)


Startpoint: _115218_ (rising edge-triggered flip-flop clocked by clk)
Endpoint: _115728_ (rising edge-triggered flip-flop clocked by clk)
Path Group: clk
Path Type: min

  Delay    Time   Description
---------------------------------------------------------
   0.00    0.00   clock clk (rise edge)
   0.00    0.00   clock network delay (ideal)
   0.00    0.00 ^ _115218_/CLK (DFFASRHQNx1_ASAP7_75t_R)
  98.19   98.19 v _115218_/QN (DFFASRHQNx1_ASAP7_75t_R)
  36.48  134.67 ^ _107053_/SN (HAxp5_ASAP7_75t_R)
  34.84  169.52 ^ _059136_/Y (XOR2x2_ASAP7_75t_R)
  20.11  189.63 v _107055_/CON (HAxp5_ASAP7_75t_R)
  21.52  211.15 ^ _079407_/Y (OAI21x1_ASAP7_75t_R)
  12.27  223.42 v _079409_/Y (AOI21x1_ASAP7_75t_R)
  22.74  246.15 v _079410_/Y (OA21x2_ASAP7_75t_R)
  13.52  259.67 ^ _079411_/Y (NOR2x1_ASAP7_75t_R)
  14.68  274.35 v _079413_/Y (OAI21x1_ASAP7_75t_R)
  19.23  293.59 ^ _079418_/Y (AOI21x1_ASAP7_75t_R)
  11.96  305.55 v _101005_/Y (NAND2x1_ASAP7_75t_R)
  22.94  328.49 v _101006_/Y (OA21x2_ASAP7_75t_R)
  17.79  346.28 ^ _101007_/Y (NOR2x1_ASAP7_75t_R)
  23.93  370.21 ^ _101017_/Y (OR3x1_ASAP7_75t_R)
  41.68  411.89 ^ _101018_/Y (BUFx2_ASAP7_75t_R)
  26.23  438.11 v _101056_/Y (NOR3x1_ASAP7_75t_R)
   0.00  438.11 v _115728_/D (DFFASRHQNx1_ASAP7_75t_R)
         438.11   data arrival time

   0.00    0.00   clock clk (rise edge)
   0.00    0.00   clock network delay (ideal)
   0.00    0.00   clock reconvergence pessimism
           0.00 ^ _115728_/CLK (DFFASRHQNx1_ASAP7_75t_R)
  15.52   15.52   library hold time
          15.52   data required time
---------------------------------------------------------
          15.52   data required time
        -438.11   data arrival time
---------------------------------------------------------
         422.59   slack (MET)


Startpoint: _115218_ (rising edge-triggered flip-flop clocked by clk)
Endpoint: _115729_ (rising edge-triggered flip-flop clocked by clk)
Path Group: clk
Path Type: min

  Delay    Time   Description
---------------------------------------------------------
   0.00    0.00   clock clk (rise edge)
   0.00    0.00   clock network delay (ideal)
   0.00    0.00 ^ _115218_/CLK (DFFASRHQNx1_ASAP7_75t_R)
  98.19   98.19 v _115218_/QN (DFFASRHQNx1_ASAP7_75t_R)
  36.48  134.67 ^ _107053_/SN (HAxp5_ASAP7_75t_R)
  34.84  169.52 ^ _059136_/Y (XOR2x2_ASAP7_75t_R)
  20.11  189.63 v _107055_/CON (HAxp5_ASAP7_75t_R)
  21.52  211.15 ^ _079407_/Y (OAI21x1_ASAP7_75t_R)
  12.27  223.42 v _079409_/Y (AOI21x1_ASAP7_75t_R)
  22.74  246.15 v _079410_/Y (OA21x2_ASAP7_75t_R)
  13.52  259.67 ^ _079411_/Y (NOR2x1_ASAP7_75t_R)
  14.68  274.35 v _079413_/Y (OAI21x1_ASAP7_75t_R)
  19.23  293.59 ^ _079418_/Y (AOI21x1_ASAP7_75t_R)
  11.96  305.55 v _101005_/Y (NAND2x1_ASAP7_75t_R)
  22.94  328.49 v _101006_/Y (OA21x2_ASAP7_75t_R)
  17.79  346.28 ^ _101007_/Y (NOR2x1_ASAP7_75t_R)
  23.93  370.21 ^ _101017_/Y (OR3x1_ASAP7_75t_R)
  41.68  411.89 ^ _101018_/Y (BUFx2_ASAP7_75t_R)
  26.23  438.11 v _101059_/Y (NOR3x1_ASAP7_75t_R)
   0.00  438.11 v _115729_/D (DFFASRHQNx1_ASAP7_75t_R)
         438.11   data arrival time

   0.00    0.00   clock clk (rise edge)
   0.00    0.00   clock network delay (ideal)
   0.00    0.00   clock reconvergence pessimism
           0.00 ^ _115729_/CLK (DFFASRHQNx1_ASAP7_75t_R)
  15.52   15.52   library hold time
          15.52   data required time
---------------------------------------------------------
          15.52   data required time
        -438.11   data arrival time
---------------------------------------------------------
         422.59   slack (MET)


Startpoint: _115218_ (rising edge-triggered flip-flop clocked by clk)
Endpoint: _115730_ (rising edge-triggered flip-flop clocked by clk)
Path Group: clk
Path Type: min

  Delay    Time   Description
---------------------------------------------------------
   0.00    0.00   clock clk (rise edge)
   0.00    0.00   clock network delay (ideal)
   0.00    0.00 ^ _115218_/CLK (DFFASRHQNx1_ASAP7_75t_R)
  98.19   98.19 v _115218_/QN (DFFASRHQNx1_ASAP7_75t_R)
  36.48  134.67 ^ _107053_/SN (HAxp5_ASAP7_75t_R)
  34.84  169.52 ^ _059136_/Y (XOR2x2_ASAP7_75t_R)
  20.11  189.63 v _107055_/CON (HAxp5_ASAP7_75t_R)
  21.52  211.15 ^ _079407_/Y (OAI21x1_ASAP7_75t_R)
  12.27  223.42 v _079409_/Y (AOI21x1_ASAP7_75t_R)
  22.74  246.15 v _079410_/Y (OA21x2_ASAP7_75t_R)
  13.52  259.67 ^ _079411_/Y (NOR2x1_ASAP7_75t_R)
  14.68  274.35 v _079413_/Y (OAI21x1_ASAP7_75t_R)
  19.23  293.59 ^ _079418_/Y (AOI21x1_ASAP7_75t_R)
  11.96  305.55 v _101005_/Y (NAND2x1_ASAP7_75t_R)
  22.94  328.49 v _101006_/Y (OA21x2_ASAP7_75t_R)
  17.79  346.28 ^ _101007_/Y (NOR2x1_ASAP7_75t_R)
  23.93  370.21 ^ _101017_/Y (OR3x1_ASAP7_75t_R)
  41.68  411.89 ^ _101018_/Y (BUFx2_ASAP7_75t_R)
  26.23  438.11 v _101062_/Y (NOR3x1_ASAP7_75t_R)
   0.00  438.11 v _115730_/D (DFFASRHQNx1_ASAP7_75t_R)
         438.11   data arrival time

   0.00    0.00   clock clk (rise edge)
   0.00    0.00   clock network delay (ideal)
   0.00    0.00   clock reconvergence pessimism
           0.00 ^ _115730_/CLK (DFFASRHQNx1_ASAP7_75t_R)
  15.52   15.52   library hold time
          15.52   data required time
---------------------------------------------------------
          15.52   data required time
        -438.11   data arrival time
---------------------------------------------------------
         422.59   slack (MET)


Startpoint: _115218_ (rising edge-triggered flip-flop clocked by clk)
Endpoint: _115731_ (rising edge-triggered flip-flop clocked by clk)
Path Group: clk
Path Type: min

  Delay    Time   Description
---------------------------------------------------------
   0.00    0.00   clock clk (rise edge)
   0.00    0.00   clock network delay (ideal)
   0.00    0.00 ^ _115218_/CLK (DFFASRHQNx1_ASAP7_75t_R)
  98.19   98.19 v _115218_/QN (DFFASRHQNx1_ASAP7_75t_R)
  36.48  134.67 ^ _107053_/SN (HAxp5_ASAP7_75t_R)
  34.84  169.52 ^ _059136_/Y (XOR2x2_ASAP7_75t_R)
  20.11  189.63 v _107055_/CON (HAxp5_ASAP7_75t_R)
  21.52  211.15 ^ _079407_/Y (OAI21x1_ASAP7_75t_R)
  12.27  223.42 v _079409_/Y (AOI21x1_ASAP7_75t_R)
  22.74  246.15 v _079410_/Y (OA21x2_ASAP7_75t_R)
  13.52  259.67 ^ _079411_/Y (NOR2x1_ASAP7_75t_R)
  14.68  274.35 v _079413_/Y (OAI21x1_ASAP7_75t_R)
  19.23  293.59 ^ _079418_/Y (AOI21x1_ASAP7_75t_R)
  11.96  305.55 v _101005_/Y (NAND2x1_ASAP7_75t_R)
  22.94  328.49 v _101006_/Y (OA21x2_ASAP7_75t_R)
  17.79  346.28 ^ _101007_/Y (NOR2x1_ASAP7_75t_R)
  23.93  370.21 ^ _101017_/Y (OR3x1_ASAP7_75t_R)
  41.68  411.89 ^ _101018_/Y (BUFx2_ASAP7_75t_R)
  26.23  438.11 v _101065_/Y (NOR3x1_ASAP7_75t_R)
   0.00  438.11 v _115731_/D (DFFASRHQNx1_ASAP7_75t_R)
         438.11   data arrival time

   0.00    0.00   clock clk (rise edge)
   0.00    0.00   clock network delay (ideal)
   0.00    0.00   clock reconvergence pessimism
           0.00 ^ _115731_/CLK (DFFASRHQNx1_ASAP7_75t_R)
  15.52   15.52   library hold time
          15.52   data required time
---------------------------------------------------------
          15.52   data required time
        -438.11   data arrival time
---------------------------------------------------------
         422.59   slack (MET)


Startpoint: _115218_ (rising edge-triggered flip-flop clocked by clk)
Endpoint: _115732_ (rising edge-triggered flip-flop clocked by clk)
Path Group: clk
Path Type: min

  Delay    Time   Description
---------------------------------------------------------
   0.00    0.00   clock clk (rise edge)
   0.00    0.00   clock network delay (ideal)
   0.00    0.00 ^ _115218_/CLK (DFFASRHQNx1_ASAP7_75t_R)
  98.19   98.19 v _115218_/QN (DFFASRHQNx1_ASAP7_75t_R)
  36.48  134.67 ^ _107053_/SN (HAxp5_ASAP7_75t_R)
  34.84  169.52 ^ _059136_/Y (XOR2x2_ASAP7_75t_R)
  20.11  189.63 v _107055_/CON (HAxp5_ASAP7_75t_R)
  21.52  211.15 ^ _079407_/Y (OAI21x1_ASAP7_75t_R)
  12.27  223.42 v _079409_/Y (AOI21x1_ASAP7_75t_R)
  22.74  246.15 v _079410_/Y (OA21x2_ASAP7_75t_R)
  13.52  259.67 ^ _079411_/Y (NOR2x1_ASAP7_75t_R)
  14.68  274.35 v _079413_/Y (OAI21x1_ASAP7_75t_R)
  19.23  293.59 ^ _079418_/Y (AOI21x1_ASAP7_75t_R)
  11.96  305.55 v _101005_/Y (NAND2x1_ASAP7_75t_R)
  22.94  328.49 v _101006_/Y (OA21x2_ASAP7_75t_R)
  17.79  346.28 ^ _101007_/Y (NOR2x1_ASAP7_75t_R)
  23.93  370.21 ^ _101017_/Y (OR3x1_ASAP7_75t_R)
  41.68  411.89 ^ _101018_/Y (BUFx2_ASAP7_75t_R)
  26.23  438.11 v _101068_/Y (NOR3x1_ASAP7_75t_R)
   0.00  438.11 v _115732_/D (DFFASRHQNx1_ASAP7_75t_R)
         438.11   data arrival time

   0.00    0.00   clock clk (rise edge)
   0.00    0.00   clock network delay (ideal)
   0.00    0.00   clock reconvergence pessimism
           0.00 ^ _115732_/CLK (DFFASRHQNx1_ASAP7_75t_R)
  15.52   15.52   library hold time
          15.52   data required time
---------------------------------------------------------
          15.52   data required time
        -438.11   data arrival time
---------------------------------------------------------
         422.59   slack (MET)


Startpoint: _115218_ (rising edge-triggered flip-flop clocked by clk)
Endpoint: _115733_ (rising edge-triggered flip-flop clocked by clk)
Path Group: clk
Path Type: min

  Delay    Time   Description
---------------------------------------------------------
   0.00    0.00   clock clk (rise edge)
   0.00    0.00   clock network delay (ideal)
   0.00    0.00 ^ _115218_/CLK (DFFASRHQNx1_ASAP7_75t_R)
  98.19   98.19 v _115218_/QN (DFFASRHQNx1_ASAP7_75t_R)
  36.48  134.67 ^ _107053_/SN (HAxp5_ASAP7_75t_R)
  34.84  169.52 ^ _059136_/Y (XOR2x2_ASAP7_75t_R)
  20.11  189.63 v _107055_/CON (HAxp5_ASAP7_75t_R)
  21.52  211.15 ^ _079407_/Y (OAI21x1_ASAP7_75t_R)
  12.27  223.42 v _079409_/Y (AOI21x1_ASAP7_75t_R)
  22.74  246.15 v _079410_/Y (OA21x2_ASAP7_75t_R)
  13.52  259.67 ^ _079411_/Y (NOR2x1_ASAP7_75t_R)
  14.68  274.35 v _079413_/Y (OAI21x1_ASAP7_75t_R)
  19.23  293.59 ^ _079418_/Y (AOI21x1_ASAP7_75t_R)
  11.96  305.55 v _101005_/Y (NAND2x1_ASAP7_75t_R)
  22.94  328.49 v _101006_/Y (OA21x2_ASAP7_75t_R)
  17.79  346.28 ^ _101007_/Y (NOR2x1_ASAP7_75t_R)
  23.93  370.21 ^ _101017_/Y (OR3x1_ASAP7_75t_R)
  41.68  411.89 ^ _101018_/Y (BUFx2_ASAP7_75t_R)
  26.23  438.11 v _101071_/Y (NOR3x1_ASAP7_75t_R)
   0.00  438.11 v _115733_/D (DFFASRHQNx1_ASAP7_75t_R)
         438.11   data arrival time

   0.00    0.00   clock clk (rise edge)
   0.00    0.00   clock network delay (ideal)
   0.00    0.00   clock reconvergence pessimism
           0.00 ^ _115733_/CLK (DFFASRHQNx1_ASAP7_75t_R)
  15.52   15.52   library hold time
          15.52   data required time
---------------------------------------------------------
          15.52   data required time
        -438.11   data arrival time
---------------------------------------------------------
         422.59   slack (MET)


Startpoint: _115218_ (rising edge-triggered flip-flop clocked by clk)
Endpoint: _115740_ (rising edge-triggered flip-flop clocked by clk)
Path Group: clk
Path Type: min

  Delay    Time   Description
---------------------------------------------------------
   0.00    0.00   clock clk (rise edge)
   0.00    0.00   clock network delay (ideal)
   0.00    0.00 ^ _115218_/CLK (DFFASRHQNx1_ASAP7_75t_R)
  91.92   91.92 ^ _115218_/QN (DFFASRHQNx1_ASAP7_75t_R)
  26.78  118.70 v _107053_/SN (HAxp5_ASAP7_75t_R)
  42.04  160.74 v _059136_/Y (XOR2x2_ASAP7_75t_R)
  17.01  177.75 ^ _107055_/SN (HAxp5_ASAP7_75t_R)
  21.43  199.18 ^ _079401_/Y (OR4x1_ASAP7_75t_R)
  28.42  227.59 ^ _079410_/Y (OA21x2_ASAP7_75t_R)
  12.54  240.14 v _079411_/Y (NOR2x1_ASAP7_75t_R)
  17.33  257.47 ^ _079413_/Y (OAI21x1_ASAP7_75t_R)
  14.08  271.55 v _079418_/Y (AOI21x1_ASAP7_75t_R)
  17.78  289.34 ^ _079419_/Y (NOR2x1_ASAP7_75t_R)
  26.06  315.39 ^ _079423_/Y (OR3x1_ASAP7_75t_R)
  32.07  347.47 v _079424_/Y (AOI21x1_ASAP7_75t_R)
  27.30  374.76 ^ _079425_/Y (INVx3_ASAP7_75t_R)
  20.10  394.86 v _101000_/Y (NAND2x2_ASAP7_75t_R)
  32.68  427.54 v _101050_/Y (BUFx6f_ASAP7_75t_R)
  15.93  443.47 ^ _101099_/Y (AOI211x1_ASAP7_75t_R)
   0.00  443.47 ^ _115740_/D (DFFASRHQNx1_ASAP7_75t_R)
         443.47   data arrival time

   0.00    0.00   clock clk (rise edge)
   0.00    0.00   clock network delay (ideal)
   0.00    0.00   clock reconvergence pessimism
           0.00 ^ _115740_/CLK (DFFASRHQNx1_ASAP7_75t_R)
 -11.77  -11.77   library hold time
         -11.77   data required time
---------------------------------------------------------
         -11.77   data required time
        -443.47   data arrival time
---------------------------------------------------------
         455.25   slack (MET)


Startpoint: _115218_ (rising edge-triggered flip-flop clocked by clk)
Endpoint: _115738_ (rising edge-triggered flip-flop clocked by clk)
Path Group: clk
Path Type: min

  Delay    Time   Description
---------------------------------------------------------
   0.00    0.00   clock clk (rise edge)
   0.00    0.00   clock network delay (ideal)
   0.00    0.00 ^ _115218_/CLK (DFFASRHQNx1_ASAP7_75t_R)
  91.92   91.92 ^ _115218_/QN (DFFASRHQNx1_ASAP7_75t_R)
  26.78  118.70 v _107053_/SN (HAxp5_ASAP7_75t_R)
  42.04  160.74 v _059136_/Y (XOR2x2_ASAP7_75t_R)
  17.01  177.75 ^ _107055_/SN (HAxp5_ASAP7_75t_R)
  21.43  199.18 ^ _079401_/Y (OR4x1_ASAP7_75t_R)
  28.42  227.59 ^ _079410_/Y (OA21x2_ASAP7_75t_R)
  12.54  240.14 v _079411_/Y (NOR2x1_ASAP7_75t_R)
  17.33  257.47 ^ _079413_/Y (OAI21x1_ASAP7_75t_R)
  14.08  271.55 v _079418_/Y (AOI21x1_ASAP7_75t_R)
  17.78  289.34 ^ _079419_/Y (NOR2x1_ASAP7_75t_R)
  26.06  315.39 ^ _079423_/Y (OR3x1_ASAP7_75t_R)
  32.07  347.47 v _079424_/Y (AOI21x1_ASAP7_75t_R)
  27.30  374.76 ^ _079425_/Y (INVx3_ASAP7_75t_R)
  20.10  394.86 v _101000_/Y (NAND2x2_ASAP7_75t_R)
  32.68  427.54 v _101050_/Y (BUFx6f_ASAP7_75t_R)
  15.21  442.75 ^ _101096_/Y (NOR3x1_ASAP7_75t_R)
   0.00  442.75 ^ _115738_/D (DFFASRHQNx1_ASAP7_75t_R)
         442.75   data arrival time

   0.00    0.00   clock clk (rise edge)
   0.00    0.00   clock network delay (ideal)
   0.00    0.00   clock reconvergence pessimism
           0.00 ^ _115738_/CLK (DFFASRHQNx1_ASAP7_75t_R)
 -11.36  -11.36   library hold time
         -11.36   data required time
---------------------------------------------------------
         -11.36   data required time
        -442.75   data arrival time
---------------------------------------------------------
         454.11   slack (MET)


Startpoint: _115218_ (rising edge-triggered flip-flop clocked by clk)
Endpoint: _115727_ (rising edge-triggered flip-flop clocked by clk)
Path Group: clk
Path Type: min

  Delay    Time   Description
---------------------------------------------------------
   0.00    0.00   clock clk (rise edge)
   0.00    0.00   clock network delay (ideal)
   0.00    0.00 ^ _115218_/CLK (DFFASRHQNx1_ASAP7_75t_R)
  91.92   91.92 ^ _115218_/QN (DFFASRHQNx1_ASAP7_75t_R)
  26.78  118.70 v _107053_/SN (HAxp5_ASAP7_75t_R)
  42.04  160.74 v _059136_/Y (XOR2x2_ASAP7_75t_R)
  17.01  177.75 ^ _107055_/SN (HAxp5_ASAP7_75t_R)
  21.43  199.18 ^ _079401_/Y (OR4x1_ASAP7_75t_R)
  28.42  227.59 ^ _079410_/Y (OA21x2_ASAP7_75t_R)
  12.54  240.14 v _079411_/Y (NOR2x1_ASAP7_75t_R)
  17.33  257.47 ^ _079413_/Y (OAI21x1_ASAP7_75t_R)
  14.08  271.55 v _079418_/Y (AOI21x1_ASAP7_75t_R)
  17.78  289.34 ^ _079419_/Y (NOR2x1_ASAP7_75t_R)
  26.06  315.39 ^ _079423_/Y (OR3x1_ASAP7_75t_R)
  32.07  347.47 v _079424_/Y (AOI21x1_ASAP7_75t_R)
  27.30  374.76 ^ _079425_/Y (INVx3_ASAP7_75t_R)
  20.10  394.86 v _101000_/Y (NAND2x2_ASAP7_75t_R)
  32.68  427.54 v _101050_/Y (BUFx6f_ASAP7_75t_R)
  15.21  442.75 ^ _101053_/Y (NOR3x1_ASAP7_75t_R)
   0.00  442.75 ^ _115727_/D (DFFASRHQNx1_ASAP7_75t_R)
         442.75   data arrival time

   0.00    0.00   clock clk (rise edge)
   0.00    0.00   clock network delay (ideal)
   0.00    0.00   clock reconvergence pessimism
           0.00 ^ _115727_/CLK (DFFASRHQNx1_ASAP7_75t_R)
 -11.28  -11.28   library hold time
         -11.28   data required time
---------------------------------------------------------
         -11.28   data required time
        -442.75   data arrival time
---------------------------------------------------------
         454.02   slack (MET)


Startpoint: _115218_ (rising edge-triggered flip-flop clocked by clk)
Endpoint: _117569_ (rising edge-triggered flip-flop clocked by clk)
Path Group: clk
Path Type: min

  Delay    Time   Description
---------------------------------------------------------
   0.00    0.00   clock clk (rise edge)
   0.00    0.00   clock network delay (ideal)
   0.00    0.00 ^ _115218_/CLK (DFFASRHQNx1_ASAP7_75t_R)
  91.92   91.92 ^ _115218_/QN (DFFASRHQNx1_ASAP7_75t_R)
  26.78  118.70 v _107053_/SN (HAxp5_ASAP7_75t_R)
  42.04  160.74 v _059136_/Y (XOR2x2_ASAP7_75t_R)
  17.01  177.75 ^ _107055_/SN (HAxp5_ASAP7_75t_R)
  21.43  199.18 ^ _079401_/Y (OR4x1_ASAP7_75t_R)
  28.42  227.59 ^ _079410_/Y (OA21x2_ASAP7_75t_R)
  12.54  240.14 v _079411_/Y (NOR2x1_ASAP7_75t_R)
  17.33  257.47 ^ _079413_/Y (OAI21x1_ASAP7_75t_R)
  14.08  271.55 v _079418_/Y (AOI21x1_ASAP7_75t_R)
  17.78  289.34 ^ _079419_/Y (NOR2x1_ASAP7_75t_R)
  26.06  315.39 ^ _079423_/Y (OR3x1_ASAP7_75t_R)
  32.07  347.47 v _079424_/Y (AOI21x1_ASAP7_75t_R)
  27.30  374.76 ^ _079425_/Y (INVx3_ASAP7_75t_R)
  20.10  394.86 v _101000_/Y (NAND2x2_ASAP7_75t_R)
  32.88  427.74 v _101001_/Y (BUFx6f_ASAP7_75t_R)
  13.01  440.76 ^ _106985_/Y (AOI21x1_ASAP7_75t_R)
   0.00  440.76 ^ _117569_/D (DFFASRHQNx1_ASAP7_75t_R)
         440.76   data arrival time

   0.00    0.00   clock clk (rise edge)
   0.00    0.00   clock network delay (ideal)
   0.00    0.00   clock reconvergence pessimism
           0.00 ^ _117569_/CLK (DFFASRHQNx1_ASAP7_75t_R)
 -10.10  -10.10   library hold time
         -10.10   data required time
---------------------------------------------------------
         -10.10   data required time
        -440.76   data arrival time
---------------------------------------------------------
         450.85   slack (MET)


Startpoint: _115218_ (rising edge-triggered flip-flop clocked by clk)
Endpoint: _115739_ (rising edge-triggered flip-flop clocked by clk)
Path Group: clk
Path Type: min

  Delay    Time   Description
---------------------------------------------------------
   0.00    0.00   clock clk (rise edge)
   0.00    0.00   clock network delay (ideal)
   0.00    0.00 ^ _115218_/CLK (DFFASRHQNx1_ASAP7_75t_R)
  91.92   91.92 ^ _115218_/QN (DFFASRHQNx1_ASAP7_75t_R)
  26.78  118.70 v _107053_/SN (HAxp5_ASAP7_75t_R)
  42.04  160.74 v _059136_/Y (XOR2x2_ASAP7_75t_R)
  17.01  177.75 ^ _107055_/SN (HAxp5_ASAP7_75t_R)
  21.43  199.18 ^ _079401_/Y (OR4x1_ASAP7_75t_R)
  28.42  227.59 ^ _079410_/Y (OA21x2_ASAP7_75t_R)
  12.54  240.14 v _079411_/Y (NOR2x1_ASAP7_75t_R)
  17.33  257.47 ^ _079413_/Y (OAI21x1_ASAP7_75t_R)
  14.08  271.55 v _079418_/Y (AOI21x1_ASAP7_75t_R)
  17.78  289.34 ^ _079419_/Y (NOR2x1_ASAP7_75t_R)
  26.06  315.39 ^ _079423_/Y (OR3x1_ASAP7_75t_R)
  32.07  347.47 v _079424_/Y (AOI21x1_ASAP7_75t_R)
  27.30  374.76 ^ _079425_/Y (INVx3_ASAP7_75t_R)
  20.10  394.86 v _101000_/Y (NAND2x2_ASAP7_75t_R)
  36.22  431.08 v _101098_/Y (OA21x2_ASAP7_75t_R)
   0.00  431.08 v _115739_/D (DFFASRHQNx1_ASAP7_75t_R)
         431.08   data arrival time

   0.00    0.00   clock clk (rise edge)
   0.00    0.00   clock network delay (ideal)
   0.00    0.00   clock reconvergence pessimism
           0.00 ^ _115739_/CLK (DFFASRHQNx1_ASAP7_75t_R)
  16.58   16.58   library hold time
          16.58   data required time
---------------------------------------------------------
          16.58   data required time
        -431.08   data arrival time
---------------------------------------------------------
         414.49   slack (MET)


Startpoint: _115218_ (rising edge-triggered flip-flop clocked by clk)
Endpoint: _115792_ (rising edge-triggered flip-flop clocked by clk)
Path Group: clk
Path Type: min

  Delay    Time   Description
---------------------------------------------------------
   0.00    0.00   clock clk (rise edge)
   0.00    0.00   clock network delay (ideal)
   0.00    0.00 ^ _115218_/CLK (DFFASRHQNx1_ASAP7_75t_R)
  91.92   91.92 ^ _115218_/QN (DFFASRHQNx1_ASAP7_75t_R)
  26.78  118.70 v _107053_/SN (HAxp5_ASAP7_75t_R)
  42.04  160.74 v _059136_/Y (XOR2x2_ASAP7_75t_R)
  17.01  177.75 ^ _107055_/SN (HAxp5_ASAP7_75t_R)
  21.43  199.18 ^ _079401_/Y (OR4x1_ASAP7_75t_R)
  28.42  227.59 ^ _079410_/Y (OA21x2_ASAP7_75t_R)
  12.54  240.14 v _079411_/Y (NOR2x1_ASAP7_75t_R)
  17.33  257.47 ^ _079413_/Y (OAI21x1_ASAP7_75t_R)
  14.08  271.55 v _079418_/Y (AOI21x1_ASAP7_75t_R)
  17.78  289.34 ^ _079419_/Y (NOR2x1_ASAP7_75t_R)
  26.06  315.39 ^ _079423_/Y (OR3x1_ASAP7_75t_R)
  32.07  347.47 v _079424_/Y (AOI21x1_ASAP7_75t_R)
  27.30  374.76 ^ _079425_/Y (INVx3_ASAP7_75t_R)
  26.43  401.19 v _079455_/Y (NAND3x2_ASAP7_75t_R)
   0.00  401.19 v _115792_/D (DFFASRHQNx1_ASAP7_75t_R)
         401.19   data arrival time

   0.00    0.00   clock clk (rise edge)
   0.00    0.00   clock network delay (ideal)
   0.00    0.00   clock reconvergence pessimism
           0.00 ^ _115792_/CLK (DFFASRHQNx1_ASAP7_75t_R)
  12.98   12.98   library hold time
          12.98   data required time
---------------------------------------------------------
          12.98   data required time
        -401.19   data arrival time
---------------------------------------------------------
         388.21   slack (MET)


Startpoint: _115218_ (rising edge-triggered flip-flop clocked by clk)
Endpoint: _117839_ (rising edge-triggered flip-flop clocked by clk)
Path Group: clk
Path Type: min

  Delay    Time   Description
---------------------------------------------------------
   0.00    0.00   clock clk (rise edge)
   0.00    0.00   clock network delay (ideal)
   0.00    0.00 ^ _115218_/CLK (DFFASRHQNx1_ASAP7_75t_R)
  91.92   91.92 ^ _115218_/QN (DFFASRHQNx1_ASAP7_75t_R)
  26.78  118.70 v _107053_/SN (HAxp5_ASAP7_75t_R)
  42.04  160.74 v _059136_/Y (XOR2x2_ASAP7_75t_R)
  17.01  177.75 ^ _107055_/SN (HAxp5_ASAP7_75t_R)
  21.43  199.18 ^ _079401_/Y (OR4x1_ASAP7_75t_R)
  28.42  227.59 ^ _079410_/Y (OA21x2_ASAP7_75t_R)
  12.54  240.14 v _079411_/Y (NOR2x1_ASAP7_75t_R)
  17.33  257.47 ^ _079413_/Y (OAI21x1_ASAP7_75t_R)
  14.08  271.55 v _079418_/Y (AOI21x1_ASAP7_75t_R)
  17.78  289.34 ^ _079419_/Y (NOR2x1_ASAP7_75t_R)
  26.06  315.39 ^ _079423_/Y (OR3x1_ASAP7_75t_R)
  32.07  347.47 v _079424_/Y (AOI21x1_ASAP7_75t_R)
  26.68  374.14 ^ _106798_/Y (OAI21x1_ASAP7_75t_R)
  11.80  385.95 v _106799_/Y (OAI21x1_ASAP7_75t_R)
   0.00  385.95 v _117839_/D (DFFASRHQNx1_ASAP7_75t_R)
         385.95   data arrival time

   0.00    0.00   clock clk (rise edge)
   0.00    0.00   clock network delay (ideal)
   0.00    0.00   clock reconvergence pessimism
           0.00 ^ _117839_/CLK (DFFASRHQNx1_ASAP7_75t_R)
  15.94   15.94   library hold time
          15.94   data required time
---------------------------------------------------------
          15.94   data required time
        -385.95   data arrival time
---------------------------------------------------------
         370.00   slack (MET)


Startpoint: _115218_ (rising edge-triggered flip-flop clocked by clk)
Endpoint: _117840_ (rising edge-triggered flip-flop clocked by clk)
Path Group: clk
Path Type: min

  Delay    Time   Description
---------------------------------------------------------
   0.00    0.00   clock clk (rise edge)
   0.00    0.00   clock network delay (ideal)
   0.00    0.00 ^ _115218_/CLK (DFFASRHQNx1_ASAP7_75t_R)
  91.92   91.92 ^ _115218_/QN (DFFASRHQNx1_ASAP7_75t_R)
  26.78  118.70 v _107053_/SN (HAxp5_ASAP7_75t_R)
  42.04  160.74 v _059136_/Y (XOR2x2_ASAP7_75t_R)
  17.01  177.75 ^ _107055_/SN (HAxp5_ASAP7_75t_R)
  21.43  199.18 ^ _079401_/Y (OR4x1_ASAP7_75t_R)
  28.42  227.59 ^ _079410_/Y (OA21x2_ASAP7_75t_R)
  12.54  240.14 v _079411_/Y (NOR2x1_ASAP7_75t_R)
  17.33  257.47 ^ _079413_/Y (OAI21x1_ASAP7_75t_R)
  14.08  271.55 v _079418_/Y (AOI21x1_ASAP7_75t_R)
  17.78  289.34 ^ _079419_/Y (NOR2x1_ASAP7_75t_R)
  26.06  315.39 ^ _079423_/Y (OR3x1_ASAP7_75t_R)
  32.07  347.47 v _079424_/Y (AOI21x1_ASAP7_75t_R)
  26.68  374.14 ^ _106800_/Y (OAI21x1_ASAP7_75t_R)
  11.71  385.85 v _106801_/Y (OAI21x1_ASAP7_75t_R)
   0.00  385.85 v _117840_/D (DFFASRHQNx1_ASAP7_75t_R)
         385.85   data arrival time

   0.00    0.00   clock clk (rise edge)
   0.00    0.00   clock network delay (ideal)
   0.00    0.00   clock reconvergence pessimism
           0.00 ^ _117840_/CLK (DFFASRHQNx1_ASAP7_75t_R)
  15.97   15.97   library hold time
          15.97   data required time
---------------------------------------------------------
          15.97   data required time
        -385.85   data arrival time
---------------------------------------------------------
         369.88   slack (MET)


Startpoint: _115218_ (rising edge-triggered flip-flop clocked by clk)
Endpoint: _117841_ (rising edge-triggered flip-flop clocked by clk)
Path Group: clk
Path Type: min

  Delay    Time   Description
---------------------------------------------------------
   0.00    0.00   clock clk (rise edge)
   0.00    0.00   clock network delay (ideal)
   0.00    0.00 ^ _115218_/CLK (DFFASRHQNx1_ASAP7_75t_R)
  91.92   91.92 ^ _115218_/QN (DFFASRHQNx1_ASAP7_75t_R)
  26.78  118.70 v _107053_/SN (HAxp5_ASAP7_75t_R)
  42.04  160.74 v _059136_/Y (XOR2x2_ASAP7_75t_R)
  17.01  177.75 ^ _107055_/SN (HAxp5_ASAP7_75t_R)
  21.43  199.18 ^ _079401_/Y (OR4x1_ASAP7_75t_R)
  28.42  227.59 ^ _079410_/Y (OA21x2_ASAP7_75t_R)
  12.54  240.14 v _079411_/Y (NOR2x1_ASAP7_75t_R)
  17.33  257.47 ^ _079413_/Y (OAI21x1_ASAP7_75t_R)
  14.08  271.55 v _079418_/Y (AOI21x1_ASAP7_75t_R)
  17.78  289.34 ^ _079419_/Y (NOR2x1_ASAP7_75t_R)
  26.06  315.39 ^ _079423_/Y (OR3x1_ASAP7_75t_R)
  32.07  347.47 v _079424_/Y (AOI21x1_ASAP7_75t_R)
  26.68  374.14 ^ _106802_/Y (OAI21x1_ASAP7_75t_R)
  11.92  386.06 v _106803_/Y (OAI21x1_ASAP7_75t_R)
   0.00  386.06 v _117841_/D (DFFASRHQNx1_ASAP7_75t_R)
         386.06   data arrival time

   0.00    0.00   clock clk (rise edge)
   0.00    0.00   clock network delay (ideal)
   0.00    0.00   clock reconvergence pessimism
           0.00 ^ _117841_/CLK (DFFASRHQNx1_ASAP7_75t_R)
  15.91   15.91   library hold time
          15.91   data required time
---------------------------------------------------------
          15.91   data required time
        -386.06   data arrival time
---------------------------------------------------------
         370.15   slack (MET)


Startpoint: _115218_ (rising edge-triggered flip-flop clocked by clk)
Endpoint: _117842_ (rising edge-triggered flip-flop clocked by clk)
Path Group: clk
Path Type: min

  Delay    Time   Description
---------------------------------------------------------
   0.00    0.00   clock clk (rise edge)
   0.00    0.00   clock network delay (ideal)
   0.00    0.00 ^ _115218_/CLK (DFFASRHQNx1_ASAP7_75t_R)
  91.92   91.92 ^ _115218_/QN (DFFASRHQNx1_ASAP7_75t_R)
  26.78  118.70 v _107053_/SN (HAxp5_ASAP7_75t_R)
  42.04  160.74 v _059136_/Y (XOR2x2_ASAP7_75t_R)
  17.01  177.75 ^ _107055_/SN (HAxp5_ASAP7_75t_R)
  21.43  199.18 ^ _079401_/Y (OR4x1_ASAP7_75t_R)
  28.42  227.59 ^ _079410_/Y (OA21x2_ASAP7_75t_R)
  12.54  240.14 v _079411_/Y (NOR2x1_ASAP7_75t_R)
  17.33  257.47 ^ _079413_/Y (OAI21x1_ASAP7_75t_R)
  14.08  271.55 v _079418_/Y (AOI21x1_ASAP7_75t_R)
  17.78  289.34 ^ _079419_/Y (NOR2x1_ASAP7_75t_R)
  26.06  315.39 ^ _079423_/Y (OR3x1_ASAP7_75t_R)
  32.07  347.47 v _079424_/Y (AOI21x1_ASAP7_75t_R)
  26.68  374.14 ^ _106804_/Y (OAI21x1_ASAP7_75t_R)
  12.13  386.27 v _106805_/Y (OAI21x1_ASAP7_75t_R)
   0.00  386.27 v _117842_/D (DFFASRHQNx1_ASAP7_75t_R)
         386.27   data arrival time

   0.00    0.00   clock clk (rise edge)
   0.00    0.00   clock network delay (ideal)
   0.00    0.00   clock reconvergence pessimism
           0.00 ^ _117842_/CLK (DFFASRHQNx1_ASAP7_75t_R)
  15.84   15.84   library hold time
          15.84   data required time
---------------------------------------------------------
          15.84   data required time
        -386.27   data arrival time
---------------------------------------------------------
         370.43   slack (MET)


Startpoint: _115218_ (rising edge-triggered flip-flop clocked by clk)
Endpoint: _117843_ (rising edge-triggered flip-flop clocked by clk)
Path Group: clk
Path Type: min

  Delay    Time   Description
---------------------------------------------------------
   0.00    0.00   clock clk (rise edge)
   0.00    0.00   clock network delay (ideal)
   0.00    0.00 ^ _115218_/CLK (DFFASRHQNx1_ASAP7_75t_R)
  91.92   91.92 ^ _115218_/QN (DFFASRHQNx1_ASAP7_75t_R)
  26.78  118.70 v _107053_/SN (HAxp5_ASAP7_75t_R)
  42.04  160.74 v _059136_/Y (XOR2x2_ASAP7_75t_R)
  17.01  177.75 ^ _107055_/SN (HAxp5_ASAP7_75t_R)
  21.43  199.18 ^ _079401_/Y (OR4x1_ASAP7_75t_R)
  28.42  227.59 ^ _079410_/Y (OA21x2_ASAP7_75t_R)
  12.54  240.14 v _079411_/Y (NOR2x1_ASAP7_75t_R)
  17.33  257.47 ^ _079413_/Y (OAI21x1_ASAP7_75t_R)
  14.08  271.55 v _079418_/Y (AOI21x1_ASAP7_75t_R)
  17.78  289.34 ^ _079419_/Y (NOR2x1_ASAP7_75t_R)
  26.06  315.39 ^ _079423_/Y (OR3x1_ASAP7_75t_R)
  32.07  347.47 v _079424_/Y (AOI21x1_ASAP7_75t_R)
  27.30  374.76 ^ _079425_/Y (INVx3_ASAP7_75t_R)
  26.43  401.19 v _079455_/Y (NAND3x2_ASAP7_75t_R)
  19.40  420.59 ^ _106806_/Y (OAI21x1_ASAP7_75t_R)
   0.00  420.59 ^ _117843_/D (DFFASRHQNx1_ASAP7_75t_R)
         420.59   data arrival time

   0.00    0.00   clock clk (rise edge)
   0.00    0.00   clock network delay (ideal)
   0.00    0.00   clock reconvergence pessimism
           0.00 ^ _117843_/CLK (DFFASRHQNx1_ASAP7_75t_R)
  -9.77   -9.77   library hold time
          -9.77   data required time
---------------------------------------------------------
          -9.77   data required time
        -420.59   data arrival time
---------------------------------------------------------
         430.36   slack (MET)


Startpoint: _115218_ (rising edge-triggered flip-flop clocked by clk)
Endpoint: _117844_ (rising edge-triggered flip-flop clocked by clk)
Path Group: clk
Path Type: min

  Delay    Time   Description
---------------------------------------------------------
   0.00    0.00   clock clk (rise edge)
   0.00    0.00   clock network delay (ideal)
   0.00    0.00 ^ _115218_/CLK (DFFASRHQNx1_ASAP7_75t_R)
  91.92   91.92 ^ _115218_/QN (DFFASRHQNx1_ASAP7_75t_R)
  26.78  118.70 v _107053_/SN (HAxp5_ASAP7_75t_R)
  42.04  160.74 v _059136_/Y (XOR2x2_ASAP7_75t_R)
  17.01  177.75 ^ _107055_/SN (HAxp5_ASAP7_75t_R)
  21.43  199.18 ^ _079401_/Y (OR4x1_ASAP7_75t_R)
  28.42  227.59 ^ _079410_/Y (OA21x2_ASAP7_75t_R)
  12.54  240.14 v _079411_/Y (NOR2x1_ASAP7_75t_R)
  17.33  257.47 ^ _079413_/Y (OAI21x1_ASAP7_75t_R)
  14.08  271.55 v _079418_/Y (AOI21x1_ASAP7_75t_R)
  17.78  289.34 ^ _079419_/Y (NOR2x1_ASAP7_75t_R)
  26.06  315.39 ^ _079423_/Y (OR3x1_ASAP7_75t_R)
  32.07  347.47 v _079424_/Y (AOI21x1_ASAP7_75t_R)
  27.30  374.76 ^ _079425_/Y (INVx3_ASAP7_75t_R)
  26.43  401.19 v _079455_/Y (NAND3x2_ASAP7_75t_R)
  19.40  420.59 ^ _106807_/Y (OAI21x1_ASAP7_75t_R)
   0.00  420.59 ^ _117844_/D (DFFASRHQNx1_ASAP7_75t_R)
         420.59   data arrival time

   0.00    0.00   clock clk (rise edge)
   0.00    0.00   clock network delay (ideal)
   0.00    0.00   clock reconvergence pessimism
           0.00 ^ _117844_/CLK (DFFASRHQNx1_ASAP7_75t_R)
  -9.44   -9.44   library hold time
          -9.44   data required time
---------------------------------------------------------
          -9.44   data required time
        -420.59   data arrival time
---------------------------------------------------------
         430.03   slack (MET)


Startpoint: _115218_ (rising edge-triggered flip-flop clocked by clk)
Endpoint: _115742_ (rising edge-triggered flip-flop clocked by clk)
Path Group: clk
Path Type: min

  Delay    Time   Description
---------------------------------------------------------
   0.00    0.00   clock clk (rise edge)
   0.00    0.00   clock network delay (ideal)
   0.00    0.00 ^ _115218_/CLK (DFFASRHQNx1_ASAP7_75t_R)
  91.92   91.92 ^ _115218_/QN (DFFASRHQNx1_ASAP7_75t_R)
  26.78  118.70 v _107053_/SN (HAxp5_ASAP7_75t_R)
  42.04  160.74 v _059136_/Y (XOR2x2_ASAP7_75t_R)
  17.01  177.75 ^ _107055_/SN (HAxp5_ASAP7_75t_R)
  21.43  199.18 ^ _079401_/Y (OR4x1_ASAP7_75t_R)
  28.42  227.59 ^ _079410_/Y (OA21x2_ASAP7_75t_R)
  12.54  240.14 v _079411_/Y (NOR2x1_ASAP7_75t_R)
  17.33  257.47 ^ _079413_/Y (OAI21x1_ASAP7_75t_R)
  14.08  271.55 v _079418_/Y (AOI21x1_ASAP7_75t_R)
  13.10  284.65 ^ _101005_/Y (NAND2x1_ASAP7_75t_R)
  25.00  309.65 ^ _101006_/Y (OA21x2_ASAP7_75t_R)
  15.82  325.47 v _101007_/Y (NOR2x1_ASAP7_75t_R)
  14.10  339.57 ^ _101102_/Y (INVx1_ASAP7_75t_R)
  21.42  360.99 v _101103_/Y (AOI211x1_ASAP7_75t_R)
   0.00  360.99 v _115742_/D (DFFASRHQNx1_ASAP7_75t_R)
         360.99   data arrival time

   0.00    0.00   clock clk (rise edge)
   0.00    0.00   clock network delay (ideal)
   0.00    0.00   clock reconvergence pessimism
           0.00 ^ _115742_/CLK (DFFASRHQNx1_ASAP7_75t_R)
  15.64   15.64   library hold time
          15.64   data required time
---------------------------------------------------------
          15.64   data required time
        -360.99   data arrival time
---------------------------------------------------------
         345.34   slack (MET)


Startpoint: _115946_ (rising edge-triggered flip-flop clocked by clk)
Endpoint: _115562_ (rising edge-triggered flip-flop clocked by clk)
Path Group: clk
Path Type: min

  Delay    Time   Description
---------------------------------------------------------
   0.00    0.00   clock clk (rise edge)
   0.00    0.00   clock network delay (ideal)
   0.00    0.00 ^ _115946_/CLK (DFFASRHQNx1_ASAP7_75t_R)
  98.84   98.84 ^ _115946_/QN (DFFASRHQNx1_ASAP7_75t_R)
  33.20  132.04 v _058956_/Y (INVx1_ASAP7_75t_R)
  36.21  168.25 v _079714_/Y (AO21x1_ASAP7_75t_R)
  33.72  201.97 v _079715_/Y (BUFx2_ASAP7_75t_R)
  30.72  232.69 ^ _107099_/SN (HAxp5_ASAP7_75t_R)
  25.99  258.68 ^ _099780_/Y (OR4x1_ASAP7_75t_R)
  22.82  281.50 ^ _099781_/Y (OR3x1_ASAP7_75t_R)
  13.48  294.98 v _099800_/Y (AOI21x1_ASAP7_75t_R)
  16.94  311.92 ^ _099801_/Y (NAND2x1_ASAP7_75t_R)
  20.21  332.13 v _100574_/Y (INVx1_ASAP7_75t_R)
  44.77  376.90 v _100579_/Y (BUFx2_ASAP7_75t_R)
  19.67  396.57 ^ _100597_/Y (AOI21x1_ASAP7_75t_R)
  10.32  406.89 v _100598_/Y (NAND2x1_ASAP7_75t_R)
   0.00  406.89 v _115562_/D (DFFASRHQNx1_ASAP7_75t_R)
         406.89   data arrival time

   0.00    0.00   clock clk (rise edge)
   0.00    0.00   clock network delay (ideal)
   0.00    0.00   clock reconvergence pessimism
           0.00 ^ _115562_/CLK (DFFASRHQNx1_ASAP7_75t_R)
  16.32   16.32   library hold time
          16.32   data required time
---------------------------------------------------------
          16.32   data required time
        -406.89   data arrival time
---------------------------------------------------------
         390.57   slack (MET)


Startpoint: _115946_ (rising edge-triggered flip-flop clocked by clk)
Endpoint: _115572_ (rising edge-triggered flip-flop clocked by clk)
Path Group: clk
Path Type: min

  Delay    Time   Description
---------------------------------------------------------
   0.00    0.00   clock clk (rise edge)
   0.00    0.00   clock network delay (ideal)
   0.00    0.00 ^ _115946_/CLK (DFFASRHQNx1_ASAP7_75t_R)
  98.84   98.84 ^ _115946_/QN (DFFASRHQNx1_ASAP7_75t_R)
  33.20  132.04 v _058956_/Y (INVx1_ASAP7_75t_R)
  36.21  168.25 v _079714_/Y (AO21x1_ASAP7_75t_R)
  33.72  201.97 v _079715_/Y (BUFx2_ASAP7_75t_R)
  30.72  232.69 ^ _107099_/SN (HAxp5_ASAP7_75t_R)
  25.99  258.68 ^ _099780_/Y (OR4x1_ASAP7_75t_R)
  22.82  281.50 ^ _099781_/Y (OR3x1_ASAP7_75t_R)
  13.48  294.98 v _099800_/Y (AOI21x1_ASAP7_75t_R)
  16.94  311.92 ^ _099801_/Y (NAND2x1_ASAP7_75t_R)
  20.21  332.13 v _100574_/Y (INVx1_ASAP7_75t_R)
  38.98  371.11 ^ _100575_/Y (NOR2x1_ASAP7_75t_R)
  19.06  390.17 v _100641_/Y (OAI21x1_ASAP7_75t_R)
   0.00  390.17 v _115572_/D (DFFASRHQNx1_ASAP7_75t_R)
         390.17   data arrival time

   0.00    0.00   clock clk (rise edge)
   0.00    0.00   clock network delay (ideal)
   0.00    0.00   clock reconvergence pessimism
           0.00 ^ _115572_/CLK (DFFASRHQNx1_ASAP7_75t_R)
  16.18   16.18   library hold time
          16.18   data required time
---------------------------------------------------------
          16.18   data required time
        -390.17   data arrival time
---------------------------------------------------------
         373.99   slack (MET)


Startpoint: _115946_ (rising edge-triggered flip-flop clocked by clk)
Endpoint: _115558_ (rising edge-triggered flip-flop clocked by clk)
Path Group: clk
Path Type: min

  Delay    Time   Description
---------------------------------------------------------
   0.00    0.00   clock clk (rise edge)
   0.00    0.00   clock network delay (ideal)
   0.00    0.00 ^ _115946_/CLK (DFFASRHQNx1_ASAP7_75t_R)
  98.84   98.84 ^ _115946_/QN (DFFASRHQNx1_ASAP7_75t_R)
  33.20  132.04 v _058956_/Y (INVx1_ASAP7_75t_R)
  36.21  168.25 v _079714_/Y (AO21x1_ASAP7_75t_R)
  33.72  201.97 v _079715_/Y (BUFx2_ASAP7_75t_R)
  30.72  232.69 ^ _107099_/SN (HAxp5_ASAP7_75t_R)
  25.99  258.68 ^ _099780_/Y (OR4x1_ASAP7_75t_R)
  22.82  281.50 ^ _099781_/Y (OR3x1_ASAP7_75t_R)
  13.48  294.98 v _099800_/Y (AOI21x1_ASAP7_75t_R)
  16.94  311.92 ^ _099801_/Y (NAND2x1_ASAP7_75t_R)
  20.21  332.13 v _100574_/Y (INVx1_ASAP7_75t_R)
  38.98  371.11 ^ _100575_/Y (NOR2x1_ASAP7_75t_R)
  19.06  390.17 v _100581_/Y (OAI21x1_ASAP7_75t_R)
   0.00  390.17 v _115558_/D (DFFASRHQNx1_ASAP7_75t_R)
         390.17   data arrival time

   0.00    0.00   clock clk (rise edge)
   0.00    0.00   clock network delay (ideal)
   0.00    0.00   clock reconvergence pessimism
           0.00 ^ _115558_/CLK (DFFASRHQNx1_ASAP7_75t_R)
  16.18   16.18   library hold time
          16.18   data required time
---------------------------------------------------------
          16.18   data required time
        -390.17   data arrival time
---------------------------------------------------------
         373.99   slack (MET)


Startpoint: _115946_ (rising edge-triggered flip-flop clocked by clk)
Endpoint: _115560_ (rising edge-triggered flip-flop clocked by clk)
Path Group: clk
Path Type: min

  Delay    Time   Description
---------------------------------------------------------
   0.00    0.00   clock clk (rise edge)
   0.00    0.00   clock network delay (ideal)
   0.00    0.00 ^ _115946_/CLK (DFFASRHQNx1_ASAP7_75t_R)
  98.84   98.84 ^ _115946_/QN (DFFASRHQNx1_ASAP7_75t_R)
  33.20  132.04 v _058956_/Y (INVx1_ASAP7_75t_R)
  36.21  168.25 v _079714_/Y (AO21x1_ASAP7_75t_R)
  33.72  201.97 v _079715_/Y (BUFx2_ASAP7_75t_R)
  30.72  232.69 ^ _107099_/SN (HAxp5_ASAP7_75t_R)
  25.99  258.68 ^ _099780_/Y (OR4x1_ASAP7_75t_R)
  22.82  281.50 ^ _099781_/Y (OR3x1_ASAP7_75t_R)
  13.48  294.98 v _099800_/Y (AOI21x1_ASAP7_75t_R)
  16.94  311.92 ^ _099801_/Y (NAND2x1_ASAP7_75t_R)
  20.21  332.13 v _100574_/Y (INVx1_ASAP7_75t_R)
  38.98  371.11 ^ _100575_/Y (NOR2x1_ASAP7_75t_R)
  19.06  390.17 v _100589_/Y (OAI21x1_ASAP7_75t_R)
   0.00  390.17 v _115560_/D (DFFASRHQNx1_ASAP7_75t_R)
         390.17   data arrival time

   0.00    0.00   clock clk (rise edge)
   0.00    0.00   clock network delay (ideal)
   0.00    0.00   clock reconvergence pessimism
           0.00 ^ _115560_/CLK (DFFASRHQNx1_ASAP7_75t_R)
  16.18   16.18   library hold time
          16.18   data required time
---------------------------------------------------------
          16.18   data required time
        -390.17   data arrival time
---------------------------------------------------------
         373.99   slack (MET)


Startpoint: _115946_ (rising edge-triggered flip-flop clocked by clk)
Endpoint: _115564_ (rising edge-triggered flip-flop clocked by clk)
Path Group: clk
Path Type: min

  Delay    Time   Description
---------------------------------------------------------
   0.00    0.00   clock clk (rise edge)
   0.00    0.00   clock network delay (ideal)
   0.00    0.00 ^ _115946_/CLK (DFFASRHQNx1_ASAP7_75t_R)
  98.84   98.84 ^ _115946_/QN (DFFASRHQNx1_ASAP7_75t_R)
  33.20  132.04 v _058956_/Y (INVx1_ASAP7_75t_R)
  36.21  168.25 v _079714_/Y (AO21x1_ASAP7_75t_R)
  33.72  201.97 v _079715_/Y (BUFx2_ASAP7_75t_R)
  30.72  232.69 ^ _107099_/SN (HAxp5_ASAP7_75t_R)
  25.99  258.68 ^ _099780_/Y (OR4x1_ASAP7_75t_R)
  22.82  281.50 ^ _099781_/Y (OR3x1_ASAP7_75t_R)
  13.48  294.98 v _099800_/Y (AOI21x1_ASAP7_75t_R)
  16.94  311.92 ^ _099801_/Y (NAND2x1_ASAP7_75t_R)
  20.21  332.13 v _100574_/Y (INVx1_ASAP7_75t_R)
  38.98  371.11 ^ _100575_/Y (NOR2x1_ASAP7_75t_R)
  19.06  390.17 v _100606_/Y (OAI21x1_ASAP7_75t_R)
   0.00  390.17 v _115564_/D (DFFASRHQNx1_ASAP7_75t_R)
         390.17   data arrival time

   0.00    0.00   clock clk (rise edge)
   0.00    0.00   clock network delay (ideal)
   0.00    0.00   clock reconvergence pessimism
           0.00 ^ _115564_/CLK (DFFASRHQNx1_ASAP7_75t_R)
  16.18   16.18   library hold time
          16.18   data required time
---------------------------------------------------------
          16.18   data required time
        -390.17   data arrival time
---------------------------------------------------------
         373.99   slack (MET)


Startpoint: _115946_ (rising edge-triggered flip-flop clocked by clk)
Endpoint: _115559_ (rising edge-triggered flip-flop clocked by clk)
Path Group: clk
Path Type: min

  Delay    Time   Description
---------------------------------------------------------
   0.00    0.00   clock clk (rise edge)
   0.00    0.00   clock network delay (ideal)
   0.00    0.00 ^ _115946_/CLK (DFFASRHQNx1_ASAP7_75t_R)
  98.84   98.84 ^ _115946_/QN (DFFASRHQNx1_ASAP7_75t_R)
  33.20  132.04 v _058956_/Y (INVx1_ASAP7_75t_R)
  36.21  168.25 v _079714_/Y (AO21x1_ASAP7_75t_R)
  33.72  201.97 v _079715_/Y (BUFx2_ASAP7_75t_R)
  30.72  232.69 ^ _107099_/SN (HAxp5_ASAP7_75t_R)
  25.99  258.68 ^ _099780_/Y (OR4x1_ASAP7_75t_R)
  22.82  281.50 ^ _099781_/Y (OR3x1_ASAP7_75t_R)
  13.48  294.98 v _099800_/Y (AOI21x1_ASAP7_75t_R)
  16.94  311.92 ^ _099801_/Y (NAND2x1_ASAP7_75t_R)
  20.21  332.13 v _100574_/Y (INVx1_ASAP7_75t_R)
  38.98  371.11 ^ _100575_/Y (NOR2x1_ASAP7_75t_R)
  19.06  390.17 v _100585_/Y (OAI21x1_ASAP7_75t_R)
   0.00  390.17 v _115559_/D (DFFASRHQNx1_ASAP7_75t_R)
         390.17   data arrival time

   0.00    0.00   clock clk (rise edge)
   0.00    0.00   clock network delay (ideal)
   0.00    0.00   clock reconvergence pessimism
           0.00 ^ _115559_/CLK (DFFASRHQNx1_ASAP7_75t_R)
  16.19   16.19   library hold time
          16.19   data required time
---------------------------------------------------------
          16.19   data required time
        -390.17   data arrival time
---------------------------------------------------------
         373.98   slack (MET)


Startpoint: _115946_ (rising edge-triggered flip-flop clocked by clk)
Endpoint: _115561_ (rising edge-triggered flip-flop clocked by clk)
Path Group: clk
Path Type: min

  Delay    Time   Description
---------------------------------------------------------
   0.00    0.00   clock clk (rise edge)
   0.00    0.00   clock network delay (ideal)
   0.00    0.00 ^ _115946_/CLK (DFFASRHQNx1_ASAP7_75t_R)
  98.84   98.84 ^ _115946_/QN (DFFASRHQNx1_ASAP7_75t_R)
  27.28  126.12 v _107025_/SN (HAxp5_ASAP7_75t_R)
  17.30  143.43 ^ _079713_/Y (NOR2x1_ASAP7_75t_R)
  20.16  163.58 ^ _079714_/Y (AO21x1_ASAP7_75t_R)
  31.33  194.91 ^ _079715_/Y (BUFx2_ASAP7_75t_R)
  21.24  216.15 v _107103_/SN (HAxp5_ASAP7_75t_R)
  19.16  235.31 ^ _099751_/Y (NOR2x1_ASAP7_75t_R)
  34.69  270.00 ^ _099752_/Y (AND3x1_ASAP7_75t_R)
  30.95  300.95 ^ _099768_/Y (AO21x1_ASAP7_75t_R)
  17.09  318.05 v _099801_/Y (NAND2x1_ASAP7_75t_R)
  39.95  358.00 v _099802_/Y (BUFx2_ASAP7_75t_R)
  44.04  402.04 v _099803_/Y (BUFx2_ASAP7_75t_R)
  34.61  436.65 v _100593_/Y (AO21x1_ASAP7_75t_R)
   0.00  436.65 v _115561_/D (DFFASRHQNx1_ASAP7_75t_R)
         436.65   data arrival time

   0.00    0.00   clock clk (rise edge)
   0.00    0.00   clock network delay (ideal)
   0.00    0.00   clock reconvergence pessimism
           0.00 ^ _115561_/CLK (DFFASRHQNx1_ASAP7_75t_R)
  15.90   15.90   library hold time
          15.90   data required time
---------------------------------------------------------
          15.90   data required time
        -436.65   data arrival time
---------------------------------------------------------
         420.74   slack (MET)


Startpoint: _115946_ (rising edge-triggered flip-flop clocked by clk)
Endpoint: _115563_ (rising edge-triggered flip-flop clocked by clk)
Path Group: clk
Path Type: min

  Delay    Time   Description
---------------------------------------------------------
   0.00    0.00   clock clk (rise edge)
   0.00    0.00   clock network delay (ideal)
   0.00    0.00 ^ _115946_/CLK (DFFASRHQNx1_ASAP7_75t_R)
  98.84   98.84 ^ _115946_/QN (DFFASRHQNx1_ASAP7_75t_R)
  27.28  126.12 v _107025_/SN (HAxp5_ASAP7_75t_R)
  17.30  143.43 ^ _079713_/Y (NOR2x1_ASAP7_75t_R)
  20.16  163.58 ^ _079714_/Y (AO21x1_ASAP7_75t_R)
  31.33  194.91 ^ _079715_/Y (BUFx2_ASAP7_75t_R)
  21.24  216.15 v _107103_/SN (HAxp5_ASAP7_75t_R)
  19.16  235.31 ^ _099751_/Y (NOR2x1_ASAP7_75t_R)
  34.69  270.00 ^ _099752_/Y (AND3x1_ASAP7_75t_R)
  30.95  300.95 ^ _099768_/Y (AO21x1_ASAP7_75t_R)
  17.09  318.05 v _099801_/Y (NAND2x1_ASAP7_75t_R)
  39.95  358.00 v _099802_/Y (BUFx2_ASAP7_75t_R)
  44.04  402.04 v _099803_/Y (BUFx2_ASAP7_75t_R)
  34.61  436.65 v _100602_/Y (AO21x1_ASAP7_75t_R)
   0.00  436.65 v _115563_/D (DFFASRHQNx1_ASAP7_75t_R)
         436.65   data arrival time

   0.00    0.00   clock clk (rise edge)
   0.00    0.00   clock network delay (ideal)
   0.00    0.00   clock reconvergence pessimism
           0.00 ^ _115563_/CLK (DFFASRHQNx1_ASAP7_75t_R)
  15.90   15.90   library hold time
          15.90   data required time
---------------------------------------------------------
          15.90   data required time
        -436.65   data arrival time
---------------------------------------------------------
         420.74   slack (MET)


Startpoint: _115946_ (rising edge-triggered flip-flop clocked by clk)
Endpoint: _115565_ (rising edge-triggered flip-flop clocked by clk)
Path Group: clk
Path Type: min

  Delay    Time   Description
---------------------------------------------------------
   0.00    0.00   clock clk (rise edge)
   0.00    0.00   clock network delay (ideal)
   0.00    0.00 ^ _115946_/CLK (DFFASRHQNx1_ASAP7_75t_R)
  98.84   98.84 ^ _115946_/QN (DFFASRHQNx1_ASAP7_75t_R)
  33.20  132.04 v _058956_/Y (INVx1_ASAP7_75t_R)
  36.21  168.25 v _079714_/Y (AO21x1_ASAP7_75t_R)
  33.72  201.97 v _079715_/Y (BUFx2_ASAP7_75t_R)
  30.72  232.69 ^ _107099_/SN (HAxp5_ASAP7_75t_R)
  25.99  258.68 ^ _099780_/Y (OR4x1_ASAP7_75t_R)
  22.82  281.50 ^ _099781_/Y (OR3x1_ASAP7_75t_R)
  13.48  294.98 v _099800_/Y (AOI21x1_ASAP7_75t_R)
  16.94  311.92 ^ _099801_/Y (NAND2x1_ASAP7_75t_R)
  40.98  352.90 ^ _100576_/Y (BUFx2_ASAP7_75t_R)
  17.59  370.48 v _100609_/Y (NOR2x1_ASAP7_75t_R)
  26.90  397.39 v _100610_/Y (AO21x1_ASAP7_75t_R)
   0.00  397.39 v _115565_/D (DFFASRHQNx1_ASAP7_75t_R)
         397.39   data arrival time

   0.00    0.00   clock clk (rise edge)
   0.00    0.00   clock network delay (ideal)
   0.00    0.00   clock reconvergence pessimism
           0.00 ^ _115565_/CLK (DFFASRHQNx1_ASAP7_75t_R)
  15.90   15.90   library hold time
          15.90   data required time
---------------------------------------------------------
          15.90   data required time
        -397.39   data arrival time
---------------------------------------------------------
         381.48   slack (MET)


Startpoint: _115946_ (rising edge-triggered flip-flop clocked by clk)
Endpoint: _115567_ (rising edge-triggered flip-flop clocked by clk)
Path Group: clk
Path Type: min

  Delay    Time   Description
---------------------------------------------------------
   0.00    0.00   clock clk (rise edge)
   0.00    0.00   clock network delay (ideal)
   0.00    0.00 ^ _115946_/CLK (DFFASRHQNx1_ASAP7_75t_R)
  98.84   98.84 ^ _115946_/QN (DFFASRHQNx1_ASAP7_75t_R)
  33.20  132.04 v _058956_/Y (INVx1_ASAP7_75t_R)
  36.21  168.25 v _079714_/Y (AO21x1_ASAP7_75t_R)
  33.72  201.97 v _079715_/Y (BUFx2_ASAP7_75t_R)
  30.72  232.69 ^ _107099_/SN (HAxp5_ASAP7_75t_R)
  25.99  258.68 ^ _099780_/Y (OR4x1_ASAP7_75t_R)
  22.82  281.50 ^ _099781_/Y (OR3x1_ASAP7_75t_R)
  13.48  294.98 v _099800_/Y (AOI21x1_ASAP7_75t_R)
  16.94  311.92 ^ _099801_/Y (NAND2x1_ASAP7_75t_R)
  40.98  352.90 ^ _100576_/Y (BUFx2_ASAP7_75t_R)
  17.59  370.48 v _100618_/Y (NOR2x1_ASAP7_75t_R)
  26.90  397.39 v _100619_/Y (AO21x1_ASAP7_75t_R)
   0.00  397.39 v _115567_/D (DFFASRHQNx1_ASAP7_75t_R)
         397.39   data arrival time

   0.00    0.00   clock clk (rise edge)
   0.00    0.00   clock network delay (ideal)
   0.00    0.00   clock reconvergence pessimism
           0.00 ^ _115567_/CLK (DFFASRHQNx1_ASAP7_75t_R)
  15.90   15.90   library hold time
          15.90   data required time
---------------------------------------------------------
          15.90   data required time
        -397.39   data arrival time
---------------------------------------------------------
         381.48   slack (MET)


Startpoint: _115946_ (rising edge-triggered flip-flop clocked by clk)
Endpoint: _115569_ (rising edge-triggered flip-flop clocked by clk)
Path Group: clk
Path Type: min

  Delay    Time   Description
---------------------------------------------------------
   0.00    0.00   clock clk (rise edge)
   0.00    0.00   clock network delay (ideal)
   0.00    0.00 ^ _115946_/CLK (DFFASRHQNx1_ASAP7_75t_R)
  98.84   98.84 ^ _115946_/QN (DFFASRHQNx1_ASAP7_75t_R)
  33.20  132.04 v _058956_/Y (INVx1_ASAP7_75t_R)
  36.21  168.25 v _079714_/Y (AO21x1_ASAP7_75t_R)
  33.72  201.97 v _079715_/Y (BUFx2_ASAP7_75t_R)
  30.72  232.69 ^ _107099_/SN (HAxp5_ASAP7_75t_R)
  25.99  258.68 ^ _099780_/Y (OR4x1_ASAP7_75t_R)
  22.82  281.50 ^ _099781_/Y (OR3x1_ASAP7_75t_R)
  13.48  294.98 v _099800_/Y (AOI21x1_ASAP7_75t_R)
  16.94  311.92 ^ _099801_/Y (NAND2x1_ASAP7_75t_R)
  40.98  352.90 ^ _100576_/Y (BUFx2_ASAP7_75t_R)
  17.59  370.48 v _100627_/Y (NOR2x1_ASAP7_75t_R)
  26.90  397.39 v _100628_/Y (AO21x1_ASAP7_75t_R)
   0.00  397.39 v _115569_/D (DFFASRHQNx1_ASAP7_75t_R)
         397.39   data arrival time

   0.00    0.00   clock clk (rise edge)
   0.00    0.00   clock network delay (ideal)
   0.00    0.00   clock reconvergence pessimism
           0.00 ^ _115569_/CLK (DFFASRHQNx1_ASAP7_75t_R)
  15.90   15.90   library hold time
          15.90   data required time
---------------------------------------------------------
          15.90   data required time
        -397.39   data arrival time
---------------------------------------------------------
         381.48   slack (MET)


Startpoint: _115946_ (rising edge-triggered flip-flop clocked by clk)
Endpoint: _115571_ (rising edge-triggered flip-flop clocked by clk)
Path Group: clk
Path Type: min

  Delay    Time   Description
---------------------------------------------------------
   0.00    0.00   clock clk (rise edge)
   0.00    0.00   clock network delay (ideal)
   0.00    0.00 ^ _115946_/CLK (DFFASRHQNx1_ASAP7_75t_R)
  98.84   98.84 ^ _115946_/QN (DFFASRHQNx1_ASAP7_75t_R)
  33.20  132.04 v _058956_/Y (INVx1_ASAP7_75t_R)
  36.21  168.25 v _079714_/Y (AO21x1_ASAP7_75t_R)
  33.72  201.97 v _079715_/Y (BUFx2_ASAP7_75t_R)
  30.72  232.69 ^ _107099_/SN (HAxp5_ASAP7_75t_R)
  25.99  258.68 ^ _099780_/Y (OR4x1_ASAP7_75t_R)
  22.82  281.50 ^ _099781_/Y (OR3x1_ASAP7_75t_R)
  13.48  294.98 v _099800_/Y (AOI21x1_ASAP7_75t_R)
  16.94  311.92 ^ _099801_/Y (NAND2x1_ASAP7_75t_R)
  40.98  352.90 ^ _100576_/Y (BUFx2_ASAP7_75t_R)
  17.59  370.48 v _100636_/Y (NOR2x1_ASAP7_75t_R)
  26.90  397.39 v _100637_/Y (AO21x1_ASAP7_75t_R)
   0.00  397.39 v _115571_/D (DFFASRHQNx1_ASAP7_75t_R)
         397.39   data arrival time

   0.00    0.00   clock clk (rise edge)
   0.00    0.00   clock network delay (ideal)
   0.00    0.00   clock reconvergence pessimism
           0.00 ^ _115571_/CLK (DFFASRHQNx1_ASAP7_75t_R)
  15.90   15.90   library hold time
          15.90   data required time
---------------------------------------------------------
          15.90   data required time
        -397.39   data arrival time
---------------------------------------------------------
         381.48   slack (MET)


Startpoint: _115946_ (rising edge-triggered flip-flop clocked by clk)
Endpoint: _115573_ (rising edge-triggered flip-flop clocked by clk)
Path Group: clk
Path Type: min

  Delay    Time   Description
---------------------------------------------------------
   0.00    0.00   clock clk (rise edge)
   0.00    0.00   clock network delay (ideal)
   0.00    0.00 ^ _115946_/CLK (DFFASRHQNx1_ASAP7_75t_R)
  98.84   98.84 ^ _115946_/QN (DFFASRHQNx1_ASAP7_75t_R)
  33.20  132.04 v _058956_/Y (INVx1_ASAP7_75t_R)
  36.21  168.25 v _079714_/Y (AO21x1_ASAP7_75t_R)
  33.72  201.97 v _079715_/Y (BUFx2_ASAP7_75t_R)
  30.72  232.69 ^ _107099_/SN (HAxp5_ASAP7_75t_R)
  25.99  258.68 ^ _099780_/Y (OR4x1_ASAP7_75t_R)
  22.82  281.50 ^ _099781_/Y (OR3x1_ASAP7_75t_R)
  13.48  294.98 v _099800_/Y (AOI21x1_ASAP7_75t_R)
  16.94  311.92 ^ _099801_/Y (NAND2x1_ASAP7_75t_R)
  40.98  352.90 ^ _100576_/Y (BUFx2_ASAP7_75t_R)
  17.59  370.48 v _100644_/Y (NOR2x1_ASAP7_75t_R)
  26.90  397.39 v _100645_/Y (AO21x1_ASAP7_75t_R)
   0.00  397.39 v _115573_/D (DFFASRHQNx1_ASAP7_75t_R)
         397.39   data arrival time

   0.00    0.00   clock clk (rise edge)
   0.00    0.00   clock network delay (ideal)
   0.00    0.00   clock reconvergence pessimism
           0.00 ^ _115573_/CLK (DFFASRHQNx1_ASAP7_75t_R)
  15.90   15.90   library hold time
          15.90   data required time
---------------------------------------------------------
          15.90   data required time
        -397.39   data arrival time
---------------------------------------------------------
         381.48   slack (MET)


Startpoint: _115946_ (rising edge-triggered flip-flop clocked by clk)
Endpoint: _115570_ (rising edge-triggered flip-flop clocked by clk)
Path Group: clk
Path Type: min

  Delay    Time   Description
---------------------------------------------------------
   0.00    0.00   clock clk (rise edge)
   0.00    0.00   clock network delay (ideal)
   0.00    0.00 ^ _115946_/CLK (DFFASRHQNx1_ASAP7_75t_R)
  98.84   98.84 ^ _115946_/QN (DFFASRHQNx1_ASAP7_75t_R)
  27.28  126.12 v _107025_/SN (HAxp5_ASAP7_75t_R)
  17.30  143.43 ^ _079713_/Y (NOR2x1_ASAP7_75t_R)
  20.16  163.58 ^ _079714_/Y (AO21x1_ASAP7_75t_R)
  31.33  194.91 ^ _079715_/Y (BUFx2_ASAP7_75t_R)
  21.24  216.15 v _107103_/SN (HAxp5_ASAP7_75t_R)
  19.16  235.31 ^ _099751_/Y (NOR2x1_ASAP7_75t_R)
  34.69  270.00 ^ _099752_/Y (AND3x1_ASAP7_75t_R)
  30.95  300.95 ^ _099768_/Y (AO21x1_ASAP7_75t_R)
  17.09  318.05 v _099801_/Y (NAND2x1_ASAP7_75t_R)
  21.53  339.58 ^ _100574_/Y (INVx1_ASAP7_75t_R)
  27.14  366.72 ^ _100629_/Y (OR3x1_ASAP7_75t_R)
  12.11  378.84 v _100633_/Y (NAND2x1_ASAP7_75t_R)
   0.00  378.84 v _115570_/D (DFFASRHQNx1_ASAP7_75t_R)
         378.84   data arrival time

   0.00    0.00   clock clk (rise edge)
   0.00    0.00   clock network delay (ideal)
   0.00    0.00   clock reconvergence pessimism
           0.00 ^ _115570_/CLK (DFFASRHQNx1_ASAP7_75t_R)
  16.33   16.33   library hold time
          16.33   data required time
---------------------------------------------------------
          16.33   data required time
        -378.84   data arrival time
---------------------------------------------------------
         362.50   slack (MET)


Startpoint: _115946_ (rising edge-triggered flip-flop clocked by clk)
Endpoint: _115566_ (rising edge-triggered flip-flop clocked by clk)
Path Group: clk
Path Type: min

  Delay    Time   Description
---------------------------------------------------------
   0.00    0.00   clock clk (rise edge)
   0.00    0.00   clock network delay (ideal)
   0.00    0.00 ^ _115946_/CLK (DFFASRHQNx1_ASAP7_75t_R)
  98.84   98.84 ^ _115946_/QN (DFFASRHQNx1_ASAP7_75t_R)
  27.28  126.12 v _107025_/SN (HAxp5_ASAP7_75t_R)
  17.30  143.43 ^ _079713_/Y (NOR2x1_ASAP7_75t_R)
  20.16  163.58 ^ _079714_/Y (AO21x1_ASAP7_75t_R)
  31.33  194.91 ^ _079715_/Y (BUFx2_ASAP7_75t_R)
  21.24  216.15 v _107103_/SN (HAxp5_ASAP7_75t_R)
  19.16  235.31 ^ _099751_/Y (NOR2x1_ASAP7_75t_R)
  34.69  270.00 ^ _099752_/Y (AND3x1_ASAP7_75t_R)
  30.95  300.95 ^ _099768_/Y (AO21x1_ASAP7_75t_R)
  17.09  318.05 v _099801_/Y (NAND2x1_ASAP7_75t_R)
  21.53  339.58 ^ _100574_/Y (INVx1_ASAP7_75t_R)
  27.14  366.72 ^ _100611_/Y (OR3x1_ASAP7_75t_R)
  12.11  378.84 v _100615_/Y (NAND2x1_ASAP7_75t_R)
   0.00  378.84 v _115566_/D (DFFASRHQNx1_ASAP7_75t_R)
         378.84   data arrival time

   0.00    0.00   clock clk (rise edge)
   0.00    0.00   clock network delay (ideal)
   0.00    0.00   clock reconvergence pessimism
           0.00 ^ _115566_/CLK (DFFASRHQNx1_ASAP7_75t_R)
  16.33   16.33   library hold time
          16.33   data required time
---------------------------------------------------------
          16.33   data required time
        -378.84   data arrival time
---------------------------------------------------------
         362.50   slack (MET)


Startpoint: _115946_ (rising edge-triggered flip-flop clocked by clk)
Endpoint: _115568_ (rising edge-triggered flip-flop clocked by clk)
Path Group: clk
Path Type: min

  Delay    Time   Description
---------------------------------------------------------
   0.00    0.00   clock clk (rise edge)
   0.00    0.00   clock network delay (ideal)
   0.00    0.00 ^ _115946_/CLK (DFFASRHQNx1_ASAP7_75t_R)
  98.84   98.84 ^ _115946_/QN (DFFASRHQNx1_ASAP7_75t_R)
  27.28  126.12 v _107025_/SN (HAxp5_ASAP7_75t_R)
  17.30  143.43 ^ _079713_/Y (NOR2x1_ASAP7_75t_R)
  20.16  163.58 ^ _079714_/Y (AO21x1_ASAP7_75t_R)
  31.33  194.91 ^ _079715_/Y (BUFx2_ASAP7_75t_R)
  21.24  216.15 v _107103_/SN (HAxp5_ASAP7_75t_R)
  19.16  235.31 ^ _099751_/Y (NOR2x1_ASAP7_75t_R)
  34.69  270.00 ^ _099752_/Y (AND3x1_ASAP7_75t_R)
  30.95  300.95 ^ _099768_/Y (AO21x1_ASAP7_75t_R)
  17.09  318.05 v _099801_/Y (NAND2x1_ASAP7_75t_R)
  21.53  339.58 ^ _100574_/Y (INVx1_ASAP7_75t_R)
  27.14  366.72 ^ _100620_/Y (OR3x1_ASAP7_75t_R)
  12.11  378.84 v _100624_/Y (NAND2x1_ASAP7_75t_R)
   0.00  378.84 v _115568_/D (DFFASRHQNx1_ASAP7_75t_R)
         378.84   data arrival time

   0.00    0.00   clock clk (rise edge)
   0.00    0.00   clock network delay (ideal)
   0.00    0.00   clock reconvergence pessimism
           0.00 ^ _115568_/CLK (DFFASRHQNx1_ASAP7_75t_R)
  16.33   16.33   library hold time
          16.33   data required time
---------------------------------------------------------
          16.33   data required time
        -378.84   data arrival time
---------------------------------------------------------
         362.50   slack (MET)


Startpoint: _115218_ (rising edge-triggered flip-flop clocked by clk)
Endpoint: _115776_ (rising edge-triggered flip-flop clocked by clk)
Path Group: clk
Path Type: min

  Delay    Time   Description
---------------------------------------------------------
   0.00    0.00   clock clk (rise edge)
   0.00    0.00   clock network delay (ideal)
   0.00    0.00 ^ _115218_/CLK (DFFASRHQNx1_ASAP7_75t_R)
  91.92   91.92 ^ _115218_/QN (DFFASRHQNx1_ASAP7_75t_R)
  26.78  118.70 v _107053_/SN (HAxp5_ASAP7_75t_R)
  42.04  160.74 v _059136_/Y (XOR2x2_ASAP7_75t_R)
  17.01  177.75 ^ _107055_/SN (HAxp5_ASAP7_75t_R)
  21.43  199.18 ^ _079401_/Y (OR4x1_ASAP7_75t_R)
  28.42  227.59 ^ _079410_/Y (OA21x2_ASAP7_75t_R)
  12.54  240.14 v _079411_/Y (NOR2x1_ASAP7_75t_R)
  17.33  257.47 ^ _079413_/Y (OAI21x1_ASAP7_75t_R)
  14.08  271.55 v _079418_/Y (AOI21x1_ASAP7_75t_R)
  17.78  289.34 ^ _079419_/Y (NOR2x1_ASAP7_75t_R)
  26.06  315.39 ^ _079423_/Y (OR3x1_ASAP7_75t_R)
  32.07  347.47 v _079424_/Y (AOI21x1_ASAP7_75t_R)
  42.82  390.29 v _101203_/Y (OA21x2_ASAP7_75t_R)
   0.00  390.29 v _115776_/D (DFFASRHQNx1_ASAP7_75t_R)
         390.29   data arrival time

   0.00    0.00   clock clk (rise edge)
   0.00    0.00   clock network delay (ideal)
   0.00    0.00   clock reconvergence pessimism
           0.00 ^ _115776_/CLK (DFFASRHQNx1_ASAP7_75t_R)
  16.58   16.58   library hold time
          16.58   data required time
---------------------------------------------------------
          16.58   data required time
        -390.29   data arrival time
---------------------------------------------------------
         373.71   slack (MET)


Startpoint: _115218_ (rising edge-triggered flip-flop clocked by clk)
Endpoint: _115214_ (rising edge-triggered flip-flop clocked by clk)
Path Group: clk
Path Type: min

  Delay    Time   Description
---------------------------------------------------------
   0.00    0.00   clock clk (rise edge)
   0.00    0.00   clock network delay (ideal)
   0.00    0.00 ^ _115218_/CLK (DFFASRHQNx1_ASAP7_75t_R)
  91.92   91.92 ^ _115218_/QN (DFFASRHQNx1_ASAP7_75t_R)
  26.78  118.70 v _107053_/SN (HAxp5_ASAP7_75t_R)
  42.04  160.74 v _059136_/Y (XOR2x2_ASAP7_75t_R)
  17.01  177.75 ^ _107055_/SN (HAxp5_ASAP7_75t_R)
  21.43  199.18 ^ _079401_/Y (OR4x1_ASAP7_75t_R)
  28.42  227.59 ^ _079410_/Y (OA21x2_ASAP7_75t_R)
  12.54  240.14 v _079411_/Y (NOR2x1_ASAP7_75t_R)
  17.33  257.47 ^ _079413_/Y (OAI21x1_ASAP7_75t_R)
  14.08  271.55 v _079418_/Y (AOI21x1_ASAP7_75t_R)
  17.78  289.34 ^ _079419_/Y (NOR2x1_ASAP7_75t_R)
  26.06  315.39 ^ _079423_/Y (OR3x1_ASAP7_75t_R)
  32.07  347.47 v _079424_/Y (AOI21x1_ASAP7_75t_R)
  44.54  392.01 v _099568_/Y (AO32x1_ASAP7_75t_R)
   0.00  392.01 v _115214_/D (DFFASRHQNx1_ASAP7_75t_R)
         392.01   data arrival time

   0.00    0.00   clock clk (rise edge)
   0.00    0.00   clock network delay (ideal)
   0.00    0.00   clock reconvergence pessimism
           0.00 ^ _115214_/CLK (DFFASRHQNx1_ASAP7_75t_R)
  15.66   15.66   library hold time
          15.66   data required time
---------------------------------------------------------
          15.66   data required time
        -392.01   data arrival time
---------------------------------------------------------
         376.35   slack (MET)


Startpoint: _115218_ (rising edge-triggered flip-flop clocked by clk)
Endpoint: _115780_ (rising edge-triggered flip-flop clocked by clk)
Path Group: clk
Path Type: min

  Delay    Time   Description
---------------------------------------------------------
   0.00    0.00   clock clk (rise edge)
   0.00    0.00   clock network delay (ideal)
   0.00    0.00 ^ _115218_/CLK (DFFASRHQNx1_ASAP7_75t_R)
  91.92   91.92 ^ _115218_/QN (DFFASRHQNx1_ASAP7_75t_R)
  26.78  118.70 v _107053_/SN (HAxp5_ASAP7_75t_R)
  42.04  160.74 v _059136_/Y (XOR2x2_ASAP7_75t_R)
  17.01  177.75 ^ _107055_/SN (HAxp5_ASAP7_75t_R)
  21.43  199.18 ^ _079401_/Y (OR4x1_ASAP7_75t_R)
  28.42  227.59 ^ _079410_/Y (OA21x2_ASAP7_75t_R)
  12.54  240.14 v _079411_/Y (NOR2x1_ASAP7_75t_R)
  17.33  257.47 ^ _079413_/Y (OAI21x1_ASAP7_75t_R)
  14.08  271.55 v _079418_/Y (AOI21x1_ASAP7_75t_R)
  17.78  289.34 ^ _079419_/Y (NOR2x1_ASAP7_75t_R)
  26.06  315.39 ^ _079423_/Y (OR3x1_ASAP7_75t_R)
  32.07  347.47 v _079424_/Y (AOI21x1_ASAP7_75t_R)
  27.30  374.76 ^ _079425_/Y (INVx3_ASAP7_75t_R)
  38.10  412.86 ^ _101213_/Y (AND3x1_ASAP7_75t_R)
   0.00  412.86 ^ _115780_/D (DFFASRHQNx1_ASAP7_75t_R)
         412.86   data arrival time

   0.00    0.00   clock clk (rise edge)
   0.00    0.00   clock network delay (ideal)
   0.00    0.00   clock reconvergence pessimism
           0.00 ^ _115780_/CLK (DFFASRHQNx1_ASAP7_75t_R)
 -10.68  -10.68   library hold time
         -10.68   data required time
---------------------------------------------------------
         -10.68   data required time
        -412.86   data arrival time
---------------------------------------------------------
         423.54   slack (MET)


Startpoint: _115218_ (rising edge-triggered flip-flop clocked by clk)
Endpoint: _115781_ (rising edge-triggered flip-flop clocked by clk)
Path Group: clk
Path Type: min

  Delay    Time   Description
---------------------------------------------------------
   0.00    0.00   clock clk (rise edge)
   0.00    0.00   clock network delay (ideal)
   0.00    0.00 ^ _115218_/CLK (DFFASRHQNx1_ASAP7_75t_R)
  91.92   91.92 ^ _115218_/QN (DFFASRHQNx1_ASAP7_75t_R)
  26.78  118.70 v _107053_/SN (HAxp5_ASAP7_75t_R)
  42.04  160.74 v _059136_/Y (XOR2x2_ASAP7_75t_R)
  17.01  177.75 ^ _107055_/SN (HAxp5_ASAP7_75t_R)
  21.43  199.18 ^ _079401_/Y (OR4x1_ASAP7_75t_R)
  28.42  227.59 ^ _079410_/Y (OA21x2_ASAP7_75t_R)
  12.54  240.14 v _079411_/Y (NOR2x1_ASAP7_75t_R)
  17.33  257.47 ^ _079413_/Y (OAI21x1_ASAP7_75t_R)
  14.08  271.55 v _079418_/Y (AOI21x1_ASAP7_75t_R)
  17.78  289.34 ^ _079419_/Y (NOR2x1_ASAP7_75t_R)
  26.06  315.39 ^ _079423_/Y (OR3x1_ASAP7_75t_R)
  32.07  347.47 v _079424_/Y (AOI21x1_ASAP7_75t_R)
  27.30  374.76 ^ _079425_/Y (INVx3_ASAP7_75t_R)
  38.10  412.86 ^ _101216_/Y (AND3x1_ASAP7_75t_R)
   0.00  412.86 ^ _115781_/D (DFFASRHQNx1_ASAP7_75t_R)
         412.86   data arrival time

   0.00    0.00   clock clk (rise edge)
   0.00    0.00   clock network delay (ideal)
   0.00    0.00   clock reconvergence pessimism
           0.00 ^ _115781_/CLK (DFFASRHQNx1_ASAP7_75t_R)
 -10.68  -10.68   library hold time
         -10.68   data required time
---------------------------------------------------------
         -10.68   data required time
        -412.86   data arrival time
---------------------------------------------------------
         423.54   slack (MET)


Startpoint: _115218_ (rising edge-triggered flip-flop clocked by clk)
Endpoint: _115782_ (rising edge-triggered flip-flop clocked by clk)
Path Group: clk
Path Type: min

  Delay    Time   Description
---------------------------------------------------------
   0.00    0.00   clock clk (rise edge)
   0.00    0.00   clock network delay (ideal)
   0.00    0.00 ^ _115218_/CLK (DFFASRHQNx1_ASAP7_75t_R)
  91.92   91.92 ^ _115218_/QN (DFFASRHQNx1_ASAP7_75t_R)
  26.78  118.70 v _107053_/SN (HAxp5_ASAP7_75t_R)
  42.04  160.74 v _059136_/Y (XOR2x2_ASAP7_75t_R)
  17.01  177.75 ^ _107055_/SN (HAxp5_ASAP7_75t_R)
  21.43  199.18 ^ _079401_/Y (OR4x1_ASAP7_75t_R)
  28.42  227.59 ^ _079410_/Y (OA21x2_ASAP7_75t_R)
  12.54  240.14 v _079411_/Y (NOR2x1_ASAP7_75t_R)
  17.33  257.47 ^ _079413_/Y (OAI21x1_ASAP7_75t_R)
  14.08  271.55 v _079418_/Y (AOI21x1_ASAP7_75t_R)
  17.78  289.34 ^ _079419_/Y (NOR2x1_ASAP7_75t_R)
  26.06  315.39 ^ _079423_/Y (OR3x1_ASAP7_75t_R)
  32.07  347.47 v _079424_/Y (AOI21x1_ASAP7_75t_R)
  27.30  374.76 ^ _079425_/Y (INVx3_ASAP7_75t_R)
  38.10  412.86 ^ _101219_/Y (AND3x1_ASAP7_75t_R)
   0.00  412.86 ^ _115782_/D (DFFASRHQNx1_ASAP7_75t_R)
         412.86   data arrival time

   0.00    0.00   clock clk (rise edge)
   0.00    0.00   clock network delay (ideal)
   0.00    0.00   clock reconvergence pessimism
           0.00 ^ _115782_/CLK (DFFASRHQNx1_ASAP7_75t_R)
 -10.68  -10.68   library hold time
         -10.68   data required time
---------------------------------------------------------
         -10.68   data required time
        -412.86   data arrival time
---------------------------------------------------------
         423.54   slack (MET)


Startpoint: _115218_ (rising edge-triggered flip-flop clocked by clk)
Endpoint: _115783_ (rising edge-triggered flip-flop clocked by clk)
Path Group: clk
Path Type: min

  Delay    Time   Description
---------------------------------------------------------
   0.00    0.00   clock clk (rise edge)
   0.00    0.00   clock network delay (ideal)
   0.00    0.00 ^ _115218_/CLK (DFFASRHQNx1_ASAP7_75t_R)
  91.92   91.92 ^ _115218_/QN (DFFASRHQNx1_ASAP7_75t_R)
  26.78  118.70 v _107053_/SN (HAxp5_ASAP7_75t_R)
  42.04  160.74 v _059136_/Y (XOR2x2_ASAP7_75t_R)
  17.01  177.75 ^ _107055_/SN (HAxp5_ASAP7_75t_R)
  21.43  199.18 ^ _079401_/Y (OR4x1_ASAP7_75t_R)
  28.42  227.59 ^ _079410_/Y (OA21x2_ASAP7_75t_R)
  12.54  240.14 v _079411_/Y (NOR2x1_ASAP7_75t_R)
  17.33  257.47 ^ _079413_/Y (OAI21x1_ASAP7_75t_R)
  14.08  271.55 v _079418_/Y (AOI21x1_ASAP7_75t_R)
  17.78  289.34 ^ _079419_/Y (NOR2x1_ASAP7_75t_R)
  26.06  315.39 ^ _079423_/Y (OR3x1_ASAP7_75t_R)
  32.07  347.47 v _079424_/Y (AOI21x1_ASAP7_75t_R)
  27.30  374.76 ^ _079425_/Y (INVx3_ASAP7_75t_R)
  38.10  412.86 ^ _101222_/Y (AND3x1_ASAP7_75t_R)
   0.00  412.86 ^ _115783_/D (DFFASRHQNx1_ASAP7_75t_R)
         412.86   data arrival time

   0.00    0.00   clock clk (rise edge)
   0.00    0.00   clock network delay (ideal)
   0.00    0.00   clock reconvergence pessimism
           0.00 ^ _115783_/CLK (DFFASRHQNx1_ASAP7_75t_R)
 -10.68  -10.68   library hold time
         -10.68   data required time
---------------------------------------------------------
         -10.68   data required time
        -412.86   data arrival time
---------------------------------------------------------
         423.54   slack (MET)


Startpoint: _115946_ (rising edge-triggered flip-flop clocked by clk)
Endpoint: _115288_ (rising edge-triggered flip-flop clocked by clk)
Path Group: clk
Path Type: min

  Delay    Time   Description
---------------------------------------------------------
   0.00    0.00   clock clk (rise edge)
   0.00    0.00   clock network delay (ideal)
   0.00    0.00 ^ _115946_/CLK (DFFASRHQNx1_ASAP7_75t_R)
  98.84   98.84 ^ _115946_/QN (DFFASRHQNx1_ASAP7_75t_R)
  33.20  132.04 v _058956_/Y (INVx1_ASAP7_75t_R)
  36.21  168.25 v _079714_/Y (AO21x1_ASAP7_75t_R)
  33.72  201.97 v _079715_/Y (BUFx2_ASAP7_75t_R)
  30.72  232.69 ^ _107099_/SN (HAxp5_ASAP7_75t_R)
  25.99  258.68 ^ _099780_/Y (OR4x1_ASAP7_75t_R)
  22.82  281.50 ^ _099781_/Y (OR3x1_ASAP7_75t_R)
  13.48  294.98 v _099800_/Y (AOI21x1_ASAP7_75t_R)
  16.94  311.92 ^ _099801_/Y (NAND2x1_ASAP7_75t_R)
  40.55  352.47 ^ _099802_/Y (BUFx2_ASAP7_75t_R)
  45.63  398.10 ^ _099803_/Y (BUFx2_ASAP7_75t_R)
  15.19  413.29 v _099804_/Y (NAND2x1_ASAP7_75t_R)
   0.00  413.29 v _115288_/D (DFFASRHQNx1_ASAP7_75t_R)
         413.29   data arrival time

   0.00    0.00   clock clk (rise edge)
   0.00    0.00   clock network delay (ideal)
   0.00    0.00   clock reconvergence pessimism
           0.00 ^ _115288_/CLK (DFFASRHQNx1_ASAP7_75t_R)
  16.33   16.33   library hold time
          16.33   data required time
---------------------------------------------------------
          16.33   data required time
        -413.29   data arrival time
---------------------------------------------------------
         396.96   slack (MET)


Startpoint: _115946_ (rising edge-triggered flip-flop clocked by clk)
Endpoint: _117838_ (rising edge-triggered flip-flop clocked by clk)
Path Group: clk
Path Type: min

  Delay    Time   Description
---------------------------------------------------------
   0.00    0.00   clock clk (rise edge)
   0.00    0.00   clock network delay (ideal)
   0.00    0.00 ^ _115946_/CLK (DFFASRHQNx1_ASAP7_75t_R)
  98.84   98.84 ^ _115946_/QN (DFFASRHQNx1_ASAP7_75t_R)
  21.70  120.54 v _058990_/Y (NAND2x1_ASAP7_75t_R)
  24.17  144.71 v _058994_/Y (AND4x1_ASAP7_75t_R)
  19.98  164.69 v _059006_/Y (AND4x1_ASAP7_75t_R)
  27.38  192.08 v _059022_/Y (AND3x1_ASAP7_75t_R)
  34.17  226.25 v _059023_/Y (AND2x2_ASAP7_75t_R)
  26.06  252.31 v _059024_/Y (AO21x1_ASAP7_75t_R)
  30.12  282.42 v _059025_/Y (BUFx2_ASAP7_75t_R)
  22.46  304.88 v _106796_/Y (AND3x1_ASAP7_75t_R)
  25.16  330.03 v _106797_/Y (AO21x1_ASAP7_75t_R)
   0.00  330.03 v _117838_/D (DFFASRHQNx1_ASAP7_75t_R)
         330.03   data arrival time

   0.00    0.00   clock clk (rise edge)
   0.00    0.00   clock network delay (ideal)
   0.00    0.00   clock reconvergence pessimism
           0.00 ^ _117838_/CLK (DFFASRHQNx1_ASAP7_75t_R)
  15.91   15.91   library hold time
          15.91   data required time
---------------------------------------------------------
          15.91   data required time
        -330.03   data arrival time
---------------------------------------------------------
         314.12   slack (MET)


Startpoint: _115218_ (rising edge-triggered flip-flop clocked by clk)
Endpoint: _115741_ (rising edge-triggered flip-flop clocked by clk)
Path Group: clk
Path Type: min

  Delay    Time   Description
---------------------------------------------------------
   0.00    0.00   clock clk (rise edge)
   0.00    0.00   clock network delay (ideal)
   0.00    0.00 ^ _115218_/CLK (DFFASRHQNx1_ASAP7_75t_R)
  91.92   91.92 ^ _115218_/QN (DFFASRHQNx1_ASAP7_75t_R)
  26.78  118.70 v _107053_/SN (HAxp5_ASAP7_75t_R)
  42.04  160.74 v _059136_/Y (XOR2x2_ASAP7_75t_R)
  17.01  177.75 ^ _107055_/SN (HAxp5_ASAP7_75t_R)
  21.43  199.18 ^ _079401_/Y (OR4x1_ASAP7_75t_R)
  28.42  227.59 ^ _079410_/Y (OA21x2_ASAP7_75t_R)
  12.54  240.14 v _079411_/Y (NOR2x1_ASAP7_75t_R)
  17.33  257.47 ^ _079413_/Y (OAI21x1_ASAP7_75t_R)
  14.08  271.55 v _079418_/Y (AOI21x1_ASAP7_75t_R)
  17.78  289.34 ^ _079419_/Y (NOR2x1_ASAP7_75t_R)
  14.24  303.58 v _101100_/Y (NAND2x1_ASAP7_75t_R)
  19.04  322.62 ^ _101101_/Y (AOI211x1_ASAP7_75t_R)
   0.00  322.62 ^ _115741_/D (DFFASRHQNx1_ASAP7_75t_R)
         322.62   data arrival time

   0.00    0.00   clock clk (rise edge)
   0.00    0.00   clock network delay (ideal)
   0.00    0.00   clock reconvergence pessimism
           0.00 ^ _115741_/CLK (DFFASRHQNx1_ASAP7_75t_R)
 -11.59  -11.59   library hold time
         -11.59   data required time
---------------------------------------------------------
         -11.59   data required time
        -322.62   data arrival time
---------------------------------------------------------
         334.21   slack (MET)


Startpoint: _115946_ (rising edge-triggered flip-flop clocked by clk)
Endpoint: _117836_ (rising edge-triggered flip-flop clocked by clk)
Path Group: clk
Path Type: min

  Delay    Time   Description
---------------------------------------------------------
   0.00    0.00   clock clk (rise edge)
   0.00    0.00   clock network delay (ideal)
   0.00    0.00 ^ _115946_/CLK (DFFASRHQNx1_ASAP7_75t_R)
  98.84   98.84 ^ _115946_/QN (DFFASRHQNx1_ASAP7_75t_R)
  21.70  120.54 v _058990_/Y (NAND2x1_ASAP7_75t_R)
  24.17  144.71 v _058994_/Y (AND4x1_ASAP7_75t_R)
  19.98  164.69 v _059006_/Y (AND4x1_ASAP7_75t_R)
  27.38  192.08 v _059022_/Y (AND3x1_ASAP7_75t_R)
  34.17  226.25 v _059023_/Y (AND2x2_ASAP7_75t_R)
  26.06  252.31 v _059024_/Y (AO21x1_ASAP7_75t_R)
  30.12  282.42 v _059025_/Y (BUFx2_ASAP7_75t_R)
  22.46  304.88 v _106790_/Y (AND3x1_ASAP7_75t_R)
  25.16  330.03 v _106791_/Y (AO21x1_ASAP7_75t_R)
   0.00  330.03 v _117836_/D (DFFASRHQNx1_ASAP7_75t_R)
         330.03   data arrival time

   0.00    0.00   clock clk (rise edge)
   0.00    0.00   clock network delay (ideal)
   0.00    0.00   clock reconvergence pessimism
           0.00 ^ _117836_/CLK (DFFASRHQNx1_ASAP7_75t_R)
  15.91   15.91   library hold time
          15.91   data required time
---------------------------------------------------------
          15.91   data required time
        -330.03   data arrival time
---------------------------------------------------------
         314.12   slack (MET)


Startpoint: _117294_ (rising edge-triggered flip-flop clocked by clk)
Endpoint: _117317_ (rising edge-triggered flip-flop clocked by clk)
Path Group: clk
Path Type: min

  Delay    Time   Description
---------------------------------------------------------
   0.00    0.00   clock clk (rise edge)
   0.00    0.00   clock network delay (ideal)
   0.00    0.00 ^ _117294_/CLK (DFFASRHQNx1_ASAP7_75t_R)
  91.88   91.88 ^ _117294_/QN (DFFASRHQNx1_ASAP7_75t_R)
  21.25  113.14 v _079279_/Y (INVx1_ASAP7_75t_R)
  26.12  139.26 ^ _107300_/CON (HAxp5_ASAP7_75t_R)
  15.36  154.62 v _079284_/Y (INVx2_ASAP7_75t_R)
  41.44  196.06 v _079285_/Y (AND3x4_ASAP7_75t_R)
  35.00  231.06 v _079288_/Y (AND3x4_ASAP7_75t_R)
  35.00  266.06 v _079291_/Y (AND3x4_ASAP7_75t_R)
  35.00  301.05 v _079294_/Y (AND3x4_ASAP7_75t_R)
  35.00  336.05 v _079297_/Y (AND3x4_ASAP7_75t_R)
  35.94  371.99 v _079300_/Y (AND3x4_ASAP7_75t_R)
  20.78  392.76 ^ _079304_/Y (NAND2x2_ASAP7_75t_R)
  16.14  408.91 v _079312_/Y (NOR2x2_ASAP7_75t_R)
  30.07  438.98 v _079316_/Y (AND2x2_ASAP7_75t_R)
  19.72  458.70 ^ _107311_/CON (HAxp5_ASAP7_75t_R)
  39.20  497.90 ^ _105335_/Y (XNOR2x2_ASAP7_75t_R)
  11.70  509.60 v _105336_/Y (NOR2x1_ASAP7_75t_R)
  24.05  533.65 v _105337_/Y (AO21x1_ASAP7_75t_R)
  27.25  560.90 v _105338_/Y (AO22x1_ASAP7_75t_R)
  29.77  590.67 v _105344_/Y (AO21x1_ASAP7_75t_R)
   0.00  590.67 v _117317_/D (DFFASRHQNx1_ASAP7_75t_R)
         590.67   data arrival time

   0.00    0.00   clock clk (rise edge)
   0.00    0.00   clock network delay (ideal)
   0.00    0.00   clock reconvergence pessimism
           0.00 ^ _117317_/CLK (DFFASRHQNx1_ASAP7_75t_R)
  15.91   15.91   library hold time
          15.91   data required time
---------------------------------------------------------
          15.91   data required time
        -590.67   data arrival time
---------------------------------------------------------
         574.76   slack (MET)


Startpoint: _117294_ (rising edge-triggered flip-flop clocked by clk)
Endpoint: _117323_ (rising edge-triggered flip-flop clocked by clk)
Path Group: clk
Path Type: min

  Delay    Time   Description
---------------------------------------------------------
   0.00    0.00   clock clk (rise edge)
   0.00    0.00   clock network delay (ideal)
   0.00    0.00 ^ _117294_/CLK (DFFASRHQNx1_ASAP7_75t_R)
  91.88   91.88 ^ _117294_/QN (DFFASRHQNx1_ASAP7_75t_R)
  21.25  113.14 v _079279_/Y (INVx1_ASAP7_75t_R)
  26.12  139.26 ^ _107300_/CON (HAxp5_ASAP7_75t_R)
  15.36  154.62 v _079284_/Y (INVx2_ASAP7_75t_R)
  41.44  196.06 v _079285_/Y (AND3x4_ASAP7_75t_R)
  35.00  231.06 v _079288_/Y (AND3x4_ASAP7_75t_R)
  35.00  266.06 v _079291_/Y (AND3x4_ASAP7_75t_R)
  35.00  301.05 v _079294_/Y (AND3x4_ASAP7_75t_R)
  35.00  336.05 v _079297_/Y (AND3x4_ASAP7_75t_R)
  35.94  371.99 v _079300_/Y (AND3x4_ASAP7_75t_R)
  20.78  392.76 ^ _079304_/Y (NAND2x2_ASAP7_75t_R)
  19.44  412.20 v _079320_/Y (NOR2x2_ASAP7_75t_R)
  29.66  441.87 v _079328_/Y (AND2x4_ASAP7_75t_R)
  19.01  460.88 ^ _107314_/CON (HAxp5_ASAP7_75t_R)
  38.26  499.14 ^ _105391_/Y (XNOR2x2_ASAP7_75t_R)
  27.11  526.25 ^ _105397_/Y (AO21x1_ASAP7_75t_R)
  14.25  540.50 v _105398_/Y (AOI22x1_ASAP7_75t_R)
  24.17  564.67 v _105399_/Y (OA21x2_ASAP7_75t_R)
   0.00  564.67 v _117323_/D (DFFASRHQNx1_ASAP7_75t_R)
         564.67   data arrival time

   0.00    0.00   clock clk (rise edge)
   0.00    0.00   clock network delay (ideal)
   0.00    0.00   clock reconvergence pessimism
           0.00 ^ _117323_/CLK (DFFASRHQNx1_ASAP7_75t_R)
  16.58   16.58   library hold time
          16.58   data required time
---------------------------------------------------------
          16.58   data required time
        -564.67   data arrival time
---------------------------------------------------------
         548.09   slack (MET)


Startpoint: _117294_ (rising edge-triggered flip-flop clocked by clk)
Endpoint: _117313_ (rising edge-triggered flip-flop clocked by clk)
Path Group: clk
Path Type: min

  Delay    Time   Description
---------------------------------------------------------
   0.00    0.00   clock clk (rise edge)
   0.00    0.00   clock network delay (ideal)
   0.00    0.00 ^ _117294_/CLK (DFFASRHQNx1_ASAP7_75t_R)
  91.88   91.88 ^ _117294_/QN (DFFASRHQNx1_ASAP7_75t_R)
  21.25  113.14 v _079279_/Y (INVx1_ASAP7_75t_R)
  26.12  139.26 ^ _107300_/CON (HAxp5_ASAP7_75t_R)
  15.36  154.62 v _079284_/Y (INVx2_ASAP7_75t_R)
  41.44  196.06 v _079285_/Y (AND3x4_ASAP7_75t_R)
  35.00  231.06 v _079288_/Y (AND3x4_ASAP7_75t_R)
  35.00  266.06 v _079291_/Y (AND3x4_ASAP7_75t_R)
  35.00  301.05 v _079294_/Y (AND3x4_ASAP7_75t_R)
  35.00  336.05 v _079297_/Y (AND3x4_ASAP7_75t_R)
  35.94  371.99 v _079300_/Y (AND3x4_ASAP7_75t_R)
  20.78  392.76 ^ _079304_/Y (NAND2x2_ASAP7_75t_R)
  13.41  406.17 v _079305_/Y (INVx2_ASAP7_75t_R)
  33.86  440.04 v _079308_/Y (AND3x4_ASAP7_75t_R)
  19.96  460.00 ^ _107309_/CON (HAxp5_ASAP7_75t_R)
  38.35  498.35 ^ _105298_/Y (XNOR2x2_ASAP7_75t_R)
  27.11  525.45 ^ _105304_/Y (AO21x1_ASAP7_75t_R)
  14.25  539.71 v _105305_/Y (AOI22x1_ASAP7_75t_R)
  24.60  564.31 v _105306_/Y (OA21x2_ASAP7_75t_R)
   0.00  564.31 v _117313_/D (DFFASRHQNx1_ASAP7_75t_R)
         564.31   data arrival time

   0.00    0.00   clock clk (rise edge)
   0.00    0.00   clock network delay (ideal)
   0.00    0.00   clock reconvergence pessimism
           0.00 ^ _117313_/CLK (DFFASRHQNx1_ASAP7_75t_R)
  16.58   16.58   library hold time
          16.58   data required time
---------------------------------------------------------
          16.58   data required time
        -564.31   data arrival time
---------------------------------------------------------
         547.73   slack (MET)


Startpoint: _117294_ (rising edge-triggered flip-flop clocked by clk)
Endpoint: _117322_ (rising edge-triggered flip-flop clocked by clk)
Path Group: clk
Path Type: min

  Delay    Time   Description
---------------------------------------------------------
   0.00    0.00   clock clk (rise edge)
   0.00    0.00   clock network delay (ideal)
   0.00    0.00 ^ _117294_/CLK (DFFASRHQNx1_ASAP7_75t_R)
  91.88   91.88 ^ _117294_/QN (DFFASRHQNx1_ASAP7_75t_R)
  21.25  113.14 v _079279_/Y (INVx1_ASAP7_75t_R)
  26.12  139.26 ^ _107300_/CON (HAxp5_ASAP7_75t_R)
  15.36  154.62 v _079284_/Y (INVx2_ASAP7_75t_R)
  41.44  196.06 v _079285_/Y (AND3x4_ASAP7_75t_R)
  35.00  231.06 v _079288_/Y (AND3x4_ASAP7_75t_R)
  35.00  266.06 v _079291_/Y (AND3x4_ASAP7_75t_R)
  35.00  301.05 v _079294_/Y (AND3x4_ASAP7_75t_R)
  35.00  336.05 v _079297_/Y (AND3x4_ASAP7_75t_R)
  35.94  371.99 v _079300_/Y (AND3x4_ASAP7_75t_R)
  20.78  392.76 ^ _079304_/Y (NAND2x2_ASAP7_75t_R)
  19.44  412.20 v _079320_/Y (NOR2x2_ASAP7_75t_R)
  29.66  441.87 v _079328_/Y (AND2x4_ASAP7_75t_R)
  17.97  459.83 ^ _107314_/SN (HAxp5_ASAP7_75t_R)
  14.14  473.97 v _105381_/Y (INVx1_ASAP7_75t_R)
  15.00  488.97 ^ _105386_/Y (NOR2x1_ASAP7_75t_R)
  22.28  511.25 ^ _105387_/Y (AO21x1_ASAP7_75t_R)
  14.25  525.49 v _105388_/Y (AOI22x1_ASAP7_75t_R)
  24.60  550.09 v _105389_/Y (OA21x2_ASAP7_75t_R)
   0.00  550.09 v _117322_/D (DFFASRHQNx1_ASAP7_75t_R)
         550.09   data arrival time

   0.00    0.00   clock clk (rise edge)
   0.00    0.00   clock network delay (ideal)
   0.00    0.00   clock reconvergence pessimism
           0.00 ^ _117322_/CLK (DFFASRHQNx1_ASAP7_75t_R)
  16.58   16.58   library hold time
          16.58   data required time
---------------------------------------------------------
          16.58   data required time
        -550.09   data arrival time
---------------------------------------------------------
         533.51   slack (MET)


Startpoint: _117294_ (rising edge-triggered flip-flop clocked by clk)
Endpoint: _117319_ (rising edge-triggered flip-flop clocked by clk)
Path Group: clk
Path Type: min

  Delay    Time   Description
---------------------------------------------------------
   0.00    0.00   clock clk (rise edge)
   0.00    0.00   clock network delay (ideal)
   0.00    0.00 ^ _117294_/CLK (DFFASRHQNx1_ASAP7_75t_R)
  91.88   91.88 ^ _117294_/QN (DFFASRHQNx1_ASAP7_75t_R)
  21.25  113.14 v _079279_/Y (INVx1_ASAP7_75t_R)
  26.12  139.26 ^ _107300_/CON (HAxp5_ASAP7_75t_R)
  15.36  154.62 v _079284_/Y (INVx2_ASAP7_75t_R)
  41.44  196.06 v _079285_/Y (AND3x4_ASAP7_75t_R)
  35.00  231.06 v _079288_/Y (AND3x4_ASAP7_75t_R)
  35.00  266.06 v _079291_/Y (AND3x4_ASAP7_75t_R)
  35.00  301.05 v _079294_/Y (AND3x4_ASAP7_75t_R)
  35.00  336.05 v _079297_/Y (AND3x4_ASAP7_75t_R)
  35.94  371.99 v _079300_/Y (AND3x4_ASAP7_75t_R)
  20.78  392.76 ^ _079304_/Y (NAND2x2_ASAP7_75t_R)
  19.44  412.20 v _079320_/Y (NOR2x2_ASAP7_75t_R)
  22.23  434.43 ^ _107312_/CON (HAxp5_ASAP7_75t_R)
  39.49  473.92 ^ _105354_/Y (XNOR2x2_ASAP7_75t_R)
  11.70  485.62 v _105355_/Y (NOR2x1_ASAP7_75t_R)
  24.05  509.68 v _105356_/Y (AO21x1_ASAP7_75t_R)
  27.25  536.92 v _105357_/Y (AO22x1_ASAP7_75t_R)
  29.77  566.69 v _105363_/Y (AO21x1_ASAP7_75t_R)
   0.00  566.69 v _117319_/D (DFFASRHQNx1_ASAP7_75t_R)
         566.69   data arrival time

   0.00    0.00   clock clk (rise edge)
   0.00    0.00   clock network delay (ideal)
   0.00    0.00   clock reconvergence pessimism
           0.00 ^ _117319_/CLK (DFFASRHQNx1_ASAP7_75t_R)
  15.91   15.91   library hold time
          15.91   data required time
---------------------------------------------------------
          15.91   data required time
        -566.69   data arrival time
---------------------------------------------------------
         550.78   slack (MET)


Startpoint: _117294_ (rising edge-triggered flip-flop clocked by clk)
Endpoint: _117316_ (rising edge-triggered flip-flop clocked by clk)
Path Group: clk
Path Type: min

  Delay    Time   Description
---------------------------------------------------------
   0.00    0.00   clock clk (rise edge)
   0.00    0.00   clock network delay (ideal)
   0.00    0.00 ^ _117294_/CLK (DFFASRHQNx1_ASAP7_75t_R)
  91.88   91.88 ^ _117294_/QN (DFFASRHQNx1_ASAP7_75t_R)
  21.25  113.14 v _079279_/Y (INVx1_ASAP7_75t_R)
  26.12  139.26 ^ _107300_/CON (HAxp5_ASAP7_75t_R)
  15.36  154.62 v _079284_/Y (INVx2_ASAP7_75t_R)
  41.44  196.06 v _079285_/Y (AND3x4_ASAP7_75t_R)
  35.00  231.06 v _079288_/Y (AND3x4_ASAP7_75t_R)
  35.00  266.06 v _079291_/Y (AND3x4_ASAP7_75t_R)
  35.00  301.05 v _079294_/Y (AND3x4_ASAP7_75t_R)
  35.00  336.05 v _079297_/Y (AND3x4_ASAP7_75t_R)
  35.94  371.99 v _079300_/Y (AND3x4_ASAP7_75t_R)
  20.78  392.76 ^ _079304_/Y (NAND2x2_ASAP7_75t_R)
  16.14  408.91 v _079312_/Y (NOR2x2_ASAP7_75t_R)
  30.07  438.98 v _079316_/Y (AND2x2_ASAP7_75t_R)
  18.57  457.55 ^ _107311_/SN (HAxp5_ASAP7_75t_R)
  14.14  471.69 v _105325_/Y (INVx1_ASAP7_75t_R)
  15.00  486.69 ^ _105330_/Y (NOR2x1_ASAP7_75t_R)
  22.28  508.97 ^ _105331_/Y (AO21x1_ASAP7_75t_R)
  14.25  523.22 v _105332_/Y (AOI22x1_ASAP7_75t_R)
  24.60  547.81 v _105333_/Y (OA21x2_ASAP7_75t_R)
   0.00  547.81 v _117316_/D (DFFASRHQNx1_ASAP7_75t_R)
         547.81   data arrival time

   0.00    0.00   clock clk (rise edge)
   0.00    0.00   clock network delay (ideal)
   0.00    0.00   clock reconvergence pessimism
           0.00 ^ _117316_/CLK (DFFASRHQNx1_ASAP7_75t_R)
  16.58   16.58   library hold time
          16.58   data required time
---------------------------------------------------------
          16.58   data required time
        -547.81   data arrival time
---------------------------------------------------------
         531.23   slack (MET)


Startpoint: _117294_ (rising edge-triggered flip-flop clocked by clk)
Endpoint: _117311_ (rising edge-triggered flip-flop clocked by clk)
Path Group: clk
Path Type: min

  Delay    Time   Description
---------------------------------------------------------
   0.00    0.00   clock clk (rise edge)
   0.00    0.00   clock network delay (ideal)
   0.00    0.00 ^ _117294_/CLK (DFFASRHQNx1_ASAP7_75t_R)
  91.88   91.88 ^ _117294_/QN (DFFASRHQNx1_ASAP7_75t_R)
  21.25  113.14 v _079279_/Y (INVx1_ASAP7_75t_R)
  26.12  139.26 ^ _107300_/CON (HAxp5_ASAP7_75t_R)
  15.36  154.62 v _079284_/Y (INVx2_ASAP7_75t_R)
  41.44  196.06 v _079285_/Y (AND3x4_ASAP7_75t_R)
  35.00  231.06 v _079288_/Y (AND3x4_ASAP7_75t_R)
  35.00  266.06 v _079291_/Y (AND3x4_ASAP7_75t_R)
  35.00  301.05 v _079294_/Y (AND3x4_ASAP7_75t_R)
  35.00  336.05 v _079297_/Y (AND3x4_ASAP7_75t_R)
  35.94  371.99 v _079300_/Y (AND3x4_ASAP7_75t_R)
  20.78  392.76 ^ _079304_/Y (NAND2x2_ASAP7_75t_R)
  13.41  406.17 v _079305_/Y (INVx2_ASAP7_75t_R)
  20.20  426.38 ^ _107308_/CON (HAxp5_ASAP7_75t_R)
  39.26  465.63 ^ _105280_/Y (XNOR2x2_ASAP7_75t_R)
  11.70  477.33 v _105281_/Y (NOR2x1_ASAP7_75t_R)
  24.05  501.39 v _105282_/Y (AO21x1_ASAP7_75t_R)
  27.25  528.64 v _105283_/Y (AO22x1_ASAP7_75t_R)
  29.77  558.40 v _105288_/Y (AO21x1_ASAP7_75t_R)
   0.00  558.40 v _117311_/D (DFFASRHQNx1_ASAP7_75t_R)
         558.40   data arrival time

   0.00    0.00   clock clk (rise edge)
   0.00    0.00   clock network delay (ideal)
   0.00    0.00   clock reconvergence pessimism
           0.00 ^ _117311_/CLK (DFFASRHQNx1_ASAP7_75t_R)
  15.91   15.91   library hold time
          15.91   data required time
---------------------------------------------------------
          15.91   data required time
        -558.40   data arrival time
---------------------------------------------------------
         542.49   slack (MET)


Startpoint: _117431_ (rising edge-triggered flip-flop clocked by clk)
Endpoint: _117458_ (rising edge-triggered flip-flop clocked by clk)
Path Group: clk
Path Type: min

  Delay    Time   Description
---------------------------------------------------------
   0.00    0.00   clock clk (rise edge)
   0.00    0.00   clock network delay (ideal)
   0.00    0.00 ^ _117431_/CLK (DFFASRHQNx1_ASAP7_75t_R)
  79.33   79.33 ^ _117431_/QN (DFFASRHQNx1_ASAP7_75t_R)
  25.41  104.74 v _079278_/Y (INVx1_ASAP7_75t_R)
  28.11  132.86 ^ _107274_/CON (HAxp5_ASAP7_75t_R)
  15.61  148.46 v _079232_/Y (INVx2_ASAP7_75t_R)
  41.54  190.00 v _079234_/Y (AND3x4_ASAP7_75t_R)
  35.00  225.00 v _079237_/Y (AND3x4_ASAP7_75t_R)
  35.00  259.99 v _079240_/Y (AND3x4_ASAP7_75t_R)
  35.00  294.99 v _079243_/Y (AND3x4_ASAP7_75t_R)
  35.00  329.99 v _079246_/Y (AND3x4_ASAP7_75t_R)
  35.94  365.93 v _079249_/Y (AND3x4_ASAP7_75t_R)
  20.78  386.70 ^ _079252_/Y (NAND2x2_ASAP7_75t_R)
  19.44  406.14 v _079265_/Y (NOR2x2_ASAP7_75t_R)
  29.66  435.80 v _079268_/Y (AND2x4_ASAP7_75t_R)
  19.04  454.84 ^ _107287_/CON (HAxp5_ASAP7_75t_R)
  36.09  490.93 ^ _105819_/Y (XNOR2x2_ASAP7_75t_R)
  23.40  514.34 ^ _105820_/Y (AO21x1_ASAP7_75t_R)
  21.32  535.66 ^ _105821_/Y (AO21x1_ASAP7_75t_R)
  10.67  546.33 v _105822_/Y (OAI21x1_ASAP7_75t_R)
   0.00  546.33 v _117458_/D (DFFASRHQNx1_ASAP7_75t_R)
         546.33   data arrival time

   0.00    0.00   clock clk (rise edge)
   0.00    0.00   clock network delay (ideal)
   0.00    0.00   clock reconvergence pessimism
           0.00 ^ _117458_/CLK (DFFASRHQNx1_ASAP7_75t_R)
  16.23   16.23   library hold time
          16.23   data required time
---------------------------------------------------------
          16.23   data required time
        -546.33   data arrival time
---------------------------------------------------------
         530.10   slack (MET)


Startpoint: _117294_ (rising edge-triggered flip-flop clocked by clk)
Endpoint: _117321_ (rising edge-triggered flip-flop clocked by clk)
Path Group: clk
Path Type: min

  Delay    Time   Description
---------------------------------------------------------
   0.00    0.00   clock clk (rise edge)
   0.00    0.00   clock network delay (ideal)
   0.00    0.00 ^ _117294_/CLK (DFFASRHQNx1_ASAP7_75t_R)
  91.88   91.88 ^ _117294_/QN (DFFASRHQNx1_ASAP7_75t_R)
  21.25  113.14 v _079279_/Y (INVx1_ASAP7_75t_R)
  26.12  139.26 ^ _107300_/CON (HAxp5_ASAP7_75t_R)
  15.36  154.62 v _079284_/Y (INVx2_ASAP7_75t_R)
  41.44  196.06 v _079285_/Y (AND3x4_ASAP7_75t_R)
  35.00  231.06 v _079288_/Y (AND3x4_ASAP7_75t_R)
  35.00  266.06 v _079291_/Y (AND3x4_ASAP7_75t_R)
  35.00  301.05 v _079294_/Y (AND3x4_ASAP7_75t_R)
  35.00  336.05 v _079297_/Y (AND3x4_ASAP7_75t_R)
  35.94  371.99 v _079300_/Y (AND3x4_ASAP7_75t_R)
  20.78  392.76 ^ _079304_/Y (NAND2x2_ASAP7_75t_R)
  19.44  412.20 v _079320_/Y (NOR2x2_ASAP7_75t_R)
  29.66  441.87 v _079324_/Y (AND2x4_ASAP7_75t_R)
  20.69  462.56 ^ _107313_/CON (HAxp5_ASAP7_75t_R)
  43.94  506.50 v _105372_/Y (XOR2x2_ASAP7_75t_R)
  27.02  533.52 v _105378_/Y (AO21x1_ASAP7_75t_R)
  26.60  560.12 v _105379_/Y (AO32x1_ASAP7_75t_R)
  32.54  592.66 v _105380_/Y (OR2x2_ASAP7_75t_R)
   0.00  592.66 v _117321_/D (DFFASRHQNx1_ASAP7_75t_R)
         592.66   data arrival time

   0.00    0.00   clock clk (rise edge)
   0.00    0.00   clock network delay (ideal)
   0.00    0.00   clock reconvergence pessimism
           0.00 ^ _117321_/CLK (DFFASRHQNx1_ASAP7_75t_R)
  15.55   15.55   library hold time
          15.55   data required time
---------------------------------------------------------
          15.55   data required time
        -592.66   data arrival time
---------------------------------------------------------
         577.10   slack (MET)


Startpoint: _117431_ (rising edge-triggered flip-flop clocked by clk)
Endpoint: _117450_ (rising edge-triggered flip-flop clocked by clk)
Path Group: clk
Path Type: min

  Delay    Time   Description
---------------------------------------------------------
   0.00    0.00   clock clk (rise edge)
   0.00    0.00   clock network delay (ideal)
   0.00    0.00 ^ _117431_/CLK (DFFASRHQNx1_ASAP7_75t_R)
  79.33   79.33 ^ _117431_/QN (DFFASRHQNx1_ASAP7_75t_R)
  25.41  104.74 v _079278_/Y (INVx1_ASAP7_75t_R)
  28.11  132.86 ^ _107274_/CON (HAxp5_ASAP7_75t_R)
  15.61  148.46 v _079232_/Y (INVx2_ASAP7_75t_R)
  41.54  190.00 v _079234_/Y (AND3x4_ASAP7_75t_R)
  35.00  225.00 v _079237_/Y (AND3x4_ASAP7_75t_R)
  35.00  259.99 v _079240_/Y (AND3x4_ASAP7_75t_R)
  35.00  294.99 v _079243_/Y (AND3x4_ASAP7_75t_R)
  35.00  329.99 v _079246_/Y (AND3x4_ASAP7_75t_R)
  35.94  365.93 v _079249_/Y (AND3x4_ASAP7_75t_R)
  20.78  386.70 ^ _079252_/Y (NAND2x2_ASAP7_75t_R)
  13.41  400.11 v _079253_/Y (INVx2_ASAP7_75t_R)
  33.86  433.97 v _079256_/Y (AND3x4_ASAP7_75t_R)
  19.96  453.94 ^ _107283_/CON (HAxp5_ASAP7_75t_R)
  36.17  490.11 ^ _105796_/Y (XNOR2x2_ASAP7_75t_R)
  23.40  513.51 ^ _105797_/Y (AO21x1_ASAP7_75t_R)
  21.32  534.84 ^ _105798_/Y (AO21x1_ASAP7_75t_R)
  10.67  545.51 v _105799_/Y (OAI21x1_ASAP7_75t_R)
   0.00  545.51 v _117450_/D (DFFASRHQNx1_ASAP7_75t_R)
         545.51   data arrival time

   0.00    0.00   clock clk (rise edge)
   0.00    0.00   clock network delay (ideal)
   0.00    0.00   clock reconvergence pessimism
           0.00 ^ _117450_/CLK (DFFASRHQNx1_ASAP7_75t_R)
  16.23   16.23   library hold time
          16.23   data required time
---------------------------------------------------------
          16.23   data required time
        -545.51   data arrival time
---------------------------------------------------------
         529.28   slack (MET)


Startpoint: _117237_ (rising edge-triggered flip-flop clocked by clk)
Endpoint: _117264_ (rising edge-triggered flip-flop clocked by clk)
Path Group: clk
Path Type: min

  Delay    Time   Description
---------------------------------------------------------
   0.00    0.00   clock clk (rise edge)
   0.00    0.00   clock network delay (ideal)
   0.00    0.00 ^ _117237_/CLK (DFFASRHQNx1_ASAP7_75t_R)
  74.75   74.75 ^ _117237_/QN (DFFASRHQNx1_ASAP7_75t_R)
  27.09  101.84 v _079277_/Y (INVx1_ASAP7_75t_R)
  29.80  131.64 ^ _107238_/CON (HAxp5_ASAP7_75t_R)
  15.49  147.13 v _079175_/Y (INVx2_ASAP7_75t_R)
  41.49  188.62 v _079177_/Y (AND3x4_ASAP7_75t_R)
  35.02  223.64 v _079180_/Y (AND3x4_ASAP7_75t_R)
  35.00  258.64 v _079183_/Y (AND3x4_ASAP7_75t_R)
  35.00  293.64 v _079186_/Y (AND3x4_ASAP7_75t_R)
  35.00  328.63 v _079189_/Y (AND3x4_ASAP7_75t_R)
  35.94  364.57 v _079192_/Y (AND3x4_ASAP7_75t_R)
  20.78  385.35 ^ _079195_/Y (NAND2x2_ASAP7_75t_R)
  19.44  404.79 v _079209_/Y (NOR2x2_ASAP7_75t_R)
  29.66  434.45 v _079212_/Y (AND2x4_ASAP7_75t_R)
  19.04  453.49 ^ _107251_/CON (HAxp5_ASAP7_75t_R)
  36.09  489.58 ^ _104965_/Y (XNOR2x2_ASAP7_75t_R)
  23.40  512.98 ^ _104966_/Y (AO21x1_ASAP7_75t_R)
  21.42  534.41 ^ _104967_/Y (AO21x1_ASAP7_75t_R)
  10.67  545.08 v _104968_/Y (OAI21x1_ASAP7_75t_R)
   0.00  545.08 v _117264_/D (DFFASRHQNx1_ASAP7_75t_R)
         545.08   data arrival time

   0.00    0.00   clock clk (rise edge)
   0.00    0.00   clock network delay (ideal)
   0.00    0.00   clock reconvergence pessimism
           0.00 ^ _117264_/CLK (DFFASRHQNx1_ASAP7_75t_R)
  16.23   16.23   library hold time
          16.23   data required time
---------------------------------------------------------
          16.23   data required time
        -545.08   data arrival time
---------------------------------------------------------
         528.85   slack (MET)


Startpoint: _117237_ (rising edge-triggered flip-flop clocked by clk)
Endpoint: _117256_ (rising edge-triggered flip-flop clocked by clk)
Path Group: clk
Path Type: min

  Delay    Time   Description
---------------------------------------------------------
   0.00    0.00   clock clk (rise edge)
   0.00    0.00   clock network delay (ideal)
   0.00    0.00 ^ _117237_/CLK (DFFASRHQNx1_ASAP7_75t_R)
  74.75   74.75 ^ _117237_/QN (DFFASRHQNx1_ASAP7_75t_R)
  27.09  101.84 v _079277_/Y (INVx1_ASAP7_75t_R)
  29.80  131.64 ^ _107238_/CON (HAxp5_ASAP7_75t_R)
  15.49  147.13 v _079175_/Y (INVx2_ASAP7_75t_R)
  41.49  188.62 v _079177_/Y (AND3x4_ASAP7_75t_R)
  35.02  223.64 v _079180_/Y (AND3x4_ASAP7_75t_R)
  35.00  258.64 v _079183_/Y (AND3x4_ASAP7_75t_R)
  35.00  293.64 v _079186_/Y (AND3x4_ASAP7_75t_R)
  35.00  328.63 v _079189_/Y (AND3x4_ASAP7_75t_R)
  35.94  364.57 v _079192_/Y (AND3x4_ASAP7_75t_R)
  20.78  385.35 ^ _079195_/Y (NAND2x2_ASAP7_75t_R)
  13.41  398.76 v _079196_/Y (INVx2_ASAP7_75t_R)
  33.86  432.62 v _079199_/Y (AND3x4_ASAP7_75t_R)
  19.96  452.58 ^ _107247_/CON (HAxp5_ASAP7_75t_R)
  36.17  488.76 ^ _104937_/Y (XNOR2x2_ASAP7_75t_R)
  23.40  512.16 ^ _104938_/Y (AO21x1_ASAP7_75t_R)
  21.37  533.52 ^ _104939_/Y (AO21x1_ASAP7_75t_R)
  10.67  544.20 v _104940_/Y (OAI21x1_ASAP7_75t_R)
   0.00  544.20 v _117256_/D (DFFASRHQNx1_ASAP7_75t_R)
         544.20   data arrival time

   0.00    0.00   clock clk (rise edge)
   0.00    0.00   clock network delay (ideal)
   0.00    0.00   clock reconvergence pessimism
           0.00 ^ _117256_/CLK (DFFASRHQNx1_ASAP7_75t_R)
  16.23   16.23   library hold time
          16.23   data required time
---------------------------------------------------------
          16.23   data required time
        -544.20   data arrival time
---------------------------------------------------------
         527.97   slack (MET)


Startpoint: _117431_ (rising edge-triggered flip-flop clocked by clk)
Endpoint: _117454_ (rising edge-triggered flip-flop clocked by clk)
Path Group: clk
Path Type: min

  Delay    Time   Description
---------------------------------------------------------
   0.00    0.00   clock clk (rise edge)
   0.00    0.00   clock network delay (ideal)
   0.00    0.00 ^ _117431_/CLK (DFFASRHQNx1_ASAP7_75t_R)
  79.33   79.33 ^ _117431_/QN (DFFASRHQNx1_ASAP7_75t_R)
  25.41  104.74 v _079278_/Y (INVx1_ASAP7_75t_R)
  28.11  132.86 ^ _107274_/CON (HAxp5_ASAP7_75t_R)
  15.61  148.46 v _079232_/Y (INVx2_ASAP7_75t_R)
  41.54  190.00 v _079234_/Y (AND3x4_ASAP7_75t_R)
  35.00  225.00 v _079237_/Y (AND3x4_ASAP7_75t_R)
  35.00  259.99 v _079240_/Y (AND3x4_ASAP7_75t_R)
  35.00  294.99 v _079243_/Y (AND3x4_ASAP7_75t_R)
  35.00  329.99 v _079246_/Y (AND3x4_ASAP7_75t_R)
  35.94  365.93 v _079249_/Y (AND3x4_ASAP7_75t_R)
  20.78  386.70 ^ _079252_/Y (NAND2x2_ASAP7_75t_R)
  16.14  402.85 v _079259_/Y (NOR2x2_ASAP7_75t_R)
  30.07  432.92 v _079262_/Y (AND2x2_ASAP7_75t_R)
  19.72  452.64 ^ _107285_/CON (HAxp5_ASAP7_75t_R)
  36.14  488.78 ^ _105807_/Y (XNOR2x2_ASAP7_75t_R)
  23.40  512.19 ^ _105808_/Y (AO21x1_ASAP7_75t_R)
  21.32  533.51 ^ _105809_/Y (AO21x1_ASAP7_75t_R)
  10.67  544.18 v _105810_/Y (OAI21x1_ASAP7_75t_R)
   0.00  544.18 v _117454_/D (DFFASRHQNx1_ASAP7_75t_R)
         544.18   data arrival time

   0.00    0.00   clock clk (rise edge)
   0.00    0.00   clock network delay (ideal)
   0.00    0.00   clock reconvergence pessimism
           0.00 ^ _117454_/CLK (DFFASRHQNx1_ASAP7_75t_R)
  16.23   16.23   library hold time
          16.23   data required time
---------------------------------------------------------
          16.23   data required time
        -544.18   data arrival time
---------------------------------------------------------
         527.95   slack (MET)


Startpoint: _117237_ (rising edge-triggered flip-flop clocked by clk)
Endpoint: _117260_ (rising edge-triggered flip-flop clocked by clk)
Path Group: clk
Path Type: min

  Delay    Time   Description
---------------------------------------------------------
   0.00    0.00   clock clk (rise edge)
   0.00    0.00   clock network delay (ideal)
   0.00    0.00 ^ _117237_/CLK (DFFASRHQNx1_ASAP7_75t_R)
  74.75   74.75 ^ _117237_/QN (DFFASRHQNx1_ASAP7_75t_R)
  27.09  101.84 v _079277_/Y (INVx1_ASAP7_75t_R)
  29.80  131.64 ^ _107238_/CON (HAxp5_ASAP7_75t_R)
  15.49  147.13 v _079175_/Y (INVx2_ASAP7_75t_R)
  41.49  188.62 v _079177_/Y (AND3x4_ASAP7_75t_R)
  35.02  223.64 v _079180_/Y (AND3x4_ASAP7_75t_R)
  35.00  258.64 v _079183_/Y (AND3x4_ASAP7_75t_R)
  35.00  293.64 v _079186_/Y (AND3x4_ASAP7_75t_R)
  35.00  328.63 v _079189_/Y (AND3x4_ASAP7_75t_R)
  35.94  364.57 v _079192_/Y (AND3x4_ASAP7_75t_R)
  20.78  385.35 ^ _079195_/Y (NAND2x2_ASAP7_75t_R)
  16.14  401.49 v _079202_/Y (NOR2x2_ASAP7_75t_R)
  30.07  431.56 v _079206_/Y (AND2x2_ASAP7_75t_R)
  19.72  451.28 ^ _107249_/CON (HAxp5_ASAP7_75t_R)
  36.14  487.43 ^ _104951_/Y (XNOR2x2_ASAP7_75t_R)
  23.40  510.83 ^ _104952_/Y (AO21x1_ASAP7_75t_R)
  21.37  532.20 ^ _104953_/Y (AO21x1_ASAP7_75t_R)
  10.67  542.87 v _104954_/Y (OAI21x1_ASAP7_75t_R)
   0.00  542.87 v _117260_/D (DFFASRHQNx1_ASAP7_75t_R)
         542.87   data arrival time

   0.00    0.00   clock clk (rise edge)
   0.00    0.00   clock network delay (ideal)
   0.00    0.00   clock reconvergence pessimism
           0.00 ^ _117260_/CLK (DFFASRHQNx1_ASAP7_75t_R)
  16.23   16.23   library hold time
          16.23   data required time
---------------------------------------------------------
          16.23   data required time
        -542.87   data arrival time
---------------------------------------------------------
         526.64   slack (MET)


Startpoint: _117294_ (rising edge-triggered flip-flop clocked by clk)
Endpoint: _117320_ (rising edge-triggered flip-flop clocked by clk)
Path Group: clk
Path Type: min

  Delay    Time   Description
---------------------------------------------------------
   0.00    0.00   clock clk (rise edge)
   0.00    0.00   clock network delay (ideal)
   0.00    0.00 ^ _117294_/CLK (DFFASRHQNx1_ASAP7_75t_R)
  91.88   91.88 ^ _117294_/QN (DFFASRHQNx1_ASAP7_75t_R)
  21.25  113.14 v _079279_/Y (INVx1_ASAP7_75t_R)
  26.12  139.26 ^ _107300_/CON (HAxp5_ASAP7_75t_R)
  15.36  154.62 v _079284_/Y (INVx2_ASAP7_75t_R)
  41.44  196.06 v _079285_/Y (AND3x4_ASAP7_75t_R)
  35.00  231.06 v _079288_/Y (AND3x4_ASAP7_75t_R)
  35.00  266.06 v _079291_/Y (AND3x4_ASAP7_75t_R)
  35.00  301.05 v _079294_/Y (AND3x4_ASAP7_75t_R)
  35.00  336.05 v _079297_/Y (AND3x4_ASAP7_75t_R)
  35.94  371.99 v _079300_/Y (AND3x4_ASAP7_75t_R)
  20.78  392.76 ^ _079304_/Y (NAND2x2_ASAP7_75t_R)
  19.44  412.20 v _079320_/Y (NOR2x2_ASAP7_75t_R)
  29.66  441.87 v _079324_/Y (AND2x4_ASAP7_75t_R)
  23.09  464.95 ^ _107313_/SN (HAxp5_ASAP7_75t_R)
  25.87  490.83 ^ _105365_/Y (AO21x1_ASAP7_75t_R)
  26.27  517.10 ^ _105366_/Y (AO21x1_ASAP7_75t_R)
  12.50  529.60 v _105371_/Y (AOI22x1_ASAP7_75t_R)
   0.00  529.60 v _117320_/D (DFFASRHQNx1_ASAP7_75t_R)
         529.60   data arrival time

   0.00    0.00   clock clk (rise edge)
   0.00    0.00   clock network delay (ideal)
   0.00    0.00   clock reconvergence pessimism
           0.00 ^ _117320_/CLK (DFFASRHQNx1_ASAP7_75t_R)
  15.60   15.60   library hold time
          15.60   data required time
---------------------------------------------------------
          15.60   data required time
        -529.60   data arrival time
---------------------------------------------------------
         514.00   slack (MET)


Startpoint: _117294_ (rising edge-triggered flip-flop clocked by clk)
Endpoint: _117312_ (rising edge-triggered flip-flop clocked by clk)
Path Group: clk
Path Type: min

  Delay    Time   Description
---------------------------------------------------------
   0.00    0.00   clock clk (rise edge)
   0.00    0.00   clock network delay (ideal)
   0.00    0.00 ^ _117294_/CLK (DFFASRHQNx1_ASAP7_75t_R)
  91.88   91.88 ^ _117294_/QN (DFFASRHQNx1_ASAP7_75t_R)
  21.25  113.14 v _079279_/Y (INVx1_ASAP7_75t_R)
  26.12  139.26 ^ _107300_/CON (HAxp5_ASAP7_75t_R)
  15.36  154.62 v _079284_/Y (INVx2_ASAP7_75t_R)
  41.44  196.06 v _079285_/Y (AND3x4_ASAP7_75t_R)
  35.00  231.06 v _079288_/Y (AND3x4_ASAP7_75t_R)
  35.00  266.06 v _079291_/Y (AND3x4_ASAP7_75t_R)
  35.00  301.05 v _079294_/Y (AND3x4_ASAP7_75t_R)
  35.00  336.05 v _079297_/Y (AND3x4_ASAP7_75t_R)
  35.94  371.99 v _079300_/Y (AND3x4_ASAP7_75t_R)
  20.78  392.76 ^ _079304_/Y (NAND2x2_ASAP7_75t_R)
  13.41  406.17 v _079305_/Y (INVx2_ASAP7_75t_R)
  33.86  440.04 v _079308_/Y (AND3x4_ASAP7_75t_R)
  23.89  463.93 ^ _107309_/SN (HAxp5_ASAP7_75t_R)
  25.76  489.69 ^ _105290_/Y (AO21x1_ASAP7_75t_R)
  26.27  515.96 ^ _105291_/Y (AO21x1_ASAP7_75t_R)
  12.50  528.46 v _105296_/Y (AOI22x1_ASAP7_75t_R)
   0.00  528.46 v _117312_/D (DFFASRHQNx1_ASAP7_75t_R)
         528.46   data arrival time

   0.00    0.00   clock clk (rise edge)
   0.00    0.00   clock network delay (ideal)
   0.00    0.00   clock reconvergence pessimism
           0.00 ^ _117312_/CLK (DFFASRHQNx1_ASAP7_75t_R)
  15.60   15.60   library hold time
          15.60   data required time
---------------------------------------------------------
          15.60   data required time
        -528.46   data arrival time
---------------------------------------------------------
         512.86   slack (MET)


Startpoint: _114305_ (rising edge-triggered flip-flop clocked by clk)
Endpoint: _111976_ (rising edge-triggered flip-flop clocked by clk)
Path Group: clk
Path Type: min

  Delay    Time   Description
---------------------------------------------------------
   0.00    0.00   clock clk (rise edge)
   0.00    0.00   clock network delay (ideal)
   0.00    0.00 ^ _114305_/CLK (DFFHQNx1_ASAP7_75t_R)
  68.17   68.17 v _114305_/QN (DFFHQNx1_ASAP7_75t_R)
  34.57  102.75 v _059260_/Y (BUFx6f_ASAP7_75t_R)
  17.50  120.24 ^ _059265_/Y (INVx5_ASAP7_75t_R)
  29.00  149.24 ^ _059266_/Y (BUFx12f_ASAP7_75t_R)
  29.10  178.34 ^ _059638_/Y (BUFx4f_ASAP7_75t_R)
  34.21  212.56 ^ _059639_/Y (BUFx3_ASAP7_75t_R)
  27.47  240.03 ^ _059640_/Y (AO21x1_ASAP7_75t_R)
  19.16  259.19 ^ _059641_/Y (AO21x1_ASAP7_75t_R)
  23.12  282.32 ^ _059647_/Y (AO21x1_ASAP7_75t_R)
  23.18  305.50 ^ _059648_/Y (AO21x1_ASAP7_75t_R)
  23.18  328.67 ^ _059649_/Y (AO21x1_ASAP7_75t_R)
  23.18  351.86 ^ _059651_/Y (AO21x1_ASAP7_75t_R)
  26.57  378.43 ^ _059655_/Y (AO21x1_ASAP7_75t_R)
  13.99  392.42 v _059659_/Y (AOI21x1_ASAP7_75t_R)
  33.33  425.75 ^ _060123_/Y (OAI21x1_ASAP7_75t_R)
  19.30  445.05 v _060211_/Y (OAI21x1_ASAP7_75t_R)
   0.00  445.05 v _111976_/D (DFFASRHQNx1_ASAP7_75t_R)
         445.05   data arrival time

   0.00    0.00   clock clk (rise edge)
   0.00    0.00   clock network delay (ideal)
   0.00    0.00   clock reconvergence pessimism
           0.00 ^ _111976_/CLK (DFFASRHQNx1_ASAP7_75t_R)
  16.17   16.17   library hold time
          16.17   data required time
---------------------------------------------------------
          16.17   data required time
        -445.05   data arrival time
---------------------------------------------------------
         428.88   slack (MET)


Startpoint: _114305_ (rising edge-triggered flip-flop clocked by clk)
Endpoint: _117267_ (rising edge-triggered flip-flop clocked by clk)
Path Group: clk
Path Type: min

  Delay    Time   Description
---------------------------------------------------------
   0.00    0.00   clock clk (rise edge)
   0.00    0.00   clock network delay (ideal)
   0.00    0.00 ^ _114305_/CLK (DFFHQNx1_ASAP7_75t_R)
  68.17   68.17 v _114305_/QN (DFFHQNx1_ASAP7_75t_R)
  34.57  102.75 v _059260_/Y (BUFx6f_ASAP7_75t_R)
  17.50  120.24 ^ _059265_/Y (INVx5_ASAP7_75t_R)
  29.00  149.24 ^ _059266_/Y (BUFx12f_ASAP7_75t_R)
  29.10  178.34 ^ _059638_/Y (BUFx4f_ASAP7_75t_R)
  34.21  212.56 ^ _059639_/Y (BUFx3_ASAP7_75t_R)
  27.47  240.03 ^ _059640_/Y (AO21x1_ASAP7_75t_R)
  19.16  259.19 ^ _059641_/Y (AO21x1_ASAP7_75t_R)
  23.12  282.32 ^ _059647_/Y (AO21x1_ASAP7_75t_R)
  23.18  305.50 ^ _059648_/Y (AO21x1_ASAP7_75t_R)
  23.18  328.67 ^ _059649_/Y (AO21x1_ASAP7_75t_R)
  23.18  351.86 ^ _059651_/Y (AO21x1_ASAP7_75t_R)
  26.57  378.43 ^ _059655_/Y (AO21x1_ASAP7_75t_R)
  13.99  392.42 v _059659_/Y (AOI21x1_ASAP7_75t_R)
  33.33  425.75 ^ _060123_/Y (OAI21x1_ASAP7_75t_R)
  19.30  445.05 v _104978_/Y (OAI21x1_ASAP7_75t_R)
   0.00  445.05 v _117267_/D (DFFASRHQNx1_ASAP7_75t_R)
         445.05   data arrival time

   0.00    0.00   clock clk (rise edge)
   0.00    0.00   clock network delay (ideal)
   0.00    0.00   clock reconvergence pessimism
           0.00 ^ _117267_/CLK (DFFASRHQNx1_ASAP7_75t_R)
  16.15   16.15   library hold time
          16.15   data required time
---------------------------------------------------------
          16.15   data required time
        -445.05   data arrival time
---------------------------------------------------------
         428.89   slack (MET)


Startpoint: _114305_ (rising edge-triggered flip-flop clocked by clk)
Endpoint: _117269_ (rising edge-triggered flip-flop clocked by clk)
Path Group: clk
Path Type: min

  Delay    Time   Description
---------------------------------------------------------
   0.00    0.00   clock clk (rise edge)
   0.00    0.00   clock network delay (ideal)
   0.00    0.00 ^ _114305_/CLK (DFFHQNx1_ASAP7_75t_R)
  68.17   68.17 v _114305_/QN (DFFHQNx1_ASAP7_75t_R)
  34.57  102.75 v _059260_/Y (BUFx6f_ASAP7_75t_R)
  17.50  120.24 ^ _059265_/Y (INVx5_ASAP7_75t_R)
  29.00  149.24 ^ _059266_/Y (BUFx12f_ASAP7_75t_R)
  29.10  178.34 ^ _059638_/Y (BUFx4f_ASAP7_75t_R)
  34.21  212.56 ^ _059639_/Y (BUFx3_ASAP7_75t_R)
  27.47  240.03 ^ _059640_/Y (AO21x1_ASAP7_75t_R)
  19.16  259.19 ^ _059641_/Y (AO21x1_ASAP7_75t_R)
  23.12  282.32 ^ _059647_/Y (AO21x1_ASAP7_75t_R)
  23.18  305.50 ^ _059648_/Y (AO21x1_ASAP7_75t_R)
  23.18  328.67 ^ _059649_/Y (AO21x1_ASAP7_75t_R)
  23.18  351.86 ^ _059651_/Y (AO21x1_ASAP7_75t_R)
  26.57  378.43 ^ _059655_/Y (AO21x1_ASAP7_75t_R)
  13.99  392.42 v _059659_/Y (AOI21x1_ASAP7_75t_R)
  33.33  425.75 ^ _060123_/Y (OAI21x1_ASAP7_75t_R)
  19.30  445.05 v _104982_/Y (OAI21x1_ASAP7_75t_R)
   0.00  445.05 v _117269_/D (DFFASRHQNx1_ASAP7_75t_R)
         445.05   data arrival time

   0.00    0.00   clock clk (rise edge)
   0.00    0.00   clock network delay (ideal)
   0.00    0.00   clock reconvergence pessimism
           0.00 ^ _117269_/CLK (DFFASRHQNx1_ASAP7_75t_R)
  16.20   16.20   library hold time
          16.20   data required time
---------------------------------------------------------
          16.20   data required time
        -445.05   data arrival time
---------------------------------------------------------
         428.85   slack (MET)


Startpoint: _114305_ (rising edge-triggered flip-flop clocked by clk)
Endpoint: _117461_ (rising edge-triggered flip-flop clocked by clk)
Path Group: clk
Path Type: min

  Delay    Time   Description
---------------------------------------------------------
   0.00    0.00   clock clk (rise edge)
   0.00    0.00   clock network delay (ideal)
   0.00    0.00 ^ _114305_/CLK (DFFHQNx1_ASAP7_75t_R)
  68.17   68.17 v _114305_/QN (DFFHQNx1_ASAP7_75t_R)
  34.57  102.75 v _059260_/Y (BUFx6f_ASAP7_75t_R)
  17.50  120.24 ^ _059265_/Y (INVx5_ASAP7_75t_R)
  29.00  149.24 ^ _059266_/Y (BUFx12f_ASAP7_75t_R)
  29.10  178.34 ^ _059638_/Y (BUFx4f_ASAP7_75t_R)
  34.21  212.56 ^ _059639_/Y (BUFx3_ASAP7_75t_R)
  27.47  240.03 ^ _059640_/Y (AO21x1_ASAP7_75t_R)
  19.16  259.19 ^ _059641_/Y (AO21x1_ASAP7_75t_R)
  23.12  282.32 ^ _059647_/Y (AO21x1_ASAP7_75t_R)
  23.18  305.50 ^ _059648_/Y (AO21x1_ASAP7_75t_R)
  23.18  328.67 ^ _059649_/Y (AO21x1_ASAP7_75t_R)
  23.18  351.86 ^ _059651_/Y (AO21x1_ASAP7_75t_R)
  26.57  378.43 ^ _059655_/Y (AO21x1_ASAP7_75t_R)
  13.99  392.42 v _059659_/Y (AOI21x1_ASAP7_75t_R)
  33.33  425.75 ^ _060123_/Y (OAI21x1_ASAP7_75t_R)
  19.30  445.05 v _105831_/Y (OAI21x1_ASAP7_75t_R)
   0.00  445.05 v _117461_/D (DFFASRHQNx1_ASAP7_75t_R)
         445.05   data arrival time

   0.00    0.00   clock clk (rise edge)
   0.00    0.00   clock network delay (ideal)
   0.00    0.00   clock reconvergence pessimism
           0.00 ^ _117461_/CLK (DFFASRHQNx1_ASAP7_75t_R)
  15.73   15.73   library hold time
          15.73   data required time
---------------------------------------------------------
          15.73   data required time
        -445.05   data arrival time
---------------------------------------------------------
         429.32   slack (MET)


Startpoint: _117237_ (rising edge-triggered flip-flop clocked by clk)
Endpoint: _117265_ (rising edge-triggered flip-flop clocked by clk)
Path Group: clk
Path Type: min

  Delay    Time   Description
---------------------------------------------------------
   0.00    0.00   clock clk (rise edge)
   0.00    0.00   clock network delay (ideal)
   0.00    0.00 ^ _117237_/CLK (DFFASRHQNx1_ASAP7_75t_R)
  74.75   74.75 ^ _117237_/QN (DFFASRHQNx1_ASAP7_75t_R)
  27.09  101.84 v _079277_/Y (INVx1_ASAP7_75t_R)
  29.80  131.64 ^ _107238_/CON (HAxp5_ASAP7_75t_R)
  15.49  147.13 v _079175_/Y (INVx2_ASAP7_75t_R)
  41.49  188.62 v _079177_/Y (AND3x4_ASAP7_75t_R)
  35.02  223.64 v _079180_/Y (AND3x4_ASAP7_75t_R)
  35.00  258.64 v _079183_/Y (AND3x4_ASAP7_75t_R)
  35.00  293.64 v _079186_/Y (AND3x4_ASAP7_75t_R)
  35.00  328.63 v _079189_/Y (AND3x4_ASAP7_75t_R)
  35.94  364.57 v _079192_/Y (AND3x4_ASAP7_75t_R)
  20.78  385.35 ^ _079195_/Y (NAND2x2_ASAP7_75t_R)
  19.44  404.79 v _079209_/Y (NOR2x2_ASAP7_75t_R)
  29.66  434.45 v _079216_/Y (AND2x4_ASAP7_75t_R)
  17.25  451.70 ^ _107252_/SN (HAxp5_ASAP7_75t_R)
  21.61  473.31 ^ _104969_/Y (OR3x1_ASAP7_75t_R)
  25.22  498.53 ^ _104970_/Y (OA21x2_ASAP7_75t_R)
   9.86  508.39 v _104971_/Y (OAI21x1_ASAP7_75t_R)
   0.00  508.39 v _117265_/D (DFFASRHQNx1_ASAP7_75t_R)
         508.39   data arrival time

   0.00    0.00   clock clk (rise edge)
   0.00    0.00   clock network delay (ideal)
   0.00    0.00   clock reconvergence pessimism
           0.00 ^ _117265_/CLK (DFFASRHQNx1_ASAP7_75t_R)
  16.45   16.45   library hold time
          16.45   data required time
---------------------------------------------------------
          16.45   data required time
        -508.39   data arrival time
---------------------------------------------------------
         491.94   slack (MET)


Startpoint: _114305_ (rising edge-triggered flip-flop clocked by clk)
Endpoint: _111979_ (rising edge-triggered flip-flop clocked by clk)
Path Group: clk
Path Type: min

  Delay    Time   Description
---------------------------------------------------------
   0.00    0.00   clock clk (rise edge)
   0.00    0.00   clock network delay (ideal)
   0.00    0.00 ^ _114305_/CLK (DFFHQNx1_ASAP7_75t_R)
  68.16   68.16 ^ _114305_/QN (DFFHQNx1_ASAP7_75t_R)
  31.17   99.32 ^ _059260_/Y (BUFx6f_ASAP7_75t_R)
  28.45  127.78 ^ _059278_/Y (BUFx12f_ASAP7_75t_R)
  27.76  155.54 ^ _059337_/Y (BUFx12f_ASAP7_75t_R)
  27.33  182.87 ^ _059428_/Y (BUFx6f_ASAP7_75t_R)
  35.54  218.41 ^ _060845_/Y (BUFx3_ASAP7_75t_R)
  28.37  246.78 ^ _061519_/Y (AO21x1_ASAP7_75t_R)
  18.55  265.33 ^ _061520_/Y (AO21x1_ASAP7_75t_R)
  22.98  288.31 ^ _061521_/Y (AO21x1_ASAP7_75t_R)
  23.19  311.50 ^ _061522_/Y (AO21x1_ASAP7_75t_R)
  23.18  334.68 ^ _061523_/Y (AO21x1_ASAP7_75t_R)
  23.20  357.88 ^ _061524_/Y (AO21x1_ASAP7_75t_R)
  26.28  384.16 ^ _061525_/Y (AO21x1_ASAP7_75t_R)
  14.88  399.04 v _061623_/Y (AOI21x1_ASAP7_75t_R)
  28.62  427.66 ^ _061823_/Y (OAI21x1_ASAP7_75t_R)
  17.96  445.62 v _061862_/Y (OAI21x1_ASAP7_75t_R)
   0.00  445.62 v _111979_/D (DFFASRHQNx1_ASAP7_75t_R)
         445.62   data arrival time

   0.00    0.00   clock clk (rise edge)
   0.00    0.00   clock network delay (ideal)
   0.00    0.00   clock reconvergence pessimism
           0.00 ^ _111979_/CLK (DFFASRHQNx1_ASAP7_75t_R)
  16.17   16.17   library hold time
          16.17   data required time
---------------------------------------------------------
          16.17   data required time
        -445.62   data arrival time
---------------------------------------------------------
         429.45   slack (MET)


Startpoint: _114305_ (rising edge-triggered flip-flop clocked by clk)
Endpoint: _111978_ (rising edge-triggered flip-flop clocked by clk)
Path Group: clk
Path Type: min

  Delay    Time   Description
---------------------------------------------------------
   0.00    0.00   clock clk (rise edge)
   0.00    0.00   clock network delay (ideal)
   0.00    0.00 ^ _114305_/CLK (DFFHQNx1_ASAP7_75t_R)
  68.16   68.16 ^ _114305_/QN (DFFHQNx1_ASAP7_75t_R)
  31.17   99.32 ^ _059260_/Y (BUFx6f_ASAP7_75t_R)
  28.45  127.78 ^ _059278_/Y (BUFx12f_ASAP7_75t_R)
  27.76  155.54 ^ _059337_/Y (BUFx12f_ASAP7_75t_R)
  27.26  182.80 ^ _060891_/Y (BUFx6f_ASAP7_75t_R)
  33.86  216.67 ^ _060998_/Y (BUFx3_ASAP7_75t_R)
  27.67  244.34 ^ _061006_/Y (AO21x1_ASAP7_75t_R)
  18.55  262.89 ^ _061007_/Y (AO21x1_ASAP7_75t_R)
  23.63  286.52 ^ _061009_/Y (AO21x1_ASAP7_75t_R)
  23.27  309.79 ^ _061020_/Y (AO21x1_ASAP7_75t_R)
  23.83  333.62 ^ _061021_/Y (AO21x1_ASAP7_75t_R)
  23.27  356.89 ^ _061051_/Y (AO21x1_ASAP7_75t_R)
  26.60  383.49 ^ _061053_/Y (AO21x1_ASAP7_75t_R)
  14.02  397.51 v _061054_/Y (AOI21x1_ASAP7_75t_R)
  28.62  426.14 ^ _061391_/Y (OAI21x1_ASAP7_75t_R)
  17.96  444.10 v _061427_/Y (OAI21x1_ASAP7_75t_R)
   0.00  444.10 v _111978_/D (DFFASRHQNx1_ASAP7_75t_R)
         444.10   data arrival time

   0.00    0.00   clock clk (rise edge)
   0.00    0.00   clock network delay (ideal)
   0.00    0.00   clock reconvergence pessimism
           0.00 ^ _111978_/CLK (DFFASRHQNx1_ASAP7_75t_R)
  16.17   16.17   library hold time
          16.17   data required time
---------------------------------------------------------
          16.17   data required time
        -444.10   data arrival time
---------------------------------------------------------
         427.93   slack (MET)


Startpoint: _114305_ (rising edge-triggered flip-flop clocked by clk)
Endpoint: _111980_ (rising edge-triggered flip-flop clocked by clk)
Path Group: clk
Path Type: min

  Delay    Time   Description
---------------------------------------------------------
   0.00    0.00   clock clk (rise edge)
   0.00    0.00   clock network delay (ideal)
   0.00    0.00 ^ _114305_/CLK (DFFHQNx1_ASAP7_75t_R)
  68.16   68.16 ^ _114305_/QN (DFFHQNx1_ASAP7_75t_R)
  31.17   99.32 ^ _059260_/Y (BUFx6f_ASAP7_75t_R)
  28.45  127.78 ^ _059278_/Y (BUFx12f_ASAP7_75t_R)
  27.76  155.54 ^ _059337_/Y (BUFx12f_ASAP7_75t_R)
  27.26  182.80 ^ _060891_/Y (BUFx6f_ASAP7_75t_R)
  33.86  216.67 ^ _060998_/Y (BUFx3_ASAP7_75t_R)
  27.67  244.34 ^ _062048_/Y (AO21x1_ASAP7_75t_R)
  18.55  262.89 ^ _062049_/Y (AO21x1_ASAP7_75t_R)
  22.98  285.87 ^ _062050_/Y (AO21x1_ASAP7_75t_R)
  23.83  309.70 ^ _062051_/Y (AO21x1_ASAP7_75t_R)
  23.27  332.97 ^ _062070_/Y (AO21x1_ASAP7_75t_R)
  23.91  356.89 ^ _062071_/Y (AO21x1_ASAP7_75t_R)
  26.67  383.55 ^ _062132_/Y (AO21x1_ASAP7_75t_R)
  14.02  397.57 v _062133_/Y (AOI21x1_ASAP7_75t_R)
  28.53  426.11 ^ _062393_/Y (OAI21x1_ASAP7_75t_R)
  17.93  444.04 v _062424_/Y (OAI21x1_ASAP7_75t_R)
   0.00  444.04 v _111980_/D (DFFASRHQNx1_ASAP7_75t_R)
         444.04   data arrival time

   0.00    0.00   clock clk (rise edge)
   0.00    0.00   clock network delay (ideal)
   0.00    0.00   clock reconvergence pessimism
           0.00 ^ _111980_/CLK (DFFASRHQNx1_ASAP7_75t_R)
  16.17   16.17   library hold time
          16.17   data required time
---------------------------------------------------------
          16.17   data required time
        -444.04   data arrival time
---------------------------------------------------------
         427.87   slack (MET)


Startpoint: _114305_ (rising edge-triggered flip-flop clocked by clk)
Endpoint: _111984_ (rising edge-triggered flip-flop clocked by clk)
Path Group: clk
Path Type: min

  Delay    Time   Description
---------------------------------------------------------
   0.00    0.00   clock clk (rise edge)
   0.00    0.00   clock network delay (ideal)
   0.00    0.00 ^ _114305_/CLK (DFFHQNx1_ASAP7_75t_R)
  68.16   68.16 ^ _114305_/QN (DFFHQNx1_ASAP7_75t_R)
  31.17   99.32 ^ _059260_/Y (BUFx6f_ASAP7_75t_R)
  28.45  127.78 ^ _059278_/Y (BUFx12f_ASAP7_75t_R)
  27.76  155.54 ^ _059337_/Y (BUFx12f_ASAP7_75t_R)
  27.26  182.80 ^ _060891_/Y (BUFx6f_ASAP7_75t_R)
  33.86  216.67 ^ _060998_/Y (BUFx3_ASAP7_75t_R)
  27.67  244.34 ^ _064218_/Y (AO21x1_ASAP7_75t_R)
  18.55  262.89 ^ _064219_/Y (AO21x1_ASAP7_75t_R)
  22.98  285.87 ^ _064220_/Y (AO21x1_ASAP7_75t_R)
  23.83  309.70 ^ _064221_/Y (AO21x1_ASAP7_75t_R)
  23.27  332.97 ^ _064233_/Y (AO21x1_ASAP7_75t_R)
  23.91  356.88 ^ _064234_/Y (AO21x1_ASAP7_75t_R)
  26.67  383.55 ^ _064282_/Y (AO21x1_ASAP7_75t_R)
  14.02  397.57 v _064283_/Y (AOI21x1_ASAP7_75t_R)
  28.53  426.10 ^ _064475_/Y (OAI21x1_ASAP7_75t_R)
  17.93  444.04 v _064496_/Y (OAI21x1_ASAP7_75t_R)
   0.00  444.04 v _111984_/D (DFFASRHQNx1_ASAP7_75t_R)
         444.04   data arrival time

   0.00    0.00   clock clk (rise edge)
   0.00    0.00   clock network delay (ideal)
   0.00    0.00   clock reconvergence pessimism
           0.00 ^ _111984_/CLK (DFFASRHQNx1_ASAP7_75t_R)
  16.13   16.13   library hold time
          16.13   data required time
---------------------------------------------------------
          16.13   data required time
        -444.04   data arrival time
---------------------------------------------------------
         427.91   slack (MET)


Startpoint: _114305_ (rising edge-triggered flip-flop clocked by clk)
Endpoint: _111986_ (rising edge-triggered flip-flop clocked by clk)
Path Group: clk
Path Type: min

  Delay    Time   Description
---------------------------------------------------------
   0.00    0.00   clock clk (rise edge)
   0.00    0.00   clock network delay (ideal)
   0.00    0.00 ^ _114305_/CLK (DFFHQNx1_ASAP7_75t_R)
  68.16   68.16 ^ _114305_/QN (DFFHQNx1_ASAP7_75t_R)
  31.17   99.32 ^ _059260_/Y (BUFx6f_ASAP7_75t_R)
  28.45  127.78 ^ _059278_/Y (BUFx12f_ASAP7_75t_R)
  27.76  155.54 ^ _059337_/Y (BUFx12f_ASAP7_75t_R)
  27.26  182.80 ^ _060891_/Y (BUFx6f_ASAP7_75t_R)
  33.86  216.67 ^ _060998_/Y (BUFx3_ASAP7_75t_R)
  27.67  244.34 ^ _065033_/Y (AO21x1_ASAP7_75t_R)
  18.55  262.89 ^ _065034_/Y (AO21x1_ASAP7_75t_R)
  22.98  285.87 ^ _065035_/Y (AO21x1_ASAP7_75t_R)
  23.83  309.70 ^ _065036_/Y (AO21x1_ASAP7_75t_R)
  23.27  332.97 ^ _065048_/Y (AO21x1_ASAP7_75t_R)
  23.85  356.82 ^ _065049_/Y (AO21x1_ASAP7_75t_R)
  26.67  383.49 ^ _065097_/Y (AO21x1_ASAP7_75t_R)
  14.02  397.51 v _065098_/Y (AOI21x1_ASAP7_75t_R)
  28.53  426.04 ^ _065290_/Y (OAI21x1_ASAP7_75t_R)
  17.93  443.97 v _065307_/Y (OAI21x1_ASAP7_75t_R)
   0.00  443.97 v _111986_/D (DFFASRHQNx1_ASAP7_75t_R)
         443.97   data arrival time

   0.00    0.00   clock clk (rise edge)
   0.00    0.00   clock network delay (ideal)
   0.00    0.00   clock reconvergence pessimism
           0.00 ^ _111986_/CLK (DFFASRHQNx1_ASAP7_75t_R)
  15.96   15.96   library hold time
          15.96   data required time
---------------------------------------------------------
          15.96   data required time
        -443.97   data arrival time
---------------------------------------------------------
         428.01   slack (MET)


Startpoint: _114305_ (rising edge-triggered flip-flop clocked by clk)
Endpoint: _117245_ (rising edge-triggered flip-flop clocked by clk)
Path Group: clk
Path Type: min

  Delay    Time   Description
---------------------------------------------------------
   0.00    0.00   clock clk (rise edge)
   0.00    0.00   clock network delay (ideal)
   0.00    0.00 ^ _114305_/CLK (DFFHQNx1_ASAP7_75t_R)
  68.16   68.16 ^ _114305_/QN (DFFHQNx1_ASAP7_75t_R)
  31.17   99.32 ^ _059260_/Y (BUFx6f_ASAP7_75t_R)
  28.45  127.78 ^ _059278_/Y (BUFx12f_ASAP7_75t_R)
  27.76  155.54 ^ _059337_/Y (BUFx12f_ASAP7_75t_R)
  27.26  182.80 ^ _060891_/Y (BUFx6f_ASAP7_75t_R)
  33.86  216.67 ^ _060998_/Y (BUFx3_ASAP7_75t_R)
  27.67  244.34 ^ _065033_/Y (AO21x1_ASAP7_75t_R)
  18.55  262.89 ^ _065034_/Y (AO21x1_ASAP7_75t_R)
  22.98  285.87 ^ _065035_/Y (AO21x1_ASAP7_75t_R)
  23.83  309.70 ^ _065036_/Y (AO21x1_ASAP7_75t_R)
  23.27  332.97 ^ _065048_/Y (AO21x1_ASAP7_75t_R)
  23.85  356.82 ^ _065049_/Y (AO21x1_ASAP7_75t_R)
  26.67  383.49 ^ _065097_/Y (AO21x1_ASAP7_75t_R)
  14.02  397.51 v _065098_/Y (AOI21x1_ASAP7_75t_R)
  28.53  426.04 ^ _065290_/Y (OAI21x1_ASAP7_75t_R)
  17.93  443.97 v _104895_/Y (OAI21x1_ASAP7_75t_R)
   0.00  443.97 v _117245_/D (DFFASRHQNx1_ASAP7_75t_R)
         443.97   data arrival time

   0.00    0.00   clock clk (rise edge)
   0.00    0.00   clock network delay (ideal)
   0.00    0.00   clock reconvergence pessimism
           0.00 ^ _117245_/CLK (DFFASRHQNx1_ASAP7_75t_R)
  16.45   16.45   library hold time
          16.45   data required time
---------------------------------------------------------
          16.45   data required time
        -443.97   data arrival time
---------------------------------------------------------
         427.53   slack (MET)


Startpoint: _114305_ (rising edge-triggered flip-flop clocked by clk)
Endpoint: _111982_ (rising edge-triggered flip-flop clocked by clk)
Path Group: clk
Path Type: min

  Delay    Time   Description
---------------------------------------------------------
   0.00    0.00   clock clk (rise edge)
   0.00    0.00   clock network delay (ideal)
   0.00    0.00 ^ _114305_/CLK (DFFHQNx1_ASAP7_75t_R)
  68.16   68.16 ^ _114305_/QN (DFFHQNx1_ASAP7_75t_R)
  31.17   99.32 ^ _059260_/Y (BUFx6f_ASAP7_75t_R)
  28.45  127.78 ^ _059278_/Y (BUFx12f_ASAP7_75t_R)
  27.76  155.54 ^ _059337_/Y (BUFx12f_ASAP7_75t_R)
  27.26  182.80 ^ _060891_/Y (BUFx6f_ASAP7_75t_R)
  33.86  216.67 ^ _060998_/Y (BUFx3_ASAP7_75t_R)
  27.67  244.34 ^ _063292_/Y (AO21x1_ASAP7_75t_R)
  18.55  262.89 ^ _063293_/Y (AO21x1_ASAP7_75t_R)
  22.98  285.87 ^ _063294_/Y (AO21x1_ASAP7_75t_R)
  23.83  309.70 ^ _063295_/Y (AO21x1_ASAP7_75t_R)
  23.27  332.97 ^ _063307_/Y (AO21x1_ASAP7_75t_R)
  23.91  356.89 ^ _063308_/Y (AO21x1_ASAP7_75t_R)
  26.67  383.55 ^ _063356_/Y (AO21x1_ASAP7_75t_R)
  14.02  397.57 v _063357_/Y (AOI21x1_ASAP7_75t_R)
  28.53  426.11 ^ _063549_/Y (OAI21x1_ASAP7_75t_R)
  17.93  444.04 v _063575_/Y (OAI21x1_ASAP7_75t_R)
   0.00  444.04 v _111982_/D (DFFASRHQNx1_ASAP7_75t_R)
         444.04   data arrival time

   0.00    0.00   clock clk (rise edge)
   0.00    0.00   clock network delay (ideal)
   0.00    0.00   clock reconvergence pessimism
           0.00 ^ _111982_/CLK (DFFASRHQNx1_ASAP7_75t_R)
  15.96   15.96   library hold time
          15.96   data required time
---------------------------------------------------------
          15.96   data required time
        -444.04   data arrival time
---------------------------------------------------------
         428.08   slack (MET)


Startpoint: _114305_ (rising edge-triggered flip-flop clocked by clk)
Endpoint: _117239_ (rising edge-triggered flip-flop clocked by clk)
Path Group: clk
Path Type: min

  Delay    Time   Description
---------------------------------------------------------
   0.00    0.00   clock clk (rise edge)
   0.00    0.00   clock network delay (ideal)
   0.00    0.00 ^ _114305_/CLK (DFFHQNx1_ASAP7_75t_R)
  68.16   68.16 ^ _114305_/QN (DFFHQNx1_ASAP7_75t_R)
  31.17   99.32 ^ _059260_/Y (BUFx6f_ASAP7_75t_R)
  28.45  127.78 ^ _059278_/Y (BUFx12f_ASAP7_75t_R)
  27.76  155.54 ^ _059337_/Y (BUFx12f_ASAP7_75t_R)
  27.26  182.80 ^ _060891_/Y (BUFx6f_ASAP7_75t_R)
  33.86  216.67 ^ _060998_/Y (BUFx3_ASAP7_75t_R)
  27.67  244.34 ^ _062048_/Y (AO21x1_ASAP7_75t_R)
  18.55  262.89 ^ _062049_/Y (AO21x1_ASAP7_75t_R)
  22.98  285.87 ^ _062050_/Y (AO21x1_ASAP7_75t_R)
  23.83  309.70 ^ _062051_/Y (AO21x1_ASAP7_75t_R)
  23.27  332.97 ^ _062070_/Y (AO21x1_ASAP7_75t_R)
  23.91  356.89 ^ _062071_/Y (AO21x1_ASAP7_75t_R)
  26.67  383.55 ^ _062132_/Y (AO21x1_ASAP7_75t_R)
  14.02  397.57 v _062133_/Y (AOI21x1_ASAP7_75t_R)
  28.53  426.11 ^ _062393_/Y (OAI21x1_ASAP7_75t_R)
  17.93  444.04 v _104870_/Y (OAI21x1_ASAP7_75t_R)
   0.00  444.04 v _117239_/D (DFFASRHQNx1_ASAP7_75t_R)
         444.04   data arrival time

   0.00    0.00   clock clk (rise edge)
   0.00    0.00   clock network delay (ideal)
   0.00    0.00   clock reconvergence pessimism
           0.00 ^ _117239_/CLK (DFFASRHQNx1_ASAP7_75t_R)
  16.45   16.45   library hold time
          16.45   data required time
---------------------------------------------------------
          16.45   data required time
        -444.04   data arrival time
---------------------------------------------------------
         427.60   slack (MET)


Startpoint: _114305_ (rising edge-triggered flip-flop clocked by clk)
Endpoint: _117243_ (rising edge-triggered flip-flop clocked by clk)
Path Group: clk
Path Type: min

  Delay    Time   Description
---------------------------------------------------------
   0.00    0.00   clock clk (rise edge)
   0.00    0.00   clock network delay (ideal)
   0.00    0.00 ^ _114305_/CLK (DFFHQNx1_ASAP7_75t_R)
  68.16   68.16 ^ _114305_/QN (DFFHQNx1_ASAP7_75t_R)
  31.17   99.32 ^ _059260_/Y (BUFx6f_ASAP7_75t_R)
  28.45  127.78 ^ _059278_/Y (BUFx12f_ASAP7_75t_R)
  27.76  155.54 ^ _059337_/Y (BUFx12f_ASAP7_75t_R)
  27.26  182.80 ^ _060891_/Y (BUFx6f_ASAP7_75t_R)
  33.86  216.67 ^ _060998_/Y (BUFx3_ASAP7_75t_R)
  27.67  244.34 ^ _064218_/Y (AO21x1_ASAP7_75t_R)
  18.55  262.89 ^ _064219_/Y (AO21x1_ASAP7_75t_R)
  22.98  285.87 ^ _064220_/Y (AO21x1_ASAP7_75t_R)
  23.83  309.70 ^ _064221_/Y (AO21x1_ASAP7_75t_R)
  23.27  332.97 ^ _064233_/Y (AO21x1_ASAP7_75t_R)
  23.91  356.88 ^ _064234_/Y (AO21x1_ASAP7_75t_R)
  26.67  383.55 ^ _064282_/Y (AO21x1_ASAP7_75t_R)
  14.02  397.57 v _064283_/Y (AOI21x1_ASAP7_75t_R)
  28.53  426.10 ^ _064475_/Y (OAI21x1_ASAP7_75t_R)
  17.93  444.04 v _104887_/Y (OAI21x1_ASAP7_75t_R)
   0.00  444.04 v _117243_/D (DFFASRHQNx1_ASAP7_75t_R)
         444.04   data arrival time

   0.00    0.00   clock clk (rise edge)
   0.00    0.00   clock network delay (ideal)
   0.00    0.00   clock reconvergence pessimism
           0.00 ^ _117243_/CLK (DFFASRHQNx1_ASAP7_75t_R)
  16.45   16.45   library hold time
          16.45   data required time
---------------------------------------------------------
          16.45   data required time
        -444.04   data arrival time
---------------------------------------------------------
         427.59   slack (MET)


Startpoint: _114305_ (rising edge-triggered flip-flop clocked by clk)
Endpoint: _117241_ (rising edge-triggered flip-flop clocked by clk)
Path Group: clk
Path Type: min

  Delay    Time   Description
---------------------------------------------------------
   0.00    0.00   clock clk (rise edge)
   0.00    0.00   clock network delay (ideal)
   0.00    0.00 ^ _114305_/CLK (DFFHQNx1_ASAP7_75t_R)
  68.16   68.16 ^ _114305_/QN (DFFHQNx1_ASAP7_75t_R)
  31.17   99.32 ^ _059260_/Y (BUFx6f_ASAP7_75t_R)
  28.45  127.78 ^ _059278_/Y (BUFx12f_ASAP7_75t_R)
  27.76  155.54 ^ _059337_/Y (BUFx12f_ASAP7_75t_R)
  27.26  182.80 ^ _060891_/Y (BUFx6f_ASAP7_75t_R)
  33.86  216.67 ^ _060998_/Y (BUFx3_ASAP7_75t_R)
  27.67  244.34 ^ _063292_/Y (AO21x1_ASAP7_75t_R)
  18.55  262.89 ^ _063293_/Y (AO21x1_ASAP7_75t_R)
  22.98  285.87 ^ _063294_/Y (AO21x1_ASAP7_75t_R)
  23.83  309.70 ^ _063295_/Y (AO21x1_ASAP7_75t_R)
  23.27  332.97 ^ _063307_/Y (AO21x1_ASAP7_75t_R)
  23.91  356.89 ^ _063308_/Y (AO21x1_ASAP7_75t_R)
  26.67  383.55 ^ _063356_/Y (AO21x1_ASAP7_75t_R)
  14.02  397.57 v _063357_/Y (AOI21x1_ASAP7_75t_R)
  28.53  426.11 ^ _063549_/Y (OAI21x1_ASAP7_75t_R)
  17.93  444.04 v _104879_/Y (OAI21x1_ASAP7_75t_R)
   0.00  444.04 v _117241_/D (DFFASRHQNx1_ASAP7_75t_R)
         444.04   data arrival time

   0.00    0.00   clock clk (rise edge)
   0.00    0.00   clock network delay (ideal)
   0.00    0.00   clock reconvergence pessimism
           0.00 ^ _117241_/CLK (DFFASRHQNx1_ASAP7_75t_R)
  16.45   16.45   library hold time
          16.45   data required time
---------------------------------------------------------
          16.45   data required time
        -444.04   data arrival time
---------------------------------------------------------
         427.60   slack (MET)


Startpoint: _114305_ (rising edge-triggered flip-flop clocked by clk)
Endpoint: _117238_ (rising edge-triggered flip-flop clocked by clk)
Path Group: clk
Path Type: min

  Delay    Time   Description
---------------------------------------------------------
   0.00    0.00   clock clk (rise edge)
   0.00    0.00   clock network delay (ideal)
   0.00    0.00 ^ _114305_/CLK (DFFHQNx1_ASAP7_75t_R)
  68.16   68.16 ^ _114305_/QN (DFFHQNx1_ASAP7_75t_R)
  31.17   99.32 ^ _059260_/Y (BUFx6f_ASAP7_75t_R)
  28.45  127.78 ^ _059278_/Y (BUFx12f_ASAP7_75t_R)
  27.76  155.54 ^ _059337_/Y (BUFx12f_ASAP7_75t_R)
  27.33  182.87 ^ _059428_/Y (BUFx6f_ASAP7_75t_R)
  35.54  218.41 ^ _060845_/Y (BUFx3_ASAP7_75t_R)
  28.37  246.78 ^ _061519_/Y (AO21x1_ASAP7_75t_R)
  18.55  265.33 ^ _061520_/Y (AO21x1_ASAP7_75t_R)
  22.98  288.31 ^ _061521_/Y (AO21x1_ASAP7_75t_R)
  23.19  311.50 ^ _061522_/Y (AO21x1_ASAP7_75t_R)
  23.18  334.68 ^ _061523_/Y (AO21x1_ASAP7_75t_R)
  23.20  357.88 ^ _061524_/Y (AO21x1_ASAP7_75t_R)
  26.28  384.16 ^ _061525_/Y (AO21x1_ASAP7_75t_R)
  14.88  399.04 v _061623_/Y (AOI21x1_ASAP7_75t_R)
  28.62  427.66 ^ _061823_/Y (OAI21x1_ASAP7_75t_R)
  17.51  445.17 v _104862_/Y (AOI21x1_ASAP7_75t_R)
   0.00  445.17 v _117238_/D (DFFASRHQNx1_ASAP7_75t_R)
         445.17   data arrival time

   0.00    0.00   clock clk (rise edge)
   0.00    0.00   clock network delay (ideal)
   0.00    0.00   clock reconvergence pessimism
           0.00 ^ _117238_/CLK (DFFASRHQNx1_ASAP7_75t_R)
  16.26   16.26   library hold time
          16.26   data required time
---------------------------------------------------------
          16.26   data required time
        -445.17   data arrival time
---------------------------------------------------------
         428.90   slack (MET)


Startpoint: _114305_ (rising edge-triggered flip-flop clocked by clk)
Endpoint: _117432_ (rising edge-triggered flip-flop clocked by clk)
Path Group: clk
Path Type: min

  Delay    Time   Description
---------------------------------------------------------
   0.00    0.00   clock clk (rise edge)
   0.00    0.00   clock network delay (ideal)
   0.00    0.00 ^ _114305_/CLK (DFFHQNx1_ASAP7_75t_R)
  68.16   68.16 ^ _114305_/QN (DFFHQNx1_ASAP7_75t_R)
  31.17   99.32 ^ _059260_/Y (BUFx6f_ASAP7_75t_R)
  28.45  127.78 ^ _059278_/Y (BUFx12f_ASAP7_75t_R)
  27.76  155.54 ^ _059337_/Y (BUFx12f_ASAP7_75t_R)
  27.33  182.87 ^ _059428_/Y (BUFx6f_ASAP7_75t_R)
  35.54  218.41 ^ _060845_/Y (BUFx3_ASAP7_75t_R)
  28.37  246.78 ^ _061519_/Y (AO21x1_ASAP7_75t_R)
  18.55  265.33 ^ _061520_/Y (AO21x1_ASAP7_75t_R)
  22.98  288.31 ^ _061521_/Y (AO21x1_ASAP7_75t_R)
  23.19  311.50 ^ _061522_/Y (AO21x1_ASAP7_75t_R)
  23.18  334.68 ^ _061523_/Y (AO21x1_ASAP7_75t_R)
  23.20  357.88 ^ _061524_/Y (AO21x1_ASAP7_75t_R)
  26.28  384.16 ^ _061525_/Y (AO21x1_ASAP7_75t_R)
  14.88  399.04 v _061623_/Y (AOI21x1_ASAP7_75t_R)
  28.62  427.66 ^ _061823_/Y (OAI21x1_ASAP7_75t_R)
  17.51  445.17 v _105735_/Y (AOI21x1_ASAP7_75t_R)
   0.00  445.17 v _117432_/D (DFFASRHQNx1_ASAP7_75t_R)
         445.17   data arrival time

   0.00    0.00   clock clk (rise edge)
   0.00    0.00   clock network delay (ideal)
   0.00    0.00   clock reconvergence pessimism
           0.00 ^ _117432_/CLK (DFFASRHQNx1_ASAP7_75t_R)
  16.12   16.12   library hold time
          16.12   data required time
---------------------------------------------------------
          16.12   data required time
        -445.17   data arrival time
---------------------------------------------------------
         429.05   slack (MET)


Startpoint: _114305_ (rising edge-triggered flip-flop clocked by clk)
Endpoint: _117237_ (rising edge-triggered flip-flop clocked by clk)
Path Group: clk
Path Type: min

  Delay    Time   Description
---------------------------------------------------------
   0.00    0.00   clock clk (rise edge)
   0.00    0.00   clock network delay (ideal)
   0.00    0.00 ^ _114305_/CLK (DFFHQNx1_ASAP7_75t_R)
  68.16   68.16 ^ _114305_/QN (DFFHQNx1_ASAP7_75t_R)
  31.17   99.32 ^ _059260_/Y (BUFx6f_ASAP7_75t_R)
  28.45  127.78 ^ _059278_/Y (BUFx12f_ASAP7_75t_R)
  27.76  155.54 ^ _059337_/Y (BUFx12f_ASAP7_75t_R)
  27.26  182.80 ^ _060891_/Y (BUFx6f_ASAP7_75t_R)
  33.86  216.67 ^ _060998_/Y (BUFx3_ASAP7_75t_R)
  27.67  244.34 ^ _061006_/Y (AO21x1_ASAP7_75t_R)
  18.55  262.89 ^ _061007_/Y (AO21x1_ASAP7_75t_R)
  23.63  286.52 ^ _061009_/Y (AO21x1_ASAP7_75t_R)
  23.27  309.79 ^ _061020_/Y (AO21x1_ASAP7_75t_R)
  23.83  333.62 ^ _061021_/Y (AO21x1_ASAP7_75t_R)
  23.27  356.89 ^ _061051_/Y (AO21x1_ASAP7_75t_R)
  26.60  383.49 ^ _061053_/Y (AO21x1_ASAP7_75t_R)
  14.02  397.51 v _061054_/Y (AOI21x1_ASAP7_75t_R)
  28.62  426.14 ^ _061391_/Y (OAI21x1_ASAP7_75t_R)
  17.51  443.65 v _104858_/Y (AOI21x1_ASAP7_75t_R)
   0.00  443.65 v _117237_/D (DFFASRHQNx1_ASAP7_75t_R)
         443.65   data arrival time

   0.00    0.00   clock clk (rise edge)
   0.00    0.00   clock network delay (ideal)
   0.00    0.00   clock reconvergence pessimism
           0.00 ^ _117237_/CLK (DFFASRHQNx1_ASAP7_75t_R)
  16.47   16.47   library hold time
          16.47   data required time
---------------------------------------------------------
          16.47   data required time
        -443.65   data arrival time
---------------------------------------------------------
         427.18   slack (MET)


Startpoint: _114305_ (rising edge-triggered flip-flop clocked by clk)
Endpoint: _117431_ (rising edge-triggered flip-flop clocked by clk)
Path Group: clk
Path Type: min

  Delay    Time   Description
---------------------------------------------------------
   0.00    0.00   clock clk (rise edge)
   0.00    0.00   clock network delay (ideal)
   0.00    0.00 ^ _114305_/CLK (DFFHQNx1_ASAP7_75t_R)
  68.16   68.16 ^ _114305_/QN (DFFHQNx1_ASAP7_75t_R)
  31.17   99.32 ^ _059260_/Y (BUFx6f_ASAP7_75t_R)
  28.45  127.78 ^ _059278_/Y (BUFx12f_ASAP7_75t_R)
  27.76  155.54 ^ _059337_/Y (BUFx12f_ASAP7_75t_R)
  27.26  182.80 ^ _060891_/Y (BUFx6f_ASAP7_75t_R)
  33.86  216.67 ^ _060998_/Y (BUFx3_ASAP7_75t_R)
  27.67  244.34 ^ _061006_/Y (AO21x1_ASAP7_75t_R)
  18.55  262.89 ^ _061007_/Y (AO21x1_ASAP7_75t_R)
  23.63  286.52 ^ _061009_/Y (AO21x1_ASAP7_75t_R)
  23.27  309.79 ^ _061020_/Y (AO21x1_ASAP7_75t_R)
  23.83  333.62 ^ _061021_/Y (AO21x1_ASAP7_75t_R)
  23.27  356.89 ^ _061051_/Y (AO21x1_ASAP7_75t_R)
  26.60  383.49 ^ _061053_/Y (AO21x1_ASAP7_75t_R)
  14.02  397.51 v _061054_/Y (AOI21x1_ASAP7_75t_R)
  28.62  426.14 ^ _061391_/Y (OAI21x1_ASAP7_75t_R)
  17.51  443.65 v _105731_/Y (AOI21x1_ASAP7_75t_R)
   0.00  443.65 v _117431_/D (DFFASRHQNx1_ASAP7_75t_R)
         443.65   data arrival time

   0.00    0.00   clock clk (rise edge)
   0.00    0.00   clock network delay (ideal)
   0.00    0.00   clock reconvergence pessimism
           0.00 ^ _117431_/CLK (DFFASRHQNx1_ASAP7_75t_R)
  16.50   16.50   library hold time
          16.50   data required time
---------------------------------------------------------
          16.50   data required time
        -443.65   data arrival time
---------------------------------------------------------
         427.15   slack (MET)


Startpoint: _114305_ (rising edge-triggered flip-flop clocked by clk)
Endpoint: _117433_ (rising edge-triggered flip-flop clocked by clk)
Path Group: clk
Path Type: min

  Delay    Time   Description
---------------------------------------------------------
   0.00    0.00   clock clk (rise edge)
   0.00    0.00   clock network delay (ideal)
   0.00    0.00 ^ _114305_/CLK (DFFHQNx1_ASAP7_75t_R)
  68.16   68.16 ^ _114305_/QN (DFFHQNx1_ASAP7_75t_R)
  31.17   99.32 ^ _059260_/Y (BUFx6f_ASAP7_75t_R)
  28.45  127.78 ^ _059278_/Y (BUFx12f_ASAP7_75t_R)
  27.76  155.54 ^ _059337_/Y (BUFx12f_ASAP7_75t_R)
  27.26  182.80 ^ _060891_/Y (BUFx6f_ASAP7_75t_R)
  33.86  216.67 ^ _060998_/Y (BUFx3_ASAP7_75t_R)
  27.67  244.34 ^ _062048_/Y (AO21x1_ASAP7_75t_R)
  18.55  262.89 ^ _062049_/Y (AO21x1_ASAP7_75t_R)
  22.98  285.87 ^ _062050_/Y (AO21x1_ASAP7_75t_R)
  23.83  309.70 ^ _062051_/Y (AO21x1_ASAP7_75t_R)
  23.27  332.97 ^ _062070_/Y (AO21x1_ASAP7_75t_R)
  23.91  356.89 ^ _062071_/Y (AO21x1_ASAP7_75t_R)
  26.67  383.55 ^ _062132_/Y (AO21x1_ASAP7_75t_R)
  14.02  397.57 v _062133_/Y (AOI21x1_ASAP7_75t_R)
  28.53  426.11 ^ _062393_/Y (OAI21x1_ASAP7_75t_R)
  17.48  443.59 v _105737_/Y (AOI21x1_ASAP7_75t_R)
   0.00  443.59 v _117433_/D (DFFASRHQNx1_ASAP7_75t_R)
         443.59   data arrival time

   0.00    0.00   clock clk (rise edge)
   0.00    0.00   clock network delay (ideal)
   0.00    0.00   clock reconvergence pessimism
           0.00 ^ _117433_/CLK (DFFASRHQNx1_ASAP7_75t_R)
  16.12   16.12   library hold time
          16.12   data required time
---------------------------------------------------------
          16.12   data required time
        -443.59   data arrival time
---------------------------------------------------------
         427.47   slack (MET)


Startpoint: _114305_ (rising edge-triggered flip-flop clocked by clk)
Endpoint: _117435_ (rising edge-triggered flip-flop clocked by clk)
Path Group: clk
Path Type: min

  Delay    Time   Description
---------------------------------------------------------
   0.00    0.00   clock clk (rise edge)
   0.00    0.00   clock network delay (ideal)
   0.00    0.00 ^ _114305_/CLK (DFFHQNx1_ASAP7_75t_R)
  68.16   68.16 ^ _114305_/QN (DFFHQNx1_ASAP7_75t_R)
  31.17   99.32 ^ _059260_/Y (BUFx6f_ASAP7_75t_R)
  28.45  127.78 ^ _059278_/Y (BUFx12f_ASAP7_75t_R)
  27.76  155.54 ^ _059337_/Y (BUFx12f_ASAP7_75t_R)
  27.26  182.80 ^ _060891_/Y (BUFx6f_ASAP7_75t_R)
  33.86  216.67 ^ _060998_/Y (BUFx3_ASAP7_75t_R)
  27.67  244.34 ^ _063292_/Y (AO21x1_ASAP7_75t_R)
  18.55  262.89 ^ _063293_/Y (AO21x1_ASAP7_75t_R)
  22.98  285.87 ^ _063294_/Y (AO21x1_ASAP7_75t_R)
  23.83  309.70 ^ _063295_/Y (AO21x1_ASAP7_75t_R)
  23.27  332.97 ^ _063307_/Y (AO21x1_ASAP7_75t_R)
  23.91  356.89 ^ _063308_/Y (AO21x1_ASAP7_75t_R)
  26.67  383.55 ^ _063356_/Y (AO21x1_ASAP7_75t_R)
  14.02  397.57 v _063357_/Y (AOI21x1_ASAP7_75t_R)
  28.53  426.11 ^ _063549_/Y (OAI21x1_ASAP7_75t_R)
  17.48  443.59 v _105744_/Y (AOI21x1_ASAP7_75t_R)
   0.00  443.59 v _117435_/D (DFFASRHQNx1_ASAP7_75t_R)
         443.59   data arrival time

   0.00    0.00   clock clk (rise edge)
   0.00    0.00   clock network delay (ideal)
   0.00    0.00   clock reconvergence pessimism
           0.00 ^ _117435_/CLK (DFFASRHQNx1_ASAP7_75t_R)
  16.12   16.12   library hold time
          16.12   data required time
---------------------------------------------------------
          16.12   data required time
        -443.59   data arrival time
---------------------------------------------------------
         427.47   slack (MET)


Startpoint: _114305_ (rising edge-triggered flip-flop clocked by clk)
Endpoint: _117437_ (rising edge-triggered flip-flop clocked by clk)
Path Group: clk
Path Type: min

  Delay    Time   Description
---------------------------------------------------------
   0.00    0.00   clock clk (rise edge)
   0.00    0.00   clock network delay (ideal)
   0.00    0.00 ^ _114305_/CLK (DFFHQNx1_ASAP7_75t_R)
  68.16   68.16 ^ _114305_/QN (DFFHQNx1_ASAP7_75t_R)
  31.17   99.32 ^ _059260_/Y (BUFx6f_ASAP7_75t_R)
  28.45  127.78 ^ _059278_/Y (BUFx12f_ASAP7_75t_R)
  27.76  155.54 ^ _059337_/Y (BUFx12f_ASAP7_75t_R)
  27.26  182.80 ^ _060891_/Y (BUFx6f_ASAP7_75t_R)
  33.86  216.67 ^ _060998_/Y (BUFx3_ASAP7_75t_R)
  27.67  244.34 ^ _064218_/Y (AO21x1_ASAP7_75t_R)
  18.55  262.89 ^ _064219_/Y (AO21x1_ASAP7_75t_R)
  22.98  285.87 ^ _064220_/Y (AO21x1_ASAP7_75t_R)
  23.83  309.70 ^ _064221_/Y (AO21x1_ASAP7_75t_R)
  23.27  332.97 ^ _064233_/Y (AO21x1_ASAP7_75t_R)
  23.91  356.88 ^ _064234_/Y (AO21x1_ASAP7_75t_R)
  26.67  383.55 ^ _064282_/Y (AO21x1_ASAP7_75t_R)
  14.02  397.57 v _064283_/Y (AOI21x1_ASAP7_75t_R)
  28.53  426.10 ^ _064475_/Y (OAI21x1_ASAP7_75t_R)
  17.48  443.59 v _105752_/Y (AOI21x1_ASAP7_75t_R)
   0.00  443.59 v _117437_/D (DFFASRHQNx1_ASAP7_75t_R)
         443.59   data arrival time

   0.00    0.00   clock clk (rise edge)
   0.00    0.00   clock network delay (ideal)
   0.00    0.00   clock reconvergence pessimism
           0.00 ^ _117437_/CLK (DFFASRHQNx1_ASAP7_75t_R)
  16.12   16.12   library hold time
          16.12   data required time
---------------------------------------------------------
          16.12   data required time
        -443.59   data arrival time
---------------------------------------------------------
         427.47   slack (MET)


Startpoint: _114305_ (rising edge-triggered flip-flop clocked by clk)
Endpoint: _117439_ (rising edge-triggered flip-flop clocked by clk)
Path Group: clk
Path Type: min

  Delay    Time   Description
---------------------------------------------------------
   0.00    0.00   clock clk (rise edge)
   0.00    0.00   clock network delay (ideal)
   0.00    0.00 ^ _114305_/CLK (DFFHQNx1_ASAP7_75t_R)
  68.16   68.16 ^ _114305_/QN (DFFHQNx1_ASAP7_75t_R)
  31.17   99.32 ^ _059260_/Y (BUFx6f_ASAP7_75t_R)
  28.45  127.78 ^ _059278_/Y (BUFx12f_ASAP7_75t_R)
  27.76  155.54 ^ _059337_/Y (BUFx12f_ASAP7_75t_R)
  27.26  182.80 ^ _060891_/Y (BUFx6f_ASAP7_75t_R)
  33.86  216.67 ^ _060998_/Y (BUFx3_ASAP7_75t_R)
  27.67  244.34 ^ _065033_/Y (AO21x1_ASAP7_75t_R)
  18.55  262.89 ^ _065034_/Y (AO21x1_ASAP7_75t_R)
  22.98  285.87 ^ _065035_/Y (AO21x1_ASAP7_75t_R)
  23.83  309.70 ^ _065036_/Y (AO21x1_ASAP7_75t_R)
  23.27  332.97 ^ _065048_/Y (AO21x1_ASAP7_75t_R)
  23.85  356.82 ^ _065049_/Y (AO21x1_ASAP7_75t_R)
  26.67  383.49 ^ _065097_/Y (AO21x1_ASAP7_75t_R)
  14.02  397.51 v _065098_/Y (AOI21x1_ASAP7_75t_R)
  28.53  426.04 ^ _065290_/Y (OAI21x1_ASAP7_75t_R)
  17.48  443.52 v _105760_/Y (AOI21x1_ASAP7_75t_R)
   0.00  443.52 v _117439_/D (DFFASRHQNx1_ASAP7_75t_R)
         443.52   data arrival time

   0.00    0.00   clock clk (rise edge)
   0.00    0.00   clock network delay (ideal)
   0.00    0.00   clock reconvergence pessimism
           0.00 ^ _117439_/CLK (DFFASRHQNx1_ASAP7_75t_R)
  16.12   16.12   library hold time
          16.12   data required time
---------------------------------------------------------
          16.12   data required time
        -443.52   data arrival time
---------------------------------------------------------
         427.40   slack (MET)


Startpoint: _117237_ (rising edge-triggered flip-flop clocked by clk)
Endpoint: _117262_ (rising edge-triggered flip-flop clocked by clk)
Path Group: clk
Path Type: min

  Delay    Time   Description
---------------------------------------------------------
   0.00    0.00   clock clk (rise edge)
   0.00    0.00   clock network delay (ideal)
   0.00    0.00 ^ _117237_/CLK (DFFASRHQNx1_ASAP7_75t_R)
  74.75   74.75 ^ _117237_/QN (DFFASRHQNx1_ASAP7_75t_R)
  27.09  101.84 v _079277_/Y (INVx1_ASAP7_75t_R)
  29.80  131.64 ^ _107238_/CON (HAxp5_ASAP7_75t_R)
  15.49  147.13 v _079175_/Y (INVx2_ASAP7_75t_R)
  41.49  188.62 v _079177_/Y (AND3x4_ASAP7_75t_R)
  35.02  223.64 v _079180_/Y (AND3x4_ASAP7_75t_R)
  35.00  258.64 v _079183_/Y (AND3x4_ASAP7_75t_R)
  35.00  293.64 v _079186_/Y (AND3x4_ASAP7_75t_R)
  35.00  328.63 v _079189_/Y (AND3x4_ASAP7_75t_R)
  35.94  364.57 v _079192_/Y (AND3x4_ASAP7_75t_R)
  20.78  385.35 ^ _079195_/Y (NAND2x2_ASAP7_75t_R)
  19.44  404.79 v _079209_/Y (NOR2x2_ASAP7_75t_R)
  22.23  427.02 ^ _107250_/CON (HAxp5_ASAP7_75t_R)
  36.43  463.45 ^ _104958_/Y (XNOR2x2_ASAP7_75t_R)
  23.41  486.86 ^ _104959_/Y (AO21x1_ASAP7_75t_R)
  21.42  508.28 ^ _104960_/Y (AO21x1_ASAP7_75t_R)
  10.67  518.96 v _104961_/Y (OAI21x1_ASAP7_75t_R)
   0.00  518.96 v _117262_/D (DFFASRHQNx1_ASAP7_75t_R)
         518.96   data arrival time

   0.00    0.00   clock clk (rise edge)
   0.00    0.00   clock network delay (ideal)
   0.00    0.00   clock reconvergence pessimism
           0.00 ^ _117262_/CLK (DFFASRHQNx1_ASAP7_75t_R)
  16.23   16.23   library hold time
          16.23   data required time
---------------------------------------------------------
          16.23   data required time
        -518.96   data arrival time
---------------------------------------------------------
         502.73   slack (MET)


Startpoint: _117294_ (rising edge-triggered flip-flop clocked by clk)
Endpoint: _117315_ (rising edge-triggered flip-flop clocked by clk)
Path Group: clk
Path Type: min

  Delay    Time   Description
---------------------------------------------------------
   0.00    0.00   clock clk (rise edge)
   0.00    0.00   clock network delay (ideal)
   0.00    0.00 ^ _117294_/CLK (DFFASRHQNx1_ASAP7_75t_R)
  91.88   91.88 ^ _117294_/QN (DFFASRHQNx1_ASAP7_75t_R)
  21.25  113.14 v _079279_/Y (INVx1_ASAP7_75t_R)
  26.12  139.26 ^ _107300_/CON (HAxp5_ASAP7_75t_R)
  15.36  154.62 v _079284_/Y (INVx2_ASAP7_75t_R)
  41.44  196.06 v _079285_/Y (AND3x4_ASAP7_75t_R)
  35.00  231.06 v _079288_/Y (AND3x4_ASAP7_75t_R)
  35.00  266.06 v _079291_/Y (AND3x4_ASAP7_75t_R)
  35.00  301.05 v _079294_/Y (AND3x4_ASAP7_75t_R)
  35.00  336.05 v _079297_/Y (AND3x4_ASAP7_75t_R)
  35.94  371.99 v _079300_/Y (AND3x4_ASAP7_75t_R)
  20.78  392.76 ^ _079304_/Y (NAND2x2_ASAP7_75t_R)
  16.14  408.91 v _079312_/Y (NOR2x2_ASAP7_75t_R)
  22.22  431.13 ^ _107310_/CON (HAxp5_ASAP7_75t_R)
  44.02  475.15 v _105316_/Y (XOR2x2_ASAP7_75t_R)
  27.02  502.17 v _105322_/Y (AO21x1_ASAP7_75t_R)
  26.62  528.79 v _105323_/Y (AO32x1_ASAP7_75t_R)
  32.54  561.33 v _105324_/Y (OR2x2_ASAP7_75t_R)
   0.00  561.33 v _117315_/D (DFFASRHQNx1_ASAP7_75t_R)
         561.33   data arrival time

   0.00    0.00   clock clk (rise edge)
   0.00    0.00   clock network delay (ideal)
   0.00    0.00   clock reconvergence pessimism
           0.00 ^ _117315_/CLK (DFFASRHQNx1_ASAP7_75t_R)
  15.55   15.55   library hold time
          15.55   data required time
---------------------------------------------------------
          15.55   data required time
        -561.33   data arrival time
---------------------------------------------------------
         545.77   slack (MET)


Startpoint: _117431_ (rising edge-triggered flip-flop clocked by clk)
Endpoint: _117448_ (rising edge-triggered flip-flop clocked by clk)
Path Group: clk
Path Type: min

  Delay    Time   Description
---------------------------------------------------------
   0.00    0.00   clock clk (rise edge)
   0.00    0.00   clock network delay (ideal)
   0.00    0.00 ^ _117431_/CLK (DFFASRHQNx1_ASAP7_75t_R)
  79.33   79.33 ^ _117431_/QN (DFFASRHQNx1_ASAP7_75t_R)
  25.41  104.74 v _079278_/Y (INVx1_ASAP7_75t_R)
  28.11  132.86 ^ _107274_/CON (HAxp5_ASAP7_75t_R)
  15.61  148.46 v _079232_/Y (INVx2_ASAP7_75t_R)
  41.54  190.00 v _079234_/Y (AND3x4_ASAP7_75t_R)
  35.00  225.00 v _079237_/Y (AND3x4_ASAP7_75t_R)
  35.00  259.99 v _079240_/Y (AND3x4_ASAP7_75t_R)
  35.00  294.99 v _079243_/Y (AND3x4_ASAP7_75t_R)
  35.00  329.99 v _079246_/Y (AND3x4_ASAP7_75t_R)
  35.94  365.93 v _079249_/Y (AND3x4_ASAP7_75t_R)
  20.78  386.70 ^ _079252_/Y (NAND2x2_ASAP7_75t_R)
  13.41  400.11 v _079253_/Y (INVx2_ASAP7_75t_R)
  20.20  420.32 ^ _107282_/CON (HAxp5_ASAP7_75t_R)
  36.20  456.52 ^ _105790_/Y (XNOR2x2_ASAP7_75t_R)
  23.40  479.92 ^ _105791_/Y (AO21x1_ASAP7_75t_R)
  21.32  501.24 ^ _105792_/Y (AO21x1_ASAP7_75t_R)
  10.67  511.92 v _105793_/Y (OAI21x1_ASAP7_75t_R)
   0.00  511.92 v _117448_/D (DFFASRHQNx1_ASAP7_75t_R)
         511.92   data arrival time

   0.00    0.00   clock clk (rise edge)
   0.00    0.00   clock network delay (ideal)
   0.00    0.00   clock reconvergence pessimism
           0.00 ^ _117448_/CLK (DFFASRHQNx1_ASAP7_75t_R)
  16.23   16.23   library hold time
          16.23   data required time
---------------------------------------------------------
          16.23   data required time
        -511.92   data arrival time
---------------------------------------------------------
         495.69   slack (MET)


Startpoint: _117237_ (rising edge-triggered flip-flop clocked by clk)
Endpoint: _117263_ (rising edge-triggered flip-flop clocked by clk)
Path Group: clk
Path Type: min

  Delay    Time   Description
---------------------------------------------------------
   0.00    0.00   clock clk (rise edge)
   0.00    0.00   clock network delay (ideal)
   0.00    0.00 ^ _117237_/CLK (DFFASRHQNx1_ASAP7_75t_R)
  74.75   74.75 ^ _117237_/QN (DFFASRHQNx1_ASAP7_75t_R)
  27.09  101.84 v _079277_/Y (INVx1_ASAP7_75t_R)
  29.80  131.64 ^ _107238_/CON (HAxp5_ASAP7_75t_R)
  15.49  147.13 v _079175_/Y (INVx2_ASAP7_75t_R)
  41.49  188.62 v _079177_/Y (AND3x4_ASAP7_75t_R)
  35.02  223.64 v _079180_/Y (AND3x4_ASAP7_75t_R)
  35.00  258.64 v _079183_/Y (AND3x4_ASAP7_75t_R)
  35.00  293.64 v _079186_/Y (AND3x4_ASAP7_75t_R)
  35.00  328.63 v _079189_/Y (AND3x4_ASAP7_75t_R)
  35.94  364.57 v _079192_/Y (AND3x4_ASAP7_75t_R)
  20.78  385.35 ^ _079195_/Y (NAND2x2_ASAP7_75t_R)
  19.44  404.79 v _079209_/Y (NOR2x2_ASAP7_75t_R)
  29.66  434.45 v _079212_/Y (AND2x4_ASAP7_75t_R)
  17.79  452.24 ^ _107251_/SN (HAxp5_ASAP7_75t_R)
  25.06  477.30 ^ _104962_/Y (AO21x1_ASAP7_75t_R)
  21.42  498.73 ^ _104963_/Y (AO21x1_ASAP7_75t_R)
  10.67  509.40 v _104964_/Y (OAI21x1_ASAP7_75t_R)
   0.00  509.40 v _117263_/D (DFFASRHQNx1_ASAP7_75t_R)
         509.40   data arrival time

   0.00    0.00   clock clk (rise edge)
   0.00    0.00   clock network delay (ideal)
   0.00    0.00   clock reconvergence pessimism
           0.00 ^ _117263_/CLK (DFFASRHQNx1_ASAP7_75t_R)
  16.23   16.23   library hold time
          16.23   data required time
---------------------------------------------------------
          16.23   data required time
        -509.40   data arrival time
---------------------------------------------------------
         493.17   slack (MET)


Startpoint: _117294_ (rising edge-triggered flip-flop clocked by clk)
Endpoint: _117318_ (rising edge-triggered flip-flop clocked by clk)
Path Group: clk
Path Type: min

  Delay    Time   Description
---------------------------------------------------------
   0.00    0.00   clock clk (rise edge)
   0.00    0.00   clock network delay (ideal)
   0.00    0.00 ^ _117294_/CLK (DFFASRHQNx1_ASAP7_75t_R)
  91.88   91.88 ^ _117294_/QN (DFFASRHQNx1_ASAP7_75t_R)
  21.25  113.14 v _079279_/Y (INVx1_ASAP7_75t_R)
  26.12  139.26 ^ _107300_/CON (HAxp5_ASAP7_75t_R)
  15.36  154.62 v _079284_/Y (INVx2_ASAP7_75t_R)
  41.44  196.06 v _079285_/Y (AND3x4_ASAP7_75t_R)
  35.00  231.06 v _079288_/Y (AND3x4_ASAP7_75t_R)
  35.00  266.06 v _079291_/Y (AND3x4_ASAP7_75t_R)
  35.00  301.05 v _079294_/Y (AND3x4_ASAP7_75t_R)
  35.00  336.05 v _079297_/Y (AND3x4_ASAP7_75t_R)
  35.94  371.99 v _079300_/Y (AND3x4_ASAP7_75t_R)
  20.78  392.76 ^ _079304_/Y (NAND2x2_ASAP7_75t_R)
  19.44  412.20 v _079320_/Y (NOR2x2_ASAP7_75t_R)
  25.92  438.12 ^ _107312_/SN (HAxp5_ASAP7_75t_R)
  25.85  463.97 ^ _105346_/Y (AO21x1_ASAP7_75t_R)
  26.27  490.24 ^ _105347_/Y (AO21x1_ASAP7_75t_R)
  12.50  502.74 v _105352_/Y (AOI22x1_ASAP7_75t_R)
   0.00  502.74 v _117318_/D (DFFASRHQNx1_ASAP7_75t_R)
         502.74   data arrival time

   0.00    0.00   clock clk (rise edge)
   0.00    0.00   clock network delay (ideal)
   0.00    0.00   clock reconvergence pessimism
           0.00 ^ _117318_/CLK (DFFASRHQNx1_ASAP7_75t_R)
  15.60   15.60   library hold time
          15.60   data required time
---------------------------------------------------------
          15.60   data required time
        -502.74   data arrival time
---------------------------------------------------------
         487.14   slack (MET)


Startpoint: _117237_ (rising edge-triggered flip-flop clocked by clk)
Endpoint: _117254_ (rising edge-triggered flip-flop clocked by clk)
Path Group: clk
Path Type: min

  Delay    Time   Description
---------------------------------------------------------
   0.00    0.00   clock clk (rise edge)
   0.00    0.00   clock network delay (ideal)
   0.00    0.00 ^ _117237_/CLK (DFFASRHQNx1_ASAP7_75t_R)
  74.75   74.75 ^ _117237_/QN (DFFASRHQNx1_ASAP7_75t_R)
  27.09  101.84 v _079277_/Y (INVx1_ASAP7_75t_R)
  29.80  131.64 ^ _107238_/CON (HAxp5_ASAP7_75t_R)
  15.49  147.13 v _079175_/Y (INVx2_ASAP7_75t_R)
  41.49  188.62 v _079177_/Y (AND3x4_ASAP7_75t_R)
  35.02  223.64 v _079180_/Y (AND3x4_ASAP7_75t_R)
  35.00  258.64 v _079183_/Y (AND3x4_ASAP7_75t_R)
  35.00  293.64 v _079186_/Y (AND3x4_ASAP7_75t_R)
  35.00  328.63 v _079189_/Y (AND3x4_ASAP7_75t_R)
  35.94  364.57 v _079192_/Y (AND3x4_ASAP7_75t_R)
  20.78  385.35 ^ _079195_/Y (NAND2x2_ASAP7_75t_R)
  13.41  398.76 v _079196_/Y (INVx2_ASAP7_75t_R)
  20.20  418.96 ^ _107246_/CON (HAxp5_ASAP7_75t_R)
  36.20  455.16 ^ _104930_/Y (XNOR2x2_ASAP7_75t_R)
  23.40  478.57 ^ _104931_/Y (AO21x1_ASAP7_75t_R)
  21.37  499.93 ^ _104932_/Y (AO21x1_ASAP7_75t_R)
  10.67  510.61 v _104933_/Y (OAI21x1_ASAP7_75t_R)
   0.00  510.61 v _117254_/D (DFFASRHQNx1_ASAP7_75t_R)
         510.61   data arrival time

   0.00    0.00   clock clk (rise edge)
   0.00    0.00   clock network delay (ideal)
   0.00    0.00   clock reconvergence pessimism
           0.00 ^ _117254_/CLK (DFFASRHQNx1_ASAP7_75t_R)
  16.23   16.23   library hold time
          16.23   data required time
---------------------------------------------------------
          16.23   data required time
        -510.61   data arrival time
---------------------------------------------------------
         494.38   slack (MET)


Startpoint: _117237_ (rising edge-triggered flip-flop clocked by clk)
Endpoint: _117258_ (rising edge-triggered flip-flop clocked by clk)
Path Group: clk
Path Type: min

  Delay    Time   Description
---------------------------------------------------------
   0.00    0.00   clock clk (rise edge)
   0.00    0.00   clock network delay (ideal)
   0.00    0.00 ^ _117237_/CLK (DFFASRHQNx1_ASAP7_75t_R)
  74.75   74.75 ^ _117237_/QN (DFFASRHQNx1_ASAP7_75t_R)
  27.09  101.84 v _079277_/Y (INVx1_ASAP7_75t_R)
  29.80  131.64 ^ _107238_/CON (HAxp5_ASAP7_75t_R)
  15.49  147.13 v _079175_/Y (INVx2_ASAP7_75t_R)
  41.49  188.62 v _079177_/Y (AND3x4_ASAP7_75t_R)
  35.02  223.64 v _079180_/Y (AND3x4_ASAP7_75t_R)
  35.00  258.64 v _079183_/Y (AND3x4_ASAP7_75t_R)
  35.00  293.64 v _079186_/Y (AND3x4_ASAP7_75t_R)
  35.00  328.63 v _079189_/Y (AND3x4_ASAP7_75t_R)
  35.94  364.57 v _079192_/Y (AND3x4_ASAP7_75t_R)
  20.78  385.35 ^ _079195_/Y (NAND2x2_ASAP7_75t_R)
  16.14  401.49 v _079202_/Y (NOR2x2_ASAP7_75t_R)
  20.56  422.05 ^ _107248_/CON (HAxp5_ASAP7_75t_R)
  36.24  458.29 ^ _104944_/Y (XNOR2x2_ASAP7_75t_R)
  23.39  481.69 ^ _104945_/Y (AO21x1_ASAP7_75t_R)
  21.37  503.05 ^ _104946_/Y (AO21x1_ASAP7_75t_R)
  10.67  513.73 v _104947_/Y (OAI21x1_ASAP7_75t_R)
   0.00  513.73 v _117258_/D (DFFASRHQNx1_ASAP7_75t_R)
         513.73   data arrival time

   0.00    0.00   clock clk (rise edge)
   0.00    0.00   clock network delay (ideal)
   0.00    0.00   clock reconvergence pessimism
           0.00 ^ _117258_/CLK (DFFASRHQNx1_ASAP7_75t_R)
  16.23   16.23   library hold time
          16.23   data required time
---------------------------------------------------------
          16.23   data required time
        -513.73   data arrival time
---------------------------------------------------------
         497.50   slack (MET)


Startpoint: _117237_ (rising edge-triggered flip-flop clocked by clk)
Endpoint: _117255_ (rising edge-triggered flip-flop clocked by clk)
Path Group: clk
Path Type: min

  Delay    Time   Description
---------------------------------------------------------
   0.00    0.00   clock clk (rise edge)
   0.00    0.00   clock network delay (ideal)
   0.00    0.00 ^ _117237_/CLK (DFFASRHQNx1_ASAP7_75t_R)
  74.75   74.75 ^ _117237_/QN (DFFASRHQNx1_ASAP7_75t_R)
  27.09  101.84 v _079277_/Y (INVx1_ASAP7_75t_R)
  29.80  131.64 ^ _107238_/CON (HAxp5_ASAP7_75t_R)
  15.49  147.13 v _079175_/Y (INVx2_ASAP7_75t_R)
  41.49  188.62 v _079177_/Y (AND3x4_ASAP7_75t_R)
  35.02  223.64 v _079180_/Y (AND3x4_ASAP7_75t_R)
  35.00  258.64 v _079183_/Y (AND3x4_ASAP7_75t_R)
  35.00  293.64 v _079186_/Y (AND3x4_ASAP7_75t_R)
  35.00  328.63 v _079189_/Y (AND3x4_ASAP7_75t_R)
  35.94  364.57 v _079192_/Y (AND3x4_ASAP7_75t_R)
  20.78  385.35 ^ _079195_/Y (NAND2x2_ASAP7_75t_R)
  13.41  398.76 v _079196_/Y (INVx2_ASAP7_75t_R)
  33.86  432.62 v _079199_/Y (AND3x4_ASAP7_75t_R)
  18.59  451.21 ^ _107247_/SN (HAxp5_ASAP7_75t_R)
  25.07  476.28 ^ _104934_/Y (AO21x1_ASAP7_75t_R)
  21.37  497.64 ^ _104935_/Y (AO21x1_ASAP7_75t_R)
  10.67  508.31 v _104936_/Y (OAI21x1_ASAP7_75t_R)
   0.00  508.31 v _117255_/D (DFFASRHQNx1_ASAP7_75t_R)
         508.31   data arrival time

   0.00    0.00   clock clk (rise edge)
   0.00    0.00   clock network delay (ideal)
   0.00    0.00   clock reconvergence pessimism
           0.00 ^ _117255_/CLK (DFFASRHQNx1_ASAP7_75t_R)
  16.23   16.23   library hold time
          16.23   data required time
---------------------------------------------------------
          16.23   data required time
        -508.31   data arrival time
---------------------------------------------------------
         492.09   slack (MET)


Startpoint: _117237_ (rising edge-triggered flip-flop clocked by clk)
Endpoint: _117266_ (rising edge-triggered flip-flop clocked by clk)
Path Group: clk
Path Type: min

  Delay    Time   Description
---------------------------------------------------------
   0.00    0.00   clock clk (rise edge)
   0.00    0.00   clock network delay (ideal)
   0.00    0.00 ^ _117237_/CLK (DFFASRHQNx1_ASAP7_75t_R)
  79.47   79.47 v _117237_/QN (DFFASRHQNx1_ASAP7_75t_R)
  33.40  112.87 ^ _079277_/Y (INVx1_ASAP7_75t_R)
  27.46  140.33 v _107238_/CON (HAxp5_ASAP7_75t_R)
  17.20  157.52 ^ _079175_/Y (INVx2_ASAP7_75t_R)
  40.17  197.69 ^ _079177_/Y (AND3x4_ASAP7_75t_R)
  35.72  233.42 ^ _079180_/Y (AND3x4_ASAP7_75t_R)
  35.73  269.14 ^ _079183_/Y (AND3x4_ASAP7_75t_R)
  35.71  304.85 ^ _079186_/Y (AND3x4_ASAP7_75t_R)
  35.73  340.58 ^ _079189_/Y (AND3x4_ASAP7_75t_R)
  36.91  377.49 ^ _079192_/Y (AND3x4_ASAP7_75t_R)
  16.86  394.35 v _079195_/Y (NAND2x2_ASAP7_75t_R)
  18.84  413.19 ^ _079209_/Y (NOR2x2_ASAP7_75t_R)
  28.06  441.25 ^ _079216_/Y (AND2x4_ASAP7_75t_R)
  25.61  466.85 v _107252_/CON (HAxp5_ASAP7_75t_R)
  23.50  490.35 ^ _104974_/Y (OAI21x1_ASAP7_75t_R)
  10.98  501.33 v _104975_/Y (OAI22x1_ASAP7_75t_R)
  25.71  527.04 v _104976_/Y (AO21x1_ASAP7_75t_R)
   0.00  527.04 v _117266_/D (DFFASRHQNx1_ASAP7_75t_R)
         527.04   data arrival time

   0.00    0.00   clock clk (rise edge)
   0.00    0.00   clock network delay (ideal)
   0.00    0.00   clock reconvergence pessimism
           0.00 ^ _117266_/CLK (DFFASRHQNx1_ASAP7_75t_R)
  15.91   15.91   library hold time
          15.91   data required time
---------------------------------------------------------
          15.91   data required time
        -527.04   data arrival time
---------------------------------------------------------
         511.13   slack (MET)


Startpoint: _117237_ (rising edge-triggered flip-flop clocked by clk)
Endpoint: _117259_ (rising edge-triggered flip-flop clocked by clk)
Path Group: clk
Path Type: min

  Delay    Time   Description
---------------------------------------------------------
   0.00    0.00   clock clk (rise edge)
   0.00    0.00   clock network delay (ideal)
   0.00    0.00 ^ _117237_/CLK (DFFASRHQNx1_ASAP7_75t_R)
  74.75   74.75 ^ _117237_/QN (DFFASRHQNx1_ASAP7_75t_R)
  27.09  101.84 v _079277_/Y (INVx1_ASAP7_75t_R)
  29.80  131.64 ^ _107238_/CON (HAxp5_ASAP7_75t_R)
  15.49  147.13 v _079175_/Y (INVx2_ASAP7_75t_R)
  41.49  188.62 v _079177_/Y (AND3x4_ASAP7_75t_R)
  35.02  223.64 v _079180_/Y (AND3x4_ASAP7_75t_R)
  35.00  258.64 v _079183_/Y (AND3x4_ASAP7_75t_R)
  35.00  293.64 v _079186_/Y (AND3x4_ASAP7_75t_R)
  35.00  328.63 v _079189_/Y (AND3x4_ASAP7_75t_R)
  35.94  364.57 v _079192_/Y (AND3x4_ASAP7_75t_R)
  20.78  385.35 ^ _079195_/Y (NAND2x2_ASAP7_75t_R)
  16.14  401.49 v _079202_/Y (NOR2x2_ASAP7_75t_R)
  30.07  431.56 v _079206_/Y (AND2x2_ASAP7_75t_R)
  18.37  449.94 ^ _107249_/SN (HAxp5_ASAP7_75t_R)
  25.06  475.00 ^ _104948_/Y (AO21x1_ASAP7_75t_R)
  21.37  496.37 ^ _104949_/Y (AO21x1_ASAP7_75t_R)
  10.67  507.04 v _104950_/Y (OAI21x1_ASAP7_75t_R)
   0.00  507.04 v _117259_/D (DFFASRHQNx1_ASAP7_75t_R)
         507.04   data arrival time

   0.00    0.00   clock clk (rise edge)
   0.00    0.00   clock network delay (ideal)
   0.00    0.00   clock reconvergence pessimism
           0.00 ^ _117259_/CLK (DFFASRHQNx1_ASAP7_75t_R)
  16.23   16.23   library hold time
          16.23   data required time
---------------------------------------------------------
          16.23   data required time
        -507.04   data arrival time
---------------------------------------------------------
         490.81   slack (MET)


Startpoint: _117294_ (rising edge-triggered flip-flop clocked by clk)
Endpoint: _117314_ (rising edge-triggered flip-flop clocked by clk)
Path Group: clk
Path Type: min

  Delay    Time   Description
---------------------------------------------------------
   0.00    0.00   clock clk (rise edge)
   0.00    0.00   clock network delay (ideal)
   0.00    0.00 ^ _117294_/CLK (DFFASRHQNx1_ASAP7_75t_R)
  91.88   91.88 ^ _117294_/QN (DFFASRHQNx1_ASAP7_75t_R)
  21.25  113.14 v _079279_/Y (INVx1_ASAP7_75t_R)
  26.12  139.26 ^ _107300_/CON (HAxp5_ASAP7_75t_R)
  15.36  154.62 v _079284_/Y (INVx2_ASAP7_75t_R)
  41.44  196.06 v _079285_/Y (AND3x4_ASAP7_75t_R)
  35.00  231.06 v _079288_/Y (AND3x4_ASAP7_75t_R)
  35.00  266.06 v _079291_/Y (AND3x4_ASAP7_75t_R)
  35.00  301.05 v _079294_/Y (AND3x4_ASAP7_75t_R)
  35.00  336.05 v _079297_/Y (AND3x4_ASAP7_75t_R)
  35.94  371.99 v _079300_/Y (AND3x4_ASAP7_75t_R)
  20.78  392.76 ^ _079304_/Y (NAND2x2_ASAP7_75t_R)
  16.14  408.91 v _079312_/Y (NOR2x2_ASAP7_75t_R)
  24.42  433.33 ^ _107310_/SN (HAxp5_ASAP7_75t_R)
  25.93  459.26 ^ _105308_/Y (AO21x1_ASAP7_75t_R)
  26.27  485.53 ^ _105309_/Y (AO21x1_ASAP7_75t_R)
  12.50  498.03 v _105314_/Y (AOI22x1_ASAP7_75t_R)
   0.00  498.03 v _117314_/D (DFFASRHQNx1_ASAP7_75t_R)
         498.03   data arrival time

   0.00    0.00   clock clk (rise edge)
   0.00    0.00   clock network delay (ideal)
   0.00    0.00   clock reconvergence pessimism
           0.00 ^ _117314_/CLK (DFFASRHQNx1_ASAP7_75t_R)
  15.60   15.60   library hold time
          15.60   data required time
---------------------------------------------------------
          15.60   data required time
        -498.03   data arrival time
---------------------------------------------------------
         482.43   slack (MET)


Startpoint: _117431_ (rising edge-triggered flip-flop clocked by clk)
Endpoint: _117460_ (rising edge-triggered flip-flop clocked by clk)
Path Group: clk
Path Type: min

  Delay    Time   Description
---------------------------------------------------------
   0.00    0.00   clock clk (rise edge)
   0.00    0.00   clock network delay (ideal)
   0.00    0.00 ^ _117431_/CLK (DFFASRHQNx1_ASAP7_75t_R)
  79.33   79.33 ^ _117431_/QN (DFFASRHQNx1_ASAP7_75t_R)
  25.41  104.74 v _079278_/Y (INVx1_ASAP7_75t_R)
  28.11  132.86 ^ _107274_/CON (HAxp5_ASAP7_75t_R)
  15.61  148.46 v _079232_/Y (INVx2_ASAP7_75t_R)
  41.54  190.00 v _079234_/Y (AND3x4_ASAP7_75t_R)
  35.00  225.00 v _079237_/Y (AND3x4_ASAP7_75t_R)
  35.00  259.99 v _079240_/Y (AND3x4_ASAP7_75t_R)
  35.00  294.99 v _079243_/Y (AND3x4_ASAP7_75t_R)
  35.00  329.99 v _079246_/Y (AND3x4_ASAP7_75t_R)
  35.94  365.93 v _079249_/Y (AND3x4_ASAP7_75t_R)
  20.78  386.70 ^ _079252_/Y (NAND2x2_ASAP7_75t_R)
  19.44  406.14 v _079265_/Y (NOR2x2_ASAP7_75t_R)
  29.66  435.80 v _079272_/Y (AND2x4_ASAP7_75t_R)
  24.35  460.16 ^ _107288_/CON (HAxp5_ASAP7_75t_R)
  15.84  476.00 v _105826_/Y (OAI21x1_ASAP7_75t_R)
  29.22  505.22 v _105827_/Y (AO21x1_ASAP7_75t_R)
  23.10  528.32 v _105828_/Y (OA21x2_ASAP7_75t_R)
   0.00  528.32 v _117460_/D (DFFASRHQNx1_ASAP7_75t_R)
         528.32   data arrival time

   0.00    0.00   clock clk (rise edge)
   0.00    0.00   clock network delay (ideal)
   0.00    0.00   clock reconvergence pessimism
           0.00 ^ _117460_/CLK (DFFASRHQNx1_ASAP7_75t_R)
  16.59   16.59   library hold time
          16.59   data required time
---------------------------------------------------------
          16.59   data required time
        -528.32   data arrival time
---------------------------------------------------------
         511.74   slack (MET)


Startpoint: _117294_ (rising edge-triggered flip-flop clocked by clk)
Endpoint: _117310_ (rising edge-triggered flip-flop clocked by clk)
Path Group: clk
Path Type: min

  Delay    Time   Description
---------------------------------------------------------
   0.00    0.00   clock clk (rise edge)
   0.00    0.00   clock network delay (ideal)
   0.00    0.00 ^ _117294_/CLK (DFFASRHQNx1_ASAP7_75t_R)
  91.88   91.88 ^ _117294_/QN (DFFASRHQNx1_ASAP7_75t_R)
  21.25  113.14 v _079279_/Y (INVx1_ASAP7_75t_R)
  26.12  139.26 ^ _107300_/CON (HAxp5_ASAP7_75t_R)
  15.36  154.62 v _079284_/Y (INVx2_ASAP7_75t_R)
  41.44  196.06 v _079285_/Y (AND3x4_ASAP7_75t_R)
  35.00  231.06 v _079288_/Y (AND3x4_ASAP7_75t_R)
  35.00  266.06 v _079291_/Y (AND3x4_ASAP7_75t_R)
  35.00  301.05 v _079294_/Y (AND3x4_ASAP7_75t_R)
  35.00  336.05 v _079297_/Y (AND3x4_ASAP7_75t_R)
  35.94  371.99 v _079300_/Y (AND3x4_ASAP7_75t_R)
  20.78  392.76 ^ _079304_/Y (NAND2x2_ASAP7_75t_R)
  13.41  406.17 v _079305_/Y (INVx2_ASAP7_75t_R)
  24.11  430.28 ^ _107308_/SN (HAxp5_ASAP7_75t_R)
  25.76  456.04 ^ _105273_/Y (AO21x1_ASAP7_75t_R)
  26.27  482.31 ^ _105274_/Y (AO21x1_ASAP7_75t_R)
  12.50  494.81 v _105279_/Y (AOI22x1_ASAP7_75t_R)
   0.00  494.81 v _117310_/D (DFFASRHQNx1_ASAP7_75t_R)
         494.81   data arrival time

   0.00    0.00   clock clk (rise edge)
   0.00    0.00   clock network delay (ideal)
   0.00    0.00   clock reconvergence pessimism
           0.00 ^ _117310_/CLK (DFFASRHQNx1_ASAP7_75t_R)
  15.60   15.60   library hold time
          15.60   data required time
---------------------------------------------------------
          15.60   data required time
        -494.81   data arrival time
---------------------------------------------------------
         479.21   slack (MET)


Startpoint: _115943_ (rising edge-triggered flip-flop clocked by clk)
Endpoint: _115948_ (rising edge-triggered flip-flop clocked by clk)
Path Group: clk
Path Type: min

  Delay    Time   Description
---------------------------------------------------------
   0.00    0.00   clock clk (rise edge)
   0.00    0.00   clock network delay (ideal)
   0.00    0.00 ^ _115943_/CLK (DFFASRHQNx1_ASAP7_75t_R)
 113.63  113.63 ^ _115943_/QN (DFFASRHQNx1_ASAP7_75t_R)
  43.33  156.96 v _059046_/Y (INVx1_ASAP7_75t_R)
  37.57  194.52 ^ _107186_/CON (HAxp5_ASAP7_75t_R)
  26.58  221.10 v _059081_/Y (NOR2x1_ASAP7_75t_R)
  24.91  246.01 ^ _107188_/CON (HAxp5_ASAP7_75t_R)
  44.52  290.52 v _101721_/Y (XOR2x2_ASAP7_75t_R)
   9.79  300.31 ^ _101722_/Y (OAI21x1_ASAP7_75t_R)
  12.21  312.53 v _101723_/Y (NOR2x1_ASAP7_75t_R)
  25.92  338.44 v _101724_/Y (AO21x1_ASAP7_75t_R)
   0.00  338.44 v _115948_/D (DFFASRHQNx1_ASAP7_75t_R)
         338.44   data arrival time

   0.00    0.00   clock clk (rise edge)
   0.00    0.00   clock network delay (ideal)
   0.00    0.00   clock reconvergence pessimism
           0.00 ^ _115948_/CLK (DFFASRHQNx1_ASAP7_75t_R)
  15.91   15.91   library hold time
          15.91   data required time
---------------------------------------------------------
          15.91   data required time
        -338.44   data arrival time
---------------------------------------------------------
         322.53   slack (MET)


Startpoint: _115943_ (rising edge-triggered flip-flop clocked by clk)
Endpoint: _115950_ (rising edge-triggered flip-flop clocked by clk)
Path Group: clk
Path Type: min

  Delay    Time   Description
---------------------------------------------------------
   0.00    0.00   clock clk (rise edge)
   0.00    0.00   clock network delay (ideal)
   0.00    0.00 ^ _115943_/CLK (DFFASRHQNx1_ASAP7_75t_R)
 113.63  113.63 ^ _115943_/QN (DFFASRHQNx1_ASAP7_75t_R)
  28.33  141.96 v _107023_/SN (HAxp5_ASAP7_75t_R)
  17.85  159.81 ^ _058978_/Y (NOR2x1_ASAP7_75t_R)
  54.40  214.21 ^ _101686_/Y (AND5x1_ASAP7_75t_R)
  14.71  228.92 v _101690_/Y (NAND3x1_ASAP7_75t_R)
  17.34  246.25 ^ _101697_/Y (NOR2x1_ASAP7_75t_R)
  33.06  279.32 v _101698_/Y (AOI21x1_ASAP7_75t_R)
  23.01  302.33 ^ _101730_/Y (OAI21x1_ASAP7_75t_R)
  12.21  314.54 v _101731_/Y (NOR2x1_ASAP7_75t_R)
  25.92  340.46 v _101732_/Y (AO21x1_ASAP7_75t_R)
   0.00  340.46 v _115950_/D (DFFASRHQNx1_ASAP7_75t_R)
         340.46   data arrival time

   0.00    0.00   clock clk (rise edge)
   0.00    0.00   clock network delay (ideal)
   0.00    0.00   clock reconvergence pessimism
           0.00 ^ _115950_/CLK (DFFASRHQNx1_ASAP7_75t_R)
  15.91   15.91   library hold time
          15.91   data required time
---------------------------------------------------------
          15.91   data required time
        -340.46   data arrival time
---------------------------------------------------------
         324.55   slack (MET)


Startpoint: _115943_ (rising edge-triggered flip-flop clocked by clk)
Endpoint: _115952_ (rising edge-triggered flip-flop clocked by clk)
Path Group: clk
Path Type: min

  Delay    Time   Description
---------------------------------------------------------
   0.00    0.00   clock clk (rise edge)
   0.00    0.00   clock network delay (ideal)
   0.00    0.00 ^ _115943_/CLK (DFFASRHQNx1_ASAP7_75t_R)
 113.63  113.63 ^ _115943_/QN (DFFASRHQNx1_ASAP7_75t_R)
  28.33  141.96 v _107023_/SN (HAxp5_ASAP7_75t_R)
  17.85  159.81 ^ _058978_/Y (NOR2x1_ASAP7_75t_R)
  54.40  214.21 ^ _101686_/Y (AND5x1_ASAP7_75t_R)
  14.71  228.92 v _101690_/Y (NAND3x1_ASAP7_75t_R)
  17.34  246.25 ^ _101697_/Y (NOR2x1_ASAP7_75t_R)
  33.06  279.32 v _101698_/Y (AOI21x1_ASAP7_75t_R)
  23.01  302.33 ^ _101738_/Y (OAI21x1_ASAP7_75t_R)
  12.21  314.54 v _101739_/Y (NOR2x1_ASAP7_75t_R)
  25.92  340.46 v _101740_/Y (AO21x1_ASAP7_75t_R)
   0.00  340.46 v _115952_/D (DFFASRHQNx1_ASAP7_75t_R)
         340.46   data arrival time

   0.00    0.00   clock clk (rise edge)
   0.00    0.00   clock network delay (ideal)
   0.00    0.00   clock reconvergence pessimism
           0.00 ^ _115952_/CLK (DFFASRHQNx1_ASAP7_75t_R)
  15.91   15.91   library hold time
          15.91   data required time
---------------------------------------------------------
          15.91   data required time
        -340.46   data arrival time
---------------------------------------------------------
         324.55   slack (MET)


Startpoint: _115943_ (rising edge-triggered flip-flop clocked by clk)
Endpoint: _115954_ (rising edge-triggered flip-flop clocked by clk)
Path Group: clk
Path Type: min

  Delay    Time   Description
---------------------------------------------------------
   0.00    0.00   clock clk (rise edge)
   0.00    0.00   clock network delay (ideal)
   0.00    0.00 ^ _115943_/CLK (DFFASRHQNx1_ASAP7_75t_R)
 113.63  113.63 ^ _115943_/QN (DFFASRHQNx1_ASAP7_75t_R)
  28.33  141.96 v _107023_/SN (HAxp5_ASAP7_75t_R)
  17.85  159.81 ^ _058978_/Y (NOR2x1_ASAP7_75t_R)
  54.40  214.21 ^ _101686_/Y (AND5x1_ASAP7_75t_R)
  14.71  228.92 v _101690_/Y (NAND3x1_ASAP7_75t_R)
  17.34  246.25 ^ _101697_/Y (NOR2x1_ASAP7_75t_R)
  33.06  279.32 v _101698_/Y (AOI21x1_ASAP7_75t_R)
  23.01  302.33 ^ _101746_/Y (OAI21x1_ASAP7_75t_R)
  12.21  314.54 v _101747_/Y (NOR2x1_ASAP7_75t_R)
  25.92  340.46 v _101748_/Y (AO21x1_ASAP7_75t_R)
   0.00  340.46 v _115954_/D (DFFASRHQNx1_ASAP7_75t_R)
         340.46   data arrival time

   0.00    0.00   clock clk (rise edge)
   0.00    0.00   clock network delay (ideal)
   0.00    0.00   clock reconvergence pessimism
           0.00 ^ _115954_/CLK (DFFASRHQNx1_ASAP7_75t_R)
  15.91   15.91   library hold time
          15.91   data required time
---------------------------------------------------------
          15.91   data required time
        -340.46   data arrival time
---------------------------------------------------------
         324.55   slack (MET)


Startpoint: _115943_ (rising edge-triggered flip-flop clocked by clk)
Endpoint: _115956_ (rising edge-triggered flip-flop clocked by clk)
Path Group: clk
Path Type: min

  Delay    Time   Description
---------------------------------------------------------
   0.00    0.00   clock clk (rise edge)
   0.00    0.00   clock network delay (ideal)
   0.00    0.00 ^ _115943_/CLK (DFFASRHQNx1_ASAP7_75t_R)
 118.66  118.66 v _115943_/QN (DFFASRHQNx1_ASAP7_75t_R)
  37.02  155.69 ^ _107023_/SN (HAxp5_ASAP7_75t_R)
  16.36  172.05 v _058978_/Y (NOR2x1_ASAP7_75t_R)
  33.26  205.30 v _058984_/Y (AND5x1_ASAP7_75t_R)
  26.43  231.73 v _059022_/Y (AND3x1_ASAP7_75t_R)
  34.17  265.90 v _059023_/Y (AND2x2_ASAP7_75t_R)
  28.60  294.50 ^ _101682_/Y (AOI21x1_ASAP7_75t_R)
  16.78  311.28 v _101755_/Y (NOR2x1_ASAP7_75t_R)
  25.92  337.19 v _101756_/Y (AO21x1_ASAP7_75t_R)
   0.00  337.19 v _115956_/D (DFFASRHQNx1_ASAP7_75t_R)
         337.19   data arrival time

   0.00    0.00   clock clk (rise edge)
   0.00    0.00   clock network delay (ideal)
   0.00    0.00   clock reconvergence pessimism
           0.00 ^ _115956_/CLK (DFFASRHQNx1_ASAP7_75t_R)
  15.91   15.91   library hold time
          15.91   data required time
---------------------------------------------------------
          15.91   data required time
        -337.19   data arrival time
---------------------------------------------------------
         321.28   slack (MET)


Startpoint: _115943_ (rising edge-triggered flip-flop clocked by clk)
Endpoint: _115958_ (rising edge-triggered flip-flop clocked by clk)
Path Group: clk
Path Type: min

  Delay    Time   Description
---------------------------------------------------------
   0.00    0.00   clock clk (rise edge)
   0.00    0.00   clock network delay (ideal)
   0.00    0.00 ^ _115943_/CLK (DFFASRHQNx1_ASAP7_75t_R)
 118.66  118.66 v _115943_/QN (DFFASRHQNx1_ASAP7_75t_R)
  37.02  155.69 ^ _107023_/SN (HAxp5_ASAP7_75t_R)
  16.36  172.05 v _058978_/Y (NOR2x1_ASAP7_75t_R)
  33.26  205.30 v _058984_/Y (AND5x1_ASAP7_75t_R)
  26.43  231.73 v _059022_/Y (AND3x1_ASAP7_75t_R)
  34.17  265.90 v _059023_/Y (AND2x2_ASAP7_75t_R)
  28.60  294.50 ^ _101682_/Y (AOI21x1_ASAP7_75t_R)
  16.78  311.28 v _101763_/Y (NOR2x1_ASAP7_75t_R)
  25.92  337.19 v _101764_/Y (AO21x1_ASAP7_75t_R)
   0.00  337.19 v _115958_/D (DFFASRHQNx1_ASAP7_75t_R)
         337.19   data arrival time

   0.00    0.00   clock clk (rise edge)
   0.00    0.00   clock network delay (ideal)
   0.00    0.00   clock reconvergence pessimism
           0.00 ^ _115958_/CLK (DFFASRHQNx1_ASAP7_75t_R)
  15.91   15.91   library hold time
          15.91   data required time
---------------------------------------------------------
          15.91   data required time
        -337.19   data arrival time
---------------------------------------------------------
         321.28   slack (MET)


Startpoint: _117431_ (rising edge-triggered flip-flop clocked by clk)
Endpoint: _117459_ (rising edge-triggered flip-flop clocked by clk)
Path Group: clk
Path Type: min

  Delay    Time   Description
---------------------------------------------------------
   0.00    0.00   clock clk (rise edge)
   0.00    0.00   clock network delay (ideal)
   0.00    0.00 ^ _117431_/CLK (DFFASRHQNx1_ASAP7_75t_R)
  79.33   79.33 ^ _117431_/QN (DFFASRHQNx1_ASAP7_75t_R)
  25.41  104.74 v _079278_/Y (INVx1_ASAP7_75t_R)
  28.11  132.86 ^ _107274_/CON (HAxp5_ASAP7_75t_R)
  15.61  148.46 v _079232_/Y (INVx2_ASAP7_75t_R)
  41.54  190.00 v _079234_/Y (AND3x4_ASAP7_75t_R)
  35.00  225.00 v _079237_/Y (AND3x4_ASAP7_75t_R)
  35.00  259.99 v _079240_/Y (AND3x4_ASAP7_75t_R)
  35.00  294.99 v _079243_/Y (AND3x4_ASAP7_75t_R)
  35.00  329.99 v _079246_/Y (AND3x4_ASAP7_75t_R)
  35.94  365.93 v _079249_/Y (AND3x4_ASAP7_75t_R)
  20.78  386.70 ^ _079252_/Y (NAND2x2_ASAP7_75t_R)
  19.44  406.14 v _079265_/Y (NOR2x2_ASAP7_75t_R)
  29.66  435.80 v _079272_/Y (AND2x4_ASAP7_75t_R)
  15.63  451.44 ^ _107288_/SN (HAxp5_ASAP7_75t_R)
  30.47  481.91 ^ _105823_/Y (AO22x1_ASAP7_75t_R)
  11.84  493.75 v _105824_/Y (AOI21x1_ASAP7_75t_R)
   0.00  493.75 v _117459_/D (DFFASRHQNx1_ASAP7_75t_R)
         493.75   data arrival time

   0.00    0.00   clock clk (rise edge)
   0.00    0.00   clock network delay (ideal)
   0.00    0.00   clock reconvergence pessimism
           0.00 ^ _117459_/CLK (DFFASRHQNx1_ASAP7_75t_R)
  16.12   16.12   library hold time
          16.12   data required time
---------------------------------------------------------
          16.12   data required time
        -493.75   data arrival time
---------------------------------------------------------
         477.63   slack (MET)


Startpoint: _117294_ (rising edge-triggered flip-flop clocked by clk)
Endpoint: _117309_ (rising edge-triggered flip-flop clocked by clk)
Path Group: clk
Path Type: min

  Delay    Time   Description
---------------------------------------------------------
   0.00    0.00   clock clk (rise edge)
   0.00    0.00   clock network delay (ideal)
   0.00    0.00 ^ _117294_/CLK (DFFASRHQNx1_ASAP7_75t_R)
  91.88   91.88 ^ _117294_/QN (DFFASRHQNx1_ASAP7_75t_R)
  21.25  113.14 v _079279_/Y (INVx1_ASAP7_75t_R)
  26.12  139.26 ^ _107300_/CON (HAxp5_ASAP7_75t_R)
  15.36  154.62 v _079284_/Y (INVx2_ASAP7_75t_R)
  41.44  196.06 v _079285_/Y (AND3x4_ASAP7_75t_R)
  35.00  231.06 v _079288_/Y (AND3x4_ASAP7_75t_R)
  35.00  266.06 v _079291_/Y (AND3x4_ASAP7_75t_R)
  35.00  301.05 v _079294_/Y (AND3x4_ASAP7_75t_R)
  35.00  336.05 v _079297_/Y (AND3x4_ASAP7_75t_R)
  35.94  371.99 v _079300_/Y (AND3x4_ASAP7_75t_R)
  20.87  392.85 ^ _107307_/CON (HAxp5_ASAP7_75t_R)
  38.55  431.40 ^ _105263_/Y (XNOR2x2_ASAP7_75t_R)
  29.52  460.91 ^ _105268_/Y (OA21x2_ASAP7_75t_R)
  11.22  472.13 v _105269_/Y (OAI22x1_ASAP7_75t_R)
  25.28  497.42 v _105270_/Y (AO21x1_ASAP7_75t_R)
  25.60  523.02 v _105271_/Y (AO21x1_ASAP7_75t_R)
   0.00  523.02 v _117309_/D (DFFASRHQNx1_ASAP7_75t_R)
         523.02   data arrival time

   0.00    0.00   clock clk (rise edge)
   0.00    0.00   clock network delay (ideal)
   0.00    0.00   clock reconvergence pessimism
           0.00 ^ _117309_/CLK (DFFASRHQNx1_ASAP7_75t_R)
  15.91   15.91   library hold time
          15.91   data required time
---------------------------------------------------------
          15.91   data required time
        -523.02   data arrival time
---------------------------------------------------------
         507.11   slack (MET)


Startpoint: _115943_ (rising edge-triggered flip-flop clocked by clk)
Endpoint: _115944_ (rising edge-triggered flip-flop clocked by clk)
Path Group: clk
Path Type: min

  Delay    Time   Description
---------------------------------------------------------
   0.00    0.00   clock clk (rise edge)
   0.00    0.00   clock network delay (ideal)
   0.00    0.00 ^ _115943_/CLK (DFFASRHQNx1_ASAP7_75t_R)
 118.66  118.66 v _115943_/QN (DFFASRHQNx1_ASAP7_75t_R)
  31.26  149.92 ^ _107183_/SN (HAxp5_ASAP7_75t_R)
  11.10  161.03 v _101704_/Y (INVx1_ASAP7_75t_R)
  22.15  183.18 v _101705_/Y (OA21x2_ASAP7_75t_R)
  33.39  216.57 v _101708_/Y (OA21x2_ASAP7_75t_R)
   0.00  216.57 v _115944_/D (DFFASRHQNx1_ASAP7_75t_R)
         216.57   data arrival time

   0.00    0.00   clock clk (rise edge)
   0.00    0.00   clock network delay (ideal)
   0.00    0.00   clock reconvergence pessimism
           0.00 ^ _115944_/CLK (DFFASRHQNx1_ASAP7_75t_R)
  16.58   16.58   library hold time
          16.58   data required time
---------------------------------------------------------
          16.58   data required time
        -216.57   data arrival time
---------------------------------------------------------
         199.99   slack (MET)


Startpoint: _115943_ (rising edge-triggered flip-flop clocked by clk)
Endpoint: _115945_ (rising edge-triggered flip-flop clocked by clk)
Path Group: clk
Path Type: min

  Delay    Time   Description
---------------------------------------------------------
   0.00    0.00   clock clk (rise edge)
   0.00    0.00   clock network delay (ideal)
   0.00    0.00 ^ _115943_/CLK (DFFASRHQNx1_ASAP7_75t_R)
 113.63  113.63 ^ _115943_/QN (DFFASRHQNx1_ASAP7_75t_R)
  43.33  156.96 v _059046_/Y (INVx1_ASAP7_75t_R)
  37.57  194.52 ^ _107186_/CON (HAxp5_ASAP7_75t_R)
  34.19  228.71 v _059036_/Y (INVx1_ASAP7_75t_R)
  26.67  255.38 ^ _107187_/SN (HAxp5_ASAP7_75t_R)
  10.79  266.18 v _101709_/Y (INVx1_ASAP7_75t_R)
  22.06  288.24 v _101710_/Y (OA21x2_ASAP7_75t_R)
  33.39  321.63 v _101712_/Y (OA21x2_ASAP7_75t_R)
   0.00  321.63 v _115945_/D (DFFASRHQNx1_ASAP7_75t_R)
         321.63   data arrival time

   0.00    0.00   clock clk (rise edge)
   0.00    0.00   clock network delay (ideal)
   0.00    0.00   clock reconvergence pessimism
           0.00 ^ _115945_/CLK (DFFASRHQNx1_ASAP7_75t_R)
  16.58   16.58   library hold time
          16.58   data required time
---------------------------------------------------------
          16.58   data required time
        -321.63   data arrival time
---------------------------------------------------------
         305.05   slack (MET)


Startpoint: _115943_ (rising edge-triggered flip-flop clocked by clk)
Endpoint: _115947_ (rising edge-triggered flip-flop clocked by clk)
Path Group: clk
Path Type: min

  Delay    Time   Description
---------------------------------------------------------
   0.00    0.00   clock clk (rise edge)
   0.00    0.00   clock network delay (ideal)
   0.00    0.00 ^ _115943_/CLK (DFFASRHQNx1_ASAP7_75t_R)
 113.63  113.63 ^ _115943_/QN (DFFASRHQNx1_ASAP7_75t_R)
  43.33  156.96 v _059046_/Y (INVx1_ASAP7_75t_R)
  37.57  194.52 ^ _107186_/CON (HAxp5_ASAP7_75t_R)
  26.58  221.10 v _059081_/Y (NOR2x1_ASAP7_75t_R)
  21.66  242.76 ^ _107188_/SN (HAxp5_ASAP7_75t_R)
  10.61  253.38 v _101717_/Y (INVx1_ASAP7_75t_R)
  22.01  275.39 v _101718_/Y (OA21x2_ASAP7_75t_R)
  33.39  308.78 v _101720_/Y (OA21x2_ASAP7_75t_R)
   0.00  308.78 v _115947_/D (DFFASRHQNx1_ASAP7_75t_R)
         308.78   data arrival time

   0.00    0.00   clock clk (rise edge)
   0.00    0.00   clock network delay (ideal)
   0.00    0.00   clock reconvergence pessimism
           0.00 ^ _115947_/CLK (DFFASRHQNx1_ASAP7_75t_R)
  16.59   16.59   library hold time
          16.59   data required time
---------------------------------------------------------
          16.59   data required time
        -308.78   data arrival time
---------------------------------------------------------
         292.19   slack (MET)


Startpoint: _115943_ (rising edge-triggered flip-flop clocked by clk)
Endpoint: _115949_ (rising edge-triggered flip-flop clocked by clk)
Path Group: clk
Path Type: min

  Delay    Time   Description
---------------------------------------------------------
   0.00    0.00   clock clk (rise edge)
   0.00    0.00   clock network delay (ideal)
   0.00    0.00 ^ _115943_/CLK (DFFASRHQNx1_ASAP7_75t_R)
 113.63  113.63 ^ _115943_/QN (DFFASRHQNx1_ASAP7_75t_R)
  43.33  156.96 v _059046_/Y (INVx1_ASAP7_75t_R)
  37.57  194.52 ^ _107186_/CON (HAxp5_ASAP7_75t_R)
  26.58  221.10 v _059081_/Y (NOR2x1_ASAP7_75t_R)
  33.86  254.96 v _059083_/Y (AND2x2_ASAP7_75t_R)
  19.06  274.02 ^ _107189_/SN (HAxp5_ASAP7_75t_R)
  10.57  284.60 v _101725_/Y (INVx1_ASAP7_75t_R)
  22.00  306.59 v _101726_/Y (OA21x2_ASAP7_75t_R)
  33.39  339.99 v _101728_/Y (OA21x2_ASAP7_75t_R)
   0.00  339.99 v _115949_/D (DFFASRHQNx1_ASAP7_75t_R)
         339.99   data arrival time

   0.00    0.00   clock clk (rise edge)
   0.00    0.00   clock network delay (ideal)
   0.00    0.00   clock reconvergence pessimism
           0.00 ^ _115949_/CLK (DFFASRHQNx1_ASAP7_75t_R)
  16.58   16.58   library hold time
          16.58   data required time
---------------------------------------------------------
          16.58   data required time
        -339.99   data arrival time
---------------------------------------------------------
         323.40   slack (MET)


Startpoint: _115943_ (rising edge-triggered flip-flop clocked by clk)
Endpoint: _115951_ (rising edge-triggered flip-flop clocked by clk)
Path Group: clk
Path Type: min

  Delay    Time   Description
---------------------------------------------------------
   0.00    0.00   clock clk (rise edge)
   0.00    0.00   clock network delay (ideal)
   0.00    0.00 ^ _115943_/CLK (DFFASRHQNx1_ASAP7_75t_R)
 118.66  118.66 v _115943_/QN (DFFASRHQNx1_ASAP7_75t_R)
  37.02  155.69 ^ _107023_/SN (HAxp5_ASAP7_75t_R)
  16.36  172.05 v _058978_/Y (NOR2x1_ASAP7_75t_R)
  33.26  205.30 v _058984_/Y (AND5x1_ASAP7_75t_R)
  26.43  231.73 v _059022_/Y (AND3x1_ASAP7_75t_R)
  34.17  265.90 v _059023_/Y (AND2x2_ASAP7_75t_R)
  28.60  294.50 ^ _101682_/Y (AOI21x1_ASAP7_75t_R)
  37.33  331.83 ^ _101701_/Y (BUFx4f_ASAP7_75t_R)
  12.86  344.69 v _101735_/Y (NAND2x1_ASAP7_75t_R)
  23.65  368.34 v _101736_/Y (OA21x2_ASAP7_75t_R)
   0.00  368.34 v _115951_/D (DFFASRHQNx1_ASAP7_75t_R)
         368.34   data arrival time

   0.00    0.00   clock clk (rise edge)
   0.00    0.00   clock network delay (ideal)
   0.00    0.00   clock reconvergence pessimism
           0.00 ^ _115951_/CLK (DFFASRHQNx1_ASAP7_75t_R)
  16.58   16.58   library hold time
          16.58   data required time
---------------------------------------------------------
          16.58   data required time
        -368.34   data arrival time
---------------------------------------------------------
         351.76   slack (MET)


Startpoint: _115943_ (rising edge-triggered flip-flop clocked by clk)
Endpoint: _115953_ (rising edge-triggered flip-flop clocked by clk)
Path Group: clk
Path Type: min

  Delay    Time   Description
---------------------------------------------------------
   0.00    0.00   clock clk (rise edge)
   0.00    0.00   clock network delay (ideal)
   0.00    0.00 ^ _115943_/CLK (DFFASRHQNx1_ASAP7_75t_R)
 118.66  118.66 v _115943_/QN (DFFASRHQNx1_ASAP7_75t_R)
  37.02  155.69 ^ _107023_/SN (HAxp5_ASAP7_75t_R)
  16.36  172.05 v _058978_/Y (NOR2x1_ASAP7_75t_R)
  33.26  205.30 v _058984_/Y (AND5x1_ASAP7_75t_R)
  26.43  231.73 v _059022_/Y (AND3x1_ASAP7_75t_R)
  34.17  265.90 v _059023_/Y (AND2x2_ASAP7_75t_R)
  28.60  294.50 ^ _101682_/Y (AOI21x1_ASAP7_75t_R)
  37.33  331.83 ^ _101701_/Y (BUFx4f_ASAP7_75t_R)
  12.86  344.69 v _101743_/Y (NAND2x1_ASAP7_75t_R)
  23.65  368.34 v _101744_/Y (OA21x2_ASAP7_75t_R)
   0.00  368.34 v _115953_/D (DFFASRHQNx1_ASAP7_75t_R)
         368.34   data arrival time

   0.00    0.00   clock clk (rise edge)
   0.00    0.00   clock network delay (ideal)
   0.00    0.00   clock reconvergence pessimism
           0.00 ^ _115953_/CLK (DFFASRHQNx1_ASAP7_75t_R)
  16.58   16.58   library hold time
          16.58   data required time
---------------------------------------------------------
          16.58   data required time
        -368.34   data arrival time
---------------------------------------------------------
         351.76   slack (MET)


Startpoint: _115943_ (rising edge-triggered flip-flop clocked by clk)
Endpoint: _115955_ (rising edge-triggered flip-flop clocked by clk)
Path Group: clk
Path Type: min

  Delay    Time   Description
---------------------------------------------------------
   0.00    0.00   clock clk (rise edge)
   0.00    0.00   clock network delay (ideal)
   0.00    0.00 ^ _115943_/CLK (DFFASRHQNx1_ASAP7_75t_R)
 118.66  118.66 v _115943_/QN (DFFASRHQNx1_ASAP7_75t_R)
  37.02  155.69 ^ _107023_/SN (HAxp5_ASAP7_75t_R)
  16.36  172.05 v _058978_/Y (NOR2x1_ASAP7_75t_R)
  33.26  205.30 v _058984_/Y (AND5x1_ASAP7_75t_R)
  26.43  231.73 v _059022_/Y (AND3x1_ASAP7_75t_R)
  34.17  265.90 v _059023_/Y (AND2x2_ASAP7_75t_R)
  28.60  294.50 ^ _101682_/Y (AOI21x1_ASAP7_75t_R)
  37.33  331.83 ^ _101701_/Y (BUFx4f_ASAP7_75t_R)
  12.86  344.69 v _101751_/Y (NAND2x1_ASAP7_75t_R)
  23.65  368.34 v _101752_/Y (OA21x2_ASAP7_75t_R)
   0.00  368.34 v _115955_/D (DFFASRHQNx1_ASAP7_75t_R)
         368.34   data arrival time

   0.00    0.00   clock clk (rise edge)
   0.00    0.00   clock network delay (ideal)
   0.00    0.00   clock reconvergence pessimism
           0.00 ^ _115955_/CLK (DFFASRHQNx1_ASAP7_75t_R)
  16.58   16.58   library hold time
          16.58   data required time
---------------------------------------------------------
          16.58   data required time
        -368.34   data arrival time
---------------------------------------------------------
         351.76   slack (MET)


Startpoint: _115943_ (rising edge-triggered flip-flop clocked by clk)
Endpoint: _115957_ (rising edge-triggered flip-flop clocked by clk)
Path Group: clk
Path Type: min

  Delay    Time   Description
---------------------------------------------------------
   0.00    0.00   clock clk (rise edge)
   0.00    0.00   clock network delay (ideal)
   0.00    0.00 ^ _115943_/CLK (DFFASRHQNx1_ASAP7_75t_R)
 118.66  118.66 v _115943_/QN (DFFASRHQNx1_ASAP7_75t_R)
  37.02  155.69 ^ _107023_/SN (HAxp5_ASAP7_75t_R)
  16.36  172.05 v _058978_/Y (NOR2x1_ASAP7_75t_R)
  33.26  205.30 v _058984_/Y (AND5x1_ASAP7_75t_R)
  26.43  231.73 v _059022_/Y (AND3x1_ASAP7_75t_R)
  34.17  265.90 v _059023_/Y (AND2x2_ASAP7_75t_R)
  28.60  294.50 ^ _101682_/Y (AOI21x1_ASAP7_75t_R)
  37.33  331.83 ^ _101701_/Y (BUFx4f_ASAP7_75t_R)
  12.86  344.69 v _101759_/Y (NAND2x1_ASAP7_75t_R)
  23.65  368.34 v _101760_/Y (OA21x2_ASAP7_75t_R)
   0.00  368.34 v _115957_/D (DFFASRHQNx1_ASAP7_75t_R)
         368.34   data arrival time

   0.00    0.00   clock clk (rise edge)
   0.00    0.00   clock network delay (ideal)
   0.00    0.00   clock reconvergence pessimism
           0.00 ^ _115957_/CLK (DFFASRHQNx1_ASAP7_75t_R)
  16.58   16.58   library hold time
          16.58   data required time
---------------------------------------------------------
          16.58   data required time
        -368.34   data arrival time
---------------------------------------------------------
         351.76   slack (MET)


Startpoint: _115943_ (rising edge-triggered flip-flop clocked by clk)
Endpoint: _115943_ (rising edge-triggered flip-flop clocked by clk)
Path Group: clk
Path Type: min

  Delay    Time   Description
---------------------------------------------------------
   0.00    0.00   clock clk (rise edge)
   0.00    0.00   clock network delay (ideal)
   0.00    0.00 ^ _115943_/CLK (DFFASRHQNx1_ASAP7_75t_R)
 118.66  118.66 v _115943_/QN (DFFASRHQNx1_ASAP7_75t_R)
  21.47  140.13 ^ _101700_/Y (OAI21x1_ASAP7_75t_R)
  17.29  157.42 v _101702_/Y (NOR2x1_ASAP7_75t_R)
  25.99  183.41 v _101703_/Y (AO21x1_ASAP7_75t_R)
   0.00  183.41 v _115943_/D (DFFASRHQNx1_ASAP7_75t_R)
         183.41   data arrival time

   0.00    0.00   clock clk (rise edge)
   0.00    0.00   clock network delay (ideal)
   0.00    0.00   clock reconvergence pessimism
           0.00 ^ _115943_/CLK (DFFASRHQNx1_ASAP7_75t_R)
  15.91   15.91   library hold time
          15.91   data required time
---------------------------------------------------------
          15.91   data required time
        -183.41   data arrival time
---------------------------------------------------------
         167.50   slack (MET)


Startpoint: _115943_ (rising edge-triggered flip-flop clocked by clk)
Endpoint: _115946_ (rising edge-triggered flip-flop clocked by clk)
Path Group: clk
Path Type: min

  Delay    Time   Description
---------------------------------------------------------
   0.00    0.00   clock clk (rise edge)
   0.00    0.00   clock network delay (ideal)
   0.00    0.00 ^ _115943_/CLK (DFFASRHQNx1_ASAP7_75t_R)
 113.63  113.63 ^ _115943_/QN (DFFASRHQNx1_ASAP7_75t_R)
  43.33  156.96 v _059046_/Y (INVx1_ASAP7_75t_R)
  37.57  194.52 ^ _107186_/CON (HAxp5_ASAP7_75t_R)
  34.19  228.71 v _059036_/Y (INVx1_ASAP7_75t_R)
  31.35  260.06 ^ _107187_/CON (HAxp5_ASAP7_75t_R)
  45.45  305.51 v _101713_/Y (XOR2x2_ASAP7_75t_R)
   9.79  315.31 ^ _101714_/Y (OAI21x1_ASAP7_75t_R)
  12.21  327.52 v _101715_/Y (NOR2x1_ASAP7_75t_R)
  25.92  353.44 v _101716_/Y (AO21x1_ASAP7_75t_R)
   0.00  353.44 v _115946_/D (DFFASRHQNx1_ASAP7_75t_R)
         353.44   data arrival time

   0.00    0.00   clock clk (rise edge)
   0.00    0.00   clock network delay (ideal)
   0.00    0.00   clock reconvergence pessimism
           0.00 ^ _115946_/CLK (DFFASRHQNx1_ASAP7_75t_R)
  15.91   15.91   library hold time
          15.91   data required time
---------------------------------------------------------
          15.91   data required time
        -353.44   data arrival time
---------------------------------------------------------
         337.53   slack (MET)


Startpoint: _117431_ (rising edge-triggered flip-flop clocked by clk)
Endpoint: _117449_ (rising edge-triggered flip-flop clocked by clk)
Path Group: clk
Path Type: min

  Delay    Time   Description
---------------------------------------------------------
   0.00    0.00   clock clk (rise edge)
   0.00    0.00   clock network delay (ideal)
   0.00    0.00 ^ _117431_/CLK (DFFASRHQNx1_ASAP7_75t_R)
  79.33   79.33 ^ _117431_/QN (DFFASRHQNx1_ASAP7_75t_R)
  25.41  104.74 v _079278_/Y (INVx1_ASAP7_75t_R)
  28.11  132.86 ^ _107274_/CON (HAxp5_ASAP7_75t_R)
  15.61  148.46 v _079232_/Y (INVx2_ASAP7_75t_R)
  41.54  190.00 v _079234_/Y (AND3x4_ASAP7_75t_R)
  35.00  225.00 v _079237_/Y (AND3x4_ASAP7_75t_R)
  35.00  259.99 v _079240_/Y (AND3x4_ASAP7_75t_R)
  35.00  294.99 v _079243_/Y (AND3x4_ASAP7_75t_R)
  35.00  329.99 v _079246_/Y (AND3x4_ASAP7_75t_R)
  35.94  365.93 v _079249_/Y (AND3x4_ASAP7_75t_R)
  20.78  386.70 ^ _079252_/Y (NAND2x2_ASAP7_75t_R)
  13.41  400.11 v _079253_/Y (INVx2_ASAP7_75t_R)
  33.86  433.97 v _079256_/Y (AND3x4_ASAP7_75t_R)
  16.45  450.42 ^ _107283_/SN (HAxp5_ASAP7_75t_R)
  30.48  480.90 ^ _105794_/Y (AO22x1_ASAP7_75t_R)
  11.84  492.75 v _105795_/Y (AOI21x1_ASAP7_75t_R)
   0.00  492.75 v _117449_/D (DFFASRHQNx1_ASAP7_75t_R)
         492.75   data arrival time

   0.00    0.00   clock clk (rise edge)
   0.00    0.00   clock network delay (ideal)
   0.00    0.00   clock reconvergence pessimism
           0.00 ^ _117449_/CLK (DFFASRHQNx1_ASAP7_75t_R)
  16.12   16.12   library hold time
          16.12   data required time
---------------------------------------------------------
          16.12   data required time
        -492.75   data arrival time
---------------------------------------------------------
         476.63   slack (MET)


Startpoint: _115944_ (rising edge-triggered flip-flop clocked by clk)
Endpoint: _115887_ (rising edge-triggered flip-flop clocked by clk)
Path Group: clk
Path Type: min

  Delay    Time   Description
---------------------------------------------------------
   0.00    0.00   clock clk (rise edge)
   0.00    0.00   clock network delay (ideal)
   0.00    0.00 ^ _115944_/CLK (DFFASRHQNx1_ASAP7_75t_R)
 100.44  100.44 ^ _115944_/QN (DFFASRHQNx1_ASAP7_75t_R)
  39.03  139.47 v _059047_/Y (INVx1_ASAP7_75t_R)
  41.62  181.10 ^ _107024_/SN (HAxp5_ASAP7_75t_R)
  22.56  203.66 v _058978_/Y (NOR2x1_ASAP7_75t_R)
  33.26  236.91 v _058984_/Y (AND5x1_ASAP7_75t_R)
  26.43  263.34 v _059022_/Y (AND3x1_ASAP7_75t_R)
  18.53  281.88 ^ _077132_/Y (NOR2x1_ASAP7_75t_R)
  30.23  312.10 ^ _077133_/Y (AND2x2_ASAP7_75t_R)
  30.62  342.72 ^ _077134_/Y (BUFx4f_ASAP7_75t_R)
  32.91  375.63 v _077169_/Y (NAND2x1_ASAP7_75t_R)
  23.85  399.48 ^ _077170_/Y (AOI21x1_ASAP7_75t_R)
  12.23  411.72 v _077171_/Y (OAI21x1_ASAP7_75t_R)
   0.00  411.72 v _115887_/D (DFFASRHQNx1_ASAP7_75t_R)
         411.72   data arrival time

   0.00    0.00   clock clk (rise edge)
   0.00    0.00   clock network delay (ideal)
   0.00    0.00   clock reconvergence pessimism
           0.00 ^ _115887_/CLK (DFFASRHQNx1_ASAP7_75t_R)
  15.81   15.81   library hold time
          15.81   data required time
---------------------------------------------------------
          15.81   data required time
        -411.72   data arrival time
---------------------------------------------------------
         395.91   slack (MET)


Startpoint: _115944_ (rising edge-triggered flip-flop clocked by clk)
Endpoint: _115890_ (rising edge-triggered flip-flop clocked by clk)
Path Group: clk
Path Type: min

  Delay    Time   Description
---------------------------------------------------------
   0.00    0.00   clock clk (rise edge)
   0.00    0.00   clock network delay (ideal)
   0.00    0.00 ^ _115944_/CLK (DFFASRHQNx1_ASAP7_75t_R)
 100.44  100.44 ^ _115944_/QN (DFFASRHQNx1_ASAP7_75t_R)
  39.03  139.47 v _059047_/Y (INVx1_ASAP7_75t_R)
  41.62  181.10 ^ _107024_/SN (HAxp5_ASAP7_75t_R)
  22.56  203.66 v _058978_/Y (NOR2x1_ASAP7_75t_R)
  33.26  236.91 v _058984_/Y (AND5x1_ASAP7_75t_R)
  26.43  263.34 v _059022_/Y (AND3x1_ASAP7_75t_R)
  18.53  281.88 ^ _077132_/Y (NOR2x1_ASAP7_75t_R)
  30.23  312.10 ^ _077133_/Y (AND2x2_ASAP7_75t_R)
  30.62  342.72 ^ _077134_/Y (BUFx4f_ASAP7_75t_R)
  32.91  375.63 v _077169_/Y (NAND2x1_ASAP7_75t_R)
  23.85  399.48 ^ _077181_/Y (AOI21x1_ASAP7_75t_R)
  12.23  411.71 v _077182_/Y (OAI21x1_ASAP7_75t_R)
   0.00  411.71 v _115890_/D (DFFASRHQNx1_ASAP7_75t_R)
         411.71   data arrival time

   0.00    0.00   clock clk (rise edge)
   0.00    0.00   clock network delay (ideal)
   0.00    0.00   clock reconvergence pessimism
           0.00 ^ _115890_/CLK (DFFASRHQNx1_ASAP7_75t_R)
  15.81   15.81   library hold time
          15.81   data required time
---------------------------------------------------------
          15.81   data required time
        -411.71   data arrival time
---------------------------------------------------------
         395.90   slack (MET)


Startpoint: _115944_ (rising edge-triggered flip-flop clocked by clk)
Endpoint: _115893_ (rising edge-triggered flip-flop clocked by clk)
Path Group: clk
Path Type: min

  Delay    Time   Description
---------------------------------------------------------
   0.00    0.00   clock clk (rise edge)
   0.00    0.00   clock network delay (ideal)
   0.00    0.00 ^ _115944_/CLK (DFFASRHQNx1_ASAP7_75t_R)
 100.44  100.44 ^ _115944_/QN (DFFASRHQNx1_ASAP7_75t_R)
  39.03  139.47 v _059047_/Y (INVx1_ASAP7_75t_R)
  41.62  181.10 ^ _107024_/SN (HAxp5_ASAP7_75t_R)
  22.56  203.66 v _058978_/Y (NOR2x1_ASAP7_75t_R)
  33.26  236.91 v _058984_/Y (AND5x1_ASAP7_75t_R)
  26.43  263.34 v _059022_/Y (AND3x1_ASAP7_75t_R)
  18.53  281.88 ^ _077132_/Y (NOR2x1_ASAP7_75t_R)
  30.23  312.10 ^ _077133_/Y (AND2x2_ASAP7_75t_R)
  30.62  342.72 ^ _077134_/Y (BUFx4f_ASAP7_75t_R)
  32.91  375.63 v _077169_/Y (NAND2x1_ASAP7_75t_R)
  23.85  399.48 ^ _077191_/Y (AOI21x1_ASAP7_75t_R)
  12.15  411.63 v _077192_/Y (OAI21x1_ASAP7_75t_R)
   0.00  411.63 v _115893_/D (DFFASRHQNx1_ASAP7_75t_R)
         411.63   data arrival time

   0.00    0.00   clock clk (rise edge)
   0.00    0.00   clock network delay (ideal)
   0.00    0.00   clock reconvergence pessimism
           0.00 ^ _115893_/CLK (DFFASRHQNx1_ASAP7_75t_R)
  15.84   15.84   library hold time
          15.84   data required time
---------------------------------------------------------
          15.84   data required time
        -411.63   data arrival time
---------------------------------------------------------
         395.80   slack (MET)


Startpoint: _117431_ (rising edge-triggered flip-flop clocked by clk)
Endpoint: _117457_ (rising edge-triggered flip-flop clocked by clk)
Path Group: clk
Path Type: min

  Delay    Time   Description
---------------------------------------------------------
   0.00    0.00   clock clk (rise edge)
   0.00    0.00   clock network delay (ideal)
   0.00    0.00 ^ _117431_/CLK (DFFASRHQNx1_ASAP7_75t_R)
  79.33   79.33 ^ _117431_/QN (DFFASRHQNx1_ASAP7_75t_R)
  25.41  104.74 v _079278_/Y (INVx1_ASAP7_75t_R)
  28.11  132.86 ^ _107274_/CON (HAxp5_ASAP7_75t_R)
  15.61  148.46 v _079232_/Y (INVx2_ASAP7_75t_R)
  41.54  190.00 v _079234_/Y (AND3x4_ASAP7_75t_R)
  35.00  225.00 v _079237_/Y (AND3x4_ASAP7_75t_R)
  35.00  259.99 v _079240_/Y (AND3x4_ASAP7_75t_R)
  35.00  294.99 v _079243_/Y (AND3x4_ASAP7_75t_R)
  35.00  329.99 v _079246_/Y (AND3x4_ASAP7_75t_R)
  35.94  365.93 v _079249_/Y (AND3x4_ASAP7_75t_R)
  20.78  386.70 ^ _079252_/Y (NAND2x2_ASAP7_75t_R)
  19.44  406.14 v _079265_/Y (NOR2x2_ASAP7_75t_R)
  29.66  435.80 v _079268_/Y (AND2x4_ASAP7_75t_R)
  17.83  453.63 ^ _107287_/SN (HAxp5_ASAP7_75t_R)
  26.89  480.52 ^ _105817_/Y (OA22x2_ASAP7_75t_R)
   9.80  490.32 v _105818_/Y (OAI21x1_ASAP7_75t_R)
   0.00  490.32 v _117457_/D (DFFASRHQNx1_ASAP7_75t_R)
         490.32   data arrival time

   0.00    0.00   clock clk (rise edge)
   0.00    0.00   clock network delay (ideal)
   0.00    0.00   clock reconvergence pessimism
           0.00 ^ _117457_/CLK (DFFASRHQNx1_ASAP7_75t_R)
  16.46   16.46   library hold time
          16.46   data required time
---------------------------------------------------------
          16.46   data required time
        -490.32   data arrival time
---------------------------------------------------------
         473.86   slack (MET)


Startpoint: _117237_ (rising edge-triggered flip-flop clocked by clk)
Endpoint: _117261_ (rising edge-triggered flip-flop clocked by clk)
Path Group: clk
Path Type: min

  Delay    Time   Description
---------------------------------------------------------
   0.00    0.00   clock clk (rise edge)
   0.00    0.00   clock network delay (ideal)
   0.00    0.00 ^ _117237_/CLK (DFFASRHQNx1_ASAP7_75t_R)
  74.75   74.75 ^ _117237_/QN (DFFASRHQNx1_ASAP7_75t_R)
  27.09  101.84 v _079277_/Y (INVx1_ASAP7_75t_R)
  29.80  131.64 ^ _107238_/CON (HAxp5_ASAP7_75t_R)
  15.49  147.13 v _079175_/Y (INVx2_ASAP7_75t_R)
  41.49  188.62 v _079177_/Y (AND3x4_ASAP7_75t_R)
  35.02  223.64 v _079180_/Y (AND3x4_ASAP7_75t_R)
  35.00  258.64 v _079183_/Y (AND3x4_ASAP7_75t_R)
  35.00  293.64 v _079186_/Y (AND3x4_ASAP7_75t_R)
  35.00  328.63 v _079189_/Y (AND3x4_ASAP7_75t_R)
  35.94  364.57 v _079192_/Y (AND3x4_ASAP7_75t_R)
  20.78  385.35 ^ _079195_/Y (NAND2x2_ASAP7_75t_R)
  19.44  404.79 v _079209_/Y (NOR2x2_ASAP7_75t_R)
  20.61  425.40 ^ _107250_/SN (HAxp5_ASAP7_75t_R)
  25.11  450.50 ^ _104955_/Y (AO21x1_ASAP7_75t_R)
  21.37  471.87 ^ _104956_/Y (AO21x1_ASAP7_75t_R)
  10.67  482.54 v _104957_/Y (OAI21x1_ASAP7_75t_R)
   0.00  482.54 v _117261_/D (DFFASRHQNx1_ASAP7_75t_R)
         482.54   data arrival time

   0.00    0.00   clock clk (rise edge)
   0.00    0.00   clock network delay (ideal)
   0.00    0.00   clock reconvergence pessimism
           0.00 ^ _117261_/CLK (DFFASRHQNx1_ASAP7_75t_R)
  16.23   16.23   library hold time
          16.23   data required time
---------------------------------------------------------
          16.23   data required time
        -482.54   data arrival time
---------------------------------------------------------
         466.31   slack (MET)


Startpoint: _115718_ (rising edge-triggered flip-flop clocked by clk)
Endpoint: _115779_ (rising edge-triggered flip-flop clocked by clk)
Path Group: clk
Path Type: min

  Delay    Time   Description
---------------------------------------------------------
   0.00    0.00   clock clk (rise edge)
   0.00    0.00   clock network delay (ideal)
   0.00    0.00 ^ _115718_/CLK (DFFASRHQNx1_ASAP7_75t_R)
 106.39  106.39 ^ _115718_/QN (DFFASRHQNx1_ASAP7_75t_R)
  25.13  131.52 v _059137_/Y (INVx1_ASAP7_75t_R)
  27.91  159.44 ^ _107158_/CON (HAxp5_ASAP7_75t_R)
  19.30  178.74 v _059095_/Y (INVx2_ASAP7_75t_R)
  24.27  203.01 v _079426_/Y (AND3x1_ASAP7_75t_R)
  29.02  232.03 v _079427_/Y (AND5x1_ASAP7_75t_R)
  19.79  251.82 v _079429_/Y (AND3x1_ASAP7_75t_R)
  28.78  280.59 v _079436_/Y (AND4x1_ASAP7_75t_R)
  36.99  317.58 v _101207_/Y (OA22x2_ASAP7_75t_R)
   0.00  317.58 v _115779_/D (DFFASRHQNx1_ASAP7_75t_R)
         317.58   data arrival time

   0.00    0.00   clock clk (rise edge)
   0.00    0.00   clock network delay (ideal)
   0.00    0.00   clock reconvergence pessimism
           0.00 ^ _115779_/CLK (DFFASRHQNx1_ASAP7_75t_R)
  15.56   15.56   library hold time
          15.56   data required time
---------------------------------------------------------
          15.56   data required time
        -317.58   data arrival time
---------------------------------------------------------
         302.02   slack (MET)


Startpoint: _117431_ (rising edge-triggered flip-flop clocked by clk)
Endpoint: _117453_ (rising edge-triggered flip-flop clocked by clk)
Path Group: clk
Path Type: min

  Delay    Time   Description
---------------------------------------------------------
   0.00    0.00   clock clk (rise edge)
   0.00    0.00   clock network delay (ideal)
   0.00    0.00 ^ _117431_/CLK (DFFASRHQNx1_ASAP7_75t_R)
  79.33   79.33 ^ _117431_/QN (DFFASRHQNx1_ASAP7_75t_R)
  25.41  104.74 v _079278_/Y (INVx1_ASAP7_75t_R)
  28.11  132.86 ^ _107274_/CON (HAxp5_ASAP7_75t_R)
  15.61  148.46 v _079232_/Y (INVx2_ASAP7_75t_R)
  41.54  190.00 v _079234_/Y (AND3x4_ASAP7_75t_R)
  35.00  225.00 v _079237_/Y (AND3x4_ASAP7_75t_R)
  35.00  259.99 v _079240_/Y (AND3x4_ASAP7_75t_R)
  35.00  294.99 v _079243_/Y (AND3x4_ASAP7_75t_R)
  35.00  329.99 v _079246_/Y (AND3x4_ASAP7_75t_R)
  35.94  365.93 v _079249_/Y (AND3x4_ASAP7_75t_R)
  20.78  386.70 ^ _079252_/Y (NAND2x2_ASAP7_75t_R)
  16.14  402.85 v _079259_/Y (NOR2x2_ASAP7_75t_R)
  30.07  432.92 v _079262_/Y (AND2x2_ASAP7_75t_R)
  18.41  451.33 ^ _107285_/SN (HAxp5_ASAP7_75t_R)
  26.89  478.22 ^ _105805_/Y (OA22x2_ASAP7_75t_R)
   9.80  488.02 v _105806_/Y (OAI21x1_ASAP7_75t_R)
   0.00  488.02 v _117453_/D (DFFASRHQNx1_ASAP7_75t_R)
         488.02   data arrival time

   0.00    0.00   clock clk (rise edge)
   0.00    0.00   clock network delay (ideal)
   0.00    0.00   clock reconvergence pessimism
           0.00 ^ _117453_/CLK (DFFASRHQNx1_ASAP7_75t_R)
  16.46   16.46   library hold time
          16.46   data required time
---------------------------------------------------------
          16.46   data required time
        -488.02   data arrival time
---------------------------------------------------------
         471.56   slack (MET)


Startpoint: _117237_ (rising edge-triggered flip-flop clocked by clk)
Endpoint: _117257_ (rising edge-triggered flip-flop clocked by clk)
Path Group: clk
Path Type: min

  Delay    Time   Description
---------------------------------------------------------
   0.00    0.00   clock clk (rise edge)
   0.00    0.00   clock network delay (ideal)
   0.00    0.00 ^ _117237_/CLK (DFFASRHQNx1_ASAP7_75t_R)
  74.75   74.75 ^ _117237_/QN (DFFASRHQNx1_ASAP7_75t_R)
  27.09  101.84 v _079277_/Y (INVx1_ASAP7_75t_R)
  29.80  131.64 ^ _107238_/CON (HAxp5_ASAP7_75t_R)
  15.49  147.13 v _079175_/Y (INVx2_ASAP7_75t_R)
  41.49  188.62 v _079177_/Y (AND3x4_ASAP7_75t_R)
  35.02  223.64 v _079180_/Y (AND3x4_ASAP7_75t_R)
  35.00  258.64 v _079183_/Y (AND3x4_ASAP7_75t_R)
  35.00  293.64 v _079186_/Y (AND3x4_ASAP7_75t_R)
  35.00  328.63 v _079189_/Y (AND3x4_ASAP7_75t_R)
  35.94  364.57 v _079192_/Y (AND3x4_ASAP7_75t_R)
  20.78  385.35 ^ _079195_/Y (NAND2x2_ASAP7_75t_R)
  16.14  401.49 v _079202_/Y (NOR2x2_ASAP7_75t_R)
  18.60  420.09 ^ _107248_/SN (HAxp5_ASAP7_75t_R)
  21.62  441.72 ^ _104941_/Y (OR3x1_ASAP7_75t_R)
  25.22  466.94 ^ _104942_/Y (OA21x2_ASAP7_75t_R)
   9.86  476.79 v _104943_/Y (OAI21x1_ASAP7_75t_R)
   0.00  476.79 v _117257_/D (DFFASRHQNx1_ASAP7_75t_R)
         476.79   data arrival time

   0.00    0.00   clock clk (rise edge)
   0.00    0.00   clock network delay (ideal)
   0.00    0.00   clock reconvergence pessimism
           0.00 ^ _117257_/CLK (DFFASRHQNx1_ASAP7_75t_R)
  16.45   16.45   library hold time
          16.45   data required time
---------------------------------------------------------
          16.45   data required time
        -476.79   data arrival time
---------------------------------------------------------
         460.35   slack (MET)


Startpoint: _115944_ (rising edge-triggered flip-flop clocked by clk)
Endpoint: _115894_ (rising edge-triggered flip-flop clocked by clk)
Path Group: clk
Path Type: min

  Delay    Time   Description
---------------------------------------------------------
   0.00    0.00   clock clk (rise edge)
   0.00    0.00   clock network delay (ideal)
   0.00    0.00 ^ _115944_/CLK (DFFASRHQNx1_ASAP7_75t_R)
 100.44  100.44 ^ _115944_/QN (DFFASRHQNx1_ASAP7_75t_R)
  39.03  139.47 v _059047_/Y (INVx1_ASAP7_75t_R)
  41.62  181.10 ^ _107024_/SN (HAxp5_ASAP7_75t_R)
  22.56  203.66 v _058978_/Y (NOR2x1_ASAP7_75t_R)
  33.26  236.91 v _058984_/Y (AND5x1_ASAP7_75t_R)
  26.43  263.34 v _059022_/Y (AND3x1_ASAP7_75t_R)
  18.53  281.88 ^ _077132_/Y (NOR2x1_ASAP7_75t_R)
  30.23  312.10 ^ _077133_/Y (AND2x2_ASAP7_75t_R)
  30.62  342.72 ^ _077134_/Y (BUFx4f_ASAP7_75t_R)
  20.74  363.46 v _077147_/Y (INVx2_ASAP7_75t_R)
  22.98  386.45 ^ _077193_/Y (NOR2x1_ASAP7_75t_R)
  15.31  401.76 v _077195_/Y (OAI21x1_ASAP7_75t_R)
   0.00  401.76 v _115894_/D (DFFASRHQNx1_ASAP7_75t_R)
         401.76   data arrival time

   0.00    0.00   clock clk (rise edge)
   0.00    0.00   clock network delay (ideal)
   0.00    0.00   clock reconvergence pessimism
           0.00 ^ _115894_/CLK (DFFASRHQNx1_ASAP7_75t_R)
  15.70   15.70   library hold time
          15.70   data required time
---------------------------------------------------------
          15.70   data required time
        -401.76   data arrival time
---------------------------------------------------------
         386.05   slack (MET)


Startpoint: _115944_ (rising edge-triggered flip-flop clocked by clk)
Endpoint: _115895_ (rising edge-triggered flip-flop clocked by clk)
Path Group: clk
Path Type: min

  Delay    Time   Description
---------------------------------------------------------
   0.00    0.00   clock clk (rise edge)
   0.00    0.00   clock network delay (ideal)
   0.00    0.00 ^ _115944_/CLK (DFFASRHQNx1_ASAP7_75t_R)
 100.44  100.44 ^ _115944_/QN (DFFASRHQNx1_ASAP7_75t_R)
  39.03  139.47 v _059047_/Y (INVx1_ASAP7_75t_R)
  41.62  181.10 ^ _107024_/SN (HAxp5_ASAP7_75t_R)
  22.56  203.66 v _058978_/Y (NOR2x1_ASAP7_75t_R)
  33.26  236.91 v _058984_/Y (AND5x1_ASAP7_75t_R)
  26.43  263.34 v _059022_/Y (AND3x1_ASAP7_75t_R)
  18.53  281.88 ^ _077132_/Y (NOR2x1_ASAP7_75t_R)
  30.23  312.10 ^ _077133_/Y (AND2x2_ASAP7_75t_R)
  30.62  342.72 ^ _077134_/Y (BUFx4f_ASAP7_75t_R)
  20.74  363.46 v _077147_/Y (INVx2_ASAP7_75t_R)
  22.98  386.45 ^ _077196_/Y (NOR2x1_ASAP7_75t_R)
  15.37  401.81 v _077198_/Y (OAI21x1_ASAP7_75t_R)
   0.00  401.81 v _115895_/D (DFFASRHQNx1_ASAP7_75t_R)
         401.81   data arrival time

   0.00    0.00   clock clk (rise edge)
   0.00    0.00   clock network delay (ideal)
   0.00    0.00   clock reconvergence pessimism
           0.00 ^ _115895_/CLK (DFFASRHQNx1_ASAP7_75t_R)
  15.70   15.70   library hold time
          15.70   data required time
---------------------------------------------------------
          15.70   data required time
        -401.81   data arrival time
---------------------------------------------------------
         386.11   slack (MET)


Startpoint: _115944_ (rising edge-triggered flip-flop clocked by clk)
Endpoint: _115905_ (rising edge-triggered flip-flop clocked by clk)
Path Group: clk
Path Type: min

  Delay    Time   Description
---------------------------------------------------------
   0.00    0.00   clock clk (rise edge)
   0.00    0.00   clock network delay (ideal)
   0.00    0.00 ^ _115944_/CLK (DFFASRHQNx1_ASAP7_75t_R)
 100.44  100.44 ^ _115944_/QN (DFFASRHQNx1_ASAP7_75t_R)
  39.03  139.47 v _059047_/Y (INVx1_ASAP7_75t_R)
  41.62  181.10 ^ _107024_/SN (HAxp5_ASAP7_75t_R)
  22.56  203.66 v _058978_/Y (NOR2x1_ASAP7_75t_R)
  33.26  236.91 v _058984_/Y (AND5x1_ASAP7_75t_R)
  26.43  263.34 v _059022_/Y (AND3x1_ASAP7_75t_R)
  18.53  281.88 ^ _077132_/Y (NOR2x1_ASAP7_75t_R)
  30.23  312.10 ^ _077133_/Y (AND2x2_ASAP7_75t_R)
  30.62  342.72 ^ _077134_/Y (BUFx4f_ASAP7_75t_R)
  20.74  363.46 v _077147_/Y (INVx2_ASAP7_75t_R)
  22.98  386.45 ^ _077228_/Y (NOR2x1_ASAP7_75t_R)
  15.37  401.81 v _077230_/Y (OAI21x1_ASAP7_75t_R)
   0.00  401.81 v _115905_/D (DFFASRHQNx1_ASAP7_75t_R)
         401.81   data arrival time

   0.00    0.00   clock clk (rise edge)
   0.00    0.00   clock network delay (ideal)
   0.00    0.00   clock reconvergence pessimism
           0.00 ^ _115905_/CLK (DFFASRHQNx1_ASAP7_75t_R)
  15.70   15.70   library hold time
          15.70   data required time
---------------------------------------------------------
          15.70   data required time
        -401.81   data arrival time
---------------------------------------------------------
         386.11   slack (MET)


Startpoint: _115944_ (rising edge-triggered flip-flop clocked by clk)
Endpoint: _115897_ (rising edge-triggered flip-flop clocked by clk)
Path Group: clk
Path Type: min

  Delay    Time   Description
---------------------------------------------------------
   0.00    0.00   clock clk (rise edge)
   0.00    0.00   clock network delay (ideal)
   0.00    0.00 ^ _115944_/CLK (DFFASRHQNx1_ASAP7_75t_R)
 100.44  100.44 ^ _115944_/QN (DFFASRHQNx1_ASAP7_75t_R)
  39.03  139.47 v _059047_/Y (INVx1_ASAP7_75t_R)
  41.62  181.10 ^ _107024_/SN (HAxp5_ASAP7_75t_R)
  22.56  203.66 v _058978_/Y (NOR2x1_ASAP7_75t_R)
  33.26  236.91 v _058984_/Y (AND5x1_ASAP7_75t_R)
  26.43  263.34 v _059022_/Y (AND3x1_ASAP7_75t_R)
  18.53  281.88 ^ _077132_/Y (NOR2x1_ASAP7_75t_R)
  30.23  312.10 ^ _077133_/Y (AND2x2_ASAP7_75t_R)
  30.62  342.72 ^ _077134_/Y (BUFx4f_ASAP7_75t_R)
  26.90  369.62 v _077204_/Y (NAND2x1_ASAP7_75t_R)
  35.20  404.81 v _077206_/Y (AO21x1_ASAP7_75t_R)
   0.00  404.81 v _115897_/D (DFFASRHQNx1_ASAP7_75t_R)
         404.81   data arrival time

   0.00    0.00   clock clk (rise edge)
   0.00    0.00   clock network delay (ideal)
   0.00    0.00   clock reconvergence pessimism
           0.00 ^ _115897_/CLK (DFFASRHQNx1_ASAP7_75t_R)
  15.91   15.91   library hold time
          15.91   data required time
---------------------------------------------------------
          15.91   data required time
        -404.81   data arrival time
---------------------------------------------------------
         388.91   slack (MET)


Startpoint: _115944_ (rising edge-triggered flip-flop clocked by clk)
Endpoint: _115901_ (rising edge-triggered flip-flop clocked by clk)
Path Group: clk
Path Type: min

  Delay    Time   Description
---------------------------------------------------------
   0.00    0.00   clock clk (rise edge)
   0.00    0.00   clock network delay (ideal)
   0.00    0.00 ^ _115944_/CLK (DFFASRHQNx1_ASAP7_75t_R)
 100.44  100.44 ^ _115944_/QN (DFFASRHQNx1_ASAP7_75t_R)
  39.03  139.47 v _059047_/Y (INVx1_ASAP7_75t_R)
  41.62  181.10 ^ _107024_/SN (HAxp5_ASAP7_75t_R)
  22.56  203.66 v _058978_/Y (NOR2x1_ASAP7_75t_R)
  33.26  236.91 v _058984_/Y (AND5x1_ASAP7_75t_R)
  26.43  263.34 v _059022_/Y (AND3x1_ASAP7_75t_R)
  18.53  281.88 ^ _077132_/Y (NOR2x1_ASAP7_75t_R)
  30.23  312.10 ^ _077133_/Y (AND2x2_ASAP7_75t_R)
  30.62  342.72 ^ _077134_/Y (BUFx4f_ASAP7_75t_R)
  26.90  369.62 v _077204_/Y (NAND2x1_ASAP7_75t_R)
  35.20  404.81 v _077222_/Y (AO21x1_ASAP7_75t_R)
   0.00  404.81 v _115901_/D (DFFASRHQNx1_ASAP7_75t_R)
         404.81   data arrival time

   0.00    0.00   clock clk (rise edge)
   0.00    0.00   clock network delay (ideal)
   0.00    0.00   clock reconvergence pessimism
           0.00 ^ _115901_/CLK (DFFASRHQNx1_ASAP7_75t_R)
  15.91   15.91   library hold time
          15.91   data required time
---------------------------------------------------------
          15.91   data required time
        -404.81   data arrival time
---------------------------------------------------------
         388.91   slack (MET)


Startpoint: _115944_ (rising edge-triggered flip-flop clocked by clk)
Endpoint: _115911_ (rising edge-triggered flip-flop clocked by clk)
Path Group: clk
Path Type: min

  Delay    Time   Description
---------------------------------------------------------
   0.00    0.00   clock clk (rise edge)
   0.00    0.00   clock network delay (ideal)
   0.00    0.00 ^ _115944_/CLK (DFFASRHQNx1_ASAP7_75t_R)
 100.44  100.44 ^ _115944_/QN (DFFASRHQNx1_ASAP7_75t_R)
  39.03  139.47 v _059047_/Y (INVx1_ASAP7_75t_R)
  41.62  181.10 ^ _107024_/SN (HAxp5_ASAP7_75t_R)
  22.56  203.66 v _058978_/Y (NOR2x1_ASAP7_75t_R)
  33.26  236.91 v _058984_/Y (AND5x1_ASAP7_75t_R)
  26.43  263.34 v _059022_/Y (AND3x1_ASAP7_75t_R)
  18.53  281.88 ^ _077132_/Y (NOR2x1_ASAP7_75t_R)
  30.23  312.10 ^ _077133_/Y (AND2x2_ASAP7_75t_R)
  30.62  342.72 ^ _077134_/Y (BUFx4f_ASAP7_75t_R)
  26.90  369.62 v _077204_/Y (NAND2x1_ASAP7_75t_R)
  35.20  404.81 v _077251_/Y (AO21x1_ASAP7_75t_R)
   0.00  404.81 v _115911_/D (DFFASRHQNx1_ASAP7_75t_R)
         404.81   data arrival time

   0.00    0.00   clock clk (rise edge)
   0.00    0.00   clock network delay (ideal)
   0.00    0.00   clock reconvergence pessimism
           0.00 ^ _115911_/CLK (DFFASRHQNx1_ASAP7_75t_R)
  15.91   15.91   library hold time
          15.91   data required time
---------------------------------------------------------
          15.91   data required time
        -404.81   data arrival time
---------------------------------------------------------
         388.91   slack (MET)


Startpoint: _115944_ (rising edge-triggered flip-flop clocked by clk)
Endpoint: _115886_ (rising edge-triggered flip-flop clocked by clk)
Path Group: clk
Path Type: min

  Delay    Time   Description
---------------------------------------------------------
   0.00    0.00   clock clk (rise edge)
   0.00    0.00   clock network delay (ideal)
   0.00    0.00 ^ _115944_/CLK (DFFASRHQNx1_ASAP7_75t_R)
 100.44  100.44 ^ _115944_/QN (DFFASRHQNx1_ASAP7_75t_R)
  39.03  139.47 v _059047_/Y (INVx1_ASAP7_75t_R)
  41.62  181.10 ^ _107024_/SN (HAxp5_ASAP7_75t_R)
  22.56  203.66 v _058978_/Y (NOR2x1_ASAP7_75t_R)
  33.26  236.91 v _058984_/Y (AND5x1_ASAP7_75t_R)
  26.43  263.34 v _059022_/Y (AND3x1_ASAP7_75t_R)
  18.53  281.88 ^ _077132_/Y (NOR2x1_ASAP7_75t_R)
  30.23  312.10 ^ _077133_/Y (AND2x2_ASAP7_75t_R)
  30.62  342.72 ^ _077134_/Y (BUFx4f_ASAP7_75t_R)
  26.90  369.62 v _077162_/Y (NAND2x1_ASAP7_75t_R)
  35.14  404.76 v _077164_/Y (AO21x1_ASAP7_75t_R)
   0.00  404.76 v _115886_/D (DFFASRHQNx1_ASAP7_75t_R)
         404.76   data arrival time

   0.00    0.00   clock clk (rise edge)
   0.00    0.00   clock network delay (ideal)
   0.00    0.00   clock reconvergence pessimism
           0.00 ^ _115886_/CLK (DFFASRHQNx1_ASAP7_75t_R)
  15.91   15.91   library hold time
          15.91   data required time
---------------------------------------------------------
          15.91   data required time
        -404.76   data arrival time
---------------------------------------------------------
         388.85   slack (MET)


Startpoint: _115944_ (rising edge-triggered flip-flop clocked by clk)
Endpoint: _115888_ (rising edge-triggered flip-flop clocked by clk)
Path Group: clk
Path Type: min

  Delay    Time   Description
---------------------------------------------------------
   0.00    0.00   clock clk (rise edge)
   0.00    0.00   clock network delay (ideal)
   0.00    0.00 ^ _115944_/CLK (DFFASRHQNx1_ASAP7_75t_R)
 100.44  100.44 ^ _115944_/QN (DFFASRHQNx1_ASAP7_75t_R)
  39.03  139.47 v _059047_/Y (INVx1_ASAP7_75t_R)
  41.62  181.10 ^ _107024_/SN (HAxp5_ASAP7_75t_R)
  22.56  203.66 v _058978_/Y (NOR2x1_ASAP7_75t_R)
  33.26  236.91 v _058984_/Y (AND5x1_ASAP7_75t_R)
  26.43  263.34 v _059022_/Y (AND3x1_ASAP7_75t_R)
  18.53  281.88 ^ _077132_/Y (NOR2x1_ASAP7_75t_R)
  30.23  312.10 ^ _077133_/Y (AND2x2_ASAP7_75t_R)
  30.62  342.72 ^ _077134_/Y (BUFx4f_ASAP7_75t_R)
  26.90  369.62 v _077174_/Y (NAND2x1_ASAP7_75t_R)
  35.14  404.76 v _077176_/Y (AO21x1_ASAP7_75t_R)
   0.00  404.76 v _115888_/D (DFFASRHQNx1_ASAP7_75t_R)
         404.76   data arrival time

   0.00    0.00   clock clk (rise edge)
   0.00    0.00   clock network delay (ideal)
   0.00    0.00   clock reconvergence pessimism
           0.00 ^ _115888_/CLK (DFFASRHQNx1_ASAP7_75t_R)
  15.91   15.91   library hold time
          15.91   data required time
---------------------------------------------------------
          15.91   data required time
        -404.76   data arrival time
---------------------------------------------------------
         388.85   slack (MET)


Startpoint: _115944_ (rising edge-triggered flip-flop clocked by clk)
Endpoint: _115889_ (rising edge-triggered flip-flop clocked by clk)
Path Group: clk
Path Type: min

  Delay    Time   Description
---------------------------------------------------------
   0.00    0.00   clock clk (rise edge)
   0.00    0.00   clock network delay (ideal)
   0.00    0.00 ^ _115944_/CLK (DFFASRHQNx1_ASAP7_75t_R)
 100.44  100.44 ^ _115944_/QN (DFFASRHQNx1_ASAP7_75t_R)
  39.03  139.47 v _059047_/Y (INVx1_ASAP7_75t_R)
  41.62  181.10 ^ _107024_/SN (HAxp5_ASAP7_75t_R)
  22.56  203.66 v _058978_/Y (NOR2x1_ASAP7_75t_R)
  33.26  236.91 v _058984_/Y (AND5x1_ASAP7_75t_R)
  26.43  263.34 v _059022_/Y (AND3x1_ASAP7_75t_R)
  18.53  281.88 ^ _077132_/Y (NOR2x1_ASAP7_75t_R)
  30.23  312.10 ^ _077133_/Y (AND2x2_ASAP7_75t_R)
  30.62  342.72 ^ _077134_/Y (BUFx4f_ASAP7_75t_R)
  26.90  369.62 v _077162_/Y (NAND2x1_ASAP7_75t_R)
  35.14  404.76 v _077179_/Y (AO21x1_ASAP7_75t_R)
   0.00  404.76 v _115889_/D (DFFASRHQNx1_ASAP7_75t_R)
         404.76   data arrival time

   0.00    0.00   clock clk (rise edge)
   0.00    0.00   clock network delay (ideal)
   0.00    0.00   clock reconvergence pessimism
           0.00 ^ _115889_/CLK (DFFASRHQNx1_ASAP7_75t_R)
  15.91   15.91   library hold time
          15.91   data required time
---------------------------------------------------------
          15.91   data required time
        -404.76   data arrival time
---------------------------------------------------------
         388.85   slack (MET)


Startpoint: _115944_ (rising edge-triggered flip-flop clocked by clk)
Endpoint: _115891_ (rising edge-triggered flip-flop clocked by clk)
Path Group: clk
Path Type: min

  Delay    Time   Description
---------------------------------------------------------
   0.00    0.00   clock clk (rise edge)
   0.00    0.00   clock network delay (ideal)
   0.00    0.00 ^ _115944_/CLK (DFFASRHQNx1_ASAP7_75t_R)
 100.44  100.44 ^ _115944_/QN (DFFASRHQNx1_ASAP7_75t_R)
  39.03  139.47 v _059047_/Y (INVx1_ASAP7_75t_R)
  41.62  181.10 ^ _107024_/SN (HAxp5_ASAP7_75t_R)
  22.56  203.66 v _058978_/Y (NOR2x1_ASAP7_75t_R)
  33.26  236.91 v _058984_/Y (AND5x1_ASAP7_75t_R)
  26.43  263.34 v _059022_/Y (AND3x1_ASAP7_75t_R)
  18.53  281.88 ^ _077132_/Y (NOR2x1_ASAP7_75t_R)
  30.23  312.10 ^ _077133_/Y (AND2x2_ASAP7_75t_R)
  30.62  342.72 ^ _077134_/Y (BUFx4f_ASAP7_75t_R)
  26.90  369.62 v _077174_/Y (NAND2x1_ASAP7_75t_R)
  35.14  404.76 v _077186_/Y (AO21x1_ASAP7_75t_R)
   0.00  404.76 v _115891_/D (DFFASRHQNx1_ASAP7_75t_R)
         404.76   data arrival time

   0.00    0.00   clock clk (rise edge)
   0.00    0.00   clock network delay (ideal)
   0.00    0.00   clock reconvergence pessimism
           0.00 ^ _115891_/CLK (DFFASRHQNx1_ASAP7_75t_R)
  15.91   15.91   library hold time
          15.91   data required time
---------------------------------------------------------
          15.91   data required time
        -404.76   data arrival time
---------------------------------------------------------
         388.85   slack (MET)


Startpoint: _115944_ (rising edge-triggered flip-flop clocked by clk)
Endpoint: _115892_ (rising edge-triggered flip-flop clocked by clk)
Path Group: clk
Path Type: min

  Delay    Time   Description
---------------------------------------------------------
   0.00    0.00   clock clk (rise edge)
   0.00    0.00   clock network delay (ideal)
   0.00    0.00 ^ _115944_/CLK (DFFASRHQNx1_ASAP7_75t_R)
 100.44  100.44 ^ _115944_/QN (DFFASRHQNx1_ASAP7_75t_R)
  39.03  139.47 v _059047_/Y (INVx1_ASAP7_75t_R)
  41.62  181.10 ^ _107024_/SN (HAxp5_ASAP7_75t_R)
  22.56  203.66 v _058978_/Y (NOR2x1_ASAP7_75t_R)
  33.26  236.91 v _058984_/Y (AND5x1_ASAP7_75t_R)
  26.43  263.34 v _059022_/Y (AND3x1_ASAP7_75t_R)
  18.53  281.88 ^ _077132_/Y (NOR2x1_ASAP7_75t_R)
  30.23  312.10 ^ _077133_/Y (AND2x2_ASAP7_75t_R)
  30.62  342.72 ^ _077134_/Y (BUFx4f_ASAP7_75t_R)
  26.90  369.62 v _077162_/Y (NAND2x1_ASAP7_75t_R)
  35.14  404.76 v _077189_/Y (AO21x1_ASAP7_75t_R)
   0.00  404.76 v _115892_/D (DFFASRHQNx1_ASAP7_75t_R)
         404.76   data arrival time

   0.00    0.00   clock clk (rise edge)
   0.00    0.00   clock network delay (ideal)
   0.00    0.00   clock reconvergence pessimism
           0.00 ^ _115892_/CLK (DFFASRHQNx1_ASAP7_75t_R)
  15.91   15.91   library hold time
          15.91   data required time
---------------------------------------------------------
          15.91   data required time
        -404.76   data arrival time
---------------------------------------------------------
         388.85   slack (MET)


Startpoint: _115944_ (rising edge-triggered flip-flop clocked by clk)
Endpoint: _115906_ (rising edge-triggered flip-flop clocked by clk)
Path Group: clk
Path Type: min

  Delay    Time   Description
---------------------------------------------------------
   0.00    0.00   clock clk (rise edge)
   0.00    0.00   clock network delay (ideal)
   0.00    0.00 ^ _115944_/CLK (DFFASRHQNx1_ASAP7_75t_R)
 100.44  100.44 ^ _115944_/QN (DFFASRHQNx1_ASAP7_75t_R)
  39.03  139.47 v _059047_/Y (INVx1_ASAP7_75t_R)
  41.62  181.10 ^ _107024_/SN (HAxp5_ASAP7_75t_R)
  22.56  203.66 v _058978_/Y (NOR2x1_ASAP7_75t_R)
  33.26  236.91 v _058984_/Y (AND5x1_ASAP7_75t_R)
  26.43  263.34 v _059022_/Y (AND3x1_ASAP7_75t_R)
  18.53  281.88 ^ _077132_/Y (NOR2x1_ASAP7_75t_R)
  30.23  312.10 ^ _077133_/Y (AND2x2_ASAP7_75t_R)
  30.62  342.72 ^ _077134_/Y (BUFx4f_ASAP7_75t_R)
  26.90  369.62 v _077174_/Y (NAND2x1_ASAP7_75t_R)
  35.14  404.76 v _077233_/Y (AO21x1_ASAP7_75t_R)
   0.00  404.76 v _115906_/D (DFFASRHQNx1_ASAP7_75t_R)
         404.76   data arrival time

   0.00    0.00   clock clk (rise edge)
   0.00    0.00   clock network delay (ideal)
   0.00    0.00   clock reconvergence pessimism
           0.00 ^ _115906_/CLK (DFFASRHQNx1_ASAP7_75t_R)
  15.91   15.91   library hold time
          15.91   data required time
---------------------------------------------------------
          15.91   data required time
        -404.76   data arrival time
---------------------------------------------------------
         388.85   slack (MET)


Startpoint: _117431_ (rising edge-triggered flip-flop clocked by clk)
Endpoint: _117455_ (rising edge-triggered flip-flop clocked by clk)
Path Group: clk
Path Type: min

  Delay    Time   Description
---------------------------------------------------------
   0.00    0.00   clock clk (rise edge)
   0.00    0.00   clock network delay (ideal)
   0.00    0.00 ^ _117431_/CLK (DFFASRHQNx1_ASAP7_75t_R)
  79.33   79.33 ^ _117431_/QN (DFFASRHQNx1_ASAP7_75t_R)
  25.41  104.74 v _079278_/Y (INVx1_ASAP7_75t_R)
  28.11  132.86 ^ _107274_/CON (HAxp5_ASAP7_75t_R)
  15.61  148.46 v _079232_/Y (INVx2_ASAP7_75t_R)
  41.54  190.00 v _079234_/Y (AND3x4_ASAP7_75t_R)
  35.00  225.00 v _079237_/Y (AND3x4_ASAP7_75t_R)
  35.00  259.99 v _079240_/Y (AND3x4_ASAP7_75t_R)
  35.00  294.99 v _079243_/Y (AND3x4_ASAP7_75t_R)
  35.00  329.99 v _079246_/Y (AND3x4_ASAP7_75t_R)
  35.94  365.93 v _079249_/Y (AND3x4_ASAP7_75t_R)
  20.78  386.70 ^ _079252_/Y (NAND2x2_ASAP7_75t_R)
  19.44  406.14 v _079265_/Y (NOR2x2_ASAP7_75t_R)
  18.47  424.61 ^ _107286_/SN (HAxp5_ASAP7_75t_R)
  30.54  455.15 ^ _105811_/Y (AO22x1_ASAP7_75t_R)
  11.84  467.00 v _105812_/Y (AOI21x1_ASAP7_75t_R)
   0.00  467.00 v _117455_/D (DFFASRHQNx1_ASAP7_75t_R)
         467.00   data arrival time

   0.00    0.00   clock clk (rise edge)
   0.00    0.00   clock network delay (ideal)
   0.00    0.00   clock reconvergence pessimism
           0.00 ^ _117455_/CLK (DFFASRHQNx1_ASAP7_75t_R)
  16.12   16.12   library hold time
          16.12   data required time
---------------------------------------------------------
          16.12   data required time
        -467.00   data arrival time
---------------------------------------------------------
         450.88   slack (MET)


Startpoint: _117237_ (rising edge-triggered flip-flop clocked by clk)
Endpoint: _117253_ (rising edge-triggered flip-flop clocked by clk)
Path Group: clk
Path Type: min

  Delay    Time   Description
---------------------------------------------------------
   0.00    0.00   clock clk (rise edge)
   0.00    0.00   clock network delay (ideal)
   0.00    0.00 ^ _117237_/CLK (DFFASRHQNx1_ASAP7_75t_R)
  74.75   74.75 ^ _117237_/QN (DFFASRHQNx1_ASAP7_75t_R)
  27.09  101.84 v _079277_/Y (INVx1_ASAP7_75t_R)
  29.80  131.64 ^ _107238_/CON (HAxp5_ASAP7_75t_R)
  15.49  147.13 v _079175_/Y (INVx2_ASAP7_75t_R)
  41.49  188.62 v _079177_/Y (AND3x4_ASAP7_75t_R)
  35.02  223.64 v _079180_/Y (AND3x4_ASAP7_75t_R)
  35.00  258.64 v _079183_/Y (AND3x4_ASAP7_75t_R)
  35.00  293.64 v _079186_/Y (AND3x4_ASAP7_75t_R)
  35.00  328.63 v _079189_/Y (AND3x4_ASAP7_75t_R)
  35.94  364.57 v _079192_/Y (AND3x4_ASAP7_75t_R)
  20.78  385.35 ^ _079195_/Y (NAND2x2_ASAP7_75t_R)
  13.41  398.76 v _079196_/Y (INVx2_ASAP7_75t_R)
  19.00  417.76 ^ _107246_/SN (HAxp5_ASAP7_75t_R)
  10.38  428.14 v _104926_/Y (INVx1_ASAP7_75t_R)
  20.55  448.70 v _104927_/Y (AND3x1_ASAP7_75t_R)
  30.79  479.49 v _104928_/Y (AO221x1_ASAP7_75t_R)
   0.00  479.49 v _117253_/D (DFFASRHQNx1_ASAP7_75t_R)
         479.49   data arrival time

   0.00    0.00   clock clk (rise edge)
   0.00    0.00   clock network delay (ideal)
   0.00    0.00   clock reconvergence pessimism
           0.00 ^ _117253_/CLK (DFFASRHQNx1_ASAP7_75t_R)
  15.40   15.40   library hold time
          15.40   data required time
---------------------------------------------------------
          15.40   data required time
        -479.49   data arrival time
---------------------------------------------------------
         464.09   slack (MET)


Startpoint: _117431_ (rising edge-triggered flip-flop clocked by clk)
Endpoint: _117452_ (rising edge-triggered flip-flop clocked by clk)
Path Group: clk
Path Type: min

  Delay    Time   Description
---------------------------------------------------------
   0.00    0.00   clock clk (rise edge)
   0.00    0.00   clock network delay (ideal)
   0.00    0.00 ^ _117431_/CLK (DFFASRHQNx1_ASAP7_75t_R)
  79.33   79.33 ^ _117431_/QN (DFFASRHQNx1_ASAP7_75t_R)
  25.41  104.74 v _079278_/Y (INVx1_ASAP7_75t_R)
  28.11  132.86 ^ _107274_/CON (HAxp5_ASAP7_75t_R)
  15.61  148.46 v _079232_/Y (INVx2_ASAP7_75t_R)
  41.54  190.00 v _079234_/Y (AND3x4_ASAP7_75t_R)
  35.00  225.00 v _079237_/Y (AND3x4_ASAP7_75t_R)
  35.00  259.99 v _079240_/Y (AND3x4_ASAP7_75t_R)
  35.00  294.99 v _079243_/Y (AND3x4_ASAP7_75t_R)
  35.00  329.99 v _079246_/Y (AND3x4_ASAP7_75t_R)
  35.94  365.93 v _079249_/Y (AND3x4_ASAP7_75t_R)
  20.78  386.70 ^ _079252_/Y (NAND2x2_ASAP7_75t_R)
  16.14  402.85 v _079259_/Y (NOR2x2_ASAP7_75t_R)
  22.22  425.07 ^ _107284_/CON (HAxp5_ASAP7_75t_R)
  42.99  468.05 v _105802_/Y (XOR2x2_ASAP7_75t_R)
  34.17  502.22 v _105804_/Y (AO221x1_ASAP7_75t_R)
   0.00  502.22 v _117452_/D (DFFASRHQNx1_ASAP7_75t_R)
         502.22   data arrival time

   0.00    0.00   clock clk (rise edge)
   0.00    0.00   clock network delay (ideal)
   0.00    0.00   clock reconvergence pessimism
           0.00 ^ _117452_/CLK (DFFASRHQNx1_ASAP7_75t_R)
  15.40   15.40   library hold time
          15.40   data required time
---------------------------------------------------------
          15.40   data required time
        -502.22   data arrival time
---------------------------------------------------------
         486.82   slack (MET)


Startpoint: _117294_ (rising edge-triggered flip-flop clocked by clk)
Endpoint: _117307_ (rising edge-triggered flip-flop clocked by clk)
Path Group: clk
Path Type: min

  Delay    Time   Description
---------------------------------------------------------
   0.00    0.00   clock clk (rise edge)
   0.00    0.00   clock network delay (ideal)
   0.00    0.00 ^ _117294_/CLK (DFFASRHQNx1_ASAP7_75t_R)
  91.88   91.88 ^ _117294_/QN (DFFASRHQNx1_ASAP7_75t_R)
  21.25  113.14 v _079279_/Y (INVx1_ASAP7_75t_R)
  26.12  139.26 ^ _107300_/CON (HAxp5_ASAP7_75t_R)
  15.36  154.62 v _079284_/Y (INVx2_ASAP7_75t_R)
  41.44  196.06 v _079285_/Y (AND3x4_ASAP7_75t_R)
  35.00  231.06 v _079288_/Y (AND3x4_ASAP7_75t_R)
  35.00  266.06 v _079291_/Y (AND3x4_ASAP7_75t_R)
  35.00  301.05 v _079294_/Y (AND3x4_ASAP7_75t_R)
  35.00  336.05 v _079297_/Y (AND3x4_ASAP7_75t_R)
  20.41  356.46 ^ _107306_/CON (HAxp5_ASAP7_75t_R)
  37.52  393.98 ^ _105244_/Y (XNOR2x2_ASAP7_75t_R)
  23.40  417.38 ^ _105246_/Y (AO21x1_ASAP7_75t_R)
  26.27  443.66 ^ _105247_/Y (AO21x1_ASAP7_75t_R)
  12.58  456.24 v _105253_/Y (AOI22x1_ASAP7_75t_R)
   0.00  456.24 v _117307_/D (DFFASRHQNx1_ASAP7_75t_R)
         456.24   data arrival time

   0.00    0.00   clock clk (rise edge)
   0.00    0.00   clock network delay (ideal)
   0.00    0.00   clock reconvergence pessimism
           0.00 ^ _117307_/CLK (DFFASRHQNx1_ASAP7_75t_R)
  15.60   15.60   library hold time
          15.60   data required time
---------------------------------------------------------
          15.60   data required time
        -456.24   data arrival time
---------------------------------------------------------
         440.64   slack (MET)


Startpoint: _117431_ (rising edge-triggered flip-flop clocked by clk)
Endpoint: _117456_ (rising edge-triggered flip-flop clocked by clk)
Path Group: clk
Path Type: min

  Delay    Time   Description
---------------------------------------------------------
   0.00    0.00   clock clk (rise edge)
   0.00    0.00   clock network delay (ideal)
   0.00    0.00 ^ _117431_/CLK (DFFASRHQNx1_ASAP7_75t_R)
  79.33   79.33 ^ _117431_/QN (DFFASRHQNx1_ASAP7_75t_R)
  25.41  104.74 v _079278_/Y (INVx1_ASAP7_75t_R)
  28.11  132.86 ^ _107274_/CON (HAxp5_ASAP7_75t_R)
  15.61  148.46 v _079232_/Y (INVx2_ASAP7_75t_R)
  41.54  190.00 v _079234_/Y (AND3x4_ASAP7_75t_R)
  35.00  225.00 v _079237_/Y (AND3x4_ASAP7_75t_R)
  35.00  259.99 v _079240_/Y (AND3x4_ASAP7_75t_R)
  35.00  294.99 v _079243_/Y (AND3x4_ASAP7_75t_R)
  35.00  329.99 v _079246_/Y (AND3x4_ASAP7_75t_R)
  35.94  365.93 v _079249_/Y (AND3x4_ASAP7_75t_R)
  20.78  386.70 ^ _079252_/Y (NAND2x2_ASAP7_75t_R)
  19.44  406.14 v _079265_/Y (NOR2x2_ASAP7_75t_R)
  27.58  433.73 ^ _107286_/CON (HAxp5_ASAP7_75t_R)
  18.70  452.43 v _105813_/Y (OAI21x1_ASAP7_75t_R)
  17.29  469.71 ^ _105815_/Y (AOI21x1_ASAP7_75t_R)
  12.40  482.11 v _105816_/Y (AOI21x1_ASAP7_75t_R)
   0.00  482.11 v _117456_/D (DFFASRHQNx1_ASAP7_75t_R)
         482.11   data arrival time

   0.00    0.00   clock clk (rise edge)
   0.00    0.00   clock network delay (ideal)
   0.00    0.00   clock reconvergence pessimism
           0.00 ^ _117456_/CLK (DFFASRHQNx1_ASAP7_75t_R)
  16.00   16.00   library hold time
          16.00   data required time
---------------------------------------------------------
          16.00   data required time
        -482.11   data arrival time
---------------------------------------------------------
         466.11   slack (MET)


Startpoint: _115944_ (rising edge-triggered flip-flop clocked by clk)
Endpoint: _115896_ (rising edge-triggered flip-flop clocked by clk)
Path Group: clk
Path Type: min

  Delay    Time   Description
---------------------------------------------------------
   0.00    0.00   clock clk (rise edge)
   0.00    0.00   clock network delay (ideal)
   0.00    0.00 ^ _115944_/CLK (DFFASRHQNx1_ASAP7_75t_R)
 100.44  100.44 ^ _115944_/QN (DFFASRHQNx1_ASAP7_75t_R)
  39.03  139.47 v _059047_/Y (INVx1_ASAP7_75t_R)
  41.62  181.10 ^ _107024_/SN (HAxp5_ASAP7_75t_R)
  22.56  203.66 v _058978_/Y (NOR2x1_ASAP7_75t_R)
  33.26  236.91 v _058984_/Y (AND5x1_ASAP7_75t_R)
  26.43  263.34 v _059022_/Y (AND3x1_ASAP7_75t_R)
  18.53  281.88 ^ _077132_/Y (NOR2x1_ASAP7_75t_R)
  30.23  312.10 ^ _077133_/Y (AND2x2_ASAP7_75t_R)
  30.62  342.72 ^ _077134_/Y (BUFx4f_ASAP7_75t_R)
  21.94  364.66 v _077200_/Y (NAND2x1_ASAP7_75t_R)
  32.63  397.30 v _077202_/Y (AO21x1_ASAP7_75t_R)
   0.00  397.30 v _115896_/D (DFFASRHQNx1_ASAP7_75t_R)
         397.30   data arrival time

   0.00    0.00   clock clk (rise edge)
   0.00    0.00   clock network delay (ideal)
   0.00    0.00   clock reconvergence pessimism
           0.00 ^ _115896_/CLK (DFFASRHQNx1_ASAP7_75t_R)
  15.91   15.91   library hold time
          15.91   data required time
---------------------------------------------------------
          15.91   data required time
        -397.30   data arrival time
---------------------------------------------------------
         381.39   slack (MET)


Startpoint: _115944_ (rising edge-triggered flip-flop clocked by clk)
Endpoint: _115907_ (rising edge-triggered flip-flop clocked by clk)
Path Group: clk
Path Type: min

  Delay    Time   Description
---------------------------------------------------------
   0.00    0.00   clock clk (rise edge)
   0.00    0.00   clock network delay (ideal)
   0.00    0.00 ^ _115944_/CLK (DFFASRHQNx1_ASAP7_75t_R)
 100.44  100.44 ^ _115944_/QN (DFFASRHQNx1_ASAP7_75t_R)
  39.03  139.47 v _059047_/Y (INVx1_ASAP7_75t_R)
  41.62  181.10 ^ _107024_/SN (HAxp5_ASAP7_75t_R)
  22.56  203.66 v _058978_/Y (NOR2x1_ASAP7_75t_R)
  33.26  236.91 v _058984_/Y (AND5x1_ASAP7_75t_R)
  26.43  263.34 v _059022_/Y (AND3x1_ASAP7_75t_R)
  18.53  281.88 ^ _077132_/Y (NOR2x1_ASAP7_75t_R)
  30.23  312.10 ^ _077133_/Y (AND2x2_ASAP7_75t_R)
  30.62  342.72 ^ _077134_/Y (BUFx4f_ASAP7_75t_R)
  21.94  364.66 v _077200_/Y (NAND2x1_ASAP7_75t_R)
  32.63  397.30 v _077236_/Y (AO21x1_ASAP7_75t_R)
   0.00  397.30 v _115907_/D (DFFASRHQNx1_ASAP7_75t_R)
         397.30   data arrival time

   0.00    0.00   clock clk (rise edge)
   0.00    0.00   clock network delay (ideal)
   0.00    0.00   clock reconvergence pessimism
           0.00 ^ _115907_/CLK (DFFASRHQNx1_ASAP7_75t_R)
  15.91   15.91   library hold time
          15.91   data required time
---------------------------------------------------------
          15.91   data required time
        -397.30   data arrival time
---------------------------------------------------------
         381.39   slack (MET)


Startpoint: _115944_ (rising edge-triggered flip-flop clocked by clk)
Endpoint: _115900_ (rising edge-triggered flip-flop clocked by clk)
Path Group: clk
Path Type: min

  Delay    Time   Description
---------------------------------------------------------
   0.00    0.00   clock clk (rise edge)
   0.00    0.00   clock network delay (ideal)
   0.00    0.00 ^ _115944_/CLK (DFFASRHQNx1_ASAP7_75t_R)
 100.44  100.44 ^ _115944_/QN (DFFASRHQNx1_ASAP7_75t_R)
  39.03  139.47 v _059047_/Y (INVx1_ASAP7_75t_R)
  41.62  181.10 ^ _107024_/SN (HAxp5_ASAP7_75t_R)
  22.56  203.66 v _058978_/Y (NOR2x1_ASAP7_75t_R)
  33.26  236.91 v _058984_/Y (AND5x1_ASAP7_75t_R)
  26.43  263.34 v _059022_/Y (AND3x1_ASAP7_75t_R)
  18.53  281.88 ^ _077132_/Y (NOR2x1_ASAP7_75t_R)
  30.23  312.10 ^ _077133_/Y (AND2x2_ASAP7_75t_R)
  30.62  342.72 ^ _077134_/Y (BUFx4f_ASAP7_75t_R)
  21.94  364.66 v _077217_/Y (NAND2x1_ASAP7_75t_R)
  32.64  397.30 v _077219_/Y (AO21x1_ASAP7_75t_R)
   0.00  397.30 v _115900_/D (DFFASRHQNx1_ASAP7_75t_R)
         397.30   data arrival time

   0.00    0.00   clock clk (rise edge)
   0.00    0.00   clock network delay (ideal)
   0.00    0.00   clock reconvergence pessimism
           0.00 ^ _115900_/CLK (DFFASRHQNx1_ASAP7_75t_R)
  15.91   15.91   library hold time
          15.91   data required time
---------------------------------------------------------
          15.91   data required time
        -397.30   data arrival time
---------------------------------------------------------
         381.39   slack (MET)


Startpoint: _115944_ (rising edge-triggered flip-flop clocked by clk)
Endpoint: _115910_ (rising edge-triggered flip-flop clocked by clk)
Path Group: clk
Path Type: min

  Delay    Time   Description
---------------------------------------------------------
   0.00    0.00   clock clk (rise edge)
   0.00    0.00   clock network delay (ideal)
   0.00    0.00 ^ _115944_/CLK (DFFASRHQNx1_ASAP7_75t_R)
 100.44  100.44 ^ _115944_/QN (DFFASRHQNx1_ASAP7_75t_R)
  39.03  139.47 v _059047_/Y (INVx1_ASAP7_75t_R)
  41.62  181.10 ^ _107024_/SN (HAxp5_ASAP7_75t_R)
  22.56  203.66 v _058978_/Y (NOR2x1_ASAP7_75t_R)
  33.26  236.91 v _058984_/Y (AND5x1_ASAP7_75t_R)
  26.43  263.34 v _059022_/Y (AND3x1_ASAP7_75t_R)
  18.53  281.88 ^ _077132_/Y (NOR2x1_ASAP7_75t_R)
  30.23  312.10 ^ _077133_/Y (AND2x2_ASAP7_75t_R)
  30.62  342.72 ^ _077134_/Y (BUFx4f_ASAP7_75t_R)
  21.94  364.66 v _077217_/Y (NAND2x1_ASAP7_75t_R)
  32.64  397.30 v _077248_/Y (AO21x1_ASAP7_75t_R)
   0.00  397.30 v _115910_/D (DFFASRHQNx1_ASAP7_75t_R)
         397.30   data arrival time

   0.00    0.00   clock clk (rise edge)
   0.00    0.00   clock network delay (ideal)
   0.00    0.00   clock reconvergence pessimism
           0.00 ^ _115910_/CLK (DFFASRHQNx1_ASAP7_75t_R)
  15.91   15.91   library hold time
          15.91   data required time
---------------------------------------------------------
          15.91   data required time
        -397.30   data arrival time
---------------------------------------------------------
         381.39   slack (MET)


Startpoint: _115944_ (rising edge-triggered flip-flop clocked by clk)
Endpoint: _115899_ (rising edge-triggered flip-flop clocked by clk)
Path Group: clk
Path Type: min

  Delay    Time   Description
---------------------------------------------------------
   0.00    0.00   clock clk (rise edge)
   0.00    0.00   clock network delay (ideal)
   0.00    0.00 ^ _115944_/CLK (DFFASRHQNx1_ASAP7_75t_R)
 100.44  100.44 ^ _115944_/QN (DFFASRHQNx1_ASAP7_75t_R)
  39.03  139.47 v _059047_/Y (INVx1_ASAP7_75t_R)
  41.62  181.10 ^ _107024_/SN (HAxp5_ASAP7_75t_R)
  22.56  203.66 v _058978_/Y (NOR2x1_ASAP7_75t_R)
  33.26  236.91 v _058984_/Y (AND5x1_ASAP7_75t_R)
  26.43  263.34 v _059022_/Y (AND3x1_ASAP7_75t_R)
  18.53  281.88 ^ _077132_/Y (NOR2x1_ASAP7_75t_R)
  30.23  312.10 ^ _077133_/Y (AND2x2_ASAP7_75t_R)
  30.62  342.72 ^ _077134_/Y (BUFx4f_ASAP7_75t_R)
  21.94  364.66 v _077213_/Y (NAND2x1_ASAP7_75t_R)
  32.56  397.22 v _077215_/Y (AO21x1_ASAP7_75t_R)
   0.00  397.22 v _115899_/D (DFFASRHQNx1_ASAP7_75t_R)
         397.22   data arrival time

   0.00    0.00   clock clk (rise edge)
   0.00    0.00   clock network delay (ideal)
   0.00    0.00   clock reconvergence pessimism
           0.00 ^ _115899_/CLK (DFFASRHQNx1_ASAP7_75t_R)
  15.91   15.91   library hold time
          15.91   data required time
---------------------------------------------------------
          15.91   data required time
        -397.22   data arrival time
---------------------------------------------------------
         381.31   slack (MET)


Startpoint: _115944_ (rising edge-triggered flip-flop clocked by clk)
Endpoint: _115909_ (rising edge-triggered flip-flop clocked by clk)
Path Group: clk
Path Type: min

  Delay    Time   Description
---------------------------------------------------------
   0.00    0.00   clock clk (rise edge)
   0.00    0.00   clock network delay (ideal)
   0.00    0.00 ^ _115944_/CLK (DFFASRHQNx1_ASAP7_75t_R)
 100.44  100.44 ^ _115944_/QN (DFFASRHQNx1_ASAP7_75t_R)
  39.03  139.47 v _059047_/Y (INVx1_ASAP7_75t_R)
  41.62  181.10 ^ _107024_/SN (HAxp5_ASAP7_75t_R)
  22.56  203.66 v _058978_/Y (NOR2x1_ASAP7_75t_R)
  33.26  236.91 v _058984_/Y (AND5x1_ASAP7_75t_R)
  26.43  263.34 v _059022_/Y (AND3x1_ASAP7_75t_R)
  18.53  281.88 ^ _077132_/Y (NOR2x1_ASAP7_75t_R)
  30.23  312.10 ^ _077133_/Y (AND2x2_ASAP7_75t_R)
  30.62  342.72 ^ _077134_/Y (BUFx4f_ASAP7_75t_R)
  21.94  364.66 v _077213_/Y (NAND2x1_ASAP7_75t_R)
  32.56  397.22 v _077245_/Y (AO21x1_ASAP7_75t_R)
   0.00  397.22 v _115909_/D (DFFASRHQNx1_ASAP7_75t_R)
         397.22   data arrival time

   0.00    0.00   clock clk (rise edge)
   0.00    0.00   clock network delay (ideal)
   0.00    0.00   clock reconvergence pessimism
           0.00 ^ _115909_/CLK (DFFASRHQNx1_ASAP7_75t_R)
  15.91   15.91   library hold time
          15.91   data required time
---------------------------------------------------------
          15.91   data required time
        -397.22   data arrival time
---------------------------------------------------------
         381.31   slack (MET)


Startpoint: _117776_ (rising edge-triggered flip-flop clocked by clk)
Endpoint: _117788_ (rising edge-triggered flip-flop clocked by clk)
Path Group: clk
Path Type: min

  Delay    Time   Description
---------------------------------------------------------
   0.00    0.00   clock clk (rise edge)
   0.00    0.00   clock network delay (ideal)
   0.00    0.00 ^ _117776_/CLK (DFFASRHQNx1_ASAP7_75t_R)
 102.97  102.97 ^ _117776_/QN (DFFASRHQNx1_ASAP7_75t_R)
  42.09  145.06 v _107212_/CON (HAxp5_ASAP7_75t_R)
  34.67  179.73 ^ _058949_/Y (INVx1_ASAP7_75t_R)
  57.43  237.16 ^ _100508_/Y (AND4x1_ASAP7_75t_R)
  31.82  268.98 v _100509_/Y (NOR2x1_ASAP7_75t_R)
  28.39  297.37 v _106666_/Y (AND3x1_ASAP7_75t_R)
  42.02  339.39 v _106667_/Y (OR3x1_ASAP7_75t_R)
   0.00  339.39 v _117788_/D (DFFASRHQNx1_ASAP7_75t_R)
         339.39   data arrival time

   0.00    0.00   clock clk (rise edge)
   0.00    0.00   clock network delay (ideal)
   0.00    0.00   clock reconvergence pessimism
           0.00 ^ _117788_/CLK (DFFASRHQNx1_ASAP7_75t_R)
  14.70   14.70   library hold time
          14.70   data required time
---------------------------------------------------------
          14.70   data required time
        -339.39   data arrival time
---------------------------------------------------------
         324.70   slack (MET)


Startpoint: _117206_ (rising edge-triggered flip-flop clocked by clk)
Endpoint: _107937_ (rising edge-triggered flip-flop clocked by clk)
Path Group: clk
Path Type: min

  Delay    Time   Description
---------------------------------------------------------
   0.00    0.00   clock clk (rise edge)
   0.00    0.00   clock network delay (ideal)
   0.00    0.00 ^ _117206_/CLK (DFFASRHQNx1_ASAP7_75t_R)
  96.77   96.77 ^ _117206_/QN (DFFASRHQNx1_ASAP7_75t_R)
  32.92  129.69 v _079487_/Y (NOR2x2_ASAP7_75t_R)
  19.26  148.95 ^ _079488_/Y (NAND2x1_ASAP7_75t_R)
  29.15  178.10 ^ _079491_/Y (AO21x1_ASAP7_75t_R)
  26.24  204.34 ^ _079492_/Y (BUFx6f_ASAP7_75t_R)
  18.83  223.17 v _079758_/Y (NAND2x2_ASAP7_75t_R)
  20.23  243.40 ^ _081361_/Y (NOR2x2_ASAP7_75t_R)
  36.25  279.65 ^ _081362_/Y (BUFx3_ASAP7_75t_R)
  32.27  311.92 ^ _081591_/Y (BUFx4f_ASAP7_75t_R)
  21.80  333.72 ^ _081593_/Y (OR3x1_ASAP7_75t_R)
  29.06  362.78 ^ _081594_/Y (BUFx3_ASAP7_75t_R)
  33.78  396.56 ^ _081595_/Y (BUFx3_ASAP7_75t_R)
  12.73  409.30 v _081600_/Y (NAND2x1_ASAP7_75t_R)
  23.58  432.88 v _081601_/Y (OA21x2_ASAP7_75t_R)
   0.00  432.88 v _107937_/D (DFFHQNx1_ASAP7_75t_R)
         432.88   data arrival time

   0.00    0.00   clock clk (rise edge)
   0.00    0.00   clock network delay (ideal)
   0.00    0.00   clock reconvergence pessimism
           0.00 ^ _107937_/CLK (DFFHQNx1_ASAP7_75t_R)
  14.30   14.30   library hold time
          14.30   data required time
---------------------------------------------------------
          14.30   data required time
        -432.88   data arrival time
---------------------------------------------------------
         418.58   slack (MET)


Startpoint: _117206_ (rising edge-triggered flip-flop clocked by clk)
Endpoint: _110855_ (rising edge-triggered flip-flop clocked by clk)
Path Group: clk
Path Type: min

  Delay    Time   Description
---------------------------------------------------------
   0.00    0.00   clock clk (rise edge)
   0.00    0.00   clock network delay (ideal)
   0.00    0.00 ^ _117206_/CLK (DFFASRHQNx1_ASAP7_75t_R)
  96.77   96.77 ^ _117206_/QN (DFFASRHQNx1_ASAP7_75t_R)
  32.92  129.69 v _079487_/Y (NOR2x2_ASAP7_75t_R)
  19.26  148.95 ^ _079488_/Y (NAND2x1_ASAP7_75t_R)
  29.15  178.10 ^ _079491_/Y (AO21x1_ASAP7_75t_R)
  26.24  204.34 ^ _079492_/Y (BUFx6f_ASAP7_75t_R)
  18.83  223.17 v _079758_/Y (NAND2x2_ASAP7_75t_R)
  20.23  243.40 ^ _081361_/Y (NOR2x2_ASAP7_75t_R)
  36.25  279.65 ^ _081362_/Y (BUFx3_ASAP7_75t_R)
  32.27  311.92 ^ _087790_/Y (BUFx4f_ASAP7_75t_R)
  21.80  333.72 ^ _088950_/Y (OR3x1_ASAP7_75t_R)
  29.06  362.78 ^ _088951_/Y (BUFx3_ASAP7_75t_R)
  33.78  396.56 ^ _088952_/Y (BUFx3_ASAP7_75t_R)
  12.73  409.30 v _088953_/Y (NAND2x1_ASAP7_75t_R)
  23.40  432.70 v _088954_/Y (OA21x2_ASAP7_75t_R)
   0.00  432.70 v _110855_/D (DFFHQNx1_ASAP7_75t_R)
         432.70   data arrival time

   0.00    0.00   clock clk (rise edge)
   0.00    0.00   clock network delay (ideal)
   0.00    0.00   clock reconvergence pessimism
           0.00 ^ _110855_/CLK (DFFHQNx1_ASAP7_75t_R)
  14.30   14.30   library hold time
          14.30   data required time
---------------------------------------------------------
          14.30   data required time
        -432.70   data arrival time
---------------------------------------------------------
         418.40   slack (MET)


Startpoint: _117206_ (rising edge-triggered flip-flop clocked by clk)
Endpoint: _110983_ (rising edge-triggered flip-flop clocked by clk)
Path Group: clk
Path Type: min

  Delay    Time   Description
---------------------------------------------------------
   0.00    0.00   clock clk (rise edge)
   0.00    0.00   clock network delay (ideal)
   0.00    0.00 ^ _117206_/CLK (DFFASRHQNx1_ASAP7_75t_R)
  96.77   96.77 ^ _117206_/QN (DFFASRHQNx1_ASAP7_75t_R)
  32.92  129.69 v _079487_/Y (NOR2x2_ASAP7_75t_R)
  19.26  148.95 ^ _079488_/Y (NAND2x1_ASAP7_75t_R)
  29.15  178.10 ^ _079491_/Y (AO21x1_ASAP7_75t_R)
  26.24  204.34 ^ _079492_/Y (BUFx6f_ASAP7_75t_R)
  18.83  223.17 v _079758_/Y (NAND2x2_ASAP7_75t_R)
  20.23  243.40 ^ _081361_/Y (NOR2x2_ASAP7_75t_R)
  36.25  279.65 ^ _081362_/Y (BUFx3_ASAP7_75t_R)
  32.27  311.92 ^ _087790_/Y (BUFx4f_ASAP7_75t_R)
  21.80  333.72 ^ _089269_/Y (OR3x1_ASAP7_75t_R)
  29.06  362.78 ^ _089270_/Y (BUFx3_ASAP7_75t_R)
  33.78  396.56 ^ _089271_/Y (BUFx3_ASAP7_75t_R)
  12.73  409.30 v _089272_/Y (NAND2x1_ASAP7_75t_R)
  23.40  432.70 v _089273_/Y (OA21x2_ASAP7_75t_R)
   0.00  432.70 v _110983_/D (DFFHQNx1_ASAP7_75t_R)
         432.70   data arrival time

   0.00    0.00   clock clk (rise edge)
   0.00    0.00   clock network delay (ideal)
   0.00    0.00   clock reconvergence pessimism
           0.00 ^ _110983_/CLK (DFFHQNx1_ASAP7_75t_R)
  14.30   14.30   library hold time
          14.30   data required time
---------------------------------------------------------
          14.30   data required time
        -432.70   data arrival time
---------------------------------------------------------
         418.40   slack (MET)


Startpoint: _117206_ (rising edge-triggered flip-flop clocked by clk)
Endpoint: _111303_ (rising edge-triggered flip-flop clocked by clk)
Path Group: clk
Path Type: min

  Delay    Time   Description
---------------------------------------------------------
   0.00    0.00   clock clk (rise edge)
   0.00    0.00   clock network delay (ideal)
   0.00    0.00 ^ _117206_/CLK (DFFASRHQNx1_ASAP7_75t_R)
  96.77   96.77 ^ _117206_/QN (DFFASRHQNx1_ASAP7_75t_R)
  32.92  129.69 v _079487_/Y (NOR2x2_ASAP7_75t_R)
  19.26  148.95 ^ _079488_/Y (NAND2x1_ASAP7_75t_R)
  29.15  178.10 ^ _079491_/Y (AO21x1_ASAP7_75t_R)
  26.24  204.34 ^ _079492_/Y (BUFx6f_ASAP7_75t_R)
  18.83  223.17 v _079758_/Y (NAND2x2_ASAP7_75t_R)
  20.23  243.40 ^ _081361_/Y (NOR2x2_ASAP7_75t_R)
  36.25  279.65 ^ _081362_/Y (BUFx3_ASAP7_75t_R)
  32.27  311.92 ^ _087790_/Y (BUFx4f_ASAP7_75t_R)
  21.80  333.72 ^ _090064_/Y (OR3x1_ASAP7_75t_R)
  29.06  362.78 ^ _090065_/Y (BUFx3_ASAP7_75t_R)
  33.78  396.56 ^ _090066_/Y (BUFx3_ASAP7_75t_R)
  12.73  409.30 v _090067_/Y (NAND2x1_ASAP7_75t_R)
  23.40  432.70 v _090068_/Y (OA21x2_ASAP7_75t_R)
   0.00  432.70 v _111303_/D (DFFHQNx1_ASAP7_75t_R)
         432.70   data arrival time

   0.00    0.00   clock clk (rise edge)
   0.00    0.00   clock network delay (ideal)
   0.00    0.00   clock reconvergence pessimism
           0.00 ^ _111303_/CLK (DFFHQNx1_ASAP7_75t_R)
  14.30   14.30   library hold time
          14.30   data required time
---------------------------------------------------------
          14.30   data required time
        -432.70   data arrival time
---------------------------------------------------------
         418.40   slack (MET)


Startpoint: _117206_ (rising edge-triggered flip-flop clocked by clk)
Endpoint: _107865_ (rising edge-triggered flip-flop clocked by clk)
Path Group: clk
Path Type: min

  Delay    Time   Description
---------------------------------------------------------
   0.00    0.00   clock clk (rise edge)
   0.00    0.00   clock network delay (ideal)
   0.00    0.00 ^ _117206_/CLK (DFFASRHQNx1_ASAP7_75t_R)
  96.77   96.77 ^ _117206_/QN (DFFASRHQNx1_ASAP7_75t_R)
  32.92  129.69 v _079487_/Y (NOR2x2_ASAP7_75t_R)
  19.26  148.95 ^ _079488_/Y (NAND2x1_ASAP7_75t_R)
  29.15  178.10 ^ _079491_/Y (AO21x1_ASAP7_75t_R)
  26.24  204.34 ^ _079492_/Y (BUFx6f_ASAP7_75t_R)
  18.83  223.17 v _079758_/Y (NAND2x2_ASAP7_75t_R)
  20.23  243.40 ^ _081361_/Y (NOR2x2_ASAP7_75t_R)
  36.25  279.65 ^ _081362_/Y (BUFx3_ASAP7_75t_R)
  32.27  311.92 ^ _081363_/Y (BUFx4f_ASAP7_75t_R)
  21.80  333.72 ^ _081366_/Y (OR3x1_ASAP7_75t_R)
  29.06  362.78 ^ _081367_/Y (BUFx3_ASAP7_75t_R)
  33.78  396.56 ^ _081368_/Y (BUFx3_ASAP7_75t_R)
  12.73  409.30 v _081382_/Y (NAND2x1_ASAP7_75t_R)
  23.40  432.70 v _081383_/Y (OA21x2_ASAP7_75t_R)
   0.00  432.70 v _107865_/D (DFFHQNx1_ASAP7_75t_R)
         432.70   data arrival time

   0.00    0.00   clock clk (rise edge)
   0.00    0.00   clock network delay (ideal)
   0.00    0.00   clock reconvergence pessimism
           0.00 ^ _107865_/CLK (DFFHQNx1_ASAP7_75t_R)
  14.30   14.30   library hold time
          14.30   data required time
---------------------------------------------------------
          14.30   data required time
        -432.70   data arrival time
---------------------------------------------------------
         418.40   slack (MET)


Startpoint: _117206_ (rising edge-triggered flip-flop clocked by clk)
Endpoint: _107975_ (rising edge-triggered flip-flop clocked by clk)
Path Group: clk
Path Type: min

  Delay    Time   Description
---------------------------------------------------------
   0.00    0.00   clock clk (rise edge)
   0.00    0.00   clock network delay (ideal)
   0.00    0.00 ^ _117206_/CLK (DFFASRHQNx1_ASAP7_75t_R)
  96.77   96.77 ^ _117206_/QN (DFFASRHQNx1_ASAP7_75t_R)
  32.92  129.69 v _079487_/Y (NOR2x2_ASAP7_75t_R)
  19.26  148.95 ^ _079488_/Y (NAND2x1_ASAP7_75t_R)
  29.15  178.10 ^ _079491_/Y (AO21x1_ASAP7_75t_R)
  26.24  204.34 ^ _079492_/Y (BUFx6f_ASAP7_75t_R)
  18.83  223.17 v _079758_/Y (NAND2x2_ASAP7_75t_R)
  20.23  243.40 ^ _081361_/Y (NOR2x2_ASAP7_75t_R)
  36.25  279.65 ^ _081362_/Y (BUFx3_ASAP7_75t_R)
  32.27  311.92 ^ _081591_/Y (BUFx4f_ASAP7_75t_R)
  21.80  333.72 ^ _081693_/Y (OR3x1_ASAP7_75t_R)
  29.06  362.78 ^ _081694_/Y (BUFx3_ASAP7_75t_R)
  33.78  396.56 ^ _081695_/Y (BUFx3_ASAP7_75t_R)
  12.73  409.30 v _081696_/Y (NAND2x1_ASAP7_75t_R)
  23.40  432.70 v _081697_/Y (OA21x2_ASAP7_75t_R)
   0.00  432.70 v _107975_/D (DFFHQNx1_ASAP7_75t_R)
         432.70   data arrival time

   0.00    0.00   clock clk (rise edge)
   0.00    0.00   clock network delay (ideal)
   0.00    0.00   clock reconvergence pessimism
           0.00 ^ _107975_/CLK (DFFHQNx1_ASAP7_75t_R)
  14.30   14.30   library hold time
          14.30   data required time
---------------------------------------------------------
          14.30   data required time
        -432.70   data arrival time
---------------------------------------------------------
         418.40   slack (MET)


Startpoint: _117206_ (rising edge-triggered flip-flop clocked by clk)
Endpoint: _107976_ (rising edge-triggered flip-flop clocked by clk)
Path Group: clk
Path Type: min

  Delay    Time   Description
---------------------------------------------------------
   0.00    0.00   clock clk (rise edge)
   0.00    0.00   clock network delay (ideal)
   0.00    0.00 ^ _117206_/CLK (DFFASRHQNx1_ASAP7_75t_R)
  96.77   96.77 ^ _117206_/QN (DFFASRHQNx1_ASAP7_75t_R)
  32.92  129.69 v _079487_/Y (NOR2x2_ASAP7_75t_R)
  19.26  148.95 ^ _079488_/Y (NAND2x1_ASAP7_75t_R)
  29.15  178.10 ^ _079491_/Y (AO21x1_ASAP7_75t_R)
  26.24  204.34 ^ _079492_/Y (BUFx6f_ASAP7_75t_R)
  18.83  223.17 v _079758_/Y (NAND2x2_ASAP7_75t_R)
  20.23  243.40 ^ _081361_/Y (NOR2x2_ASAP7_75t_R)
  36.25  279.65 ^ _081362_/Y (BUFx3_ASAP7_75t_R)
  32.27  311.92 ^ _081591_/Y (BUFx4f_ASAP7_75t_R)
  21.80  333.72 ^ _081693_/Y (OR3x1_ASAP7_75t_R)
  29.06  362.78 ^ _081694_/Y (BUFx3_ASAP7_75t_R)
  33.78  396.56 ^ _081695_/Y (BUFx3_ASAP7_75t_R)
  12.73  409.30 v _081698_/Y (NAND2x1_ASAP7_75t_R)
  23.40  432.70 v _081699_/Y (OA21x2_ASAP7_75t_R)
   0.00  432.70 v _107976_/D (DFFHQNx1_ASAP7_75t_R)
         432.70   data arrival time

   0.00    0.00   clock clk (rise edge)
   0.00    0.00   clock network delay (ideal)
   0.00    0.00   clock reconvergence pessimism
           0.00 ^ _107976_/CLK (DFFHQNx1_ASAP7_75t_R)
  14.30   14.30   library hold time
          14.30   data required time
---------------------------------------------------------
          14.30   data required time
        -432.70   data arrival time
---------------------------------------------------------
         418.40   slack (MET)


Startpoint: _117206_ (rising edge-triggered flip-flop clocked by clk)
Endpoint: _108008_ (rising edge-triggered flip-flop clocked by clk)
Path Group: clk
Path Type: min

  Delay    Time   Description
---------------------------------------------------------
   0.00    0.00   clock clk (rise edge)
   0.00    0.00   clock network delay (ideal)
   0.00    0.00 ^ _117206_/CLK (DFFASRHQNx1_ASAP7_75t_R)
  96.77   96.77 ^ _117206_/QN (DFFASRHQNx1_ASAP7_75t_R)
  32.92  129.69 v _079487_/Y (NOR2x2_ASAP7_75t_R)
  19.26  148.95 ^ _079488_/Y (NAND2x1_ASAP7_75t_R)
  29.15  178.10 ^ _079491_/Y (AO21x1_ASAP7_75t_R)
  26.24  204.34 ^ _079492_/Y (BUFx6f_ASAP7_75t_R)
  18.83  223.17 v _079758_/Y (NAND2x2_ASAP7_75t_R)
  20.23  243.40 ^ _081361_/Y (NOR2x2_ASAP7_75t_R)
  36.25  279.65 ^ _081362_/Y (BUFx3_ASAP7_75t_R)
  32.27  311.92 ^ _081591_/Y (BUFx4f_ASAP7_75t_R)
  21.80  333.72 ^ _081774_/Y (OR3x1_ASAP7_75t_R)
  29.06  362.78 ^ _081775_/Y (BUFx3_ASAP7_75t_R)
  33.78  396.56 ^ _081776_/Y (BUFx3_ASAP7_75t_R)
  12.73  409.30 v _081779_/Y (NAND2x1_ASAP7_75t_R)
  23.40  432.70 v _081780_/Y (OA21x2_ASAP7_75t_R)
   0.00  432.70 v _108008_/D (DFFHQNx1_ASAP7_75t_R)
         432.70   data arrival time

   0.00    0.00   clock clk (rise edge)
   0.00    0.00   clock network delay (ideal)
   0.00    0.00   clock reconvergence pessimism
           0.00 ^ _108008_/CLK (DFFHQNx1_ASAP7_75t_R)
  14.30   14.30   library hold time
          14.30   data required time
---------------------------------------------------------
          14.30   data required time
        -432.70   data arrival time
---------------------------------------------------------
         418.40   slack (MET)


Startpoint: _117206_ (rising edge-triggered flip-flop clocked by clk)
Endpoint: _109975_ (rising edge-triggered flip-flop clocked by clk)
Path Group: clk
Path Type: min

  Delay    Time   Description
---------------------------------------------------------
   0.00    0.00   clock clk (rise edge)
   0.00    0.00   clock network delay (ideal)
   0.00    0.00 ^ _117206_/CLK (DFFASRHQNx1_ASAP7_75t_R)
  96.77   96.77 ^ _117206_/QN (DFFASRHQNx1_ASAP7_75t_R)
  32.92  129.69 v _079487_/Y (NOR2x2_ASAP7_75t_R)
  19.26  148.95 ^ _079488_/Y (NAND2x1_ASAP7_75t_R)
  29.15  178.10 ^ _079491_/Y (AO21x1_ASAP7_75t_R)
  26.24  204.34 ^ _079492_/Y (BUFx6f_ASAP7_75t_R)
  18.83  223.17 v _079758_/Y (NAND2x2_ASAP7_75t_R)
  20.23  243.40 ^ _081361_/Y (NOR2x2_ASAP7_75t_R)
  36.25  279.65 ^ _081362_/Y (BUFx3_ASAP7_75t_R)
  32.27  311.92 ^ _081591_/Y (BUFx4f_ASAP7_75t_R)
  21.80  333.72 ^ _086746_/Y (OR3x1_ASAP7_75t_R)
  29.06  362.78 ^ _086747_/Y (BUFx3_ASAP7_75t_R)
  33.78  396.56 ^ _086748_/Y (BUFx3_ASAP7_75t_R)
  12.73  409.30 v _086749_/Y (NAND2x1_ASAP7_75t_R)
  23.40  432.70 v _086750_/Y (OA21x2_ASAP7_75t_R)
   0.00  432.70 v _109975_/D (DFFHQNx1_ASAP7_75t_R)
         432.70   data arrival time

   0.00    0.00   clock clk (rise edge)
   0.00    0.00   clock network delay (ideal)
   0.00    0.00   clock reconvergence pessimism
           0.00 ^ _109975_/CLK (DFFHQNx1_ASAP7_75t_R)
  14.30   14.30   library hold time
          14.30   data required time
---------------------------------------------------------
          14.30   data required time
        -432.70   data arrival time
---------------------------------------------------------
         418.40   slack (MET)


Startpoint: _117206_ (rising edge-triggered flip-flop clocked by clk)
Endpoint: _110023_ (rising edge-triggered flip-flop clocked by clk)
Path Group: clk
Path Type: min

  Delay    Time   Description
---------------------------------------------------------
   0.00    0.00   clock clk (rise edge)
   0.00    0.00   clock network delay (ideal)
   0.00    0.00 ^ _117206_/CLK (DFFASRHQNx1_ASAP7_75t_R)
  96.77   96.77 ^ _117206_/QN (DFFASRHQNx1_ASAP7_75t_R)
  32.92  129.69 v _079487_/Y (NOR2x2_ASAP7_75t_R)
  19.26  148.95 ^ _079488_/Y (NAND2x1_ASAP7_75t_R)
  29.15  178.10 ^ _079491_/Y (AO21x1_ASAP7_75t_R)
  26.24  204.34 ^ _079492_/Y (BUFx6f_ASAP7_75t_R)
  18.83  223.17 v _079758_/Y (NAND2x2_ASAP7_75t_R)
  20.23  243.40 ^ _081361_/Y (NOR2x2_ASAP7_75t_R)
  36.25  279.65 ^ _081362_/Y (BUFx3_ASAP7_75t_R)
  32.27  311.92 ^ _081591_/Y (BUFx4f_ASAP7_75t_R)
  21.80  333.72 ^ _086867_/Y (OR3x1_ASAP7_75t_R)
  29.06  362.78 ^ _086868_/Y (BUFx3_ASAP7_75t_R)
  33.78  396.56 ^ _086869_/Y (BUFx3_ASAP7_75t_R)
  12.73  409.30 v _086870_/Y (NAND2x1_ASAP7_75t_R)
  23.40  432.70 v _086871_/Y (OA21x2_ASAP7_75t_R)
   0.00  432.70 v _110023_/D (DFFHQNx1_ASAP7_75t_R)
         432.70   data arrival time

   0.00    0.00   clock clk (rise edge)
   0.00    0.00   clock network delay (ideal)
   0.00    0.00   clock reconvergence pessimism
           0.00 ^ _110023_/CLK (DFFHQNx1_ASAP7_75t_R)
  14.30   14.30   library hold time
          14.30   data required time
---------------------------------------------------------
          14.30   data required time
        -432.70   data arrival time
---------------------------------------------------------
         418.40   slack (MET)


Startpoint: _117206_ (rising edge-triggered flip-flop clocked by clk)
Endpoint: _110024_ (rising edge-triggered flip-flop clocked by clk)
Path Group: clk
Path Type: min

  Delay    Time   Description
---------------------------------------------------------
   0.00    0.00   clock clk (rise edge)
   0.00    0.00   clock network delay (ideal)
   0.00    0.00 ^ _117206_/CLK (DFFASRHQNx1_ASAP7_75t_R)
  96.77   96.77 ^ _117206_/QN (DFFASRHQNx1_ASAP7_75t_R)
  32.92  129.69 v _079487_/Y (NOR2x2_ASAP7_75t_R)
  19.26  148.95 ^ _079488_/Y (NAND2x1_ASAP7_75t_R)
  29.15  178.10 ^ _079491_/Y (AO21x1_ASAP7_75t_R)
  26.24  204.34 ^ _079492_/Y (BUFx6f_ASAP7_75t_R)
  18.83  223.17 v _079758_/Y (NAND2x2_ASAP7_75t_R)
  20.23  243.40 ^ _081361_/Y (NOR2x2_ASAP7_75t_R)
  36.25  279.65 ^ _081362_/Y (BUFx3_ASAP7_75t_R)
  32.27  311.92 ^ _081591_/Y (BUFx4f_ASAP7_75t_R)
  21.80  333.72 ^ _086867_/Y (OR3x1_ASAP7_75t_R)
  29.06  362.78 ^ _086868_/Y (BUFx3_ASAP7_75t_R)
  33.78  396.56 ^ _086869_/Y (BUFx3_ASAP7_75t_R)
  12.73  409.30 v _086872_/Y (NAND2x1_ASAP7_75t_R)
  23.40  432.70 v _086873_/Y (OA21x2_ASAP7_75t_R)
   0.00  432.70 v _110024_/D (DFFHQNx1_ASAP7_75t_R)
         432.70   data arrival time

   0.00    0.00   clock clk (rise edge)
   0.00    0.00   clock network delay (ideal)
   0.00    0.00   clock reconvergence pessimism
           0.00 ^ _110024_/CLK (DFFHQNx1_ASAP7_75t_R)
  14.30   14.30   library hold time
          14.30   data required time
---------------------------------------------------------
          14.30   data required time
        -432.70   data arrival time
---------------------------------------------------------
         418.40   slack (MET)


Startpoint: _117206_ (rising edge-triggered flip-flop clocked by clk)
Endpoint: _110215_ (rising edge-triggered flip-flop clocked by clk)
Path Group: clk
Path Type: min

  Delay    Time   Description
---------------------------------------------------------
   0.00    0.00   clock clk (rise edge)
   0.00    0.00   clock network delay (ideal)
   0.00    0.00 ^ _117206_/CLK (DFFASRHQNx1_ASAP7_75t_R)
  96.77   96.77 ^ _117206_/QN (DFFASRHQNx1_ASAP7_75t_R)
  32.92  129.69 v _079487_/Y (NOR2x2_ASAP7_75t_R)
  19.26  148.95 ^ _079488_/Y (NAND2x1_ASAP7_75t_R)
  29.15  178.10 ^ _079491_/Y (AO21x1_ASAP7_75t_R)
  26.24  204.34 ^ _079492_/Y (BUFx6f_ASAP7_75t_R)
  18.83  223.17 v _079758_/Y (NAND2x2_ASAP7_75t_R)
  20.23  243.40 ^ _081361_/Y (NOR2x2_ASAP7_75t_R)
  36.25  279.65 ^ _081362_/Y (BUFx3_ASAP7_75t_R)
  32.27  311.92 ^ _081591_/Y (BUFx4f_ASAP7_75t_R)
  21.80  333.72 ^ _087344_/Y (OR3x1_ASAP7_75t_R)
  29.06  362.78 ^ _087345_/Y (BUFx3_ASAP7_75t_R)
  33.78  396.56 ^ _087346_/Y (BUFx3_ASAP7_75t_R)
  12.73  409.30 v _087347_/Y (NAND2x1_ASAP7_75t_R)
  23.40  432.70 v _087348_/Y (OA21x2_ASAP7_75t_R)
   0.00  432.70 v _110215_/D (DFFHQNx1_ASAP7_75t_R)
         432.70   data arrival time

   0.00    0.00   clock clk (rise edge)
   0.00    0.00   clock network delay (ideal)
   0.00    0.00   clock reconvergence pessimism
           0.00 ^ _110215_/CLK (DFFHQNx1_ASAP7_75t_R)
  14.30   14.30   library hold time
          14.30   data required time
---------------------------------------------------------
          14.30   data required time
        -432.70   data arrival time
---------------------------------------------------------
         418.40   slack (MET)


Startpoint: _117206_ (rising edge-triggered flip-flop clocked by clk)
Endpoint: _110216_ (rising edge-triggered flip-flop clocked by clk)
Path Group: clk
Path Type: min

  Delay    Time   Description
---------------------------------------------------------
   0.00    0.00   clock clk (rise edge)
   0.00    0.00   clock network delay (ideal)
   0.00    0.00 ^ _117206_/CLK (DFFASRHQNx1_ASAP7_75t_R)
  96.77   96.77 ^ _117206_/QN (DFFASRHQNx1_ASAP7_75t_R)
  32.92  129.69 v _079487_/Y (NOR2x2_ASAP7_75t_R)
  19.26  148.95 ^ _079488_/Y (NAND2x1_ASAP7_75t_R)
  29.15  178.10 ^ _079491_/Y (AO21x1_ASAP7_75t_R)
  26.24  204.34 ^ _079492_/Y (BUFx6f_ASAP7_75t_R)
  18.83  223.17 v _079758_/Y (NAND2x2_ASAP7_75t_R)
  20.23  243.40 ^ _081361_/Y (NOR2x2_ASAP7_75t_R)
  36.25  279.65 ^ _081362_/Y (BUFx3_ASAP7_75t_R)
  32.27  311.92 ^ _081591_/Y (BUFx4f_ASAP7_75t_R)
  21.80  333.72 ^ _087344_/Y (OR3x1_ASAP7_75t_R)
  29.06  362.78 ^ _087345_/Y (BUFx3_ASAP7_75t_R)
  33.78  396.56 ^ _087346_/Y (BUFx3_ASAP7_75t_R)
  12.73  409.30 v _087349_/Y (NAND2x1_ASAP7_75t_R)
  23.40  432.70 v _087350_/Y (OA21x2_ASAP7_75t_R)
   0.00  432.70 v _110216_/D (DFFHQNx1_ASAP7_75t_R)
         432.70   data arrival time

   0.00    0.00   clock clk (rise edge)
   0.00    0.00   clock network delay (ideal)
   0.00    0.00   clock reconvergence pessimism
           0.00 ^ _110216_/CLK (DFFHQNx1_ASAP7_75t_R)
  14.30   14.30   library hold time
          14.30   data required time
---------------------------------------------------------
          14.30   data required time
        -432.70   data arrival time
---------------------------------------------------------
         418.40   slack (MET)


Startpoint: _117206_ (rising edge-triggered flip-flop clocked by clk)
Endpoint: _110311_ (rising edge-triggered flip-flop clocked by clk)
Path Group: clk
Path Type: min

  Delay    Time   Description
---------------------------------------------------------
   0.00    0.00   clock clk (rise edge)
   0.00    0.00   clock network delay (ideal)
   0.00    0.00 ^ _117206_/CLK (DFFASRHQNx1_ASAP7_75t_R)
  96.77   96.77 ^ _117206_/QN (DFFASRHQNx1_ASAP7_75t_R)
  32.92  129.69 v _079487_/Y (NOR2x2_ASAP7_75t_R)
  19.26  148.95 ^ _079488_/Y (NAND2x1_ASAP7_75t_R)
  29.15  178.10 ^ _079491_/Y (AO21x1_ASAP7_75t_R)
  26.24  204.34 ^ _079492_/Y (BUFx6f_ASAP7_75t_R)
  18.83  223.17 v _079758_/Y (NAND2x2_ASAP7_75t_R)
  20.23  243.40 ^ _081361_/Y (NOR2x2_ASAP7_75t_R)
  36.25  279.65 ^ _081362_/Y (BUFx3_ASAP7_75t_R)
  32.27  311.92 ^ _081591_/Y (BUFx4f_ASAP7_75t_R)
  21.80  333.72 ^ _087585_/Y (OR3x1_ASAP7_75t_R)
  29.06  362.78 ^ _087586_/Y (BUFx3_ASAP7_75t_R)
  33.78  396.56 ^ _087587_/Y (BUFx3_ASAP7_75t_R)
  12.73  409.30 v _087588_/Y (NAND2x1_ASAP7_75t_R)
  23.40  432.70 v _087589_/Y (OA21x2_ASAP7_75t_R)
   0.00  432.70 v _110311_/D (DFFHQNx1_ASAP7_75t_R)
         432.70   data arrival time

   0.00    0.00   clock clk (rise edge)
   0.00    0.00   clock network delay (ideal)
   0.00    0.00   clock reconvergence pessimism
           0.00 ^ _110311_/CLK (DFFHQNx1_ASAP7_75t_R)
  14.30   14.30   library hold time
          14.30   data required time
---------------------------------------------------------
          14.30   data required time
        -432.70   data arrival time
---------------------------------------------------------
         418.40   slack (MET)


Startpoint: _117206_ (rising edge-triggered flip-flop clocked by clk)
Endpoint: _110312_ (rising edge-triggered flip-flop clocked by clk)
Path Group: clk
Path Type: min

  Delay    Time   Description
---------------------------------------------------------
   0.00    0.00   clock clk (rise edge)
   0.00    0.00   clock network delay (ideal)
   0.00    0.00 ^ _117206_/CLK (DFFASRHQNx1_ASAP7_75t_R)
  96.77   96.77 ^ _117206_/QN (DFFASRHQNx1_ASAP7_75t_R)
  32.92  129.69 v _079487_/Y (NOR2x2_ASAP7_75t_R)
  19.26  148.95 ^ _079488_/Y (NAND2x1_ASAP7_75t_R)
  29.15  178.10 ^ _079491_/Y (AO21x1_ASAP7_75t_R)
  26.24  204.34 ^ _079492_/Y (BUFx6f_ASAP7_75t_R)
  18.83  223.17 v _079758_/Y (NAND2x2_ASAP7_75t_R)
  20.23  243.40 ^ _081361_/Y (NOR2x2_ASAP7_75t_R)
  36.25  279.65 ^ _081362_/Y (BUFx3_ASAP7_75t_R)
  32.27  311.92 ^ _081591_/Y (BUFx4f_ASAP7_75t_R)
  21.80  333.72 ^ _087585_/Y (OR3x1_ASAP7_75t_R)
  29.06  362.78 ^ _087586_/Y (BUFx3_ASAP7_75t_R)
  33.78  396.56 ^ _087587_/Y (BUFx3_ASAP7_75t_R)
  12.73  409.30 v _087590_/Y (NAND2x1_ASAP7_75t_R)
  23.40  432.70 v _087591_/Y (OA21x2_ASAP7_75t_R)
   0.00  432.70 v _110312_/D (DFFHQNx1_ASAP7_75t_R)
         432.70   data arrival time

   0.00    0.00   clock clk (rise edge)
   0.00    0.00   clock network delay (ideal)
   0.00    0.00   clock reconvergence pessimism
           0.00 ^ _110312_/CLK (DFFHQNx1_ASAP7_75t_R)
  14.30   14.30   library hold time
          14.30   data required time
---------------------------------------------------------
          14.30   data required time
        -432.70   data arrival time
---------------------------------------------------------
         418.40   slack (MET)


Startpoint: _117206_ (rising edge-triggered flip-flop clocked by clk)
Endpoint: _110328_ (rising edge-triggered flip-flop clocked by clk)
Path Group: clk
Path Type: min

  Delay    Time   Description
---------------------------------------------------------
   0.00    0.00   clock clk (rise edge)
   0.00    0.00   clock network delay (ideal)
   0.00    0.00 ^ _117206_/CLK (DFFASRHQNx1_ASAP7_75t_R)
  96.77   96.77 ^ _117206_/QN (DFFASRHQNx1_ASAP7_75t_R)
  32.92  129.69 v _079487_/Y (NOR2x2_ASAP7_75t_R)
  19.26  148.95 ^ _079488_/Y (NAND2x1_ASAP7_75t_R)
  29.15  178.10 ^ _079491_/Y (AO21x1_ASAP7_75t_R)
  26.24  204.34 ^ _079492_/Y (BUFx6f_ASAP7_75t_R)
  18.83  223.17 v _079758_/Y (NAND2x2_ASAP7_75t_R)
  20.23  243.40 ^ _081361_/Y (NOR2x2_ASAP7_75t_R)
  36.25  279.65 ^ _081362_/Y (BUFx3_ASAP7_75t_R)
  32.27  311.92 ^ _081591_/Y (BUFx4f_ASAP7_75t_R)
  21.80  333.72 ^ _087627_/Y (OR3x1_ASAP7_75t_R)
  29.06  362.78 ^ _087628_/Y (BUFx3_ASAP7_75t_R)
  33.78  396.56 ^ _087629_/Y (BUFx3_ASAP7_75t_R)
  12.73  409.30 v _087632_/Y (NAND2x1_ASAP7_75t_R)
  23.40  432.70 v _087633_/Y (OA21x2_ASAP7_75t_R)
   0.00  432.70 v _110328_/D (DFFHQNx1_ASAP7_75t_R)
         432.70   data arrival time

   0.00    0.00   clock clk (rise edge)
   0.00    0.00   clock network delay (ideal)
   0.00    0.00   clock reconvergence pessimism
           0.00 ^ _110328_/CLK (DFFHQNx1_ASAP7_75t_R)
  14.30   14.30   library hold time
          14.30   data required time
---------------------------------------------------------
          14.30   data required time
        -432.70   data arrival time
---------------------------------------------------------
         418.40   slack (MET)


Startpoint: _117206_ (rising edge-triggered flip-flop clocked by clk)
Endpoint: _110329_ (rising edge-triggered flip-flop clocked by clk)
Path Group: clk
Path Type: min

  Delay    Time   Description
---------------------------------------------------------
   0.00    0.00   clock clk (rise edge)
   0.00    0.00   clock network delay (ideal)
   0.00    0.00 ^ _117206_/CLK (DFFASRHQNx1_ASAP7_75t_R)
  96.77   96.77 ^ _117206_/QN (DFFASRHQNx1_ASAP7_75t_R)
  32.92  129.69 v _079487_/Y (NOR2x2_ASAP7_75t_R)
  19.26  148.95 ^ _079488_/Y (NAND2x1_ASAP7_75t_R)
  29.15  178.10 ^ _079491_/Y (AO21x1_ASAP7_75t_R)
  26.24  204.34 ^ _079492_/Y (BUFx6f_ASAP7_75t_R)
  18.83  223.17 v _079758_/Y (NAND2x2_ASAP7_75t_R)
  20.23  243.40 ^ _081361_/Y (NOR2x2_ASAP7_75t_R)
  36.25  279.65 ^ _081362_/Y (BUFx3_ASAP7_75t_R)
  32.27  311.92 ^ _081591_/Y (BUFx4f_ASAP7_75t_R)
  21.80  333.72 ^ _087627_/Y (OR3x1_ASAP7_75t_R)
  29.06  362.78 ^ _087628_/Y (BUFx3_ASAP7_75t_R)
  33.78  396.56 ^ _087629_/Y (BUFx3_ASAP7_75t_R)
  12.73  409.30 v _087634_/Y (NAND2x1_ASAP7_75t_R)
  23.40  432.70 v _087635_/Y (OA21x2_ASAP7_75t_R)
   0.00  432.70 v _110329_/D (DFFHQNx1_ASAP7_75t_R)
         432.70   data arrival time

   0.00    0.00   clock clk (rise edge)
   0.00    0.00   clock network delay (ideal)
   0.00    0.00   clock reconvergence pessimism
           0.00 ^ _110329_/CLK (DFFHQNx1_ASAP7_75t_R)
  14.30   14.30   library hold time
          14.30   data required time
---------------------------------------------------------
          14.30   data required time
        -432.70   data arrival time
---------------------------------------------------------
         418.40   slack (MET)


Startpoint: _117206_ (rising edge-triggered flip-flop clocked by clk)
Endpoint: _110343_ (rising edge-triggered flip-flop clocked by clk)
Path Group: clk
Path Type: min

  Delay    Time   Description
---------------------------------------------------------
   0.00    0.00   clock clk (rise edge)
   0.00    0.00   clock network delay (ideal)
   0.00    0.00 ^ _117206_/CLK (DFFASRHQNx1_ASAP7_75t_R)
  96.77   96.77 ^ _117206_/QN (DFFASRHQNx1_ASAP7_75t_R)
  32.92  129.69 v _079487_/Y (NOR2x2_ASAP7_75t_R)
  19.26  148.95 ^ _079488_/Y (NAND2x1_ASAP7_75t_R)
  29.15  178.10 ^ _079491_/Y (AO21x1_ASAP7_75t_R)
  26.24  204.34 ^ _079492_/Y (BUFx6f_ASAP7_75t_R)
  18.83  223.17 v _079758_/Y (NAND2x2_ASAP7_75t_R)
  20.23  243.40 ^ _081361_/Y (NOR2x2_ASAP7_75t_R)
  36.25  279.65 ^ _081362_/Y (BUFx3_ASAP7_75t_R)
  32.27  311.92 ^ _081591_/Y (BUFx4f_ASAP7_75t_R)
  21.80  333.72 ^ _087666_/Y (OR3x1_ASAP7_75t_R)
  29.06  362.78 ^ _087667_/Y (BUFx3_ASAP7_75t_R)
  33.78  396.56 ^ _087668_/Y (BUFx3_ASAP7_75t_R)
  12.73  409.30 v _087669_/Y (NAND2x1_ASAP7_75t_R)
  23.40  432.70 v _087670_/Y (OA21x2_ASAP7_75t_R)
   0.00  432.70 v _110343_/D (DFFHQNx1_ASAP7_75t_R)
         432.70   data arrival time

   0.00    0.00   clock clk (rise edge)
   0.00    0.00   clock network delay (ideal)
   0.00    0.00   clock reconvergence pessimism
           0.00 ^ _110343_/CLK (DFFHQNx1_ASAP7_75t_R)
  14.30   14.30   library hold time
          14.30   data required time
---------------------------------------------------------
          14.30   data required time
        -432.70   data arrival time
---------------------------------------------------------
         418.40   slack (MET)


Startpoint: _117206_ (rising edge-triggered flip-flop clocked by clk)
Endpoint: _110344_ (rising edge-triggered flip-flop clocked by clk)
Path Group: clk
Path Type: min

  Delay    Time   Description
---------------------------------------------------------
   0.00    0.00   clock clk (rise edge)
   0.00    0.00   clock network delay (ideal)
   0.00    0.00 ^ _117206_/CLK (DFFASRHQNx1_ASAP7_75t_R)
  96.77   96.77 ^ _117206_/QN (DFFASRHQNx1_ASAP7_75t_R)
  32.92  129.69 v _079487_/Y (NOR2x2_ASAP7_75t_R)
  19.26  148.95 ^ _079488_/Y (NAND2x1_ASAP7_75t_R)
  29.15  178.10 ^ _079491_/Y (AO21x1_ASAP7_75t_R)
  26.24  204.34 ^ _079492_/Y (BUFx6f_ASAP7_75t_R)
  18.83  223.17 v _079758_/Y (NAND2x2_ASAP7_75t_R)
  20.23  243.40 ^ _081361_/Y (NOR2x2_ASAP7_75t_R)
  36.25  279.65 ^ _081362_/Y (BUFx3_ASAP7_75t_R)
  32.27  311.92 ^ _081591_/Y (BUFx4f_ASAP7_75t_R)
  21.80  333.72 ^ _087666_/Y (OR3x1_ASAP7_75t_R)
  29.06  362.78 ^ _087667_/Y (BUFx3_ASAP7_75t_R)
  33.78  396.56 ^ _087668_/Y (BUFx3_ASAP7_75t_R)
  12.73  409.30 v _087671_/Y (NAND2x1_ASAP7_75t_R)
  23.40  432.70 v _087672_/Y (OA21x2_ASAP7_75t_R)
   0.00  432.70 v _110344_/D (DFFHQNx1_ASAP7_75t_R)
         432.70   data arrival time

   0.00    0.00   clock clk (rise edge)
   0.00    0.00   clock network delay (ideal)
   0.00    0.00   clock reconvergence pessimism
           0.00 ^ _110344_/CLK (DFFHQNx1_ASAP7_75t_R)
  14.30   14.30   library hold time
          14.30   data required time
---------------------------------------------------------
          14.30   data required time
        -432.70   data arrival time
---------------------------------------------------------
         418.40   slack (MET)


Startpoint: _117206_ (rising edge-triggered flip-flop clocked by clk)
Endpoint: _110359_ (rising edge-triggered flip-flop clocked by clk)
Path Group: clk
Path Type: min

  Delay    Time   Description
---------------------------------------------------------
   0.00    0.00   clock clk (rise edge)
   0.00    0.00   clock network delay (ideal)
   0.00    0.00 ^ _117206_/CLK (DFFASRHQNx1_ASAP7_75t_R)
  96.77   96.77 ^ _117206_/QN (DFFASRHQNx1_ASAP7_75t_R)
  32.92  129.69 v _079487_/Y (NOR2x2_ASAP7_75t_R)
  19.26  148.95 ^ _079488_/Y (NAND2x1_ASAP7_75t_R)
  29.15  178.10 ^ _079491_/Y (AO21x1_ASAP7_75t_R)
  26.24  204.34 ^ _079492_/Y (BUFx6f_ASAP7_75t_R)
  18.83  223.17 v _079758_/Y (NAND2x2_ASAP7_75t_R)
  20.23  243.40 ^ _081361_/Y (NOR2x2_ASAP7_75t_R)
  36.25  279.65 ^ _081362_/Y (BUFx3_ASAP7_75t_R)
  32.27  311.92 ^ _081591_/Y (BUFx4f_ASAP7_75t_R)
  21.80  333.72 ^ _087707_/Y (OR3x1_ASAP7_75t_R)
  29.06  362.78 ^ _087708_/Y (BUFx3_ASAP7_75t_R)
  33.78  396.56 ^ _087709_/Y (BUFx3_ASAP7_75t_R)
  12.73  409.30 v _087710_/Y (NAND2x1_ASAP7_75t_R)
  23.40  432.70 v _087711_/Y (OA21x2_ASAP7_75t_R)
   0.00  432.70 v _110359_/D (DFFHQNx1_ASAP7_75t_R)
         432.70   data arrival time

   0.00    0.00   clock clk (rise edge)
   0.00    0.00   clock network delay (ideal)
   0.00    0.00   clock reconvergence pessimism
           0.00 ^ _110359_/CLK (DFFHQNx1_ASAP7_75t_R)
  14.30   14.30   library hold time
          14.30   data required time
---------------------------------------------------------
          14.30   data required time
        -432.70   data arrival time
---------------------------------------------------------
         418.40   slack (MET)


Startpoint: _117206_ (rising edge-triggered flip-flop clocked by clk)
Endpoint: _110360_ (rising edge-triggered flip-flop clocked by clk)
Path Group: clk
Path Type: min

  Delay    Time   Description
---------------------------------------------------------
   0.00    0.00   clock clk (rise edge)
   0.00    0.00   clock network delay (ideal)
   0.00    0.00 ^ _117206_/CLK (DFFASRHQNx1_ASAP7_75t_R)
  96.77   96.77 ^ _117206_/QN (DFFASRHQNx1_ASAP7_75t_R)
  32.92  129.69 v _079487_/Y (NOR2x2_ASAP7_75t_R)
  19.26  148.95 ^ _079488_/Y (NAND2x1_ASAP7_75t_R)
  29.15  178.10 ^ _079491_/Y (AO21x1_ASAP7_75t_R)
  26.24  204.34 ^ _079492_/Y (BUFx6f_ASAP7_75t_R)
  18.83  223.17 v _079758_/Y (NAND2x2_ASAP7_75t_R)
  20.23  243.40 ^ _081361_/Y (NOR2x2_ASAP7_75t_R)
  36.25  279.65 ^ _081362_/Y (BUFx3_ASAP7_75t_R)
  32.27  311.92 ^ _081591_/Y (BUFx4f_ASAP7_75t_R)
  21.80  333.72 ^ _087707_/Y (OR3x1_ASAP7_75t_R)
  29.06  362.78 ^ _087708_/Y (BUFx3_ASAP7_75t_R)
  33.78  396.56 ^ _087709_/Y (BUFx3_ASAP7_75t_R)
  12.73  409.30 v _087713_/Y (NAND2x1_ASAP7_75t_R)
  23.40  432.70 v _087714_/Y (OA21x2_ASAP7_75t_R)
   0.00  432.70 v _110360_/D (DFFHQNx1_ASAP7_75t_R)
         432.70   data arrival time

   0.00    0.00   clock clk (rise edge)
   0.00    0.00   clock network delay (ideal)
   0.00    0.00   clock reconvergence pessimism
           0.00 ^ _110360_/CLK (DFFHQNx1_ASAP7_75t_R)
  14.30   14.30   library hold time
          14.30   data required time
---------------------------------------------------------
          14.30   data required time
        -432.70   data arrival time
---------------------------------------------------------
         418.40   slack (MET)


Startpoint: _117206_ (rising edge-triggered flip-flop clocked by clk)
Endpoint: _110391_ (rising edge-triggered flip-flop clocked by clk)
Path Group: clk
Path Type: min

  Delay    Time   Description
---------------------------------------------------------
   0.00    0.00   clock clk (rise edge)
   0.00    0.00   clock network delay (ideal)
   0.00    0.00 ^ _117206_/CLK (DFFASRHQNx1_ASAP7_75t_R)
  96.77   96.77 ^ _117206_/QN (DFFASRHQNx1_ASAP7_75t_R)
  32.92  129.69 v _079487_/Y (NOR2x2_ASAP7_75t_R)
  19.26  148.95 ^ _079488_/Y (NAND2x1_ASAP7_75t_R)
  29.15  178.10 ^ _079491_/Y (AO21x1_ASAP7_75t_R)
  26.24  204.34 ^ _079492_/Y (BUFx6f_ASAP7_75t_R)
  18.83  223.17 v _079758_/Y (NAND2x2_ASAP7_75t_R)
  20.23  243.40 ^ _081361_/Y (NOR2x2_ASAP7_75t_R)
  36.25  279.65 ^ _081362_/Y (BUFx3_ASAP7_75t_R)
  32.27  311.92 ^ _087790_/Y (BUFx4f_ASAP7_75t_R)
  21.80  333.72 ^ _087791_/Y (OR3x1_ASAP7_75t_R)
  29.06  362.78 ^ _087792_/Y (BUFx3_ASAP7_75t_R)
  33.78  396.56 ^ _087793_/Y (BUFx3_ASAP7_75t_R)
  12.73  409.30 v _087794_/Y (NAND2x1_ASAP7_75t_R)
  23.40  432.70 v _087795_/Y (OA21x2_ASAP7_75t_R)
   0.00  432.70 v _110391_/D (DFFHQNx1_ASAP7_75t_R)
         432.70   data arrival time

   0.00    0.00   clock clk (rise edge)
   0.00    0.00   clock network delay (ideal)
   0.00    0.00   clock reconvergence pessimism
           0.00 ^ _110391_/CLK (DFFHQNx1_ASAP7_75t_R)
  14.30   14.30   library hold time
          14.30   data required time
---------------------------------------------------------
          14.30   data required time
        -432.70   data arrival time
---------------------------------------------------------
         418.40   slack (MET)


Startpoint: _117206_ (rising edge-triggered flip-flop clocked by clk)
Endpoint: _110439_ (rising edge-triggered flip-flop clocked by clk)
Path Group: clk
Path Type: min

  Delay    Time   Description
---------------------------------------------------------
   0.00    0.00   clock clk (rise edge)
   0.00    0.00   clock network delay (ideal)
   0.00    0.00 ^ _117206_/CLK (DFFASRHQNx1_ASAP7_75t_R)
  96.77   96.77 ^ _117206_/QN (DFFASRHQNx1_ASAP7_75t_R)
  32.92  129.69 v _079487_/Y (NOR2x2_ASAP7_75t_R)
  19.26  148.95 ^ _079488_/Y (NAND2x1_ASAP7_75t_R)
  29.15  178.10 ^ _079491_/Y (AO21x1_ASAP7_75t_R)
  26.24  204.34 ^ _079492_/Y (BUFx6f_ASAP7_75t_R)
  18.83  223.17 v _079758_/Y (NAND2x2_ASAP7_75t_R)
  20.23  243.40 ^ _081361_/Y (NOR2x2_ASAP7_75t_R)
  36.25  279.65 ^ _081362_/Y (BUFx3_ASAP7_75t_R)
  32.27  311.92 ^ _087790_/Y (BUFx4f_ASAP7_75t_R)
  21.80  333.72 ^ _087910_/Y (OR3x1_ASAP7_75t_R)
  29.06  362.78 ^ _087911_/Y (BUFx3_ASAP7_75t_R)
  33.78  396.56 ^ _087912_/Y (BUFx3_ASAP7_75t_R)
  12.73  409.30 v _087913_/Y (NAND2x1_ASAP7_75t_R)
  23.40  432.70 v _087914_/Y (OA21x2_ASAP7_75t_R)
   0.00  432.70 v _110439_/D (DFFHQNx1_ASAP7_75t_R)
         432.70   data arrival time

   0.00    0.00   clock clk (rise edge)
   0.00    0.00   clock network delay (ideal)
   0.00    0.00   clock reconvergence pessimism
           0.00 ^ _110439_/CLK (DFFHQNx1_ASAP7_75t_R)
  14.30   14.30   library hold time
          14.30   data required time
---------------------------------------------------------
          14.30   data required time
        -432.70   data arrival time
---------------------------------------------------------
         418.40   slack (MET)


Startpoint: _117206_ (rising edge-triggered flip-flop clocked by clk)
Endpoint: _110567_ (rising edge-triggered flip-flop clocked by clk)
Path Group: clk
Path Type: min

  Delay    Time   Description
---------------------------------------------------------
   0.00    0.00   clock clk (rise edge)
   0.00    0.00   clock network delay (ideal)
   0.00    0.00 ^ _117206_/CLK (DFFASRHQNx1_ASAP7_75t_R)
  96.77   96.77 ^ _117206_/QN (DFFASRHQNx1_ASAP7_75t_R)
  32.92  129.69 v _079487_/Y (NOR2x2_ASAP7_75t_R)
  19.26  148.95 ^ _079488_/Y (NAND2x1_ASAP7_75t_R)
  29.15  178.10 ^ _079491_/Y (AO21x1_ASAP7_75t_R)
  26.24  204.34 ^ _079492_/Y (BUFx6f_ASAP7_75t_R)
  18.83  223.17 v _079758_/Y (NAND2x2_ASAP7_75t_R)
  20.23  243.40 ^ _081361_/Y (NOR2x2_ASAP7_75t_R)
  36.25  279.65 ^ _081362_/Y (BUFx3_ASAP7_75t_R)
  32.27  311.92 ^ _087790_/Y (BUFx4f_ASAP7_75t_R)
  21.80  333.72 ^ _088229_/Y (OR3x1_ASAP7_75t_R)
  29.06  362.78 ^ _088230_/Y (BUFx3_ASAP7_75t_R)
  33.78  396.56 ^ _088231_/Y (BUFx3_ASAP7_75t_R)
  12.73  409.30 v _088232_/Y (NAND2x1_ASAP7_75t_R)
  23.40  432.70 v _088233_/Y (OA21x2_ASAP7_75t_R)
   0.00  432.70 v _110567_/D (DFFHQNx1_ASAP7_75t_R)
         432.70   data arrival time

   0.00    0.00   clock clk (rise edge)
   0.00    0.00   clock network delay (ideal)
   0.00    0.00   clock reconvergence pessimism
           0.00 ^ _110567_/CLK (DFFHQNx1_ASAP7_75t_R)
  14.30   14.30   library hold time
          14.30   data required time
---------------------------------------------------------
          14.30   data required time
        -432.70   data arrival time
---------------------------------------------------------
         418.40   slack (MET)


Startpoint: _117206_ (rising edge-triggered flip-flop clocked by clk)
Endpoint: _110568_ (rising edge-triggered flip-flop clocked by clk)
Path Group: clk
Path Type: min

  Delay    Time   Description
---------------------------------------------------------
   0.00    0.00   clock clk (rise edge)
   0.00    0.00   clock network delay (ideal)
   0.00    0.00 ^ _117206_/CLK (DFFASRHQNx1_ASAP7_75t_R)
  96.77   96.77 ^ _117206_/QN (DFFASRHQNx1_ASAP7_75t_R)
  32.92  129.69 v _079487_/Y (NOR2x2_ASAP7_75t_R)
  19.26  148.95 ^ _079488_/Y (NAND2x1_ASAP7_75t_R)
  29.15  178.10 ^ _079491_/Y (AO21x1_ASAP7_75t_R)
  26.24  204.34 ^ _079492_/Y (BUFx6f_ASAP7_75t_R)
  18.83  223.17 v _079758_/Y (NAND2x2_ASAP7_75t_R)
  20.23  243.40 ^ _081361_/Y (NOR2x2_ASAP7_75t_R)
  36.25  279.65 ^ _081362_/Y (BUFx3_ASAP7_75t_R)
  32.27  311.92 ^ _087790_/Y (BUFx4f_ASAP7_75t_R)
  21.80  333.72 ^ _088229_/Y (OR3x1_ASAP7_75t_R)
  29.06  362.78 ^ _088230_/Y (BUFx3_ASAP7_75t_R)
  33.78  396.56 ^ _088231_/Y (BUFx3_ASAP7_75t_R)
  12.73  409.30 v _088234_/Y (NAND2x1_ASAP7_75t_R)
  23.40  432.70 v _088235_/Y (OA21x2_ASAP7_75t_R)
   0.00  432.70 v _110568_/D (DFFHQNx1_ASAP7_75t_R)
         432.70   data arrival time

   0.00    0.00   clock clk (rise edge)
   0.00    0.00   clock network delay (ideal)
   0.00    0.00   clock reconvergence pessimism
           0.00 ^ _110568_/CLK (DFFHQNx1_ASAP7_75t_R)
  14.30   14.30   library hold time
          14.30   data required time
---------------------------------------------------------
          14.30   data required time
        -432.70   data arrival time
---------------------------------------------------------
         418.40   slack (MET)


Startpoint: _117206_ (rising edge-triggered flip-flop clocked by clk)
Endpoint: _110599_ (rising edge-triggered flip-flop clocked by clk)
Path Group: clk
Path Type: min

  Delay    Time   Description
---------------------------------------------------------
   0.00    0.00   clock clk (rise edge)
   0.00    0.00   clock network delay (ideal)
   0.00    0.00 ^ _117206_/CLK (DFFASRHQNx1_ASAP7_75t_R)
  96.77   96.77 ^ _117206_/QN (DFFASRHQNx1_ASAP7_75t_R)
  32.92  129.69 v _079487_/Y (NOR2x2_ASAP7_75t_R)
  19.26  148.95 ^ _079488_/Y (NAND2x1_ASAP7_75t_R)
  29.15  178.10 ^ _079491_/Y (AO21x1_ASAP7_75t_R)
  26.24  204.34 ^ _079492_/Y (BUFx6f_ASAP7_75t_R)
  18.83  223.17 v _079758_/Y (NAND2x2_ASAP7_75t_R)
  20.23  243.40 ^ _081361_/Y (NOR2x2_ASAP7_75t_R)
  36.25  279.65 ^ _081362_/Y (BUFx3_ASAP7_75t_R)
  32.27  311.92 ^ _087790_/Y (BUFx4f_ASAP7_75t_R)
  21.80  333.72 ^ _088309_/Y (OR3x1_ASAP7_75t_R)
  29.06  362.78 ^ _088310_/Y (BUFx3_ASAP7_75t_R)
  33.78  396.56 ^ _088311_/Y (BUFx3_ASAP7_75t_R)
  12.73  409.30 v _088312_/Y (NAND2x1_ASAP7_75t_R)
  23.40  432.70 v _088313_/Y (OA21x2_ASAP7_75t_R)
   0.00  432.70 v _110599_/D (DFFHQNx1_ASAP7_75t_R)
         432.70   data arrival time

   0.00    0.00   clock clk (rise edge)
   0.00    0.00   clock network delay (ideal)
   0.00    0.00   clock reconvergence pessimism
           0.00 ^ _110599_/CLK (DFFHQNx1_ASAP7_75t_R)
  14.30   14.30   library hold time
          14.30   data required time
---------------------------------------------------------
          14.30   data required time
        -432.70   data arrival time
---------------------------------------------------------
         418.40   slack (MET)


Startpoint: _117206_ (rising edge-triggered flip-flop clocked by clk)
Endpoint: _110600_ (rising edge-triggered flip-flop clocked by clk)
Path Group: clk
Path Type: min

  Delay    Time   Description
---------------------------------------------------------
   0.00    0.00   clock clk (rise edge)
   0.00    0.00   clock network delay (ideal)
   0.00    0.00 ^ _117206_/CLK (DFFASRHQNx1_ASAP7_75t_R)
  96.77   96.77 ^ _117206_/QN (DFFASRHQNx1_ASAP7_75t_R)
  32.92  129.69 v _079487_/Y (NOR2x2_ASAP7_75t_R)
  19.26  148.95 ^ _079488_/Y (NAND2x1_ASAP7_75t_R)
  29.15  178.10 ^ _079491_/Y (AO21x1_ASAP7_75t_R)
  26.24  204.34 ^ _079492_/Y (BUFx6f_ASAP7_75t_R)
  18.83  223.17 v _079758_/Y (NAND2x2_ASAP7_75t_R)
  20.23  243.40 ^ _081361_/Y (NOR2x2_ASAP7_75t_R)
  36.25  279.65 ^ _081362_/Y (BUFx3_ASAP7_75t_R)
  32.27  311.92 ^ _087790_/Y (BUFx4f_ASAP7_75t_R)
  21.80  333.72 ^ _088309_/Y (OR3x1_ASAP7_75t_R)
  29.06  362.78 ^ _088310_/Y (BUFx3_ASAP7_75t_R)
  33.78  396.56 ^ _088311_/Y (BUFx3_ASAP7_75t_R)
  12.73  409.30 v _088314_/Y (NAND2x1_ASAP7_75t_R)
  23.40  432.70 v _088315_/Y (OA21x2_ASAP7_75t_R)
   0.00  432.70 v _110600_/D (DFFHQNx1_ASAP7_75t_R)
         432.70   data arrival time

   0.00    0.00   clock clk (rise edge)
   0.00    0.00   clock network delay (ideal)
   0.00    0.00   clock reconvergence pessimism
           0.00 ^ _110600_/CLK (DFFHQNx1_ASAP7_75t_R)
  14.30   14.30   library hold time
          14.30   data required time
---------------------------------------------------------
          14.30   data required time
        -432.70   data arrival time
---------------------------------------------------------
         418.40   slack (MET)


Startpoint: _117206_ (rising edge-triggered flip-flop clocked by clk)
Endpoint: _110615_ (rising edge-triggered flip-flop clocked by clk)
Path Group: clk
Path Type: min

  Delay    Time   Description
---------------------------------------------------------
   0.00    0.00   clock clk (rise edge)
   0.00    0.00   clock network delay (ideal)
   0.00    0.00 ^ _117206_/CLK (DFFASRHQNx1_ASAP7_75t_R)
  96.77   96.77 ^ _117206_/QN (DFFASRHQNx1_ASAP7_75t_R)
  32.92  129.69 v _079487_/Y (NOR2x2_ASAP7_75t_R)
  19.26  148.95 ^ _079488_/Y (NAND2x1_ASAP7_75t_R)
  29.15  178.10 ^ _079491_/Y (AO21x1_ASAP7_75t_R)
  26.24  204.34 ^ _079492_/Y (BUFx6f_ASAP7_75t_R)
  18.83  223.17 v _079758_/Y (NAND2x2_ASAP7_75t_R)
  20.23  243.40 ^ _081361_/Y (NOR2x2_ASAP7_75t_R)
  36.25  279.65 ^ _081362_/Y (BUFx3_ASAP7_75t_R)
  32.27  311.92 ^ _087790_/Y (BUFx4f_ASAP7_75t_R)
  21.80  333.72 ^ _088349_/Y (OR3x1_ASAP7_75t_R)
  29.06  362.78 ^ _088350_/Y (BUFx3_ASAP7_75t_R)
  33.78  396.56 ^ _088351_/Y (BUFx3_ASAP7_75t_R)
  12.73  409.30 v _088352_/Y (NAND2x1_ASAP7_75t_R)
  23.40  432.70 v _088353_/Y (OA21x2_ASAP7_75t_R)
   0.00  432.70 v _110615_/D (DFFHQNx1_ASAP7_75t_R)
         432.70   data arrival time

   0.00    0.00   clock clk (rise edge)
   0.00    0.00   clock network delay (ideal)
   0.00    0.00   clock reconvergence pessimism
           0.00 ^ _110615_/CLK (DFFHQNx1_ASAP7_75t_R)
  14.30   14.30   library hold time
          14.30   data required time
---------------------------------------------------------
          14.30   data required time
        -432.70   data arrival time
---------------------------------------------------------
         418.40   slack (MET)


Startpoint: _117206_ (rising edge-triggered flip-flop clocked by clk)
Endpoint: _110616_ (rising edge-triggered flip-flop clocked by clk)
Path Group: clk
Path Type: min

  Delay    Time   Description
---------------------------------------------------------
   0.00    0.00   clock clk (rise edge)
   0.00    0.00   clock network delay (ideal)
   0.00    0.00 ^ _117206_/CLK (DFFASRHQNx1_ASAP7_75t_R)
  96.77   96.77 ^ _117206_/QN (DFFASRHQNx1_ASAP7_75t_R)
  32.92  129.69 v _079487_/Y (NOR2x2_ASAP7_75t_R)
  19.26  148.95 ^ _079488_/Y (NAND2x1_ASAP7_75t_R)
  29.15  178.10 ^ _079491_/Y (AO21x1_ASAP7_75t_R)
  26.24  204.34 ^ _079492_/Y (BUFx6f_ASAP7_75t_R)
  18.83  223.17 v _079758_/Y (NAND2x2_ASAP7_75t_R)
  20.23  243.40 ^ _081361_/Y (NOR2x2_ASAP7_75t_R)
  36.25  279.65 ^ _081362_/Y (BUFx3_ASAP7_75t_R)
  32.27  311.92 ^ _087790_/Y (BUFx4f_ASAP7_75t_R)
  21.80  333.72 ^ _088349_/Y (OR3x1_ASAP7_75t_R)
  29.06  362.78 ^ _088350_/Y (BUFx3_ASAP7_75t_R)
  33.78  396.56 ^ _088351_/Y (BUFx3_ASAP7_75t_R)
  12.73  409.30 v _088354_/Y (NAND2x1_ASAP7_75t_R)
  23.40  432.70 v _088355_/Y (OA21x2_ASAP7_75t_R)
   0.00  432.70 v _110616_/D (DFFHQNx1_ASAP7_75t_R)
         432.70   data arrival time

   0.00    0.00   clock clk (rise edge)
   0.00    0.00   clock network delay (ideal)
   0.00    0.00   clock reconvergence pessimism
           0.00 ^ _110616_/CLK (DFFHQNx1_ASAP7_75t_R)
  14.30   14.30   library hold time
          14.30   data required time
---------------------------------------------------------
          14.30   data required time
        -432.70   data arrival time
---------------------------------------------------------
         418.40   slack (MET)


Startpoint: _117206_ (rising edge-triggered flip-flop clocked by clk)
Endpoint: _110711_ (rising edge-triggered flip-flop clocked by clk)
Path Group: clk
Path Type: min

  Delay    Time   Description
---------------------------------------------------------
   0.00    0.00   clock clk (rise edge)
   0.00    0.00   clock network delay (ideal)
   0.00    0.00 ^ _117206_/CLK (DFFASRHQNx1_ASAP7_75t_R)
  96.77   96.77 ^ _117206_/QN (DFFASRHQNx1_ASAP7_75t_R)
  32.92  129.69 v _079487_/Y (NOR2x2_ASAP7_75t_R)
  19.26  148.95 ^ _079488_/Y (NAND2x1_ASAP7_75t_R)
  29.15  178.10 ^ _079491_/Y (AO21x1_ASAP7_75t_R)
  26.24  204.34 ^ _079492_/Y (BUFx6f_ASAP7_75t_R)
  18.83  223.17 v _079758_/Y (NAND2x2_ASAP7_75t_R)
  20.23  243.40 ^ _081361_/Y (NOR2x2_ASAP7_75t_R)
  36.25  279.65 ^ _081362_/Y (BUFx3_ASAP7_75t_R)
  32.27  311.92 ^ _087790_/Y (BUFx4f_ASAP7_75t_R)
  21.80  333.72 ^ _088589_/Y (OR3x1_ASAP7_75t_R)
  29.06  362.78 ^ _088590_/Y (BUFx3_ASAP7_75t_R)
  33.78  396.56 ^ _088591_/Y (BUFx3_ASAP7_75t_R)
  12.73  409.30 v _088592_/Y (NAND2x1_ASAP7_75t_R)
  23.40  432.70 v _088593_/Y (OA21x2_ASAP7_75t_R)
   0.00  432.70 v _110711_/D (DFFHQNx1_ASAP7_75t_R)
         432.70   data arrival time

   0.00    0.00   clock clk (rise edge)
   0.00    0.00   clock network delay (ideal)
   0.00    0.00   clock reconvergence pessimism
           0.00 ^ _110711_/CLK (DFFHQNx1_ASAP7_75t_R)
  14.30   14.30   library hold time
          14.30   data required time
---------------------------------------------------------
          14.30   data required time
        -432.70   data arrival time
---------------------------------------------------------
         418.40   slack (MET)


Startpoint: _117206_ (rising edge-triggered flip-flop clocked by clk)
Endpoint: _110712_ (rising edge-triggered flip-flop clocked by clk)
Path Group: clk
Path Type: min

  Delay    Time   Description
---------------------------------------------------------
   0.00    0.00   clock clk (rise edge)
   0.00    0.00   clock network delay (ideal)
   0.00    0.00 ^ _117206_/CLK (DFFASRHQNx1_ASAP7_75t_R)
  96.77   96.77 ^ _117206_/QN (DFFASRHQNx1_ASAP7_75t_R)
  32.92  129.69 v _079487_/Y (NOR2x2_ASAP7_75t_R)
  19.26  148.95 ^ _079488_/Y (NAND2x1_ASAP7_75t_R)
  29.15  178.10 ^ _079491_/Y (AO21x1_ASAP7_75t_R)
  26.24  204.34 ^ _079492_/Y (BUFx6f_ASAP7_75t_R)
  18.83  223.17 v _079758_/Y (NAND2x2_ASAP7_75t_R)
  20.23  243.40 ^ _081361_/Y (NOR2x2_ASAP7_75t_R)
  36.25  279.65 ^ _081362_/Y (BUFx3_ASAP7_75t_R)
  32.27  311.92 ^ _087790_/Y (BUFx4f_ASAP7_75t_R)
  21.80  333.72 ^ _088589_/Y (OR3x1_ASAP7_75t_R)
  29.06  362.78 ^ _088590_/Y (BUFx3_ASAP7_75t_R)
  33.78  396.56 ^ _088591_/Y (BUFx3_ASAP7_75t_R)
  12.73  409.30 v _088594_/Y (NAND2x1_ASAP7_75t_R)
  23.40  432.70 v _088595_/Y (OA21x2_ASAP7_75t_R)
   0.00  432.70 v _110712_/D (DFFHQNx1_ASAP7_75t_R)
         432.70   data arrival time

   0.00    0.00   clock clk (rise edge)
   0.00    0.00   clock network delay (ideal)
   0.00    0.00   clock reconvergence pessimism
           0.00 ^ _110712_/CLK (DFFHQNx1_ASAP7_75t_R)
  14.30   14.30   library hold time
          14.30   data required time
---------------------------------------------------------
          14.30   data required time
        -432.70   data arrival time
---------------------------------------------------------
         418.40   slack (MET)


Startpoint: _117206_ (rising edge-triggered flip-flop clocked by clk)
Endpoint: _110839_ (rising edge-triggered flip-flop clocked by clk)
Path Group: clk
Path Type: min

  Delay    Time   Description
---------------------------------------------------------
   0.00    0.00   clock clk (rise edge)
   0.00    0.00   clock network delay (ideal)
   0.00    0.00 ^ _117206_/CLK (DFFASRHQNx1_ASAP7_75t_R)
  96.77   96.77 ^ _117206_/QN (DFFASRHQNx1_ASAP7_75t_R)
  32.92  129.69 v _079487_/Y (NOR2x2_ASAP7_75t_R)
  19.26  148.95 ^ _079488_/Y (NAND2x1_ASAP7_75t_R)
  29.15  178.10 ^ _079491_/Y (AO21x1_ASAP7_75t_R)
  26.24  204.34 ^ _079492_/Y (BUFx6f_ASAP7_75t_R)
  18.83  223.17 v _079758_/Y (NAND2x2_ASAP7_75t_R)
  20.23  243.40 ^ _081361_/Y (NOR2x2_ASAP7_75t_R)
  36.25  279.65 ^ _081362_/Y (BUFx3_ASAP7_75t_R)
  32.27  311.92 ^ _087790_/Y (BUFx4f_ASAP7_75t_R)
  21.80  333.72 ^ _088908_/Y (OR3x1_ASAP7_75t_R)
  29.06  362.78 ^ _088909_/Y (BUFx3_ASAP7_75t_R)
  33.78  396.56 ^ _088910_/Y (BUFx3_ASAP7_75t_R)
  12.73  409.30 v _088911_/Y (NAND2x1_ASAP7_75t_R)
  23.40  432.70 v _088912_/Y (OA21x2_ASAP7_75t_R)
   0.00  432.70 v _110839_/D (DFFHQNx1_ASAP7_75t_R)
         432.70   data arrival time

   0.00    0.00   clock clk (rise edge)
   0.00    0.00   clock network delay (ideal)
   0.00    0.00   clock reconvergence pessimism
           0.00 ^ _110839_/CLK (DFFHQNx1_ASAP7_75t_R)
  14.30   14.30   library hold time
          14.30   data required time
---------------------------------------------------------
          14.30   data required time
        -432.70   data arrival time
---------------------------------------------------------
         418.40   slack (MET)


Startpoint: _117206_ (rising edge-triggered flip-flop clocked by clk)
Endpoint: _110841_ (rising edge-triggered flip-flop clocked by clk)
Path Group: clk
Path Type: min

  Delay    Time   Description
---------------------------------------------------------
   0.00    0.00   clock clk (rise edge)
   0.00    0.00   clock network delay (ideal)
   0.00    0.00 ^ _117206_/CLK (DFFASRHQNx1_ASAP7_75t_R)
  96.77   96.77 ^ _117206_/QN (DFFASRHQNx1_ASAP7_75t_R)
  32.92  129.69 v _079487_/Y (NOR2x2_ASAP7_75t_R)
  19.26  148.95 ^ _079488_/Y (NAND2x1_ASAP7_75t_R)
  29.15  178.10 ^ _079491_/Y (AO21x1_ASAP7_75t_R)
  26.24  204.34 ^ _079492_/Y (BUFx6f_ASAP7_75t_R)
  18.83  223.17 v _079758_/Y (NAND2x2_ASAP7_75t_R)
  20.23  243.40 ^ _081361_/Y (NOR2x2_ASAP7_75t_R)
  36.25  279.65 ^ _081362_/Y (BUFx3_ASAP7_75t_R)
  32.27  311.92 ^ _087790_/Y (BUFx4f_ASAP7_75t_R)
  21.80  333.72 ^ _088908_/Y (OR3x1_ASAP7_75t_R)
  29.06  362.78 ^ _088909_/Y (BUFx3_ASAP7_75t_R)
  33.78  396.56 ^ _088910_/Y (BUFx3_ASAP7_75t_R)
  12.73  409.30 v _088915_/Y (NAND2x1_ASAP7_75t_R)
  23.40  432.70 v _088916_/Y (OA21x2_ASAP7_75t_R)
   0.00  432.70 v _110841_/D (DFFHQNx1_ASAP7_75t_R)
         432.70   data arrival time

   0.00    0.00   clock clk (rise edge)
   0.00    0.00   clock network delay (ideal)
   0.00    0.00   clock reconvergence pessimism
           0.00 ^ _110841_/CLK (DFFHQNx1_ASAP7_75t_R)
  14.30   14.30   library hold time
          14.30   data required time
---------------------------------------------------------
          14.30   data required time
        -432.70   data arrival time
---------------------------------------------------------
         418.40   slack (MET)


Startpoint: _117206_ (rising edge-triggered flip-flop clocked by clk)
Endpoint: _110984_ (rising edge-triggered flip-flop clocked by clk)
Path Group: clk
Path Type: min

  Delay    Time   Description
---------------------------------------------------------
   0.00    0.00   clock clk (rise edge)
   0.00    0.00   clock network delay (ideal)
   0.00    0.00 ^ _117206_/CLK (DFFASRHQNx1_ASAP7_75t_R)
  96.77   96.77 ^ _117206_/QN (DFFASRHQNx1_ASAP7_75t_R)
  32.92  129.69 v _079487_/Y (NOR2x2_ASAP7_75t_R)
  19.26  148.95 ^ _079488_/Y (NAND2x1_ASAP7_75t_R)
  29.15  178.10 ^ _079491_/Y (AO21x1_ASAP7_75t_R)
  26.24  204.34 ^ _079492_/Y (BUFx6f_ASAP7_75t_R)
  18.83  223.17 v _079758_/Y (NAND2x2_ASAP7_75t_R)
  20.23  243.40 ^ _081361_/Y (NOR2x2_ASAP7_75t_R)
  36.25  279.65 ^ _081362_/Y (BUFx3_ASAP7_75t_R)
  32.27  311.92 ^ _087790_/Y (BUFx4f_ASAP7_75t_R)
  21.80  333.72 ^ _089269_/Y (OR3x1_ASAP7_75t_R)
  29.06  362.78 ^ _089270_/Y (BUFx3_ASAP7_75t_R)
  33.78  396.56 ^ _089271_/Y (BUFx3_ASAP7_75t_R)
  12.73  409.30 v _089274_/Y (NAND2x1_ASAP7_75t_R)
  23.40  432.70 v _089275_/Y (OA21x2_ASAP7_75t_R)
   0.00  432.70 v _110984_/D (DFFHQNx1_ASAP7_75t_R)
         432.70   data arrival time

   0.00    0.00   clock clk (rise edge)
   0.00    0.00   clock network delay (ideal)
   0.00    0.00   clock reconvergence pessimism
           0.00 ^ _110984_/CLK (DFFHQNx1_ASAP7_75t_R)
  14.30   14.30   library hold time
          14.30   data required time
---------------------------------------------------------
          14.30   data required time
        -432.70   data arrival time
---------------------------------------------------------
         418.40   slack (MET)


Startpoint: _117206_ (rising edge-triggered flip-flop clocked by clk)
Endpoint: _108032_ (rising edge-triggered flip-flop clocked by clk)
Path Group: clk
Path Type: min

  Delay    Time   Description
---------------------------------------------------------
   0.00    0.00   clock clk (rise edge)
   0.00    0.00   clock network delay (ideal)
   0.00    0.00 ^ _117206_/CLK (DFFASRHQNx1_ASAP7_75t_R)
  96.77   96.77 ^ _117206_/QN (DFFASRHQNx1_ASAP7_75t_R)
  32.92  129.69 v _079487_/Y (NOR2x2_ASAP7_75t_R)
  19.26  148.95 ^ _079488_/Y (NAND2x1_ASAP7_75t_R)
  29.15  178.10 ^ _079491_/Y (AO21x1_ASAP7_75t_R)
  26.24  204.34 ^ _079492_/Y (BUFx6f_ASAP7_75t_R)
  18.83  223.17 v _079758_/Y (NAND2x2_ASAP7_75t_R)
  20.23  243.40 ^ _081361_/Y (NOR2x2_ASAP7_75t_R)
  36.25  279.65 ^ _081362_/Y (BUFx3_ASAP7_75t_R)
  32.27  311.92 ^ _081837_/Y (BUFx4f_ASAP7_75t_R)
  21.80  333.72 ^ _081840_/Y (OR3x1_ASAP7_75t_R)
  29.01  362.73 ^ _081841_/Y (BUFx3_ASAP7_75t_R)
  33.80  396.53 ^ _081842_/Y (BUFx3_ASAP7_75t_R)
  12.75  409.28 v _081845_/Y (NAND2x1_ASAP7_75t_R)
  23.59  432.87 v _081846_/Y (OA21x2_ASAP7_75t_R)
   0.00  432.87 v _108032_/D (DFFHQNx1_ASAP7_75t_R)
         432.87   data arrival time

   0.00    0.00   clock clk (rise edge)
   0.00    0.00   clock network delay (ideal)
   0.00    0.00   clock reconvergence pessimism
           0.00 ^ _108032_/CLK (DFFHQNx1_ASAP7_75t_R)
  14.30   14.30   library hold time
          14.30   data required time
---------------------------------------------------------
          14.30   data required time
        -432.87   data arrival time
---------------------------------------------------------
         418.57   slack (MET)


Startpoint: _117206_ (rising edge-triggered flip-flop clocked by clk)
Endpoint: _109976_ (rising edge-triggered flip-flop clocked by clk)
Path Group: clk
Path Type: min

  Delay    Time   Description
---------------------------------------------------------
   0.00    0.00   clock clk (rise edge)
   0.00    0.00   clock network delay (ideal)
   0.00    0.00 ^ _117206_/CLK (DFFASRHQNx1_ASAP7_75t_R)
  96.77   96.77 ^ _117206_/QN (DFFASRHQNx1_ASAP7_75t_R)
  32.92  129.69 v _079487_/Y (NOR2x2_ASAP7_75t_R)
  19.26  148.95 ^ _079488_/Y (NAND2x1_ASAP7_75t_R)
  29.15  178.10 ^ _079491_/Y (AO21x1_ASAP7_75t_R)
  26.24  204.34 ^ _079492_/Y (BUFx6f_ASAP7_75t_R)
  18.83  223.17 v _079758_/Y (NAND2x2_ASAP7_75t_R)
  20.23  243.40 ^ _081361_/Y (NOR2x2_ASAP7_75t_R)
  36.25  279.65 ^ _081362_/Y (BUFx3_ASAP7_75t_R)
  32.27  311.92 ^ _081591_/Y (BUFx4f_ASAP7_75t_R)
  21.80  333.72 ^ _086746_/Y (OR3x1_ASAP7_75t_R)
  29.06  362.78 ^ _086747_/Y (BUFx3_ASAP7_75t_R)
  33.78  396.56 ^ _086748_/Y (BUFx3_ASAP7_75t_R)
  12.73  409.30 v _086751_/Y (NAND2x1_ASAP7_75t_R)
  23.52  432.82 v _086752_/Y (OA21x2_ASAP7_75t_R)
   0.00  432.82 v _109976_/D (DFFHQNx1_ASAP7_75t_R)
         432.82   data arrival time

   0.00    0.00   clock clk (rise edge)
   0.00    0.00   clock network delay (ideal)
   0.00    0.00   clock reconvergence pessimism
           0.00 ^ _109976_/CLK (DFFHQNx1_ASAP7_75t_R)
  14.30   14.30   library hold time
          14.30   data required time
---------------------------------------------------------
          14.30   data required time
        -432.82   data arrival time
---------------------------------------------------------
         418.52   slack (MET)


Startpoint: _117206_ (rising edge-triggered flip-flop clocked by clk)
Endpoint: _110967_ (rising edge-triggered flip-flop clocked by clk)
Path Group: clk
Path Type: min

  Delay    Time   Description
---------------------------------------------------------
   0.00    0.00   clock clk (rise edge)
   0.00    0.00   clock network delay (ideal)
   0.00    0.00 ^ _117206_/CLK (DFFASRHQNx1_ASAP7_75t_R)
  96.77   96.77 ^ _117206_/QN (DFFASRHQNx1_ASAP7_75t_R)
  32.92  129.69 v _079487_/Y (NOR2x2_ASAP7_75t_R)
  19.26  148.95 ^ _079488_/Y (NAND2x1_ASAP7_75t_R)
  29.15  178.10 ^ _079491_/Y (AO21x1_ASAP7_75t_R)
  26.24  204.34 ^ _079492_/Y (BUFx6f_ASAP7_75t_R)
  18.83  223.17 v _079758_/Y (NAND2x2_ASAP7_75t_R)
  20.23  243.40 ^ _081361_/Y (NOR2x2_ASAP7_75t_R)
  36.25  279.65 ^ _081362_/Y (BUFx3_ASAP7_75t_R)
  32.27  311.92 ^ _081837_/Y (BUFx4f_ASAP7_75t_R)
  21.80  333.72 ^ _089230_/Y (OR3x1_ASAP7_75t_R)
  29.01  362.73 ^ _089231_/Y (BUFx3_ASAP7_75t_R)
  33.80  396.53 ^ _089232_/Y (BUFx3_ASAP7_75t_R)
  12.75  409.28 v _089233_/Y (NAND2x1_ASAP7_75t_R)
  23.40  432.68 v _089234_/Y (OA21x2_ASAP7_75t_R)
   0.00  432.68 v _110967_/D (DFFHQNx1_ASAP7_75t_R)
         432.68   data arrival time

   0.00    0.00   clock clk (rise edge)
   0.00    0.00   clock network delay (ideal)
   0.00    0.00   clock reconvergence pessimism
           0.00 ^ _110967_/CLK (DFFHQNx1_ASAP7_75t_R)
  14.30   14.30   library hold time
          14.30   data required time
---------------------------------------------------------
          14.30   data required time
        -432.68   data arrival time
---------------------------------------------------------
         418.38   slack (MET)


Startpoint: _117206_ (rising edge-triggered flip-flop clocked by clk)
Endpoint: _111079_ (rising edge-triggered flip-flop clocked by clk)
Path Group: clk
Path Type: min

  Delay    Time   Description
---------------------------------------------------------
   0.00    0.00   clock clk (rise edge)
   0.00    0.00   clock network delay (ideal)
   0.00    0.00 ^ _117206_/CLK (DFFASRHQNx1_ASAP7_75t_R)
  96.77   96.77 ^ _117206_/QN (DFFASRHQNx1_ASAP7_75t_R)
  32.92  129.69 v _079487_/Y (NOR2x2_ASAP7_75t_R)
  19.26  148.95 ^ _079488_/Y (NAND2x1_ASAP7_75t_R)
  29.15  178.10 ^ _079491_/Y (AO21x1_ASAP7_75t_R)
  26.24  204.34 ^ _079492_/Y (BUFx6f_ASAP7_75t_R)
  18.83  223.17 v _079758_/Y (NAND2x2_ASAP7_75t_R)
  20.23  243.40 ^ _081361_/Y (NOR2x2_ASAP7_75t_R)
  36.25  279.65 ^ _081362_/Y (BUFx3_ASAP7_75t_R)
  32.27  311.92 ^ _081363_/Y (BUFx4f_ASAP7_75t_R)
  21.80  333.72 ^ _089510_/Y (OR3x1_ASAP7_75t_R)
  29.01  362.73 ^ _089511_/Y (BUFx3_ASAP7_75t_R)
  33.80  396.53 ^ _089512_/Y (BUFx3_ASAP7_75t_R)
  12.75  409.28 v _089513_/Y (NAND2x1_ASAP7_75t_R)
  23.40  432.68 v _089514_/Y (OA21x2_ASAP7_75t_R)
   0.00  432.68 v _111079_/D (DFFHQNx1_ASAP7_75t_R)
         432.68   data arrival time

   0.00    0.00   clock clk (rise edge)
   0.00    0.00   clock network delay (ideal)
   0.00    0.00   clock reconvergence pessimism
           0.00 ^ _111079_/CLK (DFFHQNx1_ASAP7_75t_R)
  14.30   14.30   library hold time
          14.30   data required time
---------------------------------------------------------
          14.30   data required time
        -432.68   data arrival time
---------------------------------------------------------
         418.38   slack (MET)


Startpoint: _117206_ (rising edge-triggered flip-flop clocked by clk)
Endpoint: _111095_ (rising edge-triggered flip-flop clocked by clk)
Path Group: clk
Path Type: min

  Delay    Time   Description
---------------------------------------------------------
   0.00    0.00   clock clk (rise edge)
   0.00    0.00   clock network delay (ideal)
   0.00    0.00 ^ _117206_/CLK (DFFASRHQNx1_ASAP7_75t_R)
  96.77   96.77 ^ _117206_/QN (DFFASRHQNx1_ASAP7_75t_R)
  32.92  129.69 v _079487_/Y (NOR2x2_ASAP7_75t_R)
  19.26  148.95 ^ _079488_/Y (NAND2x1_ASAP7_75t_R)
  29.15  178.10 ^ _079491_/Y (AO21x1_ASAP7_75t_R)
  26.24  204.34 ^ _079492_/Y (BUFx6f_ASAP7_75t_R)
  18.83  223.17 v _079758_/Y (NAND2x2_ASAP7_75t_R)
  20.23  243.40 ^ _081361_/Y (NOR2x2_ASAP7_75t_R)
  36.25  279.65 ^ _081362_/Y (BUFx3_ASAP7_75t_R)
  32.27  311.92 ^ _081363_/Y (BUFx4f_ASAP7_75t_R)
  21.80  333.72 ^ _089549_/Y (OR3x1_ASAP7_75t_R)
  29.01  362.73 ^ _089550_/Y (BUFx3_ASAP7_75t_R)
  33.80  396.53 ^ _089551_/Y (BUFx3_ASAP7_75t_R)
  12.75  409.28 v _089552_/Y (NAND2x1_ASAP7_75t_R)
  23.40  432.68 v _089553_/Y (OA21x2_ASAP7_75t_R)
   0.00  432.68 v _111095_/D (DFFHQNx1_ASAP7_75t_R)
         432.68   data arrival time

   0.00    0.00   clock clk (rise edge)
   0.00    0.00   clock network delay (ideal)
   0.00    0.00   clock reconvergence pessimism
           0.00 ^ _111095_/CLK (DFFHQNx1_ASAP7_75t_R)
  14.30   14.30   library hold time
          14.30   data required time
---------------------------------------------------------
          14.30   data required time
        -432.68   data arrival time
---------------------------------------------------------
         418.38   slack (MET)


Startpoint: _117206_ (rising edge-triggered flip-flop clocked by clk)
Endpoint: _111111_ (rising edge-triggered flip-flop clocked by clk)
Path Group: clk
Path Type: min

  Delay    Time   Description
---------------------------------------------------------
   0.00    0.00   clock clk (rise edge)
   0.00    0.00   clock network delay (ideal)
   0.00    0.00 ^ _117206_/CLK (DFFASRHQNx1_ASAP7_75t_R)
  96.77   96.77 ^ _117206_/QN (DFFASRHQNx1_ASAP7_75t_R)
  32.92  129.69 v _079487_/Y (NOR2x2_ASAP7_75t_R)
  19.26  148.95 ^ _079488_/Y (NAND2x1_ASAP7_75t_R)
  29.15  178.10 ^ _079491_/Y (AO21x1_ASAP7_75t_R)
  26.24  204.34 ^ _079492_/Y (BUFx6f_ASAP7_75t_R)
  18.83  223.17 v _079758_/Y (NAND2x2_ASAP7_75t_R)
  20.23  243.40 ^ _081361_/Y (NOR2x2_ASAP7_75t_R)
  36.25  279.65 ^ _081362_/Y (BUFx3_ASAP7_75t_R)
  32.27  311.92 ^ _081363_/Y (BUFx4f_ASAP7_75t_R)
  21.80  333.72 ^ _089589_/Y (OR3x1_ASAP7_75t_R)
  29.01  362.73 ^ _089590_/Y (BUFx3_ASAP7_75t_R)
  33.80  396.53 ^ _089591_/Y (BUFx3_ASAP7_75t_R)
  12.75  409.28 v _089592_/Y (NAND2x1_ASAP7_75t_R)
  23.40  432.68 v _089593_/Y (OA21x2_ASAP7_75t_R)
   0.00  432.68 v _111111_/D (DFFHQNx1_ASAP7_75t_R)
         432.68   data arrival time

   0.00    0.00   clock clk (rise edge)
   0.00    0.00   clock network delay (ideal)
   0.00    0.00   clock reconvergence pessimism
           0.00 ^ _111111_/CLK (DFFHQNx1_ASAP7_75t_R)
  14.30   14.30   library hold time
          14.30   data required time
---------------------------------------------------------
          14.30   data required time
        -432.68   data arrival time
---------------------------------------------------------
         418.38   slack (MET)


Startpoint: _117206_ (rising edge-triggered flip-flop clocked by clk)
Endpoint: _111159_ (rising edge-triggered flip-flop clocked by clk)
Path Group: clk
Path Type: min

  Delay    Time   Description
---------------------------------------------------------
   0.00    0.00   clock clk (rise edge)
   0.00    0.00   clock network delay (ideal)
   0.00    0.00 ^ _117206_/CLK (DFFASRHQNx1_ASAP7_75t_R)
  96.77   96.77 ^ _117206_/QN (DFFASRHQNx1_ASAP7_75t_R)
  32.92  129.69 v _079487_/Y (NOR2x2_ASAP7_75t_R)
  19.26  148.95 ^ _079488_/Y (NAND2x1_ASAP7_75t_R)
  29.15  178.10 ^ _079491_/Y (AO21x1_ASAP7_75t_R)
  26.24  204.34 ^ _079492_/Y (BUFx6f_ASAP7_75t_R)
  18.83  223.17 v _079758_/Y (NAND2x2_ASAP7_75t_R)
  20.23  243.40 ^ _081361_/Y (NOR2x2_ASAP7_75t_R)
  36.25  279.65 ^ _081362_/Y (BUFx3_ASAP7_75t_R)
  32.27  311.92 ^ _081363_/Y (BUFx4f_ASAP7_75t_R)
  21.80  333.72 ^ _089710_/Y (OR3x1_ASAP7_75t_R)
  29.01  362.73 ^ _089711_/Y (BUFx3_ASAP7_75t_R)
  33.80  396.53 ^ _089712_/Y (BUFx3_ASAP7_75t_R)
  12.75  409.28 v _089713_/Y (NAND2x1_ASAP7_75t_R)
  23.40  432.68 v _089714_/Y (OA21x2_ASAP7_75t_R)
   0.00  432.68 v _111159_/D (DFFHQNx1_ASAP7_75t_R)
         432.68   data arrival time

   0.00    0.00   clock clk (rise edge)
   0.00    0.00   clock network delay (ideal)
   0.00    0.00   clock reconvergence pessimism
           0.00 ^ _111159_/CLK (DFFHQNx1_ASAP7_75t_R)
  14.30   14.30   library hold time
          14.30   data required time
---------------------------------------------------------
          14.30   data required time
        -432.68   data arrival time
---------------------------------------------------------
         418.38   slack (MET)


Startpoint: _117206_ (rising edge-triggered flip-flop clocked by clk)
Endpoint: _111239_ (rising edge-triggered flip-flop clocked by clk)
Path Group: clk
Path Type: min

  Delay    Time   Description
---------------------------------------------------------
   0.00    0.00   clock clk (rise edge)
   0.00    0.00   clock network delay (ideal)
   0.00    0.00 ^ _117206_/CLK (DFFASRHQNx1_ASAP7_75t_R)
  96.77   96.77 ^ _117206_/QN (DFFASRHQNx1_ASAP7_75t_R)
  32.92  129.69 v _079487_/Y (NOR2x2_ASAP7_75t_R)
  19.26  148.95 ^ _079488_/Y (NAND2x1_ASAP7_75t_R)
  29.15  178.10 ^ _079491_/Y (AO21x1_ASAP7_75t_R)
  26.24  204.34 ^ _079492_/Y (BUFx6f_ASAP7_75t_R)
  18.83  223.17 v _079758_/Y (NAND2x2_ASAP7_75t_R)
  20.23  243.40 ^ _081361_/Y (NOR2x2_ASAP7_75t_R)
  36.25  279.65 ^ _081362_/Y (BUFx3_ASAP7_75t_R)
  32.27  311.92 ^ _081363_/Y (BUFx4f_ASAP7_75t_R)
  21.80  333.72 ^ _089906_/Y (OR3x1_ASAP7_75t_R)
  29.01  362.73 ^ _089907_/Y (BUFx3_ASAP7_75t_R)
  33.80  396.53 ^ _089908_/Y (BUFx3_ASAP7_75t_R)
  12.75  409.28 v _089909_/Y (NAND2x1_ASAP7_75t_R)
  23.40  432.68 v _089910_/Y (OA21x2_ASAP7_75t_R)
   0.00  432.68 v _111239_/D (DFFHQNx1_ASAP7_75t_R)
         432.68   data arrival time

   0.00    0.00   clock clk (rise edge)
   0.00    0.00   clock network delay (ideal)
   0.00    0.00   clock reconvergence pessimism
           0.00 ^ _111239_/CLK (DFFHQNx1_ASAP7_75t_R)
  14.30   14.30   library hold time
          14.30   data required time
---------------------------------------------------------
          14.30   data required time
        -432.68   data arrival time
---------------------------------------------------------
         418.38   slack (MET)


Startpoint: _117206_ (rising edge-triggered flip-flop clocked by clk)
Endpoint: _114497_ (rising edge-triggered flip-flop clocked by clk)
Path Group: clk
Path Type: min

  Delay    Time   Description
---------------------------------------------------------
   0.00    0.00   clock clk (rise edge)
   0.00    0.00   clock network delay (ideal)
   0.00    0.00 ^ _117206_/CLK (DFFASRHQNx1_ASAP7_75t_R)
  96.77   96.77 ^ _117206_/QN (DFFASRHQNx1_ASAP7_75t_R)
  32.92  129.69 v _079487_/Y (NOR2x2_ASAP7_75t_R)
  19.26  148.95 ^ _079488_/Y (NAND2x1_ASAP7_75t_R)
  29.15  178.10 ^ _079491_/Y (AO21x1_ASAP7_75t_R)
  26.24  204.34 ^ _079492_/Y (BUFx6f_ASAP7_75t_R)
  18.83  223.17 v _079758_/Y (NAND2x2_ASAP7_75t_R)
  20.23  243.40 ^ _081361_/Y (NOR2x2_ASAP7_75t_R)
  36.25  279.65 ^ _081362_/Y (BUFx3_ASAP7_75t_R)
  32.27  311.92 ^ _081363_/Y (BUFx4f_ASAP7_75t_R)
  21.80  333.72 ^ _097748_/Y (OR3x1_ASAP7_75t_R)
  29.01  362.73 ^ _097749_/Y (BUFx3_ASAP7_75t_R)
  33.80  396.53 ^ _097750_/Y (BUFx3_ASAP7_75t_R)
  12.75  409.28 v _097751_/Y (NAND2x1_ASAP7_75t_R)
  23.40  432.68 v _097752_/Y (OA21x2_ASAP7_75t_R)
   0.00  432.68 v _114497_/D (DFFHQNx1_ASAP7_75t_R)
         432.68   data arrival time

   0.00    0.00   clock clk (rise edge)
   0.00    0.00   clock network delay (ideal)
   0.00    0.00   clock reconvergence pessimism
           0.00 ^ _114497_/CLK (DFFHQNx1_ASAP7_75t_R)
  14.30   14.30   library hold time
          14.30   data required time
---------------------------------------------------------
          14.30   data required time
        -432.68   data arrival time
---------------------------------------------------------
         418.38   slack (MET)


Startpoint: _117206_ (rising edge-triggered flip-flop clocked by clk)
Endpoint: _114529_ (rising edge-triggered flip-flop clocked by clk)
Path Group: clk
Path Type: min

  Delay    Time   Description
---------------------------------------------------------
   0.00    0.00   clock clk (rise edge)
   0.00    0.00   clock network delay (ideal)
   0.00    0.00 ^ _117206_/CLK (DFFASRHQNx1_ASAP7_75t_R)
  96.77   96.77 ^ _117206_/QN (DFFASRHQNx1_ASAP7_75t_R)
  32.92  129.69 v _079487_/Y (NOR2x2_ASAP7_75t_R)
  19.26  148.95 ^ _079488_/Y (NAND2x1_ASAP7_75t_R)
  29.15  178.10 ^ _079491_/Y (AO21x1_ASAP7_75t_R)
  26.24  204.34 ^ _079492_/Y (BUFx6f_ASAP7_75t_R)
  18.83  223.17 v _079758_/Y (NAND2x2_ASAP7_75t_R)
  20.23  243.40 ^ _081361_/Y (NOR2x2_ASAP7_75t_R)
  36.25  279.65 ^ _081362_/Y (BUFx3_ASAP7_75t_R)
  32.27  311.92 ^ _081363_/Y (BUFx4f_ASAP7_75t_R)
  21.80  333.72 ^ _097824_/Y (OR3x1_ASAP7_75t_R)
  29.01  362.73 ^ _097825_/Y (BUFx3_ASAP7_75t_R)
  33.80  396.53 ^ _097826_/Y (BUFx3_ASAP7_75t_R)
  12.75  409.28 v _097827_/Y (NAND2x1_ASAP7_75t_R)
  23.40  432.68 v _097828_/Y (OA21x2_ASAP7_75t_R)
   0.00  432.68 v _114529_/D (DFFHQNx1_ASAP7_75t_R)
         432.68   data arrival time

   0.00    0.00   clock clk (rise edge)
   0.00    0.00   clock network delay (ideal)
   0.00    0.00   clock reconvergence pessimism
           0.00 ^ _114529_/CLK (DFFHQNx1_ASAP7_75t_R)
  14.30   14.30   library hold time
          14.30   data required time
---------------------------------------------------------
          14.30   data required time
        -432.68   data arrival time
---------------------------------------------------------
         418.38   slack (MET)


Startpoint: _117206_ (rising edge-triggered flip-flop clocked by clk)
Endpoint: _114561_ (rising edge-triggered flip-flop clocked by clk)
Path Group: clk
Path Type: min

  Delay    Time   Description
---------------------------------------------------------
   0.00    0.00   clock clk (rise edge)
   0.00    0.00   clock network delay (ideal)
   0.00    0.00 ^ _117206_/CLK (DFFASRHQNx1_ASAP7_75t_R)
  96.77   96.77 ^ _117206_/QN (DFFASRHQNx1_ASAP7_75t_R)
  32.92  129.69 v _079487_/Y (NOR2x2_ASAP7_75t_R)
  19.26  148.95 ^ _079488_/Y (NAND2x1_ASAP7_75t_R)
  29.15  178.10 ^ _079491_/Y (AO21x1_ASAP7_75t_R)
  26.24  204.34 ^ _079492_/Y (BUFx6f_ASAP7_75t_R)
  18.83  223.17 v _079758_/Y (NAND2x2_ASAP7_75t_R)
  20.23  243.40 ^ _081361_/Y (NOR2x2_ASAP7_75t_R)
  36.25  279.65 ^ _081362_/Y (BUFx3_ASAP7_75t_R)
  32.27  311.92 ^ _081363_/Y (BUFx4f_ASAP7_75t_R)
  21.80  333.72 ^ _097900_/Y (OR3x1_ASAP7_75t_R)
  29.01  362.73 ^ _097901_/Y (BUFx3_ASAP7_75t_R)
  33.80  396.53 ^ _097902_/Y (BUFx3_ASAP7_75t_R)
  12.75  409.28 v _097903_/Y (NAND2x1_ASAP7_75t_R)
  23.40  432.68 v _097904_/Y (OA21x2_ASAP7_75t_R)
   0.00  432.68 v _114561_/D (DFFHQNx1_ASAP7_75t_R)
         432.68   data arrival time

   0.00    0.00   clock clk (rise edge)
   0.00    0.00   clock network delay (ideal)
   0.00    0.00   clock reconvergence pessimism
           0.00 ^ _114561_/CLK (DFFHQNx1_ASAP7_75t_R)
  14.30   14.30   library hold time
          14.30   data required time
---------------------------------------------------------
          14.30   data required time
        -432.68   data arrival time
---------------------------------------------------------
         418.38   slack (MET)


Startpoint: _117206_ (rising edge-triggered flip-flop clocked by clk)
Endpoint: _114577_ (rising edge-triggered flip-flop clocked by clk)
Path Group: clk
Path Type: min

  Delay    Time   Description
---------------------------------------------------------
   0.00    0.00   clock clk (rise edge)
   0.00    0.00   clock network delay (ideal)
   0.00    0.00 ^ _117206_/CLK (DFFASRHQNx1_ASAP7_75t_R)
  96.77   96.77 ^ _117206_/QN (DFFASRHQNx1_ASAP7_75t_R)
  32.92  129.69 v _079487_/Y (NOR2x2_ASAP7_75t_R)
  19.26  148.95 ^ _079488_/Y (NAND2x1_ASAP7_75t_R)
  29.15  178.10 ^ _079491_/Y (AO21x1_ASAP7_75t_R)
  26.24  204.34 ^ _079492_/Y (BUFx6f_ASAP7_75t_R)
  18.83  223.17 v _079758_/Y (NAND2x2_ASAP7_75t_R)
  20.23  243.40 ^ _081361_/Y (NOR2x2_ASAP7_75t_R)
  36.25  279.65 ^ _081362_/Y (BUFx3_ASAP7_75t_R)
  32.27  311.92 ^ _081363_/Y (BUFx4f_ASAP7_75t_R)
  21.80  333.72 ^ _097938_/Y (OR3x1_ASAP7_75t_R)
  29.01  362.73 ^ _097939_/Y (BUFx3_ASAP7_75t_R)
  33.80  396.53 ^ _097940_/Y (BUFx3_ASAP7_75t_R)
  12.75  409.28 v _097941_/Y (NAND2x1_ASAP7_75t_R)
  23.40  432.68 v _097942_/Y (OA21x2_ASAP7_75t_R)
   0.00  432.68 v _114577_/D (DFFHQNx1_ASAP7_75t_R)
         432.68   data arrival time

   0.00    0.00   clock clk (rise edge)
   0.00    0.00   clock network delay (ideal)
   0.00    0.00   clock reconvergence pessimism
           0.00 ^ _114577_/CLK (DFFHQNx1_ASAP7_75t_R)
  14.30   14.30   library hold time
          14.30   data required time
---------------------------------------------------------
          14.30   data required time
        -432.68   data arrival time
---------------------------------------------------------
         418.38   slack (MET)


Startpoint: _117206_ (rising edge-triggered flip-flop clocked by clk)
Endpoint: _108119_ (rising edge-triggered flip-flop clocked by clk)
Path Group: clk
Path Type: min

  Delay    Time   Description
---------------------------------------------------------
   0.00    0.00   clock clk (rise edge)
   0.00    0.00   clock network delay (ideal)
   0.00    0.00 ^ _117206_/CLK (DFFASRHQNx1_ASAP7_75t_R)
  96.77   96.77 ^ _117206_/QN (DFFASRHQNx1_ASAP7_75t_R)
  32.92  129.69 v _079487_/Y (NOR2x2_ASAP7_75t_R)
  19.26  148.95 ^ _079488_/Y (NAND2x1_ASAP7_75t_R)
  29.15  178.10 ^ _079491_/Y (AO21x1_ASAP7_75t_R)
  26.24  204.34 ^ _079492_/Y (BUFx6f_ASAP7_75t_R)
  18.83  223.17 v _079758_/Y (NAND2x2_ASAP7_75t_R)
  20.23  243.40 ^ _081361_/Y (NOR2x2_ASAP7_75t_R)
  36.25  279.65 ^ _081362_/Y (BUFx3_ASAP7_75t_R)
  32.27  311.92 ^ _081837_/Y (BUFx4f_ASAP7_75t_R)
  21.80  333.72 ^ _082070_/Y (OR3x1_ASAP7_75t_R)
  29.01  362.73 ^ _082071_/Y (BUFx3_ASAP7_75t_R)
  33.80  396.53 ^ _082072_/Y (BUFx3_ASAP7_75t_R)
  12.75  409.28 v _082073_/Y (NAND2x1_ASAP7_75t_R)
  23.40  432.68 v _082074_/Y (OA21x2_ASAP7_75t_R)
   0.00  432.68 v _108119_/D (DFFHQNx1_ASAP7_75t_R)
         432.68   data arrival time

   0.00    0.00   clock clk (rise edge)
   0.00    0.00   clock network delay (ideal)
   0.00    0.00   clock reconvergence pessimism
           0.00 ^ _108119_/CLK (DFFHQNx1_ASAP7_75t_R)
  14.30   14.30   library hold time
          14.30   data required time
---------------------------------------------------------
          14.30   data required time
        -432.68   data arrival time
---------------------------------------------------------
         418.38   slack (MET)


Startpoint: _117206_ (rising edge-triggered flip-flop clocked by clk)
Endpoint: _108120_ (rising edge-triggered flip-flop clocked by clk)
Path Group: clk
Path Type: min

  Delay    Time   Description
---------------------------------------------------------
   0.00    0.00   clock clk (rise edge)
   0.00    0.00   clock network delay (ideal)
   0.00    0.00 ^ _117206_/CLK (DFFASRHQNx1_ASAP7_75t_R)
  96.77   96.77 ^ _117206_/QN (DFFASRHQNx1_ASAP7_75t_R)
  32.92  129.69 v _079487_/Y (NOR2x2_ASAP7_75t_R)
  19.26  148.95 ^ _079488_/Y (NAND2x1_ASAP7_75t_R)
  29.15  178.10 ^ _079491_/Y (AO21x1_ASAP7_75t_R)
  26.24  204.34 ^ _079492_/Y (BUFx6f_ASAP7_75t_R)
  18.83  223.17 v _079758_/Y (NAND2x2_ASAP7_75t_R)
  20.23  243.40 ^ _081361_/Y (NOR2x2_ASAP7_75t_R)
  36.25  279.65 ^ _081362_/Y (BUFx3_ASAP7_75t_R)
  32.27  311.92 ^ _081837_/Y (BUFx4f_ASAP7_75t_R)
  21.80  333.72 ^ _082070_/Y (OR3x1_ASAP7_75t_R)
  29.01  362.73 ^ _082071_/Y (BUFx3_ASAP7_75t_R)
  33.80  396.53 ^ _082072_/Y (BUFx3_ASAP7_75t_R)
  12.75  409.28 v _082075_/Y (NAND2x1_ASAP7_75t_R)
  23.40  432.68 v _082076_/Y (OA21x2_ASAP7_75t_R)
   0.00  432.68 v _108120_/D (DFFHQNx1_ASAP7_75t_R)
         432.68   data arrival time

   0.00    0.00   clock clk (rise edge)
   0.00    0.00   clock network delay (ideal)
   0.00    0.00   clock reconvergence pessimism
           0.00 ^ _108120_/CLK (DFFHQNx1_ASAP7_75t_R)
  14.30   14.30   library hold time
          14.30   data required time
---------------------------------------------------------
          14.30   data required time
        -432.68   data arrival time
---------------------------------------------------------
         418.38   slack (MET)


Startpoint: _117206_ (rising edge-triggered flip-flop clocked by clk)
Endpoint: _108168_ (rising edge-triggered flip-flop clocked by clk)
Path Group: clk
Path Type: min

  Delay    Time   Description
---------------------------------------------------------
   0.00    0.00   clock clk (rise edge)
   0.00    0.00   clock network delay (ideal)
   0.00    0.00 ^ _117206_/CLK (DFFASRHQNx1_ASAP7_75t_R)
  96.77   96.77 ^ _117206_/QN (DFFASRHQNx1_ASAP7_75t_R)
  32.92  129.69 v _079487_/Y (NOR2x2_ASAP7_75t_R)
  19.26  148.95 ^ _079488_/Y (NAND2x1_ASAP7_75t_R)
  29.15  178.10 ^ _079491_/Y (AO21x1_ASAP7_75t_R)
  26.24  204.34 ^ _079492_/Y (BUFx6f_ASAP7_75t_R)
  18.83  223.17 v _079758_/Y (NAND2x2_ASAP7_75t_R)
  20.23  243.40 ^ _081361_/Y (NOR2x2_ASAP7_75t_R)
  36.25  279.65 ^ _081362_/Y (BUFx3_ASAP7_75t_R)
  32.27  311.92 ^ _081837_/Y (BUFx4f_ASAP7_75t_R)
  21.80  333.72 ^ _082189_/Y (OR3x1_ASAP7_75t_R)
  29.01  362.73 ^ _082190_/Y (BUFx3_ASAP7_75t_R)
  33.80  396.53 ^ _082191_/Y (BUFx3_ASAP7_75t_R)
  12.75  409.28 v _082194_/Y (NAND2x1_ASAP7_75t_R)
  23.40  432.68 v _082195_/Y (OA21x2_ASAP7_75t_R)
   0.00  432.68 v _108168_/D (DFFHQNx1_ASAP7_75t_R)
         432.68   data arrival time

   0.00    0.00   clock clk (rise edge)
   0.00    0.00   clock network delay (ideal)
   0.00    0.00   clock reconvergence pessimism
           0.00 ^ _108168_/CLK (DFFHQNx1_ASAP7_75t_R)
  14.30   14.30   library hold time
          14.30   data required time
---------------------------------------------------------
          14.30   data required time
        -432.68   data arrival time
---------------------------------------------------------
         418.38   slack (MET)


Startpoint: _117206_ (rising edge-triggered flip-flop clocked by clk)
Endpoint: _110071_ (rising edge-triggered flip-flop clocked by clk)
Path Group: clk
Path Type: min

  Delay    Time   Description
---------------------------------------------------------
   0.00    0.00   clock clk (rise edge)
   0.00    0.00   clock network delay (ideal)
   0.00    0.00 ^ _117206_/CLK (DFFASRHQNx1_ASAP7_75t_R)
  96.77   96.77 ^ _117206_/QN (DFFASRHQNx1_ASAP7_75t_R)
  32.92  129.69 v _079487_/Y (NOR2x2_ASAP7_75t_R)
  19.26  148.95 ^ _079488_/Y (NAND2x1_ASAP7_75t_R)
  29.15  178.10 ^ _079491_/Y (AO21x1_ASAP7_75t_R)
  26.24  204.34 ^ _079492_/Y (BUFx6f_ASAP7_75t_R)
  18.83  223.17 v _079758_/Y (NAND2x2_ASAP7_75t_R)
  20.23  243.40 ^ _081361_/Y (NOR2x2_ASAP7_75t_R)
  36.25  279.65 ^ _081362_/Y (BUFx3_ASAP7_75t_R)
  32.27  311.92 ^ _081837_/Y (BUFx4f_ASAP7_75t_R)
  21.80  333.72 ^ _086984_/Y (OR3x1_ASAP7_75t_R)
  29.01  362.73 ^ _086985_/Y (BUFx3_ASAP7_75t_R)
  33.80  396.53 ^ _086986_/Y (BUFx3_ASAP7_75t_R)
  12.75  409.28 v _086987_/Y (NAND2x1_ASAP7_75t_R)
  23.40  432.68 v _086988_/Y (OA21x2_ASAP7_75t_R)
   0.00  432.68 v _110071_/D (DFFHQNx1_ASAP7_75t_R)
         432.68   data arrival time

   0.00    0.00   clock clk (rise edge)
   0.00    0.00   clock network delay (ideal)
   0.00    0.00   clock reconvergence pessimism
           0.00 ^ _110071_/CLK (DFFHQNx1_ASAP7_75t_R)
  14.30   14.30   library hold time
          14.30   data required time
---------------------------------------------------------
          14.30   data required time
        -432.68   data arrival time
---------------------------------------------------------
         418.38   slack (MET)


Startpoint: _117206_ (rising edge-triggered flip-flop clocked by clk)
Endpoint: _110072_ (rising edge-triggered flip-flop clocked by clk)
Path Group: clk
Path Type: min

  Delay    Time   Description
---------------------------------------------------------
   0.00    0.00   clock clk (rise edge)
   0.00    0.00   clock network delay (ideal)
   0.00    0.00 ^ _117206_/CLK (DFFASRHQNx1_ASAP7_75t_R)
  96.77   96.77 ^ _117206_/QN (DFFASRHQNx1_ASAP7_75t_R)
  32.92  129.69 v _079487_/Y (NOR2x2_ASAP7_75t_R)
  19.26  148.95 ^ _079488_/Y (NAND2x1_ASAP7_75t_R)
  29.15  178.10 ^ _079491_/Y (AO21x1_ASAP7_75t_R)
  26.24  204.34 ^ _079492_/Y (BUFx6f_ASAP7_75t_R)
  18.83  223.17 v _079758_/Y (NAND2x2_ASAP7_75t_R)
  20.23  243.40 ^ _081361_/Y (NOR2x2_ASAP7_75t_R)
  36.25  279.65 ^ _081362_/Y (BUFx3_ASAP7_75t_R)
  32.27  311.92 ^ _081837_/Y (BUFx4f_ASAP7_75t_R)
  21.80  333.72 ^ _086984_/Y (OR3x1_ASAP7_75t_R)
  29.01  362.73 ^ _086985_/Y (BUFx3_ASAP7_75t_R)
  33.80  396.53 ^ _086986_/Y (BUFx3_ASAP7_75t_R)
  12.75  409.28 v _086989_/Y (NAND2x1_ASAP7_75t_R)
  23.40  432.68 v _086990_/Y (OA21x2_ASAP7_75t_R)
   0.00  432.68 v _110072_/D (DFFHQNx1_ASAP7_75t_R)
         432.68   data arrival time

   0.00    0.00   clock clk (rise edge)
   0.00    0.00   clock network delay (ideal)
   0.00    0.00   clock reconvergence pessimism
           0.00 ^ _110072_/CLK (DFFHQNx1_ASAP7_75t_R)
  14.30   14.30   library hold time
          14.30   data required time
---------------------------------------------------------
          14.30   data required time
        -432.68   data arrival time
---------------------------------------------------------
         418.38   slack (MET)


Startpoint: _117206_ (rising edge-triggered flip-flop clocked by clk)
Endpoint: _110087_ (rising edge-triggered flip-flop clocked by clk)
Path Group: clk
Path Type: min

  Delay    Time   Description
---------------------------------------------------------
   0.00    0.00   clock clk (rise edge)
   0.00    0.00   clock network delay (ideal)
   0.00    0.00 ^ _117206_/CLK (DFFASRHQNx1_ASAP7_75t_R)
  96.77   96.77 ^ _117206_/QN (DFFASRHQNx1_ASAP7_75t_R)
  32.92  129.69 v _079487_/Y (NOR2x2_ASAP7_75t_R)
  19.26  148.95 ^ _079488_/Y (NAND2x1_ASAP7_75t_R)
  29.15  178.10 ^ _079491_/Y (AO21x1_ASAP7_75t_R)
  26.24  204.34 ^ _079492_/Y (BUFx6f_ASAP7_75t_R)
  18.83  223.17 v _079758_/Y (NAND2x2_ASAP7_75t_R)
  20.23  243.40 ^ _081361_/Y (NOR2x2_ASAP7_75t_R)
  36.25  279.65 ^ _081362_/Y (BUFx3_ASAP7_75t_R)
  32.27  311.92 ^ _081837_/Y (BUFx4f_ASAP7_75t_R)
  21.80  333.72 ^ _087025_/Y (OR3x1_ASAP7_75t_R)
  29.01  362.73 ^ _087026_/Y (BUFx3_ASAP7_75t_R)
  33.80  396.53 ^ _087027_/Y (BUFx3_ASAP7_75t_R)
  12.75  409.28 v _087028_/Y (NAND2x1_ASAP7_75t_R)
  23.40  432.68 v _087029_/Y (OA21x2_ASAP7_75t_R)
   0.00  432.68 v _110087_/D (DFFHQNx1_ASAP7_75t_R)
         432.68   data arrival time

   0.00    0.00   clock clk (rise edge)
   0.00    0.00   clock network delay (ideal)
   0.00    0.00   clock reconvergence pessimism
           0.00 ^ _110087_/CLK (DFFHQNx1_ASAP7_75t_R)
  14.30   14.30   library hold time
          14.30   data required time
---------------------------------------------------------
          14.30   data required time
        -432.68   data arrival time
---------------------------------------------------------
         418.38   slack (MET)


Startpoint: _117206_ (rising edge-triggered flip-flop clocked by clk)
Endpoint: _110088_ (rising edge-triggered flip-flop clocked by clk)
Path Group: clk
Path Type: min

  Delay    Time   Description
---------------------------------------------------------
   0.00    0.00   clock clk (rise edge)
   0.00    0.00   clock network delay (ideal)
   0.00    0.00 ^ _117206_/CLK (DFFASRHQNx1_ASAP7_75t_R)
  96.77   96.77 ^ _117206_/QN (DFFASRHQNx1_ASAP7_75t_R)
  32.92  129.69 v _079487_/Y (NOR2x2_ASAP7_75t_R)
  19.26  148.95 ^ _079488_/Y (NAND2x1_ASAP7_75t_R)
  29.15  178.10 ^ _079491_/Y (AO21x1_ASAP7_75t_R)
  26.24  204.34 ^ _079492_/Y (BUFx6f_ASAP7_75t_R)
  18.83  223.17 v _079758_/Y (NAND2x2_ASAP7_75t_R)
  20.23  243.40 ^ _081361_/Y (NOR2x2_ASAP7_75t_R)
  36.25  279.65 ^ _081362_/Y (BUFx3_ASAP7_75t_R)
  32.27  311.92 ^ _081837_/Y (BUFx4f_ASAP7_75t_R)
  21.80  333.72 ^ _087025_/Y (OR3x1_ASAP7_75t_R)
  29.01  362.73 ^ _087026_/Y (BUFx3_ASAP7_75t_R)
  33.80  396.53 ^ _087027_/Y (BUFx3_ASAP7_75t_R)
  12.75  409.28 v _087030_/Y (NAND2x1_ASAP7_75t_R)
  23.40  432.68 v _087031_/Y (OA21x2_ASAP7_75t_R)
   0.00  432.68 v _110088_/D (DFFHQNx1_ASAP7_75t_R)
         432.68   data arrival time

   0.00    0.00   clock clk (rise edge)
   0.00    0.00   clock network delay (ideal)
   0.00    0.00   clock reconvergence pessimism
           0.00 ^ _110088_/CLK (DFFHQNx1_ASAP7_75t_R)
  14.30   14.30   library hold time
          14.30   data required time
---------------------------------------------------------
          14.30   data required time
        -432.68   data arrival time
---------------------------------------------------------
         418.38   slack (MET)


Startpoint: _117206_ (rising edge-triggered flip-flop clocked by clk)
Endpoint: _110135_ (rising edge-triggered flip-flop clocked by clk)
Path Group: clk
Path Type: min

  Delay    Time   Description
---------------------------------------------------------
   0.00    0.00   clock clk (rise edge)
   0.00    0.00   clock network delay (ideal)
   0.00    0.00 ^ _117206_/CLK (DFFASRHQNx1_ASAP7_75t_R)
  96.77   96.77 ^ _117206_/QN (DFFASRHQNx1_ASAP7_75t_R)
  32.92  129.69 v _079487_/Y (NOR2x2_ASAP7_75t_R)
  19.26  148.95 ^ _079488_/Y (NAND2x1_ASAP7_75t_R)
  29.15  178.10 ^ _079491_/Y (AO21x1_ASAP7_75t_R)
  26.24  204.34 ^ _079492_/Y (BUFx6f_ASAP7_75t_R)
  18.83  223.17 v _079758_/Y (NAND2x2_ASAP7_75t_R)
  20.23  243.40 ^ _081361_/Y (NOR2x2_ASAP7_75t_R)
  36.25  279.65 ^ _081362_/Y (BUFx3_ASAP7_75t_R)
  32.27  311.92 ^ _081837_/Y (BUFx4f_ASAP7_75t_R)
  21.80  333.72 ^ _087144_/Y (OR3x1_ASAP7_75t_R)
  29.01  362.73 ^ _087145_/Y (BUFx3_ASAP7_75t_R)
  33.80  396.53 ^ _087146_/Y (BUFx3_ASAP7_75t_R)
  12.75  409.28 v _087147_/Y (NAND2x1_ASAP7_75t_R)
  23.40  432.68 v _087148_/Y (OA21x2_ASAP7_75t_R)
   0.00  432.68 v _110135_/D (DFFHQNx1_ASAP7_75t_R)
         432.68   data arrival time

   0.00    0.00   clock clk (rise edge)
   0.00    0.00   clock network delay (ideal)
   0.00    0.00   clock reconvergence pessimism
           0.00 ^ _110135_/CLK (DFFHQNx1_ASAP7_75t_R)
  14.30   14.30   library hold time
          14.30   data required time
---------------------------------------------------------
          14.30   data required time
        -432.68   data arrival time
---------------------------------------------------------
         418.38   slack (MET)


Startpoint: _117206_ (rising edge-triggered flip-flop clocked by clk)
Endpoint: _110136_ (rising edge-triggered flip-flop clocked by clk)
Path Group: clk
Path Type: min

  Delay    Time   Description
---------------------------------------------------------
   0.00    0.00   clock clk (rise edge)
   0.00    0.00   clock network delay (ideal)
   0.00    0.00 ^ _117206_/CLK (DFFASRHQNx1_ASAP7_75t_R)
  96.77   96.77 ^ _117206_/QN (DFFASRHQNx1_ASAP7_75t_R)
  32.92  129.69 v _079487_/Y (NOR2x2_ASAP7_75t_R)
  19.26  148.95 ^ _079488_/Y (NAND2x1_ASAP7_75t_R)
  29.15  178.10 ^ _079491_/Y (AO21x1_ASAP7_75t_R)
  26.24  204.34 ^ _079492_/Y (BUFx6f_ASAP7_75t_R)
  18.83  223.17 v _079758_/Y (NAND2x2_ASAP7_75t_R)
  20.23  243.40 ^ _081361_/Y (NOR2x2_ASAP7_75t_R)
  36.25  279.65 ^ _081362_/Y (BUFx3_ASAP7_75t_R)
  32.27  311.92 ^ _081837_/Y (BUFx4f_ASAP7_75t_R)
  21.80  333.72 ^ _087144_/Y (OR3x1_ASAP7_75t_R)
  29.01  362.73 ^ _087145_/Y (BUFx3_ASAP7_75t_R)
  33.80  396.53 ^ _087146_/Y (BUFx3_ASAP7_75t_R)
  12.75  409.28 v _087149_/Y (NAND2x1_ASAP7_75t_R)
  23.40  432.68 v _087150_/Y (OA21x2_ASAP7_75t_R)
   0.00  432.68 v _110136_/D (DFFHQNx1_ASAP7_75t_R)
         432.68   data arrival time

   0.00    0.00   clock clk (rise edge)
   0.00    0.00   clock network delay (ideal)
   0.00    0.00   clock reconvergence pessimism
           0.00 ^ _110136_/CLK (DFFHQNx1_ASAP7_75t_R)
  14.30   14.30   library hold time
          14.30   data required time
---------------------------------------------------------
          14.30   data required time
        -432.68   data arrival time
---------------------------------------------------------
         418.38   slack (MET)


Startpoint: _117206_ (rising edge-triggered flip-flop clocked by clk)
Endpoint: _110535_ (rising edge-triggered flip-flop clocked by clk)
Path Group: clk
Path Type: min

  Delay    Time   Description
---------------------------------------------------------
   0.00    0.00   clock clk (rise edge)
   0.00    0.00   clock network delay (ideal)
   0.00    0.00 ^ _117206_/CLK (DFFASRHQNx1_ASAP7_75t_R)
  96.77   96.77 ^ _117206_/QN (DFFASRHQNx1_ASAP7_75t_R)
  32.92  129.69 v _079487_/Y (NOR2x2_ASAP7_75t_R)
  19.26  148.95 ^ _079488_/Y (NAND2x1_ASAP7_75t_R)
  29.15  178.10 ^ _079491_/Y (AO21x1_ASAP7_75t_R)
  26.24  204.34 ^ _079492_/Y (BUFx6f_ASAP7_75t_R)
  18.83  223.17 v _079758_/Y (NAND2x2_ASAP7_75t_R)
  20.23  243.40 ^ _081361_/Y (NOR2x2_ASAP7_75t_R)
  36.25  279.65 ^ _081362_/Y (BUFx3_ASAP7_75t_R)
  32.27  311.92 ^ _081837_/Y (BUFx4f_ASAP7_75t_R)
  21.80  333.72 ^ _088147_/Y (OR3x1_ASAP7_75t_R)
  29.01  362.73 ^ _088148_/Y (BUFx3_ASAP7_75t_R)
  33.80  396.53 ^ _088149_/Y (BUFx3_ASAP7_75t_R)
  12.75  409.28 v _088150_/Y (NAND2x1_ASAP7_75t_R)
  23.40  432.68 v _088151_/Y (OA21x2_ASAP7_75t_R)
   0.00  432.68 v _110535_/D (DFFHQNx1_ASAP7_75t_R)
         432.68   data arrival time

   0.00    0.00   clock clk (rise edge)
   0.00    0.00   clock network delay (ideal)
   0.00    0.00   clock reconvergence pessimism
           0.00 ^ _110535_/CLK (DFFHQNx1_ASAP7_75t_R)
  14.30   14.30   library hold time
          14.30   data required time
---------------------------------------------------------
          14.30   data required time
        -432.68   data arrival time
---------------------------------------------------------
         418.38   slack (MET)


Startpoint: _117206_ (rising edge-triggered flip-flop clocked by clk)
Endpoint: _110536_ (rising edge-triggered flip-flop clocked by clk)
Path Group: clk
Path Type: min

  Delay    Time   Description
---------------------------------------------------------
   0.00    0.00   clock clk (rise edge)
   0.00    0.00   clock network delay (ideal)
   0.00    0.00 ^ _117206_/CLK (DFFASRHQNx1_ASAP7_75t_R)
  96.77   96.77 ^ _117206_/QN (DFFASRHQNx1_ASAP7_75t_R)
  32.92  129.69 v _079487_/Y (NOR2x2_ASAP7_75t_R)
  19.26  148.95 ^ _079488_/Y (NAND2x1_ASAP7_75t_R)
  29.15  178.10 ^ _079491_/Y (AO21x1_ASAP7_75t_R)
  26.24  204.34 ^ _079492_/Y (BUFx6f_ASAP7_75t_R)
  18.83  223.17 v _079758_/Y (NAND2x2_ASAP7_75t_R)
  20.23  243.40 ^ _081361_/Y (NOR2x2_ASAP7_75t_R)
  36.25  279.65 ^ _081362_/Y (BUFx3_ASAP7_75t_R)
  32.27  311.92 ^ _081837_/Y (BUFx4f_ASAP7_75t_R)
  21.80  333.72 ^ _088147_/Y (OR3x1_ASAP7_75t_R)
  29.01  362.73 ^ _088148_/Y (BUFx3_ASAP7_75t_R)
  33.80  396.53 ^ _088149_/Y (BUFx3_ASAP7_75t_R)
  12.75  409.28 v _088153_/Y (NAND2x1_ASAP7_75t_R)
  23.40  432.68 v _088154_/Y (OA21x2_ASAP7_75t_R)
   0.00  432.68 v _110536_/D (DFFHQNx1_ASAP7_75t_R)
         432.68   data arrival time

   0.00    0.00   clock clk (rise edge)
   0.00    0.00   clock network delay (ideal)
   0.00    0.00   clock reconvergence pessimism
           0.00 ^ _110536_/CLK (DFFHQNx1_ASAP7_75t_R)
  14.30   14.30   library hold time
          14.30   data required time
---------------------------------------------------------
          14.30   data required time
        -432.68   data arrival time
---------------------------------------------------------
         418.38   slack (MET)


Startpoint: _117206_ (rising edge-triggered flip-flop clocked by clk)
Endpoint: _110647_ (rising edge-triggered flip-flop clocked by clk)
Path Group: clk
Path Type: min

  Delay    Time   Description
---------------------------------------------------------
   0.00    0.00   clock clk (rise edge)
   0.00    0.00   clock network delay (ideal)
   0.00    0.00 ^ _117206_/CLK (DFFASRHQNx1_ASAP7_75t_R)
  96.77   96.77 ^ _117206_/QN (DFFASRHQNx1_ASAP7_75t_R)
  32.92  129.69 v _079487_/Y (NOR2x2_ASAP7_75t_R)
  19.26  148.95 ^ _079488_/Y (NAND2x1_ASAP7_75t_R)
  29.15  178.10 ^ _079491_/Y (AO21x1_ASAP7_75t_R)
  26.24  204.34 ^ _079492_/Y (BUFx6f_ASAP7_75t_R)
  18.83  223.17 v _079758_/Y (NAND2x2_ASAP7_75t_R)
  20.23  243.40 ^ _081361_/Y (NOR2x2_ASAP7_75t_R)
  36.25  279.65 ^ _081362_/Y (BUFx3_ASAP7_75t_R)
  32.27  311.92 ^ _081837_/Y (BUFx4f_ASAP7_75t_R)
  21.80  333.72 ^ _088429_/Y (OR3x1_ASAP7_75t_R)
  29.01  362.73 ^ _088430_/Y (BUFx3_ASAP7_75t_R)
  33.80  396.53 ^ _088431_/Y (BUFx3_ASAP7_75t_R)
  12.75  409.28 v _088432_/Y (NAND2x1_ASAP7_75t_R)
  23.40  432.68 v _088433_/Y (OA21x2_ASAP7_75t_R)
   0.00  432.68 v _110647_/D (DFFHQNx1_ASAP7_75t_R)
         432.68   data arrival time

   0.00    0.00   clock clk (rise edge)
   0.00    0.00   clock network delay (ideal)
   0.00    0.00   clock reconvergence pessimism
           0.00 ^ _110647_/CLK (DFFHQNx1_ASAP7_75t_R)
  14.30   14.30   library hold time
          14.30   data required time
---------------------------------------------------------
          14.30   data required time
        -432.68   data arrival time
---------------------------------------------------------
         418.38   slack (MET)


Startpoint: _117206_ (rising edge-triggered flip-flop clocked by clk)
Endpoint: _110648_ (rising edge-triggered flip-flop clocked by clk)
Path Group: clk
Path Type: min

  Delay    Time   Description
---------------------------------------------------------
   0.00    0.00   clock clk (rise edge)
   0.00    0.00   clock network delay (ideal)
   0.00    0.00 ^ _117206_/CLK (DFFASRHQNx1_ASAP7_75t_R)
  96.77   96.77 ^ _117206_/QN (DFFASRHQNx1_ASAP7_75t_R)
  32.92  129.69 v _079487_/Y (NOR2x2_ASAP7_75t_R)
  19.26  148.95 ^ _079488_/Y (NAND2x1_ASAP7_75t_R)
  29.15  178.10 ^ _079491_/Y (AO21x1_ASAP7_75t_R)
  26.24  204.34 ^ _079492_/Y (BUFx6f_ASAP7_75t_R)
  18.83  223.17 v _079758_/Y (NAND2x2_ASAP7_75t_R)
  20.23  243.40 ^ _081361_/Y (NOR2x2_ASAP7_75t_R)
  36.25  279.65 ^ _081362_/Y (BUFx3_ASAP7_75t_R)
  32.27  311.92 ^ _081837_/Y (BUFx4f_ASAP7_75t_R)
  21.80  333.72 ^ _088429_/Y (OR3x1_ASAP7_75t_R)
  29.01  362.73 ^ _088430_/Y (BUFx3_ASAP7_75t_R)
  33.80  396.53 ^ _088431_/Y (BUFx3_ASAP7_75t_R)
  12.75  409.28 v _088434_/Y (NAND2x1_ASAP7_75t_R)
  23.40  432.68 v _088435_/Y (OA21x2_ASAP7_75t_R)
   0.00  432.68 v _110648_/D (DFFHQNx1_ASAP7_75t_R)
         432.68   data arrival time

   0.00    0.00   clock clk (rise edge)
   0.00    0.00   clock network delay (ideal)
   0.00    0.00   clock reconvergence pessimism
           0.00 ^ _110648_/CLK (DFFHQNx1_ASAP7_75t_R)
  14.30   14.30   library hold time
          14.30   data required time
---------------------------------------------------------
          14.30   data required time
        -432.68   data arrival time
---------------------------------------------------------
         418.38   slack (MET)


Startpoint: _117206_ (rising edge-triggered flip-flop clocked by clk)
Endpoint: _110968_ (rising edge-triggered flip-flop clocked by clk)
Path Group: clk
Path Type: min

  Delay    Time   Description
---------------------------------------------------------
   0.00    0.00   clock clk (rise edge)
   0.00    0.00   clock network delay (ideal)
   0.00    0.00 ^ _117206_/CLK (DFFASRHQNx1_ASAP7_75t_R)
  96.77   96.77 ^ _117206_/QN (DFFASRHQNx1_ASAP7_75t_R)
  32.92  129.69 v _079487_/Y (NOR2x2_ASAP7_75t_R)
  19.26  148.95 ^ _079488_/Y (NAND2x1_ASAP7_75t_R)
  29.15  178.10 ^ _079491_/Y (AO21x1_ASAP7_75t_R)
  26.24  204.34 ^ _079492_/Y (BUFx6f_ASAP7_75t_R)
  18.83  223.17 v _079758_/Y (NAND2x2_ASAP7_75t_R)
  20.23  243.40 ^ _081361_/Y (NOR2x2_ASAP7_75t_R)
  36.25  279.65 ^ _081362_/Y (BUFx3_ASAP7_75t_R)
  32.27  311.92 ^ _081837_/Y (BUFx4f_ASAP7_75t_R)
  21.80  333.72 ^ _089230_/Y (OR3x1_ASAP7_75t_R)
  29.01  362.73 ^ _089231_/Y (BUFx3_ASAP7_75t_R)
  33.80  396.53 ^ _089232_/Y (BUFx3_ASAP7_75t_R)
  12.75  409.28 v _089235_/Y (NAND2x1_ASAP7_75t_R)
  23.40  432.68 v _089236_/Y (OA21x2_ASAP7_75t_R)
   0.00  432.68 v _110968_/D (DFFHQNx1_ASAP7_75t_R)
         432.68   data arrival time

   0.00    0.00   clock clk (rise edge)
   0.00    0.00   clock network delay (ideal)
   0.00    0.00   clock reconvergence pessimism
           0.00 ^ _110968_/CLK (DFFHQNx1_ASAP7_75t_R)
  14.30   14.30   library hold time
          14.30   data required time
---------------------------------------------------------
          14.30   data required time
        -432.68   data arrival time
---------------------------------------------------------
         418.38   slack (MET)


Startpoint: _117206_ (rising edge-triggered flip-flop clocked by clk)
Endpoint: _111080_ (rising edge-triggered flip-flop clocked by clk)
Path Group: clk
Path Type: min

  Delay    Time   Description
---------------------------------------------------------
   0.00    0.00   clock clk (rise edge)
   0.00    0.00   clock network delay (ideal)
   0.00    0.00 ^ _117206_/CLK (DFFASRHQNx1_ASAP7_75t_R)
  96.77   96.77 ^ _117206_/QN (DFFASRHQNx1_ASAP7_75t_R)
  32.92  129.69 v _079487_/Y (NOR2x2_ASAP7_75t_R)
  19.26  148.95 ^ _079488_/Y (NAND2x1_ASAP7_75t_R)
  29.15  178.10 ^ _079491_/Y (AO21x1_ASAP7_75t_R)
  26.24  204.34 ^ _079492_/Y (BUFx6f_ASAP7_75t_R)
  18.83  223.17 v _079758_/Y (NAND2x2_ASAP7_75t_R)
  20.23  243.40 ^ _081361_/Y (NOR2x2_ASAP7_75t_R)
  36.25  279.65 ^ _081362_/Y (BUFx3_ASAP7_75t_R)
  32.27  311.92 ^ _081363_/Y (BUFx4f_ASAP7_75t_R)
  21.80  333.72 ^ _089510_/Y (OR3x1_ASAP7_75t_R)
  29.01  362.73 ^ _089511_/Y (BUFx3_ASAP7_75t_R)
  33.80  396.53 ^ _089512_/Y (BUFx3_ASAP7_75t_R)
  12.75  409.28 v _089515_/Y (NAND2x1_ASAP7_75t_R)
  23.40  432.68 v _089516_/Y (OA21x2_ASAP7_75t_R)
   0.00  432.68 v _111080_/D (DFFHQNx1_ASAP7_75t_R)
         432.68   data arrival time

   0.00    0.00   clock clk (rise edge)
   0.00    0.00   clock network delay (ideal)
   0.00    0.00   clock reconvergence pessimism
           0.00 ^ _111080_/CLK (DFFHQNx1_ASAP7_75t_R)
  14.30   14.30   library hold time
          14.30   data required time
---------------------------------------------------------
          14.30   data required time
        -432.68   data arrival time
---------------------------------------------------------
         418.38   slack (MET)


Startpoint: _117206_ (rising edge-triggered flip-flop clocked by clk)
Endpoint: _111096_ (rising edge-triggered flip-flop clocked by clk)
Path Group: clk
Path Type: min

  Delay    Time   Description
---------------------------------------------------------
   0.00    0.00   clock clk (rise edge)
   0.00    0.00   clock network delay (ideal)
   0.00    0.00 ^ _117206_/CLK (DFFASRHQNx1_ASAP7_75t_R)
  96.77   96.77 ^ _117206_/QN (DFFASRHQNx1_ASAP7_75t_R)
  32.92  129.69 v _079487_/Y (NOR2x2_ASAP7_75t_R)
  19.26  148.95 ^ _079488_/Y (NAND2x1_ASAP7_75t_R)
  29.15  178.10 ^ _079491_/Y (AO21x1_ASAP7_75t_R)
  26.24  204.34 ^ _079492_/Y (BUFx6f_ASAP7_75t_R)
  18.83  223.17 v _079758_/Y (NAND2x2_ASAP7_75t_R)
  20.23  243.40 ^ _081361_/Y (NOR2x2_ASAP7_75t_R)
  36.25  279.65 ^ _081362_/Y (BUFx3_ASAP7_75t_R)
  32.27  311.92 ^ _081363_/Y (BUFx4f_ASAP7_75t_R)
  21.80  333.72 ^ _089549_/Y (OR3x1_ASAP7_75t_R)
  29.01  362.73 ^ _089550_/Y (BUFx3_ASAP7_75t_R)
  33.80  396.53 ^ _089551_/Y (BUFx3_ASAP7_75t_R)
  12.75  409.28 v _089555_/Y (NAND2x1_ASAP7_75t_R)
  23.40  432.68 v _089556_/Y (OA21x2_ASAP7_75t_R)
   0.00  432.68 v _111096_/D (DFFHQNx1_ASAP7_75t_R)
         432.68   data arrival time

   0.00    0.00   clock clk (rise edge)
   0.00    0.00   clock network delay (ideal)
   0.00    0.00   clock reconvergence pessimism
           0.00 ^ _111096_/CLK (DFFHQNx1_ASAP7_75t_R)
  14.30   14.30   library hold time
          14.30   data required time
---------------------------------------------------------
          14.30   data required time
        -432.68   data arrival time
---------------------------------------------------------
         418.38   slack (MET)


Startpoint: _117206_ (rising edge-triggered flip-flop clocked by clk)
Endpoint: _111112_ (rising edge-triggered flip-flop clocked by clk)
Path Group: clk
Path Type: min

  Delay    Time   Description
---------------------------------------------------------
   0.00    0.00   clock clk (rise edge)
   0.00    0.00   clock network delay (ideal)
   0.00    0.00 ^ _117206_/CLK (DFFASRHQNx1_ASAP7_75t_R)
  96.77   96.77 ^ _117206_/QN (DFFASRHQNx1_ASAP7_75t_R)
  32.92  129.69 v _079487_/Y (NOR2x2_ASAP7_75t_R)
  19.26  148.95 ^ _079488_/Y (NAND2x1_ASAP7_75t_R)
  29.15  178.10 ^ _079491_/Y (AO21x1_ASAP7_75t_R)
  26.24  204.34 ^ _079492_/Y (BUFx6f_ASAP7_75t_R)
  18.83  223.17 v _079758_/Y (NAND2x2_ASAP7_75t_R)
  20.23  243.40 ^ _081361_/Y (NOR2x2_ASAP7_75t_R)
  36.25  279.65 ^ _081362_/Y (BUFx3_ASAP7_75t_R)
  32.27  311.92 ^ _081363_/Y (BUFx4f_ASAP7_75t_R)
  21.80  333.72 ^ _089589_/Y (OR3x1_ASAP7_75t_R)
  29.01  362.73 ^ _089590_/Y (BUFx3_ASAP7_75t_R)
  33.80  396.53 ^ _089591_/Y (BUFx3_ASAP7_75t_R)
  12.75  409.28 v _089594_/Y (NAND2x1_ASAP7_75t_R)
  23.40  432.68 v _089595_/Y (OA21x2_ASAP7_75t_R)
   0.00  432.68 v _111112_/D (DFFHQNx1_ASAP7_75t_R)
         432.68   data arrival time

   0.00    0.00   clock clk (rise edge)
   0.00    0.00   clock network delay (ideal)
   0.00    0.00   clock reconvergence pessimism
           0.00 ^ _111112_/CLK (DFFHQNx1_ASAP7_75t_R)
  14.30   14.30   library hold time
          14.30   data required time
---------------------------------------------------------
          14.30   data required time
        -432.68   data arrival time
---------------------------------------------------------
         418.38   slack (MET)


Startpoint: _117206_ (rising edge-triggered flip-flop clocked by clk)
Endpoint: _111160_ (rising edge-triggered flip-flop clocked by clk)
Path Group: clk
Path Type: min

  Delay    Time   Description
---------------------------------------------------------
   0.00    0.00   clock clk (rise edge)
   0.00    0.00   clock network delay (ideal)
   0.00    0.00 ^ _117206_/CLK (DFFASRHQNx1_ASAP7_75t_R)
  96.77   96.77 ^ _117206_/QN (DFFASRHQNx1_ASAP7_75t_R)
  32.92  129.69 v _079487_/Y (NOR2x2_ASAP7_75t_R)
  19.26  148.95 ^ _079488_/Y (NAND2x1_ASAP7_75t_R)
  29.15  178.10 ^ _079491_/Y (AO21x1_ASAP7_75t_R)
  26.24  204.34 ^ _079492_/Y (BUFx6f_ASAP7_75t_R)
  18.83  223.17 v _079758_/Y (NAND2x2_ASAP7_75t_R)
  20.23  243.40 ^ _081361_/Y (NOR2x2_ASAP7_75t_R)
  36.25  279.65 ^ _081362_/Y (BUFx3_ASAP7_75t_R)
  32.27  311.92 ^ _081363_/Y (BUFx4f_ASAP7_75t_R)
  21.80  333.72 ^ _089710_/Y (OR3x1_ASAP7_75t_R)
  29.01  362.73 ^ _089711_/Y (BUFx3_ASAP7_75t_R)
  33.80  396.53 ^ _089712_/Y (BUFx3_ASAP7_75t_R)
  12.75  409.28 v _089715_/Y (NAND2x1_ASAP7_75t_R)
  23.40  432.68 v _089716_/Y (OA21x2_ASAP7_75t_R)
   0.00  432.68 v _111160_/D (DFFHQNx1_ASAP7_75t_R)
         432.68   data arrival time

   0.00    0.00   clock clk (rise edge)
   0.00    0.00   clock network delay (ideal)
   0.00    0.00   clock reconvergence pessimism
           0.00 ^ _111160_/CLK (DFFHQNx1_ASAP7_75t_R)
  14.30   14.30   library hold time
          14.30   data required time
---------------------------------------------------------
          14.30   data required time
        -432.68   data arrival time
---------------------------------------------------------
         418.38   slack (MET)


Startpoint: _117206_ (rising edge-triggered flip-flop clocked by clk)
Endpoint: _114498_ (rising edge-triggered flip-flop clocked by clk)
Path Group: clk
Path Type: min

  Delay    Time   Description
---------------------------------------------------------
   0.00    0.00   clock clk (rise edge)
   0.00    0.00   clock network delay (ideal)
   0.00    0.00 ^ _117206_/CLK (DFFASRHQNx1_ASAP7_75t_R)
  96.77   96.77 ^ _117206_/QN (DFFASRHQNx1_ASAP7_75t_R)
  32.92  129.69 v _079487_/Y (NOR2x2_ASAP7_75t_R)
  19.26  148.95 ^ _079488_/Y (NAND2x1_ASAP7_75t_R)
  29.15  178.10 ^ _079491_/Y (AO21x1_ASAP7_75t_R)
  26.24  204.34 ^ _079492_/Y (BUFx6f_ASAP7_75t_R)
  18.83  223.17 v _079758_/Y (NAND2x2_ASAP7_75t_R)
  20.23  243.40 ^ _081361_/Y (NOR2x2_ASAP7_75t_R)
  36.25  279.65 ^ _081362_/Y (BUFx3_ASAP7_75t_R)
  32.27  311.92 ^ _081363_/Y (BUFx4f_ASAP7_75t_R)
  21.80  333.72 ^ _097748_/Y (OR3x1_ASAP7_75t_R)
  29.01  362.73 ^ _097749_/Y (BUFx3_ASAP7_75t_R)
  33.80  396.53 ^ _097750_/Y (BUFx3_ASAP7_75t_R)
  12.75  409.28 v _097753_/Y (NAND2x1_ASAP7_75t_R)
  23.40  432.68 v _097754_/Y (OA21x2_ASAP7_75t_R)
   0.00  432.68 v _114498_/D (DFFHQNx1_ASAP7_75t_R)
         432.68   data arrival time

   0.00    0.00   clock clk (rise edge)
   0.00    0.00   clock network delay (ideal)
   0.00    0.00   clock reconvergence pessimism
           0.00 ^ _114498_/CLK (DFFHQNx1_ASAP7_75t_R)
  14.30   14.30   library hold time
          14.30   data required time
---------------------------------------------------------
          14.30   data required time
        -432.68   data arrival time
---------------------------------------------------------
         418.38   slack (MET)


Startpoint: _117206_ (rising edge-triggered flip-flop clocked by clk)
Endpoint: _114530_ (rising edge-triggered flip-flop clocked by clk)
Path Group: clk
Path Type: min

  Delay    Time   Description
---------------------------------------------------------
   0.00    0.00   clock clk (rise edge)
   0.00    0.00   clock network delay (ideal)
   0.00    0.00 ^ _117206_/CLK (DFFASRHQNx1_ASAP7_75t_R)
  96.77   96.77 ^ _117206_/QN (DFFASRHQNx1_ASAP7_75t_R)
  32.92  129.69 v _079487_/Y (NOR2x2_ASAP7_75t_R)
  19.26  148.95 ^ _079488_/Y (NAND2x1_ASAP7_75t_R)
  29.15  178.10 ^ _079491_/Y (AO21x1_ASAP7_75t_R)
  26.24  204.34 ^ _079492_/Y (BUFx6f_ASAP7_75t_R)
  18.83  223.17 v _079758_/Y (NAND2x2_ASAP7_75t_R)
  20.23  243.40 ^ _081361_/Y (NOR2x2_ASAP7_75t_R)
  36.25  279.65 ^ _081362_/Y (BUFx3_ASAP7_75t_R)
  32.27  311.92 ^ _081363_/Y (BUFx4f_ASAP7_75t_R)
  21.80  333.72 ^ _097824_/Y (OR3x1_ASAP7_75t_R)
  29.01  362.73 ^ _097825_/Y (BUFx3_ASAP7_75t_R)
  33.80  396.53 ^ _097826_/Y (BUFx3_ASAP7_75t_R)
  12.75  409.28 v _097829_/Y (NAND2x1_ASAP7_75t_R)
  23.40  432.68 v _097830_/Y (OA21x2_ASAP7_75t_R)
   0.00  432.68 v _114530_/D (DFFHQNx1_ASAP7_75t_R)
         432.68   data arrival time

   0.00    0.00   clock clk (rise edge)
   0.00    0.00   clock network delay (ideal)
   0.00    0.00   clock reconvergence pessimism
           0.00 ^ _114530_/CLK (DFFHQNx1_ASAP7_75t_R)
  14.30   14.30   library hold time
          14.30   data required time
---------------------------------------------------------
          14.30   data required time
        -432.68   data arrival time
---------------------------------------------------------
         418.38   slack (MET)


Startpoint: _117206_ (rising edge-triggered flip-flop clocked by clk)
Endpoint: _114562_ (rising edge-triggered flip-flop clocked by clk)
Path Group: clk
Path Type: min

  Delay    Time   Description
---------------------------------------------------------
   0.00    0.00   clock clk (rise edge)
   0.00    0.00   clock network delay (ideal)
   0.00    0.00 ^ _117206_/CLK (DFFASRHQNx1_ASAP7_75t_R)
  96.77   96.77 ^ _117206_/QN (DFFASRHQNx1_ASAP7_75t_R)
  32.92  129.69 v _079487_/Y (NOR2x2_ASAP7_75t_R)
  19.26  148.95 ^ _079488_/Y (NAND2x1_ASAP7_75t_R)
  29.15  178.10 ^ _079491_/Y (AO21x1_ASAP7_75t_R)
  26.24  204.34 ^ _079492_/Y (BUFx6f_ASAP7_75t_R)
  18.83  223.17 v _079758_/Y (NAND2x2_ASAP7_75t_R)
  20.23  243.40 ^ _081361_/Y (NOR2x2_ASAP7_75t_R)
  36.25  279.65 ^ _081362_/Y (BUFx3_ASAP7_75t_R)
  32.27  311.92 ^ _081363_/Y (BUFx4f_ASAP7_75t_R)
  21.80  333.72 ^ _097900_/Y (OR3x1_ASAP7_75t_R)
  29.01  362.73 ^ _097901_/Y (BUFx3_ASAP7_75t_R)
  33.80  396.53 ^ _097902_/Y (BUFx3_ASAP7_75t_R)
  12.75  409.28 v _097905_/Y (NAND2x1_ASAP7_75t_R)
  23.40  432.68 v _097906_/Y (OA21x2_ASAP7_75t_R)
   0.00  432.68 v _114562_/D (DFFHQNx1_ASAP7_75t_R)
         432.68   data arrival time

   0.00    0.00   clock clk (rise edge)
   0.00    0.00   clock network delay (ideal)
   0.00    0.00   clock reconvergence pessimism
           0.00 ^ _114562_/CLK (DFFHQNx1_ASAP7_75t_R)
  14.30   14.30   library hold time
          14.30   data required time
---------------------------------------------------------
          14.30   data required time
        -432.68   data arrival time
---------------------------------------------------------
         418.38   slack (MET)


Startpoint: _117206_ (rising edge-triggered flip-flop clocked by clk)
Endpoint: _114578_ (rising edge-triggered flip-flop clocked by clk)
Path Group: clk
Path Type: min

  Delay    Time   Description
---------------------------------------------------------
   0.00    0.00   clock clk (rise edge)
   0.00    0.00   clock network delay (ideal)
   0.00    0.00 ^ _117206_/CLK (DFFASRHQNx1_ASAP7_75t_R)
  96.77   96.77 ^ _117206_/QN (DFFASRHQNx1_ASAP7_75t_R)
  32.92  129.69 v _079487_/Y (NOR2x2_ASAP7_75t_R)
  19.26  148.95 ^ _079488_/Y (NAND2x1_ASAP7_75t_R)
  29.15  178.10 ^ _079491_/Y (AO21x1_ASAP7_75t_R)
  26.24  204.34 ^ _079492_/Y (BUFx6f_ASAP7_75t_R)
  18.83  223.17 v _079758_/Y (NAND2x2_ASAP7_75t_R)
  20.23  243.40 ^ _081361_/Y (NOR2x2_ASAP7_75t_R)
  36.25  279.65 ^ _081362_/Y (BUFx3_ASAP7_75t_R)
  32.27  311.92 ^ _081363_/Y (BUFx4f_ASAP7_75t_R)
  21.80  333.72 ^ _097938_/Y (OR3x1_ASAP7_75t_R)
  29.01  362.73 ^ _097939_/Y (BUFx3_ASAP7_75t_R)
  33.80  396.53 ^ _097940_/Y (BUFx3_ASAP7_75t_R)
  12.75  409.28 v _097943_/Y (NAND2x1_ASAP7_75t_R)
  23.40  432.68 v _097944_/Y (OA21x2_ASAP7_75t_R)
   0.00  432.68 v _114578_/D (DFFHQNx1_ASAP7_75t_R)
         432.68   data arrival time

   0.00    0.00   clock clk (rise edge)
   0.00    0.00   clock network delay (ideal)
   0.00    0.00   clock reconvergence pessimism
           0.00 ^ _114578_/CLK (DFFHQNx1_ASAP7_75t_R)
  14.30   14.30   library hold time
          14.30   data required time
---------------------------------------------------------
          14.30   data required time
        -432.68   data arrival time
---------------------------------------------------------
         418.38   slack (MET)


Startpoint: _117206_ (rising edge-triggered flip-flop clocked by clk)
Endpoint: _107864_ (rising edge-triggered flip-flop clocked by clk)
Path Group: clk
Path Type: min

  Delay    Time   Description
---------------------------------------------------------
   0.00    0.00   clock clk (rise edge)
   0.00    0.00   clock network delay (ideal)
   0.00    0.00 ^ _117206_/CLK (DFFASRHQNx1_ASAP7_75t_R)
  96.77   96.77 ^ _117206_/QN (DFFASRHQNx1_ASAP7_75t_R)
  32.92  129.69 v _079487_/Y (NOR2x2_ASAP7_75t_R)
  19.26  148.95 ^ _079488_/Y (NAND2x1_ASAP7_75t_R)
  29.15  178.10 ^ _079491_/Y (AO21x1_ASAP7_75t_R)
  26.24  204.34 ^ _079492_/Y (BUFx6f_ASAP7_75t_R)
  18.83  223.17 v _079758_/Y (NAND2x2_ASAP7_75t_R)
  20.23  243.40 ^ _081361_/Y (NOR2x2_ASAP7_75t_R)
  36.25  279.65 ^ _081362_/Y (BUFx3_ASAP7_75t_R)
  32.27  311.92 ^ _081363_/Y (BUFx4f_ASAP7_75t_R)
  21.80  333.72 ^ _081366_/Y (OR3x1_ASAP7_75t_R)
  29.06  362.78 ^ _081367_/Y (BUFx3_ASAP7_75t_R)
  33.78  396.56 ^ _081368_/Y (BUFx3_ASAP7_75t_R)
  12.73  409.30 v _081377_/Y (NAND2x1_ASAP7_75t_R)
  23.24  432.53 v _081378_/Y (OA21x2_ASAP7_75t_R)
   0.00  432.53 v _107864_/D (DFFHQNx1_ASAP7_75t_R)
         432.53   data arrival time

   0.00    0.00   clock clk (rise edge)
   0.00    0.00   clock network delay (ideal)
   0.00    0.00   clock reconvergence pessimism
           0.00 ^ _107864_/CLK (DFFHQNx1_ASAP7_75t_R)
  14.30   14.30   library hold time
          14.30   data required time
---------------------------------------------------------
          14.30   data required time
        -432.53   data arrival time
---------------------------------------------------------
         418.24   slack (MET)


Startpoint: _117206_ (rising edge-triggered flip-flop clocked by clk)
Endpoint: _107936_ (rising edge-triggered flip-flop clocked by clk)
Path Group: clk
Path Type: min

  Delay    Time   Description
---------------------------------------------------------
   0.00    0.00   clock clk (rise edge)
   0.00    0.00   clock network delay (ideal)
   0.00    0.00 ^ _117206_/CLK (DFFASRHQNx1_ASAP7_75t_R)
  96.77   96.77 ^ _117206_/QN (DFFASRHQNx1_ASAP7_75t_R)
  32.92  129.69 v _079487_/Y (NOR2x2_ASAP7_75t_R)
  19.26  148.95 ^ _079488_/Y (NAND2x1_ASAP7_75t_R)
  29.15  178.10 ^ _079491_/Y (AO21x1_ASAP7_75t_R)
  26.24  204.34 ^ _079492_/Y (BUFx6f_ASAP7_75t_R)
  18.83  223.17 v _079758_/Y (NAND2x2_ASAP7_75t_R)
  20.23  243.40 ^ _081361_/Y (NOR2x2_ASAP7_75t_R)
  36.25  279.65 ^ _081362_/Y (BUFx3_ASAP7_75t_R)
  32.27  311.92 ^ _081591_/Y (BUFx4f_ASAP7_75t_R)
  21.80  333.72 ^ _081593_/Y (OR3x1_ASAP7_75t_R)
  29.06  362.78 ^ _081594_/Y (BUFx3_ASAP7_75t_R)
  33.78  396.56 ^ _081595_/Y (BUFx3_ASAP7_75t_R)
  12.73  409.30 v _081598_/Y (NAND2x1_ASAP7_75t_R)
  23.24  432.53 v _081599_/Y (OA21x2_ASAP7_75t_R)
   0.00  432.53 v _107936_/D (DFFHQNx1_ASAP7_75t_R)
         432.53   data arrival time

   0.00    0.00   clock clk (rise edge)
   0.00    0.00   clock network delay (ideal)
   0.00    0.00   clock reconvergence pessimism
           0.00 ^ _107936_/CLK (DFFHQNx1_ASAP7_75t_R)
  14.30   14.30   library hold time
          14.30   data required time
---------------------------------------------------------
          14.30   data required time
        -432.53   data arrival time
---------------------------------------------------------
         418.24   slack (MET)


Startpoint: _117206_ (rising edge-triggered flip-flop clocked by clk)
Endpoint: _108009_ (rising edge-triggered flip-flop clocked by clk)
Path Group: clk
Path Type: min

  Delay    Time   Description
---------------------------------------------------------
   0.00    0.00   clock clk (rise edge)
   0.00    0.00   clock network delay (ideal)
   0.00    0.00 ^ _117206_/CLK (DFFASRHQNx1_ASAP7_75t_R)
  96.77   96.77 ^ _117206_/QN (DFFASRHQNx1_ASAP7_75t_R)
  32.92  129.69 v _079487_/Y (NOR2x2_ASAP7_75t_R)
  19.26  148.95 ^ _079488_/Y (NAND2x1_ASAP7_75t_R)
  29.15  178.10 ^ _079491_/Y (AO21x1_ASAP7_75t_R)
  26.24  204.34 ^ _079492_/Y (BUFx6f_ASAP7_75t_R)
  18.83  223.17 v _079758_/Y (NAND2x2_ASAP7_75t_R)
  20.23  243.40 ^ _081361_/Y (NOR2x2_ASAP7_75t_R)
  36.25  279.65 ^ _081362_/Y (BUFx3_ASAP7_75t_R)
  32.27  311.92 ^ _081591_/Y (BUFx4f_ASAP7_75t_R)
  21.80  333.72 ^ _081774_/Y (OR3x1_ASAP7_75t_R)
  29.06  362.78 ^ _081775_/Y (BUFx3_ASAP7_75t_R)
  33.78  396.56 ^ _081776_/Y (BUFx3_ASAP7_75t_R)
  12.73  409.30 v _081781_/Y (NAND2x1_ASAP7_75t_R)
  23.24  432.53 v _081782_/Y (OA21x2_ASAP7_75t_R)
   0.00  432.53 v _108009_/D (DFFHQNx1_ASAP7_75t_R)
         432.53   data arrival time

   0.00    0.00   clock clk (rise edge)
   0.00    0.00   clock network delay (ideal)
   0.00    0.00   clock reconvergence pessimism
           0.00 ^ _108009_/CLK (DFFHQNx1_ASAP7_75t_R)
  14.30   14.30   library hold time
          14.30   data required time
---------------------------------------------------------
          14.30   data required time
        -432.53   data arrival time
---------------------------------------------------------
         418.24   slack (MET)


Startpoint: _117206_ (rising edge-triggered flip-flop clocked by clk)
Endpoint: _110393_ (rising edge-triggered flip-flop clocked by clk)
Path Group: clk
Path Type: min

  Delay    Time   Description
---------------------------------------------------------
   0.00    0.00   clock clk (rise edge)
   0.00    0.00   clock network delay (ideal)
   0.00    0.00 ^ _117206_/CLK (DFFASRHQNx1_ASAP7_75t_R)
  96.77   96.77 ^ _117206_/QN (DFFASRHQNx1_ASAP7_75t_R)
  32.92  129.69 v _079487_/Y (NOR2x2_ASAP7_75t_R)
  19.26  148.95 ^ _079488_/Y (NAND2x1_ASAP7_75t_R)
  29.15  178.10 ^ _079491_/Y (AO21x1_ASAP7_75t_R)
  26.24  204.34 ^ _079492_/Y (BUFx6f_ASAP7_75t_R)
  18.83  223.17 v _079758_/Y (NAND2x2_ASAP7_75t_R)
  20.23  243.40 ^ _081361_/Y (NOR2x2_ASAP7_75t_R)
  36.25  279.65 ^ _081362_/Y (BUFx3_ASAP7_75t_R)
  32.27  311.92 ^ _087790_/Y (BUFx4f_ASAP7_75t_R)
  21.80  333.72 ^ _087791_/Y (OR3x1_ASAP7_75t_R)
  29.06  362.78 ^ _087792_/Y (BUFx3_ASAP7_75t_R)
  33.78  396.56 ^ _087793_/Y (BUFx3_ASAP7_75t_R)
  12.73  409.30 v _087799_/Y (NAND2x1_ASAP7_75t_R)
  23.24  432.53 v _087800_/Y (OA21x2_ASAP7_75t_R)
   0.00  432.53 v _110393_/D (DFFHQNx1_ASAP7_75t_R)
         432.53   data arrival time

   0.00    0.00   clock clk (rise edge)
   0.00    0.00   clock network delay (ideal)
   0.00    0.00   clock reconvergence pessimism
           0.00 ^ _110393_/CLK (DFFHQNx1_ASAP7_75t_R)
  14.30   14.30   library hold time
          14.30   data required time
---------------------------------------------------------
          14.30   data required time
        -432.53   data arrival time
---------------------------------------------------------
         418.24   slack (MET)


Startpoint: _117206_ (rising edge-triggered flip-flop clocked by clk)
Endpoint: _110440_ (rising edge-triggered flip-flop clocked by clk)
Path Group: clk
Path Type: min

  Delay    Time   Description
---------------------------------------------------------
   0.00    0.00   clock clk (rise edge)
   0.00    0.00   clock network delay (ideal)
   0.00    0.00 ^ _117206_/CLK (DFFASRHQNx1_ASAP7_75t_R)
  96.77   96.77 ^ _117206_/QN (DFFASRHQNx1_ASAP7_75t_R)
  32.92  129.69 v _079487_/Y (NOR2x2_ASAP7_75t_R)
  19.26  148.95 ^ _079488_/Y (NAND2x1_ASAP7_75t_R)
  29.15  178.10 ^ _079491_/Y (AO21x1_ASAP7_75t_R)
  26.24  204.34 ^ _079492_/Y (BUFx6f_ASAP7_75t_R)
  18.83  223.17 v _079758_/Y (NAND2x2_ASAP7_75t_R)
  20.23  243.40 ^ _081361_/Y (NOR2x2_ASAP7_75t_R)
  36.25  279.65 ^ _081362_/Y (BUFx3_ASAP7_75t_R)
  32.27  311.92 ^ _087790_/Y (BUFx4f_ASAP7_75t_R)
  21.80  333.72 ^ _087910_/Y (OR3x1_ASAP7_75t_R)
  29.06  362.78 ^ _087911_/Y (BUFx3_ASAP7_75t_R)
  33.78  396.56 ^ _087912_/Y (BUFx3_ASAP7_75t_R)
  12.73  409.30 v _087915_/Y (NAND2x1_ASAP7_75t_R)
  23.24  432.53 v _087916_/Y (OA21x2_ASAP7_75t_R)
   0.00  432.53 v _110440_/D (DFFHQNx1_ASAP7_75t_R)
         432.53   data arrival time

   0.00    0.00   clock clk (rise edge)
   0.00    0.00   clock network delay (ideal)
   0.00    0.00   clock reconvergence pessimism
           0.00 ^ _110440_/CLK (DFFHQNx1_ASAP7_75t_R)
  14.30   14.30   library hold time
          14.30   data required time
---------------------------------------------------------
          14.30   data required time
        -432.53   data arrival time
---------------------------------------------------------
         418.24   slack (MET)


Startpoint: _117206_ (rising edge-triggered flip-flop clocked by clk)
Endpoint: _110857_ (rising edge-triggered flip-flop clocked by clk)
Path Group: clk
Path Type: min

  Delay    Time   Description
---------------------------------------------------------
   0.00    0.00   clock clk (rise edge)
   0.00    0.00   clock network delay (ideal)
   0.00    0.00 ^ _117206_/CLK (DFFASRHQNx1_ASAP7_75t_R)
  96.77   96.77 ^ _117206_/QN (DFFASRHQNx1_ASAP7_75t_R)
  32.92  129.69 v _079487_/Y (NOR2x2_ASAP7_75t_R)
  19.26  148.95 ^ _079488_/Y (NAND2x1_ASAP7_75t_R)
  29.15  178.10 ^ _079491_/Y (AO21x1_ASAP7_75t_R)
  26.24  204.34 ^ _079492_/Y (BUFx6f_ASAP7_75t_R)
  18.83  223.17 v _079758_/Y (NAND2x2_ASAP7_75t_R)
  20.23  243.40 ^ _081361_/Y (NOR2x2_ASAP7_75t_R)
  36.25  279.65 ^ _081362_/Y (BUFx3_ASAP7_75t_R)
  32.27  311.92 ^ _087790_/Y (BUFx4f_ASAP7_75t_R)
  21.80  333.72 ^ _088950_/Y (OR3x1_ASAP7_75t_R)
  29.06  362.78 ^ _088951_/Y (BUFx3_ASAP7_75t_R)
  33.78  396.56 ^ _088952_/Y (BUFx3_ASAP7_75t_R)
  12.73  409.30 v _088957_/Y (NAND2x1_ASAP7_75t_R)
  23.24  432.53 v _088958_/Y (OA21x2_ASAP7_75t_R)
   0.00  432.53 v _110857_/D (DFFHQNx1_ASAP7_75t_R)
         432.53   data arrival time

   0.00    0.00   clock clk (rise edge)
   0.00    0.00   clock network delay (ideal)
   0.00    0.00   clock reconvergence pessimism
           0.00 ^ _110857_/CLK (DFFHQNx1_ASAP7_75t_R)
  14.30   14.30   library hold time
          14.30   data required time
---------------------------------------------------------
          14.30   data required time
        -432.53   data arrival time
---------------------------------------------------------
         418.24   slack (MET)


Startpoint: _117206_ (rising edge-triggered flip-flop clocked by clk)
Endpoint: _111305_ (rising edge-triggered flip-flop clocked by clk)
Path Group: clk
Path Type: min

  Delay    Time   Description
---------------------------------------------------------
   0.00    0.00   clock clk (rise edge)
   0.00    0.00   clock network delay (ideal)
   0.00    0.00 ^ _117206_/CLK (DFFASRHQNx1_ASAP7_75t_R)
  96.77   96.77 ^ _117206_/QN (DFFASRHQNx1_ASAP7_75t_R)
  32.92  129.69 v _079487_/Y (NOR2x2_ASAP7_75t_R)
  19.26  148.95 ^ _079488_/Y (NAND2x1_ASAP7_75t_R)
  29.15  178.10 ^ _079491_/Y (AO21x1_ASAP7_75t_R)
  26.24  204.34 ^ _079492_/Y (BUFx6f_ASAP7_75t_R)
  18.83  223.17 v _079758_/Y (NAND2x2_ASAP7_75t_R)
  20.23  243.40 ^ _081361_/Y (NOR2x2_ASAP7_75t_R)
  36.25  279.65 ^ _081362_/Y (BUFx3_ASAP7_75t_R)
  32.27  311.92 ^ _087790_/Y (BUFx4f_ASAP7_75t_R)
  21.80  333.72 ^ _090064_/Y (OR3x1_ASAP7_75t_R)
  29.06  362.78 ^ _090065_/Y (BUFx3_ASAP7_75t_R)
  33.78  396.56 ^ _090066_/Y (BUFx3_ASAP7_75t_R)
  12.73  409.30 v _090071_/Y (NAND2x1_ASAP7_75t_R)
  23.24  432.53 v _090072_/Y (OA21x2_ASAP7_75t_R)
   0.00  432.53 v _111305_/D (DFFHQNx1_ASAP7_75t_R)
         432.53   data arrival time

   0.00    0.00   clock clk (rise edge)
   0.00    0.00   clock network delay (ideal)
   0.00    0.00   clock reconvergence pessimism
           0.00 ^ _111305_/CLK (DFFHQNx1_ASAP7_75t_R)
  14.30   14.30   library hold time
          14.30   data required time
---------------------------------------------------------
          14.30   data required time
        -432.53   data arrival time
---------------------------------------------------------
         418.24   slack (MET)


Startpoint: _117206_ (rising edge-triggered flip-flop clocked by clk)
Endpoint: _108040_ (rising edge-triggered flip-flop clocked by clk)
Path Group: clk
Path Type: min

  Delay    Time   Description
---------------------------------------------------------
   0.00    0.00   clock clk (rise edge)
   0.00    0.00   clock network delay (ideal)
   0.00    0.00 ^ _117206_/CLK (DFFASRHQNx1_ASAP7_75t_R)
  96.77   96.77 ^ _117206_/QN (DFFASRHQNx1_ASAP7_75t_R)
  32.92  129.69 v _079487_/Y (NOR2x2_ASAP7_75t_R)
  19.26  148.95 ^ _079488_/Y (NAND2x1_ASAP7_75t_R)
  29.15  178.10 ^ _079491_/Y (AO21x1_ASAP7_75t_R)
  26.24  204.34 ^ _079492_/Y (BUFx6f_ASAP7_75t_R)
  18.83  223.17 v _079758_/Y (NAND2x2_ASAP7_75t_R)
  20.23  243.40 ^ _081361_/Y (NOR2x2_ASAP7_75t_R)
  36.25  279.65 ^ _081362_/Y (BUFx3_ASAP7_75t_R)
  32.27  311.92 ^ _081837_/Y (BUFx4f_ASAP7_75t_R)
  21.80  333.72 ^ _081860_/Y (OR3x1_ASAP7_75t_R)
  29.01  362.73 ^ _081861_/Y (BUFx3_ASAP7_75t_R)
  33.80  396.53 ^ _081862_/Y (BUFx3_ASAP7_75t_R)
  12.75  409.28 v _081865_/Y (NAND2x1_ASAP7_75t_R)
  23.24  432.52 v _081866_/Y (OA21x2_ASAP7_75t_R)
   0.00  432.52 v _108040_/D (DFFHQNx1_ASAP7_75t_R)
         432.52   data arrival time

   0.00    0.00   clock clk (rise edge)
   0.00    0.00   clock network delay (ideal)
   0.00    0.00   clock reconvergence pessimism
           0.00 ^ _108040_/CLK (DFFHQNx1_ASAP7_75t_R)
  14.30   14.30   library hold time
          14.30   data required time
---------------------------------------------------------
          14.30   data required time
        -432.52   data arrival time
---------------------------------------------------------
         418.22   slack (MET)


Startpoint: _117206_ (rising edge-triggered flip-flop clocked by clk)
Endpoint: _111240_ (rising edge-triggered flip-flop clocked by clk)
Path Group: clk
Path Type: min

  Delay    Time   Description
---------------------------------------------------------
   0.00    0.00   clock clk (rise edge)
   0.00    0.00   clock network delay (ideal)
   0.00    0.00 ^ _117206_/CLK (DFFASRHQNx1_ASAP7_75t_R)
  96.77   96.77 ^ _117206_/QN (DFFASRHQNx1_ASAP7_75t_R)
  32.92  129.69 v _079487_/Y (NOR2x2_ASAP7_75t_R)
  19.26  148.95 ^ _079488_/Y (NAND2x1_ASAP7_75t_R)
  29.15  178.10 ^ _079491_/Y (AO21x1_ASAP7_75t_R)
  26.24  204.34 ^ _079492_/Y (BUFx6f_ASAP7_75t_R)
  18.83  223.17 v _079758_/Y (NAND2x2_ASAP7_75t_R)
  20.23  243.40 ^ _081361_/Y (NOR2x2_ASAP7_75t_R)
  36.25  279.65 ^ _081362_/Y (BUFx3_ASAP7_75t_R)
  32.27  311.92 ^ _081363_/Y (BUFx4f_ASAP7_75t_R)
  21.80  333.72 ^ _089906_/Y (OR3x1_ASAP7_75t_R)
  29.01  362.73 ^ _089907_/Y (BUFx3_ASAP7_75t_R)
  33.80  396.53 ^ _089908_/Y (BUFx3_ASAP7_75t_R)
  12.75  409.28 v _089911_/Y (NAND2x1_ASAP7_75t_R)
  23.24  432.52 v _089912_/Y (OA21x2_ASAP7_75t_R)
   0.00  432.52 v _111240_/D (DFFHQNx1_ASAP7_75t_R)
         432.52   data arrival time

   0.00    0.00   clock clk (rise edge)
   0.00    0.00   clock network delay (ideal)
   0.00    0.00   clock reconvergence pessimism
           0.00 ^ _111240_/CLK (DFFHQNx1_ASAP7_75t_R)
  14.30   14.30   library hold time
          14.30   data required time
---------------------------------------------------------
          14.30   data required time
        -432.52   data arrival time
---------------------------------------------------------
         418.22   slack (MET)


Startpoint: _117206_ (rising edge-triggered flip-flop clocked by clk)
Endpoint: _108031_ (rising edge-triggered flip-flop clocked by clk)
Path Group: clk
Path Type: min

  Delay    Time   Description
---------------------------------------------------------
   0.00    0.00   clock clk (rise edge)
   0.00    0.00   clock network delay (ideal)
   0.00    0.00 ^ _117206_/CLK (DFFASRHQNx1_ASAP7_75t_R)
  96.77   96.77 ^ _117206_/QN (DFFASRHQNx1_ASAP7_75t_R)
  32.92  129.69 v _079487_/Y (NOR2x2_ASAP7_75t_R)
  19.26  148.95 ^ _079488_/Y (NAND2x1_ASAP7_75t_R)
  29.15  178.10 ^ _079491_/Y (AO21x1_ASAP7_75t_R)
  26.24  204.34 ^ _079492_/Y (BUFx6f_ASAP7_75t_R)
  18.83  223.17 v _079758_/Y (NAND2x2_ASAP7_75t_R)
  20.23  243.40 ^ _081361_/Y (NOR2x2_ASAP7_75t_R)
  36.25  279.65 ^ _081362_/Y (BUFx3_ASAP7_75t_R)
  32.27  311.92 ^ _081837_/Y (BUFx4f_ASAP7_75t_R)
  21.80  333.72 ^ _081840_/Y (OR3x1_ASAP7_75t_R)
  29.01  362.73 ^ _081841_/Y (BUFx3_ASAP7_75t_R)
  33.80  396.53 ^ _081842_/Y (BUFx3_ASAP7_75t_R)
  12.75  409.28 v _081843_/Y (NAND2x1_ASAP7_75t_R)
  23.22  432.50 v _081844_/Y (OA21x2_ASAP7_75t_R)
   0.00  432.50 v _108031_/D (DFFHQNx1_ASAP7_75t_R)
         432.50   data arrival time

   0.00    0.00   clock clk (rise edge)
   0.00    0.00   clock network delay (ideal)
   0.00    0.00   clock reconvergence pessimism
           0.00 ^ _108031_/CLK (DFFHQNx1_ASAP7_75t_R)
  14.30   14.30   library hold time
          14.30   data required time
---------------------------------------------------------
          14.30   data required time
        -432.50   data arrival time
---------------------------------------------------------
         418.20   slack (MET)


Startpoint: _117206_ (rising edge-triggered flip-flop clocked by clk)
Endpoint: _108039_ (rising edge-triggered flip-flop clocked by clk)
Path Group: clk
Path Type: min

  Delay    Time   Description
---------------------------------------------------------
   0.00    0.00   clock clk (rise edge)
   0.00    0.00   clock network delay (ideal)
   0.00    0.00 ^ _117206_/CLK (DFFASRHQNx1_ASAP7_75t_R)
  96.77   96.77 ^ _117206_/QN (DFFASRHQNx1_ASAP7_75t_R)
  32.92  129.69 v _079487_/Y (NOR2x2_ASAP7_75t_R)
  19.26  148.95 ^ _079488_/Y (NAND2x1_ASAP7_75t_R)
  29.15  178.10 ^ _079491_/Y (AO21x1_ASAP7_75t_R)
  26.24  204.34 ^ _079492_/Y (BUFx6f_ASAP7_75t_R)
  18.83  223.17 v _079758_/Y (NAND2x2_ASAP7_75t_R)
  20.23  243.40 ^ _081361_/Y (NOR2x2_ASAP7_75t_R)
  36.25  279.65 ^ _081362_/Y (BUFx3_ASAP7_75t_R)
  32.27  311.92 ^ _081837_/Y (BUFx4f_ASAP7_75t_R)
  21.80  333.72 ^ _081860_/Y (OR3x1_ASAP7_75t_R)
  29.01  362.73 ^ _081861_/Y (BUFx3_ASAP7_75t_R)
  33.80  396.53 ^ _081862_/Y (BUFx3_ASAP7_75t_R)
  12.75  409.28 v _081863_/Y (NAND2x1_ASAP7_75t_R)
  23.22  432.50 v _081864_/Y (OA21x2_ASAP7_75t_R)
   0.00  432.50 v _108039_/D (DFFHQNx1_ASAP7_75t_R)
         432.50   data arrival time

   0.00    0.00   clock clk (rise edge)
   0.00    0.00   clock network delay (ideal)
   0.00    0.00   clock reconvergence pessimism
           0.00 ^ _108039_/CLK (DFFHQNx1_ASAP7_75t_R)
  14.30   14.30   library hold time
          14.30   data required time
---------------------------------------------------------
          14.30   data required time
        -432.50   data arrival time
---------------------------------------------------------
         418.20   slack (MET)


Startpoint: _117206_ (rising edge-triggered flip-flop clocked by clk)
Endpoint: _108167_ (rising edge-triggered flip-flop clocked by clk)
Path Group: clk
Path Type: min

  Delay    Time   Description
---------------------------------------------------------
   0.00    0.00   clock clk (rise edge)
   0.00    0.00   clock network delay (ideal)
   0.00    0.00 ^ _117206_/CLK (DFFASRHQNx1_ASAP7_75t_R)
  96.77   96.77 ^ _117206_/QN (DFFASRHQNx1_ASAP7_75t_R)
  32.92  129.69 v _079487_/Y (NOR2x2_ASAP7_75t_R)
  19.26  148.95 ^ _079488_/Y (NAND2x1_ASAP7_75t_R)
  29.15  178.10 ^ _079491_/Y (AO21x1_ASAP7_75t_R)
  26.24  204.34 ^ _079492_/Y (BUFx6f_ASAP7_75t_R)
  18.83  223.17 v _079758_/Y (NAND2x2_ASAP7_75t_R)
  20.23  243.40 ^ _081361_/Y (NOR2x2_ASAP7_75t_R)
  36.25  279.65 ^ _081362_/Y (BUFx3_ASAP7_75t_R)
  32.27  311.92 ^ _081837_/Y (BUFx4f_ASAP7_75t_R)
  21.80  333.72 ^ _082189_/Y (OR3x1_ASAP7_75t_R)
  29.01  362.73 ^ _082190_/Y (BUFx3_ASAP7_75t_R)
  33.80  396.53 ^ _082191_/Y (BUFx3_ASAP7_75t_R)
  12.75  409.28 v _082192_/Y (NAND2x1_ASAP7_75t_R)
  23.22  432.50 v _082193_/Y (OA21x2_ASAP7_75t_R)
   0.00  432.50 v _108167_/D (DFFHQNx1_ASAP7_75t_R)
         432.50   data arrival time

   0.00    0.00   clock clk (rise edge)
   0.00    0.00   clock network delay (ideal)
   0.00    0.00   clock reconvergence pessimism
           0.00 ^ _108167_/CLK (DFFHQNx1_ASAP7_75t_R)
  14.30   14.30   library hold time
          14.30   data required time
---------------------------------------------------------
          14.30   data required time
        -432.50   data arrival time
---------------------------------------------------------
         418.20   slack (MET)


Startpoint: _117431_ (rising edge-triggered flip-flop clocked by clk)
Endpoint: _117447_ (rising edge-triggered flip-flop clocked by clk)
Path Group: clk
Path Type: min

  Delay    Time   Description
---------------------------------------------------------
   0.00    0.00   clock clk (rise edge)
   0.00    0.00   clock network delay (ideal)
   0.00    0.00 ^ _117431_/CLK (DFFASRHQNx1_ASAP7_75t_R)
  79.33   79.33 ^ _117431_/QN (DFFASRHQNx1_ASAP7_75t_R)
  25.41  104.74 v _079278_/Y (INVx1_ASAP7_75t_R)
  28.11  132.86 ^ _107274_/CON (HAxp5_ASAP7_75t_R)
  15.61  148.46 v _079232_/Y (INVx2_ASAP7_75t_R)
  41.54  190.00 v _079234_/Y (AND3x4_ASAP7_75t_R)
  35.00  225.00 v _079237_/Y (AND3x4_ASAP7_75t_R)
  35.00  259.99 v _079240_/Y (AND3x4_ASAP7_75t_R)
  35.00  294.99 v _079243_/Y (AND3x4_ASAP7_75t_R)
  35.00  329.99 v _079246_/Y (AND3x4_ASAP7_75t_R)
  35.94  365.93 v _079249_/Y (AND3x4_ASAP7_75t_R)
  20.78  386.70 ^ _079252_/Y (NAND2x2_ASAP7_75t_R)
  13.41  400.11 v _079253_/Y (INVx2_ASAP7_75t_R)
  23.49  423.60 ^ _107282_/SN (HAxp5_ASAP7_75t_R)
  15.97  439.57 v _105788_/Y (AOI22x1_ASAP7_75t_R)
  25.05  464.62 v _105789_/Y (OA21x2_ASAP7_75t_R)
   0.00  464.62 v _117447_/D (DFFASRHQNx1_ASAP7_75t_R)
         464.62   data arrival time

   0.00    0.00   clock clk (rise edge)
   0.00    0.00   clock network delay (ideal)
   0.00    0.00   clock reconvergence pessimism
           0.00 ^ _117447_/CLK (DFFASRHQNx1_ASAP7_75t_R)
  16.58   16.58   library hold time
          16.58   data required time
---------------------------------------------------------
          16.58   data required time
        -464.62   data arrival time
---------------------------------------------------------
         448.04   slack (MET)


Startpoint: _117431_ (rising edge-triggered flip-flop clocked by clk)
Endpoint: _117451_ (rising edge-triggered flip-flop clocked by clk)
Path Group: clk
Path Type: min

  Delay    Time   Description
---------------------------------------------------------
   0.00    0.00   clock clk (rise edge)
   0.00    0.00   clock network delay (ideal)
   0.00    0.00 ^ _117431_/CLK (DFFASRHQNx1_ASAP7_75t_R)
  79.33   79.33 ^ _117431_/QN (DFFASRHQNx1_ASAP7_75t_R)
  25.41  104.74 v _079278_/Y (INVx1_ASAP7_75t_R)
  28.11  132.86 ^ _107274_/CON (HAxp5_ASAP7_75t_R)
  15.61  148.46 v _079232_/Y (INVx2_ASAP7_75t_R)
  41.54  190.00 v _079234_/Y (AND3x4_ASAP7_75t_R)
  35.00  225.00 v _079237_/Y (AND3x4_ASAP7_75t_R)
  35.00  259.99 v _079240_/Y (AND3x4_ASAP7_75t_R)
  35.00  294.99 v _079243_/Y (AND3x4_ASAP7_75t_R)
  35.00  329.99 v _079246_/Y (AND3x4_ASAP7_75t_R)
  35.94  365.93 v _079249_/Y (AND3x4_ASAP7_75t_R)
  20.78  386.70 ^ _079252_/Y (NAND2x2_ASAP7_75t_R)
  16.14  402.85 v _079259_/Y (NOR2x2_ASAP7_75t_R)
  16.98  419.83 ^ _107284_/SN (HAxp5_ASAP7_75t_R)
  30.49  450.31 ^ _105800_/Y (AO22x1_ASAP7_75t_R)
  11.84  462.16 v _105801_/Y (AOI21x1_ASAP7_75t_R)
   0.00  462.16 v _117451_/D (DFFASRHQNx1_ASAP7_75t_R)
         462.16   data arrival time

   0.00    0.00   clock clk (rise edge)
   0.00    0.00   clock network delay (ideal)
   0.00    0.00   clock reconvergence pessimism
           0.00 ^ _117451_/CLK (DFFASRHQNx1_ASAP7_75t_R)
  16.12   16.12   library hold time
          16.12   data required time
---------------------------------------------------------
          16.12   data required time
        -462.16   data arrival time
---------------------------------------------------------
         446.04   slack (MET)


Startpoint: _117206_ (rising edge-triggered flip-flop clocked by clk)
Endpoint: _107351_ (rising edge-triggered flip-flop clocked by clk)
Path Group: clk
Path Type: min

  Delay    Time   Description
---------------------------------------------------------
   0.00    0.00   clock clk (rise edge)
   0.00    0.00   clock network delay (ideal)
   0.00    0.00 ^ _117206_/CLK (DFFASRHQNx1_ASAP7_75t_R)
  96.77   96.77 ^ _117206_/QN (DFFASRHQNx1_ASAP7_75t_R)
  32.92  129.69 v _079487_/Y (NOR2x2_ASAP7_75t_R)
  19.26  148.95 ^ _079488_/Y (NAND2x1_ASAP7_75t_R)
  29.15  178.10 ^ _079491_/Y (AO21x1_ASAP7_75t_R)
  26.24  204.34 ^ _079492_/Y (BUFx6f_ASAP7_75t_R)
  18.83  223.17 v _079758_/Y (NAND2x2_ASAP7_75t_R)
  21.16  244.33 ^ _079883_/Y (NOR2x2_ASAP7_75t_R)
  31.89  276.22 ^ _079884_/Y (BUFx4f_ASAP7_75t_R)
  31.47  307.69 ^ _079885_/Y (BUFx3_ASAP7_75t_R)
  22.98  330.67 ^ _079892_/Y (OR3x1_ASAP7_75t_R)
  29.04  359.71 ^ _079893_/Y (BUFx3_ASAP7_75t_R)
  33.80  393.51 ^ _079894_/Y (BUFx3_ASAP7_75t_R)
  12.75  406.26 v _079895_/Y (NAND2x1_ASAP7_75t_R)
  23.22  429.48 v _079896_/Y (OA21x2_ASAP7_75t_R)
   0.00  429.48 v _107351_/D (DFFHQNx1_ASAP7_75t_R)
         429.48   data arrival time

   0.00    0.00   clock clk (rise edge)
   0.00    0.00   clock network delay (ideal)
   0.00    0.00   clock reconvergence pessimism
           0.00 ^ _107351_/CLK (DFFHQNx1_ASAP7_75t_R)
  14.30   14.30   library hold time
          14.30   data required time
---------------------------------------------------------
          14.30   data required time
        -429.48   data arrival time
---------------------------------------------------------
         415.18   slack (MET)


Startpoint: _117206_ (rising edge-triggered flip-flop clocked by clk)
Endpoint: _107352_ (rising edge-triggered flip-flop clocked by clk)
Path Group: clk
Path Type: min

  Delay    Time   Description
---------------------------------------------------------
   0.00    0.00   clock clk (rise edge)
   0.00    0.00   clock network delay (ideal)
   0.00    0.00 ^ _117206_/CLK (DFFASRHQNx1_ASAP7_75t_R)
  96.77   96.77 ^ _117206_/QN (DFFASRHQNx1_ASAP7_75t_R)
  32.92  129.69 v _079487_/Y (NOR2x2_ASAP7_75t_R)
  19.26  148.95 ^ _079488_/Y (NAND2x1_ASAP7_75t_R)
  29.15  178.10 ^ _079491_/Y (AO21x1_ASAP7_75t_R)
  26.24  204.34 ^ _079492_/Y (BUFx6f_ASAP7_75t_R)
  18.83  223.17 v _079758_/Y (NAND2x2_ASAP7_75t_R)
  21.16  244.33 ^ _079883_/Y (NOR2x2_ASAP7_75t_R)
  31.89  276.22 ^ _079884_/Y (BUFx4f_ASAP7_75t_R)
  31.47  307.69 ^ _079885_/Y (BUFx3_ASAP7_75t_R)
  22.98  330.67 ^ _079892_/Y (OR3x1_ASAP7_75t_R)
  29.04  359.71 ^ _079893_/Y (BUFx3_ASAP7_75t_R)
  33.80  393.51 ^ _079894_/Y (BUFx3_ASAP7_75t_R)
  12.75  406.26 v _079900_/Y (NAND2x1_ASAP7_75t_R)
  23.22  429.48 v _079901_/Y (OA21x2_ASAP7_75t_R)
   0.00  429.48 v _107352_/D (DFFHQNx1_ASAP7_75t_R)
         429.48   data arrival time

   0.00    0.00   clock clk (rise edge)
   0.00    0.00   clock network delay (ideal)
   0.00    0.00   clock reconvergence pessimism
           0.00 ^ _107352_/CLK (DFFHQNx1_ASAP7_75t_R)
  14.30   14.30   library hold time
          14.30   data required time
---------------------------------------------------------
          14.30   data required time
        -429.48   data arrival time
---------------------------------------------------------
         415.18   slack (MET)


Startpoint: _117206_ (rising edge-triggered flip-flop clocked by clk)
Endpoint: _107359_ (rising edge-triggered flip-flop clocked by clk)
Path Group: clk
Path Type: min

  Delay    Time   Description
---------------------------------------------------------
   0.00    0.00   clock clk (rise edge)
   0.00    0.00   clock network delay (ideal)
   0.00    0.00 ^ _117206_/CLK (DFFASRHQNx1_ASAP7_75t_R)
  96.77   96.77 ^ _117206_/QN (DFFASRHQNx1_ASAP7_75t_R)
  32.92  129.69 v _079487_/Y (NOR2x2_ASAP7_75t_R)
  19.26  148.95 ^ _079488_/Y (NAND2x1_ASAP7_75t_R)
  29.15  178.10 ^ _079491_/Y (AO21x1_ASAP7_75t_R)
  26.24  204.34 ^ _079492_/Y (BUFx6f_ASAP7_75t_R)
  18.83  223.17 v _079758_/Y (NAND2x2_ASAP7_75t_R)
  21.16  244.33 ^ _079883_/Y (NOR2x2_ASAP7_75t_R)
  31.89  276.22 ^ _079884_/Y (BUFx4f_ASAP7_75t_R)
  31.47  307.69 ^ _079885_/Y (BUFx3_ASAP7_75t_R)
  22.98  330.67 ^ _079940_/Y (OR3x1_ASAP7_75t_R)
  29.04  359.71 ^ _079941_/Y (BUFx3_ASAP7_75t_R)
  33.80  393.51 ^ _079942_/Y (BUFx3_ASAP7_75t_R)
  12.75  406.26 v _079943_/Y (NAND2x1_ASAP7_75t_R)
  23.22  429.48 v _079944_/Y (OA21x2_ASAP7_75t_R)
   0.00  429.48 v _107359_/D (DFFHQNx1_ASAP7_75t_R)
         429.48   data arrival time

   0.00    0.00   clock clk (rise edge)
   0.00    0.00   clock network delay (ideal)
   0.00    0.00   clock reconvergence pessimism
           0.00 ^ _107359_/CLK (DFFHQNx1_ASAP7_75t_R)
  14.30   14.30   library hold time
          14.30   data required time
---------------------------------------------------------
          14.30   data required time
        -429.48   data arrival time
---------------------------------------------------------
         415.18   slack (MET)


Startpoint: _117206_ (rising edge-triggered flip-flop clocked by clk)
Endpoint: _107360_ (rising edge-triggered flip-flop clocked by clk)
Path Group: clk
Path Type: min

  Delay    Time   Description
---------------------------------------------------------
   0.00    0.00   clock clk (rise edge)
   0.00    0.00   clock network delay (ideal)
   0.00    0.00 ^ _117206_/CLK (DFFASRHQNx1_ASAP7_75t_R)
  96.77   96.77 ^ _117206_/QN (DFFASRHQNx1_ASAP7_75t_R)
  32.92  129.69 v _079487_/Y (NOR2x2_ASAP7_75t_R)
  19.26  148.95 ^ _079488_/Y (NAND2x1_ASAP7_75t_R)
  29.15  178.10 ^ _079491_/Y (AO21x1_ASAP7_75t_R)
  26.24  204.34 ^ _079492_/Y (BUFx6f_ASAP7_75t_R)
  18.83  223.17 v _079758_/Y (NAND2x2_ASAP7_75t_R)
  21.16  244.33 ^ _079883_/Y (NOR2x2_ASAP7_75t_R)
  31.89  276.22 ^ _079884_/Y (BUFx4f_ASAP7_75t_R)
  31.47  307.69 ^ _079885_/Y (BUFx3_ASAP7_75t_R)
  22.98  330.67 ^ _079940_/Y (OR3x1_ASAP7_75t_R)
  29.04  359.71 ^ _079941_/Y (BUFx3_ASAP7_75t_R)
  33.80  393.51 ^ _079942_/Y (BUFx3_ASAP7_75t_R)
  12.75  406.26 v _079945_/Y (NAND2x1_ASAP7_75t_R)
  23.22  429.48 v _079946_/Y (OA21x2_ASAP7_75t_R)
   0.00  429.48 v _107360_/D (DFFHQNx1_ASAP7_75t_R)
         429.48   data arrival time

   0.00    0.00   clock clk (rise edge)
   0.00    0.00   clock network delay (ideal)
   0.00    0.00   clock reconvergence pessimism
           0.00 ^ _107360_/CLK (DFFHQNx1_ASAP7_75t_R)
  14.30   14.30   library hold time
          14.30   data required time
---------------------------------------------------------
          14.30   data required time
        -429.48   data arrival time
---------------------------------------------------------
         415.18   slack (MET)


Startpoint: _117206_ (rising edge-triggered flip-flop clocked by clk)
Endpoint: _107375_ (rising edge-triggered flip-flop clocked by clk)
Path Group: clk
Path Type: min

  Delay    Time   Description
---------------------------------------------------------
   0.00    0.00   clock clk (rise edge)
   0.00    0.00   clock network delay (ideal)
   0.00    0.00 ^ _117206_/CLK (DFFASRHQNx1_ASAP7_75t_R)
  96.77   96.77 ^ _117206_/QN (DFFASRHQNx1_ASAP7_75t_R)
  32.92  129.69 v _079487_/Y (NOR2x2_ASAP7_75t_R)
  19.26  148.95 ^ _079488_/Y (NAND2x1_ASAP7_75t_R)
  29.15  178.10 ^ _079491_/Y (AO21x1_ASAP7_75t_R)
  26.24  204.34 ^ _079492_/Y (BUFx6f_ASAP7_75t_R)
  18.83  223.17 v _079758_/Y (NAND2x2_ASAP7_75t_R)
  21.16  244.33 ^ _079883_/Y (NOR2x2_ASAP7_75t_R)
  31.89  276.22 ^ _079884_/Y (BUFx4f_ASAP7_75t_R)
  31.47  307.69 ^ _079885_/Y (BUFx3_ASAP7_75t_R)
  22.98  330.67 ^ _079988_/Y (OR3x1_ASAP7_75t_R)
  29.04  359.71 ^ _079989_/Y (BUFx3_ASAP7_75t_R)
  33.80  393.51 ^ _079990_/Y (BUFx3_ASAP7_75t_R)
  12.75  406.26 v _079991_/Y (NAND2x1_ASAP7_75t_R)
  23.22  429.48 v _079992_/Y (OA21x2_ASAP7_75t_R)
   0.00  429.48 v _107375_/D (DFFHQNx1_ASAP7_75t_R)
         429.48   data arrival time

   0.00    0.00   clock clk (rise edge)
   0.00    0.00   clock network delay (ideal)
   0.00    0.00   clock reconvergence pessimism
           0.00 ^ _107375_/CLK (DFFHQNx1_ASAP7_75t_R)
  14.30   14.30   library hold time
          14.30   data required time
---------------------------------------------------------
          14.30   data required time
        -429.48   data arrival time
---------------------------------------------------------
         415.18   slack (MET)


Startpoint: _117206_ (rising edge-triggered flip-flop clocked by clk)
Endpoint: _107376_ (rising edge-triggered flip-flop clocked by clk)
Path Group: clk
Path Type: min

  Delay    Time   Description
---------------------------------------------------------
   0.00    0.00   clock clk (rise edge)
   0.00    0.00   clock network delay (ideal)
   0.00    0.00 ^ _117206_/CLK (DFFASRHQNx1_ASAP7_75t_R)
  96.77   96.77 ^ _117206_/QN (DFFASRHQNx1_ASAP7_75t_R)
  32.92  129.69 v _079487_/Y (NOR2x2_ASAP7_75t_R)
  19.26  148.95 ^ _079488_/Y (NAND2x1_ASAP7_75t_R)
  29.15  178.10 ^ _079491_/Y (AO21x1_ASAP7_75t_R)
  26.24  204.34 ^ _079492_/Y (BUFx6f_ASAP7_75t_R)
  18.83  223.17 v _079758_/Y (NAND2x2_ASAP7_75t_R)
  21.16  244.33 ^ _079883_/Y (NOR2x2_ASAP7_75t_R)
  31.89  276.22 ^ _079884_/Y (BUFx4f_ASAP7_75t_R)
  31.47  307.69 ^ _079885_/Y (BUFx3_ASAP7_75t_R)
  22.98  330.67 ^ _079988_/Y (OR3x1_ASAP7_75t_R)
  29.04  359.71 ^ _079989_/Y (BUFx3_ASAP7_75t_R)
  33.80  393.51 ^ _079990_/Y (BUFx3_ASAP7_75t_R)
  12.75  406.26 v _079993_/Y (NAND2x1_ASAP7_75t_R)
  23.22  429.48 v _079994_/Y (OA21x2_ASAP7_75t_R)
   0.00  429.48 v _107376_/D (DFFHQNx1_ASAP7_75t_R)
         429.48   data arrival time

   0.00    0.00   clock clk (rise edge)
   0.00    0.00   clock network delay (ideal)
   0.00    0.00   clock reconvergence pessimism
           0.00 ^ _107376_/CLK (DFFHQNx1_ASAP7_75t_R)
  14.30   14.30   library hold time
          14.30   data required time
---------------------------------------------------------
          14.30   data required time
        -429.48   data arrival time
---------------------------------------------------------
         415.18   slack (MET)


Startpoint: _117206_ (rising edge-triggered flip-flop clocked by clk)
Endpoint: _107383_ (rising edge-triggered flip-flop clocked by clk)
Path Group: clk
Path Type: min

  Delay    Time   Description
---------------------------------------------------------
   0.00    0.00   clock clk (rise edge)
   0.00    0.00   clock network delay (ideal)
   0.00    0.00 ^ _117206_/CLK (DFFASRHQNx1_ASAP7_75t_R)
  96.77   96.77 ^ _117206_/QN (DFFASRHQNx1_ASAP7_75t_R)
  32.92  129.69 v _079487_/Y (NOR2x2_ASAP7_75t_R)
  19.26  148.95 ^ _079488_/Y (NAND2x1_ASAP7_75t_R)
  29.15  178.10 ^ _079491_/Y (AO21x1_ASAP7_75t_R)
  26.24  204.34 ^ _079492_/Y (BUFx6f_ASAP7_75t_R)
  18.83  223.17 v _079758_/Y (NAND2x2_ASAP7_75t_R)
  21.16  244.33 ^ _079883_/Y (NOR2x2_ASAP7_75t_R)
  31.89  276.22 ^ _079884_/Y (BUFx4f_ASAP7_75t_R)
  31.47  307.69 ^ _079885_/Y (BUFx3_ASAP7_75t_R)
  22.98  330.67 ^ _080009_/Y (OR3x1_ASAP7_75t_R)
  29.04  359.71 ^ _080010_/Y (BUFx3_ASAP7_75t_R)
  33.80  393.51 ^ _080011_/Y (BUFx3_ASAP7_75t_R)
  12.75  406.26 v _080012_/Y (NAND2x1_ASAP7_75t_R)
  23.22  429.48 v _080013_/Y (OA21x2_ASAP7_75t_R)
   0.00  429.48 v _107383_/D (DFFHQNx1_ASAP7_75t_R)
         429.48   data arrival time

   0.00    0.00   clock clk (rise edge)
   0.00    0.00   clock network delay (ideal)
   0.00    0.00   clock reconvergence pessimism
           0.00 ^ _107383_/CLK (DFFHQNx1_ASAP7_75t_R)
  14.30   14.30   library hold time
          14.30   data required time
---------------------------------------------------------
          14.30   data required time
        -429.48   data arrival time
---------------------------------------------------------
         415.18   slack (MET)


Startpoint: _117206_ (rising edge-triggered flip-flop clocked by clk)
Endpoint: _107384_ (rising edge-triggered flip-flop clocked by clk)
Path Group: clk
Path Type: min

  Delay    Time   Description
---------------------------------------------------------
   0.00    0.00   clock clk (rise edge)
   0.00    0.00   clock network delay (ideal)
   0.00    0.00 ^ _117206_/CLK (DFFASRHQNx1_ASAP7_75t_R)
  96.77   96.77 ^ _117206_/QN (DFFASRHQNx1_ASAP7_75t_R)
  32.92  129.69 v _079487_/Y (NOR2x2_ASAP7_75t_R)
  19.26  148.95 ^ _079488_/Y (NAND2x1_ASAP7_75t_R)
  29.15  178.10 ^ _079491_/Y (AO21x1_ASAP7_75t_R)
  26.24  204.34 ^ _079492_/Y (BUFx6f_ASAP7_75t_R)
  18.83  223.17 v _079758_/Y (NAND2x2_ASAP7_75t_R)
  21.16  244.33 ^ _079883_/Y (NOR2x2_ASAP7_75t_R)
  31.89  276.22 ^ _079884_/Y (BUFx4f_ASAP7_75t_R)
  31.47  307.69 ^ _079885_/Y (BUFx3_ASAP7_75t_R)
  22.98  330.67 ^ _080009_/Y (OR3x1_ASAP7_75t_R)
  29.04  359.71 ^ _080010_/Y (BUFx3_ASAP7_75t_R)
  33.80  393.51 ^ _080011_/Y (BUFx3_ASAP7_75t_R)
  12.75  406.26 v _080014_/Y (NAND2x1_ASAP7_75t_R)
  23.22  429.48 v _080015_/Y (OA21x2_ASAP7_75t_R)
   0.00  429.48 v _107384_/D (DFFHQNx1_ASAP7_75t_R)
         429.48   data arrival time

   0.00    0.00   clock clk (rise edge)
   0.00    0.00   clock network delay (ideal)
   0.00    0.00   clock reconvergence pessimism
           0.00 ^ _107384_/CLK (DFFHQNx1_ASAP7_75t_R)
  14.30   14.30   library hold time
          14.30   data required time
---------------------------------------------------------
          14.30   data required time
        -429.48   data arrival time
---------------------------------------------------------
         415.18   slack (MET)


Startpoint: _117206_ (rising edge-triggered flip-flop clocked by clk)
Endpoint: _108271_ (rising edge-triggered flip-flop clocked by clk)
Path Group: clk
Path Type: min

  Delay    Time   Description
---------------------------------------------------------
   0.00    0.00   clock clk (rise edge)
   0.00    0.00   clock network delay (ideal)
   0.00    0.00 ^ _117206_/CLK (DFFASRHQNx1_ASAP7_75t_R)
  96.77   96.77 ^ _117206_/QN (DFFASRHQNx1_ASAP7_75t_R)
  32.92  129.69 v _079487_/Y (NOR2x2_ASAP7_75t_R)
  19.26  148.95 ^ _079488_/Y (NAND2x1_ASAP7_75t_R)
  29.15  178.10 ^ _079491_/Y (AO21x1_ASAP7_75t_R)
  26.24  204.34 ^ _079492_/Y (BUFx6f_ASAP7_75t_R)
  18.83  223.17 v _079758_/Y (NAND2x2_ASAP7_75t_R)
  21.16  244.33 ^ _079883_/Y (NOR2x2_ASAP7_75t_R)
  31.89  276.22 ^ _079884_/Y (BUFx4f_ASAP7_75t_R)
  31.47  307.69 ^ _079885_/Y (BUFx3_ASAP7_75t_R)
  22.98  330.67 ^ _082455_/Y (OR3x1_ASAP7_75t_R)
  29.04  359.71 ^ _082456_/Y (BUFx3_ASAP7_75t_R)
  33.80  393.51 ^ _082457_/Y (BUFx3_ASAP7_75t_R)
  12.75  406.26 v _082458_/Y (NAND2x1_ASAP7_75t_R)
  23.22  429.48 v _082459_/Y (OA21x2_ASAP7_75t_R)
   0.00  429.48 v _108271_/D (DFFHQNx1_ASAP7_75t_R)
         429.48   data arrival time

   0.00    0.00   clock clk (rise edge)
   0.00    0.00   clock network delay (ideal)
   0.00    0.00   clock reconvergence pessimism
           0.00 ^ _108271_/CLK (DFFHQNx1_ASAP7_75t_R)
  14.30   14.30   library hold time
          14.30   data required time
---------------------------------------------------------
          14.30   data required time
        -429.48   data arrival time
---------------------------------------------------------
         415.18   slack (MET)


Startpoint: _117206_ (rising edge-triggered flip-flop clocked by clk)
Endpoint: _108272_ (rising edge-triggered flip-flop clocked by clk)
Path Group: clk
Path Type: min

  Delay    Time   Description
---------------------------------------------------------
   0.00    0.00   clock clk (rise edge)
   0.00    0.00   clock network delay (ideal)
   0.00    0.00 ^ _117206_/CLK (DFFASRHQNx1_ASAP7_75t_R)
  96.77   96.77 ^ _117206_/QN (DFFASRHQNx1_ASAP7_75t_R)
  32.92  129.69 v _079487_/Y (NOR2x2_ASAP7_75t_R)
  19.26  148.95 ^ _079488_/Y (NAND2x1_ASAP7_75t_R)
  29.15  178.10 ^ _079491_/Y (AO21x1_ASAP7_75t_R)
  26.24  204.34 ^ _079492_/Y (BUFx6f_ASAP7_75t_R)
  18.83  223.17 v _079758_/Y (NAND2x2_ASAP7_75t_R)
  21.16  244.33 ^ _079883_/Y (NOR2x2_ASAP7_75t_R)
  31.89  276.22 ^ _079884_/Y (BUFx4f_ASAP7_75t_R)
  31.47  307.69 ^ _079885_/Y (BUFx3_ASAP7_75t_R)
  22.98  330.67 ^ _082455_/Y (OR3x1_ASAP7_75t_R)
  29.04  359.71 ^ _082456_/Y (BUFx3_ASAP7_75t_R)
  33.80  393.51 ^ _082457_/Y (BUFx3_ASAP7_75t_R)
  12.75  406.26 v _082460_/Y (NAND2x1_ASAP7_75t_R)
  23.22  429.48 v _082461_/Y (OA21x2_ASAP7_75t_R)
   0.00  429.48 v _108272_/D (DFFHQNx1_ASAP7_75t_R)
         429.48   data arrival time

   0.00    0.00   clock clk (rise edge)
   0.00    0.00   clock network delay (ideal)
   0.00    0.00   clock reconvergence pessimism
           0.00 ^ _108272_/CLK (DFFHQNx1_ASAP7_75t_R)
  14.30   14.30   library hold time
          14.30   data required time
---------------------------------------------------------
          14.30   data required time
        -429.48   data arrival time
---------------------------------------------------------
         415.18   slack (MET)


Startpoint: _117206_ (rising edge-triggered flip-flop clocked by clk)
Endpoint: _108479_ (rising edge-triggered flip-flop clocked by clk)
Path Group: clk
Path Type: min

  Delay    Time   Description
---------------------------------------------------------
   0.00    0.00   clock clk (rise edge)
   0.00    0.00   clock network delay (ideal)
   0.00    0.00 ^ _117206_/CLK (DFFASRHQNx1_ASAP7_75t_R)
  96.77   96.77 ^ _117206_/QN (DFFASRHQNx1_ASAP7_75t_R)
  32.92  129.69 v _079487_/Y (NOR2x2_ASAP7_75t_R)
  19.26  148.95 ^ _079488_/Y (NAND2x1_ASAP7_75t_R)
  29.15  178.10 ^ _079491_/Y (AO21x1_ASAP7_75t_R)
  26.24  204.34 ^ _079492_/Y (BUFx6f_ASAP7_75t_R)
  18.83  223.17 v _079758_/Y (NAND2x2_ASAP7_75t_R)
  21.16  244.33 ^ _079883_/Y (NOR2x2_ASAP7_75t_R)
  31.89  276.22 ^ _079884_/Y (BUFx4f_ASAP7_75t_R)
  31.47  307.69 ^ _079885_/Y (BUFx3_ASAP7_75t_R)
  22.98  330.67 ^ _082974_/Y (OR3x1_ASAP7_75t_R)
  29.04  359.71 ^ _082975_/Y (BUFx3_ASAP7_75t_R)
  33.80  393.51 ^ _082976_/Y (BUFx3_ASAP7_75t_R)
  12.75  406.26 v _082977_/Y (NAND2x1_ASAP7_75t_R)
  23.22  429.48 v _082978_/Y (OA21x2_ASAP7_75t_R)
   0.00  429.48 v _108479_/D (DFFHQNx1_ASAP7_75t_R)
         429.48   data arrival time

   0.00    0.00   clock clk (rise edge)
   0.00    0.00   clock network delay (ideal)
   0.00    0.00   clock reconvergence pessimism
           0.00 ^ _108479_/CLK (DFFHQNx1_ASAP7_75t_R)
  14.30   14.30   library hold time
          14.30   data required time
---------------------------------------------------------
          14.30   data required time
        -429.48   data arrival time
---------------------------------------------------------
         415.18   slack (MET)


Startpoint: _117206_ (rising edge-triggered flip-flop clocked by clk)
Endpoint: _108480_ (rising edge-triggered flip-flop clocked by clk)
Path Group: clk
Path Type: min

  Delay    Time   Description
---------------------------------------------------------
   0.00    0.00   clock clk (rise edge)
   0.00    0.00   clock network delay (ideal)
   0.00    0.00 ^ _117206_/CLK (DFFASRHQNx1_ASAP7_75t_R)
  96.77   96.77 ^ _117206_/QN (DFFASRHQNx1_ASAP7_75t_R)
  32.92  129.69 v _079487_/Y (NOR2x2_ASAP7_75t_R)
  19.26  148.95 ^ _079488_/Y (NAND2x1_ASAP7_75t_R)
  29.15  178.10 ^ _079491_/Y (AO21x1_ASAP7_75t_R)
  26.24  204.34 ^ _079492_/Y (BUFx6f_ASAP7_75t_R)
  18.83  223.17 v _079758_/Y (NAND2x2_ASAP7_75t_R)
  21.16  244.33 ^ _079883_/Y (NOR2x2_ASAP7_75t_R)
  31.89  276.22 ^ _079884_/Y (BUFx4f_ASAP7_75t_R)
  31.47  307.69 ^ _079885_/Y (BUFx3_ASAP7_75t_R)
  22.98  330.67 ^ _082974_/Y (OR3x1_ASAP7_75t_R)
  29.04  359.71 ^ _082975_/Y (BUFx3_ASAP7_75t_R)
  33.80  393.51 ^ _082976_/Y (BUFx3_ASAP7_75t_R)
  12.75  406.26 v _082979_/Y (NAND2x1_ASAP7_75t_R)
  23.22  429.48 v _082980_/Y (OA21x2_ASAP7_75t_R)
   0.00  429.48 v _108480_/D (DFFHQNx1_ASAP7_75t_R)
         429.48   data arrival time

   0.00    0.00   clock clk (rise edge)
   0.00    0.00   clock network delay (ideal)
   0.00    0.00   clock reconvergence pessimism
           0.00 ^ _108480_/CLK (DFFHQNx1_ASAP7_75t_R)
  14.30   14.30   library hold time
          14.30   data required time
---------------------------------------------------------
          14.30   data required time
        -429.48   data arrival time
---------------------------------------------------------
         415.18   slack (MET)


Startpoint: _117206_ (rising edge-triggered flip-flop clocked by clk)
Endpoint: _108487_ (rising edge-triggered flip-flop clocked by clk)
Path Group: clk
Path Type: min

  Delay    Time   Description
---------------------------------------------------------
   0.00    0.00   clock clk (rise edge)
   0.00    0.00   clock network delay (ideal)
   0.00    0.00 ^ _117206_/CLK (DFFASRHQNx1_ASAP7_75t_R)
  96.77   96.77 ^ _117206_/QN (DFFASRHQNx1_ASAP7_75t_R)
  32.92  129.69 v _079487_/Y (NOR2x2_ASAP7_75t_R)
  19.26  148.95 ^ _079488_/Y (NAND2x1_ASAP7_75t_R)
  29.15  178.10 ^ _079491_/Y (AO21x1_ASAP7_75t_R)
  26.24  204.34 ^ _079492_/Y (BUFx6f_ASAP7_75t_R)
  18.83  223.17 v _079758_/Y (NAND2x2_ASAP7_75t_R)
  21.16  244.33 ^ _079883_/Y (NOR2x2_ASAP7_75t_R)
  31.89  276.22 ^ _079884_/Y (BUFx4f_ASAP7_75t_R)
  31.47  307.69 ^ _079885_/Y (BUFx3_ASAP7_75t_R)
  22.98  330.67 ^ _082993_/Y (OR3x1_ASAP7_75t_R)
  29.04  359.71 ^ _082994_/Y (BUFx3_ASAP7_75t_R)
  33.80  393.51 ^ _082995_/Y (BUFx3_ASAP7_75t_R)
  12.75  406.26 v _082996_/Y (NAND2x1_ASAP7_75t_R)
  23.22  429.48 v _082997_/Y (OA21x2_ASAP7_75t_R)
   0.00  429.48 v _108487_/D (DFFHQNx1_ASAP7_75t_R)
         429.48   data arrival time

   0.00    0.00   clock clk (rise edge)
   0.00    0.00   clock network delay (ideal)
   0.00    0.00   clock reconvergence pessimism
           0.00 ^ _108487_/CLK (DFFHQNx1_ASAP7_75t_R)
  14.30   14.30   library hold time
          14.30   data required time
---------------------------------------------------------
          14.30   data required time
        -429.48   data arrival time
---------------------------------------------------------
         415.18   slack (MET)


Startpoint: _117206_ (rising edge-triggered flip-flop clocked by clk)
Endpoint: _108488_ (rising edge-triggered flip-flop clocked by clk)
Path Group: clk
Path Type: min

  Delay    Time   Description
---------------------------------------------------------
   0.00    0.00   clock clk (rise edge)
   0.00    0.00   clock network delay (ideal)
   0.00    0.00 ^ _117206_/CLK (DFFASRHQNx1_ASAP7_75t_R)
  96.77   96.77 ^ _117206_/QN (DFFASRHQNx1_ASAP7_75t_R)
  32.92  129.69 v _079487_/Y (NOR2x2_ASAP7_75t_R)
  19.26  148.95 ^ _079488_/Y (NAND2x1_ASAP7_75t_R)
  29.15  178.10 ^ _079491_/Y (AO21x1_ASAP7_75t_R)
  26.24  204.34 ^ _079492_/Y (BUFx6f_ASAP7_75t_R)
  18.83  223.17 v _079758_/Y (NAND2x2_ASAP7_75t_R)
  21.16  244.33 ^ _079883_/Y (NOR2x2_ASAP7_75t_R)
  31.89  276.22 ^ _079884_/Y (BUFx4f_ASAP7_75t_R)
  31.47  307.69 ^ _079885_/Y (BUFx3_ASAP7_75t_R)
  22.98  330.67 ^ _082993_/Y (OR3x1_ASAP7_75t_R)
  29.04  359.71 ^ _082994_/Y (BUFx3_ASAP7_75t_R)
  33.80  393.51 ^ _082995_/Y (BUFx3_ASAP7_75t_R)
  12.75  406.26 v _082998_/Y (NAND2x1_ASAP7_75t_R)
  23.22  429.48 v _082999_/Y (OA21x2_ASAP7_75t_R)
   0.00  429.48 v _108488_/D (DFFHQNx1_ASAP7_75t_R)
         429.48   data arrival time

   0.00    0.00   clock clk (rise edge)
   0.00    0.00   clock network delay (ideal)
   0.00    0.00   clock reconvergence pessimism
           0.00 ^ _108488_/CLK (DFFHQNx1_ASAP7_75t_R)
  14.30   14.30   library hold time
          14.30   data required time
---------------------------------------------------------
          14.30   data required time
        -429.48   data arrival time
---------------------------------------------------------
         415.18   slack (MET)


Startpoint: _117206_ (rising edge-triggered flip-flop clocked by clk)
Endpoint: _108495_ (rising edge-triggered flip-flop clocked by clk)
Path Group: clk
Path Type: min

  Delay    Time   Description
---------------------------------------------------------
   0.00    0.00   clock clk (rise edge)
   0.00    0.00   clock network delay (ideal)
   0.00    0.00 ^ _117206_/CLK (DFFASRHQNx1_ASAP7_75t_R)
  96.77   96.77 ^ _117206_/QN (DFFASRHQNx1_ASAP7_75t_R)
  32.92  129.69 v _079487_/Y (NOR2x2_ASAP7_75t_R)
  19.26  148.95 ^ _079488_/Y (NAND2x1_ASAP7_75t_R)
  29.15  178.10 ^ _079491_/Y (AO21x1_ASAP7_75t_R)
  26.24  204.34 ^ _079492_/Y (BUFx6f_ASAP7_75t_R)
  18.83  223.17 v _079758_/Y (NAND2x2_ASAP7_75t_R)
  21.16  244.33 ^ _079883_/Y (NOR2x2_ASAP7_75t_R)
  31.89  276.22 ^ _079884_/Y (BUFx4f_ASAP7_75t_R)
  31.47  307.69 ^ _079885_/Y (BUFx3_ASAP7_75t_R)
  22.98  330.67 ^ _083013_/Y (OR3x1_ASAP7_75t_R)
  29.04  359.71 ^ _083014_/Y (BUFx3_ASAP7_75t_R)
  33.80  393.51 ^ _083015_/Y (BUFx3_ASAP7_75t_R)
  12.75  406.26 v _083016_/Y (NAND2x1_ASAP7_75t_R)
  23.22  429.48 v _083017_/Y (OA21x2_ASAP7_75t_R)
   0.00  429.48 v _108495_/D (DFFHQNx1_ASAP7_75t_R)
         429.48   data arrival time

   0.00    0.00   clock clk (rise edge)
   0.00    0.00   clock network delay (ideal)
   0.00    0.00   clock reconvergence pessimism
           0.00 ^ _108495_/CLK (DFFHQNx1_ASAP7_75t_R)
  14.30   14.30   library hold time
          14.30   data required time
---------------------------------------------------------
          14.30   data required time
        -429.48   data arrival time
---------------------------------------------------------
         415.18   slack (MET)


Startpoint: _117206_ (rising edge-triggered flip-flop clocked by clk)
Endpoint: _108496_ (rising edge-triggered flip-flop clocked by clk)
Path Group: clk
Path Type: min

  Delay    Time   Description
---------------------------------------------------------
   0.00    0.00   clock clk (rise edge)
   0.00    0.00   clock network delay (ideal)
   0.00    0.00 ^ _117206_/CLK (DFFASRHQNx1_ASAP7_75t_R)
  96.77   96.77 ^ _117206_/QN (DFFASRHQNx1_ASAP7_75t_R)
  32.92  129.69 v _079487_/Y (NOR2x2_ASAP7_75t_R)
  19.26  148.95 ^ _079488_/Y (NAND2x1_ASAP7_75t_R)
  29.15  178.10 ^ _079491_/Y (AO21x1_ASAP7_75t_R)
  26.24  204.34 ^ _079492_/Y (BUFx6f_ASAP7_75t_R)
  18.83  223.17 v _079758_/Y (NAND2x2_ASAP7_75t_R)
  21.16  244.33 ^ _079883_/Y (NOR2x2_ASAP7_75t_R)
  31.89  276.22 ^ _079884_/Y (BUFx4f_ASAP7_75t_R)
  31.47  307.69 ^ _079885_/Y (BUFx3_ASAP7_75t_R)
  22.98  330.67 ^ _083013_/Y (OR3x1_ASAP7_75t_R)
  29.04  359.71 ^ _083014_/Y (BUFx3_ASAP7_75t_R)
  33.80  393.51 ^ _083015_/Y (BUFx3_ASAP7_75t_R)
  12.75  406.26 v _083018_/Y (NAND2x1_ASAP7_75t_R)
  23.22  429.48 v _083019_/Y (OA21x2_ASAP7_75t_R)
   0.00  429.48 v _108496_/D (DFFHQNx1_ASAP7_75t_R)
         429.48   data arrival time

   0.00    0.00   clock clk (rise edge)
   0.00    0.00   clock network delay (ideal)
   0.00    0.00   clock reconvergence pessimism
           0.00 ^ _108496_/CLK (DFFHQNx1_ASAP7_75t_R)
  14.30   14.30   library hold time
          14.30   data required time
---------------------------------------------------------
          14.30   data required time
        -429.48   data arrival time
---------------------------------------------------------
         415.18   slack (MET)


Startpoint: _117206_ (rising edge-triggered flip-flop clocked by clk)
Endpoint: _108503_ (rising edge-triggered flip-flop clocked by clk)
Path Group: clk
Path Type: min

  Delay    Time   Description
---------------------------------------------------------
   0.00    0.00   clock clk (rise edge)
   0.00    0.00   clock network delay (ideal)
   0.00    0.00 ^ _117206_/CLK (DFFASRHQNx1_ASAP7_75t_R)
  96.77   96.77 ^ _117206_/QN (DFFASRHQNx1_ASAP7_75t_R)
  32.92  129.69 v _079487_/Y (NOR2x2_ASAP7_75t_R)
  19.26  148.95 ^ _079488_/Y (NAND2x1_ASAP7_75t_R)
  29.15  178.10 ^ _079491_/Y (AO21x1_ASAP7_75t_R)
  26.24  204.34 ^ _079492_/Y (BUFx6f_ASAP7_75t_R)
  18.83  223.17 v _079758_/Y (NAND2x2_ASAP7_75t_R)
  21.16  244.33 ^ _079883_/Y (NOR2x2_ASAP7_75t_R)
  31.89  276.22 ^ _079884_/Y (BUFx4f_ASAP7_75t_R)
  31.47  307.69 ^ _079885_/Y (BUFx3_ASAP7_75t_R)
  22.98  330.67 ^ _083033_/Y (OR3x1_ASAP7_75t_R)
  29.04  359.71 ^ _083034_/Y (BUFx3_ASAP7_75t_R)
  33.80  393.51 ^ _083035_/Y (BUFx3_ASAP7_75t_R)
  12.75  406.26 v _083036_/Y (NAND2x1_ASAP7_75t_R)
  23.22  429.48 v _083037_/Y (OA21x2_ASAP7_75t_R)
   0.00  429.48 v _108503_/D (DFFHQNx1_ASAP7_75t_R)
         429.48   data arrival time

   0.00    0.00   clock clk (rise edge)
   0.00    0.00   clock network delay (ideal)
   0.00    0.00   clock reconvergence pessimism
           0.00 ^ _108503_/CLK (DFFHQNx1_ASAP7_75t_R)
  14.30   14.30   library hold time
          14.30   data required time
---------------------------------------------------------
          14.30   data required time
        -429.48   data arrival time
---------------------------------------------------------
         415.18   slack (MET)


Startpoint: _117206_ (rising edge-triggered flip-flop clocked by clk)
Endpoint: _108504_ (rising edge-triggered flip-flop clocked by clk)
Path Group: clk
Path Type: min

  Delay    Time   Description
---------------------------------------------------------
   0.00    0.00   clock clk (rise edge)
   0.00    0.00   clock network delay (ideal)
   0.00    0.00 ^ _117206_/CLK (DFFASRHQNx1_ASAP7_75t_R)
  96.77   96.77 ^ _117206_/QN (DFFASRHQNx1_ASAP7_75t_R)
  32.92  129.69 v _079487_/Y (NOR2x2_ASAP7_75t_R)
  19.26  148.95 ^ _079488_/Y (NAND2x1_ASAP7_75t_R)
  29.15  178.10 ^ _079491_/Y (AO21x1_ASAP7_75t_R)
  26.24  204.34 ^ _079492_/Y (BUFx6f_ASAP7_75t_R)
  18.83  223.17 v _079758_/Y (NAND2x2_ASAP7_75t_R)
  21.16  244.33 ^ _079883_/Y (NOR2x2_ASAP7_75t_R)
  31.89  276.22 ^ _079884_/Y (BUFx4f_ASAP7_75t_R)
  31.47  307.69 ^ _079885_/Y (BUFx3_ASAP7_75t_R)
  22.98  330.67 ^ _083033_/Y (OR3x1_ASAP7_75t_R)
  29.04  359.71 ^ _083034_/Y (BUFx3_ASAP7_75t_R)
  33.80  393.51 ^ _083035_/Y (BUFx3_ASAP7_75t_R)
  12.75  406.26 v _083039_/Y (NAND2x1_ASAP7_75t_R)
  23.22  429.48 v _083040_/Y (OA21x2_ASAP7_75t_R)
   0.00  429.48 v _108504_/D (DFFHQNx1_ASAP7_75t_R)
         429.48   data arrival time

   0.00    0.00   clock clk (rise edge)
   0.00    0.00   clock network delay (ideal)
   0.00    0.00   clock reconvergence pessimism
           0.00 ^ _108504_/CLK (DFFHQNx1_ASAP7_75t_R)
  14.30   14.30   library hold time
          14.30   data required time
---------------------------------------------------------
          14.30   data required time
        -429.48   data arrival time
---------------------------------------------------------
         415.18   slack (MET)


Startpoint: _117206_ (rising edge-triggered flip-flop clocked by clk)
Endpoint: _108511_ (rising edge-triggered flip-flop clocked by clk)
Path Group: clk
Path Type: min

  Delay    Time   Description
---------------------------------------------------------
   0.00    0.00   clock clk (rise edge)
   0.00    0.00   clock network delay (ideal)
   0.00    0.00 ^ _117206_/CLK (DFFASRHQNx1_ASAP7_75t_R)
  96.77   96.77 ^ _117206_/QN (DFFASRHQNx1_ASAP7_75t_R)
  32.92  129.69 v _079487_/Y (NOR2x2_ASAP7_75t_R)
  19.26  148.95 ^ _079488_/Y (NAND2x1_ASAP7_75t_R)
  29.15  178.10 ^ _079491_/Y (AO21x1_ASAP7_75t_R)
  26.24  204.34 ^ _079492_/Y (BUFx6f_ASAP7_75t_R)
  18.83  223.17 v _079758_/Y (NAND2x2_ASAP7_75t_R)
  21.16  244.33 ^ _079883_/Y (NOR2x2_ASAP7_75t_R)
  31.89  276.22 ^ _079884_/Y (BUFx4f_ASAP7_75t_R)
  31.47  307.69 ^ _079885_/Y (BUFx3_ASAP7_75t_R)
  22.98  330.67 ^ _083058_/Y (OR3x1_ASAP7_75t_R)
  29.04  359.71 ^ _083059_/Y (BUFx3_ASAP7_75t_R)
  33.80  393.51 ^ _083060_/Y (BUFx3_ASAP7_75t_R)
  12.75  406.26 v _083061_/Y (NAND2x1_ASAP7_75t_R)
  23.22  429.48 v _083062_/Y (OA21x2_ASAP7_75t_R)
   0.00  429.48 v _108511_/D (DFFHQNx1_ASAP7_75t_R)
         429.48   data arrival time

   0.00    0.00   clock clk (rise edge)
   0.00    0.00   clock network delay (ideal)
   0.00    0.00   clock reconvergence pessimism
           0.00 ^ _108511_/CLK (DFFHQNx1_ASAP7_75t_R)
  14.30   14.30   library hold time
          14.30   data required time
---------------------------------------------------------
          14.30   data required time
        -429.48   data arrival time
---------------------------------------------------------
         415.18   slack (MET)


Startpoint: _117206_ (rising edge-triggered flip-flop clocked by clk)
Endpoint: _108512_ (rising edge-triggered flip-flop clocked by clk)
Path Group: clk
Path Type: min

  Delay    Time   Description
---------------------------------------------------------
   0.00    0.00   clock clk (rise edge)
   0.00    0.00   clock network delay (ideal)
   0.00    0.00 ^ _117206_/CLK (DFFASRHQNx1_ASAP7_75t_R)
  96.77   96.77 ^ _117206_/QN (DFFASRHQNx1_ASAP7_75t_R)
  32.92  129.69 v _079487_/Y (NOR2x2_ASAP7_75t_R)
  19.26  148.95 ^ _079488_/Y (NAND2x1_ASAP7_75t_R)
  29.15  178.10 ^ _079491_/Y (AO21x1_ASAP7_75t_R)
  26.24  204.34 ^ _079492_/Y (BUFx6f_ASAP7_75t_R)
  18.83  223.17 v _079758_/Y (NAND2x2_ASAP7_75t_R)
  21.16  244.33 ^ _079883_/Y (NOR2x2_ASAP7_75t_R)
  31.89  276.22 ^ _079884_/Y (BUFx4f_ASAP7_75t_R)
  31.47  307.69 ^ _079885_/Y (BUFx3_ASAP7_75t_R)
  22.98  330.67 ^ _083058_/Y (OR3x1_ASAP7_75t_R)
  29.04  359.71 ^ _083059_/Y (BUFx3_ASAP7_75t_R)
  33.80  393.51 ^ _083060_/Y (BUFx3_ASAP7_75t_R)
  12.75  406.26 v _083063_/Y (NAND2x1_ASAP7_75t_R)
  23.22  429.48 v _083064_/Y (OA21x2_ASAP7_75t_R)
   0.00  429.48 v _108512_/D (DFFHQNx1_ASAP7_75t_R)
         429.48   data arrival time

   0.00    0.00   clock clk (rise edge)
   0.00    0.00   clock network delay (ideal)
   0.00    0.00   clock reconvergence pessimism
           0.00 ^ _108512_/CLK (DFFHQNx1_ASAP7_75t_R)
  14.30   14.30   library hold time
          14.30   data required time
---------------------------------------------------------
          14.30   data required time
        -429.48   data arrival time
---------------------------------------------------------
         415.18   slack (MET)


Startpoint: _117206_ (rising edge-triggered flip-flop clocked by clk)
Endpoint: _108519_ (rising edge-triggered flip-flop clocked by clk)
Path Group: clk
Path Type: min

  Delay    Time   Description
---------------------------------------------------------
   0.00    0.00   clock clk (rise edge)
   0.00    0.00   clock network delay (ideal)
   0.00    0.00 ^ _117206_/CLK (DFFASRHQNx1_ASAP7_75t_R)
  96.77   96.77 ^ _117206_/QN (DFFASRHQNx1_ASAP7_75t_R)
  32.92  129.69 v _079487_/Y (NOR2x2_ASAP7_75t_R)
  19.26  148.95 ^ _079488_/Y (NAND2x1_ASAP7_75t_R)
  29.15  178.10 ^ _079491_/Y (AO21x1_ASAP7_75t_R)
  26.24  204.34 ^ _079492_/Y (BUFx6f_ASAP7_75t_R)
  18.83  223.17 v _079758_/Y (NAND2x2_ASAP7_75t_R)
  21.16  244.33 ^ _079883_/Y (NOR2x2_ASAP7_75t_R)
  31.89  276.22 ^ _079884_/Y (BUFx4f_ASAP7_75t_R)
  31.47  307.69 ^ _083077_/Y (BUFx3_ASAP7_75t_R)
  22.98  330.67 ^ _083080_/Y (OR3x1_ASAP7_75t_R)
  29.04  359.71 ^ _083081_/Y (BUFx3_ASAP7_75t_R)
  33.80  393.51 ^ _083082_/Y (BUFx3_ASAP7_75t_R)
  12.75  406.26 v _083083_/Y (NAND2x1_ASAP7_75t_R)
  23.22  429.48 v _083084_/Y (OA21x2_ASAP7_75t_R)
   0.00  429.48 v _108519_/D (DFFHQNx1_ASAP7_75t_R)
         429.48   data arrival time

   0.00    0.00   clock clk (rise edge)
   0.00    0.00   clock network delay (ideal)
   0.00    0.00   clock reconvergence pessimism
           0.00 ^ _108519_/CLK (DFFHQNx1_ASAP7_75t_R)
  14.30   14.30   library hold time
          14.30   data required time
---------------------------------------------------------
          14.30   data required time
        -429.48   data arrival time
---------------------------------------------------------
         415.18   slack (MET)


Startpoint: _117206_ (rising edge-triggered flip-flop clocked by clk)
Endpoint: _108520_ (rising edge-triggered flip-flop clocked by clk)
Path Group: clk
Path Type: min

  Delay    Time   Description
---------------------------------------------------------
   0.00    0.00   clock clk (rise edge)
   0.00    0.00   clock network delay (ideal)
   0.00    0.00 ^ _117206_/CLK (DFFASRHQNx1_ASAP7_75t_R)
  96.77   96.77 ^ _117206_/QN (DFFASRHQNx1_ASAP7_75t_R)
  32.92  129.69 v _079487_/Y (NOR2x2_ASAP7_75t_R)
  19.26  148.95 ^ _079488_/Y (NAND2x1_ASAP7_75t_R)
  29.15  178.10 ^ _079491_/Y (AO21x1_ASAP7_75t_R)
  26.24  204.34 ^ _079492_/Y (BUFx6f_ASAP7_75t_R)
  18.83  223.17 v _079758_/Y (NAND2x2_ASAP7_75t_R)
  21.16  244.33 ^ _079883_/Y (NOR2x2_ASAP7_75t_R)
  31.89  276.22 ^ _079884_/Y (BUFx4f_ASAP7_75t_R)
  31.47  307.69 ^ _083077_/Y (BUFx3_ASAP7_75t_R)
  22.98  330.67 ^ _083080_/Y (OR3x1_ASAP7_75t_R)
  29.04  359.71 ^ _083081_/Y (BUFx3_ASAP7_75t_R)
  33.80  393.51 ^ _083082_/Y (BUFx3_ASAP7_75t_R)
  12.75  406.26 v _083085_/Y (NAND2x1_ASAP7_75t_R)
  23.22  429.48 v _083086_/Y (OA21x2_ASAP7_75t_R)
   0.00  429.48 v _108520_/D (DFFHQNx1_ASAP7_75t_R)
         429.48   data arrival time

   0.00    0.00   clock clk (rise edge)
   0.00    0.00   clock network delay (ideal)
   0.00    0.00   clock reconvergence pessimism
           0.00 ^ _108520_/CLK (DFFHQNx1_ASAP7_75t_R)
  14.30   14.30   library hold time
          14.30   data required time
---------------------------------------------------------
          14.30   data required time
        -429.48   data arrival time
---------------------------------------------------------
         415.18   slack (MET)


Startpoint: _117206_ (rising edge-triggered flip-flop clocked by clk)
Endpoint: _108527_ (rising edge-triggered flip-flop clocked by clk)
Path Group: clk
Path Type: min

  Delay    Time   Description
---------------------------------------------------------
   0.00    0.00   clock clk (rise edge)
   0.00    0.00   clock network delay (ideal)
   0.00    0.00 ^ _117206_/CLK (DFFASRHQNx1_ASAP7_75t_R)
  96.77   96.77 ^ _117206_/QN (DFFASRHQNx1_ASAP7_75t_R)
  32.92  129.69 v _079487_/Y (NOR2x2_ASAP7_75t_R)
  19.26  148.95 ^ _079488_/Y (NAND2x1_ASAP7_75t_R)
  29.15  178.10 ^ _079491_/Y (AO21x1_ASAP7_75t_R)
  26.24  204.34 ^ _079492_/Y (BUFx6f_ASAP7_75t_R)
  18.83  223.17 v _079758_/Y (NAND2x2_ASAP7_75t_R)
  21.16  244.33 ^ _079883_/Y (NOR2x2_ASAP7_75t_R)
  31.89  276.22 ^ _079884_/Y (BUFx4f_ASAP7_75t_R)
  31.47  307.69 ^ _083077_/Y (BUFx3_ASAP7_75t_R)
  22.98  330.67 ^ _083100_/Y (OR3x1_ASAP7_75t_R)
  29.04  359.71 ^ _083101_/Y (BUFx3_ASAP7_75t_R)
  33.80  393.51 ^ _083102_/Y (BUFx3_ASAP7_75t_R)
  12.75  406.26 v _083103_/Y (NAND2x1_ASAP7_75t_R)
  23.22  429.48 v _083104_/Y (OA21x2_ASAP7_75t_R)
   0.00  429.48 v _108527_/D (DFFHQNx1_ASAP7_75t_R)
         429.48   data arrival time

   0.00    0.00   clock clk (rise edge)
   0.00    0.00   clock network delay (ideal)
   0.00    0.00   clock reconvergence pessimism
           0.00 ^ _108527_/CLK (DFFHQNx1_ASAP7_75t_R)
  14.30   14.30   library hold time
          14.30   data required time
---------------------------------------------------------
          14.30   data required time
        -429.48   data arrival time
---------------------------------------------------------
         415.18   slack (MET)


Startpoint: _117206_ (rising edge-triggered flip-flop clocked by clk)
Endpoint: _108528_ (rising edge-triggered flip-flop clocked by clk)
Path Group: clk
Path Type: min

  Delay    Time   Description
---------------------------------------------------------
   0.00    0.00   clock clk (rise edge)
   0.00    0.00   clock network delay (ideal)
   0.00    0.00 ^ _117206_/CLK (DFFASRHQNx1_ASAP7_75t_R)
  96.77   96.77 ^ _117206_/QN (DFFASRHQNx1_ASAP7_75t_R)
  32.92  129.69 v _079487_/Y (NOR2x2_ASAP7_75t_R)
  19.26  148.95 ^ _079488_/Y (NAND2x1_ASAP7_75t_R)
  29.15  178.10 ^ _079491_/Y (AO21x1_ASAP7_75t_R)
  26.24  204.34 ^ _079492_/Y (BUFx6f_ASAP7_75t_R)
  18.83  223.17 v _079758_/Y (NAND2x2_ASAP7_75t_R)
  21.16  244.33 ^ _079883_/Y (NOR2x2_ASAP7_75t_R)
  31.89  276.22 ^ _079884_/Y (BUFx4f_ASAP7_75t_R)
  31.47  307.69 ^ _083077_/Y (BUFx3_ASAP7_75t_R)
  22.98  330.67 ^ _083100_/Y (OR3x1_ASAP7_75t_R)
  29.04  359.71 ^ _083101_/Y (BUFx3_ASAP7_75t_R)
  33.80  393.51 ^ _083102_/Y (BUFx3_ASAP7_75t_R)
  12.75  406.26 v _083105_/Y (NAND2x1_ASAP7_75t_R)
  23.22  429.48 v _083106_/Y (OA21x2_ASAP7_75t_R)
   0.00  429.48 v _108528_/D (DFFHQNx1_ASAP7_75t_R)
         429.48   data arrival time

   0.00    0.00   clock clk (rise edge)
   0.00    0.00   clock network delay (ideal)
   0.00    0.00   clock reconvergence pessimism
           0.00 ^ _108528_/CLK (DFFHQNx1_ASAP7_75t_R)
  14.30   14.30   library hold time
          14.30   data required time
---------------------------------------------------------
          14.30   data required time
        -429.48   data arrival time
---------------------------------------------------------
         415.18   slack (MET)


Startpoint: _117206_ (rising edge-triggered flip-flop clocked by clk)
Endpoint: _108535_ (rising edge-triggered flip-flop clocked by clk)
Path Group: clk
Path Type: min

  Delay    Time   Description
---------------------------------------------------------
   0.00    0.00   clock clk (rise edge)
   0.00    0.00   clock network delay (ideal)
   0.00    0.00 ^ _117206_/CLK (DFFASRHQNx1_ASAP7_75t_R)
  96.77   96.77 ^ _117206_/QN (DFFASRHQNx1_ASAP7_75t_R)
  32.92  129.69 v _079487_/Y (NOR2x2_ASAP7_75t_R)
  19.26  148.95 ^ _079488_/Y (NAND2x1_ASAP7_75t_R)
  29.15  178.10 ^ _079491_/Y (AO21x1_ASAP7_75t_R)
  26.24  204.34 ^ _079492_/Y (BUFx6f_ASAP7_75t_R)
  18.83  223.17 v _079758_/Y (NAND2x2_ASAP7_75t_R)
  21.16  244.33 ^ _079883_/Y (NOR2x2_ASAP7_75t_R)
  31.89  276.22 ^ _079884_/Y (BUFx4f_ASAP7_75t_R)
  31.47  307.69 ^ _083077_/Y (BUFx3_ASAP7_75t_R)
  22.98  330.67 ^ _083120_/Y (OR3x1_ASAP7_75t_R)
  29.04  359.71 ^ _083121_/Y (BUFx3_ASAP7_75t_R)
  33.80  393.51 ^ _083122_/Y (BUFx3_ASAP7_75t_R)
  12.75  406.26 v _083123_/Y (NAND2x1_ASAP7_75t_R)
  23.22  429.48 v _083124_/Y (OA21x2_ASAP7_75t_R)
   0.00  429.48 v _108535_/D (DFFHQNx1_ASAP7_75t_R)
         429.48   data arrival time

   0.00    0.00   clock clk (rise edge)
   0.00    0.00   clock network delay (ideal)
   0.00    0.00   clock reconvergence pessimism
           0.00 ^ _108535_/CLK (DFFHQNx1_ASAP7_75t_R)
  14.30   14.30   library hold time
          14.30   data required time
---------------------------------------------------------
          14.30   data required time
        -429.48   data arrival time
---------------------------------------------------------
         415.18   slack (MET)


Startpoint: _117206_ (rising edge-triggered flip-flop clocked by clk)
Endpoint: _108536_ (rising edge-triggered flip-flop clocked by clk)
Path Group: clk
Path Type: min

  Delay    Time   Description
---------------------------------------------------------
   0.00    0.00   clock clk (rise edge)
   0.00    0.00   clock network delay (ideal)
   0.00    0.00 ^ _117206_/CLK (DFFASRHQNx1_ASAP7_75t_R)
  96.77   96.77 ^ _117206_/QN (DFFASRHQNx1_ASAP7_75t_R)
  32.92  129.69 v _079487_/Y (NOR2x2_ASAP7_75t_R)
  19.26  148.95 ^ _079488_/Y (NAND2x1_ASAP7_75t_R)
  29.15  178.10 ^ _079491_/Y (AO21x1_ASAP7_75t_R)
  26.24  204.34 ^ _079492_/Y (BUFx6f_ASAP7_75t_R)
  18.83  223.17 v _079758_/Y (NAND2x2_ASAP7_75t_R)
  21.16  244.33 ^ _079883_/Y (NOR2x2_ASAP7_75t_R)
  31.89  276.22 ^ _079884_/Y (BUFx4f_ASAP7_75t_R)
  31.47  307.69 ^ _083077_/Y (BUFx3_ASAP7_75t_R)
  22.98  330.67 ^ _083120_/Y (OR3x1_ASAP7_75t_R)
  29.04  359.71 ^ _083121_/Y (BUFx3_ASAP7_75t_R)
  33.80  393.51 ^ _083122_/Y (BUFx3_ASAP7_75t_R)
  12.75  406.26 v _083125_/Y (NAND2x1_ASAP7_75t_R)
  23.22  429.48 v _083126_/Y (OA21x2_ASAP7_75t_R)
   0.00  429.48 v _108536_/D (DFFHQNx1_ASAP7_75t_R)
         429.48   data arrival time

   0.00    0.00   clock clk (rise edge)
   0.00    0.00   clock network delay (ideal)
   0.00    0.00   clock reconvergence pessimism
           0.00 ^ _108536_/CLK (DFFHQNx1_ASAP7_75t_R)
  14.30   14.30   library hold time
          14.30   data required time
---------------------------------------------------------
          14.30   data required time
        -429.48   data arrival time
---------------------------------------------------------
         415.18   slack (MET)


Startpoint: _117206_ (rising edge-triggered flip-flop clocked by clk)
Endpoint: _108543_ (rising edge-triggered flip-flop clocked by clk)
Path Group: clk
Path Type: min

  Delay    Time   Description
---------------------------------------------------------
   0.00    0.00   clock clk (rise edge)
   0.00    0.00   clock network delay (ideal)
   0.00    0.00 ^ _117206_/CLK (DFFASRHQNx1_ASAP7_75t_R)
  96.77   96.77 ^ _117206_/QN (DFFASRHQNx1_ASAP7_75t_R)
  32.92  129.69 v _079487_/Y (NOR2x2_ASAP7_75t_R)
  19.26  148.95 ^ _079488_/Y (NAND2x1_ASAP7_75t_R)
  29.15  178.10 ^ _079491_/Y (AO21x1_ASAP7_75t_R)
  26.24  204.34 ^ _079492_/Y (BUFx6f_ASAP7_75t_R)
  18.83  223.17 v _079758_/Y (NAND2x2_ASAP7_75t_R)
  21.16  244.33 ^ _079883_/Y (NOR2x2_ASAP7_75t_R)
  31.89  276.22 ^ _079884_/Y (BUFx4f_ASAP7_75t_R)
  31.47  307.69 ^ _083077_/Y (BUFx3_ASAP7_75t_R)
  22.98  330.67 ^ _083139_/Y (OR3x1_ASAP7_75t_R)
  29.04  359.71 ^ _083140_/Y (BUFx3_ASAP7_75t_R)
  33.80  393.51 ^ _083141_/Y (BUFx3_ASAP7_75t_R)
  12.75  406.26 v _083142_/Y (NAND2x1_ASAP7_75t_R)
  23.22  429.48 v _083143_/Y (OA21x2_ASAP7_75t_R)
   0.00  429.48 v _108543_/D (DFFHQNx1_ASAP7_75t_R)
         429.48   data arrival time

   0.00    0.00   clock clk (rise edge)
   0.00    0.00   clock network delay (ideal)
   0.00    0.00   clock reconvergence pessimism
           0.00 ^ _108543_/CLK (DFFHQNx1_ASAP7_75t_R)
  14.30   14.30   library hold time
          14.30   data required time
---------------------------------------------------------
          14.30   data required time
        -429.48   data arrival time
---------------------------------------------------------
         415.18   slack (MET)


Startpoint: _117206_ (rising edge-triggered flip-flop clocked by clk)
Endpoint: _108544_ (rising edge-triggered flip-flop clocked by clk)
Path Group: clk
Path Type: min

  Delay    Time   Description
---------------------------------------------------------
   0.00    0.00   clock clk (rise edge)
   0.00    0.00   clock network delay (ideal)
   0.00    0.00 ^ _117206_/CLK (DFFASRHQNx1_ASAP7_75t_R)
  96.77   96.77 ^ _117206_/QN (DFFASRHQNx1_ASAP7_75t_R)
  32.92  129.69 v _079487_/Y (NOR2x2_ASAP7_75t_R)
  19.26  148.95 ^ _079488_/Y (NAND2x1_ASAP7_75t_R)
  29.15  178.10 ^ _079491_/Y (AO21x1_ASAP7_75t_R)
  26.24  204.34 ^ _079492_/Y (BUFx6f_ASAP7_75t_R)
  18.83  223.17 v _079758_/Y (NAND2x2_ASAP7_75t_R)
  21.16  244.33 ^ _079883_/Y (NOR2x2_ASAP7_75t_R)
  31.89  276.22 ^ _079884_/Y (BUFx4f_ASAP7_75t_R)
  31.47  307.69 ^ _083077_/Y (BUFx3_ASAP7_75t_R)
  22.98  330.67 ^ _083139_/Y (OR3x1_ASAP7_75t_R)
  29.04  359.71 ^ _083140_/Y (BUFx3_ASAP7_75t_R)
  33.80  393.51 ^ _083141_/Y (BUFx3_ASAP7_75t_R)
  12.75  406.26 v _083144_/Y (NAND2x1_ASAP7_75t_R)
  23.22  429.48 v _083145_/Y (OA21x2_ASAP7_75t_R)
   0.00  429.48 v _108544_/D (DFFHQNx1_ASAP7_75t_R)
         429.48   data arrival time

   0.00    0.00   clock clk (rise edge)
   0.00    0.00   clock network delay (ideal)
   0.00    0.00   clock reconvergence pessimism
           0.00 ^ _108544_/CLK (DFFHQNx1_ASAP7_75t_R)
  14.30   14.30   library hold time
          14.30   data required time
---------------------------------------------------------
          14.30   data required time
        -429.48   data arrival time
---------------------------------------------------------
         415.18   slack (MET)


Startpoint: _117206_ (rising edge-triggered flip-flop clocked by clk)
Endpoint: _108551_ (rising edge-triggered flip-flop clocked by clk)
Path Group: clk
Path Type: min

  Delay    Time   Description
---------------------------------------------------------
   0.00    0.00   clock clk (rise edge)
   0.00    0.00   clock network delay (ideal)
   0.00    0.00 ^ _117206_/CLK (DFFASRHQNx1_ASAP7_75t_R)
  96.77   96.77 ^ _117206_/QN (DFFASRHQNx1_ASAP7_75t_R)
  32.92  129.69 v _079487_/Y (NOR2x2_ASAP7_75t_R)
  19.26  148.95 ^ _079488_/Y (NAND2x1_ASAP7_75t_R)
  29.15  178.10 ^ _079491_/Y (AO21x1_ASAP7_75t_R)
  26.24  204.34 ^ _079492_/Y (BUFx6f_ASAP7_75t_R)
  18.83  223.17 v _079758_/Y (NAND2x2_ASAP7_75t_R)
  21.16  244.33 ^ _079883_/Y (NOR2x2_ASAP7_75t_R)
  31.89  276.22 ^ _079884_/Y (BUFx4f_ASAP7_75t_R)
  31.47  307.69 ^ _083077_/Y (BUFx3_ASAP7_75t_R)
  22.98  330.67 ^ _083158_/Y (OR3x1_ASAP7_75t_R)
  29.04  359.71 ^ _083159_/Y (BUFx3_ASAP7_75t_R)
  33.80  393.51 ^ _083160_/Y (BUFx3_ASAP7_75t_R)
  12.75  406.26 v _083161_/Y (NAND2x1_ASAP7_75t_R)
  23.22  429.48 v _083162_/Y (OA21x2_ASAP7_75t_R)
   0.00  429.48 v _108551_/D (DFFHQNx1_ASAP7_75t_R)
         429.48   data arrival time

   0.00    0.00   clock clk (rise edge)
   0.00    0.00   clock network delay (ideal)
   0.00    0.00   clock reconvergence pessimism
           0.00 ^ _108551_/CLK (DFFHQNx1_ASAP7_75t_R)
  14.30   14.30   library hold time
          14.30   data required time
---------------------------------------------------------
          14.30   data required time
        -429.48   data arrival time
---------------------------------------------------------
         415.18   slack (MET)


Startpoint: _117206_ (rising edge-triggered flip-flop clocked by clk)
Endpoint: _108552_ (rising edge-triggered flip-flop clocked by clk)
Path Group: clk
Path Type: min

  Delay    Time   Description
---------------------------------------------------------
   0.00    0.00   clock clk (rise edge)
   0.00    0.00   clock network delay (ideal)
   0.00    0.00 ^ _117206_/CLK (DFFASRHQNx1_ASAP7_75t_R)
  96.77   96.77 ^ _117206_/QN (DFFASRHQNx1_ASAP7_75t_R)
  32.92  129.69 v _079487_/Y (NOR2x2_ASAP7_75t_R)
  19.26  148.95 ^ _079488_/Y (NAND2x1_ASAP7_75t_R)
  29.15  178.10 ^ _079491_/Y (AO21x1_ASAP7_75t_R)
  26.24  204.34 ^ _079492_/Y (BUFx6f_ASAP7_75t_R)
  18.83  223.17 v _079758_/Y (NAND2x2_ASAP7_75t_R)
  21.16  244.33 ^ _079883_/Y (NOR2x2_ASAP7_75t_R)
  31.89  276.22 ^ _079884_/Y (BUFx4f_ASAP7_75t_R)
  31.47  307.69 ^ _083077_/Y (BUFx3_ASAP7_75t_R)
  22.98  330.67 ^ _083158_/Y (OR3x1_ASAP7_75t_R)
  29.04  359.71 ^ _083159_/Y (BUFx3_ASAP7_75t_R)
  33.80  393.51 ^ _083160_/Y (BUFx3_ASAP7_75t_R)
  12.75  406.26 v _083163_/Y (NAND2x1_ASAP7_75t_R)
  23.22  429.48 v _083164_/Y (OA21x2_ASAP7_75t_R)
   0.00  429.48 v _108552_/D (DFFHQNx1_ASAP7_75t_R)
         429.48   data arrival time

   0.00    0.00   clock clk (rise edge)
   0.00    0.00   clock network delay (ideal)
   0.00    0.00   clock reconvergence pessimism
           0.00 ^ _108552_/CLK (DFFHQNx1_ASAP7_75t_R)
  14.30   14.30   library hold time
          14.30   data required time
---------------------------------------------------------
          14.30   data required time
        -429.48   data arrival time
---------------------------------------------------------
         415.18   slack (MET)


Startpoint: _117206_ (rising edge-triggered flip-flop clocked by clk)
Endpoint: _108559_ (rising edge-triggered flip-flop clocked by clk)
Path Group: clk
Path Type: min

  Delay    Time   Description
---------------------------------------------------------
   0.00    0.00   clock clk (rise edge)
   0.00    0.00   clock network delay (ideal)
   0.00    0.00 ^ _117206_/CLK (DFFASRHQNx1_ASAP7_75t_R)
  96.77   96.77 ^ _117206_/QN (DFFASRHQNx1_ASAP7_75t_R)
  32.92  129.69 v _079487_/Y (NOR2x2_ASAP7_75t_R)
  19.26  148.95 ^ _079488_/Y (NAND2x1_ASAP7_75t_R)
  29.15  178.10 ^ _079491_/Y (AO21x1_ASAP7_75t_R)
  26.24  204.34 ^ _079492_/Y (BUFx6f_ASAP7_75t_R)
  18.83  223.17 v _079758_/Y (NAND2x2_ASAP7_75t_R)
  21.16  244.33 ^ _079883_/Y (NOR2x2_ASAP7_75t_R)
  31.89  276.22 ^ _079884_/Y (BUFx4f_ASAP7_75t_R)
  31.47  307.69 ^ _083077_/Y (BUFx3_ASAP7_75t_R)
  22.98  330.67 ^ _083177_/Y (OR3x1_ASAP7_75t_R)
  29.04  359.71 ^ _083178_/Y (BUFx3_ASAP7_75t_R)
  33.80  393.51 ^ _083179_/Y (BUFx3_ASAP7_75t_R)
  12.75  406.26 v _083180_/Y (NAND2x1_ASAP7_75t_R)
  23.22  429.48 v _083181_/Y (OA21x2_ASAP7_75t_R)
   0.00  429.48 v _108559_/D (DFFHQNx1_ASAP7_75t_R)
         429.48   data arrival time

   0.00    0.00   clock clk (rise edge)
   0.00    0.00   clock network delay (ideal)
   0.00    0.00   clock reconvergence pessimism
           0.00 ^ _108559_/CLK (DFFHQNx1_ASAP7_75t_R)
  14.30   14.30   library hold time
          14.30   data required time
---------------------------------------------------------
          14.30   data required time
        -429.48   data arrival time
---------------------------------------------------------
         415.18   slack (MET)


Startpoint: _117206_ (rising edge-triggered flip-flop clocked by clk)
Endpoint: _108560_ (rising edge-triggered flip-flop clocked by clk)
Path Group: clk
Path Type: min

  Delay    Time   Description
---------------------------------------------------------
   0.00    0.00   clock clk (rise edge)
   0.00    0.00   clock network delay (ideal)
   0.00    0.00 ^ _117206_/CLK (DFFASRHQNx1_ASAP7_75t_R)
  96.77   96.77 ^ _117206_/QN (DFFASRHQNx1_ASAP7_75t_R)
  32.92  129.69 v _079487_/Y (NOR2x2_ASAP7_75t_R)
  19.26  148.95 ^ _079488_/Y (NAND2x1_ASAP7_75t_R)
  29.15  178.10 ^ _079491_/Y (AO21x1_ASAP7_75t_R)
  26.24  204.34 ^ _079492_/Y (BUFx6f_ASAP7_75t_R)
  18.83  223.17 v _079758_/Y (NAND2x2_ASAP7_75t_R)
  21.16  244.33 ^ _079883_/Y (NOR2x2_ASAP7_75t_R)
  31.89  276.22 ^ _079884_/Y (BUFx4f_ASAP7_75t_R)
  31.47  307.69 ^ _083077_/Y (BUFx3_ASAP7_75t_R)
  22.98  330.67 ^ _083177_/Y (OR3x1_ASAP7_75t_R)
  29.04  359.71 ^ _083178_/Y (BUFx3_ASAP7_75t_R)
  33.80  393.51 ^ _083179_/Y (BUFx3_ASAP7_75t_R)
  12.75  406.26 v _083182_/Y (NAND2x1_ASAP7_75t_R)
  23.22  429.48 v _083183_/Y (OA21x2_ASAP7_75t_R)
   0.00  429.48 v _108560_/D (DFFHQNx1_ASAP7_75t_R)
         429.48   data arrival time

   0.00    0.00   clock clk (rise edge)
   0.00    0.00   clock network delay (ideal)
   0.00    0.00   clock reconvergence pessimism
           0.00 ^ _108560_/CLK (DFFHQNx1_ASAP7_75t_R)
  14.30   14.30   library hold time
          14.30   data required time
---------------------------------------------------------
          14.30   data required time
        -429.48   data arrival time
---------------------------------------------------------
         415.18   slack (MET)


Startpoint: _117206_ (rising edge-triggered flip-flop clocked by clk)
Endpoint: _108567_ (rising edge-triggered flip-flop clocked by clk)
Path Group: clk
Path Type: min

  Delay    Time   Description
---------------------------------------------------------
   0.00    0.00   clock clk (rise edge)
   0.00    0.00   clock network delay (ideal)
   0.00    0.00 ^ _117206_/CLK (DFFASRHQNx1_ASAP7_75t_R)
  96.77   96.77 ^ _117206_/QN (DFFASRHQNx1_ASAP7_75t_R)
  32.92  129.69 v _079487_/Y (NOR2x2_ASAP7_75t_R)
  19.26  148.95 ^ _079488_/Y (NAND2x1_ASAP7_75t_R)
  29.15  178.10 ^ _079491_/Y (AO21x1_ASAP7_75t_R)
  26.24  204.34 ^ _079492_/Y (BUFx6f_ASAP7_75t_R)
  18.83  223.17 v _079758_/Y (NAND2x2_ASAP7_75t_R)
  21.16  244.33 ^ _079883_/Y (NOR2x2_ASAP7_75t_R)
  31.89  276.22 ^ _079884_/Y (BUFx4f_ASAP7_75t_R)
  31.47  307.69 ^ _083077_/Y (BUFx3_ASAP7_75t_R)
  22.98  330.67 ^ _083197_/Y (OR3x1_ASAP7_75t_R)
  29.04  359.71 ^ _083198_/Y (BUFx3_ASAP7_75t_R)
  33.80  393.51 ^ _083199_/Y (BUFx3_ASAP7_75t_R)
  12.75  406.26 v _083200_/Y (NAND2x1_ASAP7_75t_R)
  23.22  429.48 v _083201_/Y (OA21x2_ASAP7_75t_R)
   0.00  429.48 v _108567_/D (DFFHQNx1_ASAP7_75t_R)
         429.48   data arrival time

   0.00    0.00   clock clk (rise edge)
   0.00    0.00   clock network delay (ideal)
   0.00    0.00   clock reconvergence pessimism
           0.00 ^ _108567_/CLK (DFFHQNx1_ASAP7_75t_R)
  14.30   14.30   library hold time
          14.30   data required time
---------------------------------------------------------
          14.30   data required time
        -429.48   data arrival time
---------------------------------------------------------
         415.18   slack (MET)


Startpoint: _117206_ (rising edge-triggered flip-flop clocked by clk)
Endpoint: _108568_ (rising edge-triggered flip-flop clocked by clk)
Path Group: clk
Path Type: min

  Delay    Time   Description
---------------------------------------------------------
   0.00    0.00   clock clk (rise edge)
   0.00    0.00   clock network delay (ideal)
   0.00    0.00 ^ _117206_/CLK (DFFASRHQNx1_ASAP7_75t_R)
  96.77   96.77 ^ _117206_/QN (DFFASRHQNx1_ASAP7_75t_R)
  32.92  129.69 v _079487_/Y (NOR2x2_ASAP7_75t_R)
  19.26  148.95 ^ _079488_/Y (NAND2x1_ASAP7_75t_R)
  29.15  178.10 ^ _079491_/Y (AO21x1_ASAP7_75t_R)
  26.24  204.34 ^ _079492_/Y (BUFx6f_ASAP7_75t_R)
  18.83  223.17 v _079758_/Y (NAND2x2_ASAP7_75t_R)
  21.16  244.33 ^ _079883_/Y (NOR2x2_ASAP7_75t_R)
  31.89  276.22 ^ _079884_/Y (BUFx4f_ASAP7_75t_R)
  31.47  307.69 ^ _083077_/Y (BUFx3_ASAP7_75t_R)
  22.98  330.67 ^ _083197_/Y (OR3x1_ASAP7_75t_R)
  29.04  359.71 ^ _083198_/Y (BUFx3_ASAP7_75t_R)
  33.80  393.51 ^ _083199_/Y (BUFx3_ASAP7_75t_R)
  12.75  406.26 v _083202_/Y (NAND2x1_ASAP7_75t_R)
  23.22  429.48 v _083203_/Y (OA21x2_ASAP7_75t_R)
   0.00  429.48 v _108568_/D (DFFHQNx1_ASAP7_75t_R)
         429.48   data arrival time

   0.00    0.00   clock clk (rise edge)
   0.00    0.00   clock network delay (ideal)
   0.00    0.00   clock reconvergence pessimism
           0.00 ^ _108568_/CLK (DFFHQNx1_ASAP7_75t_R)
  14.30   14.30   library hold time
          14.30   data required time
---------------------------------------------------------
          14.30   data required time
        -429.48   data arrival time
---------------------------------------------------------
         415.18   slack (MET)


Startpoint: _117206_ (rising edge-triggered flip-flop clocked by clk)
Endpoint: _108575_ (rising edge-triggered flip-flop clocked by clk)
Path Group: clk
Path Type: min

  Delay    Time   Description
---------------------------------------------------------
   0.00    0.00   clock clk (rise edge)
   0.00    0.00   clock network delay (ideal)
   0.00    0.00 ^ _117206_/CLK (DFFASRHQNx1_ASAP7_75t_R)
  96.77   96.77 ^ _117206_/QN (DFFASRHQNx1_ASAP7_75t_R)
  32.92  129.69 v _079487_/Y (NOR2x2_ASAP7_75t_R)
  19.26  148.95 ^ _079488_/Y (NAND2x1_ASAP7_75t_R)
  29.15  178.10 ^ _079491_/Y (AO21x1_ASAP7_75t_R)
  26.24  204.34 ^ _079492_/Y (BUFx6f_ASAP7_75t_R)
  18.83  223.17 v _079758_/Y (NAND2x2_ASAP7_75t_R)
  21.16  244.33 ^ _079883_/Y (NOR2x2_ASAP7_75t_R)
  31.89  276.22 ^ _079884_/Y (BUFx4f_ASAP7_75t_R)
  31.47  307.69 ^ _083077_/Y (BUFx3_ASAP7_75t_R)
  22.98  330.67 ^ _083217_/Y (OR3x1_ASAP7_75t_R)
  29.04  359.71 ^ _083218_/Y (BUFx3_ASAP7_75t_R)
  33.80  393.51 ^ _083219_/Y (BUFx3_ASAP7_75t_R)
  12.75  406.26 v _083220_/Y (NAND2x1_ASAP7_75t_R)
  23.22  429.48 v _083221_/Y (OA21x2_ASAP7_75t_R)
   0.00  429.48 v _108575_/D (DFFHQNx1_ASAP7_75t_R)
         429.48   data arrival time

   0.00    0.00   clock clk (rise edge)
   0.00    0.00   clock network delay (ideal)
   0.00    0.00   clock reconvergence pessimism
           0.00 ^ _108575_/CLK (DFFHQNx1_ASAP7_75t_R)
  14.30   14.30   library hold time
          14.30   data required time
---------------------------------------------------------
          14.30   data required time
        -429.48   data arrival time
---------------------------------------------------------
         415.18   slack (MET)


Startpoint: _117206_ (rising edge-triggered flip-flop clocked by clk)
Endpoint: _108576_ (rising edge-triggered flip-flop clocked by clk)
Path Group: clk
Path Type: min

  Delay    Time   Description
---------------------------------------------------------
   0.00    0.00   clock clk (rise edge)
   0.00    0.00   clock network delay (ideal)
   0.00    0.00 ^ _117206_/CLK (DFFASRHQNx1_ASAP7_75t_R)
  96.77   96.77 ^ _117206_/QN (DFFASRHQNx1_ASAP7_75t_R)
  32.92  129.69 v _079487_/Y (NOR2x2_ASAP7_75t_R)
  19.26  148.95 ^ _079488_/Y (NAND2x1_ASAP7_75t_R)
  29.15  178.10 ^ _079491_/Y (AO21x1_ASAP7_75t_R)
  26.24  204.34 ^ _079492_/Y (BUFx6f_ASAP7_75t_R)
  18.83  223.17 v _079758_/Y (NAND2x2_ASAP7_75t_R)
  21.16  244.33 ^ _079883_/Y (NOR2x2_ASAP7_75t_R)
  31.89  276.22 ^ _079884_/Y (BUFx4f_ASAP7_75t_R)
  31.47  307.69 ^ _083077_/Y (BUFx3_ASAP7_75t_R)
  22.98  330.67 ^ _083217_/Y (OR3x1_ASAP7_75t_R)
  29.04  359.71 ^ _083218_/Y (BUFx3_ASAP7_75t_R)
  33.80  393.51 ^ _083219_/Y (BUFx3_ASAP7_75t_R)
  12.75  406.26 v _083222_/Y (NAND2x1_ASAP7_75t_R)
  23.22  429.48 v _083223_/Y (OA21x2_ASAP7_75t_R)
   0.00  429.48 v _108576_/D (DFFHQNx1_ASAP7_75t_R)
         429.48   data arrival time

   0.00    0.00   clock clk (rise edge)
   0.00    0.00   clock network delay (ideal)
   0.00    0.00   clock reconvergence pessimism
           0.00 ^ _108576_/CLK (DFFHQNx1_ASAP7_75t_R)
  14.30   14.30   library hold time
          14.30   data required time
---------------------------------------------------------
          14.30   data required time
        -429.48   data arrival time
---------------------------------------------------------
         415.18   slack (MET)


Startpoint: _117206_ (rising edge-triggered flip-flop clocked by clk)
Endpoint: _108591_ (rising edge-triggered flip-flop clocked by clk)
Path Group: clk
Path Type: min

  Delay    Time   Description
---------------------------------------------------------
   0.00    0.00   clock clk (rise edge)
   0.00    0.00   clock network delay (ideal)
   0.00    0.00 ^ _117206_/CLK (DFFASRHQNx1_ASAP7_75t_R)
  96.77   96.77 ^ _117206_/QN (DFFASRHQNx1_ASAP7_75t_R)
  32.92  129.69 v _079487_/Y (NOR2x2_ASAP7_75t_R)
  19.26  148.95 ^ _079488_/Y (NAND2x1_ASAP7_75t_R)
  29.15  178.10 ^ _079491_/Y (AO21x1_ASAP7_75t_R)
  26.24  204.34 ^ _079492_/Y (BUFx6f_ASAP7_75t_R)
  18.83  223.17 v _079758_/Y (NAND2x2_ASAP7_75t_R)
  21.16  244.33 ^ _079883_/Y (NOR2x2_ASAP7_75t_R)
  31.89  276.22 ^ _079884_/Y (BUFx4f_ASAP7_75t_R)
  31.47  307.69 ^ _083077_/Y (BUFx3_ASAP7_75t_R)
  22.98  330.67 ^ _083264_/Y (OR3x1_ASAP7_75t_R)
  29.04  359.71 ^ _083265_/Y (BUFx3_ASAP7_75t_R)
  33.80  393.51 ^ _083266_/Y (BUFx3_ASAP7_75t_R)
  12.75  406.26 v _083267_/Y (NAND2x1_ASAP7_75t_R)
  23.22  429.48 v _083268_/Y (OA21x2_ASAP7_75t_R)
   0.00  429.48 v _108591_/D (DFFHQNx1_ASAP7_75t_R)
         429.48   data arrival time

   0.00    0.00   clock clk (rise edge)
   0.00    0.00   clock network delay (ideal)
   0.00    0.00   clock reconvergence pessimism
           0.00 ^ _108591_/CLK (DFFHQNx1_ASAP7_75t_R)
  14.30   14.30   library hold time
          14.30   data required time
---------------------------------------------------------
          14.30   data required time
        -429.48   data arrival time
---------------------------------------------------------
         415.18   slack (MET)


Startpoint: _117206_ (rising edge-triggered flip-flop clocked by clk)
Endpoint: _108592_ (rising edge-triggered flip-flop clocked by clk)
Path Group: clk
Path Type: min

  Delay    Time   Description
---------------------------------------------------------
   0.00    0.00   clock clk (rise edge)
   0.00    0.00   clock network delay (ideal)
   0.00    0.00 ^ _117206_/CLK (DFFASRHQNx1_ASAP7_75t_R)
  96.77   96.77 ^ _117206_/QN (DFFASRHQNx1_ASAP7_75t_R)
  32.92  129.69 v _079487_/Y (NOR2x2_ASAP7_75t_R)
  19.26  148.95 ^ _079488_/Y (NAND2x1_ASAP7_75t_R)
  29.15  178.10 ^ _079491_/Y (AO21x1_ASAP7_75t_R)
  26.24  204.34 ^ _079492_/Y (BUFx6f_ASAP7_75t_R)
  18.83  223.17 v _079758_/Y (NAND2x2_ASAP7_75t_R)
  21.16  244.33 ^ _079883_/Y (NOR2x2_ASAP7_75t_R)
  31.89  276.22 ^ _079884_/Y (BUFx4f_ASAP7_75t_R)
  31.47  307.69 ^ _083077_/Y (BUFx3_ASAP7_75t_R)
  22.98  330.67 ^ _083264_/Y (OR3x1_ASAP7_75t_R)
  29.04  359.71 ^ _083265_/Y (BUFx3_ASAP7_75t_R)
  33.80  393.51 ^ _083266_/Y (BUFx3_ASAP7_75t_R)
  12.75  406.26 v _083269_/Y (NAND2x1_ASAP7_75t_R)
  23.22  429.48 v _083270_/Y (OA21x2_ASAP7_75t_R)
   0.00  429.48 v _108592_/D (DFFHQNx1_ASAP7_75t_R)
         429.48   data arrival time

   0.00    0.00   clock clk (rise edge)
   0.00    0.00   clock network delay (ideal)
   0.00    0.00   clock reconvergence pessimism
           0.00 ^ _108592_/CLK (DFFHQNx1_ASAP7_75t_R)
  14.30   14.30   library hold time
          14.30   data required time
---------------------------------------------------------
          14.30   data required time
        -429.48   data arrival time
---------------------------------------------------------
         415.18   slack (MET)


Startpoint: _117206_ (rising edge-triggered flip-flop clocked by clk)
Endpoint: _108599_ (rising edge-triggered flip-flop clocked by clk)
Path Group: clk
Path Type: min

  Delay    Time   Description
---------------------------------------------------------
   0.00    0.00   clock clk (rise edge)
   0.00    0.00   clock network delay (ideal)
   0.00    0.00 ^ _117206_/CLK (DFFASRHQNx1_ASAP7_75t_R)
  96.77   96.77 ^ _117206_/QN (DFFASRHQNx1_ASAP7_75t_R)
  32.92  129.69 v _079487_/Y (NOR2x2_ASAP7_75t_R)
  19.26  148.95 ^ _079488_/Y (NAND2x1_ASAP7_75t_R)
  29.15  178.10 ^ _079491_/Y (AO21x1_ASAP7_75t_R)
  26.24  204.34 ^ _079492_/Y (BUFx6f_ASAP7_75t_R)
  18.83  223.17 v _079758_/Y (NAND2x2_ASAP7_75t_R)
  21.16  244.33 ^ _079883_/Y (NOR2x2_ASAP7_75t_R)
  31.89  276.22 ^ _079884_/Y (BUFx4f_ASAP7_75t_R)
  31.47  307.69 ^ _083077_/Y (BUFx3_ASAP7_75t_R)
  22.98  330.67 ^ _083283_/Y (OR3x1_ASAP7_75t_R)
  29.04  359.71 ^ _083284_/Y (BUFx3_ASAP7_75t_R)
  33.80  393.51 ^ _083285_/Y (BUFx3_ASAP7_75t_R)
  12.75  406.26 v _083286_/Y (NAND2x1_ASAP7_75t_R)
  23.22  429.48 v _083287_/Y (OA21x2_ASAP7_75t_R)
   0.00  429.48 v _108599_/D (DFFHQNx1_ASAP7_75t_R)
         429.48   data arrival time

   0.00    0.00   clock clk (rise edge)
   0.00    0.00   clock network delay (ideal)
   0.00    0.00   clock reconvergence pessimism
           0.00 ^ _108599_/CLK (DFFHQNx1_ASAP7_75t_R)
  14.30   14.30   library hold time
          14.30   data required time
---------------------------------------------------------
          14.30   data required time
        -429.48   data arrival time
---------------------------------------------------------
         415.18   slack (MET)


Startpoint: _117206_ (rising edge-triggered flip-flop clocked by clk)
Endpoint: _108600_ (rising edge-triggered flip-flop clocked by clk)
Path Group: clk
Path Type: min

  Delay    Time   Description
---------------------------------------------------------
   0.00    0.00   clock clk (rise edge)
   0.00    0.00   clock network delay (ideal)
   0.00    0.00 ^ _117206_/CLK (DFFASRHQNx1_ASAP7_75t_R)
  96.77   96.77 ^ _117206_/QN (DFFASRHQNx1_ASAP7_75t_R)
  32.92  129.69 v _079487_/Y (NOR2x2_ASAP7_75t_R)
  19.26  148.95 ^ _079488_/Y (NAND2x1_ASAP7_75t_R)
  29.15  178.10 ^ _079491_/Y (AO21x1_ASAP7_75t_R)
  26.24  204.34 ^ _079492_/Y (BUFx6f_ASAP7_75t_R)
  18.83  223.17 v _079758_/Y (NAND2x2_ASAP7_75t_R)
  21.16  244.33 ^ _079883_/Y (NOR2x2_ASAP7_75t_R)
  31.89  276.22 ^ _079884_/Y (BUFx4f_ASAP7_75t_R)
  31.47  307.69 ^ _083077_/Y (BUFx3_ASAP7_75t_R)
  22.98  330.67 ^ _083283_/Y (OR3x1_ASAP7_75t_R)
  29.04  359.71 ^ _083284_/Y (BUFx3_ASAP7_75t_R)
  33.80  393.51 ^ _083285_/Y (BUFx3_ASAP7_75t_R)
  12.75  406.26 v _083288_/Y (NAND2x1_ASAP7_75t_R)
  23.22  429.48 v _083289_/Y (OA21x2_ASAP7_75t_R)
   0.00  429.48 v _108600_/D (DFFHQNx1_ASAP7_75t_R)
         429.48   data arrival time

   0.00    0.00   clock clk (rise edge)
   0.00    0.00   clock network delay (ideal)
   0.00    0.00   clock reconvergence pessimism
           0.00 ^ _108600_/CLK (DFFHQNx1_ASAP7_75t_R)
  14.30   14.30   library hold time
          14.30   data required time
---------------------------------------------------------
          14.30   data required time
        -429.48   data arrival time
---------------------------------------------------------
         415.18   slack (MET)


Startpoint: _117206_ (rising edge-triggered flip-flop clocked by clk)
Endpoint: _108607_ (rising edge-triggered flip-flop clocked by clk)
Path Group: clk
Path Type: min

  Delay    Time   Description
---------------------------------------------------------
   0.00    0.00   clock clk (rise edge)
   0.00    0.00   clock network delay (ideal)
   0.00    0.00 ^ _117206_/CLK (DFFASRHQNx1_ASAP7_75t_R)
  96.77   96.77 ^ _117206_/QN (DFFASRHQNx1_ASAP7_75t_R)
  32.92  129.69 v _079487_/Y (NOR2x2_ASAP7_75t_R)
  19.26  148.95 ^ _079488_/Y (NAND2x1_ASAP7_75t_R)
  29.15  178.10 ^ _079491_/Y (AO21x1_ASAP7_75t_R)
  26.24  204.34 ^ _079492_/Y (BUFx6f_ASAP7_75t_R)
  18.83  223.17 v _079758_/Y (NAND2x2_ASAP7_75t_R)
  21.16  244.33 ^ _079883_/Y (NOR2x2_ASAP7_75t_R)
  31.89  276.22 ^ _079884_/Y (BUFx4f_ASAP7_75t_R)
  31.47  307.69 ^ _083302_/Y (BUFx3_ASAP7_75t_R)
  22.98  330.67 ^ _083303_/Y (OR3x1_ASAP7_75t_R)
  29.04  359.71 ^ _083304_/Y (BUFx3_ASAP7_75t_R)
  33.80  393.51 ^ _083305_/Y (BUFx3_ASAP7_75t_R)
  12.75  406.26 v _083306_/Y (NAND2x1_ASAP7_75t_R)
  23.22  429.48 v _083307_/Y (OA21x2_ASAP7_75t_R)
   0.00  429.48 v _108607_/D (DFFHQNx1_ASAP7_75t_R)
         429.48   data arrival time

   0.00    0.00   clock clk (rise edge)
   0.00    0.00   clock network delay (ideal)
   0.00    0.00   clock reconvergence pessimism
           0.00 ^ _108607_/CLK (DFFHQNx1_ASAP7_75t_R)
  14.30   14.30   library hold time
          14.30   data required time
---------------------------------------------------------
          14.30   data required time
        -429.48   data arrival time
---------------------------------------------------------
         415.18   slack (MET)


Startpoint: _117206_ (rising edge-triggered flip-flop clocked by clk)
Endpoint: _108608_ (rising edge-triggered flip-flop clocked by clk)
Path Group: clk
Path Type: min

  Delay    Time   Description
---------------------------------------------------------
   0.00    0.00   clock clk (rise edge)
   0.00    0.00   clock network delay (ideal)
   0.00    0.00 ^ _117206_/CLK (DFFASRHQNx1_ASAP7_75t_R)
  96.77   96.77 ^ _117206_/QN (DFFASRHQNx1_ASAP7_75t_R)
  32.92  129.69 v _079487_/Y (NOR2x2_ASAP7_75t_R)
  19.26  148.95 ^ _079488_/Y (NAND2x1_ASAP7_75t_R)
  29.15  178.10 ^ _079491_/Y (AO21x1_ASAP7_75t_R)
  26.24  204.34 ^ _079492_/Y (BUFx6f_ASAP7_75t_R)
  18.83  223.17 v _079758_/Y (NAND2x2_ASAP7_75t_R)
  21.16  244.33 ^ _079883_/Y (NOR2x2_ASAP7_75t_R)
  31.89  276.22 ^ _079884_/Y (BUFx4f_ASAP7_75t_R)
  31.47  307.69 ^ _083302_/Y (BUFx3_ASAP7_75t_R)
  22.98  330.67 ^ _083303_/Y (OR3x1_ASAP7_75t_R)
  29.04  359.71 ^ _083304_/Y (BUFx3_ASAP7_75t_R)
  33.80  393.51 ^ _083305_/Y (BUFx3_ASAP7_75t_R)
  12.75  406.26 v _083308_/Y (NAND2x1_ASAP7_75t_R)
  23.22  429.48 v _083309_/Y (OA21x2_ASAP7_75t_R)
   0.00  429.48 v _108608_/D (DFFHQNx1_ASAP7_75t_R)
         429.48   data arrival time

   0.00    0.00   clock clk (rise edge)
   0.00    0.00   clock network delay (ideal)
   0.00    0.00   clock reconvergence pessimism
           0.00 ^ _108608_/CLK (DFFHQNx1_ASAP7_75t_R)
  14.30   14.30   library hold time
          14.30   data required time
---------------------------------------------------------
          14.30   data required time
        -429.48   data arrival time
---------------------------------------------------------
         415.18   slack (MET)


Startpoint: _117206_ (rising edge-triggered flip-flop clocked by clk)
Endpoint: _108615_ (rising edge-triggered flip-flop clocked by clk)
Path Group: clk
Path Type: min

  Delay    Time   Description
---------------------------------------------------------
   0.00    0.00   clock clk (rise edge)
   0.00    0.00   clock network delay (ideal)
   0.00    0.00 ^ _117206_/CLK (DFFASRHQNx1_ASAP7_75t_R)
  96.77   96.77 ^ _117206_/QN (DFFASRHQNx1_ASAP7_75t_R)
  32.92  129.69 v _079487_/Y (NOR2x2_ASAP7_75t_R)
  19.26  148.95 ^ _079488_/Y (NAND2x1_ASAP7_75t_R)
  29.15  178.10 ^ _079491_/Y (AO21x1_ASAP7_75t_R)
  26.24  204.34 ^ _079492_/Y (BUFx6f_ASAP7_75t_R)
  18.83  223.17 v _079758_/Y (NAND2x2_ASAP7_75t_R)
  21.16  244.33 ^ _079883_/Y (NOR2x2_ASAP7_75t_R)
  31.89  276.22 ^ _079884_/Y (BUFx4f_ASAP7_75t_R)
  31.47  307.69 ^ _083302_/Y (BUFx3_ASAP7_75t_R)
  22.98  330.67 ^ _083323_/Y (OR3x1_ASAP7_75t_R)
  29.04  359.71 ^ _083324_/Y (BUFx3_ASAP7_75t_R)
  33.80  393.51 ^ _083325_/Y (BUFx3_ASAP7_75t_R)
  12.75  406.26 v _083326_/Y (NAND2x1_ASAP7_75t_R)
  23.22  429.48 v _083327_/Y (OA21x2_ASAP7_75t_R)
   0.00  429.48 v _108615_/D (DFFHQNx1_ASAP7_75t_R)
         429.48   data arrival time

   0.00    0.00   clock clk (rise edge)
   0.00    0.00   clock network delay (ideal)
   0.00    0.00   clock reconvergence pessimism
           0.00 ^ _108615_/CLK (DFFHQNx1_ASAP7_75t_R)
  14.30   14.30   library hold time
          14.30   data required time
---------------------------------------------------------
          14.30   data required time
        -429.48   data arrival time
---------------------------------------------------------
         415.18   slack (MET)


Startpoint: _117206_ (rising edge-triggered flip-flop clocked by clk)
Endpoint: _108616_ (rising edge-triggered flip-flop clocked by clk)
Path Group: clk
Path Type: min

  Delay    Time   Description
---------------------------------------------------------
   0.00    0.00   clock clk (rise edge)
   0.00    0.00   clock network delay (ideal)
   0.00    0.00 ^ _117206_/CLK (DFFASRHQNx1_ASAP7_75t_R)
  96.77   96.77 ^ _117206_/QN (DFFASRHQNx1_ASAP7_75t_R)
  32.92  129.69 v _079487_/Y (NOR2x2_ASAP7_75t_R)
  19.26  148.95 ^ _079488_/Y (NAND2x1_ASAP7_75t_R)
  29.15  178.10 ^ _079491_/Y (AO21x1_ASAP7_75t_R)
  26.24  204.34 ^ _079492_/Y (BUFx6f_ASAP7_75t_R)
  18.83  223.17 v _079758_/Y (NAND2x2_ASAP7_75t_R)
  21.16  244.33 ^ _079883_/Y (NOR2x2_ASAP7_75t_R)
  31.89  276.22 ^ _079884_/Y (BUFx4f_ASAP7_75t_R)
  31.47  307.69 ^ _083302_/Y (BUFx3_ASAP7_75t_R)
  22.98  330.67 ^ _083323_/Y (OR3x1_ASAP7_75t_R)
  29.04  359.71 ^ _083324_/Y (BUFx3_ASAP7_75t_R)
  33.80  393.51 ^ _083325_/Y (BUFx3_ASAP7_75t_R)
  12.75  406.26 v _083328_/Y (NAND2x1_ASAP7_75t_R)
  23.22  429.48 v _083329_/Y (OA21x2_ASAP7_75t_R)
   0.00  429.48 v _108616_/D (DFFHQNx1_ASAP7_75t_R)
         429.48   data arrival time

   0.00    0.00   clock clk (rise edge)
   0.00    0.00   clock network delay (ideal)
   0.00    0.00   clock reconvergence pessimism
           0.00 ^ _108616_/CLK (DFFHQNx1_ASAP7_75t_R)
  14.30   14.30   library hold time
          14.30   data required time
---------------------------------------------------------
          14.30   data required time
        -429.48   data arrival time
---------------------------------------------------------
         415.18   slack (MET)


Startpoint: _117206_ (rising edge-triggered flip-flop clocked by clk)
Endpoint: _108631_ (rising edge-triggered flip-flop clocked by clk)
Path Group: clk
Path Type: min

  Delay    Time   Description
---------------------------------------------------------
   0.00    0.00   clock clk (rise edge)
   0.00    0.00   clock network delay (ideal)
   0.00    0.00 ^ _117206_/CLK (DFFASRHQNx1_ASAP7_75t_R)
  96.77   96.77 ^ _117206_/QN (DFFASRHQNx1_ASAP7_75t_R)
  32.92  129.69 v _079487_/Y (NOR2x2_ASAP7_75t_R)
  19.26  148.95 ^ _079488_/Y (NAND2x1_ASAP7_75t_R)
  29.15  178.10 ^ _079491_/Y (AO21x1_ASAP7_75t_R)
  26.24  204.34 ^ _079492_/Y (BUFx6f_ASAP7_75t_R)
  18.83  223.17 v _079758_/Y (NAND2x2_ASAP7_75t_R)
  21.16  244.33 ^ _079883_/Y (NOR2x2_ASAP7_75t_R)
  31.89  276.22 ^ _079884_/Y (BUFx4f_ASAP7_75t_R)
  31.47  307.69 ^ _083302_/Y (BUFx3_ASAP7_75t_R)
  22.98  330.67 ^ _083361_/Y (OR3x1_ASAP7_75t_R)
  29.04  359.71 ^ _083362_/Y (BUFx3_ASAP7_75t_R)
  33.80  393.51 ^ _083363_/Y (BUFx3_ASAP7_75t_R)
  12.75  406.26 v _083364_/Y (NAND2x1_ASAP7_75t_R)
  23.22  429.48 v _083365_/Y (OA21x2_ASAP7_75t_R)
   0.00  429.48 v _108631_/D (DFFHQNx1_ASAP7_75t_R)
         429.48   data arrival time

   0.00    0.00   clock clk (rise edge)
   0.00    0.00   clock network delay (ideal)
   0.00    0.00   clock reconvergence pessimism
           0.00 ^ _108631_/CLK (DFFHQNx1_ASAP7_75t_R)
  14.30   14.30   library hold time
          14.30   data required time
---------------------------------------------------------
          14.30   data required time
        -429.48   data arrival time
---------------------------------------------------------
         415.18   slack (MET)


Startpoint: _117206_ (rising edge-triggered flip-flop clocked by clk)
Endpoint: _108632_ (rising edge-triggered flip-flop clocked by clk)
Path Group: clk
Path Type: min

  Delay    Time   Description
---------------------------------------------------------
   0.00    0.00   clock clk (rise edge)
   0.00    0.00   clock network delay (ideal)
   0.00    0.00 ^ _117206_/CLK (DFFASRHQNx1_ASAP7_75t_R)
  96.77   96.77 ^ _117206_/QN (DFFASRHQNx1_ASAP7_75t_R)
  32.92  129.69 v _079487_/Y (NOR2x2_ASAP7_75t_R)
  19.26  148.95 ^ _079488_/Y (NAND2x1_ASAP7_75t_R)
  29.15  178.10 ^ _079491_/Y (AO21x1_ASAP7_75t_R)
  26.24  204.34 ^ _079492_/Y (BUFx6f_ASAP7_75t_R)
  18.83  223.17 v _079758_/Y (NAND2x2_ASAP7_75t_R)
  21.16  244.33 ^ _079883_/Y (NOR2x2_ASAP7_75t_R)
  31.89  276.22 ^ _079884_/Y (BUFx4f_ASAP7_75t_R)
  31.47  307.69 ^ _083302_/Y (BUFx3_ASAP7_75t_R)
  22.98  330.67 ^ _083361_/Y (OR3x1_ASAP7_75t_R)
  29.04  359.71 ^ _083362_/Y (BUFx3_ASAP7_75t_R)
  33.80  393.51 ^ _083363_/Y (BUFx3_ASAP7_75t_R)
  12.75  406.26 v _083366_/Y (NAND2x1_ASAP7_75t_R)
  23.22  429.48 v _083367_/Y (OA21x2_ASAP7_75t_R)
   0.00  429.48 v _108632_/D (DFFHQNx1_ASAP7_75t_R)
         429.48   data arrival time

   0.00    0.00   clock clk (rise edge)
   0.00    0.00   clock network delay (ideal)
   0.00    0.00   clock reconvergence pessimism
           0.00 ^ _108632_/CLK (DFFHQNx1_ASAP7_75t_R)
  14.30   14.30   library hold time
          14.30   data required time
---------------------------------------------------------
          14.30   data required time
        -429.48   data arrival time
---------------------------------------------------------
         415.18   slack (MET)


Startpoint: _117206_ (rising edge-triggered flip-flop clocked by clk)
Endpoint: _108655_ (rising edge-triggered flip-flop clocked by clk)
Path Group: clk
Path Type: min

  Delay    Time   Description
---------------------------------------------------------
   0.00    0.00   clock clk (rise edge)
   0.00    0.00   clock network delay (ideal)
   0.00    0.00 ^ _117206_/CLK (DFFASRHQNx1_ASAP7_75t_R)
  96.77   96.77 ^ _117206_/QN (DFFASRHQNx1_ASAP7_75t_R)
  32.92  129.69 v _079487_/Y (NOR2x2_ASAP7_75t_R)
  19.26  148.95 ^ _079488_/Y (NAND2x1_ASAP7_75t_R)
  29.15  178.10 ^ _079491_/Y (AO21x1_ASAP7_75t_R)
  26.24  204.34 ^ _079492_/Y (BUFx6f_ASAP7_75t_R)
  18.83  223.17 v _079758_/Y (NAND2x2_ASAP7_75t_R)
  21.16  244.33 ^ _079883_/Y (NOR2x2_ASAP7_75t_R)
  31.89  276.22 ^ _079884_/Y (BUFx4f_ASAP7_75t_R)
  31.47  307.69 ^ _083302_/Y (BUFx3_ASAP7_75t_R)
  22.98  330.67 ^ _083419_/Y (OR3x1_ASAP7_75t_R)
  29.04  359.71 ^ _083420_/Y (BUFx3_ASAP7_75t_R)
  33.80  393.51 ^ _083421_/Y (BUFx3_ASAP7_75t_R)
  12.75  406.26 v _083422_/Y (NAND2x1_ASAP7_75t_R)
  23.22  429.48 v _083423_/Y (OA21x2_ASAP7_75t_R)
   0.00  429.48 v _108655_/D (DFFHQNx1_ASAP7_75t_R)
         429.48   data arrival time

   0.00    0.00   clock clk (rise edge)
   0.00    0.00   clock network delay (ideal)
   0.00    0.00   clock reconvergence pessimism
           0.00 ^ _108655_/CLK (DFFHQNx1_ASAP7_75t_R)
  14.30   14.30   library hold time
          14.30   data required time
---------------------------------------------------------
          14.30   data required time
        -429.48   data arrival time
---------------------------------------------------------
         415.18   slack (MET)


Startpoint: _117206_ (rising edge-triggered flip-flop clocked by clk)
Endpoint: _108656_ (rising edge-triggered flip-flop clocked by clk)
Path Group: clk
Path Type: min

  Delay    Time   Description
---------------------------------------------------------
   0.00    0.00   clock clk (rise edge)
   0.00    0.00   clock network delay (ideal)
   0.00    0.00 ^ _117206_/CLK (DFFASRHQNx1_ASAP7_75t_R)
  96.77   96.77 ^ _117206_/QN (DFFASRHQNx1_ASAP7_75t_R)
  32.92  129.69 v _079487_/Y (NOR2x2_ASAP7_75t_R)
  19.26  148.95 ^ _079488_/Y (NAND2x1_ASAP7_75t_R)
  29.15  178.10 ^ _079491_/Y (AO21x1_ASAP7_75t_R)
  26.24  204.34 ^ _079492_/Y (BUFx6f_ASAP7_75t_R)
  18.83  223.17 v _079758_/Y (NAND2x2_ASAP7_75t_R)
  21.16  244.33 ^ _079883_/Y (NOR2x2_ASAP7_75t_R)
  31.89  276.22 ^ _079884_/Y (BUFx4f_ASAP7_75t_R)
  31.47  307.69 ^ _083302_/Y (BUFx3_ASAP7_75t_R)
  22.98  330.67 ^ _083419_/Y (OR3x1_ASAP7_75t_R)
  29.04  359.71 ^ _083420_/Y (BUFx3_ASAP7_75t_R)
  33.80  393.51 ^ _083421_/Y (BUFx3_ASAP7_75t_R)
  12.75  406.26 v _083424_/Y (NAND2x1_ASAP7_75t_R)
  23.22  429.48 v _083425_/Y (OA21x2_ASAP7_75t_R)
   0.00  429.48 v _108656_/D (DFFHQNx1_ASAP7_75t_R)
         429.48   data arrival time

   0.00    0.00   clock clk (rise edge)
   0.00    0.00   clock network delay (ideal)
   0.00    0.00   clock reconvergence pessimism
           0.00 ^ _108656_/CLK (DFFHQNx1_ASAP7_75t_R)
  14.30   14.30   library hold time
          14.30   data required time
---------------------------------------------------------
          14.30   data required time
        -429.48   data arrival time
---------------------------------------------------------
         415.18   slack (MET)


Startpoint: _117206_ (rising edge-triggered flip-flop clocked by clk)
Endpoint: _108663_ (rising edge-triggered flip-flop clocked by clk)
Path Group: clk
Path Type: min

  Delay    Time   Description
---------------------------------------------------------
   0.00    0.00   clock clk (rise edge)
   0.00    0.00   clock network delay (ideal)
   0.00    0.00 ^ _117206_/CLK (DFFASRHQNx1_ASAP7_75t_R)
  96.77   96.77 ^ _117206_/QN (DFFASRHQNx1_ASAP7_75t_R)
  32.92  129.69 v _079487_/Y (NOR2x2_ASAP7_75t_R)
  19.26  148.95 ^ _079488_/Y (NAND2x1_ASAP7_75t_R)
  29.15  178.10 ^ _079491_/Y (AO21x1_ASAP7_75t_R)
  26.24  204.34 ^ _079492_/Y (BUFx6f_ASAP7_75t_R)
  18.83  223.17 v _079758_/Y (NAND2x2_ASAP7_75t_R)
  21.16  244.33 ^ _079883_/Y (NOR2x2_ASAP7_75t_R)
  31.89  276.22 ^ _079884_/Y (BUFx4f_ASAP7_75t_R)
  31.47  307.69 ^ _083302_/Y (BUFx3_ASAP7_75t_R)
  22.98  330.67 ^ _083439_/Y (OR3x1_ASAP7_75t_R)
  29.04  359.71 ^ _083440_/Y (BUFx3_ASAP7_75t_R)
  33.80  393.51 ^ _083441_/Y (BUFx3_ASAP7_75t_R)
  12.75  406.26 v _083442_/Y (NAND2x1_ASAP7_75t_R)
  23.22  429.48 v _083443_/Y (OA21x2_ASAP7_75t_R)
   0.00  429.48 v _108663_/D (DFFHQNx1_ASAP7_75t_R)
         429.48   data arrival time

   0.00    0.00   clock clk (rise edge)
   0.00    0.00   clock network delay (ideal)
   0.00    0.00   clock reconvergence pessimism
           0.00 ^ _108663_/CLK (DFFHQNx1_ASAP7_75t_R)
  14.30   14.30   library hold time
          14.30   data required time
---------------------------------------------------------
          14.30   data required time
        -429.48   data arrival time
---------------------------------------------------------
         415.18   slack (MET)


Startpoint: _117206_ (rising edge-triggered flip-flop clocked by clk)
Endpoint: _108664_ (rising edge-triggered flip-flop clocked by clk)
Path Group: clk
Path Type: min

  Delay    Time   Description
---------------------------------------------------------
   0.00    0.00   clock clk (rise edge)
   0.00    0.00   clock network delay (ideal)
   0.00    0.00 ^ _117206_/CLK (DFFASRHQNx1_ASAP7_75t_R)
  96.77   96.77 ^ _117206_/QN (DFFASRHQNx1_ASAP7_75t_R)
  32.92  129.69 v _079487_/Y (NOR2x2_ASAP7_75t_R)
  19.26  148.95 ^ _079488_/Y (NAND2x1_ASAP7_75t_R)
  29.15  178.10 ^ _079491_/Y (AO21x1_ASAP7_75t_R)
  26.24  204.34 ^ _079492_/Y (BUFx6f_ASAP7_75t_R)
  18.83  223.17 v _079758_/Y (NAND2x2_ASAP7_75t_R)
  21.16  244.33 ^ _079883_/Y (NOR2x2_ASAP7_75t_R)
  31.89  276.22 ^ _079884_/Y (BUFx4f_ASAP7_75t_R)
  31.47  307.69 ^ _083302_/Y (BUFx3_ASAP7_75t_R)
  22.98  330.67 ^ _083439_/Y (OR3x1_ASAP7_75t_R)
  29.04  359.71 ^ _083440_/Y (BUFx3_ASAP7_75t_R)
  33.80  393.51 ^ _083441_/Y (BUFx3_ASAP7_75t_R)
  12.75  406.26 v _083446_/Y (NAND2x1_ASAP7_75t_R)
  23.22  429.48 v _083447_/Y (OA21x2_ASAP7_75t_R)
   0.00  429.48 v _108664_/D (DFFHQNx1_ASAP7_75t_R)
         429.48   data arrival time

   0.00    0.00   clock clk (rise edge)
   0.00    0.00   clock network delay (ideal)
   0.00    0.00   clock reconvergence pessimism
           0.00 ^ _108664_/CLK (DFFHQNx1_ASAP7_75t_R)
  14.30   14.30   library hold time
          14.30   data required time
---------------------------------------------------------
          14.30   data required time
        -429.48   data arrival time
---------------------------------------------------------
         415.18   slack (MET)


Startpoint: _117206_ (rising edge-triggered flip-flop clocked by clk)
Endpoint: _108671_ (rising edge-triggered flip-flop clocked by clk)
Path Group: clk
Path Type: min

  Delay    Time   Description
---------------------------------------------------------
   0.00    0.00   clock clk (rise edge)
   0.00    0.00   clock network delay (ideal)
   0.00    0.00 ^ _117206_/CLK (DFFASRHQNx1_ASAP7_75t_R)
  96.77   96.77 ^ _117206_/QN (DFFASRHQNx1_ASAP7_75t_R)
  32.92  129.69 v _079487_/Y (NOR2x2_ASAP7_75t_R)
  19.26  148.95 ^ _079488_/Y (NAND2x1_ASAP7_75t_R)
  29.15  178.10 ^ _079491_/Y (AO21x1_ASAP7_75t_R)
  26.24  204.34 ^ _079492_/Y (BUFx6f_ASAP7_75t_R)
  18.83  223.17 v _079758_/Y (NAND2x2_ASAP7_75t_R)
  21.16  244.33 ^ _079883_/Y (NOR2x2_ASAP7_75t_R)
  31.89  276.22 ^ _079884_/Y (BUFx4f_ASAP7_75t_R)
  31.47  307.69 ^ _083302_/Y (BUFx3_ASAP7_75t_R)
  22.98  330.67 ^ _083469_/Y (OR3x1_ASAP7_75t_R)
  29.04  359.71 ^ _083470_/Y (BUFx3_ASAP7_75t_R)
  33.80  393.51 ^ _083471_/Y (BUFx3_ASAP7_75t_R)
  12.75  406.26 v _083472_/Y (NAND2x1_ASAP7_75t_R)
  23.22  429.48 v _083473_/Y (OA21x2_ASAP7_75t_R)
   0.00  429.48 v _108671_/D (DFFHQNx1_ASAP7_75t_R)
         429.48   data arrival time

   0.00    0.00   clock clk (rise edge)
   0.00    0.00   clock network delay (ideal)
   0.00    0.00   clock reconvergence pessimism
           0.00 ^ _108671_/CLK (DFFHQNx1_ASAP7_75t_R)
  14.30   14.30   library hold time
          14.30   data required time
---------------------------------------------------------
          14.30   data required time
        -429.48   data arrival time
---------------------------------------------------------
         415.18   slack (MET)


Startpoint: _117206_ (rising edge-triggered flip-flop clocked by clk)
Endpoint: _108672_ (rising edge-triggered flip-flop clocked by clk)
Path Group: clk
Path Type: min

  Delay    Time   Description
---------------------------------------------------------
   0.00    0.00   clock clk (rise edge)
   0.00    0.00   clock network delay (ideal)
   0.00    0.00 ^ _117206_/CLK (DFFASRHQNx1_ASAP7_75t_R)
  96.77   96.77 ^ _117206_/QN (DFFASRHQNx1_ASAP7_75t_R)
  32.92  129.69 v _079487_/Y (NOR2x2_ASAP7_75t_R)
  19.26  148.95 ^ _079488_/Y (NAND2x1_ASAP7_75t_R)
  29.15  178.10 ^ _079491_/Y (AO21x1_ASAP7_75t_R)
  26.24  204.34 ^ _079492_/Y (BUFx6f_ASAP7_75t_R)
  18.83  223.17 v _079758_/Y (NAND2x2_ASAP7_75t_R)
  21.16  244.33 ^ _079883_/Y (NOR2x2_ASAP7_75t_R)
  31.89  276.22 ^ _079884_/Y (BUFx4f_ASAP7_75t_R)
  31.47  307.69 ^ _083302_/Y (BUFx3_ASAP7_75t_R)
  22.98  330.67 ^ _083469_/Y (OR3x1_ASAP7_75t_R)
  29.04  359.71 ^ _083470_/Y (BUFx3_ASAP7_75t_R)
  33.80  393.51 ^ _083471_/Y (BUFx3_ASAP7_75t_R)
  12.75  406.26 v _083474_/Y (NAND2x1_ASAP7_75t_R)
  23.22  429.48 v _083475_/Y (OA21x2_ASAP7_75t_R)
   0.00  429.48 v _108672_/D (DFFHQNx1_ASAP7_75t_R)
         429.48   data arrival time

   0.00    0.00   clock clk (rise edge)
   0.00    0.00   clock network delay (ideal)
   0.00    0.00   clock reconvergence pessimism
           0.00 ^ _108672_/CLK (DFFHQNx1_ASAP7_75t_R)
  14.30   14.30   library hold time
          14.30   data required time
---------------------------------------------------------
          14.30   data required time
        -429.48   data arrival time
---------------------------------------------------------
         415.18   slack (MET)


Startpoint: _117206_ (rising edge-triggered flip-flop clocked by clk)
Endpoint: _108679_ (rising edge-triggered flip-flop clocked by clk)
Path Group: clk
Path Type: min

  Delay    Time   Description
---------------------------------------------------------
   0.00    0.00   clock clk (rise edge)
   0.00    0.00   clock network delay (ideal)
   0.00    0.00 ^ _117206_/CLK (DFFASRHQNx1_ASAP7_75t_R)
  96.77   96.77 ^ _117206_/QN (DFFASRHQNx1_ASAP7_75t_R)
  32.92  129.69 v _079487_/Y (NOR2x2_ASAP7_75t_R)
  19.26  148.95 ^ _079488_/Y (NAND2x1_ASAP7_75t_R)
  29.15  178.10 ^ _079491_/Y (AO21x1_ASAP7_75t_R)
  26.24  204.34 ^ _079492_/Y (BUFx6f_ASAP7_75t_R)
  18.83  223.17 v _079758_/Y (NAND2x2_ASAP7_75t_R)
  21.16  244.33 ^ _079883_/Y (NOR2x2_ASAP7_75t_R)
  31.89  276.22 ^ _079884_/Y (BUFx4f_ASAP7_75t_R)
  31.47  307.69 ^ _083302_/Y (BUFx3_ASAP7_75t_R)
  22.98  330.67 ^ _083489_/Y (OR3x1_ASAP7_75t_R)
  29.04  359.71 ^ _083490_/Y (BUFx3_ASAP7_75t_R)
  33.80  393.51 ^ _083491_/Y (BUFx3_ASAP7_75t_R)
  12.75  406.26 v _083492_/Y (NAND2x1_ASAP7_75t_R)
  23.22  429.48 v _083493_/Y (OA21x2_ASAP7_75t_R)
   0.00  429.48 v _108679_/D (DFFHQNx1_ASAP7_75t_R)
         429.48   data arrival time

   0.00    0.00   clock clk (rise edge)
   0.00    0.00   clock network delay (ideal)
   0.00    0.00   clock reconvergence pessimism
           0.00 ^ _108679_/CLK (DFFHQNx1_ASAP7_75t_R)
  14.30   14.30   library hold time
          14.30   data required time
---------------------------------------------------------
          14.30   data required time
        -429.48   data arrival time
---------------------------------------------------------
         415.18   slack (MET)


Startpoint: _117206_ (rising edge-triggered flip-flop clocked by clk)
Endpoint: _108680_ (rising edge-triggered flip-flop clocked by clk)
Path Group: clk
Path Type: min

  Delay    Time   Description
---------------------------------------------------------
   0.00    0.00   clock clk (rise edge)
   0.00    0.00   clock network delay (ideal)
   0.00    0.00 ^ _117206_/CLK (DFFASRHQNx1_ASAP7_75t_R)
  96.77   96.77 ^ _117206_/QN (DFFASRHQNx1_ASAP7_75t_R)
  32.92  129.69 v _079487_/Y (NOR2x2_ASAP7_75t_R)
  19.26  148.95 ^ _079488_/Y (NAND2x1_ASAP7_75t_R)
  29.15  178.10 ^ _079491_/Y (AO21x1_ASAP7_75t_R)
  26.24  204.34 ^ _079492_/Y (BUFx6f_ASAP7_75t_R)
  18.83  223.17 v _079758_/Y (NAND2x2_ASAP7_75t_R)
  21.16  244.33 ^ _079883_/Y (NOR2x2_ASAP7_75t_R)
  31.89  276.22 ^ _079884_/Y (BUFx4f_ASAP7_75t_R)
  31.47  307.69 ^ _083302_/Y (BUFx3_ASAP7_75t_R)
  22.98  330.67 ^ _083489_/Y (OR3x1_ASAP7_75t_R)
  29.04  359.71 ^ _083490_/Y (BUFx3_ASAP7_75t_R)
  33.80  393.51 ^ _083491_/Y (BUFx3_ASAP7_75t_R)
  12.75  406.26 v _083494_/Y (NAND2x1_ASAP7_75t_R)
  23.22  429.48 v _083495_/Y (OA21x2_ASAP7_75t_R)
   0.00  429.48 v _108680_/D (DFFHQNx1_ASAP7_75t_R)
         429.48   data arrival time

   0.00    0.00   clock clk (rise edge)
   0.00    0.00   clock network delay (ideal)
   0.00    0.00   clock reconvergence pessimism
           0.00 ^ _108680_/CLK (DFFHQNx1_ASAP7_75t_R)
  14.30   14.30   library hold time
          14.30   data required time
---------------------------------------------------------
          14.30   data required time
        -429.48   data arrival time
---------------------------------------------------------
         415.18   slack (MET)


Startpoint: _117206_ (rising edge-triggered flip-flop clocked by clk)
Endpoint: _108687_ (rising edge-triggered flip-flop clocked by clk)
Path Group: clk
Path Type: min

  Delay    Time   Description
---------------------------------------------------------
   0.00    0.00   clock clk (rise edge)
   0.00    0.00   clock network delay (ideal)
   0.00    0.00 ^ _117206_/CLK (DFFASRHQNx1_ASAP7_75t_R)
  96.77   96.77 ^ _117206_/QN (DFFASRHQNx1_ASAP7_75t_R)
  32.92  129.69 v _079487_/Y (NOR2x2_ASAP7_75t_R)
  19.26  148.95 ^ _079488_/Y (NAND2x1_ASAP7_75t_R)
  29.15  178.10 ^ _079491_/Y (AO21x1_ASAP7_75t_R)
  26.24  204.34 ^ _079492_/Y (BUFx6f_ASAP7_75t_R)
  18.83  223.17 v _079758_/Y (NAND2x2_ASAP7_75t_R)
  21.16  244.33 ^ _079883_/Y (NOR2x2_ASAP7_75t_R)
  31.89  276.22 ^ _079884_/Y (BUFx4f_ASAP7_75t_R)
  31.47  307.69 ^ _083302_/Y (BUFx3_ASAP7_75t_R)
  22.98  330.67 ^ _083508_/Y (OR3x1_ASAP7_75t_R)
  29.04  359.71 ^ _083509_/Y (BUFx3_ASAP7_75t_R)
  33.80  393.51 ^ _083510_/Y (BUFx3_ASAP7_75t_R)
  12.75  406.26 v _083511_/Y (NAND2x1_ASAP7_75t_R)
  23.22  429.48 v _083512_/Y (OA21x2_ASAP7_75t_R)
   0.00  429.48 v _108687_/D (DFFHQNx1_ASAP7_75t_R)
         429.48   data arrival time

   0.00    0.00   clock clk (rise edge)
   0.00    0.00   clock network delay (ideal)
   0.00    0.00   clock reconvergence pessimism
           0.00 ^ _108687_/CLK (DFFHQNx1_ASAP7_75t_R)
  14.30   14.30   library hold time
          14.30   data required time
---------------------------------------------------------
          14.30   data required time
        -429.48   data arrival time
---------------------------------------------------------
         415.18   slack (MET)


Startpoint: _117206_ (rising edge-triggered flip-flop clocked by clk)
Endpoint: _108688_ (rising edge-triggered flip-flop clocked by clk)
Path Group: clk
Path Type: min

  Delay    Time   Description
---------------------------------------------------------
   0.00    0.00   clock clk (rise edge)
   0.00    0.00   clock network delay (ideal)
   0.00    0.00 ^ _117206_/CLK (DFFASRHQNx1_ASAP7_75t_R)
  96.77   96.77 ^ _117206_/QN (DFFASRHQNx1_ASAP7_75t_R)
  32.92  129.69 v _079487_/Y (NOR2x2_ASAP7_75t_R)
  19.26  148.95 ^ _079488_/Y (NAND2x1_ASAP7_75t_R)
  29.15  178.10 ^ _079491_/Y (AO21x1_ASAP7_75t_R)
  26.24  204.34 ^ _079492_/Y (BUFx6f_ASAP7_75t_R)
  18.83  223.17 v _079758_/Y (NAND2x2_ASAP7_75t_R)
  21.16  244.33 ^ _079883_/Y (NOR2x2_ASAP7_75t_R)
  31.89  276.22 ^ _079884_/Y (BUFx4f_ASAP7_75t_R)
  31.47  307.69 ^ _083302_/Y (BUFx3_ASAP7_75t_R)
  22.98  330.67 ^ _083508_/Y (OR3x1_ASAP7_75t_R)
  29.04  359.71 ^ _083509_/Y (BUFx3_ASAP7_75t_R)
  33.80  393.51 ^ _083510_/Y (BUFx3_ASAP7_75t_R)
  12.75  406.26 v _083513_/Y (NAND2x1_ASAP7_75t_R)
  23.22  429.48 v _083514_/Y (OA21x2_ASAP7_75t_R)
   0.00  429.48 v _108688_/D (DFFHQNx1_ASAP7_75t_R)
         429.48   data arrival time

   0.00    0.00   clock clk (rise edge)
   0.00    0.00   clock network delay (ideal)
   0.00    0.00   clock reconvergence pessimism
           0.00 ^ _108688_/CLK (DFFHQNx1_ASAP7_75t_R)
  14.30   14.30   library hold time
          14.30   data required time
---------------------------------------------------------
          14.30   data required time
        -429.48   data arrival time
---------------------------------------------------------
         415.18   slack (MET)


Startpoint: _117206_ (rising edge-triggered flip-flop clocked by clk)
Endpoint: _108695_ (rising edge-triggered flip-flop clocked by clk)
Path Group: clk
Path Type: min

  Delay    Time   Description
---------------------------------------------------------
   0.00    0.00   clock clk (rise edge)
   0.00    0.00   clock network delay (ideal)
   0.00    0.00 ^ _117206_/CLK (DFFASRHQNx1_ASAP7_75t_R)
  96.77   96.77 ^ _117206_/QN (DFFASRHQNx1_ASAP7_75t_R)
  32.92  129.69 v _079487_/Y (NOR2x2_ASAP7_75t_R)
  19.26  148.95 ^ _079488_/Y (NAND2x1_ASAP7_75t_R)
  29.15  178.10 ^ _079491_/Y (AO21x1_ASAP7_75t_R)
  26.24  204.34 ^ _079492_/Y (BUFx6f_ASAP7_75t_R)
  18.83  223.17 v _079758_/Y (NAND2x2_ASAP7_75t_R)
  21.16  244.33 ^ _079883_/Y (NOR2x2_ASAP7_75t_R)
  31.89  276.22 ^ _079884_/Y (BUFx4f_ASAP7_75t_R)
  31.47  307.69 ^ _083302_/Y (BUFx3_ASAP7_75t_R)
  22.98  330.67 ^ _083528_/Y (OR3x1_ASAP7_75t_R)
  29.04  359.71 ^ _083529_/Y (BUFx3_ASAP7_75t_R)
  33.80  393.51 ^ _083530_/Y (BUFx3_ASAP7_75t_R)
  12.75  406.26 v _083531_/Y (NAND2x1_ASAP7_75t_R)
  23.22  429.48 v _083532_/Y (OA21x2_ASAP7_75t_R)
   0.00  429.48 v _108695_/D (DFFHQNx1_ASAP7_75t_R)
         429.48   data arrival time

   0.00    0.00   clock clk (rise edge)
   0.00    0.00   clock network delay (ideal)
   0.00    0.00   clock reconvergence pessimism
           0.00 ^ _108695_/CLK (DFFHQNx1_ASAP7_75t_R)
  14.30   14.30   library hold time
          14.30   data required time
---------------------------------------------------------
          14.30   data required time
        -429.48   data arrival time
---------------------------------------------------------
         415.18   slack (MET)


Startpoint: _117206_ (rising edge-triggered flip-flop clocked by clk)
Endpoint: _108696_ (rising edge-triggered flip-flop clocked by clk)
Path Group: clk
Path Type: min

  Delay    Time   Description
---------------------------------------------------------
   0.00    0.00   clock clk (rise edge)
   0.00    0.00   clock network delay (ideal)
   0.00    0.00 ^ _117206_/CLK (DFFASRHQNx1_ASAP7_75t_R)
  96.77   96.77 ^ _117206_/QN (DFFASRHQNx1_ASAP7_75t_R)
  32.92  129.69 v _079487_/Y (NOR2x2_ASAP7_75t_R)
  19.26  148.95 ^ _079488_/Y (NAND2x1_ASAP7_75t_R)
  29.15  178.10 ^ _079491_/Y (AO21x1_ASAP7_75t_R)
  26.24  204.34 ^ _079492_/Y (BUFx6f_ASAP7_75t_R)
  18.83  223.17 v _079758_/Y (NAND2x2_ASAP7_75t_R)
  21.16  244.33 ^ _079883_/Y (NOR2x2_ASAP7_75t_R)
  31.89  276.22 ^ _079884_/Y (BUFx4f_ASAP7_75t_R)
  31.47  307.69 ^ _083302_/Y (BUFx3_ASAP7_75t_R)
  22.98  330.67 ^ _083528_/Y (OR3x1_ASAP7_75t_R)
  29.04  359.71 ^ _083529_/Y (BUFx3_ASAP7_75t_R)
  33.80  393.51 ^ _083530_/Y (BUFx3_ASAP7_75t_R)
  12.75  406.26 v _083533_/Y (NAND2x1_ASAP7_75t_R)
  23.22  429.48 v _083534_/Y (OA21x2_ASAP7_75t_R)
   0.00  429.48 v _108696_/D (DFFHQNx1_ASAP7_75t_R)
         429.48   data arrival time

   0.00    0.00   clock clk (rise edge)
   0.00    0.00   clock network delay (ideal)
   0.00    0.00   clock reconvergence pessimism
           0.00 ^ _108696_/CLK (DFFHQNx1_ASAP7_75t_R)
  14.30   14.30   library hold time
          14.30   data required time
---------------------------------------------------------
          14.30   data required time
        -429.48   data arrival time
---------------------------------------------------------
         415.18   slack (MET)


Startpoint: _117206_ (rising edge-triggered flip-flop clocked by clk)
Endpoint: _108703_ (rising edge-triggered flip-flop clocked by clk)
Path Group: clk
Path Type: min

  Delay    Time   Description
---------------------------------------------------------
   0.00    0.00   clock clk (rise edge)
   0.00    0.00   clock network delay (ideal)
   0.00    0.00 ^ _117206_/CLK (DFFASRHQNx1_ASAP7_75t_R)
  96.77   96.77 ^ _117206_/QN (DFFASRHQNx1_ASAP7_75t_R)
  32.92  129.69 v _079487_/Y (NOR2x2_ASAP7_75t_R)
  19.26  148.95 ^ _079488_/Y (NAND2x1_ASAP7_75t_R)
  29.15  178.10 ^ _079491_/Y (AO21x1_ASAP7_75t_R)
  26.24  204.34 ^ _079492_/Y (BUFx6f_ASAP7_75t_R)
  18.83  223.17 v _079758_/Y (NAND2x2_ASAP7_75t_R)
  21.16  244.33 ^ _079883_/Y (NOR2x2_ASAP7_75t_R)
  31.89  276.22 ^ _079884_/Y (BUFx4f_ASAP7_75t_R)
  31.47  307.69 ^ _083302_/Y (BUFx3_ASAP7_75t_R)
  22.98  330.67 ^ _083547_/Y (OR3x1_ASAP7_75t_R)
  29.04  359.71 ^ _083548_/Y (BUFx3_ASAP7_75t_R)
  33.80  393.51 ^ _083549_/Y (BUFx3_ASAP7_75t_R)
  12.75  406.26 v _083550_/Y (NAND2x1_ASAP7_75t_R)
  23.22  429.48 v _083551_/Y (OA21x2_ASAP7_75t_R)
   0.00  429.48 v _108703_/D (DFFHQNx1_ASAP7_75t_R)
         429.48   data arrival time

   0.00    0.00   clock clk (rise edge)
   0.00    0.00   clock network delay (ideal)
   0.00    0.00   clock reconvergence pessimism
           0.00 ^ _108703_/CLK (DFFHQNx1_ASAP7_75t_R)
  14.30   14.30   library hold time
          14.30   data required time
---------------------------------------------------------
          14.30   data required time
        -429.48   data arrival time
---------------------------------------------------------
         415.18   slack (MET)


Startpoint: _117206_ (rising edge-triggered flip-flop clocked by clk)
Endpoint: _108704_ (rising edge-triggered flip-flop clocked by clk)
Path Group: clk
Path Type: min

  Delay    Time   Description
---------------------------------------------------------
   0.00    0.00   clock clk (rise edge)
   0.00    0.00   clock network delay (ideal)
   0.00    0.00 ^ _117206_/CLK (DFFASRHQNx1_ASAP7_75t_R)
  96.77   96.77 ^ _117206_/QN (DFFASRHQNx1_ASAP7_75t_R)
  32.92  129.69 v _079487_/Y (NOR2x2_ASAP7_75t_R)
  19.26  148.95 ^ _079488_/Y (NAND2x1_ASAP7_75t_R)
  29.15  178.10 ^ _079491_/Y (AO21x1_ASAP7_75t_R)
  26.24  204.34 ^ _079492_/Y (BUFx6f_ASAP7_75t_R)
  18.83  223.17 v _079758_/Y (NAND2x2_ASAP7_75t_R)
  21.16  244.33 ^ _079883_/Y (NOR2x2_ASAP7_75t_R)
  31.89  276.22 ^ _079884_/Y (BUFx4f_ASAP7_75t_R)
  31.47  307.69 ^ _083302_/Y (BUFx3_ASAP7_75t_R)
  22.98  330.67 ^ _083547_/Y (OR3x1_ASAP7_75t_R)
  29.04  359.71 ^ _083548_/Y (BUFx3_ASAP7_75t_R)
  33.80  393.51 ^ _083549_/Y (BUFx3_ASAP7_75t_R)
  12.75  406.26 v _083552_/Y (NAND2x1_ASAP7_75t_R)
  23.22  429.48 v _083553_/Y (OA21x2_ASAP7_75t_R)
   0.00  429.48 v _108704_/D (DFFHQNx1_ASAP7_75t_R)
         429.48   data arrival time

   0.00    0.00   clock clk (rise edge)
   0.00    0.00   clock network delay (ideal)
   0.00    0.00   clock reconvergence pessimism
           0.00 ^ _108704_/CLK (DFFHQNx1_ASAP7_75t_R)
  14.30   14.30   library hold time
          14.30   data required time
---------------------------------------------------------
          14.30   data required time
        -429.48   data arrival time
---------------------------------------------------------
         415.18   slack (MET)


Startpoint: _117206_ (rising edge-triggered flip-flop clocked by clk)
Endpoint: _108711_ (rising edge-triggered flip-flop clocked by clk)
Path Group: clk
Path Type: min

  Delay    Time   Description
---------------------------------------------------------
   0.00    0.00   clock clk (rise edge)
   0.00    0.00   clock network delay (ideal)
   0.00    0.00 ^ _117206_/CLK (DFFASRHQNx1_ASAP7_75t_R)
  96.77   96.77 ^ _117206_/QN (DFFASRHQNx1_ASAP7_75t_R)
  32.92  129.69 v _079487_/Y (NOR2x2_ASAP7_75t_R)
  19.26  148.95 ^ _079488_/Y (NAND2x1_ASAP7_75t_R)
  29.15  178.10 ^ _079491_/Y (AO21x1_ASAP7_75t_R)
  26.24  204.34 ^ _079492_/Y (BUFx6f_ASAP7_75t_R)
  18.83  223.17 v _079758_/Y (NAND2x2_ASAP7_75t_R)
  21.16  244.33 ^ _079883_/Y (NOR2x2_ASAP7_75t_R)
  31.89  276.22 ^ _079884_/Y (BUFx4f_ASAP7_75t_R)
  31.47  307.69 ^ _083566_/Y (BUFx3_ASAP7_75t_R)
  22.98  330.67 ^ _083568_/Y (OR3x1_ASAP7_75t_R)
  29.04  359.71 ^ _083569_/Y (BUFx3_ASAP7_75t_R)
  33.80  393.51 ^ _083570_/Y (BUFx3_ASAP7_75t_R)
  12.75  406.26 v _083571_/Y (NAND2x1_ASAP7_75t_R)
  23.22  429.48 v _083572_/Y (OA21x2_ASAP7_75t_R)
   0.00  429.48 v _108711_/D (DFFHQNx1_ASAP7_75t_R)
         429.48   data arrival time

   0.00    0.00   clock clk (rise edge)
   0.00    0.00   clock network delay (ideal)
   0.00    0.00   clock reconvergence pessimism
           0.00 ^ _108711_/CLK (DFFHQNx1_ASAP7_75t_R)
  14.30   14.30   library hold time
          14.30   data required time
---------------------------------------------------------
          14.30   data required time
        -429.48   data arrival time
---------------------------------------------------------
         415.18   slack (MET)


Startpoint: _117206_ (rising edge-triggered flip-flop clocked by clk)
Endpoint: _108712_ (rising edge-triggered flip-flop clocked by clk)
Path Group: clk
Path Type: min

  Delay    Time   Description
---------------------------------------------------------
   0.00    0.00   clock clk (rise edge)
   0.00    0.00   clock network delay (ideal)
   0.00    0.00 ^ _117206_/CLK (DFFASRHQNx1_ASAP7_75t_R)
  96.77   96.77 ^ _117206_/QN (DFFASRHQNx1_ASAP7_75t_R)
  32.92  129.69 v _079487_/Y (NOR2x2_ASAP7_75t_R)
  19.26  148.95 ^ _079488_/Y (NAND2x1_ASAP7_75t_R)
  29.15  178.10 ^ _079491_/Y (AO21x1_ASAP7_75t_R)
  26.24  204.34 ^ _079492_/Y (BUFx6f_ASAP7_75t_R)
  18.83  223.17 v _079758_/Y (NAND2x2_ASAP7_75t_R)
  21.16  244.33 ^ _079883_/Y (NOR2x2_ASAP7_75t_R)
  31.89  276.22 ^ _079884_/Y (BUFx4f_ASAP7_75t_R)
  31.47  307.69 ^ _083566_/Y (BUFx3_ASAP7_75t_R)
  22.98  330.67 ^ _083568_/Y (OR3x1_ASAP7_75t_R)
  29.04  359.71 ^ _083569_/Y (BUFx3_ASAP7_75t_R)
  33.80  393.51 ^ _083570_/Y (BUFx3_ASAP7_75t_R)
  12.75  406.26 v _083573_/Y (NAND2x1_ASAP7_75t_R)
  23.22  429.48 v _083574_/Y (OA21x2_ASAP7_75t_R)
   0.00  429.48 v _108712_/D (DFFHQNx1_ASAP7_75t_R)
         429.48   data arrival time

   0.00    0.00   clock clk (rise edge)
   0.00    0.00   clock network delay (ideal)
   0.00    0.00   clock reconvergence pessimism
           0.00 ^ _108712_/CLK (DFFHQNx1_ASAP7_75t_R)
  14.30   14.30   library hold time
          14.30   data required time
---------------------------------------------------------
          14.30   data required time
        -429.48   data arrival time
---------------------------------------------------------
         415.18   slack (MET)


Startpoint: _117206_ (rising edge-triggered flip-flop clocked by clk)
Endpoint: _108719_ (rising edge-triggered flip-flop clocked by clk)
Path Group: clk
Path Type: min

  Delay    Time   Description
---------------------------------------------------------
   0.00    0.00   clock clk (rise edge)
   0.00    0.00   clock network delay (ideal)
   0.00    0.00 ^ _117206_/CLK (DFFASRHQNx1_ASAP7_75t_R)
  96.77   96.77 ^ _117206_/QN (DFFASRHQNx1_ASAP7_75t_R)
  32.92  129.69 v _079487_/Y (NOR2x2_ASAP7_75t_R)
  19.26  148.95 ^ _079488_/Y (NAND2x1_ASAP7_75t_R)
  29.15  178.10 ^ _079491_/Y (AO21x1_ASAP7_75t_R)
  26.24  204.34 ^ _079492_/Y (BUFx6f_ASAP7_75t_R)
  18.83  223.17 v _079758_/Y (NAND2x2_ASAP7_75t_R)
  21.16  244.33 ^ _079883_/Y (NOR2x2_ASAP7_75t_R)
  31.89  276.22 ^ _079884_/Y (BUFx4f_ASAP7_75t_R)
  31.47  307.69 ^ _083566_/Y (BUFx3_ASAP7_75t_R)
  22.98  330.67 ^ _083589_/Y (OR3x1_ASAP7_75t_R)
  29.04  359.71 ^ _083590_/Y (BUFx3_ASAP7_75t_R)
  33.80  393.51 ^ _083591_/Y (BUFx3_ASAP7_75t_R)
  12.75  406.26 v _083592_/Y (NAND2x1_ASAP7_75t_R)
  23.22  429.48 v _083593_/Y (OA21x2_ASAP7_75t_R)
   0.00  429.48 v _108719_/D (DFFHQNx1_ASAP7_75t_R)
         429.48   data arrival time

   0.00    0.00   clock clk (rise edge)
   0.00    0.00   clock network delay (ideal)
   0.00    0.00   clock reconvergence pessimism
           0.00 ^ _108719_/CLK (DFFHQNx1_ASAP7_75t_R)
  14.30   14.30   library hold time
          14.30   data required time
---------------------------------------------------------
          14.30   data required time
        -429.48   data arrival time
---------------------------------------------------------
         415.18   slack (MET)


Startpoint: _117206_ (rising edge-triggered flip-flop clocked by clk)
Endpoint: _108720_ (rising edge-triggered flip-flop clocked by clk)
Path Group: clk
Path Type: min

  Delay    Time   Description
---------------------------------------------------------
   0.00    0.00   clock clk (rise edge)
   0.00    0.00   clock network delay (ideal)
   0.00    0.00 ^ _117206_/CLK (DFFASRHQNx1_ASAP7_75t_R)
  96.77   96.77 ^ _117206_/QN (DFFASRHQNx1_ASAP7_75t_R)
  32.92  129.69 v _079487_/Y (NOR2x2_ASAP7_75t_R)
  19.26  148.95 ^ _079488_/Y (NAND2x1_ASAP7_75t_R)
  29.15  178.10 ^ _079491_/Y (AO21x1_ASAP7_75t_R)
  26.24  204.34 ^ _079492_/Y (BUFx6f_ASAP7_75t_R)
  18.83  223.17 v _079758_/Y (NAND2x2_ASAP7_75t_R)
  21.16  244.33 ^ _079883_/Y (NOR2x2_ASAP7_75t_R)
  31.89  276.22 ^ _079884_/Y (BUFx4f_ASAP7_75t_R)
  31.47  307.69 ^ _083566_/Y (BUFx3_ASAP7_75t_R)
  22.98  330.67 ^ _083589_/Y (OR3x1_ASAP7_75t_R)
  29.04  359.71 ^ _083590_/Y (BUFx3_ASAP7_75t_R)
  33.80  393.51 ^ _083591_/Y (BUFx3_ASAP7_75t_R)
  12.75  406.26 v _083594_/Y (NAND2x1_ASAP7_75t_R)
  23.22  429.48 v _083595_/Y (OA21x2_ASAP7_75t_R)
   0.00  429.48 v _108720_/D (DFFHQNx1_ASAP7_75t_R)
         429.48   data arrival time

   0.00    0.00   clock clk (rise edge)
   0.00    0.00   clock network delay (ideal)
   0.00    0.00   clock reconvergence pessimism
           0.00 ^ _108720_/CLK (DFFHQNx1_ASAP7_75t_R)
  14.30   14.30   library hold time
          14.30   data required time
---------------------------------------------------------
          14.30   data required time
        -429.48   data arrival time
---------------------------------------------------------
         415.18   slack (MET)


Startpoint: _117206_ (rising edge-triggered flip-flop clocked by clk)
Endpoint: _108727_ (rising edge-triggered flip-flop clocked by clk)
Path Group: clk
Path Type: min

  Delay    Time   Description
---------------------------------------------------------
   0.00    0.00   clock clk (rise edge)
   0.00    0.00   clock network delay (ideal)
   0.00    0.00 ^ _117206_/CLK (DFFASRHQNx1_ASAP7_75t_R)
  96.77   96.77 ^ _117206_/QN (DFFASRHQNx1_ASAP7_75t_R)
  32.92  129.69 v _079487_/Y (NOR2x2_ASAP7_75t_R)
  19.26  148.95 ^ _079488_/Y (NAND2x1_ASAP7_75t_R)
  29.15  178.10 ^ _079491_/Y (AO21x1_ASAP7_75t_R)
  26.24  204.34 ^ _079492_/Y (BUFx6f_ASAP7_75t_R)
  18.83  223.17 v _079758_/Y (NAND2x2_ASAP7_75t_R)
  21.16  244.33 ^ _079883_/Y (NOR2x2_ASAP7_75t_R)
  31.89  276.22 ^ _079884_/Y (BUFx4f_ASAP7_75t_R)
  31.47  307.69 ^ _083566_/Y (BUFx3_ASAP7_75t_R)
  22.98  330.67 ^ _083609_/Y (OR3x1_ASAP7_75t_R)
  29.04  359.71 ^ _083610_/Y (BUFx3_ASAP7_75t_R)
  33.80  393.51 ^ _083611_/Y (BUFx3_ASAP7_75t_R)
  12.75  406.26 v _083612_/Y (NAND2x1_ASAP7_75t_R)
  23.22  429.48 v _083613_/Y (OA21x2_ASAP7_75t_R)
   0.00  429.48 v _108727_/D (DFFHQNx1_ASAP7_75t_R)
         429.48   data arrival time

   0.00    0.00   clock clk (rise edge)
   0.00    0.00   clock network delay (ideal)
   0.00    0.00   clock reconvergence pessimism
           0.00 ^ _108727_/CLK (DFFHQNx1_ASAP7_75t_R)
  14.30   14.30   library hold time
          14.30   data required time
---------------------------------------------------------
          14.30   data required time
        -429.48   data arrival time
---------------------------------------------------------
         415.18   slack (MET)


Startpoint: _117206_ (rising edge-triggered flip-flop clocked by clk)
Endpoint: _108728_ (rising edge-triggered flip-flop clocked by clk)
Path Group: clk
Path Type: min

  Delay    Time   Description
---------------------------------------------------------
   0.00    0.00   clock clk (rise edge)
   0.00    0.00   clock network delay (ideal)
   0.00    0.00 ^ _117206_/CLK (DFFASRHQNx1_ASAP7_75t_R)
  96.77   96.77 ^ _117206_/QN (DFFASRHQNx1_ASAP7_75t_R)
  32.92  129.69 v _079487_/Y (NOR2x2_ASAP7_75t_R)
  19.26  148.95 ^ _079488_/Y (NAND2x1_ASAP7_75t_R)
  29.15  178.10 ^ _079491_/Y (AO21x1_ASAP7_75t_R)
  26.24  204.34 ^ _079492_/Y (BUFx6f_ASAP7_75t_R)
  18.83  223.17 v _079758_/Y (NAND2x2_ASAP7_75t_R)
  21.16  244.33 ^ _079883_/Y (NOR2x2_ASAP7_75t_R)
  31.89  276.22 ^ _079884_/Y (BUFx4f_ASAP7_75t_R)
  31.47  307.69 ^ _083566_/Y (BUFx3_ASAP7_75t_R)
  22.98  330.67 ^ _083609_/Y (OR3x1_ASAP7_75t_R)
  29.04  359.71 ^ _083610_/Y (BUFx3_ASAP7_75t_R)
  33.80  393.51 ^ _083611_/Y (BUFx3_ASAP7_75t_R)
  12.75  406.26 v _083614_/Y (NAND2x1_ASAP7_75t_R)
  23.22  429.48 v _083615_/Y (OA21x2_ASAP7_75t_R)
   0.00  429.48 v _108728_/D (DFFHQNx1_ASAP7_75t_R)
         429.48   data arrival time

   0.00    0.00   clock clk (rise edge)
   0.00    0.00   clock network delay (ideal)
   0.00    0.00   clock reconvergence pessimism
           0.00 ^ _108728_/CLK (DFFHQNx1_ASAP7_75t_R)
  14.30   14.30   library hold time
          14.30   data required time
---------------------------------------------------------
          14.30   data required time
        -429.48   data arrival time
---------------------------------------------------------
         415.18   slack (MET)


Startpoint: _117206_ (rising edge-triggered flip-flop clocked by clk)
Endpoint: _108735_ (rising edge-triggered flip-flop clocked by clk)
Path Group: clk
Path Type: min

  Delay    Time   Description
---------------------------------------------------------
   0.00    0.00   clock clk (rise edge)
   0.00    0.00   clock network delay (ideal)
   0.00    0.00 ^ _117206_/CLK (DFFASRHQNx1_ASAP7_75t_R)
  96.77   96.77 ^ _117206_/QN (DFFASRHQNx1_ASAP7_75t_R)
  32.92  129.69 v _079487_/Y (NOR2x2_ASAP7_75t_R)
  19.26  148.95 ^ _079488_/Y (NAND2x1_ASAP7_75t_R)
  29.15  178.10 ^ _079491_/Y (AO21x1_ASAP7_75t_R)
  26.24  204.34 ^ _079492_/Y (BUFx6f_ASAP7_75t_R)
  18.83  223.17 v _079758_/Y (NAND2x2_ASAP7_75t_R)
  21.16  244.33 ^ _079883_/Y (NOR2x2_ASAP7_75t_R)
  31.89  276.22 ^ _079884_/Y (BUFx4f_ASAP7_75t_R)
  31.47  307.69 ^ _083566_/Y (BUFx3_ASAP7_75t_R)
  22.98  330.67 ^ _083629_/Y (OR3x1_ASAP7_75t_R)
  29.04  359.71 ^ _083630_/Y (BUFx3_ASAP7_75t_R)
  33.80  393.51 ^ _083631_/Y (BUFx3_ASAP7_75t_R)
  12.75  406.26 v _083632_/Y (NAND2x1_ASAP7_75t_R)
  23.22  429.48 v _083633_/Y (OA21x2_ASAP7_75t_R)
   0.00  429.48 v _108735_/D (DFFHQNx1_ASAP7_75t_R)
         429.48   data arrival time

   0.00    0.00   clock clk (rise edge)
   0.00    0.00   clock network delay (ideal)
   0.00    0.00   clock reconvergence pessimism
           0.00 ^ _108735_/CLK (DFFHQNx1_ASAP7_75t_R)
  14.30   14.30   library hold time
          14.30   data required time
---------------------------------------------------------
          14.30   data required time
        -429.48   data arrival time
---------------------------------------------------------
         415.18   slack (MET)


Startpoint: _117206_ (rising edge-triggered flip-flop clocked by clk)
Endpoint: _108736_ (rising edge-triggered flip-flop clocked by clk)
Path Group: clk
Path Type: min

  Delay    Time   Description
---------------------------------------------------------
   0.00    0.00   clock clk (rise edge)
   0.00    0.00   clock network delay (ideal)
   0.00    0.00 ^ _117206_/CLK (DFFASRHQNx1_ASAP7_75t_R)
  96.77   96.77 ^ _117206_/QN (DFFASRHQNx1_ASAP7_75t_R)
  32.92  129.69 v _079487_/Y (NOR2x2_ASAP7_75t_R)
  19.26  148.95 ^ _079488_/Y (NAND2x1_ASAP7_75t_R)
  29.15  178.10 ^ _079491_/Y (AO21x1_ASAP7_75t_R)
  26.24  204.34 ^ _079492_/Y (BUFx6f_ASAP7_75t_R)
  18.83  223.17 v _079758_/Y (NAND2x2_ASAP7_75t_R)
  21.16  244.33 ^ _079883_/Y (NOR2x2_ASAP7_75t_R)
  31.89  276.22 ^ _079884_/Y (BUFx4f_ASAP7_75t_R)
  31.47  307.69 ^ _083566_/Y (BUFx3_ASAP7_75t_R)
  22.98  330.67 ^ _083629_/Y (OR3x1_ASAP7_75t_R)
  29.04  359.71 ^ _083630_/Y (BUFx3_ASAP7_75t_R)
  33.80  393.51 ^ _083631_/Y (BUFx3_ASAP7_75t_R)
  12.75  406.26 v _083634_/Y (NAND2x1_ASAP7_75t_R)
  23.22  429.48 v _083635_/Y (OA21x2_ASAP7_75t_R)
   0.00  429.48 v _108736_/D (DFFHQNx1_ASAP7_75t_R)
         429.48   data arrival time

   0.00    0.00   clock clk (rise edge)
   0.00    0.00   clock network delay (ideal)
   0.00    0.00   clock reconvergence pessimism
           0.00 ^ _108736_/CLK (DFFHQNx1_ASAP7_75t_R)
  14.30   14.30   library hold time
          14.30   data required time
---------------------------------------------------------
          14.30   data required time
        -429.48   data arrival time
---------------------------------------------------------
         415.18   slack (MET)


Startpoint: _117206_ (rising edge-triggered flip-flop clocked by clk)
Endpoint: _108743_ (rising edge-triggered flip-flop clocked by clk)
Path Group: clk
Path Type: min

  Delay    Time   Description
---------------------------------------------------------
   0.00    0.00   clock clk (rise edge)
   0.00    0.00   clock network delay (ideal)
   0.00    0.00 ^ _117206_/CLK (DFFASRHQNx1_ASAP7_75t_R)
  96.77   96.77 ^ _117206_/QN (DFFASRHQNx1_ASAP7_75t_R)
  32.92  129.69 v _079487_/Y (NOR2x2_ASAP7_75t_R)
  19.26  148.95 ^ _079488_/Y (NAND2x1_ASAP7_75t_R)
  29.15  178.10 ^ _079491_/Y (AO21x1_ASAP7_75t_R)
  26.24  204.34 ^ _079492_/Y (BUFx6f_ASAP7_75t_R)
  18.83  223.17 v _079758_/Y (NAND2x2_ASAP7_75t_R)
  21.16  244.33 ^ _079883_/Y (NOR2x2_ASAP7_75t_R)
  31.89  276.22 ^ _079884_/Y (BUFx4f_ASAP7_75t_R)
  31.47  307.69 ^ _083566_/Y (BUFx3_ASAP7_75t_R)
  22.98  330.67 ^ _083651_/Y (OR3x1_ASAP7_75t_R)
  29.04  359.71 ^ _083652_/Y (BUFx3_ASAP7_75t_R)
  33.80  393.51 ^ _083653_/Y (BUFx3_ASAP7_75t_R)
  12.75  406.26 v _083654_/Y (NAND2x1_ASAP7_75t_R)
  23.22  429.48 v _083655_/Y (OA21x2_ASAP7_75t_R)
   0.00  429.48 v _108743_/D (DFFHQNx1_ASAP7_75t_R)
         429.48   data arrival time

   0.00    0.00   clock clk (rise edge)
   0.00    0.00   clock network delay (ideal)
   0.00    0.00   clock reconvergence pessimism
           0.00 ^ _108743_/CLK (DFFHQNx1_ASAP7_75t_R)
  14.30   14.30   library hold time
          14.30   data required time
---------------------------------------------------------
          14.30   data required time
        -429.48   data arrival time
---------------------------------------------------------
         415.18   slack (MET)


Startpoint: _117206_ (rising edge-triggered flip-flop clocked by clk)
Endpoint: _108744_ (rising edge-triggered flip-flop clocked by clk)
Path Group: clk
Path Type: min

  Delay    Time   Description
---------------------------------------------------------
   0.00    0.00   clock clk (rise edge)
   0.00    0.00   clock network delay (ideal)
   0.00    0.00 ^ _117206_/CLK (DFFASRHQNx1_ASAP7_75t_R)
  96.77   96.77 ^ _117206_/QN (DFFASRHQNx1_ASAP7_75t_R)
  32.92  129.69 v _079487_/Y (NOR2x2_ASAP7_75t_R)
  19.26  148.95 ^ _079488_/Y (NAND2x1_ASAP7_75t_R)
  29.15  178.10 ^ _079491_/Y (AO21x1_ASAP7_75t_R)
  26.24  204.34 ^ _079492_/Y (BUFx6f_ASAP7_75t_R)
  18.83  223.17 v _079758_/Y (NAND2x2_ASAP7_75t_R)
  21.16  244.33 ^ _079883_/Y (NOR2x2_ASAP7_75t_R)
  31.89  276.22 ^ _079884_/Y (BUFx4f_ASAP7_75t_R)
  31.47  307.69 ^ _083566_/Y (BUFx3_ASAP7_75t_R)
  22.98  330.67 ^ _083651_/Y (OR3x1_ASAP7_75t_R)
  29.04  359.71 ^ _083652_/Y (BUFx3_ASAP7_75t_R)
  33.80  393.51 ^ _083653_/Y (BUFx3_ASAP7_75t_R)
  12.75  406.26 v _083657_/Y (NAND2x1_ASAP7_75t_R)
  23.22  429.48 v _083658_/Y (OA21x2_ASAP7_75t_R)
   0.00  429.48 v _108744_/D (DFFHQNx1_ASAP7_75t_R)
         429.48   data arrival time

   0.00    0.00   clock clk (rise edge)
   0.00    0.00   clock network delay (ideal)
   0.00    0.00   clock reconvergence pessimism
           0.00 ^ _108744_/CLK (DFFHQNx1_ASAP7_75t_R)
  14.30   14.30   library hold time
          14.30   data required time
---------------------------------------------------------
          14.30   data required time
        -429.48   data arrival time
---------------------------------------------------------
         415.18   slack (MET)


Startpoint: _117206_ (rising edge-triggered flip-flop clocked by clk)
Endpoint: _108751_ (rising edge-triggered flip-flop clocked by clk)
Path Group: clk
Path Type: min

  Delay    Time   Description
---------------------------------------------------------
   0.00    0.00   clock clk (rise edge)
   0.00    0.00   clock network delay (ideal)
   0.00    0.00 ^ _117206_/CLK (DFFASRHQNx1_ASAP7_75t_R)
  96.77   96.77 ^ _117206_/QN (DFFASRHQNx1_ASAP7_75t_R)
  32.92  129.69 v _079487_/Y (NOR2x2_ASAP7_75t_R)
  19.26  148.95 ^ _079488_/Y (NAND2x1_ASAP7_75t_R)
  29.15  178.10 ^ _079491_/Y (AO21x1_ASAP7_75t_R)
  26.24  204.34 ^ _079492_/Y (BUFx6f_ASAP7_75t_R)
  18.83  223.17 v _079758_/Y (NAND2x2_ASAP7_75t_R)
  21.16  244.33 ^ _079883_/Y (NOR2x2_ASAP7_75t_R)
  31.89  276.22 ^ _079884_/Y (BUFx4f_ASAP7_75t_R)
  31.47  307.69 ^ _083566_/Y (BUFx3_ASAP7_75t_R)
  22.98  330.67 ^ _083678_/Y (OR3x1_ASAP7_75t_R)
  29.04  359.71 ^ _083679_/Y (BUFx3_ASAP7_75t_R)
  33.80  393.51 ^ _083680_/Y (BUFx3_ASAP7_75t_R)
  12.75  406.26 v _083681_/Y (NAND2x1_ASAP7_75t_R)
  23.22  429.48 v _083682_/Y (OA21x2_ASAP7_75t_R)
   0.00  429.48 v _108751_/D (DFFHQNx1_ASAP7_75t_R)
         429.48   data arrival time

   0.00    0.00   clock clk (rise edge)
   0.00    0.00   clock network delay (ideal)
   0.00    0.00   clock reconvergence pessimism
           0.00 ^ _108751_/CLK (DFFHQNx1_ASAP7_75t_R)
  14.30   14.30   library hold time
          14.30   data required time
---------------------------------------------------------
          14.30   data required time
        -429.48   data arrival time
---------------------------------------------------------
         415.18   slack (MET)


Startpoint: _117206_ (rising edge-triggered flip-flop clocked by clk)
Endpoint: _108752_ (rising edge-triggered flip-flop clocked by clk)
Path Group: clk
Path Type: min

  Delay    Time   Description
---------------------------------------------------------
   0.00    0.00   clock clk (rise edge)
   0.00    0.00   clock network delay (ideal)
   0.00    0.00 ^ _117206_/CLK (DFFASRHQNx1_ASAP7_75t_R)
  96.77   96.77 ^ _117206_/QN (DFFASRHQNx1_ASAP7_75t_R)
  32.92  129.69 v _079487_/Y (NOR2x2_ASAP7_75t_R)
  19.26  148.95 ^ _079488_/Y (NAND2x1_ASAP7_75t_R)
  29.15  178.10 ^ _079491_/Y (AO21x1_ASAP7_75t_R)
  26.24  204.34 ^ _079492_/Y (BUFx6f_ASAP7_75t_R)
  18.83  223.17 v _079758_/Y (NAND2x2_ASAP7_75t_R)
  21.16  244.33 ^ _079883_/Y (NOR2x2_ASAP7_75t_R)
  31.89  276.22 ^ _079884_/Y (BUFx4f_ASAP7_75t_R)
  31.47  307.69 ^ _083566_/Y (BUFx3_ASAP7_75t_R)
  22.98  330.67 ^ _083678_/Y (OR3x1_ASAP7_75t_R)
  29.04  359.71 ^ _083679_/Y (BUFx3_ASAP7_75t_R)
  33.80  393.51 ^ _083680_/Y (BUFx3_ASAP7_75t_R)
  12.75  406.26 v _083683_/Y (NAND2x1_ASAP7_75t_R)
  23.22  429.48 v _083684_/Y (OA21x2_ASAP7_75t_R)
   0.00  429.48 v _108752_/D (DFFHQNx1_ASAP7_75t_R)
         429.48   data arrival time

   0.00    0.00   clock clk (rise edge)
   0.00    0.00   clock network delay (ideal)
   0.00    0.00   clock reconvergence pessimism
           0.00 ^ _108752_/CLK (DFFHQNx1_ASAP7_75t_R)
  14.30   14.30   library hold time
          14.30   data required time
---------------------------------------------------------
          14.30   data required time
        -429.48   data arrival time
---------------------------------------------------------
         415.18   slack (MET)


Startpoint: _117206_ (rising edge-triggered flip-flop clocked by clk)
Endpoint: _108759_ (rising edge-triggered flip-flop clocked by clk)
Path Group: clk
Path Type: min

  Delay    Time   Description
---------------------------------------------------------
   0.00    0.00   clock clk (rise edge)
   0.00    0.00   clock network delay (ideal)
   0.00    0.00 ^ _117206_/CLK (DFFASRHQNx1_ASAP7_75t_R)
  96.77   96.77 ^ _117206_/QN (DFFASRHQNx1_ASAP7_75t_R)
  32.92  129.69 v _079487_/Y (NOR2x2_ASAP7_75t_R)
  19.26  148.95 ^ _079488_/Y (NAND2x1_ASAP7_75t_R)
  29.15  178.10 ^ _079491_/Y (AO21x1_ASAP7_75t_R)
  26.24  204.34 ^ _079492_/Y (BUFx6f_ASAP7_75t_R)
  18.83  223.17 v _079758_/Y (NAND2x2_ASAP7_75t_R)
  21.16  244.33 ^ _079883_/Y (NOR2x2_ASAP7_75t_R)
  31.89  276.22 ^ _079884_/Y (BUFx4f_ASAP7_75t_R)
  31.47  307.69 ^ _083566_/Y (BUFx3_ASAP7_75t_R)
  22.98  330.67 ^ _083697_/Y (OR3x1_ASAP7_75t_R)
  29.04  359.71 ^ _083698_/Y (BUFx3_ASAP7_75t_R)
  33.80  393.51 ^ _083699_/Y (BUFx3_ASAP7_75t_R)
  12.75  406.26 v _083700_/Y (NAND2x1_ASAP7_75t_R)
  23.22  429.48 v _083701_/Y (OA21x2_ASAP7_75t_R)
   0.00  429.48 v _108759_/D (DFFHQNx1_ASAP7_75t_R)
         429.48   data arrival time

   0.00    0.00   clock clk (rise edge)
   0.00    0.00   clock network delay (ideal)
   0.00    0.00   clock reconvergence pessimism
           0.00 ^ _108759_/CLK (DFFHQNx1_ASAP7_75t_R)
  14.30   14.30   library hold time
          14.30   data required time
---------------------------------------------------------
          14.30   data required time
        -429.48   data arrival time
---------------------------------------------------------
         415.18   slack (MET)


Startpoint: _117206_ (rising edge-triggered flip-flop clocked by clk)
Endpoint: _108760_ (rising edge-triggered flip-flop clocked by clk)
Path Group: clk
Path Type: min

  Delay    Time   Description
---------------------------------------------------------
   0.00    0.00   clock clk (rise edge)
   0.00    0.00   clock network delay (ideal)
   0.00    0.00 ^ _117206_/CLK (DFFASRHQNx1_ASAP7_75t_R)
  96.77   96.77 ^ _117206_/QN (DFFASRHQNx1_ASAP7_75t_R)
  32.92  129.69 v _079487_/Y (NOR2x2_ASAP7_75t_R)
  19.26  148.95 ^ _079488_/Y (NAND2x1_ASAP7_75t_R)
  29.15  178.10 ^ _079491_/Y (AO21x1_ASAP7_75t_R)
  26.24  204.34 ^ _079492_/Y (BUFx6f_ASAP7_75t_R)
  18.83  223.17 v _079758_/Y (NAND2x2_ASAP7_75t_R)
  21.16  244.33 ^ _079883_/Y (NOR2x2_ASAP7_75t_R)
  31.89  276.22 ^ _079884_/Y (BUFx4f_ASAP7_75t_R)
  31.47  307.69 ^ _083566_/Y (BUFx3_ASAP7_75t_R)
  22.98  330.67 ^ _083697_/Y (OR3x1_ASAP7_75t_R)
  29.04  359.71 ^ _083698_/Y (BUFx3_ASAP7_75t_R)
  33.80  393.51 ^ _083699_/Y (BUFx3_ASAP7_75t_R)
  12.75  406.26 v _083702_/Y (NAND2x1_ASAP7_75t_R)
  23.22  429.48 v _083703_/Y (OA21x2_ASAP7_75t_R)
   0.00  429.48 v _108760_/D (DFFHQNx1_ASAP7_75t_R)
         429.48   data arrival time

   0.00    0.00   clock clk (rise edge)
   0.00    0.00   clock network delay (ideal)
   0.00    0.00   clock reconvergence pessimism
           0.00 ^ _108760_/CLK (DFFHQNx1_ASAP7_75t_R)
  14.30   14.30   library hold time
          14.30   data required time
---------------------------------------------------------
          14.30   data required time
        -429.48   data arrival time
---------------------------------------------------------
         415.18   slack (MET)


Startpoint: _117206_ (rising edge-triggered flip-flop clocked by clk)
Endpoint: _108767_ (rising edge-triggered flip-flop clocked by clk)
Path Group: clk
Path Type: min

  Delay    Time   Description
---------------------------------------------------------
   0.00    0.00   clock clk (rise edge)
   0.00    0.00   clock network delay (ideal)
   0.00    0.00 ^ _117206_/CLK (DFFASRHQNx1_ASAP7_75t_R)
  96.77   96.77 ^ _117206_/QN (DFFASRHQNx1_ASAP7_75t_R)
  32.92  129.69 v _079487_/Y (NOR2x2_ASAP7_75t_R)
  19.26  148.95 ^ _079488_/Y (NAND2x1_ASAP7_75t_R)
  29.15  178.10 ^ _079491_/Y (AO21x1_ASAP7_75t_R)
  26.24  204.34 ^ _079492_/Y (BUFx6f_ASAP7_75t_R)
  18.83  223.17 v _079758_/Y (NAND2x2_ASAP7_75t_R)
  21.16  244.33 ^ _079883_/Y (NOR2x2_ASAP7_75t_R)
  31.89  276.22 ^ _079884_/Y (BUFx4f_ASAP7_75t_R)
  31.47  307.69 ^ _083566_/Y (BUFx3_ASAP7_75t_R)
  22.98  330.67 ^ _083717_/Y (OR3x1_ASAP7_75t_R)
  29.04  359.71 ^ _083718_/Y (BUFx3_ASAP7_75t_R)
  33.80  393.51 ^ _083719_/Y (BUFx3_ASAP7_75t_R)
  12.75  406.26 v _083720_/Y (NAND2x1_ASAP7_75t_R)
  23.22  429.48 v _083721_/Y (OA21x2_ASAP7_75t_R)
   0.00  429.48 v _108767_/D (DFFHQNx1_ASAP7_75t_R)
         429.48   data arrival time

   0.00    0.00   clock clk (rise edge)
   0.00    0.00   clock network delay (ideal)
   0.00    0.00   clock reconvergence pessimism
           0.00 ^ _108767_/CLK (DFFHQNx1_ASAP7_75t_R)
  14.30   14.30   library hold time
          14.30   data required time
---------------------------------------------------------
          14.30   data required time
        -429.48   data arrival time
---------------------------------------------------------
         415.18   slack (MET)


Startpoint: _117206_ (rising edge-triggered flip-flop clocked by clk)
Endpoint: _108768_ (rising edge-triggered flip-flop clocked by clk)
Path Group: clk
Path Type: min

  Delay    Time   Description
---------------------------------------------------------
   0.00    0.00   clock clk (rise edge)
   0.00    0.00   clock network delay (ideal)
   0.00    0.00 ^ _117206_/CLK (DFFASRHQNx1_ASAP7_75t_R)
  96.77   96.77 ^ _117206_/QN (DFFASRHQNx1_ASAP7_75t_R)
  32.92  129.69 v _079487_/Y (NOR2x2_ASAP7_75t_R)
  19.26  148.95 ^ _079488_/Y (NAND2x1_ASAP7_75t_R)
  29.15  178.10 ^ _079491_/Y (AO21x1_ASAP7_75t_R)
  26.24  204.34 ^ _079492_/Y (BUFx6f_ASAP7_75t_R)
  18.83  223.17 v _079758_/Y (NAND2x2_ASAP7_75t_R)
  21.16  244.33 ^ _079883_/Y (NOR2x2_ASAP7_75t_R)
  31.89  276.22 ^ _079884_/Y (BUFx4f_ASAP7_75t_R)
  31.47  307.69 ^ _083566_/Y (BUFx3_ASAP7_75t_R)
  22.98  330.67 ^ _083717_/Y (OR3x1_ASAP7_75t_R)
  29.04  359.71 ^ _083718_/Y (BUFx3_ASAP7_75t_R)
  33.80  393.51 ^ _083719_/Y (BUFx3_ASAP7_75t_R)
  12.75  406.26 v _083722_/Y (NAND2x1_ASAP7_75t_R)
  23.22  429.48 v _083723_/Y (OA21x2_ASAP7_75t_R)
   0.00  429.48 v _108768_/D (DFFHQNx1_ASAP7_75t_R)
         429.48   data arrival time

   0.00    0.00   clock clk (rise edge)
   0.00    0.00   clock network delay (ideal)
   0.00    0.00   clock reconvergence pessimism
           0.00 ^ _108768_/CLK (DFFHQNx1_ASAP7_75t_R)
  14.30   14.30   library hold time
          14.30   data required time
---------------------------------------------------------
          14.30   data required time
        -429.48   data arrival time
---------------------------------------------------------
         415.18   slack (MET)


Startpoint: _117206_ (rising edge-triggered flip-flop clocked by clk)
Endpoint: _108775_ (rising edge-triggered flip-flop clocked by clk)
Path Group: clk
Path Type: min

  Delay    Time   Description
---------------------------------------------------------
   0.00    0.00   clock clk (rise edge)
   0.00    0.00   clock network delay (ideal)
   0.00    0.00 ^ _117206_/CLK (DFFASRHQNx1_ASAP7_75t_R)
  96.77   96.77 ^ _117206_/QN (DFFASRHQNx1_ASAP7_75t_R)
  32.92  129.69 v _079487_/Y (NOR2x2_ASAP7_75t_R)
  19.26  148.95 ^ _079488_/Y (NAND2x1_ASAP7_75t_R)
  29.15  178.10 ^ _079491_/Y (AO21x1_ASAP7_75t_R)
  26.24  204.34 ^ _079492_/Y (BUFx6f_ASAP7_75t_R)
  18.83  223.17 v _079758_/Y (NAND2x2_ASAP7_75t_R)
  21.16  244.33 ^ _079883_/Y (NOR2x2_ASAP7_75t_R)
  31.89  276.22 ^ _079884_/Y (BUFx4f_ASAP7_75t_R)
  31.47  307.69 ^ _083566_/Y (BUFx3_ASAP7_75t_R)
  22.98  330.67 ^ _083736_/Y (OR3x1_ASAP7_75t_R)
  29.04  359.71 ^ _083737_/Y (BUFx3_ASAP7_75t_R)
  33.80  393.51 ^ _083738_/Y (BUFx3_ASAP7_75t_R)
  12.75  406.26 v _083739_/Y (NAND2x1_ASAP7_75t_R)
  23.22  429.48 v _083740_/Y (OA21x2_ASAP7_75t_R)
   0.00  429.48 v _108775_/D (DFFHQNx1_ASAP7_75t_R)
         429.48   data arrival time

   0.00    0.00   clock clk (rise edge)
   0.00    0.00   clock network delay (ideal)
   0.00    0.00   clock reconvergence pessimism
           0.00 ^ _108775_/CLK (DFFHQNx1_ASAP7_75t_R)
  14.30   14.30   library hold time
          14.30   data required time
---------------------------------------------------------
          14.30   data required time
        -429.48   data arrival time
---------------------------------------------------------
         415.18   slack (MET)


Startpoint: _117206_ (rising edge-triggered flip-flop clocked by clk)
Endpoint: _108776_ (rising edge-triggered flip-flop clocked by clk)
Path Group: clk
Path Type: min

  Delay    Time   Description
---------------------------------------------------------
   0.00    0.00   clock clk (rise edge)
   0.00    0.00   clock network delay (ideal)
   0.00    0.00 ^ _117206_/CLK (DFFASRHQNx1_ASAP7_75t_R)
  96.77   96.77 ^ _117206_/QN (DFFASRHQNx1_ASAP7_75t_R)
  32.92  129.69 v _079487_/Y (NOR2x2_ASAP7_75t_R)
  19.26  148.95 ^ _079488_/Y (NAND2x1_ASAP7_75t_R)
  29.15  178.10 ^ _079491_/Y (AO21x1_ASAP7_75t_R)
  26.24  204.34 ^ _079492_/Y (BUFx6f_ASAP7_75t_R)
  18.83  223.17 v _079758_/Y (NAND2x2_ASAP7_75t_R)
  21.16  244.33 ^ _079883_/Y (NOR2x2_ASAP7_75t_R)
  31.89  276.22 ^ _079884_/Y (BUFx4f_ASAP7_75t_R)
  31.47  307.69 ^ _083566_/Y (BUFx3_ASAP7_75t_R)
  22.98  330.67 ^ _083736_/Y (OR3x1_ASAP7_75t_R)
  29.04  359.71 ^ _083737_/Y (BUFx3_ASAP7_75t_R)
  33.80  393.51 ^ _083738_/Y (BUFx3_ASAP7_75t_R)
  12.75  406.26 v _083741_/Y (NAND2x1_ASAP7_75t_R)
  23.22  429.48 v _083742_/Y (OA21x2_ASAP7_75t_R)
   0.00  429.48 v _108776_/D (DFFHQNx1_ASAP7_75t_R)
         429.48   data arrival time

   0.00    0.00   clock clk (rise edge)
   0.00    0.00   clock network delay (ideal)
   0.00    0.00   clock reconvergence pessimism
           0.00 ^ _108776_/CLK (DFFHQNx1_ASAP7_75t_R)
  14.30   14.30   library hold time
          14.30   data required time
---------------------------------------------------------
          14.30   data required time
        -429.48   data arrival time
---------------------------------------------------------
         415.18   slack (MET)


Startpoint: _117206_ (rising edge-triggered flip-flop clocked by clk)
Endpoint: _108791_ (rising edge-triggered flip-flop clocked by clk)
Path Group: clk
Path Type: min

  Delay    Time   Description
---------------------------------------------------------
   0.00    0.00   clock clk (rise edge)
   0.00    0.00   clock network delay (ideal)
   0.00    0.00 ^ _117206_/CLK (DFFASRHQNx1_ASAP7_75t_R)
  96.77   96.77 ^ _117206_/QN (DFFASRHQNx1_ASAP7_75t_R)
  32.92  129.69 v _079487_/Y (NOR2x2_ASAP7_75t_R)
  19.26  148.95 ^ _079488_/Y (NAND2x1_ASAP7_75t_R)
  29.15  178.10 ^ _079491_/Y (AO21x1_ASAP7_75t_R)
  26.24  204.34 ^ _079492_/Y (BUFx6f_ASAP7_75t_R)
  18.83  223.17 v _079758_/Y (NAND2x2_ASAP7_75t_R)
  21.16  244.33 ^ _079883_/Y (NOR2x2_ASAP7_75t_R)
  31.89  276.22 ^ _079884_/Y (BUFx4f_ASAP7_75t_R)
  31.47  307.69 ^ _083566_/Y (BUFx3_ASAP7_75t_R)
  22.98  330.67 ^ _083774_/Y (OR3x1_ASAP7_75t_R)
  29.04  359.71 ^ _083775_/Y (BUFx3_ASAP7_75t_R)
  33.80  393.51 ^ _083776_/Y (BUFx3_ASAP7_75t_R)
  12.75  406.26 v _083777_/Y (NAND2x1_ASAP7_75t_R)
  23.22  429.48 v _083778_/Y (OA21x2_ASAP7_75t_R)
   0.00  429.48 v _108791_/D (DFFHQNx1_ASAP7_75t_R)
         429.48   data arrival time

   0.00    0.00   clock clk (rise edge)
   0.00    0.00   clock network delay (ideal)
   0.00    0.00   clock reconvergence pessimism
           0.00 ^ _108791_/CLK (DFFHQNx1_ASAP7_75t_R)
  14.30   14.30   library hold time
          14.30   data required time
---------------------------------------------------------
          14.30   data required time
        -429.48   data arrival time
---------------------------------------------------------
         415.18   slack (MET)


Startpoint: _117206_ (rising edge-triggered flip-flop clocked by clk)
Endpoint: _108792_ (rising edge-triggered flip-flop clocked by clk)
Path Group: clk
Path Type: min

  Delay    Time   Description
---------------------------------------------------------
   0.00    0.00   clock clk (rise edge)
   0.00    0.00   clock network delay (ideal)
   0.00    0.00 ^ _117206_/CLK (DFFASRHQNx1_ASAP7_75t_R)
  96.77   96.77 ^ _117206_/QN (DFFASRHQNx1_ASAP7_75t_R)
  32.92  129.69 v _079487_/Y (NOR2x2_ASAP7_75t_R)
  19.26  148.95 ^ _079488_/Y (NAND2x1_ASAP7_75t_R)
  29.15  178.10 ^ _079491_/Y (AO21x1_ASAP7_75t_R)
  26.24  204.34 ^ _079492_/Y (BUFx6f_ASAP7_75t_R)
  18.83  223.17 v _079758_/Y (NAND2x2_ASAP7_75t_R)
  21.16  244.33 ^ _079883_/Y (NOR2x2_ASAP7_75t_R)
  31.89  276.22 ^ _079884_/Y (BUFx4f_ASAP7_75t_R)
  31.47  307.69 ^ _083566_/Y (BUFx3_ASAP7_75t_R)
  22.98  330.67 ^ _083774_/Y (OR3x1_ASAP7_75t_R)
  29.04  359.71 ^ _083775_/Y (BUFx3_ASAP7_75t_R)
  33.80  393.51 ^ _083776_/Y (BUFx3_ASAP7_75t_R)
  12.75  406.26 v _083779_/Y (NAND2x1_ASAP7_75t_R)
  23.22  429.48 v _083780_/Y (OA21x2_ASAP7_75t_R)
   0.00  429.48 v _108792_/D (DFFHQNx1_ASAP7_75t_R)
         429.48   data arrival time

   0.00    0.00   clock clk (rise edge)
   0.00    0.00   clock network delay (ideal)
   0.00    0.00   clock reconvergence pessimism
           0.00 ^ _108792_/CLK (DFFHQNx1_ASAP7_75t_R)
  14.30   14.30   library hold time
          14.30   data required time
---------------------------------------------------------
          14.30   data required time
        -429.48   data arrival time
---------------------------------------------------------
         415.18   slack (MET)


Startpoint: _117206_ (rising edge-triggered flip-flop clocked by clk)
Endpoint: _107319_ (rising edge-triggered flip-flop clocked by clk)
Path Group: clk
Path Type: min

  Delay    Time   Description
---------------------------------------------------------
   0.00    0.00   clock clk (rise edge)
   0.00    0.00   clock network delay (ideal)
   0.00    0.00 ^ _117206_/CLK (DFFASRHQNx1_ASAP7_75t_R)
  96.77   96.77 ^ _117206_/QN (DFFASRHQNx1_ASAP7_75t_R)
  32.92  129.69 v _079487_/Y (NOR2x2_ASAP7_75t_R)
  19.26  148.95 ^ _079488_/Y (NAND2x1_ASAP7_75t_R)
  29.15  178.10 ^ _079491_/Y (AO21x1_ASAP7_75t_R)
  26.24  204.34 ^ _079492_/Y (BUFx6f_ASAP7_75t_R)
  18.83  223.17 v _079758_/Y (NAND2x2_ASAP7_75t_R)
  21.66  244.83 ^ _079759_/Y (NOR2x2_ASAP7_75t_R)
  34.13  278.96 ^ _079760_/Y (BUFx4f_ASAP7_75t_R)
  30.38  309.34 ^ _079761_/Y (BUFx4f_ASAP7_75t_R)
  21.73  331.07 ^ _079770_/Y (OR3x1_ASAP7_75t_R)
  29.00  360.07 ^ _079771_/Y (BUFx3_ASAP7_75t_R)
  33.80  393.87 ^ _079772_/Y (BUFx3_ASAP7_75t_R)
  12.75  406.62 v _079773_/Y (NAND2x1_ASAP7_75t_R)
  23.22  429.84 v _079774_/Y (OA21x2_ASAP7_75t_R)
   0.00  429.84 v _107319_/D (DFFHQNx1_ASAP7_75t_R)
         429.84   data arrival time

   0.00    0.00   clock clk (rise edge)
   0.00    0.00   clock network delay (ideal)
   0.00    0.00   clock reconvergence pessimism
           0.00 ^ _107319_/CLK (DFFHQNx1_ASAP7_75t_R)
  14.30   14.30   library hold time
          14.30   data required time
---------------------------------------------------------
          14.30   data required time
        -429.84   data arrival time
---------------------------------------------------------
         415.54   slack (MET)


Startpoint: _117206_ (rising edge-triggered flip-flop clocked by clk)
Endpoint: _107320_ (rising edge-triggered flip-flop clocked by clk)
Path Group: clk
Path Type: min

  Delay    Time   Description
---------------------------------------------------------
   0.00    0.00   clock clk (rise edge)
   0.00    0.00   clock network delay (ideal)
   0.00    0.00 ^ _117206_/CLK (DFFASRHQNx1_ASAP7_75t_R)
  96.77   96.77 ^ _117206_/QN (DFFASRHQNx1_ASAP7_75t_R)
  32.92  129.69 v _079487_/Y (NOR2x2_ASAP7_75t_R)
  19.26  148.95 ^ _079488_/Y (NAND2x1_ASAP7_75t_R)
  29.15  178.10 ^ _079491_/Y (AO21x1_ASAP7_75t_R)
  26.24  204.34 ^ _079492_/Y (BUFx6f_ASAP7_75t_R)
  18.83  223.17 v _079758_/Y (NAND2x2_ASAP7_75t_R)
  21.66  244.83 ^ _079759_/Y (NOR2x2_ASAP7_75t_R)
  34.13  278.96 ^ _079760_/Y (BUFx4f_ASAP7_75t_R)
  30.38  309.34 ^ _079761_/Y (BUFx4f_ASAP7_75t_R)
  21.73  331.07 ^ _079770_/Y (OR3x1_ASAP7_75t_R)
  29.00  360.07 ^ _079771_/Y (BUFx3_ASAP7_75t_R)
  33.80  393.87 ^ _079772_/Y (BUFx3_ASAP7_75t_R)
  12.75  406.62 v _079778_/Y (NAND2x1_ASAP7_75t_R)
  23.22  429.84 v _079779_/Y (OA21x2_ASAP7_75t_R)
   0.00  429.84 v _107320_/D (DFFHQNx1_ASAP7_75t_R)
         429.84   data arrival time

   0.00    0.00   clock clk (rise edge)
   0.00    0.00   clock network delay (ideal)
   0.00    0.00   clock reconvergence pessimism
           0.00 ^ _107320_/CLK (DFFHQNx1_ASAP7_75t_R)
  14.30   14.30   library hold time
          14.30   data required time
---------------------------------------------------------
          14.30   data required time
        -429.84   data arrival time
---------------------------------------------------------
         415.54   slack (MET)


Startpoint: _117206_ (rising edge-triggered flip-flop clocked by clk)
Endpoint: _107327_ (rising edge-triggered flip-flop clocked by clk)
Path Group: clk
Path Type: min

  Delay    Time   Description
---------------------------------------------------------
   0.00    0.00   clock clk (rise edge)
   0.00    0.00   clock network delay (ideal)
   0.00    0.00 ^ _117206_/CLK (DFFASRHQNx1_ASAP7_75t_R)
  96.77   96.77 ^ _117206_/QN (DFFASRHQNx1_ASAP7_75t_R)
  32.92  129.69 v _079487_/Y (NOR2x2_ASAP7_75t_R)
  19.26  148.95 ^ _079488_/Y (NAND2x1_ASAP7_75t_R)
  29.15  178.10 ^ _079491_/Y (AO21x1_ASAP7_75t_R)
  26.24  204.34 ^ _079492_/Y (BUFx6f_ASAP7_75t_R)
  18.83  223.17 v _079758_/Y (NAND2x2_ASAP7_75t_R)
  21.66  244.83 ^ _079759_/Y (NOR2x2_ASAP7_75t_R)
  34.13  278.96 ^ _079760_/Y (BUFx4f_ASAP7_75t_R)
  30.38  309.34 ^ _079761_/Y (BUFx4f_ASAP7_75t_R)
  21.73  331.07 ^ _079819_/Y (OR3x1_ASAP7_75t_R)
  29.00  360.07 ^ _079820_/Y (BUFx3_ASAP7_75t_R)
  33.80  393.87 ^ _079821_/Y (BUFx3_ASAP7_75t_R)
  12.75  406.62 v _079822_/Y (NAND2x1_ASAP7_75t_R)
  23.22  429.84 v _079823_/Y (OA21x2_ASAP7_75t_R)
   0.00  429.84 v _107327_/D (DFFHQNx1_ASAP7_75t_R)
         429.84   data arrival time

   0.00    0.00   clock clk (rise edge)
   0.00    0.00   clock network delay (ideal)
   0.00    0.00   clock reconvergence pessimism
           0.00 ^ _107327_/CLK (DFFHQNx1_ASAP7_75t_R)
  14.30   14.30   library hold time
          14.30   data required time
---------------------------------------------------------
          14.30   data required time
        -429.84   data arrival time
---------------------------------------------------------
         415.54   slack (MET)


Startpoint: _117206_ (rising edge-triggered flip-flop clocked by clk)
Endpoint: _107328_ (rising edge-triggered flip-flop clocked by clk)
Path Group: clk
Path Type: min

  Delay    Time   Description
---------------------------------------------------------
   0.00    0.00   clock clk (rise edge)
   0.00    0.00   clock network delay (ideal)
   0.00    0.00 ^ _117206_/CLK (DFFASRHQNx1_ASAP7_75t_R)
  96.77   96.77 ^ _117206_/QN (DFFASRHQNx1_ASAP7_75t_R)
  32.92  129.69 v _079487_/Y (NOR2x2_ASAP7_75t_R)
  19.26  148.95 ^ _079488_/Y (NAND2x1_ASAP7_75t_R)
  29.15  178.10 ^ _079491_/Y (AO21x1_ASAP7_75t_R)
  26.24  204.34 ^ _079492_/Y (BUFx6f_ASAP7_75t_R)
  18.83  223.17 v _079758_/Y (NAND2x2_ASAP7_75t_R)
  21.66  244.83 ^ _079759_/Y (NOR2x2_ASAP7_75t_R)
  34.13  278.96 ^ _079760_/Y (BUFx4f_ASAP7_75t_R)
  30.38  309.34 ^ _079761_/Y (BUFx4f_ASAP7_75t_R)
  21.73  331.07 ^ _079819_/Y (OR3x1_ASAP7_75t_R)
  29.00  360.07 ^ _079820_/Y (BUFx3_ASAP7_75t_R)
  33.80  393.87 ^ _079821_/Y (BUFx3_ASAP7_75t_R)
  12.75  406.62 v _079824_/Y (NAND2x1_ASAP7_75t_R)
  23.22  429.84 v _079825_/Y (OA21x2_ASAP7_75t_R)
   0.00  429.84 v _107328_/D (DFFHQNx1_ASAP7_75t_R)
         429.84   data arrival time

   0.00    0.00   clock clk (rise edge)
   0.00    0.00   clock network delay (ideal)
   0.00    0.00   clock reconvergence pessimism
           0.00 ^ _107328_/CLK (DFFHQNx1_ASAP7_75t_R)
  14.30   14.30   library hold time
          14.30   data required time
---------------------------------------------------------
          14.30   data required time
        -429.84   data arrival time
---------------------------------------------------------
         415.54   slack (MET)


Startpoint: _117206_ (rising edge-triggered flip-flop clocked by clk)
Endpoint: _107335_ (rising edge-triggered flip-flop clocked by clk)
Path Group: clk
Path Type: min

  Delay    Time   Description
---------------------------------------------------------
   0.00    0.00   clock clk (rise edge)
   0.00    0.00   clock network delay (ideal)
   0.00    0.00 ^ _117206_/CLK (DFFASRHQNx1_ASAP7_75t_R)
  96.77   96.77 ^ _117206_/QN (DFFASRHQNx1_ASAP7_75t_R)
  32.92  129.69 v _079487_/Y (NOR2x2_ASAP7_75t_R)
  19.26  148.95 ^ _079488_/Y (NAND2x1_ASAP7_75t_R)
  29.15  178.10 ^ _079491_/Y (AO21x1_ASAP7_75t_R)
  26.24  204.34 ^ _079492_/Y (BUFx6f_ASAP7_75t_R)
  18.83  223.17 v _079758_/Y (NAND2x2_ASAP7_75t_R)
  21.66  244.83 ^ _079759_/Y (NOR2x2_ASAP7_75t_R)
  34.13  278.96 ^ _079760_/Y (BUFx4f_ASAP7_75t_R)
  30.38  309.34 ^ _079761_/Y (BUFx4f_ASAP7_75t_R)
  21.73  331.07 ^ _079841_/Y (OR3x1_ASAP7_75t_R)
  29.00  360.07 ^ _079842_/Y (BUFx3_ASAP7_75t_R)
  33.80  393.87 ^ _079843_/Y (BUFx3_ASAP7_75t_R)
  12.75  406.62 v _079844_/Y (NAND2x1_ASAP7_75t_R)
  23.22  429.84 v _079845_/Y (OA21x2_ASAP7_75t_R)
   0.00  429.84 v _107335_/D (DFFHQNx1_ASAP7_75t_R)
         429.84   data arrival time

   0.00    0.00   clock clk (rise edge)
   0.00    0.00   clock network delay (ideal)
   0.00    0.00   clock reconvergence pessimism
           0.00 ^ _107335_/CLK (DFFHQNx1_ASAP7_75t_R)
  14.30   14.30   library hold time
          14.30   data required time
---------------------------------------------------------
          14.30   data required time
        -429.84   data arrival time
---------------------------------------------------------
         415.54   slack (MET)


Startpoint: _117206_ (rising edge-triggered flip-flop clocked by clk)
Endpoint: _107336_ (rising edge-triggered flip-flop clocked by clk)
Path Group: clk
Path Type: min

  Delay    Time   Description
---------------------------------------------------------
   0.00    0.00   clock clk (rise edge)
   0.00    0.00   clock network delay (ideal)
   0.00    0.00 ^ _117206_/CLK (DFFASRHQNx1_ASAP7_75t_R)
  96.77   96.77 ^ _117206_/QN (DFFASRHQNx1_ASAP7_75t_R)
  32.92  129.69 v _079487_/Y (NOR2x2_ASAP7_75t_R)
  19.26  148.95 ^ _079488_/Y (NAND2x1_ASAP7_75t_R)
  29.15  178.10 ^ _079491_/Y (AO21x1_ASAP7_75t_R)
  26.24  204.34 ^ _079492_/Y (BUFx6f_ASAP7_75t_R)
  18.83  223.17 v _079758_/Y (NAND2x2_ASAP7_75t_R)
  21.66  244.83 ^ _079759_/Y (NOR2x2_ASAP7_75t_R)
  34.13  278.96 ^ _079760_/Y (BUFx4f_ASAP7_75t_R)
  30.38  309.34 ^ _079761_/Y (BUFx4f_ASAP7_75t_R)
  21.73  331.07 ^ _079841_/Y (OR3x1_ASAP7_75t_R)
  29.00  360.07 ^ _079842_/Y (BUFx3_ASAP7_75t_R)
  33.80  393.87 ^ _079843_/Y (BUFx3_ASAP7_75t_R)
  12.75  406.62 v _079846_/Y (NAND2x1_ASAP7_75t_R)
  23.22  429.84 v _079847_/Y (OA21x2_ASAP7_75t_R)
   0.00  429.84 v _107336_/D (DFFHQNx1_ASAP7_75t_R)
         429.84   data arrival time

   0.00    0.00   clock clk (rise edge)
   0.00    0.00   clock network delay (ideal)
   0.00    0.00   clock reconvergence pessimism
           0.00 ^ _107336_/CLK (DFFHQNx1_ASAP7_75t_R)
  14.30   14.30   library hold time
          14.30   data required time
---------------------------------------------------------
          14.30   data required time
        -429.84   data arrival time
---------------------------------------------------------
         415.54   slack (MET)


Startpoint: _117206_ (rising edge-triggered flip-flop clocked by clk)
Endpoint: _107343_ (rising edge-triggered flip-flop clocked by clk)
Path Group: clk
Path Type: min

  Delay    Time   Description
---------------------------------------------------------
   0.00    0.00   clock clk (rise edge)
   0.00    0.00   clock network delay (ideal)
   0.00    0.00 ^ _117206_/CLK (DFFASRHQNx1_ASAP7_75t_R)
  96.77   96.77 ^ _117206_/QN (DFFASRHQNx1_ASAP7_75t_R)
  32.92  129.69 v _079487_/Y (NOR2x2_ASAP7_75t_R)
  19.26  148.95 ^ _079488_/Y (NAND2x1_ASAP7_75t_R)
  29.15  178.10 ^ _079491_/Y (AO21x1_ASAP7_75t_R)
  26.24  204.34 ^ _079492_/Y (BUFx6f_ASAP7_75t_R)
  18.83  223.17 v _079758_/Y (NAND2x2_ASAP7_75t_R)
  21.66  244.83 ^ _079759_/Y (NOR2x2_ASAP7_75t_R)
  34.13  278.96 ^ _079760_/Y (BUFx4f_ASAP7_75t_R)
  30.38  309.34 ^ _079761_/Y (BUFx4f_ASAP7_75t_R)
  21.73  331.07 ^ _079861_/Y (OR3x1_ASAP7_75t_R)
  29.00  360.07 ^ _079862_/Y (BUFx3_ASAP7_75t_R)
  33.80  393.87 ^ _079863_/Y (BUFx3_ASAP7_75t_R)
  12.75  406.62 v _079864_/Y (NAND2x1_ASAP7_75t_R)
  23.22  429.84 v _079865_/Y (OA21x2_ASAP7_75t_R)
   0.00  429.84 v _107343_/D (DFFHQNx1_ASAP7_75t_R)
         429.84   data arrival time

   0.00    0.00   clock clk (rise edge)
   0.00    0.00   clock network delay (ideal)
   0.00    0.00   clock reconvergence pessimism
           0.00 ^ _107343_/CLK (DFFHQNx1_ASAP7_75t_R)
  14.30   14.30   library hold time
          14.30   data required time
---------------------------------------------------------
          14.30   data required time
        -429.84   data arrival time
---------------------------------------------------------
         415.54   slack (MET)


Startpoint: _117206_ (rising edge-triggered flip-flop clocked by clk)
Endpoint: _107344_ (rising edge-triggered flip-flop clocked by clk)
Path Group: clk
Path Type: min

  Delay    Time   Description
---------------------------------------------------------
   0.00    0.00   clock clk (rise edge)
   0.00    0.00   clock network delay (ideal)
   0.00    0.00 ^ _117206_/CLK (DFFASRHQNx1_ASAP7_75t_R)
  96.77   96.77 ^ _117206_/QN (DFFASRHQNx1_ASAP7_75t_R)
  32.92  129.69 v _079487_/Y (NOR2x2_ASAP7_75t_R)
  19.26  148.95 ^ _079488_/Y (NAND2x1_ASAP7_75t_R)
  29.15  178.10 ^ _079491_/Y (AO21x1_ASAP7_75t_R)
  26.24  204.34 ^ _079492_/Y (BUFx6f_ASAP7_75t_R)
  18.83  223.17 v _079758_/Y (NAND2x2_ASAP7_75t_R)
  21.66  244.83 ^ _079759_/Y (NOR2x2_ASAP7_75t_R)
  34.13  278.96 ^ _079760_/Y (BUFx4f_ASAP7_75t_R)
  30.38  309.34 ^ _079761_/Y (BUFx4f_ASAP7_75t_R)
  21.73  331.07 ^ _079861_/Y (OR3x1_ASAP7_75t_R)
  29.00  360.07 ^ _079862_/Y (BUFx3_ASAP7_75t_R)
  33.80  393.87 ^ _079863_/Y (BUFx3_ASAP7_75t_R)
  12.75  406.62 v _079866_/Y (NAND2x1_ASAP7_75t_R)
  23.22  429.84 v _079867_/Y (OA21x2_ASAP7_75t_R)
   0.00  429.84 v _107344_/D (DFFHQNx1_ASAP7_75t_R)
         429.84   data arrival time

   0.00    0.00   clock clk (rise edge)
   0.00    0.00   clock network delay (ideal)
   0.00    0.00   clock reconvergence pessimism
           0.00 ^ _107344_/CLK (DFFHQNx1_ASAP7_75t_R)
  14.30   14.30   library hold time
          14.30   data required time
---------------------------------------------------------
          14.30   data required time
        -429.84   data arrival time
---------------------------------------------------------
         415.54   slack (MET)


Startpoint: _117206_ (rising edge-triggered flip-flop clocked by clk)
Endpoint: _107391_ (rising edge-triggered flip-flop clocked by clk)
Path Group: clk
Path Type: min

  Delay    Time   Description
---------------------------------------------------------
   0.00    0.00   clock clk (rise edge)
   0.00    0.00   clock network delay (ideal)
   0.00    0.00 ^ _117206_/CLK (DFFASRHQNx1_ASAP7_75t_R)
  96.77   96.77 ^ _117206_/QN (DFFASRHQNx1_ASAP7_75t_R)
  32.92  129.69 v _079487_/Y (NOR2x2_ASAP7_75t_R)
  19.26  148.95 ^ _079488_/Y (NAND2x1_ASAP7_75t_R)
  29.15  178.10 ^ _079491_/Y (AO21x1_ASAP7_75t_R)
  26.24  204.34 ^ _079492_/Y (BUFx6f_ASAP7_75t_R)
  18.83  223.17 v _079758_/Y (NAND2x2_ASAP7_75t_R)
  21.66  244.83 ^ _079759_/Y (NOR2x2_ASAP7_75t_R)
  34.13  278.96 ^ _079760_/Y (BUFx4f_ASAP7_75t_R)
  30.38  309.34 ^ _079761_/Y (BUFx4f_ASAP7_75t_R)
  21.73  331.07 ^ _080028_/Y (OR3x1_ASAP7_75t_R)
  29.00  360.07 ^ _080029_/Y (BUFx3_ASAP7_75t_R)
  33.80  393.87 ^ _080030_/Y (BUFx3_ASAP7_75t_R)
  12.75  406.62 v _080031_/Y (NAND2x1_ASAP7_75t_R)
  23.22  429.84 v _080032_/Y (OA21x2_ASAP7_75t_R)
   0.00  429.84 v _107391_/D (DFFHQNx1_ASAP7_75t_R)
         429.84   data arrival time

   0.00    0.00   clock clk (rise edge)
   0.00    0.00   clock network delay (ideal)
   0.00    0.00   clock reconvergence pessimism
           0.00 ^ _107391_/CLK (DFFHQNx1_ASAP7_75t_R)
  14.30   14.30   library hold time
          14.30   data required time
---------------------------------------------------------
          14.30   data required time
        -429.84   data arrival time
---------------------------------------------------------
         415.54   slack (MET)


Startpoint: _117206_ (rising edge-triggered flip-flop clocked by clk)
Endpoint: _107392_ (rising edge-triggered flip-flop clocked by clk)
Path Group: clk
Path Type: min

  Delay    Time   Description
---------------------------------------------------------
   0.00    0.00   clock clk (rise edge)
   0.00    0.00   clock network delay (ideal)
   0.00    0.00 ^ _117206_/CLK (DFFASRHQNx1_ASAP7_75t_R)
  96.77   96.77 ^ _117206_/QN (DFFASRHQNx1_ASAP7_75t_R)
  32.92  129.69 v _079487_/Y (NOR2x2_ASAP7_75t_R)
  19.26  148.95 ^ _079488_/Y (NAND2x1_ASAP7_75t_R)
  29.15  178.10 ^ _079491_/Y (AO21x1_ASAP7_75t_R)
  26.24  204.34 ^ _079492_/Y (BUFx6f_ASAP7_75t_R)
  18.83  223.17 v _079758_/Y (NAND2x2_ASAP7_75t_R)
  21.66  244.83 ^ _079759_/Y (NOR2x2_ASAP7_75t_R)
  34.13  278.96 ^ _079760_/Y (BUFx4f_ASAP7_75t_R)
  30.38  309.34 ^ _079761_/Y (BUFx4f_ASAP7_75t_R)
  21.73  331.07 ^ _080028_/Y (OR3x1_ASAP7_75t_R)
  29.00  360.07 ^ _080029_/Y (BUFx3_ASAP7_75t_R)
  33.80  393.87 ^ _080030_/Y (BUFx3_ASAP7_75t_R)
  12.75  406.62 v _080033_/Y (NAND2x1_ASAP7_75t_R)
  23.22  429.84 v _080034_/Y (OA21x2_ASAP7_75t_R)
   0.00  429.84 v _107392_/D (DFFHQNx1_ASAP7_75t_R)
         429.84   data arrival time

   0.00    0.00   clock clk (rise edge)
   0.00    0.00   clock network delay (ideal)
   0.00    0.00   clock reconvergence pessimism
           0.00 ^ _107392_/CLK (DFFHQNx1_ASAP7_75t_R)
  14.30   14.30   library hold time
          14.30   data required time
---------------------------------------------------------
          14.30   data required time
        -429.84   data arrival time
---------------------------------------------------------
         415.54   slack (MET)


Startpoint: _117206_ (rising edge-triggered flip-flop clocked by clk)
Endpoint: _107399_ (rising edge-triggered flip-flop clocked by clk)
Path Group: clk
Path Type: min

  Delay    Time   Description
---------------------------------------------------------
   0.00    0.00   clock clk (rise edge)
   0.00    0.00   clock network delay (ideal)
   0.00    0.00 ^ _117206_/CLK (DFFASRHQNx1_ASAP7_75t_R)
  96.77   96.77 ^ _117206_/QN (DFFASRHQNx1_ASAP7_75t_R)
  32.92  129.69 v _079487_/Y (NOR2x2_ASAP7_75t_R)
  19.26  148.95 ^ _079488_/Y (NAND2x1_ASAP7_75t_R)
  29.15  178.10 ^ _079491_/Y (AO21x1_ASAP7_75t_R)
  26.24  204.34 ^ _079492_/Y (BUFx6f_ASAP7_75t_R)
  18.83  223.17 v _079758_/Y (NAND2x2_ASAP7_75t_R)
  21.66  244.83 ^ _079759_/Y (NOR2x2_ASAP7_75t_R)
  34.13  278.96 ^ _079760_/Y (BUFx4f_ASAP7_75t_R)
  30.38  309.34 ^ _079761_/Y (BUFx4f_ASAP7_75t_R)
  21.73  331.07 ^ _080047_/Y (OR3x1_ASAP7_75t_R)
  29.00  360.07 ^ _080048_/Y (BUFx3_ASAP7_75t_R)
  33.80  393.87 ^ _080049_/Y (BUFx3_ASAP7_75t_R)
  12.75  406.62 v _080050_/Y (NAND2x1_ASAP7_75t_R)
  23.22  429.84 v _080051_/Y (OA21x2_ASAP7_75t_R)
   0.00  429.84 v _107399_/D (DFFHQNx1_ASAP7_75t_R)
         429.84   data arrival time

   0.00    0.00   clock clk (rise edge)
   0.00    0.00   clock network delay (ideal)
   0.00    0.00   clock reconvergence pessimism
           0.00 ^ _107399_/CLK (DFFHQNx1_ASAP7_75t_R)
  14.30   14.30   library hold time
          14.30   data required time
---------------------------------------------------------
          14.30   data required time
        -429.84   data arrival time
---------------------------------------------------------
         415.54   slack (MET)


Startpoint: _117206_ (rising edge-triggered flip-flop clocked by clk)
Endpoint: _107400_ (rising edge-triggered flip-flop clocked by clk)
Path Group: clk
Path Type: min

  Delay    Time   Description
---------------------------------------------------------
   0.00    0.00   clock clk (rise edge)
   0.00    0.00   clock network delay (ideal)
   0.00    0.00 ^ _117206_/CLK (DFFASRHQNx1_ASAP7_75t_R)
  96.77   96.77 ^ _117206_/QN (DFFASRHQNx1_ASAP7_75t_R)
  32.92  129.69 v _079487_/Y (NOR2x2_ASAP7_75t_R)
  19.26  148.95 ^ _079488_/Y (NAND2x1_ASAP7_75t_R)
  29.15  178.10 ^ _079491_/Y (AO21x1_ASAP7_75t_R)
  26.24  204.34 ^ _079492_/Y (BUFx6f_ASAP7_75t_R)
  18.83  223.17 v _079758_/Y (NAND2x2_ASAP7_75t_R)
  21.66  244.83 ^ _079759_/Y (NOR2x2_ASAP7_75t_R)
  34.13  278.96 ^ _079760_/Y (BUFx4f_ASAP7_75t_R)
  30.38  309.34 ^ _079761_/Y (BUFx4f_ASAP7_75t_R)
  21.73  331.07 ^ _080047_/Y (OR3x1_ASAP7_75t_R)
  29.00  360.07 ^ _080048_/Y (BUFx3_ASAP7_75t_R)
  33.80  393.87 ^ _080049_/Y (BUFx3_ASAP7_75t_R)
  12.75  406.62 v _080052_/Y (NAND2x1_ASAP7_75t_R)
  23.22  429.84 v _080053_/Y (OA21x2_ASAP7_75t_R)
   0.00  429.84 v _107400_/D (DFFHQNx1_ASAP7_75t_R)
         429.84   data arrival time

   0.00    0.00   clock clk (rise edge)
   0.00    0.00   clock network delay (ideal)
   0.00    0.00   clock reconvergence pessimism
           0.00 ^ _107400_/CLK (DFFHQNx1_ASAP7_75t_R)
  14.30   14.30   library hold time
          14.30   data required time
---------------------------------------------------------
          14.30   data required time
        -429.84   data arrival time
---------------------------------------------------------
         415.54   slack (MET)


Startpoint: _117206_ (rising edge-triggered flip-flop clocked by clk)
Endpoint: _107407_ (rising edge-triggered flip-flop clocked by clk)
Path Group: clk
Path Type: min

  Delay    Time   Description
---------------------------------------------------------
   0.00    0.00   clock clk (rise edge)
   0.00    0.00   clock network delay (ideal)
   0.00    0.00 ^ _117206_/CLK (DFFASRHQNx1_ASAP7_75t_R)
  96.77   96.77 ^ _117206_/QN (DFFASRHQNx1_ASAP7_75t_R)
  32.92  129.69 v _079487_/Y (NOR2x2_ASAP7_75t_R)
  19.26  148.95 ^ _079488_/Y (NAND2x1_ASAP7_75t_R)
  29.15  178.10 ^ _079491_/Y (AO21x1_ASAP7_75t_R)
  26.24  204.34 ^ _079492_/Y (BUFx6f_ASAP7_75t_R)
  18.83  223.17 v _079758_/Y (NAND2x2_ASAP7_75t_R)
  21.66  244.83 ^ _079759_/Y (NOR2x2_ASAP7_75t_R)
  34.13  278.96 ^ _079760_/Y (BUFx4f_ASAP7_75t_R)
  30.38  309.34 ^ _079761_/Y (BUFx4f_ASAP7_75t_R)
  21.73  331.07 ^ _080066_/Y (OR3x1_ASAP7_75t_R)
  29.00  360.07 ^ _080067_/Y (BUFx3_ASAP7_75t_R)
  33.80  393.87 ^ _080068_/Y (BUFx3_ASAP7_75t_R)
  12.75  406.62 v _080069_/Y (NAND2x1_ASAP7_75t_R)
  23.22  429.84 v _080070_/Y (OA21x2_ASAP7_75t_R)
   0.00  429.84 v _107407_/D (DFFHQNx1_ASAP7_75t_R)
         429.84   data arrival time

   0.00    0.00   clock clk (rise edge)
   0.00    0.00   clock network delay (ideal)
   0.00    0.00   clock reconvergence pessimism
           0.00 ^ _107407_/CLK (DFFHQNx1_ASAP7_75t_R)
  14.30   14.30   library hold time
          14.30   data required time
---------------------------------------------------------
          14.30   data required time
        -429.84   data arrival time
---------------------------------------------------------
         415.54   slack (MET)


Startpoint: _117206_ (rising edge-triggered flip-flop clocked by clk)
Endpoint: _107408_ (rising edge-triggered flip-flop clocked by clk)
Path Group: clk
Path Type: min

  Delay    Time   Description
---------------------------------------------------------
   0.00    0.00   clock clk (rise edge)
   0.00    0.00   clock network delay (ideal)
   0.00    0.00 ^ _117206_/CLK (DFFASRHQNx1_ASAP7_75t_R)
  96.77   96.77 ^ _117206_/QN (DFFASRHQNx1_ASAP7_75t_R)
  32.92  129.69 v _079487_/Y (NOR2x2_ASAP7_75t_R)
  19.26  148.95 ^ _079488_/Y (NAND2x1_ASAP7_75t_R)
  29.15  178.10 ^ _079491_/Y (AO21x1_ASAP7_75t_R)
  26.24  204.34 ^ _079492_/Y (BUFx6f_ASAP7_75t_R)
  18.83  223.17 v _079758_/Y (NAND2x2_ASAP7_75t_R)
  21.66  244.83 ^ _079759_/Y (NOR2x2_ASAP7_75t_R)
  34.13  278.96 ^ _079760_/Y (BUFx4f_ASAP7_75t_R)
  30.38  309.34 ^ _079761_/Y (BUFx4f_ASAP7_75t_R)
  21.73  331.07 ^ _080066_/Y (OR3x1_ASAP7_75t_R)
  29.00  360.07 ^ _080067_/Y (BUFx3_ASAP7_75t_R)
  33.80  393.87 ^ _080068_/Y (BUFx3_ASAP7_75t_R)
  12.75  406.62 v _080071_/Y (NAND2x1_ASAP7_75t_R)
  23.22  429.84 v _080072_/Y (OA21x2_ASAP7_75t_R)
   0.00  429.84 v _107408_/D (DFFHQNx1_ASAP7_75t_R)
         429.84   data arrival time

   0.00    0.00   clock clk (rise edge)
   0.00    0.00   clock network delay (ideal)
   0.00    0.00   clock reconvergence pessimism
           0.00 ^ _107408_/CLK (DFFHQNx1_ASAP7_75t_R)
  14.30   14.30   library hold time
          14.30   data required time
---------------------------------------------------------
          14.30   data required time
        -429.84   data arrival time
---------------------------------------------------------
         415.54   slack (MET)


Startpoint: _117206_ (rising edge-triggered flip-flop clocked by clk)
Endpoint: _111463_ (rising edge-triggered flip-flop clocked by clk)
Path Group: clk
Path Type: min

  Delay    Time   Description
---------------------------------------------------------
   0.00    0.00   clock clk (rise edge)
   0.00    0.00   clock network delay (ideal)
   0.00    0.00 ^ _117206_/CLK (DFFASRHQNx1_ASAP7_75t_R)
  96.77   96.77 ^ _117206_/QN (DFFASRHQNx1_ASAP7_75t_R)
  32.92  129.69 v _079487_/Y (NOR2x2_ASAP7_75t_R)
  19.26  148.95 ^ _079488_/Y (NAND2x1_ASAP7_75t_R)
  29.15  178.10 ^ _079491_/Y (AO21x1_ASAP7_75t_R)
  26.24  204.34 ^ _079492_/Y (BUFx6f_ASAP7_75t_R)
  18.83  223.17 v _079758_/Y (NAND2x2_ASAP7_75t_R)
  21.66  244.83 ^ _079759_/Y (NOR2x2_ASAP7_75t_R)
  34.13  278.96 ^ _079760_/Y (BUFx4f_ASAP7_75t_R)
  30.38  309.34 ^ _079761_/Y (BUFx4f_ASAP7_75t_R)
  21.73  331.07 ^ _090458_/Y (OR3x1_ASAP7_75t_R)
  29.00  360.07 ^ _090459_/Y (BUFx3_ASAP7_75t_R)
  33.80  393.87 ^ _090460_/Y (BUFx3_ASAP7_75t_R)
  12.75  406.62 v _090461_/Y (NAND2x1_ASAP7_75t_R)
  23.22  429.84 v _090462_/Y (OA21x2_ASAP7_75t_R)
   0.00  429.84 v _111463_/D (DFFHQNx1_ASAP7_75t_R)
         429.84   data arrival time

   0.00    0.00   clock clk (rise edge)
   0.00    0.00   clock network delay (ideal)
   0.00    0.00   clock reconvergence pessimism
           0.00 ^ _111463_/CLK (DFFHQNx1_ASAP7_75t_R)
  14.30   14.30   library hold time
          14.30   data required time
---------------------------------------------------------
          14.30   data required time
        -429.84   data arrival time
---------------------------------------------------------
         415.54   slack (MET)


Startpoint: _117206_ (rising edge-triggered flip-flop clocked by clk)
Endpoint: _111464_ (rising edge-triggered flip-flop clocked by clk)
Path Group: clk
Path Type: min

  Delay    Time   Description
---------------------------------------------------------
   0.00    0.00   clock clk (rise edge)
   0.00    0.00   clock network delay (ideal)
   0.00    0.00 ^ _117206_/CLK (DFFASRHQNx1_ASAP7_75t_R)
  96.77   96.77 ^ _117206_/QN (DFFASRHQNx1_ASAP7_75t_R)
  32.92  129.69 v _079487_/Y (NOR2x2_ASAP7_75t_R)
  19.26  148.95 ^ _079488_/Y (NAND2x1_ASAP7_75t_R)
  29.15  178.10 ^ _079491_/Y (AO21x1_ASAP7_75t_R)
  26.24  204.34 ^ _079492_/Y (BUFx6f_ASAP7_75t_R)
  18.83  223.17 v _079758_/Y (NAND2x2_ASAP7_75t_R)
  21.66  244.83 ^ _079759_/Y (NOR2x2_ASAP7_75t_R)
  34.13  278.96 ^ _079760_/Y (BUFx4f_ASAP7_75t_R)
  30.38  309.34 ^ _079761_/Y (BUFx4f_ASAP7_75t_R)
  21.73  331.07 ^ _090458_/Y (OR3x1_ASAP7_75t_R)
  29.00  360.07 ^ _090459_/Y (BUFx3_ASAP7_75t_R)
  33.80  393.87 ^ _090460_/Y (BUFx3_ASAP7_75t_R)
  12.75  406.62 v _090463_/Y (NAND2x1_ASAP7_75t_R)
  23.22  429.84 v _090464_/Y (OA21x2_ASAP7_75t_R)
   0.00  429.84 v _111464_/D (DFFHQNx1_ASAP7_75t_R)
         429.84   data arrival time

   0.00    0.00   clock clk (rise edge)
   0.00    0.00   clock network delay (ideal)
   0.00    0.00   clock reconvergence pessimism
           0.00 ^ _111464_/CLK (DFFHQNx1_ASAP7_75t_R)
  14.30   14.30   library hold time
          14.30   data required time
---------------------------------------------------------
          14.30   data required time
        -429.84   data arrival time
---------------------------------------------------------
         415.54   slack (MET)


Startpoint: _117206_ (rising edge-triggered flip-flop clocked by clk)
Endpoint: _111471_ (rising edge-triggered flip-flop clocked by clk)
Path Group: clk
Path Type: min

  Delay    Time   Description
---------------------------------------------------------
   0.00    0.00   clock clk (rise edge)
   0.00    0.00   clock network delay (ideal)
   0.00    0.00 ^ _117206_/CLK (DFFASRHQNx1_ASAP7_75t_R)
  96.77   96.77 ^ _117206_/QN (DFFASRHQNx1_ASAP7_75t_R)
  32.92  129.69 v _079487_/Y (NOR2x2_ASAP7_75t_R)
  19.26  148.95 ^ _079488_/Y (NAND2x1_ASAP7_75t_R)
  29.15  178.10 ^ _079491_/Y (AO21x1_ASAP7_75t_R)
  26.24  204.34 ^ _079492_/Y (BUFx6f_ASAP7_75t_R)
  18.83  223.17 v _079758_/Y (NAND2x2_ASAP7_75t_R)
  21.66  244.83 ^ _079759_/Y (NOR2x2_ASAP7_75t_R)
  34.13  278.96 ^ _079760_/Y (BUFx4f_ASAP7_75t_R)
  30.38  309.34 ^ _079761_/Y (BUFx4f_ASAP7_75t_R)
  21.73  331.07 ^ _090477_/Y (OR3x1_ASAP7_75t_R)
  29.00  360.07 ^ _090478_/Y (BUFx3_ASAP7_75t_R)
  33.80  393.87 ^ _090479_/Y (BUFx3_ASAP7_75t_R)
  12.75  406.62 v _090480_/Y (NAND2x1_ASAP7_75t_R)
  23.22  429.84 v _090481_/Y (OA21x2_ASAP7_75t_R)
   0.00  429.84 v _111471_/D (DFFHQNx1_ASAP7_75t_R)
         429.84   data arrival time

   0.00    0.00   clock clk (rise edge)
   0.00    0.00   clock network delay (ideal)
   0.00    0.00   clock reconvergence pessimism
           0.00 ^ _111471_/CLK (DFFHQNx1_ASAP7_75t_R)
  14.30   14.30   library hold time
          14.30   data required time
---------------------------------------------------------
          14.30   data required time
        -429.84   data arrival time
---------------------------------------------------------
         415.54   slack (MET)


Startpoint: _117206_ (rising edge-triggered flip-flop clocked by clk)
Endpoint: _111472_ (rising edge-triggered flip-flop clocked by clk)
Path Group: clk
Path Type: min

  Delay    Time   Description
---------------------------------------------------------
   0.00    0.00   clock clk (rise edge)
   0.00    0.00   clock network delay (ideal)
   0.00    0.00 ^ _117206_/CLK (DFFASRHQNx1_ASAP7_75t_R)
  96.77   96.77 ^ _117206_/QN (DFFASRHQNx1_ASAP7_75t_R)
  32.92  129.69 v _079487_/Y (NOR2x2_ASAP7_75t_R)
  19.26  148.95 ^ _079488_/Y (NAND2x1_ASAP7_75t_R)
  29.15  178.10 ^ _079491_/Y (AO21x1_ASAP7_75t_R)
  26.24  204.34 ^ _079492_/Y (BUFx6f_ASAP7_75t_R)
  18.83  223.17 v _079758_/Y (NAND2x2_ASAP7_75t_R)
  21.66  244.83 ^ _079759_/Y (NOR2x2_ASAP7_75t_R)
  34.13  278.96 ^ _079760_/Y (BUFx4f_ASAP7_75t_R)
  30.38  309.34 ^ _079761_/Y (BUFx4f_ASAP7_75t_R)
  21.73  331.07 ^ _090477_/Y (OR3x1_ASAP7_75t_R)
  29.00  360.07 ^ _090478_/Y (BUFx3_ASAP7_75t_R)
  33.80  393.87 ^ _090479_/Y (BUFx3_ASAP7_75t_R)
  12.75  406.62 v _090482_/Y (NAND2x1_ASAP7_75t_R)
  23.22  429.84 v _090483_/Y (OA21x2_ASAP7_75t_R)
   0.00  429.84 v _111472_/D (DFFHQNx1_ASAP7_75t_R)
         429.84   data arrival time

   0.00    0.00   clock clk (rise edge)
   0.00    0.00   clock network delay (ideal)
   0.00    0.00   clock reconvergence pessimism
           0.00 ^ _111472_/CLK (DFFHQNx1_ASAP7_75t_R)
  14.30   14.30   library hold time
          14.30   data required time
---------------------------------------------------------
          14.30   data required time
        -429.84   data arrival time
---------------------------------------------------------
         415.54   slack (MET)


Startpoint: _117206_ (rising edge-triggered flip-flop clocked by clk)
Endpoint: _111911_ (rising edge-triggered flip-flop clocked by clk)
Path Group: clk
Path Type: min

  Delay    Time   Description
---------------------------------------------------------
   0.00    0.00   clock clk (rise edge)
   0.00    0.00   clock network delay (ideal)
   0.00    0.00 ^ _117206_/CLK (DFFASRHQNx1_ASAP7_75t_R)
  96.77   96.77 ^ _117206_/QN (DFFASRHQNx1_ASAP7_75t_R)
  32.92  129.69 v _079487_/Y (NOR2x2_ASAP7_75t_R)
  19.26  148.95 ^ _079488_/Y (NAND2x1_ASAP7_75t_R)
  29.15  178.10 ^ _079491_/Y (AO21x1_ASAP7_75t_R)
  26.24  204.34 ^ _079492_/Y (BUFx6f_ASAP7_75t_R)
  18.83  223.17 v _079758_/Y (NAND2x2_ASAP7_75t_R)
  21.66  244.83 ^ _079759_/Y (NOR2x2_ASAP7_75t_R)
  34.13  278.96 ^ _079760_/Y (BUFx4f_ASAP7_75t_R)
  30.38  309.34 ^ _079761_/Y (BUFx4f_ASAP7_75t_R)
  21.73  331.07 ^ _091583_/Y (OR3x1_ASAP7_75t_R)
  29.00  360.07 ^ _091584_/Y (BUFx3_ASAP7_75t_R)
  33.80  393.87 ^ _091585_/Y (BUFx3_ASAP7_75t_R)
  12.75  406.62 v _091586_/Y (NAND2x1_ASAP7_75t_R)
  23.22  429.84 v _091587_/Y (OA21x2_ASAP7_75t_R)
   0.00  429.84 v _111911_/D (DFFHQNx1_ASAP7_75t_R)
         429.84   data arrival time

   0.00    0.00   clock clk (rise edge)
   0.00    0.00   clock network delay (ideal)
   0.00    0.00   clock reconvergence pessimism
           0.00 ^ _111911_/CLK (DFFHQNx1_ASAP7_75t_R)
  14.30   14.30   library hold time
          14.30   data required time
---------------------------------------------------------
          14.30   data required time
        -429.84   data arrival time
---------------------------------------------------------
         415.54   slack (MET)


Startpoint: _117206_ (rising edge-triggered flip-flop clocked by clk)
Endpoint: _111912_ (rising edge-triggered flip-flop clocked by clk)
Path Group: clk
Path Type: min

  Delay    Time   Description
---------------------------------------------------------
   0.00    0.00   clock clk (rise edge)
   0.00    0.00   clock network delay (ideal)
   0.00    0.00 ^ _117206_/CLK (DFFASRHQNx1_ASAP7_75t_R)
  96.77   96.77 ^ _117206_/QN (DFFASRHQNx1_ASAP7_75t_R)
  32.92  129.69 v _079487_/Y (NOR2x2_ASAP7_75t_R)
  19.26  148.95 ^ _079488_/Y (NAND2x1_ASAP7_75t_R)
  29.15  178.10 ^ _079491_/Y (AO21x1_ASAP7_75t_R)
  26.24  204.34 ^ _079492_/Y (BUFx6f_ASAP7_75t_R)
  18.83  223.17 v _079758_/Y (NAND2x2_ASAP7_75t_R)
  21.66  244.83 ^ _079759_/Y (NOR2x2_ASAP7_75t_R)
  34.13  278.96 ^ _079760_/Y (BUFx4f_ASAP7_75t_R)
  30.38  309.34 ^ _079761_/Y (BUFx4f_ASAP7_75t_R)
  21.73  331.07 ^ _091583_/Y (OR3x1_ASAP7_75t_R)
  29.00  360.07 ^ _091584_/Y (BUFx3_ASAP7_75t_R)
  33.80  393.87 ^ _091585_/Y (BUFx3_ASAP7_75t_R)
  12.75  406.62 v _091588_/Y (NAND2x1_ASAP7_75t_R)
  23.22  429.84 v _091589_/Y (OA21x2_ASAP7_75t_R)
   0.00  429.84 v _111912_/D (DFFHQNx1_ASAP7_75t_R)
         429.84   data arrival time

   0.00    0.00   clock clk (rise edge)
   0.00    0.00   clock network delay (ideal)
   0.00    0.00   clock reconvergence pessimism
           0.00 ^ _111912_/CLK (DFFHQNx1_ASAP7_75t_R)
  14.30   14.30   library hold time
          14.30   data required time
---------------------------------------------------------
          14.30   data required time
        -429.84   data arrival time
---------------------------------------------------------
         415.54   slack (MET)


Startpoint: _117206_ (rising edge-triggered flip-flop clocked by clk)
Endpoint: _114601_ (rising edge-triggered flip-flop clocked by clk)
Path Group: clk
Path Type: min

  Delay    Time   Description
---------------------------------------------------------
   0.00    0.00   clock clk (rise edge)
   0.00    0.00   clock network delay (ideal)
   0.00    0.00 ^ _117206_/CLK (DFFASRHQNx1_ASAP7_75t_R)
  96.77   96.77 ^ _117206_/QN (DFFASRHQNx1_ASAP7_75t_R)
  32.92  129.69 v _079487_/Y (NOR2x2_ASAP7_75t_R)
  19.26  148.95 ^ _079488_/Y (NAND2x1_ASAP7_75t_R)
  29.15  178.10 ^ _079491_/Y (AO21x1_ASAP7_75t_R)
  26.24  204.34 ^ _079492_/Y (BUFx6f_ASAP7_75t_R)
  18.83  223.17 v _079758_/Y (NAND2x2_ASAP7_75t_R)
  21.66  244.83 ^ _079759_/Y (NOR2x2_ASAP7_75t_R)
  34.13  278.96 ^ _079760_/Y (BUFx4f_ASAP7_75t_R)
  30.38  309.34 ^ _097996_/Y (BUFx4f_ASAP7_75t_R)
  21.73  331.07 ^ _097997_/Y (OR3x1_ASAP7_75t_R)
  29.00  360.07 ^ _097998_/Y (BUFx3_ASAP7_75t_R)
  33.80  393.87 ^ _097999_/Y (BUFx3_ASAP7_75t_R)
  12.75  406.62 v _098000_/Y (NAND2x1_ASAP7_75t_R)
  23.22  429.84 v _098001_/Y (OA21x2_ASAP7_75t_R)
   0.00  429.84 v _114601_/D (DFFHQNx1_ASAP7_75t_R)
         429.84   data arrival time

   0.00    0.00   clock clk (rise edge)
   0.00    0.00   clock network delay (ideal)
   0.00    0.00   clock reconvergence pessimism
           0.00 ^ _114601_/CLK (DFFHQNx1_ASAP7_75t_R)
  14.30   14.30   library hold time
          14.30   data required time
---------------------------------------------------------
          14.30   data required time
        -429.84   data arrival time
---------------------------------------------------------
         415.54   slack (MET)


Startpoint: _117206_ (rising edge-triggered flip-flop clocked by clk)
Endpoint: _114602_ (rising edge-triggered flip-flop clocked by clk)
Path Group: clk
Path Type: min

  Delay    Time   Description
---------------------------------------------------------
   0.00    0.00   clock clk (rise edge)
   0.00    0.00   clock network delay (ideal)
   0.00    0.00 ^ _117206_/CLK (DFFASRHQNx1_ASAP7_75t_R)
  96.77   96.77 ^ _117206_/QN (DFFASRHQNx1_ASAP7_75t_R)
  32.92  129.69 v _079487_/Y (NOR2x2_ASAP7_75t_R)
  19.26  148.95 ^ _079488_/Y (NAND2x1_ASAP7_75t_R)
  29.15  178.10 ^ _079491_/Y (AO21x1_ASAP7_75t_R)
  26.24  204.34 ^ _079492_/Y (BUFx6f_ASAP7_75t_R)
  18.83  223.17 v _079758_/Y (NAND2x2_ASAP7_75t_R)
  21.66  244.83 ^ _079759_/Y (NOR2x2_ASAP7_75t_R)
  34.13  278.96 ^ _079760_/Y (BUFx4f_ASAP7_75t_R)
  30.38  309.34 ^ _097996_/Y (BUFx4f_ASAP7_75t_R)
  21.73  331.07 ^ _097997_/Y (OR3x1_ASAP7_75t_R)
  29.00  360.07 ^ _097998_/Y (BUFx3_ASAP7_75t_R)
  33.80  393.87 ^ _097999_/Y (BUFx3_ASAP7_75t_R)
  12.75  406.62 v _098003_/Y (NAND2x1_ASAP7_75t_R)
  23.22  429.84 v _098004_/Y (OA21x2_ASAP7_75t_R)
   0.00  429.84 v _114602_/D (DFFHQNx1_ASAP7_75t_R)
         429.84   data arrival time

   0.00    0.00   clock clk (rise edge)
   0.00    0.00   clock network delay (ideal)
   0.00    0.00   clock reconvergence pessimism
           0.00 ^ _114602_/CLK (DFFHQNx1_ASAP7_75t_R)
  14.30   14.30   library hold time
          14.30   data required time
---------------------------------------------------------
          14.30   data required time
        -429.84   data arrival time
---------------------------------------------------------
         415.54   slack (MET)


Startpoint: _117206_ (rising edge-triggered flip-flop clocked by clk)
Endpoint: _114609_ (rising edge-triggered flip-flop clocked by clk)
Path Group: clk
Path Type: min

  Delay    Time   Description
---------------------------------------------------------
   0.00    0.00   clock clk (rise edge)
   0.00    0.00   clock network delay (ideal)
   0.00    0.00 ^ _117206_/CLK (DFFASRHQNx1_ASAP7_75t_R)
  96.77   96.77 ^ _117206_/QN (DFFASRHQNx1_ASAP7_75t_R)
  32.92  129.69 v _079487_/Y (NOR2x2_ASAP7_75t_R)
  19.26  148.95 ^ _079488_/Y (NAND2x1_ASAP7_75t_R)
  29.15  178.10 ^ _079491_/Y (AO21x1_ASAP7_75t_R)
  26.24  204.34 ^ _079492_/Y (BUFx6f_ASAP7_75t_R)
  18.83  223.17 v _079758_/Y (NAND2x2_ASAP7_75t_R)
  21.66  244.83 ^ _079759_/Y (NOR2x2_ASAP7_75t_R)
  34.13  278.96 ^ _079760_/Y (BUFx4f_ASAP7_75t_R)
  30.38  309.34 ^ _097996_/Y (BUFx4f_ASAP7_75t_R)
  21.73  331.07 ^ _098023_/Y (OR3x1_ASAP7_75t_R)
  29.00  360.07 ^ _098024_/Y (BUFx3_ASAP7_75t_R)
  33.80  393.87 ^ _098025_/Y (BUFx3_ASAP7_75t_R)
  12.75  406.62 v _098026_/Y (NAND2x1_ASAP7_75t_R)
  23.22  429.84 v _098027_/Y (OA21x2_ASAP7_75t_R)
   0.00  429.84 v _114609_/D (DFFHQNx1_ASAP7_75t_R)
         429.84   data arrival time

   0.00    0.00   clock clk (rise edge)
   0.00    0.00   clock network delay (ideal)
   0.00    0.00   clock reconvergence pessimism
           0.00 ^ _114609_/CLK (DFFHQNx1_ASAP7_75t_R)
  14.30   14.30   library hold time
          14.30   data required time
---------------------------------------------------------
          14.30   data required time
        -429.84   data arrival time
---------------------------------------------------------
         415.54   slack (MET)


Startpoint: _117206_ (rising edge-triggered flip-flop clocked by clk)
Endpoint: _114610_ (rising edge-triggered flip-flop clocked by clk)
Path Group: clk
Path Type: min

  Delay    Time   Description
---------------------------------------------------------
   0.00    0.00   clock clk (rise edge)
   0.00    0.00   clock network delay (ideal)
   0.00    0.00 ^ _117206_/CLK (DFFASRHQNx1_ASAP7_75t_R)
  96.77   96.77 ^ _117206_/QN (DFFASRHQNx1_ASAP7_75t_R)
  32.92  129.69 v _079487_/Y (NOR2x2_ASAP7_75t_R)
  19.26  148.95 ^ _079488_/Y (NAND2x1_ASAP7_75t_R)
  29.15  178.10 ^ _079491_/Y (AO21x1_ASAP7_75t_R)
  26.24  204.34 ^ _079492_/Y (BUFx6f_ASAP7_75t_R)
  18.83  223.17 v _079758_/Y (NAND2x2_ASAP7_75t_R)
  21.66  244.83 ^ _079759_/Y (NOR2x2_ASAP7_75t_R)
  34.13  278.96 ^ _079760_/Y (BUFx4f_ASAP7_75t_R)
  30.38  309.34 ^ _097996_/Y (BUFx4f_ASAP7_75t_R)
  21.73  331.07 ^ _098023_/Y (OR3x1_ASAP7_75t_R)
  29.00  360.07 ^ _098024_/Y (BUFx3_ASAP7_75t_R)
  33.80  393.87 ^ _098025_/Y (BUFx3_ASAP7_75t_R)
  12.75  406.62 v _098028_/Y (NAND2x1_ASAP7_75t_R)
  23.22  429.84 v _098029_/Y (OA21x2_ASAP7_75t_R)
   0.00  429.84 v _114610_/D (DFFHQNx1_ASAP7_75t_R)
         429.84   data arrival time

   0.00    0.00   clock clk (rise edge)
   0.00    0.00   clock network delay (ideal)
   0.00    0.00   clock reconvergence pessimism
           0.00 ^ _114610_/CLK (DFFHQNx1_ASAP7_75t_R)
  14.30   14.30   library hold time
          14.30   data required time
---------------------------------------------------------
          14.30   data required time
        -429.84   data arrival time
---------------------------------------------------------
         415.54   slack (MET)


Startpoint: _117206_ (rising edge-triggered flip-flop clocked by clk)
Endpoint: _114617_ (rising edge-triggered flip-flop clocked by clk)
Path Group: clk
Path Type: min

  Delay    Time   Description
---------------------------------------------------------
   0.00    0.00   clock clk (rise edge)
   0.00    0.00   clock network delay (ideal)
   0.00    0.00 ^ _117206_/CLK (DFFASRHQNx1_ASAP7_75t_R)
  96.77   96.77 ^ _117206_/QN (DFFASRHQNx1_ASAP7_75t_R)
  32.92  129.69 v _079487_/Y (NOR2x2_ASAP7_75t_R)
  19.26  148.95 ^ _079488_/Y (NAND2x1_ASAP7_75t_R)
  29.15  178.10 ^ _079491_/Y (AO21x1_ASAP7_75t_R)
  26.24  204.34 ^ _079492_/Y (BUFx6f_ASAP7_75t_R)
  18.83  223.17 v _079758_/Y (NAND2x2_ASAP7_75t_R)
  21.66  244.83 ^ _079759_/Y (NOR2x2_ASAP7_75t_R)
  34.13  278.96 ^ _079760_/Y (BUFx4f_ASAP7_75t_R)
  30.38  309.34 ^ _097996_/Y (BUFx4f_ASAP7_75t_R)
  21.73  331.07 ^ _098042_/Y (OR3x1_ASAP7_75t_R)
  29.00  360.07 ^ _098043_/Y (BUFx3_ASAP7_75t_R)
  33.80  393.87 ^ _098044_/Y (BUFx3_ASAP7_75t_R)
  12.75  406.62 v _098045_/Y (NAND2x1_ASAP7_75t_R)
  23.22  429.84 v _098046_/Y (OA21x2_ASAP7_75t_R)
   0.00  429.84 v _114617_/D (DFFHQNx1_ASAP7_75t_R)
         429.84   data arrival time

   0.00    0.00   clock clk (rise edge)
   0.00    0.00   clock network delay (ideal)
   0.00    0.00   clock reconvergence pessimism
           0.00 ^ _114617_/CLK (DFFHQNx1_ASAP7_75t_R)
  14.30   14.30   library hold time
          14.30   data required time
---------------------------------------------------------
          14.30   data required time
        -429.84   data arrival time
---------------------------------------------------------
         415.54   slack (MET)


Startpoint: _117206_ (rising edge-triggered flip-flop clocked by clk)
Endpoint: _114618_ (rising edge-triggered flip-flop clocked by clk)
Path Group: clk
Path Type: min

  Delay    Time   Description
---------------------------------------------------------
   0.00    0.00   clock clk (rise edge)
   0.00    0.00   clock network delay (ideal)
   0.00    0.00 ^ _117206_/CLK (DFFASRHQNx1_ASAP7_75t_R)
  96.77   96.77 ^ _117206_/QN (DFFASRHQNx1_ASAP7_75t_R)
  32.92  129.69 v _079487_/Y (NOR2x2_ASAP7_75t_R)
  19.26  148.95 ^ _079488_/Y (NAND2x1_ASAP7_75t_R)
  29.15  178.10 ^ _079491_/Y (AO21x1_ASAP7_75t_R)
  26.24  204.34 ^ _079492_/Y (BUFx6f_ASAP7_75t_R)
  18.83  223.17 v _079758_/Y (NAND2x2_ASAP7_75t_R)
  21.66  244.83 ^ _079759_/Y (NOR2x2_ASAP7_75t_R)
  34.13  278.96 ^ _079760_/Y (BUFx4f_ASAP7_75t_R)
  30.38  309.34 ^ _097996_/Y (BUFx4f_ASAP7_75t_R)
  21.73  331.07 ^ _098042_/Y (OR3x1_ASAP7_75t_R)
  29.00  360.07 ^ _098043_/Y (BUFx3_ASAP7_75t_R)
  33.80  393.87 ^ _098044_/Y (BUFx3_ASAP7_75t_R)
  12.75  406.62 v _098047_/Y (NAND2x1_ASAP7_75t_R)
  23.22  429.84 v _098048_/Y (OA21x2_ASAP7_75t_R)
   0.00  429.84 v _114618_/D (DFFHQNx1_ASAP7_75t_R)
         429.84   data arrival time

   0.00    0.00   clock clk (rise edge)
   0.00    0.00   clock network delay (ideal)
   0.00    0.00   clock reconvergence pessimism
           0.00 ^ _114618_/CLK (DFFHQNx1_ASAP7_75t_R)
  14.30   14.30   library hold time
          14.30   data required time
---------------------------------------------------------
          14.30   data required time
        -429.84   data arrival time
---------------------------------------------------------
         415.54   slack (MET)


Startpoint: _117206_ (rising edge-triggered flip-flop clocked by clk)
Endpoint: _114625_ (rising edge-triggered flip-flop clocked by clk)
Path Group: clk
Path Type: min

  Delay    Time   Description
---------------------------------------------------------
   0.00    0.00   clock clk (rise edge)
   0.00    0.00   clock network delay (ideal)
   0.00    0.00 ^ _117206_/CLK (DFFASRHQNx1_ASAP7_75t_R)
  96.77   96.77 ^ _117206_/QN (DFFASRHQNx1_ASAP7_75t_R)
  32.92  129.69 v _079487_/Y (NOR2x2_ASAP7_75t_R)
  19.26  148.95 ^ _079488_/Y (NAND2x1_ASAP7_75t_R)
  29.15  178.10 ^ _079491_/Y (AO21x1_ASAP7_75t_R)
  26.24  204.34 ^ _079492_/Y (BUFx6f_ASAP7_75t_R)
  18.83  223.17 v _079758_/Y (NAND2x2_ASAP7_75t_R)
  21.66  244.83 ^ _079759_/Y (NOR2x2_ASAP7_75t_R)
  34.13  278.96 ^ _079760_/Y (BUFx4f_ASAP7_75t_R)
  30.38  309.34 ^ _097996_/Y (BUFx4f_ASAP7_75t_R)
  21.73  331.07 ^ _098062_/Y (OR3x1_ASAP7_75t_R)
  29.00  360.07 ^ _098063_/Y (BUFx3_ASAP7_75t_R)
  33.80  393.87 ^ _098064_/Y (BUFx3_ASAP7_75t_R)
  12.75  406.62 v _098065_/Y (NAND2x1_ASAP7_75t_R)
  23.22  429.84 v _098066_/Y (OA21x2_ASAP7_75t_R)
   0.00  429.84 v _114625_/D (DFFHQNx1_ASAP7_75t_R)
         429.84   data arrival time

   0.00    0.00   clock clk (rise edge)
   0.00    0.00   clock network delay (ideal)
   0.00    0.00   clock reconvergence pessimism
           0.00 ^ _114625_/CLK (DFFHQNx1_ASAP7_75t_R)
  14.30   14.30   library hold time
          14.30   data required time
---------------------------------------------------------
          14.30   data required time
        -429.84   data arrival time
---------------------------------------------------------
         415.54   slack (MET)


Startpoint: _117206_ (rising edge-triggered flip-flop clocked by clk)
Endpoint: _114626_ (rising edge-triggered flip-flop clocked by clk)
Path Group: clk
Path Type: min

  Delay    Time   Description
---------------------------------------------------------
   0.00    0.00   clock clk (rise edge)
   0.00    0.00   clock network delay (ideal)
   0.00    0.00 ^ _117206_/CLK (DFFASRHQNx1_ASAP7_75t_R)
  96.77   96.77 ^ _117206_/QN (DFFASRHQNx1_ASAP7_75t_R)
  32.92  129.69 v _079487_/Y (NOR2x2_ASAP7_75t_R)
  19.26  148.95 ^ _079488_/Y (NAND2x1_ASAP7_75t_R)
  29.15  178.10 ^ _079491_/Y (AO21x1_ASAP7_75t_R)
  26.24  204.34 ^ _079492_/Y (BUFx6f_ASAP7_75t_R)
  18.83  223.17 v _079758_/Y (NAND2x2_ASAP7_75t_R)
  21.66  244.83 ^ _079759_/Y (NOR2x2_ASAP7_75t_R)
  34.13  278.96 ^ _079760_/Y (BUFx4f_ASAP7_75t_R)
  30.38  309.34 ^ _097996_/Y (BUFx4f_ASAP7_75t_R)
  21.73  331.07 ^ _098062_/Y (OR3x1_ASAP7_75t_R)
  29.00  360.07 ^ _098063_/Y (BUFx3_ASAP7_75t_R)
  33.80  393.87 ^ _098064_/Y (BUFx3_ASAP7_75t_R)
  12.75  406.62 v _098067_/Y (NAND2x1_ASAP7_75t_R)
  23.22  429.84 v _098068_/Y (OA21x2_ASAP7_75t_R)
   0.00  429.84 v _114626_/D (DFFHQNx1_ASAP7_75t_R)
         429.84   data arrival time

   0.00    0.00   clock clk (rise edge)
   0.00    0.00   clock network delay (ideal)
   0.00    0.00   clock reconvergence pessimism
           0.00 ^ _114626_/CLK (DFFHQNx1_ASAP7_75t_R)
  14.30   14.30   library hold time
          14.30   data required time
---------------------------------------------------------
          14.30   data required time
        -429.84   data arrival time
---------------------------------------------------------
         415.54   slack (MET)


Startpoint: _117206_ (rising edge-triggered flip-flop clocked by clk)
Endpoint: _114633_ (rising edge-triggered flip-flop clocked by clk)
Path Group: clk
Path Type: min

  Delay    Time   Description
---------------------------------------------------------
   0.00    0.00   clock clk (rise edge)
   0.00    0.00   clock network delay (ideal)
   0.00    0.00 ^ _117206_/CLK (DFFASRHQNx1_ASAP7_75t_R)
  96.77   96.77 ^ _117206_/QN (DFFASRHQNx1_ASAP7_75t_R)
  32.92  129.69 v _079487_/Y (NOR2x2_ASAP7_75t_R)
  19.26  148.95 ^ _079488_/Y (NAND2x1_ASAP7_75t_R)
  29.15  178.10 ^ _079491_/Y (AO21x1_ASAP7_75t_R)
  26.24  204.34 ^ _079492_/Y (BUFx6f_ASAP7_75t_R)
  18.83  223.17 v _079758_/Y (NAND2x2_ASAP7_75t_R)
  21.66  244.83 ^ _079759_/Y (NOR2x2_ASAP7_75t_R)
  34.13  278.96 ^ _079760_/Y (BUFx4f_ASAP7_75t_R)
  30.38  309.34 ^ _097996_/Y (BUFx4f_ASAP7_75t_R)
  21.73  331.07 ^ _098082_/Y (OR3x1_ASAP7_75t_R)
  29.00  360.07 ^ _098083_/Y (BUFx3_ASAP7_75t_R)
  33.80  393.87 ^ _098084_/Y (BUFx3_ASAP7_75t_R)
  12.75  406.62 v _098085_/Y (NAND2x1_ASAP7_75t_R)
  23.22  429.84 v _098086_/Y (OA21x2_ASAP7_75t_R)
   0.00  429.84 v _114633_/D (DFFHQNx1_ASAP7_75t_R)
         429.84   data arrival time

   0.00    0.00   clock clk (rise edge)
   0.00    0.00   clock network delay (ideal)
   0.00    0.00   clock reconvergence pessimism
           0.00 ^ _114633_/CLK (DFFHQNx1_ASAP7_75t_R)
  14.30   14.30   library hold time
          14.30   data required time
---------------------------------------------------------
          14.30   data required time
        -429.84   data arrival time
---------------------------------------------------------
         415.54   slack (MET)


Startpoint: _117206_ (rising edge-triggered flip-flop clocked by clk)
Endpoint: _114634_ (rising edge-triggered flip-flop clocked by clk)
Path Group: clk
Path Type: min

  Delay    Time   Description
---------------------------------------------------------
   0.00    0.00   clock clk (rise edge)
   0.00    0.00   clock network delay (ideal)
   0.00    0.00 ^ _117206_/CLK (DFFASRHQNx1_ASAP7_75t_R)
  96.77   96.77 ^ _117206_/QN (DFFASRHQNx1_ASAP7_75t_R)
  32.92  129.69 v _079487_/Y (NOR2x2_ASAP7_75t_R)
  19.26  148.95 ^ _079488_/Y (NAND2x1_ASAP7_75t_R)
  29.15  178.10 ^ _079491_/Y (AO21x1_ASAP7_75t_R)
  26.24  204.34 ^ _079492_/Y (BUFx6f_ASAP7_75t_R)
  18.83  223.17 v _079758_/Y (NAND2x2_ASAP7_75t_R)
  21.66  244.83 ^ _079759_/Y (NOR2x2_ASAP7_75t_R)
  34.13  278.96 ^ _079760_/Y (BUFx4f_ASAP7_75t_R)
  30.38  309.34 ^ _097996_/Y (BUFx4f_ASAP7_75t_R)
  21.73  331.07 ^ _098082_/Y (OR3x1_ASAP7_75t_R)
  29.00  360.07 ^ _098083_/Y (BUFx3_ASAP7_75t_R)
  33.80  393.87 ^ _098084_/Y (BUFx3_ASAP7_75t_R)
  12.75  406.62 v _098087_/Y (NAND2x1_ASAP7_75t_R)
  23.22  429.84 v _098088_/Y (OA21x2_ASAP7_75t_R)
   0.00  429.84 v _114634_/D (DFFHQNx1_ASAP7_75t_R)
         429.84   data arrival time

   0.00    0.00   clock clk (rise edge)
   0.00    0.00   clock network delay (ideal)
   0.00    0.00   clock reconvergence pessimism
           0.00 ^ _114634_/CLK (DFFHQNx1_ASAP7_75t_R)
  14.30   14.30   library hold time
          14.30   data required time
---------------------------------------------------------
          14.30   data required time
        -429.84   data arrival time
---------------------------------------------------------
         415.54   slack (MET)


Startpoint: _117206_ (rising edge-triggered flip-flop clocked by clk)
Endpoint: _114641_ (rising edge-triggered flip-flop clocked by clk)
Path Group: clk
Path Type: min

  Delay    Time   Description
---------------------------------------------------------
   0.00    0.00   clock clk (rise edge)
   0.00    0.00   clock network delay (ideal)
   0.00    0.00 ^ _117206_/CLK (DFFASRHQNx1_ASAP7_75t_R)
  96.77   96.77 ^ _117206_/QN (DFFASRHQNx1_ASAP7_75t_R)
  32.92  129.69 v _079487_/Y (NOR2x2_ASAP7_75t_R)
  19.26  148.95 ^ _079488_/Y (NAND2x1_ASAP7_75t_R)
  29.15  178.10 ^ _079491_/Y (AO21x1_ASAP7_75t_R)
  26.24  204.34 ^ _079492_/Y (BUFx6f_ASAP7_75t_R)
  18.83  223.17 v _079758_/Y (NAND2x2_ASAP7_75t_R)
  21.66  244.83 ^ _079759_/Y (NOR2x2_ASAP7_75t_R)
  34.13  278.96 ^ _079760_/Y (BUFx4f_ASAP7_75t_R)
  30.38  309.34 ^ _097996_/Y (BUFx4f_ASAP7_75t_R)
  21.73  331.07 ^ _098101_/Y (OR3x1_ASAP7_75t_R)
  29.00  360.07 ^ _098102_/Y (BUFx3_ASAP7_75t_R)
  33.80  393.87 ^ _098103_/Y (BUFx3_ASAP7_75t_R)
  12.75  406.62 v _098104_/Y (NAND2x1_ASAP7_75t_R)
  23.22  429.84 v _098105_/Y (OA21x2_ASAP7_75t_R)
   0.00  429.84 v _114641_/D (DFFHQNx1_ASAP7_75t_R)
         429.84   data arrival time

   0.00    0.00   clock clk (rise edge)
   0.00    0.00   clock network delay (ideal)
   0.00    0.00   clock reconvergence pessimism
           0.00 ^ _114641_/CLK (DFFHQNx1_ASAP7_75t_R)
  14.30   14.30   library hold time
          14.30   data required time
---------------------------------------------------------
          14.30   data required time
        -429.84   data arrival time
---------------------------------------------------------
         415.54   slack (MET)


Startpoint: _117206_ (rising edge-triggered flip-flop clocked by clk)
Endpoint: _114642_ (rising edge-triggered flip-flop clocked by clk)
Path Group: clk
Path Type: min

  Delay    Time   Description
---------------------------------------------------------
   0.00    0.00   clock clk (rise edge)
   0.00    0.00   clock network delay (ideal)
   0.00    0.00 ^ _117206_/CLK (DFFASRHQNx1_ASAP7_75t_R)
  96.77   96.77 ^ _117206_/QN (DFFASRHQNx1_ASAP7_75t_R)
  32.92  129.69 v _079487_/Y (NOR2x2_ASAP7_75t_R)
  19.26  148.95 ^ _079488_/Y (NAND2x1_ASAP7_75t_R)
  29.15  178.10 ^ _079491_/Y (AO21x1_ASAP7_75t_R)
  26.24  204.34 ^ _079492_/Y (BUFx6f_ASAP7_75t_R)
  18.83  223.17 v _079758_/Y (NAND2x2_ASAP7_75t_R)
  21.66  244.83 ^ _079759_/Y (NOR2x2_ASAP7_75t_R)
  34.13  278.96 ^ _079760_/Y (BUFx4f_ASAP7_75t_R)
  30.38  309.34 ^ _097996_/Y (BUFx4f_ASAP7_75t_R)
  21.73  331.07 ^ _098101_/Y (OR3x1_ASAP7_75t_R)
  29.00  360.07 ^ _098102_/Y (BUFx3_ASAP7_75t_R)
  33.80  393.87 ^ _098103_/Y (BUFx3_ASAP7_75t_R)
  12.75  406.62 v _098106_/Y (NAND2x1_ASAP7_75t_R)
  23.22  429.84 v _098107_/Y (OA21x2_ASAP7_75t_R)
   0.00  429.84 v _114642_/D (DFFHQNx1_ASAP7_75t_R)
         429.84   data arrival time

   0.00    0.00   clock clk (rise edge)
   0.00    0.00   clock network delay (ideal)
   0.00    0.00   clock reconvergence pessimism
           0.00 ^ _114642_/CLK (DFFHQNx1_ASAP7_75t_R)
  14.30   14.30   library hold time
          14.30   data required time
---------------------------------------------------------
          14.30   data required time
        -429.84   data arrival time
---------------------------------------------------------
         415.54   slack (MET)


Startpoint: _117206_ (rising edge-triggered flip-flop clocked by clk)
Endpoint: _114649_ (rising edge-triggered flip-flop clocked by clk)
Path Group: clk
Path Type: min

  Delay    Time   Description
---------------------------------------------------------
   0.00    0.00   clock clk (rise edge)
   0.00    0.00   clock network delay (ideal)
   0.00    0.00 ^ _117206_/CLK (DFFASRHQNx1_ASAP7_75t_R)
  96.77   96.77 ^ _117206_/QN (DFFASRHQNx1_ASAP7_75t_R)
  32.92  129.69 v _079487_/Y (NOR2x2_ASAP7_75t_R)
  19.26  148.95 ^ _079488_/Y (NAND2x1_ASAP7_75t_R)
  29.15  178.10 ^ _079491_/Y (AO21x1_ASAP7_75t_R)
  26.24  204.34 ^ _079492_/Y (BUFx6f_ASAP7_75t_R)
  18.83  223.17 v _079758_/Y (NAND2x2_ASAP7_75t_R)
  21.66  244.83 ^ _079759_/Y (NOR2x2_ASAP7_75t_R)
  34.13  278.96 ^ _079760_/Y (BUFx4f_ASAP7_75t_R)
  30.38  309.34 ^ _097996_/Y (BUFx4f_ASAP7_75t_R)
  21.73  331.07 ^ _098121_/Y (OR3x1_ASAP7_75t_R)
  29.00  360.07 ^ _098122_/Y (BUFx3_ASAP7_75t_R)
  33.80  393.87 ^ _098123_/Y (BUFx3_ASAP7_75t_R)
  12.75  406.62 v _098124_/Y (NAND2x1_ASAP7_75t_R)
  23.22  429.84 v _098125_/Y (OA21x2_ASAP7_75t_R)
   0.00  429.84 v _114649_/D (DFFHQNx1_ASAP7_75t_R)
         429.84   data arrival time

   0.00    0.00   clock clk (rise edge)
   0.00    0.00   clock network delay (ideal)
   0.00    0.00   clock reconvergence pessimism
           0.00 ^ _114649_/CLK (DFFHQNx1_ASAP7_75t_R)
  14.30   14.30   library hold time
          14.30   data required time
---------------------------------------------------------
          14.30   data required time
        -429.84   data arrival time
---------------------------------------------------------
         415.54   slack (MET)


Startpoint: _117206_ (rising edge-triggered flip-flop clocked by clk)
Endpoint: _114650_ (rising edge-triggered flip-flop clocked by clk)
Path Group: clk
Path Type: min

  Delay    Time   Description
---------------------------------------------------------
   0.00    0.00   clock clk (rise edge)
   0.00    0.00   clock network delay (ideal)
   0.00    0.00 ^ _117206_/CLK (DFFASRHQNx1_ASAP7_75t_R)
  96.77   96.77 ^ _117206_/QN (DFFASRHQNx1_ASAP7_75t_R)
  32.92  129.69 v _079487_/Y (NOR2x2_ASAP7_75t_R)
  19.26  148.95 ^ _079488_/Y (NAND2x1_ASAP7_75t_R)
  29.15  178.10 ^ _079491_/Y (AO21x1_ASAP7_75t_R)
  26.24  204.34 ^ _079492_/Y (BUFx6f_ASAP7_75t_R)
  18.83  223.17 v _079758_/Y (NAND2x2_ASAP7_75t_R)
  21.66  244.83 ^ _079759_/Y (NOR2x2_ASAP7_75t_R)
  34.13  278.96 ^ _079760_/Y (BUFx4f_ASAP7_75t_R)
  30.38  309.34 ^ _097996_/Y (BUFx4f_ASAP7_75t_R)
  21.73  331.07 ^ _098121_/Y (OR3x1_ASAP7_75t_R)
  29.00  360.07 ^ _098122_/Y (BUFx3_ASAP7_75t_R)
  33.80  393.87 ^ _098123_/Y (BUFx3_ASAP7_75t_R)
  12.75  406.62 v _098126_/Y (NAND2x1_ASAP7_75t_R)
  23.22  429.84 v _098127_/Y (OA21x2_ASAP7_75t_R)
   0.00  429.84 v _114650_/D (DFFHQNx1_ASAP7_75t_R)
         429.84   data arrival time

   0.00    0.00   clock clk (rise edge)
   0.00    0.00   clock network delay (ideal)
   0.00    0.00   clock reconvergence pessimism
           0.00 ^ _114650_/CLK (DFFHQNx1_ASAP7_75t_R)
  14.30   14.30   library hold time
          14.30   data required time
---------------------------------------------------------
          14.30   data required time
        -429.84   data arrival time
---------------------------------------------------------
         415.54   slack (MET)


Startpoint: _117206_ (rising edge-triggered flip-flop clocked by clk)
Endpoint: _114657_ (rising edge-triggered flip-flop clocked by clk)
Path Group: clk
Path Type: min

  Delay    Time   Description
---------------------------------------------------------
   0.00    0.00   clock clk (rise edge)
   0.00    0.00   clock network delay (ideal)
   0.00    0.00 ^ _117206_/CLK (DFFASRHQNx1_ASAP7_75t_R)
  96.77   96.77 ^ _117206_/QN (DFFASRHQNx1_ASAP7_75t_R)
  32.92  129.69 v _079487_/Y (NOR2x2_ASAP7_75t_R)
  19.26  148.95 ^ _079488_/Y (NAND2x1_ASAP7_75t_R)
  29.15  178.10 ^ _079491_/Y (AO21x1_ASAP7_75t_R)
  26.24  204.34 ^ _079492_/Y (BUFx6f_ASAP7_75t_R)
  18.83  223.17 v _079758_/Y (NAND2x2_ASAP7_75t_R)
  21.66  244.83 ^ _079759_/Y (NOR2x2_ASAP7_75t_R)
  34.13  278.96 ^ _079760_/Y (BUFx4f_ASAP7_75t_R)
  30.38  309.34 ^ _097996_/Y (BUFx4f_ASAP7_75t_R)
  21.73  331.07 ^ _098140_/Y (OR3x1_ASAP7_75t_R)
  29.00  360.07 ^ _098141_/Y (BUFx3_ASAP7_75t_R)
  33.80  393.87 ^ _098142_/Y (BUFx3_ASAP7_75t_R)
  12.75  406.62 v _098143_/Y (NAND2x1_ASAP7_75t_R)
  23.22  429.84 v _098144_/Y (OA21x2_ASAP7_75t_R)
   0.00  429.84 v _114657_/D (DFFHQNx1_ASAP7_75t_R)
         429.84   data arrival time

   0.00    0.00   clock clk (rise edge)
   0.00    0.00   clock network delay (ideal)
   0.00    0.00   clock reconvergence pessimism
           0.00 ^ _114657_/CLK (DFFHQNx1_ASAP7_75t_R)
  14.30   14.30   library hold time
          14.30   data required time
---------------------------------------------------------
          14.30   data required time
        -429.84   data arrival time
---------------------------------------------------------
         415.54   slack (MET)


Startpoint: _117206_ (rising edge-triggered flip-flop clocked by clk)
Endpoint: _114658_ (rising edge-triggered flip-flop clocked by clk)
Path Group: clk
Path Type: min

  Delay    Time   Description
---------------------------------------------------------
   0.00    0.00   clock clk (rise edge)
   0.00    0.00   clock network delay (ideal)
   0.00    0.00 ^ _117206_/CLK (DFFASRHQNx1_ASAP7_75t_R)
  96.77   96.77 ^ _117206_/QN (DFFASRHQNx1_ASAP7_75t_R)
  32.92  129.69 v _079487_/Y (NOR2x2_ASAP7_75t_R)
  19.26  148.95 ^ _079488_/Y (NAND2x1_ASAP7_75t_R)
  29.15  178.10 ^ _079491_/Y (AO21x1_ASAP7_75t_R)
  26.24  204.34 ^ _079492_/Y (BUFx6f_ASAP7_75t_R)
  18.83  223.17 v _079758_/Y (NAND2x2_ASAP7_75t_R)
  21.66  244.83 ^ _079759_/Y (NOR2x2_ASAP7_75t_R)
  34.13  278.96 ^ _079760_/Y (BUFx4f_ASAP7_75t_R)
  30.38  309.34 ^ _097996_/Y (BUFx4f_ASAP7_75t_R)
  21.73  331.07 ^ _098140_/Y (OR3x1_ASAP7_75t_R)
  29.00  360.07 ^ _098141_/Y (BUFx3_ASAP7_75t_R)
  33.80  393.87 ^ _098142_/Y (BUFx3_ASAP7_75t_R)
  12.75  406.62 v _098145_/Y (NAND2x1_ASAP7_75t_R)
  23.22  429.84 v _098146_/Y (OA21x2_ASAP7_75t_R)
   0.00  429.84 v _114658_/D (DFFHQNx1_ASAP7_75t_R)
         429.84   data arrival time

   0.00    0.00   clock clk (rise edge)
   0.00    0.00   clock network delay (ideal)
   0.00    0.00   clock reconvergence pessimism
           0.00 ^ _114658_/CLK (DFFHQNx1_ASAP7_75t_R)
  14.30   14.30   library hold time
          14.30   data required time
---------------------------------------------------------
          14.30   data required time
        -429.84   data arrival time
---------------------------------------------------------
         415.54   slack (MET)


Startpoint: _117206_ (rising edge-triggered flip-flop clocked by clk)
Endpoint: _114665_ (rising edge-triggered flip-flop clocked by clk)
Path Group: clk
Path Type: min

  Delay    Time   Description
---------------------------------------------------------
   0.00    0.00   clock clk (rise edge)
   0.00    0.00   clock network delay (ideal)
   0.00    0.00 ^ _117206_/CLK (DFFASRHQNx1_ASAP7_75t_R)
  96.77   96.77 ^ _117206_/QN (DFFASRHQNx1_ASAP7_75t_R)
  32.92  129.69 v _079487_/Y (NOR2x2_ASAP7_75t_R)
  19.26  148.95 ^ _079488_/Y (NAND2x1_ASAP7_75t_R)
  29.15  178.10 ^ _079491_/Y (AO21x1_ASAP7_75t_R)
  26.24  204.34 ^ _079492_/Y (BUFx6f_ASAP7_75t_R)
  18.83  223.17 v _079758_/Y (NAND2x2_ASAP7_75t_R)
  21.66  244.83 ^ _079759_/Y (NOR2x2_ASAP7_75t_R)
  34.13  278.96 ^ _079760_/Y (BUFx4f_ASAP7_75t_R)
  30.38  309.34 ^ _097996_/Y (BUFx4f_ASAP7_75t_R)
  21.73  331.07 ^ _098159_/Y (OR3x1_ASAP7_75t_R)
  29.00  360.07 ^ _098160_/Y (BUFx3_ASAP7_75t_R)
  33.80  393.87 ^ _098161_/Y (BUFx3_ASAP7_75t_R)
  12.75  406.62 v _098162_/Y (NAND2x1_ASAP7_75t_R)
  23.22  429.84 v _098163_/Y (OA21x2_ASAP7_75t_R)
   0.00  429.84 v _114665_/D (DFFHQNx1_ASAP7_75t_R)
         429.84   data arrival time

   0.00    0.00   clock clk (rise edge)
   0.00    0.00   clock network delay (ideal)
   0.00    0.00   clock reconvergence pessimism
           0.00 ^ _114665_/CLK (DFFHQNx1_ASAP7_75t_R)
  14.30   14.30   library hold time
          14.30   data required time
---------------------------------------------------------
          14.30   data required time
        -429.84   data arrival time
---------------------------------------------------------
         415.54   slack (MET)


Startpoint: _117206_ (rising edge-triggered flip-flop clocked by clk)
Endpoint: _114666_ (rising edge-triggered flip-flop clocked by clk)
Path Group: clk
Path Type: min

  Delay    Time   Description
---------------------------------------------------------
   0.00    0.00   clock clk (rise edge)
   0.00    0.00   clock network delay (ideal)
   0.00    0.00 ^ _117206_/CLK (DFFASRHQNx1_ASAP7_75t_R)
  96.77   96.77 ^ _117206_/QN (DFFASRHQNx1_ASAP7_75t_R)
  32.92  129.69 v _079487_/Y (NOR2x2_ASAP7_75t_R)
  19.26  148.95 ^ _079488_/Y (NAND2x1_ASAP7_75t_R)
  29.15  178.10 ^ _079491_/Y (AO21x1_ASAP7_75t_R)
  26.24  204.34 ^ _079492_/Y (BUFx6f_ASAP7_75t_R)
  18.83  223.17 v _079758_/Y (NAND2x2_ASAP7_75t_R)
  21.66  244.83 ^ _079759_/Y (NOR2x2_ASAP7_75t_R)
  34.13  278.96 ^ _079760_/Y (BUFx4f_ASAP7_75t_R)
  30.38  309.34 ^ _097996_/Y (BUFx4f_ASAP7_75t_R)
  21.73  331.07 ^ _098159_/Y (OR3x1_ASAP7_75t_R)
  29.00  360.07 ^ _098160_/Y (BUFx3_ASAP7_75t_R)
  33.80  393.87 ^ _098161_/Y (BUFx3_ASAP7_75t_R)
  12.75  406.62 v _098164_/Y (NAND2x1_ASAP7_75t_R)
  23.22  429.84 v _098165_/Y (OA21x2_ASAP7_75t_R)
   0.00  429.84 v _114666_/D (DFFHQNx1_ASAP7_75t_R)
         429.84   data arrival time

   0.00    0.00   clock clk (rise edge)
   0.00    0.00   clock network delay (ideal)
   0.00    0.00   clock reconvergence pessimism
           0.00 ^ _114666_/CLK (DFFHQNx1_ASAP7_75t_R)
  14.30   14.30   library hold time
          14.30   data required time
---------------------------------------------------------
          14.30   data required time
        -429.84   data arrival time
---------------------------------------------------------
         415.54   slack (MET)


Startpoint: _117206_ (rising edge-triggered flip-flop clocked by clk)
Endpoint: _114673_ (rising edge-triggered flip-flop clocked by clk)
Path Group: clk
Path Type: min

  Delay    Time   Description
---------------------------------------------------------
   0.00    0.00   clock clk (rise edge)
   0.00    0.00   clock network delay (ideal)
   0.00    0.00 ^ _117206_/CLK (DFFASRHQNx1_ASAP7_75t_R)
  96.77   96.77 ^ _117206_/QN (DFFASRHQNx1_ASAP7_75t_R)
  32.92  129.69 v _079487_/Y (NOR2x2_ASAP7_75t_R)
  19.26  148.95 ^ _079488_/Y (NAND2x1_ASAP7_75t_R)
  29.15  178.10 ^ _079491_/Y (AO21x1_ASAP7_75t_R)
  26.24  204.34 ^ _079492_/Y (BUFx6f_ASAP7_75t_R)
  18.83  223.17 v _079758_/Y (NAND2x2_ASAP7_75t_R)
  21.66  244.83 ^ _079759_/Y (NOR2x2_ASAP7_75t_R)
  34.13  278.96 ^ _079760_/Y (BUFx4f_ASAP7_75t_R)
  30.38  309.34 ^ _097996_/Y (BUFx4f_ASAP7_75t_R)
  21.73  331.07 ^ _098178_/Y (OR3x1_ASAP7_75t_R)
  29.00  360.07 ^ _098179_/Y (BUFx3_ASAP7_75t_R)
  33.80  393.87 ^ _098180_/Y (BUFx3_ASAP7_75t_R)
  12.75  406.62 v _098181_/Y (NAND2x1_ASAP7_75t_R)
  23.22  429.84 v _098182_/Y (OA21x2_ASAP7_75t_R)
   0.00  429.84 v _114673_/D (DFFHQNx1_ASAP7_75t_R)
         429.84   data arrival time

   0.00    0.00   clock clk (rise edge)
   0.00    0.00   clock network delay (ideal)
   0.00    0.00   clock reconvergence pessimism
           0.00 ^ _114673_/CLK (DFFHQNx1_ASAP7_75t_R)
  14.30   14.30   library hold time
          14.30   data required time
---------------------------------------------------------
          14.30   data required time
        -429.84   data arrival time
---------------------------------------------------------
         415.54   slack (MET)


Startpoint: _117206_ (rising edge-triggered flip-flop clocked by clk)
Endpoint: _114674_ (rising edge-triggered flip-flop clocked by clk)
Path Group: clk
Path Type: min

  Delay    Time   Description
---------------------------------------------------------
   0.00    0.00   clock clk (rise edge)
   0.00    0.00   clock network delay (ideal)
   0.00    0.00 ^ _117206_/CLK (DFFASRHQNx1_ASAP7_75t_R)
  96.77   96.77 ^ _117206_/QN (DFFASRHQNx1_ASAP7_75t_R)
  32.92  129.69 v _079487_/Y (NOR2x2_ASAP7_75t_R)
  19.26  148.95 ^ _079488_/Y (NAND2x1_ASAP7_75t_R)
  29.15  178.10 ^ _079491_/Y (AO21x1_ASAP7_75t_R)
  26.24  204.34 ^ _079492_/Y (BUFx6f_ASAP7_75t_R)
  18.83  223.17 v _079758_/Y (NAND2x2_ASAP7_75t_R)
  21.66  244.83 ^ _079759_/Y (NOR2x2_ASAP7_75t_R)
  34.13  278.96 ^ _079760_/Y (BUFx4f_ASAP7_75t_R)
  30.38  309.34 ^ _097996_/Y (BUFx4f_ASAP7_75t_R)
  21.73  331.07 ^ _098178_/Y (OR3x1_ASAP7_75t_R)
  29.00  360.07 ^ _098179_/Y (BUFx3_ASAP7_75t_R)
  33.80  393.87 ^ _098180_/Y (BUFx3_ASAP7_75t_R)
  12.75  406.62 v _098183_/Y (NAND2x1_ASAP7_75t_R)
  23.22  429.84 v _098184_/Y (OA21x2_ASAP7_75t_R)
   0.00  429.84 v _114674_/D (DFFHQNx1_ASAP7_75t_R)
         429.84   data arrival time

   0.00    0.00   clock clk (rise edge)
   0.00    0.00   clock network delay (ideal)
   0.00    0.00   clock reconvergence pessimism
           0.00 ^ _114674_/CLK (DFFHQNx1_ASAP7_75t_R)
  14.30   14.30   library hold time
          14.30   data required time
---------------------------------------------------------
          14.30   data required time
        -429.84   data arrival time
---------------------------------------------------------
         415.54   slack (MET)


Startpoint: _117206_ (rising edge-triggered flip-flop clocked by clk)
Endpoint: _114681_ (rising edge-triggered flip-flop clocked by clk)
Path Group: clk
Path Type: min

  Delay    Time   Description
---------------------------------------------------------
   0.00    0.00   clock clk (rise edge)
   0.00    0.00   clock network delay (ideal)
   0.00    0.00 ^ _117206_/CLK (DFFASRHQNx1_ASAP7_75t_R)
  96.77   96.77 ^ _117206_/QN (DFFASRHQNx1_ASAP7_75t_R)
  32.92  129.69 v _079487_/Y (NOR2x2_ASAP7_75t_R)
  19.26  148.95 ^ _079488_/Y (NAND2x1_ASAP7_75t_R)
  29.15  178.10 ^ _079491_/Y (AO21x1_ASAP7_75t_R)
  26.24  204.34 ^ _079492_/Y (BUFx6f_ASAP7_75t_R)
  18.83  223.17 v _079758_/Y (NAND2x2_ASAP7_75t_R)
  21.66  244.83 ^ _079759_/Y (NOR2x2_ASAP7_75t_R)
  34.13  278.96 ^ _079760_/Y (BUFx4f_ASAP7_75t_R)
  30.38  309.34 ^ _098198_/Y (BUFx4f_ASAP7_75t_R)
  21.73  331.07 ^ _098199_/Y (OR3x1_ASAP7_75t_R)
  29.00  360.07 ^ _098200_/Y (BUFx3_ASAP7_75t_R)
  33.80  393.87 ^ _098201_/Y (BUFx3_ASAP7_75t_R)
  12.75  406.62 v _098202_/Y (NAND2x1_ASAP7_75t_R)
  23.22  429.84 v _098203_/Y (OA21x2_ASAP7_75t_R)
   0.00  429.84 v _114681_/D (DFFHQNx1_ASAP7_75t_R)
         429.84   data arrival time

   0.00    0.00   clock clk (rise edge)
   0.00    0.00   clock network delay (ideal)
   0.00    0.00   clock reconvergence pessimism
           0.00 ^ _114681_/CLK (DFFHQNx1_ASAP7_75t_R)
  14.30   14.30   library hold time
          14.30   data required time
---------------------------------------------------------
          14.30   data required time
        -429.84   data arrival time
---------------------------------------------------------
         415.54   slack (MET)


Startpoint: _117206_ (rising edge-triggered flip-flop clocked by clk)
Endpoint: _114682_ (rising edge-triggered flip-flop clocked by clk)
Path Group: clk
Path Type: min

  Delay    Time   Description
---------------------------------------------------------
   0.00    0.00   clock clk (rise edge)
   0.00    0.00   clock network delay (ideal)
   0.00    0.00 ^ _117206_/CLK (DFFASRHQNx1_ASAP7_75t_R)
  96.77   96.77 ^ _117206_/QN (DFFASRHQNx1_ASAP7_75t_R)
  32.92  129.69 v _079487_/Y (NOR2x2_ASAP7_75t_R)
  19.26  148.95 ^ _079488_/Y (NAND2x1_ASAP7_75t_R)
  29.15  178.10 ^ _079491_/Y (AO21x1_ASAP7_75t_R)
  26.24  204.34 ^ _079492_/Y (BUFx6f_ASAP7_75t_R)
  18.83  223.17 v _079758_/Y (NAND2x2_ASAP7_75t_R)
  21.66  244.83 ^ _079759_/Y (NOR2x2_ASAP7_75t_R)
  34.13  278.96 ^ _079760_/Y (BUFx4f_ASAP7_75t_R)
  30.38  309.34 ^ _098198_/Y (BUFx4f_ASAP7_75t_R)
  21.73  331.07 ^ _098199_/Y (OR3x1_ASAP7_75t_R)
  29.00  360.07 ^ _098200_/Y (BUFx3_ASAP7_75t_R)
  33.80  393.87 ^ _098201_/Y (BUFx3_ASAP7_75t_R)
  12.75  406.62 v _098205_/Y (NAND2x1_ASAP7_75t_R)
  23.22  429.84 v _098206_/Y (OA21x2_ASAP7_75t_R)
   0.00  429.84 v _114682_/D (DFFHQNx1_ASAP7_75t_R)
         429.84   data arrival time

   0.00    0.00   clock clk (rise edge)
   0.00    0.00   clock network delay (ideal)
   0.00    0.00   clock reconvergence pessimism
           0.00 ^ _114682_/CLK (DFFHQNx1_ASAP7_75t_R)
  14.30   14.30   library hold time
          14.30   data required time
---------------------------------------------------------
          14.30   data required time
        -429.84   data arrival time
---------------------------------------------------------
         415.54   slack (MET)


Startpoint: _117206_ (rising edge-triggered flip-flop clocked by clk)
Endpoint: _114689_ (rising edge-triggered flip-flop clocked by clk)
Path Group: clk
Path Type: min

  Delay    Time   Description
---------------------------------------------------------
   0.00    0.00   clock clk (rise edge)
   0.00    0.00   clock network delay (ideal)
   0.00    0.00 ^ _117206_/CLK (DFFASRHQNx1_ASAP7_75t_R)
  96.77   96.77 ^ _117206_/QN (DFFASRHQNx1_ASAP7_75t_R)
  32.92  129.69 v _079487_/Y (NOR2x2_ASAP7_75t_R)
  19.26  148.95 ^ _079488_/Y (NAND2x1_ASAP7_75t_R)
  29.15  178.10 ^ _079491_/Y (AO21x1_ASAP7_75t_R)
  26.24  204.34 ^ _079492_/Y (BUFx6f_ASAP7_75t_R)
  18.83  223.17 v _079758_/Y (NAND2x2_ASAP7_75t_R)
  21.66  244.83 ^ _079759_/Y (NOR2x2_ASAP7_75t_R)
  34.13  278.96 ^ _079760_/Y (BUFx4f_ASAP7_75t_R)
  30.38  309.34 ^ _098198_/Y (BUFx4f_ASAP7_75t_R)
  21.73  331.07 ^ _098225_/Y (OR3x1_ASAP7_75t_R)
  29.00  360.07 ^ _098226_/Y (BUFx3_ASAP7_75t_R)
  33.80  393.87 ^ _098227_/Y (BUFx3_ASAP7_75t_R)
  12.75  406.62 v _098228_/Y (NAND2x1_ASAP7_75t_R)
  23.22  429.84 v _098229_/Y (OA21x2_ASAP7_75t_R)
   0.00  429.84 v _114689_/D (DFFHQNx1_ASAP7_75t_R)
         429.84   data arrival time

   0.00    0.00   clock clk (rise edge)
   0.00    0.00   clock network delay (ideal)
   0.00    0.00   clock reconvergence pessimism
           0.00 ^ _114689_/CLK (DFFHQNx1_ASAP7_75t_R)
  14.30   14.30   library hold time
          14.30   data required time
---------------------------------------------------------
          14.30   data required time
        -429.84   data arrival time
---------------------------------------------------------
         415.54   slack (MET)


Startpoint: _117206_ (rising edge-triggered flip-flop clocked by clk)
Endpoint: _114690_ (rising edge-triggered flip-flop clocked by clk)
Path Group: clk
Path Type: min

  Delay    Time   Description
---------------------------------------------------------
   0.00    0.00   clock clk (rise edge)
   0.00    0.00   clock network delay (ideal)
   0.00    0.00 ^ _117206_/CLK (DFFASRHQNx1_ASAP7_75t_R)
  96.77   96.77 ^ _117206_/QN (DFFASRHQNx1_ASAP7_75t_R)
  32.92  129.69 v _079487_/Y (NOR2x2_ASAP7_75t_R)
  19.26  148.95 ^ _079488_/Y (NAND2x1_ASAP7_75t_R)
  29.15  178.10 ^ _079491_/Y (AO21x1_ASAP7_75t_R)
  26.24  204.34 ^ _079492_/Y (BUFx6f_ASAP7_75t_R)
  18.83  223.17 v _079758_/Y (NAND2x2_ASAP7_75t_R)
  21.66  244.83 ^ _079759_/Y (NOR2x2_ASAP7_75t_R)
  34.13  278.96 ^ _079760_/Y (BUFx4f_ASAP7_75t_R)
  30.38  309.34 ^ _098198_/Y (BUFx4f_ASAP7_75t_R)
  21.73  331.07 ^ _098225_/Y (OR3x1_ASAP7_75t_R)
  29.00  360.07 ^ _098226_/Y (BUFx3_ASAP7_75t_R)
  33.80  393.87 ^ _098227_/Y (BUFx3_ASAP7_75t_R)
  12.75  406.62 v _098230_/Y (NAND2x1_ASAP7_75t_R)
  23.22  429.84 v _098231_/Y (OA21x2_ASAP7_75t_R)
   0.00  429.84 v _114690_/D (DFFHQNx1_ASAP7_75t_R)
         429.84   data arrival time

   0.00    0.00   clock clk (rise edge)
   0.00    0.00   clock network delay (ideal)
   0.00    0.00   clock reconvergence pessimism
           0.00 ^ _114690_/CLK (DFFHQNx1_ASAP7_75t_R)
  14.30   14.30   library hold time
          14.30   data required time
---------------------------------------------------------
          14.30   data required time
        -429.84   data arrival time
---------------------------------------------------------
         415.54   slack (MET)


Startpoint: _117206_ (rising edge-triggered flip-flop clocked by clk)
Endpoint: _114697_ (rising edge-triggered flip-flop clocked by clk)
Path Group: clk
Path Type: min

  Delay    Time   Description
---------------------------------------------------------
   0.00    0.00   clock clk (rise edge)
   0.00    0.00   clock network delay (ideal)
   0.00    0.00 ^ _117206_/CLK (DFFASRHQNx1_ASAP7_75t_R)
  96.77   96.77 ^ _117206_/QN (DFFASRHQNx1_ASAP7_75t_R)
  32.92  129.69 v _079487_/Y (NOR2x2_ASAP7_75t_R)
  19.26  148.95 ^ _079488_/Y (NAND2x1_ASAP7_75t_R)
  29.15  178.10 ^ _079491_/Y (AO21x1_ASAP7_75t_R)
  26.24  204.34 ^ _079492_/Y (BUFx6f_ASAP7_75t_R)
  18.83  223.17 v _079758_/Y (NAND2x2_ASAP7_75t_R)
  21.66  244.83 ^ _079759_/Y (NOR2x2_ASAP7_75t_R)
  34.13  278.96 ^ _079760_/Y (BUFx4f_ASAP7_75t_R)
  30.38  309.34 ^ _098198_/Y (BUFx4f_ASAP7_75t_R)
  21.73  331.07 ^ _098244_/Y (OR3x1_ASAP7_75t_R)
  29.00  360.07 ^ _098245_/Y (BUFx3_ASAP7_75t_R)
  33.80  393.87 ^ _098246_/Y (BUFx3_ASAP7_75t_R)
  12.75  406.62 v _098247_/Y (NAND2x1_ASAP7_75t_R)
  23.22  429.84 v _098248_/Y (OA21x2_ASAP7_75t_R)
   0.00  429.84 v _114697_/D (DFFHQNx1_ASAP7_75t_R)
         429.84   data arrival time

   0.00    0.00   clock clk (rise edge)
   0.00    0.00   clock network delay (ideal)
   0.00    0.00   clock reconvergence pessimism
           0.00 ^ _114697_/CLK (DFFHQNx1_ASAP7_75t_R)
  14.30   14.30   library hold time
          14.30   data required time
---------------------------------------------------------
          14.30   data required time
        -429.84   data arrival time
---------------------------------------------------------
         415.54   slack (MET)


Startpoint: _117206_ (rising edge-triggered flip-flop clocked by clk)
Endpoint: _114698_ (rising edge-triggered flip-flop clocked by clk)
Path Group: clk
Path Type: min

  Delay    Time   Description
---------------------------------------------------------
   0.00    0.00   clock clk (rise edge)
   0.00    0.00   clock network delay (ideal)
   0.00    0.00 ^ _117206_/CLK (DFFASRHQNx1_ASAP7_75t_R)
  96.77   96.77 ^ _117206_/QN (DFFASRHQNx1_ASAP7_75t_R)
  32.92  129.69 v _079487_/Y (NOR2x2_ASAP7_75t_R)
  19.26  148.95 ^ _079488_/Y (NAND2x1_ASAP7_75t_R)
  29.15  178.10 ^ _079491_/Y (AO21x1_ASAP7_75t_R)
  26.24  204.34 ^ _079492_/Y (BUFx6f_ASAP7_75t_R)
  18.83  223.17 v _079758_/Y (NAND2x2_ASAP7_75t_R)
  21.66  244.83 ^ _079759_/Y (NOR2x2_ASAP7_75t_R)
  34.13  278.96 ^ _079760_/Y (BUFx4f_ASAP7_75t_R)
  30.38  309.34 ^ _098198_/Y (BUFx4f_ASAP7_75t_R)
  21.73  331.07 ^ _098244_/Y (OR3x1_ASAP7_75t_R)
  29.00  360.07 ^ _098245_/Y (BUFx3_ASAP7_75t_R)
  33.80  393.87 ^ _098246_/Y (BUFx3_ASAP7_75t_R)
  12.75  406.62 v _098249_/Y (NAND2x1_ASAP7_75t_R)
  23.22  429.84 v _098250_/Y (OA21x2_ASAP7_75t_R)
   0.00  429.84 v _114698_/D (DFFHQNx1_ASAP7_75t_R)
         429.84   data arrival time

   0.00    0.00   clock clk (rise edge)
   0.00    0.00   clock network delay (ideal)
   0.00    0.00   clock reconvergence pessimism
           0.00 ^ _114698_/CLK (DFFHQNx1_ASAP7_75t_R)
  14.30   14.30   library hold time
          14.30   data required time
---------------------------------------------------------
          14.30   data required time
        -429.84   data arrival time
---------------------------------------------------------
         415.54   slack (MET)


Startpoint: _117206_ (rising edge-triggered flip-flop clocked by clk)
Endpoint: _114705_ (rising edge-triggered flip-flop clocked by clk)
Path Group: clk
Path Type: min

  Delay    Time   Description
---------------------------------------------------------
   0.00    0.00   clock clk (rise edge)
   0.00    0.00   clock network delay (ideal)
   0.00    0.00 ^ _117206_/CLK (DFFASRHQNx1_ASAP7_75t_R)
  96.77   96.77 ^ _117206_/QN (DFFASRHQNx1_ASAP7_75t_R)
  32.92  129.69 v _079487_/Y (NOR2x2_ASAP7_75t_R)
  19.26  148.95 ^ _079488_/Y (NAND2x1_ASAP7_75t_R)
  29.15  178.10 ^ _079491_/Y (AO21x1_ASAP7_75t_R)
  26.24  204.34 ^ _079492_/Y (BUFx6f_ASAP7_75t_R)
  18.83  223.17 v _079758_/Y (NAND2x2_ASAP7_75t_R)
  21.66  244.83 ^ _079759_/Y (NOR2x2_ASAP7_75t_R)
  34.13  278.96 ^ _079760_/Y (BUFx4f_ASAP7_75t_R)
  30.38  309.34 ^ _098198_/Y (BUFx4f_ASAP7_75t_R)
  21.73  331.07 ^ _098263_/Y (OR3x1_ASAP7_75t_R)
  29.00  360.07 ^ _098264_/Y (BUFx3_ASAP7_75t_R)
  33.80  393.87 ^ _098265_/Y (BUFx3_ASAP7_75t_R)
  12.75  406.62 v _098266_/Y (NAND2x1_ASAP7_75t_R)
  23.22  429.84 v _098267_/Y (OA21x2_ASAP7_75t_R)
   0.00  429.84 v _114705_/D (DFFHQNx1_ASAP7_75t_R)
         429.84   data arrival time

   0.00    0.00   clock clk (rise edge)
   0.00    0.00   clock network delay (ideal)
   0.00    0.00   clock reconvergence pessimism
           0.00 ^ _114705_/CLK (DFFHQNx1_ASAP7_75t_R)
  14.30   14.30   library hold time
          14.30   data required time
---------------------------------------------------------
          14.30   data required time
        -429.84   data arrival time
---------------------------------------------------------
         415.54   slack (MET)


Startpoint: _117206_ (rising edge-triggered flip-flop clocked by clk)
Endpoint: _114706_ (rising edge-triggered flip-flop clocked by clk)
Path Group: clk
Path Type: min

  Delay    Time   Description
---------------------------------------------------------
   0.00    0.00   clock clk (rise edge)
   0.00    0.00   clock network delay (ideal)
   0.00    0.00 ^ _117206_/CLK (DFFASRHQNx1_ASAP7_75t_R)
  96.77   96.77 ^ _117206_/QN (DFFASRHQNx1_ASAP7_75t_R)
  32.92  129.69 v _079487_/Y (NOR2x2_ASAP7_75t_R)
  19.26  148.95 ^ _079488_/Y (NAND2x1_ASAP7_75t_R)
  29.15  178.10 ^ _079491_/Y (AO21x1_ASAP7_75t_R)
  26.24  204.34 ^ _079492_/Y (BUFx6f_ASAP7_75t_R)
  18.83  223.17 v _079758_/Y (NAND2x2_ASAP7_75t_R)
  21.66  244.83 ^ _079759_/Y (NOR2x2_ASAP7_75t_R)
  34.13  278.96 ^ _079760_/Y (BUFx4f_ASAP7_75t_R)
  30.38  309.34 ^ _098198_/Y (BUFx4f_ASAP7_75t_R)
  21.73  331.07 ^ _098263_/Y (OR3x1_ASAP7_75t_R)
  29.00  360.07 ^ _098264_/Y (BUFx3_ASAP7_75t_R)
  33.80  393.87 ^ _098265_/Y (BUFx3_ASAP7_75t_R)
  12.75  406.62 v _098268_/Y (NAND2x1_ASAP7_75t_R)
  23.22  429.84 v _098269_/Y (OA21x2_ASAP7_75t_R)
   0.00  429.84 v _114706_/D (DFFHQNx1_ASAP7_75t_R)
         429.84   data arrival time

   0.00    0.00   clock clk (rise edge)
   0.00    0.00   clock network delay (ideal)
   0.00    0.00   clock reconvergence pessimism
           0.00 ^ _114706_/CLK (DFFHQNx1_ASAP7_75t_R)
  14.30   14.30   library hold time
          14.30   data required time
---------------------------------------------------------
          14.30   data required time
        -429.84   data arrival time
---------------------------------------------------------
         415.54   slack (MET)


Startpoint: _117206_ (rising edge-triggered flip-flop clocked by clk)
Endpoint: _114713_ (rising edge-triggered flip-flop clocked by clk)
Path Group: clk
Path Type: min

  Delay    Time   Description
---------------------------------------------------------
   0.00    0.00   clock clk (rise edge)
   0.00    0.00   clock network delay (ideal)
   0.00    0.00 ^ _117206_/CLK (DFFASRHQNx1_ASAP7_75t_R)
  96.77   96.77 ^ _117206_/QN (DFFASRHQNx1_ASAP7_75t_R)
  32.92  129.69 v _079487_/Y (NOR2x2_ASAP7_75t_R)
  19.26  148.95 ^ _079488_/Y (NAND2x1_ASAP7_75t_R)
  29.15  178.10 ^ _079491_/Y (AO21x1_ASAP7_75t_R)
  26.24  204.34 ^ _079492_/Y (BUFx6f_ASAP7_75t_R)
  18.83  223.17 v _079758_/Y (NAND2x2_ASAP7_75t_R)
  21.66  244.83 ^ _079759_/Y (NOR2x2_ASAP7_75t_R)
  34.13  278.96 ^ _079760_/Y (BUFx4f_ASAP7_75t_R)
  30.38  309.34 ^ _098198_/Y (BUFx4f_ASAP7_75t_R)
  21.73  331.07 ^ _098282_/Y (OR3x1_ASAP7_75t_R)
  29.00  360.07 ^ _098283_/Y (BUFx3_ASAP7_75t_R)
  33.80  393.87 ^ _098284_/Y (BUFx3_ASAP7_75t_R)
  12.75  406.62 v _098285_/Y (NAND2x1_ASAP7_75t_R)
  23.22  429.84 v _098286_/Y (OA21x2_ASAP7_75t_R)
   0.00  429.84 v _114713_/D (DFFHQNx1_ASAP7_75t_R)
         429.84   data arrival time

   0.00    0.00   clock clk (rise edge)
   0.00    0.00   clock network delay (ideal)
   0.00    0.00   clock reconvergence pessimism
           0.00 ^ _114713_/CLK (DFFHQNx1_ASAP7_75t_R)
  14.30   14.30   library hold time
          14.30   data required time
---------------------------------------------------------
          14.30   data required time
        -429.84   data arrival time
---------------------------------------------------------
         415.54   slack (MET)


Startpoint: _117206_ (rising edge-triggered flip-flop clocked by clk)
Endpoint: _114714_ (rising edge-triggered flip-flop clocked by clk)
Path Group: clk
Path Type: min

  Delay    Time   Description
---------------------------------------------------------
   0.00    0.00   clock clk (rise edge)
   0.00    0.00   clock network delay (ideal)
   0.00    0.00 ^ _117206_/CLK (DFFASRHQNx1_ASAP7_75t_R)
  96.77   96.77 ^ _117206_/QN (DFFASRHQNx1_ASAP7_75t_R)
  32.92  129.69 v _079487_/Y (NOR2x2_ASAP7_75t_R)
  19.26  148.95 ^ _079488_/Y (NAND2x1_ASAP7_75t_R)
  29.15  178.10 ^ _079491_/Y (AO21x1_ASAP7_75t_R)
  26.24  204.34 ^ _079492_/Y (BUFx6f_ASAP7_75t_R)
  18.83  223.17 v _079758_/Y (NAND2x2_ASAP7_75t_R)
  21.66  244.83 ^ _079759_/Y (NOR2x2_ASAP7_75t_R)
  34.13  278.96 ^ _079760_/Y (BUFx4f_ASAP7_75t_R)
  30.38  309.34 ^ _098198_/Y (BUFx4f_ASAP7_75t_R)
  21.73  331.07 ^ _098282_/Y (OR3x1_ASAP7_75t_R)
  29.00  360.07 ^ _098283_/Y (BUFx3_ASAP7_75t_R)
  33.80  393.87 ^ _098284_/Y (BUFx3_ASAP7_75t_R)
  12.75  406.62 v _098287_/Y (NAND2x1_ASAP7_75t_R)
  23.22  429.84 v _098288_/Y (OA21x2_ASAP7_75t_R)
   0.00  429.84 v _114714_/D (DFFHQNx1_ASAP7_75t_R)
         429.84   data arrival time

   0.00    0.00   clock clk (rise edge)
   0.00    0.00   clock network delay (ideal)
   0.00    0.00   clock reconvergence pessimism
           0.00 ^ _114714_/CLK (DFFHQNx1_ASAP7_75t_R)
  14.30   14.30   library hold time
          14.30   data required time
---------------------------------------------------------
          14.30   data required time
        -429.84   data arrival time
---------------------------------------------------------
         415.54   slack (MET)


Startpoint: _117206_ (rising edge-triggered flip-flop clocked by clk)
Endpoint: _114727_ (rising edge-triggered flip-flop clocked by clk)
Path Group: clk
Path Type: min

  Delay    Time   Description
---------------------------------------------------------
   0.00    0.00   clock clk (rise edge)
   0.00    0.00   clock network delay (ideal)
   0.00    0.00 ^ _117206_/CLK (DFFASRHQNx1_ASAP7_75t_R)
  96.77   96.77 ^ _117206_/QN (DFFASRHQNx1_ASAP7_75t_R)
  32.92  129.69 v _079487_/Y (NOR2x2_ASAP7_75t_R)
  19.26  148.95 ^ _079488_/Y (NAND2x1_ASAP7_75t_R)
  29.15  178.10 ^ _079491_/Y (AO21x1_ASAP7_75t_R)
  26.24  204.34 ^ _079492_/Y (BUFx6f_ASAP7_75t_R)
  18.83  223.17 v _079758_/Y (NAND2x2_ASAP7_75t_R)
  21.66  244.83 ^ _079759_/Y (NOR2x2_ASAP7_75t_R)
  34.13  278.96 ^ _079760_/Y (BUFx4f_ASAP7_75t_R)
  30.38  309.34 ^ _098198_/Y (BUFx4f_ASAP7_75t_R)
  21.73  331.07 ^ _098328_/Y (OR3x1_ASAP7_75t_R)
  29.00  360.07 ^ _098329_/Y (BUFx3_ASAP7_75t_R)
  33.80  393.87 ^ _098330_/Y (BUFx3_ASAP7_75t_R)
  12.75  406.62 v _098331_/Y (NAND2x1_ASAP7_75t_R)
  23.22  429.84 v _098332_/Y (OA21x2_ASAP7_75t_R)
   0.00  429.84 v _114727_/D (DFFHQNx1_ASAP7_75t_R)
         429.84   data arrival time

   0.00    0.00   clock clk (rise edge)
   0.00    0.00   clock network delay (ideal)
   0.00    0.00   clock reconvergence pessimism
           0.00 ^ _114727_/CLK (DFFHQNx1_ASAP7_75t_R)
  14.30   14.30   library hold time
          14.30   data required time
---------------------------------------------------------
          14.30   data required time
        -429.84   data arrival time
---------------------------------------------------------
         415.54   slack (MET)


Startpoint: _117206_ (rising edge-triggered flip-flop clocked by clk)
Endpoint: _114728_ (rising edge-triggered flip-flop clocked by clk)
Path Group: clk
Path Type: min

  Delay    Time   Description
---------------------------------------------------------
   0.00    0.00   clock clk (rise edge)
   0.00    0.00   clock network delay (ideal)
   0.00    0.00 ^ _117206_/CLK (DFFASRHQNx1_ASAP7_75t_R)
  96.77   96.77 ^ _117206_/QN (DFFASRHQNx1_ASAP7_75t_R)
  32.92  129.69 v _079487_/Y (NOR2x2_ASAP7_75t_R)
  19.26  148.95 ^ _079488_/Y (NAND2x1_ASAP7_75t_R)
  29.15  178.10 ^ _079491_/Y (AO21x1_ASAP7_75t_R)
  26.24  204.34 ^ _079492_/Y (BUFx6f_ASAP7_75t_R)
  18.83  223.17 v _079758_/Y (NAND2x2_ASAP7_75t_R)
  21.66  244.83 ^ _079759_/Y (NOR2x2_ASAP7_75t_R)
  34.13  278.96 ^ _079760_/Y (BUFx4f_ASAP7_75t_R)
  30.38  309.34 ^ _098198_/Y (BUFx4f_ASAP7_75t_R)
  21.73  331.07 ^ _098328_/Y (OR3x1_ASAP7_75t_R)
  29.00  360.07 ^ _098329_/Y (BUFx3_ASAP7_75t_R)
  33.80  393.87 ^ _098330_/Y (BUFx3_ASAP7_75t_R)
  12.75  406.62 v _098333_/Y (NAND2x1_ASAP7_75t_R)
  23.22  429.84 v _098334_/Y (OA21x2_ASAP7_75t_R)
   0.00  429.84 v _114728_/D (DFFHQNx1_ASAP7_75t_R)
         429.84   data arrival time

   0.00    0.00   clock clk (rise edge)
   0.00    0.00   clock network delay (ideal)
   0.00    0.00   clock reconvergence pessimism
           0.00 ^ _114728_/CLK (DFFHQNx1_ASAP7_75t_R)
  14.30   14.30   library hold time
          14.30   data required time
---------------------------------------------------------
          14.30   data required time
        -429.84   data arrival time
---------------------------------------------------------
         415.54   slack (MET)


Startpoint: _117206_ (rising edge-triggered flip-flop clocked by clk)
Endpoint: _114735_ (rising edge-triggered flip-flop clocked by clk)
Path Group: clk
Path Type: min

  Delay    Time   Description
---------------------------------------------------------
   0.00    0.00   clock clk (rise edge)
   0.00    0.00   clock network delay (ideal)
   0.00    0.00 ^ _117206_/CLK (DFFASRHQNx1_ASAP7_75t_R)
  96.77   96.77 ^ _117206_/QN (DFFASRHQNx1_ASAP7_75t_R)
  32.92  129.69 v _079487_/Y (NOR2x2_ASAP7_75t_R)
  19.26  148.95 ^ _079488_/Y (NAND2x1_ASAP7_75t_R)
  29.15  178.10 ^ _079491_/Y (AO21x1_ASAP7_75t_R)
  26.24  204.34 ^ _079492_/Y (BUFx6f_ASAP7_75t_R)
  18.83  223.17 v _079758_/Y (NAND2x2_ASAP7_75t_R)
  21.66  244.83 ^ _079759_/Y (NOR2x2_ASAP7_75t_R)
  34.13  278.96 ^ _079760_/Y (BUFx4f_ASAP7_75t_R)
  30.38  309.34 ^ _098198_/Y (BUFx4f_ASAP7_75t_R)
  21.73  331.07 ^ _098347_/Y (OR3x1_ASAP7_75t_R)
  29.00  360.07 ^ _098348_/Y (BUFx3_ASAP7_75t_R)
  33.80  393.87 ^ _098349_/Y (BUFx3_ASAP7_75t_R)
  12.75  406.62 v _098350_/Y (NAND2x1_ASAP7_75t_R)
  23.22  429.84 v _098351_/Y (OA21x2_ASAP7_75t_R)
   0.00  429.84 v _114735_/D (DFFHQNx1_ASAP7_75t_R)
         429.84   data arrival time

   0.00    0.00   clock clk (rise edge)
   0.00    0.00   clock network delay (ideal)
   0.00    0.00   clock reconvergence pessimism
           0.00 ^ _114735_/CLK (DFFHQNx1_ASAP7_75t_R)
  14.30   14.30   library hold time
          14.30   data required time
---------------------------------------------------------
          14.30   data required time
        -429.84   data arrival time
---------------------------------------------------------
         415.54   slack (MET)


Startpoint: _117206_ (rising edge-triggered flip-flop clocked by clk)
Endpoint: _114736_ (rising edge-triggered flip-flop clocked by clk)
Path Group: clk
Path Type: min

  Delay    Time   Description
---------------------------------------------------------
   0.00    0.00   clock clk (rise edge)
   0.00    0.00   clock network delay (ideal)
   0.00    0.00 ^ _117206_/CLK (DFFASRHQNx1_ASAP7_75t_R)
  96.77   96.77 ^ _117206_/QN (DFFASRHQNx1_ASAP7_75t_R)
  32.92  129.69 v _079487_/Y (NOR2x2_ASAP7_75t_R)
  19.26  148.95 ^ _079488_/Y (NAND2x1_ASAP7_75t_R)
  29.15  178.10 ^ _079491_/Y (AO21x1_ASAP7_75t_R)
  26.24  204.34 ^ _079492_/Y (BUFx6f_ASAP7_75t_R)
  18.83  223.17 v _079758_/Y (NAND2x2_ASAP7_75t_R)
  21.66  244.83 ^ _079759_/Y (NOR2x2_ASAP7_75t_R)
  34.13  278.96 ^ _079760_/Y (BUFx4f_ASAP7_75t_R)
  30.38  309.34 ^ _098198_/Y (BUFx4f_ASAP7_75t_R)
  21.73  331.07 ^ _098347_/Y (OR3x1_ASAP7_75t_R)
  29.00  360.07 ^ _098348_/Y (BUFx3_ASAP7_75t_R)
  33.80  393.87 ^ _098349_/Y (BUFx3_ASAP7_75t_R)
  12.75  406.62 v _098352_/Y (NAND2x1_ASAP7_75t_R)
  23.22  429.84 v _098353_/Y (OA21x2_ASAP7_75t_R)
   0.00  429.84 v _114736_/D (DFFHQNx1_ASAP7_75t_R)
         429.84   data arrival time

   0.00    0.00   clock clk (rise edge)
   0.00    0.00   clock network delay (ideal)
   0.00    0.00   clock reconvergence pessimism
           0.00 ^ _114736_/CLK (DFFHQNx1_ASAP7_75t_R)
  14.30   14.30   library hold time
          14.30   data required time
---------------------------------------------------------
          14.30   data required time
        -429.84   data arrival time
---------------------------------------------------------
         415.54   slack (MET)


Startpoint: _117206_ (rising edge-triggered flip-flop clocked by clk)
Endpoint: _114743_ (rising edge-triggered flip-flop clocked by clk)
Path Group: clk
Path Type: min

  Delay    Time   Description
---------------------------------------------------------
   0.00    0.00   clock clk (rise edge)
   0.00    0.00   clock network delay (ideal)
   0.00    0.00 ^ _117206_/CLK (DFFASRHQNx1_ASAP7_75t_R)
  96.77   96.77 ^ _117206_/QN (DFFASRHQNx1_ASAP7_75t_R)
  32.92  129.69 v _079487_/Y (NOR2x2_ASAP7_75t_R)
  19.26  148.95 ^ _079488_/Y (NAND2x1_ASAP7_75t_R)
  29.15  178.10 ^ _079491_/Y (AO21x1_ASAP7_75t_R)
  26.24  204.34 ^ _079492_/Y (BUFx6f_ASAP7_75t_R)
  18.83  223.17 v _079758_/Y (NAND2x2_ASAP7_75t_R)
  21.66  244.83 ^ _079759_/Y (NOR2x2_ASAP7_75t_R)
  34.13  278.96 ^ _079760_/Y (BUFx4f_ASAP7_75t_R)
  30.38  309.34 ^ _098198_/Y (BUFx4f_ASAP7_75t_R)
  21.73  331.07 ^ _098366_/Y (OR3x1_ASAP7_75t_R)
  29.00  360.07 ^ _098367_/Y (BUFx3_ASAP7_75t_R)
  33.80  393.87 ^ _098368_/Y (BUFx3_ASAP7_75t_R)
  12.75  406.62 v _098369_/Y (NAND2x1_ASAP7_75t_R)
  23.22  429.84 v _098370_/Y (OA21x2_ASAP7_75t_R)
   0.00  429.84 v _114743_/D (DFFHQNx1_ASAP7_75t_R)
         429.84   data arrival time

   0.00    0.00   clock clk (rise edge)
   0.00    0.00   clock network delay (ideal)
   0.00    0.00   clock reconvergence pessimism
           0.00 ^ _114743_/CLK (DFFHQNx1_ASAP7_75t_R)
  14.30   14.30   library hold time
          14.30   data required time
---------------------------------------------------------
          14.30   data required time
        -429.84   data arrival time
---------------------------------------------------------
         415.54   slack (MET)


Startpoint: _117206_ (rising edge-triggered flip-flop clocked by clk)
Endpoint: _114744_ (rising edge-triggered flip-flop clocked by clk)
Path Group: clk
Path Type: min

  Delay    Time   Description
---------------------------------------------------------
   0.00    0.00   clock clk (rise edge)
   0.00    0.00   clock network delay (ideal)
   0.00    0.00 ^ _117206_/CLK (DFFASRHQNx1_ASAP7_75t_R)
  96.77   96.77 ^ _117206_/QN (DFFASRHQNx1_ASAP7_75t_R)
  32.92  129.69 v _079487_/Y (NOR2x2_ASAP7_75t_R)
  19.26  148.95 ^ _079488_/Y (NAND2x1_ASAP7_75t_R)
  29.15  178.10 ^ _079491_/Y (AO21x1_ASAP7_75t_R)
  26.24  204.34 ^ _079492_/Y (BUFx6f_ASAP7_75t_R)
  18.83  223.17 v _079758_/Y (NAND2x2_ASAP7_75t_R)
  21.66  244.83 ^ _079759_/Y (NOR2x2_ASAP7_75t_R)
  34.13  278.96 ^ _079760_/Y (BUFx4f_ASAP7_75t_R)
  30.38  309.34 ^ _098198_/Y (BUFx4f_ASAP7_75t_R)
  21.73  331.07 ^ _098366_/Y (OR3x1_ASAP7_75t_R)
  29.00  360.07 ^ _098367_/Y (BUFx3_ASAP7_75t_R)
  33.80  393.87 ^ _098368_/Y (BUFx3_ASAP7_75t_R)
  12.75  406.62 v _098371_/Y (NAND2x1_ASAP7_75t_R)
  23.22  429.84 v _098372_/Y (OA21x2_ASAP7_75t_R)
   0.00  429.84 v _114744_/D (DFFHQNx1_ASAP7_75t_R)
         429.84   data arrival time

   0.00    0.00   clock clk (rise edge)
   0.00    0.00   clock network delay (ideal)
   0.00    0.00   clock reconvergence pessimism
           0.00 ^ _114744_/CLK (DFFHQNx1_ASAP7_75t_R)
  14.30   14.30   library hold time
          14.30   data required time
---------------------------------------------------------
          14.30   data required time
        -429.84   data arrival time
---------------------------------------------------------
         415.54   slack (MET)


Startpoint: _117206_ (rising edge-triggered flip-flop clocked by clk)
Endpoint: _114751_ (rising edge-triggered flip-flop clocked by clk)
Path Group: clk
Path Type: min

  Delay    Time   Description
---------------------------------------------------------
   0.00    0.00   clock clk (rise edge)
   0.00    0.00   clock network delay (ideal)
   0.00    0.00 ^ _117206_/CLK (DFFASRHQNx1_ASAP7_75t_R)
  96.77   96.77 ^ _117206_/QN (DFFASRHQNx1_ASAP7_75t_R)
  32.92  129.69 v _079487_/Y (NOR2x2_ASAP7_75t_R)
  19.26  148.95 ^ _079488_/Y (NAND2x1_ASAP7_75t_R)
  29.15  178.10 ^ _079491_/Y (AO21x1_ASAP7_75t_R)
  26.24  204.34 ^ _079492_/Y (BUFx6f_ASAP7_75t_R)
  18.83  223.17 v _079758_/Y (NAND2x2_ASAP7_75t_R)
  21.66  244.83 ^ _079759_/Y (NOR2x2_ASAP7_75t_R)
  34.13  278.96 ^ _079760_/Y (BUFx4f_ASAP7_75t_R)
  30.38  309.34 ^ _098198_/Y (BUFx4f_ASAP7_75t_R)
  21.73  331.07 ^ _098386_/Y (OR3x1_ASAP7_75t_R)
  29.00  360.07 ^ _098387_/Y (BUFx3_ASAP7_75t_R)
  33.80  393.87 ^ _098388_/Y (BUFx3_ASAP7_75t_R)
  12.75  406.62 v _098389_/Y (NAND2x1_ASAP7_75t_R)
  23.22  429.84 v _098390_/Y (OA21x2_ASAP7_75t_R)
   0.00  429.84 v _114751_/D (DFFHQNx1_ASAP7_75t_R)
         429.84   data arrival time

   0.00    0.00   clock clk (rise edge)
   0.00    0.00   clock network delay (ideal)
   0.00    0.00   clock reconvergence pessimism
           0.00 ^ _114751_/CLK (DFFHQNx1_ASAP7_75t_R)
  14.30   14.30   library hold time
          14.30   data required time
---------------------------------------------------------
          14.30   data required time
        -429.84   data arrival time
---------------------------------------------------------
         415.54   slack (MET)


Startpoint: _117206_ (rising edge-triggered flip-flop clocked by clk)
Endpoint: _114752_ (rising edge-triggered flip-flop clocked by clk)
Path Group: clk
Path Type: min

  Delay    Time   Description
---------------------------------------------------------
   0.00    0.00   clock clk (rise edge)
   0.00    0.00   clock network delay (ideal)
   0.00    0.00 ^ _117206_/CLK (DFFASRHQNx1_ASAP7_75t_R)
  96.77   96.77 ^ _117206_/QN (DFFASRHQNx1_ASAP7_75t_R)
  32.92  129.69 v _079487_/Y (NOR2x2_ASAP7_75t_R)
  19.26  148.95 ^ _079488_/Y (NAND2x1_ASAP7_75t_R)
  29.15  178.10 ^ _079491_/Y (AO21x1_ASAP7_75t_R)
  26.24  204.34 ^ _079492_/Y (BUFx6f_ASAP7_75t_R)
  18.83  223.17 v _079758_/Y (NAND2x2_ASAP7_75t_R)
  21.66  244.83 ^ _079759_/Y (NOR2x2_ASAP7_75t_R)
  34.13  278.96 ^ _079760_/Y (BUFx4f_ASAP7_75t_R)
  30.38  309.34 ^ _098198_/Y (BUFx4f_ASAP7_75t_R)
  21.73  331.07 ^ _098386_/Y (OR3x1_ASAP7_75t_R)
  29.00  360.07 ^ _098387_/Y (BUFx3_ASAP7_75t_R)
  33.80  393.87 ^ _098388_/Y (BUFx3_ASAP7_75t_R)
  12.75  406.62 v _098391_/Y (NAND2x1_ASAP7_75t_R)
  23.22  429.84 v _098392_/Y (OA21x2_ASAP7_75t_R)
   0.00  429.84 v _114752_/D (DFFHQNx1_ASAP7_75t_R)
         429.84   data arrival time

   0.00    0.00   clock clk (rise edge)
   0.00    0.00   clock network delay (ideal)
   0.00    0.00   clock reconvergence pessimism
           0.00 ^ _114752_/CLK (DFFHQNx1_ASAP7_75t_R)
  14.30   14.30   library hold time
          14.30   data required time
---------------------------------------------------------
          14.30   data required time
        -429.84   data arrival time
---------------------------------------------------------
         415.54   slack (MET)


Startpoint: _117206_ (rising edge-triggered flip-flop clocked by clk)
Endpoint: _114814_ (rising edge-triggered flip-flop clocked by clk)
Path Group: clk
Path Type: min

  Delay    Time   Description
---------------------------------------------------------
   0.00    0.00   clock clk (rise edge)
   0.00    0.00   clock network delay (ideal)
   0.00    0.00 ^ _117206_/CLK (DFFASRHQNx1_ASAP7_75t_R)
  96.77   96.77 ^ _117206_/QN (DFFASRHQNx1_ASAP7_75t_R)
  32.92  129.69 v _079487_/Y (NOR2x2_ASAP7_75t_R)
  19.26  148.95 ^ _079488_/Y (NAND2x1_ASAP7_75t_R)
  29.15  178.10 ^ _079491_/Y (AO21x1_ASAP7_75t_R)
  26.24  204.34 ^ _079492_/Y (BUFx6f_ASAP7_75t_R)
  18.83  223.17 v _079758_/Y (NAND2x2_ASAP7_75t_R)
  21.66  244.83 ^ _079759_/Y (NOR2x2_ASAP7_75t_R)
  34.13  278.96 ^ _079760_/Y (BUFx4f_ASAP7_75t_R)
  30.38  309.34 ^ _098198_/Y (BUFx4f_ASAP7_75t_R)
  21.73  331.07 ^ _098541_/Y (OR3x1_ASAP7_75t_R)
  29.00  360.07 ^ _098542_/Y (BUFx3_ASAP7_75t_R)
  33.80  393.87 ^ _098543_/Y (BUFx3_ASAP7_75t_R)
  12.75  406.62 v _098544_/Y (NAND2x1_ASAP7_75t_R)
  23.22  429.84 v _098545_/Y (OA21x2_ASAP7_75t_R)
   0.00  429.84 v _114814_/D (DFFHQNx1_ASAP7_75t_R)
         429.84   data arrival time

   0.00    0.00   clock clk (rise edge)
   0.00    0.00   clock network delay (ideal)
   0.00    0.00   clock reconvergence pessimism
           0.00 ^ _114814_/CLK (DFFHQNx1_ASAP7_75t_R)
  14.30   14.30   library hold time
          14.30   data required time
---------------------------------------------------------
          14.30   data required time
        -429.84   data arrival time
---------------------------------------------------------
         415.54   slack (MET)


Startpoint: _117206_ (rising edge-triggered flip-flop clocked by clk)
Endpoint: _114815_ (rising edge-triggered flip-flop clocked by clk)
Path Group: clk
Path Type: min

  Delay    Time   Description
---------------------------------------------------------
   0.00    0.00   clock clk (rise edge)
   0.00    0.00   clock network delay (ideal)
   0.00    0.00 ^ _117206_/CLK (DFFASRHQNx1_ASAP7_75t_R)
  96.77   96.77 ^ _117206_/QN (DFFASRHQNx1_ASAP7_75t_R)
  32.92  129.69 v _079487_/Y (NOR2x2_ASAP7_75t_R)
  19.26  148.95 ^ _079488_/Y (NAND2x1_ASAP7_75t_R)
  29.15  178.10 ^ _079491_/Y (AO21x1_ASAP7_75t_R)
  26.24  204.34 ^ _079492_/Y (BUFx6f_ASAP7_75t_R)
  18.83  223.17 v _079758_/Y (NAND2x2_ASAP7_75t_R)
  21.66  244.83 ^ _079759_/Y (NOR2x2_ASAP7_75t_R)
  34.13  278.96 ^ _079760_/Y (BUFx4f_ASAP7_75t_R)
  30.38  309.34 ^ _098198_/Y (BUFx4f_ASAP7_75t_R)
  21.73  331.07 ^ _098541_/Y (OR3x1_ASAP7_75t_R)
  29.00  360.07 ^ _098542_/Y (BUFx3_ASAP7_75t_R)
  33.80  393.87 ^ _098543_/Y (BUFx3_ASAP7_75t_R)
  12.75  406.62 v _098546_/Y (NAND2x1_ASAP7_75t_R)
  23.22  429.84 v _098547_/Y (OA21x2_ASAP7_75t_R)
   0.00  429.84 v _114815_/D (DFFHQNx1_ASAP7_75t_R)
         429.84   data arrival time

   0.00    0.00   clock clk (rise edge)
   0.00    0.00   clock network delay (ideal)
   0.00    0.00   clock reconvergence pessimism
           0.00 ^ _114815_/CLK (DFFHQNx1_ASAP7_75t_R)
  14.30   14.30   library hold time
          14.30   data required time
---------------------------------------------------------
          14.30   data required time
        -429.84   data arrival time
---------------------------------------------------------
         415.54   slack (MET)


Startpoint: _117206_ (rising edge-triggered flip-flop clocked by clk)
Endpoint: _114822_ (rising edge-triggered flip-flop clocked by clk)
Path Group: clk
Path Type: min

  Delay    Time   Description
---------------------------------------------------------
   0.00    0.00   clock clk (rise edge)
   0.00    0.00   clock network delay (ideal)
   0.00    0.00 ^ _117206_/CLK (DFFASRHQNx1_ASAP7_75t_R)
  96.77   96.77 ^ _117206_/QN (DFFASRHQNx1_ASAP7_75t_R)
  32.92  129.69 v _079487_/Y (NOR2x2_ASAP7_75t_R)
  19.26  148.95 ^ _079488_/Y (NAND2x1_ASAP7_75t_R)
  29.15  178.10 ^ _079491_/Y (AO21x1_ASAP7_75t_R)
  26.24  204.34 ^ _079492_/Y (BUFx6f_ASAP7_75t_R)
  18.83  223.17 v _079758_/Y (NAND2x2_ASAP7_75t_R)
  21.66  244.83 ^ _079759_/Y (NOR2x2_ASAP7_75t_R)
  34.13  278.96 ^ _079760_/Y (BUFx4f_ASAP7_75t_R)
  30.38  309.34 ^ _098561_/Y (BUFx4f_ASAP7_75t_R)
  21.73  331.07 ^ _098562_/Y (OR3x1_ASAP7_75t_R)
  29.00  360.07 ^ _098563_/Y (BUFx3_ASAP7_75t_R)
  33.80  393.87 ^ _098564_/Y (BUFx3_ASAP7_75t_R)
  12.75  406.62 v _098565_/Y (NAND2x1_ASAP7_75t_R)
  23.22  429.84 v _098566_/Y (OA21x2_ASAP7_75t_R)
   0.00  429.84 v _114822_/D (DFFHQNx1_ASAP7_75t_R)
         429.84   data arrival time

   0.00    0.00   clock clk (rise edge)
   0.00    0.00   clock network delay (ideal)
   0.00    0.00   clock reconvergence pessimism
           0.00 ^ _114822_/CLK (DFFHQNx1_ASAP7_75t_R)
  14.30   14.30   library hold time
          14.30   data required time
---------------------------------------------------------
          14.30   data required time
        -429.84   data arrival time
---------------------------------------------------------
         415.54   slack (MET)


Startpoint: _117206_ (rising edge-triggered flip-flop clocked by clk)
Endpoint: _114823_ (rising edge-triggered flip-flop clocked by clk)
Path Group: clk
Path Type: min

  Delay    Time   Description
---------------------------------------------------------
   0.00    0.00   clock clk (rise edge)
   0.00    0.00   clock network delay (ideal)
   0.00    0.00 ^ _117206_/CLK (DFFASRHQNx1_ASAP7_75t_R)
  96.77   96.77 ^ _117206_/QN (DFFASRHQNx1_ASAP7_75t_R)
  32.92  129.69 v _079487_/Y (NOR2x2_ASAP7_75t_R)
  19.26  148.95 ^ _079488_/Y (NAND2x1_ASAP7_75t_R)
  29.15  178.10 ^ _079491_/Y (AO21x1_ASAP7_75t_R)
  26.24  204.34 ^ _079492_/Y (BUFx6f_ASAP7_75t_R)
  18.83  223.17 v _079758_/Y (NAND2x2_ASAP7_75t_R)
  21.66  244.83 ^ _079759_/Y (NOR2x2_ASAP7_75t_R)
  34.13  278.96 ^ _079760_/Y (BUFx4f_ASAP7_75t_R)
  30.38  309.34 ^ _098561_/Y (BUFx4f_ASAP7_75t_R)
  21.73  331.07 ^ _098562_/Y (OR3x1_ASAP7_75t_R)
  29.00  360.07 ^ _098563_/Y (BUFx3_ASAP7_75t_R)
  33.80  393.87 ^ _098564_/Y (BUFx3_ASAP7_75t_R)
  12.75  406.62 v _098568_/Y (NAND2x1_ASAP7_75t_R)
  23.22  429.84 v _098569_/Y (OA21x2_ASAP7_75t_R)
   0.00  429.84 v _114823_/D (DFFHQNx1_ASAP7_75t_R)
         429.84   data arrival time

   0.00    0.00   clock clk (rise edge)
   0.00    0.00   clock network delay (ideal)
   0.00    0.00   clock reconvergence pessimism
           0.00 ^ _114823_/CLK (DFFHQNx1_ASAP7_75t_R)
  14.30   14.30   library hold time
          14.30   data required time
---------------------------------------------------------
          14.30   data required time
        -429.84   data arrival time
---------------------------------------------------------
         415.54   slack (MET)


Startpoint: _117206_ (rising edge-triggered flip-flop clocked by clk)
Endpoint: _114830_ (rising edge-triggered flip-flop clocked by clk)
Path Group: clk
Path Type: min

  Delay    Time   Description
---------------------------------------------------------
   0.00    0.00   clock clk (rise edge)
   0.00    0.00   clock network delay (ideal)
   0.00    0.00 ^ _117206_/CLK (DFFASRHQNx1_ASAP7_75t_R)
  96.77   96.77 ^ _117206_/QN (DFFASRHQNx1_ASAP7_75t_R)
  32.92  129.69 v _079487_/Y (NOR2x2_ASAP7_75t_R)
  19.26  148.95 ^ _079488_/Y (NAND2x1_ASAP7_75t_R)
  29.15  178.10 ^ _079491_/Y (AO21x1_ASAP7_75t_R)
  26.24  204.34 ^ _079492_/Y (BUFx6f_ASAP7_75t_R)
  18.83  223.17 v _079758_/Y (NAND2x2_ASAP7_75t_R)
  21.66  244.83 ^ _079759_/Y (NOR2x2_ASAP7_75t_R)
  34.13  278.96 ^ _079760_/Y (BUFx4f_ASAP7_75t_R)
  30.38  309.34 ^ _098561_/Y (BUFx4f_ASAP7_75t_R)
  21.73  331.07 ^ _098589_/Y (OR3x1_ASAP7_75t_R)
  29.00  360.07 ^ _098590_/Y (BUFx3_ASAP7_75t_R)
  33.80  393.87 ^ _098591_/Y (BUFx3_ASAP7_75t_R)
  12.75  406.62 v _098592_/Y (NAND2x1_ASAP7_75t_R)
  23.22  429.84 v _098593_/Y (OA21x2_ASAP7_75t_R)
   0.00  429.84 v _114830_/D (DFFHQNx1_ASAP7_75t_R)
         429.84   data arrival time

   0.00    0.00   clock clk (rise edge)
   0.00    0.00   clock network delay (ideal)
   0.00    0.00   clock reconvergence pessimism
           0.00 ^ _114830_/CLK (DFFHQNx1_ASAP7_75t_R)
  14.30   14.30   library hold time
          14.30   data required time
---------------------------------------------------------
          14.30   data required time
        -429.84   data arrival time
---------------------------------------------------------
         415.54   slack (MET)


Startpoint: _117206_ (rising edge-triggered flip-flop clocked by clk)
Endpoint: _114831_ (rising edge-triggered flip-flop clocked by clk)
Path Group: clk
Path Type: min

  Delay    Time   Description
---------------------------------------------------------
   0.00    0.00   clock clk (rise edge)
   0.00    0.00   clock network delay (ideal)
   0.00    0.00 ^ _117206_/CLK (DFFASRHQNx1_ASAP7_75t_R)
  96.77   96.77 ^ _117206_/QN (DFFASRHQNx1_ASAP7_75t_R)
  32.92  129.69 v _079487_/Y (NOR2x2_ASAP7_75t_R)
  19.26  148.95 ^ _079488_/Y (NAND2x1_ASAP7_75t_R)
  29.15  178.10 ^ _079491_/Y (AO21x1_ASAP7_75t_R)
  26.24  204.34 ^ _079492_/Y (BUFx6f_ASAP7_75t_R)
  18.83  223.17 v _079758_/Y (NAND2x2_ASAP7_75t_R)
  21.66  244.83 ^ _079759_/Y (NOR2x2_ASAP7_75t_R)
  34.13  278.96 ^ _079760_/Y (BUFx4f_ASAP7_75t_R)
  30.38  309.34 ^ _098561_/Y (BUFx4f_ASAP7_75t_R)
  21.73  331.07 ^ _098589_/Y (OR3x1_ASAP7_75t_R)
  29.00  360.07 ^ _098590_/Y (BUFx3_ASAP7_75t_R)
  33.80  393.87 ^ _098591_/Y (BUFx3_ASAP7_75t_R)
  12.75  406.62 v _098594_/Y (NAND2x1_ASAP7_75t_R)
  23.22  429.84 v _098595_/Y (OA21x2_ASAP7_75t_R)
   0.00  429.84 v _114831_/D (DFFHQNx1_ASAP7_75t_R)
         429.84   data arrival time

   0.00    0.00   clock clk (rise edge)
   0.00    0.00   clock network delay (ideal)
   0.00    0.00   clock reconvergence pessimism
           0.00 ^ _114831_/CLK (DFFHQNx1_ASAP7_75t_R)
  14.30   14.30   library hold time
          14.30   data required time
---------------------------------------------------------
          14.30   data required time
        -429.84   data arrival time
---------------------------------------------------------
         415.54   slack (MET)


Startpoint: _117206_ (rising edge-triggered flip-flop clocked by clk)
Endpoint: _114838_ (rising edge-triggered flip-flop clocked by clk)
Path Group: clk
Path Type: min

  Delay    Time   Description
---------------------------------------------------------
   0.00    0.00   clock clk (rise edge)
   0.00    0.00   clock network delay (ideal)
   0.00    0.00 ^ _117206_/CLK (DFFASRHQNx1_ASAP7_75t_R)
  96.77   96.77 ^ _117206_/QN (DFFASRHQNx1_ASAP7_75t_R)
  32.92  129.69 v _079487_/Y (NOR2x2_ASAP7_75t_R)
  19.26  148.95 ^ _079488_/Y (NAND2x1_ASAP7_75t_R)
  29.15  178.10 ^ _079491_/Y (AO21x1_ASAP7_75t_R)
  26.24  204.34 ^ _079492_/Y (BUFx6f_ASAP7_75t_R)
  18.83  223.17 v _079758_/Y (NAND2x2_ASAP7_75t_R)
  21.66  244.83 ^ _079759_/Y (NOR2x2_ASAP7_75t_R)
  34.13  278.96 ^ _079760_/Y (BUFx4f_ASAP7_75t_R)
  30.38  309.34 ^ _098561_/Y (BUFx4f_ASAP7_75t_R)
  21.73  331.07 ^ _098608_/Y (OR3x1_ASAP7_75t_R)
  29.00  360.07 ^ _098609_/Y (BUFx3_ASAP7_75t_R)
  33.80  393.87 ^ _098610_/Y (BUFx3_ASAP7_75t_R)
  12.75  406.62 v _098611_/Y (NAND2x1_ASAP7_75t_R)
  23.22  429.84 v _098612_/Y (OA21x2_ASAP7_75t_R)
   0.00  429.84 v _114838_/D (DFFHQNx1_ASAP7_75t_R)
         429.84   data arrival time

   0.00    0.00   clock clk (rise edge)
   0.00    0.00   clock network delay (ideal)
   0.00    0.00   clock reconvergence pessimism
           0.00 ^ _114838_/CLK (DFFHQNx1_ASAP7_75t_R)
  14.30   14.30   library hold time
          14.30   data required time
---------------------------------------------------------
          14.30   data required time
        -429.84   data arrival time
---------------------------------------------------------
         415.54   slack (MET)


Startpoint: _117206_ (rising edge-triggered flip-flop clocked by clk)
Endpoint: _114839_ (rising edge-triggered flip-flop clocked by clk)
Path Group: clk
Path Type: min

  Delay    Time   Description
---------------------------------------------------------
   0.00    0.00   clock clk (rise edge)
   0.00    0.00   clock network delay (ideal)
   0.00    0.00 ^ _117206_/CLK (DFFASRHQNx1_ASAP7_75t_R)
  96.77   96.77 ^ _117206_/QN (DFFASRHQNx1_ASAP7_75t_R)
  32.92  129.69 v _079487_/Y (NOR2x2_ASAP7_75t_R)
  19.26  148.95 ^ _079488_/Y (NAND2x1_ASAP7_75t_R)
  29.15  178.10 ^ _079491_/Y (AO21x1_ASAP7_75t_R)
  26.24  204.34 ^ _079492_/Y (BUFx6f_ASAP7_75t_R)
  18.83  223.17 v _079758_/Y (NAND2x2_ASAP7_75t_R)
  21.66  244.83 ^ _079759_/Y (NOR2x2_ASAP7_75t_R)
  34.13  278.96 ^ _079760_/Y (BUFx4f_ASAP7_75t_R)
  30.38  309.34 ^ _098561_/Y (BUFx4f_ASAP7_75t_R)
  21.73  331.07 ^ _098608_/Y (OR3x1_ASAP7_75t_R)
  29.00  360.07 ^ _098609_/Y (BUFx3_ASAP7_75t_R)
  33.80  393.87 ^ _098610_/Y (BUFx3_ASAP7_75t_R)
  12.75  406.62 v _098613_/Y (NAND2x1_ASAP7_75t_R)
  23.22  429.84 v _098614_/Y (OA21x2_ASAP7_75t_R)
   0.00  429.84 v _114839_/D (DFFHQNx1_ASAP7_75t_R)
         429.84   data arrival time

   0.00    0.00   clock clk (rise edge)
   0.00    0.00   clock network delay (ideal)
   0.00    0.00   clock reconvergence pessimism
           0.00 ^ _114839_/CLK (DFFHQNx1_ASAP7_75t_R)
  14.30   14.30   library hold time
          14.30   data required time
---------------------------------------------------------
          14.30   data required time
        -429.84   data arrival time
---------------------------------------------------------
         415.54   slack (MET)


Startpoint: _117206_ (rising edge-triggered flip-flop clocked by clk)
Endpoint: _114846_ (rising edge-triggered flip-flop clocked by clk)
Path Group: clk
Path Type: min

  Delay    Time   Description
---------------------------------------------------------
   0.00    0.00   clock clk (rise edge)
   0.00    0.00   clock network delay (ideal)
   0.00    0.00 ^ _117206_/CLK (DFFASRHQNx1_ASAP7_75t_R)
  96.77   96.77 ^ _117206_/QN (DFFASRHQNx1_ASAP7_75t_R)
  32.92  129.69 v _079487_/Y (NOR2x2_ASAP7_75t_R)
  19.26  148.95 ^ _079488_/Y (NAND2x1_ASAP7_75t_R)
  29.15  178.10 ^ _079491_/Y (AO21x1_ASAP7_75t_R)
  26.24  204.34 ^ _079492_/Y (BUFx6f_ASAP7_75t_R)
  18.83  223.17 v _079758_/Y (NAND2x2_ASAP7_75t_R)
  21.66  244.83 ^ _079759_/Y (NOR2x2_ASAP7_75t_R)
  34.13  278.96 ^ _079760_/Y (BUFx4f_ASAP7_75t_R)
  30.38  309.34 ^ _098561_/Y (BUFx4f_ASAP7_75t_R)
  21.73  331.07 ^ _098627_/Y (OR3x1_ASAP7_75t_R)
  29.00  360.07 ^ _098628_/Y (BUFx3_ASAP7_75t_R)
  33.80  393.87 ^ _098629_/Y (BUFx3_ASAP7_75t_R)
  12.75  406.62 v _098630_/Y (NAND2x1_ASAP7_75t_R)
  23.22  429.84 v _098631_/Y (OA21x2_ASAP7_75t_R)
   0.00  429.84 v _114846_/D (DFFHQNx1_ASAP7_75t_R)
         429.84   data arrival time

   0.00    0.00   clock clk (rise edge)
   0.00    0.00   clock network delay (ideal)
   0.00    0.00   clock reconvergence pessimism
           0.00 ^ _114846_/CLK (DFFHQNx1_ASAP7_75t_R)
  14.30   14.30   library hold time
          14.30   data required time
---------------------------------------------------------
          14.30   data required time
        -429.84   data arrival time
---------------------------------------------------------
         415.54   slack (MET)


Startpoint: _117206_ (rising edge-triggered flip-flop clocked by clk)
Endpoint: _114847_ (rising edge-triggered flip-flop clocked by clk)
Path Group: clk
Path Type: min

  Delay    Time   Description
---------------------------------------------------------
   0.00    0.00   clock clk (rise edge)
   0.00    0.00   clock network delay (ideal)
   0.00    0.00 ^ _117206_/CLK (DFFASRHQNx1_ASAP7_75t_R)
  96.77   96.77 ^ _117206_/QN (DFFASRHQNx1_ASAP7_75t_R)
  32.92  129.69 v _079487_/Y (NOR2x2_ASAP7_75t_R)
  19.26  148.95 ^ _079488_/Y (NAND2x1_ASAP7_75t_R)
  29.15  178.10 ^ _079491_/Y (AO21x1_ASAP7_75t_R)
  26.24  204.34 ^ _079492_/Y (BUFx6f_ASAP7_75t_R)
  18.83  223.17 v _079758_/Y (NAND2x2_ASAP7_75t_R)
  21.66  244.83 ^ _079759_/Y (NOR2x2_ASAP7_75t_R)
  34.13  278.96 ^ _079760_/Y (BUFx4f_ASAP7_75t_R)
  30.38  309.34 ^ _098561_/Y (BUFx4f_ASAP7_75t_R)
  21.73  331.07 ^ _098627_/Y (OR3x1_ASAP7_75t_R)
  29.00  360.07 ^ _098628_/Y (BUFx3_ASAP7_75t_R)
  33.80  393.87 ^ _098629_/Y (BUFx3_ASAP7_75t_R)
  12.75  406.62 v _098632_/Y (NAND2x1_ASAP7_75t_R)
  23.22  429.84 v _098633_/Y (OA21x2_ASAP7_75t_R)
   0.00  429.84 v _114847_/D (DFFHQNx1_ASAP7_75t_R)
         429.84   data arrival time

   0.00    0.00   clock clk (rise edge)
   0.00    0.00   clock network delay (ideal)
   0.00    0.00   clock reconvergence pessimism
           0.00 ^ _114847_/CLK (DFFHQNx1_ASAP7_75t_R)
  14.30   14.30   library hold time
          14.30   data required time
---------------------------------------------------------
          14.30   data required time
        -429.84   data arrival time
---------------------------------------------------------
         415.54   slack (MET)


Startpoint: _117206_ (rising edge-triggered flip-flop clocked by clk)
Endpoint: _114854_ (rising edge-triggered flip-flop clocked by clk)
Path Group: clk
Path Type: min

  Delay    Time   Description
---------------------------------------------------------
   0.00    0.00   clock clk (rise edge)
   0.00    0.00   clock network delay (ideal)
   0.00    0.00 ^ _117206_/CLK (DFFASRHQNx1_ASAP7_75t_R)
  96.77   96.77 ^ _117206_/QN (DFFASRHQNx1_ASAP7_75t_R)
  32.92  129.69 v _079487_/Y (NOR2x2_ASAP7_75t_R)
  19.26  148.95 ^ _079488_/Y (NAND2x1_ASAP7_75t_R)
  29.15  178.10 ^ _079491_/Y (AO21x1_ASAP7_75t_R)
  26.24  204.34 ^ _079492_/Y (BUFx6f_ASAP7_75t_R)
  18.83  223.17 v _079758_/Y (NAND2x2_ASAP7_75t_R)
  21.66  244.83 ^ _079759_/Y (NOR2x2_ASAP7_75t_R)
  34.13  278.96 ^ _079760_/Y (BUFx4f_ASAP7_75t_R)
  30.38  309.34 ^ _098561_/Y (BUFx4f_ASAP7_75t_R)
  21.73  331.07 ^ _098646_/Y (OR3x1_ASAP7_75t_R)
  29.00  360.07 ^ _098647_/Y (BUFx3_ASAP7_75t_R)
  33.80  393.87 ^ _098648_/Y (BUFx3_ASAP7_75t_R)
  12.75  406.62 v _098649_/Y (NAND2x1_ASAP7_75t_R)
  23.22  429.84 v _098650_/Y (OA21x2_ASAP7_75t_R)
   0.00  429.84 v _114854_/D (DFFHQNx1_ASAP7_75t_R)
         429.84   data arrival time

   0.00    0.00   clock clk (rise edge)
   0.00    0.00   clock network delay (ideal)
   0.00    0.00   clock reconvergence pessimism
           0.00 ^ _114854_/CLK (DFFHQNx1_ASAP7_75t_R)
  14.30   14.30   library hold time
          14.30   data required time
---------------------------------------------------------
          14.30   data required time
        -429.84   data arrival time
---------------------------------------------------------
         415.54   slack (MET)


Startpoint: _117206_ (rising edge-triggered flip-flop clocked by clk)
Endpoint: _114855_ (rising edge-triggered flip-flop clocked by clk)
Path Group: clk
Path Type: min

  Delay    Time   Description
---------------------------------------------------------
   0.00    0.00   clock clk (rise edge)
   0.00    0.00   clock network delay (ideal)
   0.00    0.00 ^ _117206_/CLK (DFFASRHQNx1_ASAP7_75t_R)
  96.77   96.77 ^ _117206_/QN (DFFASRHQNx1_ASAP7_75t_R)
  32.92  129.69 v _079487_/Y (NOR2x2_ASAP7_75t_R)
  19.26  148.95 ^ _079488_/Y (NAND2x1_ASAP7_75t_R)
  29.15  178.10 ^ _079491_/Y (AO21x1_ASAP7_75t_R)
  26.24  204.34 ^ _079492_/Y (BUFx6f_ASAP7_75t_R)
  18.83  223.17 v _079758_/Y (NAND2x2_ASAP7_75t_R)
  21.66  244.83 ^ _079759_/Y (NOR2x2_ASAP7_75t_R)
  34.13  278.96 ^ _079760_/Y (BUFx4f_ASAP7_75t_R)
  30.38  309.34 ^ _098561_/Y (BUFx4f_ASAP7_75t_R)
  21.73  331.07 ^ _098646_/Y (OR3x1_ASAP7_75t_R)
  29.00  360.07 ^ _098647_/Y (BUFx3_ASAP7_75t_R)
  33.80  393.87 ^ _098648_/Y (BUFx3_ASAP7_75t_R)
  12.75  406.62 v _098651_/Y (NAND2x1_ASAP7_75t_R)
  23.22  429.84 v _098652_/Y (OA21x2_ASAP7_75t_R)
   0.00  429.84 v _114855_/D (DFFHQNx1_ASAP7_75t_R)
         429.84   data arrival time

   0.00    0.00   clock clk (rise edge)
   0.00    0.00   clock network delay (ideal)
   0.00    0.00   clock reconvergence pessimism
           0.00 ^ _114855_/CLK (DFFHQNx1_ASAP7_75t_R)
  14.30   14.30   library hold time
          14.30   data required time
---------------------------------------------------------
          14.30   data required time
        -429.84   data arrival time
---------------------------------------------------------
         415.54   slack (MET)


Startpoint: _117206_ (rising edge-triggered flip-flop clocked by clk)
Endpoint: _114862_ (rising edge-triggered flip-flop clocked by clk)
Path Group: clk
Path Type: min

  Delay    Time   Description
---------------------------------------------------------
   0.00    0.00   clock clk (rise edge)
   0.00    0.00   clock network delay (ideal)
   0.00    0.00 ^ _117206_/CLK (DFFASRHQNx1_ASAP7_75t_R)
  96.77   96.77 ^ _117206_/QN (DFFASRHQNx1_ASAP7_75t_R)
  32.92  129.69 v _079487_/Y (NOR2x2_ASAP7_75t_R)
  19.26  148.95 ^ _079488_/Y (NAND2x1_ASAP7_75t_R)
  29.15  178.10 ^ _079491_/Y (AO21x1_ASAP7_75t_R)
  26.24  204.34 ^ _079492_/Y (BUFx6f_ASAP7_75t_R)
  18.83  223.17 v _079758_/Y (NAND2x2_ASAP7_75t_R)
  21.66  244.83 ^ _079759_/Y (NOR2x2_ASAP7_75t_R)
  34.13  278.96 ^ _079760_/Y (BUFx4f_ASAP7_75t_R)
  30.38  309.34 ^ _098561_/Y (BUFx4f_ASAP7_75t_R)
  21.73  331.07 ^ _098666_/Y (OR3x1_ASAP7_75t_R)
  29.00  360.07 ^ _098667_/Y (BUFx3_ASAP7_75t_R)
  33.80  393.87 ^ _098668_/Y (BUFx3_ASAP7_75t_R)
  12.75  406.62 v _098669_/Y (NAND2x1_ASAP7_75t_R)
  23.22  429.84 v _098670_/Y (OA21x2_ASAP7_75t_R)
   0.00  429.84 v _114862_/D (DFFHQNx1_ASAP7_75t_R)
         429.84   data arrival time

   0.00    0.00   clock clk (rise edge)
   0.00    0.00   clock network delay (ideal)
   0.00    0.00   clock reconvergence pessimism
           0.00 ^ _114862_/CLK (DFFHQNx1_ASAP7_75t_R)
  14.30   14.30   library hold time
          14.30   data required time
---------------------------------------------------------
          14.30   data required time
        -429.84   data arrival time
---------------------------------------------------------
         415.54   slack (MET)


Startpoint: _117206_ (rising edge-triggered flip-flop clocked by clk)
Endpoint: _114863_ (rising edge-triggered flip-flop clocked by clk)
Path Group: clk
Path Type: min

  Delay    Time   Description
---------------------------------------------------------
   0.00    0.00   clock clk (rise edge)
   0.00    0.00   clock network delay (ideal)
   0.00    0.00 ^ _117206_/CLK (DFFASRHQNx1_ASAP7_75t_R)
  96.77   96.77 ^ _117206_/QN (DFFASRHQNx1_ASAP7_75t_R)
  32.92  129.69 v _079487_/Y (NOR2x2_ASAP7_75t_R)
  19.26  148.95 ^ _079488_/Y (NAND2x1_ASAP7_75t_R)
  29.15  178.10 ^ _079491_/Y (AO21x1_ASAP7_75t_R)
  26.24  204.34 ^ _079492_/Y (BUFx6f_ASAP7_75t_R)
  18.83  223.17 v _079758_/Y (NAND2x2_ASAP7_75t_R)
  21.66  244.83 ^ _079759_/Y (NOR2x2_ASAP7_75t_R)
  34.13  278.96 ^ _079760_/Y (BUFx4f_ASAP7_75t_R)
  30.38  309.34 ^ _098561_/Y (BUFx4f_ASAP7_75t_R)
  21.73  331.07 ^ _098666_/Y (OR3x1_ASAP7_75t_R)
  29.00  360.07 ^ _098667_/Y (BUFx3_ASAP7_75t_R)
  33.80  393.87 ^ _098668_/Y (BUFx3_ASAP7_75t_R)
  12.75  406.62 v _098671_/Y (NAND2x1_ASAP7_75t_R)
  23.22  429.84 v _098672_/Y (OA21x2_ASAP7_75t_R)
   0.00  429.84 v _114863_/D (DFFHQNx1_ASAP7_75t_R)
         429.84   data arrival time

   0.00    0.00   clock clk (rise edge)
   0.00    0.00   clock network delay (ideal)
   0.00    0.00   clock reconvergence pessimism
           0.00 ^ _114863_/CLK (DFFHQNx1_ASAP7_75t_R)
  14.30   14.30   library hold time
          14.30   data required time
---------------------------------------------------------
          14.30   data required time
        -429.84   data arrival time
---------------------------------------------------------
         415.54   slack (MET)


Startpoint: _117206_ (rising edge-triggered flip-flop clocked by clk)
Endpoint: _114870_ (rising edge-triggered flip-flop clocked by clk)
Path Group: clk
Path Type: min

  Delay    Time   Description
---------------------------------------------------------
   0.00    0.00   clock clk (rise edge)
   0.00    0.00   clock network delay (ideal)
   0.00    0.00 ^ _117206_/CLK (DFFASRHQNx1_ASAP7_75t_R)
  96.77   96.77 ^ _117206_/QN (DFFASRHQNx1_ASAP7_75t_R)
  32.92  129.69 v _079487_/Y (NOR2x2_ASAP7_75t_R)
  19.26  148.95 ^ _079488_/Y (NAND2x1_ASAP7_75t_R)
  29.15  178.10 ^ _079491_/Y (AO21x1_ASAP7_75t_R)
  26.24  204.34 ^ _079492_/Y (BUFx6f_ASAP7_75t_R)
  18.83  223.17 v _079758_/Y (NAND2x2_ASAP7_75t_R)
  21.66  244.83 ^ _079759_/Y (NOR2x2_ASAP7_75t_R)
  34.13  278.96 ^ _079760_/Y (BUFx4f_ASAP7_75t_R)
  30.38  309.34 ^ _098561_/Y (BUFx4f_ASAP7_75t_R)
  21.73  331.07 ^ _098685_/Y (OR3x1_ASAP7_75t_R)
  29.00  360.07 ^ _098686_/Y (BUFx3_ASAP7_75t_R)
  33.80  393.87 ^ _098687_/Y (BUFx3_ASAP7_75t_R)
  12.75  406.62 v _098688_/Y (NAND2x1_ASAP7_75t_R)
  23.22  429.84 v _098689_/Y (OA21x2_ASAP7_75t_R)
   0.00  429.84 v _114870_/D (DFFHQNx1_ASAP7_75t_R)
         429.84   data arrival time

   0.00    0.00   clock clk (rise edge)
   0.00    0.00   clock network delay (ideal)
   0.00    0.00   clock reconvergence pessimism
           0.00 ^ _114870_/CLK (DFFHQNx1_ASAP7_75t_R)
  14.30   14.30   library hold time
          14.30   data required time
---------------------------------------------------------
          14.30   data required time
        -429.84   data arrival time
---------------------------------------------------------
         415.54   slack (MET)


Startpoint: _117206_ (rising edge-triggered flip-flop clocked by clk)
Endpoint: _114871_ (rising edge-triggered flip-flop clocked by clk)
Path Group: clk
Path Type: min

  Delay    Time   Description
---------------------------------------------------------
   0.00    0.00   clock clk (rise edge)
   0.00    0.00   clock network delay (ideal)
   0.00    0.00 ^ _117206_/CLK (DFFASRHQNx1_ASAP7_75t_R)
  96.77   96.77 ^ _117206_/QN (DFFASRHQNx1_ASAP7_75t_R)
  32.92  129.69 v _079487_/Y (NOR2x2_ASAP7_75t_R)
  19.26  148.95 ^ _079488_/Y (NAND2x1_ASAP7_75t_R)
  29.15  178.10 ^ _079491_/Y (AO21x1_ASAP7_75t_R)
  26.24  204.34 ^ _079492_/Y (BUFx6f_ASAP7_75t_R)
  18.83  223.17 v _079758_/Y (NAND2x2_ASAP7_75t_R)
  21.66  244.83 ^ _079759_/Y (NOR2x2_ASAP7_75t_R)
  34.13  278.96 ^ _079760_/Y (BUFx4f_ASAP7_75t_R)
  30.38  309.34 ^ _098561_/Y (BUFx4f_ASAP7_75t_R)
  21.73  331.07 ^ _098685_/Y (OR3x1_ASAP7_75t_R)
  29.00  360.07 ^ _098686_/Y (BUFx3_ASAP7_75t_R)
  33.80  393.87 ^ _098687_/Y (BUFx3_ASAP7_75t_R)
  12.75  406.62 v _098690_/Y (NAND2x1_ASAP7_75t_R)
  23.22  429.84 v _098691_/Y (OA21x2_ASAP7_75t_R)
   0.00  429.84 v _114871_/D (DFFHQNx1_ASAP7_75t_R)
         429.84   data arrival time

   0.00    0.00   clock clk (rise edge)
   0.00    0.00   clock network delay (ideal)
   0.00    0.00   clock reconvergence pessimism
           0.00 ^ _114871_/CLK (DFFHQNx1_ASAP7_75t_R)
  14.30   14.30   library hold time
          14.30   data required time
---------------------------------------------------------
          14.30   data required time
        -429.84   data arrival time
---------------------------------------------------------
         415.54   slack (MET)


Startpoint: _117206_ (rising edge-triggered flip-flop clocked by clk)
Endpoint: _114878_ (rising edge-triggered flip-flop clocked by clk)
Path Group: clk
Path Type: min

  Delay    Time   Description
---------------------------------------------------------
   0.00    0.00   clock clk (rise edge)
   0.00    0.00   clock network delay (ideal)
   0.00    0.00 ^ _117206_/CLK (DFFASRHQNx1_ASAP7_75t_R)
  96.77   96.77 ^ _117206_/QN (DFFASRHQNx1_ASAP7_75t_R)
  32.92  129.69 v _079487_/Y (NOR2x2_ASAP7_75t_R)
  19.26  148.95 ^ _079488_/Y (NAND2x1_ASAP7_75t_R)
  29.15  178.10 ^ _079491_/Y (AO21x1_ASAP7_75t_R)
  26.24  204.34 ^ _079492_/Y (BUFx6f_ASAP7_75t_R)
  18.83  223.17 v _079758_/Y (NAND2x2_ASAP7_75t_R)
  21.66  244.83 ^ _079759_/Y (NOR2x2_ASAP7_75t_R)
  34.13  278.96 ^ _079760_/Y (BUFx4f_ASAP7_75t_R)
  30.38  309.34 ^ _098561_/Y (BUFx4f_ASAP7_75t_R)
  21.73  331.07 ^ _098704_/Y (OR3x1_ASAP7_75t_R)
  29.00  360.07 ^ _098705_/Y (BUFx3_ASAP7_75t_R)
  33.80  393.87 ^ _098706_/Y (BUFx3_ASAP7_75t_R)
  12.75  406.62 v _098707_/Y (NAND2x1_ASAP7_75t_R)
  23.22  429.84 v _098708_/Y (OA21x2_ASAP7_75t_R)
   0.00  429.84 v _114878_/D (DFFHQNx1_ASAP7_75t_R)
         429.84   data arrival time

   0.00    0.00   clock clk (rise edge)
   0.00    0.00   clock network delay (ideal)
   0.00    0.00   clock reconvergence pessimism
           0.00 ^ _114878_/CLK (DFFHQNx1_ASAP7_75t_R)
  14.30   14.30   library hold time
          14.30   data required time
---------------------------------------------------------
          14.30   data required time
        -429.84   data arrival time
---------------------------------------------------------
         415.54   slack (MET)


Startpoint: _117206_ (rising edge-triggered flip-flop clocked by clk)
Endpoint: _114879_ (rising edge-triggered flip-flop clocked by clk)
Path Group: clk
Path Type: min

  Delay    Time   Description
---------------------------------------------------------
   0.00    0.00   clock clk (rise edge)
   0.00    0.00   clock network delay (ideal)
   0.00    0.00 ^ _117206_/CLK (DFFASRHQNx1_ASAP7_75t_R)
  96.77   96.77 ^ _117206_/QN (DFFASRHQNx1_ASAP7_75t_R)
  32.92  129.69 v _079487_/Y (NOR2x2_ASAP7_75t_R)
  19.26  148.95 ^ _079488_/Y (NAND2x1_ASAP7_75t_R)
  29.15  178.10 ^ _079491_/Y (AO21x1_ASAP7_75t_R)
  26.24  204.34 ^ _079492_/Y (BUFx6f_ASAP7_75t_R)
  18.83  223.17 v _079758_/Y (NAND2x2_ASAP7_75t_R)
  21.66  244.83 ^ _079759_/Y (NOR2x2_ASAP7_75t_R)
  34.13  278.96 ^ _079760_/Y (BUFx4f_ASAP7_75t_R)
  30.38  309.34 ^ _098561_/Y (BUFx4f_ASAP7_75t_R)
  21.73  331.07 ^ _098704_/Y (OR3x1_ASAP7_75t_R)
  29.00  360.07 ^ _098705_/Y (BUFx3_ASAP7_75t_R)
  33.80  393.87 ^ _098706_/Y (BUFx3_ASAP7_75t_R)
  12.75  406.62 v _098709_/Y (NAND2x1_ASAP7_75t_R)
  23.22  429.84 v _098710_/Y (OA21x2_ASAP7_75t_R)
   0.00  429.84 v _114879_/D (DFFHQNx1_ASAP7_75t_R)
         429.84   data arrival time

   0.00    0.00   clock clk (rise edge)
   0.00    0.00   clock network delay (ideal)
   0.00    0.00   clock reconvergence pessimism
           0.00 ^ _114879_/CLK (DFFHQNx1_ASAP7_75t_R)
  14.30   14.30   library hold time
          14.30   data required time
---------------------------------------------------------
          14.30   data required time
        -429.84   data arrival time
---------------------------------------------------------
         415.54   slack (MET)


Startpoint: _117206_ (rising edge-triggered flip-flop clocked by clk)
Endpoint: _114886_ (rising edge-triggered flip-flop clocked by clk)
Path Group: clk
Path Type: min

  Delay    Time   Description
---------------------------------------------------------
   0.00    0.00   clock clk (rise edge)
   0.00    0.00   clock network delay (ideal)
   0.00    0.00 ^ _117206_/CLK (DFFASRHQNx1_ASAP7_75t_R)
  96.77   96.77 ^ _117206_/QN (DFFASRHQNx1_ASAP7_75t_R)
  32.92  129.69 v _079487_/Y (NOR2x2_ASAP7_75t_R)
  19.26  148.95 ^ _079488_/Y (NAND2x1_ASAP7_75t_R)
  29.15  178.10 ^ _079491_/Y (AO21x1_ASAP7_75t_R)
  26.24  204.34 ^ _079492_/Y (BUFx6f_ASAP7_75t_R)
  18.83  223.17 v _079758_/Y (NAND2x2_ASAP7_75t_R)
  21.66  244.83 ^ _079759_/Y (NOR2x2_ASAP7_75t_R)
  34.13  278.96 ^ _079760_/Y (BUFx4f_ASAP7_75t_R)
  30.38  309.34 ^ _098561_/Y (BUFx4f_ASAP7_75t_R)
  21.73  331.07 ^ _098723_/Y (OR3x1_ASAP7_75t_R)
  29.00  360.07 ^ _098724_/Y (BUFx3_ASAP7_75t_R)
  33.80  393.87 ^ _098725_/Y (BUFx3_ASAP7_75t_R)
  12.75  406.62 v _098726_/Y (NAND2x1_ASAP7_75t_R)
  23.22  429.84 v _098727_/Y (OA21x2_ASAP7_75t_R)
   0.00  429.84 v _114886_/D (DFFHQNx1_ASAP7_75t_R)
         429.84   data arrival time

   0.00    0.00   clock clk (rise edge)
   0.00    0.00   clock network delay (ideal)
   0.00    0.00   clock reconvergence pessimism
           0.00 ^ _114886_/CLK (DFFHQNx1_ASAP7_75t_R)
  14.30   14.30   library hold time
          14.30   data required time
---------------------------------------------------------
          14.30   data required time
        -429.84   data arrival time
---------------------------------------------------------
         415.54   slack (MET)


Startpoint: _117206_ (rising edge-triggered flip-flop clocked by clk)
Endpoint: _114887_ (rising edge-triggered flip-flop clocked by clk)
Path Group: clk
Path Type: min

  Delay    Time   Description
---------------------------------------------------------
   0.00    0.00   clock clk (rise edge)
   0.00    0.00   clock network delay (ideal)
   0.00    0.00 ^ _117206_/CLK (DFFASRHQNx1_ASAP7_75t_R)
  96.77   96.77 ^ _117206_/QN (DFFASRHQNx1_ASAP7_75t_R)
  32.92  129.69 v _079487_/Y (NOR2x2_ASAP7_75t_R)
  19.26  148.95 ^ _079488_/Y (NAND2x1_ASAP7_75t_R)
  29.15  178.10 ^ _079491_/Y (AO21x1_ASAP7_75t_R)
  26.24  204.34 ^ _079492_/Y (BUFx6f_ASAP7_75t_R)
  18.83  223.17 v _079758_/Y (NAND2x2_ASAP7_75t_R)
  21.66  244.83 ^ _079759_/Y (NOR2x2_ASAP7_75t_R)
  34.13  278.96 ^ _079760_/Y (BUFx4f_ASAP7_75t_R)
  30.38  309.34 ^ _098561_/Y (BUFx4f_ASAP7_75t_R)
  21.73  331.07 ^ _098723_/Y (OR3x1_ASAP7_75t_R)
  29.00  360.07 ^ _098724_/Y (BUFx3_ASAP7_75t_R)
  33.80  393.87 ^ _098725_/Y (BUFx3_ASAP7_75t_R)
  12.75  406.62 v _098728_/Y (NAND2x1_ASAP7_75t_R)
  23.22  429.84 v _098729_/Y (OA21x2_ASAP7_75t_R)
   0.00  429.84 v _114887_/D (DFFHQNx1_ASAP7_75t_R)
         429.84   data arrival time

   0.00    0.00   clock clk (rise edge)
   0.00    0.00   clock network delay (ideal)
   0.00    0.00   clock reconvergence pessimism
           0.00 ^ _114887_/CLK (DFFHQNx1_ASAP7_75t_R)
  14.30   14.30   library hold time
          14.30   data required time
---------------------------------------------------------
          14.30   data required time
        -429.84   data arrival time
---------------------------------------------------------
         415.54   slack (MET)


Startpoint: _117206_ (rising edge-triggered flip-flop clocked by clk)
Endpoint: _114894_ (rising edge-triggered flip-flop clocked by clk)
Path Group: clk
Path Type: min

  Delay    Time   Description
---------------------------------------------------------
   0.00    0.00   clock clk (rise edge)
   0.00    0.00   clock network delay (ideal)
   0.00    0.00 ^ _117206_/CLK (DFFASRHQNx1_ASAP7_75t_R)
  96.77   96.77 ^ _117206_/QN (DFFASRHQNx1_ASAP7_75t_R)
  32.92  129.69 v _079487_/Y (NOR2x2_ASAP7_75t_R)
  19.26  148.95 ^ _079488_/Y (NAND2x1_ASAP7_75t_R)
  29.15  178.10 ^ _079491_/Y (AO21x1_ASAP7_75t_R)
  26.24  204.34 ^ _079492_/Y (BUFx6f_ASAP7_75t_R)
  18.83  223.17 v _079758_/Y (NAND2x2_ASAP7_75t_R)
  21.66  244.83 ^ _079759_/Y (NOR2x2_ASAP7_75t_R)
  34.13  278.96 ^ _079760_/Y (BUFx4f_ASAP7_75t_R)
  30.38  309.34 ^ _098561_/Y (BUFx4f_ASAP7_75t_R)
  21.73  331.07 ^ _098742_/Y (OR3x1_ASAP7_75t_R)
  29.00  360.07 ^ _098743_/Y (BUFx3_ASAP7_75t_R)
  33.80  393.87 ^ _098744_/Y (BUFx3_ASAP7_75t_R)
  12.75  406.62 v _098745_/Y (NAND2x1_ASAP7_75t_R)
  23.22  429.84 v _098746_/Y (OA21x2_ASAP7_75t_R)
   0.00  429.84 v _114894_/D (DFFHQNx1_ASAP7_75t_R)
         429.84   data arrival time

   0.00    0.00   clock clk (rise edge)
   0.00    0.00   clock network delay (ideal)
   0.00    0.00   clock reconvergence pessimism
           0.00 ^ _114894_/CLK (DFFHQNx1_ASAP7_75t_R)
  14.30   14.30   library hold time
          14.30   data required time
---------------------------------------------------------
          14.30   data required time
        -429.84   data arrival time
---------------------------------------------------------
         415.54   slack (MET)


Startpoint: _117206_ (rising edge-triggered flip-flop clocked by clk)
Endpoint: _114895_ (rising edge-triggered flip-flop clocked by clk)
Path Group: clk
Path Type: min

  Delay    Time   Description
---------------------------------------------------------
   0.00    0.00   clock clk (rise edge)
   0.00    0.00   clock network delay (ideal)
   0.00    0.00 ^ _117206_/CLK (DFFASRHQNx1_ASAP7_75t_R)
  96.77   96.77 ^ _117206_/QN (DFFASRHQNx1_ASAP7_75t_R)
  32.92  129.69 v _079487_/Y (NOR2x2_ASAP7_75t_R)
  19.26  148.95 ^ _079488_/Y (NAND2x1_ASAP7_75t_R)
  29.15  178.10 ^ _079491_/Y (AO21x1_ASAP7_75t_R)
  26.24  204.34 ^ _079492_/Y (BUFx6f_ASAP7_75t_R)
  18.83  223.17 v _079758_/Y (NAND2x2_ASAP7_75t_R)
  21.66  244.83 ^ _079759_/Y (NOR2x2_ASAP7_75t_R)
  34.13  278.96 ^ _079760_/Y (BUFx4f_ASAP7_75t_R)
  30.38  309.34 ^ _098561_/Y (BUFx4f_ASAP7_75t_R)
  21.73  331.07 ^ _098742_/Y (OR3x1_ASAP7_75t_R)
  29.00  360.07 ^ _098743_/Y (BUFx3_ASAP7_75t_R)
  33.80  393.87 ^ _098744_/Y (BUFx3_ASAP7_75t_R)
  12.75  406.62 v _098747_/Y (NAND2x1_ASAP7_75t_R)
  23.22  429.84 v _098748_/Y (OA21x2_ASAP7_75t_R)
   0.00  429.84 v _114895_/D (DFFHQNx1_ASAP7_75t_R)
         429.84   data arrival time

   0.00    0.00   clock clk (rise edge)
   0.00    0.00   clock network delay (ideal)
   0.00    0.00   clock reconvergence pessimism
           0.00 ^ _114895_/CLK (DFFHQNx1_ASAP7_75t_R)
  14.30   14.30   library hold time
          14.30   data required time
---------------------------------------------------------
          14.30   data required time
        -429.84   data arrival time
---------------------------------------------------------
         415.54   slack (MET)


Startpoint: _117206_ (rising edge-triggered flip-flop clocked by clk)
Endpoint: _114902_ (rising edge-triggered flip-flop clocked by clk)
Path Group: clk
Path Type: min

  Delay    Time   Description
---------------------------------------------------------
   0.00    0.00   clock clk (rise edge)
   0.00    0.00   clock network delay (ideal)
   0.00    0.00 ^ _117206_/CLK (DFFASRHQNx1_ASAP7_75t_R)
  96.77   96.77 ^ _117206_/QN (DFFASRHQNx1_ASAP7_75t_R)
  32.92  129.69 v _079487_/Y (NOR2x2_ASAP7_75t_R)
  19.26  148.95 ^ _079488_/Y (NAND2x1_ASAP7_75t_R)
  29.15  178.10 ^ _079491_/Y (AO21x1_ASAP7_75t_R)
  26.24  204.34 ^ _079492_/Y (BUFx6f_ASAP7_75t_R)
  18.83  223.17 v _079758_/Y (NAND2x2_ASAP7_75t_R)
  21.66  244.83 ^ _079759_/Y (NOR2x2_ASAP7_75t_R)
  39.71  284.54 ^ _098763_/Y (BUFx4f_ASAP7_75t_R)
  34.13  318.67 ^ _098764_/Y (BUFx4f_ASAP7_75t_R)
  21.87  340.53 ^ _098765_/Y (OR3x1_ASAP7_75t_R)
  29.93  370.47 ^ _098766_/Y (BUFx3_ASAP7_75t_R)
  28.73  399.19 ^ _098767_/Y (BUFx6f_ASAP7_75t_R)
  10.79  409.99 v _098768_/Y (NAND2x1_ASAP7_75t_R)
  22.78  432.77 v _098769_/Y (OA21x2_ASAP7_75t_R)
   0.00  432.77 v _114902_/D (DFFHQNx1_ASAP7_75t_R)
         432.77   data arrival time

   0.00    0.00   clock clk (rise edge)
   0.00    0.00   clock network delay (ideal)
   0.00    0.00   clock reconvergence pessimism
           0.00 ^ _114902_/CLK (DFFHQNx1_ASAP7_75t_R)
  14.30   14.30   library hold time
          14.30   data required time
---------------------------------------------------------
          14.30   data required time
        -432.77   data arrival time
---------------------------------------------------------
         418.47   slack (MET)


Startpoint: _117206_ (rising edge-triggered flip-flop clocked by clk)
Endpoint: _114903_ (rising edge-triggered flip-flop clocked by clk)
Path Group: clk
Path Type: min

  Delay    Time   Description
---------------------------------------------------------
   0.00    0.00   clock clk (rise edge)
   0.00    0.00   clock network delay (ideal)
   0.00    0.00 ^ _117206_/CLK (DFFASRHQNx1_ASAP7_75t_R)
  96.77   96.77 ^ _117206_/QN (DFFASRHQNx1_ASAP7_75t_R)
  32.92  129.69 v _079487_/Y (NOR2x2_ASAP7_75t_R)
  19.26  148.95 ^ _079488_/Y (NAND2x1_ASAP7_75t_R)
  29.15  178.10 ^ _079491_/Y (AO21x1_ASAP7_75t_R)
  26.24  204.34 ^ _079492_/Y (BUFx6f_ASAP7_75t_R)
  18.83  223.17 v _079758_/Y (NAND2x2_ASAP7_75t_R)
  21.66  244.83 ^ _079759_/Y (NOR2x2_ASAP7_75t_R)
  39.71  284.54 ^ _098763_/Y (BUFx4f_ASAP7_75t_R)
  34.13  318.67 ^ _098764_/Y (BUFx4f_ASAP7_75t_R)
  21.87  340.53 ^ _098765_/Y (OR3x1_ASAP7_75t_R)
  29.93  370.47 ^ _098766_/Y (BUFx3_ASAP7_75t_R)
  28.73  399.19 ^ _098767_/Y (BUFx6f_ASAP7_75t_R)
  10.79  409.99 v _098772_/Y (NAND2x1_ASAP7_75t_R)
  22.78  432.77 v _098773_/Y (OA21x2_ASAP7_75t_R)
   0.00  432.77 v _114903_/D (DFFHQNx1_ASAP7_75t_R)
         432.77   data arrival time

   0.00    0.00   clock clk (rise edge)
   0.00    0.00   clock network delay (ideal)
   0.00    0.00   clock reconvergence pessimism
           0.00 ^ _114903_/CLK (DFFHQNx1_ASAP7_75t_R)
  14.30   14.30   library hold time
          14.30   data required time
---------------------------------------------------------
          14.30   data required time
        -432.77   data arrival time
---------------------------------------------------------
         418.47   slack (MET)


Startpoint: _117206_ (rising edge-triggered flip-flop clocked by clk)
Endpoint: _114910_ (rising edge-triggered flip-flop clocked by clk)
Path Group: clk
Path Type: min

  Delay    Time   Description
---------------------------------------------------------
   0.00    0.00   clock clk (rise edge)
   0.00    0.00   clock network delay (ideal)
   0.00    0.00 ^ _117206_/CLK (DFFASRHQNx1_ASAP7_75t_R)
  96.77   96.77 ^ _117206_/QN (DFFASRHQNx1_ASAP7_75t_R)
  32.92  129.69 v _079487_/Y (NOR2x2_ASAP7_75t_R)
  19.26  148.95 ^ _079488_/Y (NAND2x1_ASAP7_75t_R)
  29.15  178.10 ^ _079491_/Y (AO21x1_ASAP7_75t_R)
  26.24  204.34 ^ _079492_/Y (BUFx6f_ASAP7_75t_R)
  18.83  223.17 v _079758_/Y (NAND2x2_ASAP7_75t_R)
  21.66  244.83 ^ _079759_/Y (NOR2x2_ASAP7_75t_R)
  39.71  284.54 ^ _098763_/Y (BUFx4f_ASAP7_75t_R)
  34.13  318.67 ^ _098764_/Y (BUFx4f_ASAP7_75t_R)
  21.87  340.53 ^ _098797_/Y (OR3x1_ASAP7_75t_R)
  29.93  370.47 ^ _098798_/Y (BUFx3_ASAP7_75t_R)
  28.73  399.19 ^ _098799_/Y (BUFx6f_ASAP7_75t_R)
  10.79  409.99 v _098800_/Y (NAND2x1_ASAP7_75t_R)
  22.78  432.77 v _098801_/Y (OA21x2_ASAP7_75t_R)
   0.00  432.77 v _114910_/D (DFFHQNx1_ASAP7_75t_R)
         432.77   data arrival time

   0.00    0.00   clock clk (rise edge)
   0.00    0.00   clock network delay (ideal)
   0.00    0.00   clock reconvergence pessimism
           0.00 ^ _114910_/CLK (DFFHQNx1_ASAP7_75t_R)
  14.30   14.30   library hold time
          14.30   data required time
---------------------------------------------------------
          14.30   data required time
        -432.77   data arrival time
---------------------------------------------------------
         418.47   slack (MET)


Startpoint: _117206_ (rising edge-triggered flip-flop clocked by clk)
Endpoint: _114911_ (rising edge-triggered flip-flop clocked by clk)
Path Group: clk
Path Type: min

  Delay    Time   Description
---------------------------------------------------------
   0.00    0.00   clock clk (rise edge)
   0.00    0.00   clock network delay (ideal)
   0.00    0.00 ^ _117206_/CLK (DFFASRHQNx1_ASAP7_75t_R)
  96.77   96.77 ^ _117206_/QN (DFFASRHQNx1_ASAP7_75t_R)
  32.92  129.69 v _079487_/Y (NOR2x2_ASAP7_75t_R)
  19.26  148.95 ^ _079488_/Y (NAND2x1_ASAP7_75t_R)
  29.15  178.10 ^ _079491_/Y (AO21x1_ASAP7_75t_R)
  26.24  204.34 ^ _079492_/Y (BUFx6f_ASAP7_75t_R)
  18.83  223.17 v _079758_/Y (NAND2x2_ASAP7_75t_R)
  21.66  244.83 ^ _079759_/Y (NOR2x2_ASAP7_75t_R)
  39.71  284.54 ^ _098763_/Y (BUFx4f_ASAP7_75t_R)
  34.13  318.67 ^ _098764_/Y (BUFx4f_ASAP7_75t_R)
  21.87  340.53 ^ _098797_/Y (OR3x1_ASAP7_75t_R)
  29.93  370.47 ^ _098798_/Y (BUFx3_ASAP7_75t_R)
  28.73  399.19 ^ _098799_/Y (BUFx6f_ASAP7_75t_R)
  10.79  409.99 v _098802_/Y (NAND2x1_ASAP7_75t_R)
  22.78  432.77 v _098803_/Y (OA21x2_ASAP7_75t_R)
   0.00  432.77 v _114911_/D (DFFHQNx1_ASAP7_75t_R)
         432.77   data arrival time

   0.00    0.00   clock clk (rise edge)
   0.00    0.00   clock network delay (ideal)
   0.00    0.00   clock reconvergence pessimism
           0.00 ^ _114911_/CLK (DFFHQNx1_ASAP7_75t_R)
  14.30   14.30   library hold time
          14.30   data required time
---------------------------------------------------------
          14.30   data required time
        -432.77   data arrival time
---------------------------------------------------------
         418.47   slack (MET)


Startpoint: _117206_ (rising edge-triggered flip-flop clocked by clk)
Endpoint: _114918_ (rising edge-triggered flip-flop clocked by clk)
Path Group: clk
Path Type: min

  Delay    Time   Description
---------------------------------------------------------
   0.00    0.00   clock clk (rise edge)
   0.00    0.00   clock network delay (ideal)
   0.00    0.00 ^ _117206_/CLK (DFFASRHQNx1_ASAP7_75t_R)
  96.77   96.77 ^ _117206_/QN (DFFASRHQNx1_ASAP7_75t_R)
  32.92  129.69 v _079487_/Y (NOR2x2_ASAP7_75t_R)
  19.26  148.95 ^ _079488_/Y (NAND2x1_ASAP7_75t_R)
  29.15  178.10 ^ _079491_/Y (AO21x1_ASAP7_75t_R)
  26.24  204.34 ^ _079492_/Y (BUFx6f_ASAP7_75t_R)
  18.83  223.17 v _079758_/Y (NAND2x2_ASAP7_75t_R)
  21.66  244.83 ^ _079759_/Y (NOR2x2_ASAP7_75t_R)
  39.71  284.54 ^ _098763_/Y (BUFx4f_ASAP7_75t_R)
  34.13  318.67 ^ _098764_/Y (BUFx4f_ASAP7_75t_R)
  21.87  340.53 ^ _098816_/Y (OR3x1_ASAP7_75t_R)
  29.93  370.47 ^ _098817_/Y (BUFx3_ASAP7_75t_R)
  28.73  399.19 ^ _098818_/Y (BUFx6f_ASAP7_75t_R)
  10.79  409.99 v _098819_/Y (NAND2x1_ASAP7_75t_R)
  22.78  432.77 v _098820_/Y (OA21x2_ASAP7_75t_R)
   0.00  432.77 v _114918_/D (DFFHQNx1_ASAP7_75t_R)
         432.77   data arrival time

   0.00    0.00   clock clk (rise edge)
   0.00    0.00   clock network delay (ideal)
   0.00    0.00   clock reconvergence pessimism
           0.00 ^ _114918_/CLK (DFFHQNx1_ASAP7_75t_R)
  14.30   14.30   library hold time
          14.30   data required time
---------------------------------------------------------
          14.30   data required time
        -432.77   data arrival time
---------------------------------------------------------
         418.47   slack (MET)


Startpoint: _117206_ (rising edge-triggered flip-flop clocked by clk)
Endpoint: _114919_ (rising edge-triggered flip-flop clocked by clk)
Path Group: clk
Path Type: min

  Delay    Time   Description
---------------------------------------------------------
   0.00    0.00   clock clk (rise edge)
   0.00    0.00   clock network delay (ideal)
   0.00    0.00 ^ _117206_/CLK (DFFASRHQNx1_ASAP7_75t_R)
  96.77   96.77 ^ _117206_/QN (DFFASRHQNx1_ASAP7_75t_R)
  32.92  129.69 v _079487_/Y (NOR2x2_ASAP7_75t_R)
  19.26  148.95 ^ _079488_/Y (NAND2x1_ASAP7_75t_R)
  29.15  178.10 ^ _079491_/Y (AO21x1_ASAP7_75t_R)
  26.24  204.34 ^ _079492_/Y (BUFx6f_ASAP7_75t_R)
  18.83  223.17 v _079758_/Y (NAND2x2_ASAP7_75t_R)
  21.66  244.83 ^ _079759_/Y (NOR2x2_ASAP7_75t_R)
  39.71  284.54 ^ _098763_/Y (BUFx4f_ASAP7_75t_R)
  34.13  318.67 ^ _098764_/Y (BUFx4f_ASAP7_75t_R)
  21.87  340.53 ^ _098816_/Y (OR3x1_ASAP7_75t_R)
  29.93  370.47 ^ _098817_/Y (BUFx3_ASAP7_75t_R)
  28.73  399.19 ^ _098818_/Y (BUFx6f_ASAP7_75t_R)
  10.79  409.99 v _098821_/Y (NAND2x1_ASAP7_75t_R)
  22.78  432.77 v _098822_/Y (OA21x2_ASAP7_75t_R)
   0.00  432.77 v _114919_/D (DFFHQNx1_ASAP7_75t_R)
         432.77   data arrival time

   0.00    0.00   clock clk (rise edge)
   0.00    0.00   clock network delay (ideal)
   0.00    0.00   clock reconvergence pessimism
           0.00 ^ _114919_/CLK (DFFHQNx1_ASAP7_75t_R)
  14.30   14.30   library hold time
          14.30   data required time
---------------------------------------------------------
          14.30   data required time
        -432.77   data arrival time
---------------------------------------------------------
         418.47   slack (MET)


Startpoint: _117206_ (rising edge-triggered flip-flop clocked by clk)
Endpoint: _114926_ (rising edge-triggered flip-flop clocked by clk)
Path Group: clk
Path Type: min

  Delay    Time   Description
---------------------------------------------------------
   0.00    0.00   clock clk (rise edge)
   0.00    0.00   clock network delay (ideal)
   0.00    0.00 ^ _117206_/CLK (DFFASRHQNx1_ASAP7_75t_R)
  96.77   96.77 ^ _117206_/QN (DFFASRHQNx1_ASAP7_75t_R)
  32.92  129.69 v _079487_/Y (NOR2x2_ASAP7_75t_R)
  19.26  148.95 ^ _079488_/Y (NAND2x1_ASAP7_75t_R)
  29.15  178.10 ^ _079491_/Y (AO21x1_ASAP7_75t_R)
  26.24  204.34 ^ _079492_/Y (BUFx6f_ASAP7_75t_R)
  18.83  223.17 v _079758_/Y (NAND2x2_ASAP7_75t_R)
  21.66  244.83 ^ _079759_/Y (NOR2x2_ASAP7_75t_R)
  39.71  284.54 ^ _098763_/Y (BUFx4f_ASAP7_75t_R)
  34.13  318.67 ^ _098764_/Y (BUFx4f_ASAP7_75t_R)
  21.87  340.53 ^ _098835_/Y (OR3x1_ASAP7_75t_R)
  29.93  370.47 ^ _098836_/Y (BUFx3_ASAP7_75t_R)
  28.73  399.19 ^ _098837_/Y (BUFx6f_ASAP7_75t_R)
  10.79  409.99 v _098838_/Y (NAND2x1_ASAP7_75t_R)
  22.78  432.77 v _098839_/Y (OA21x2_ASAP7_75t_R)
   0.00  432.77 v _114926_/D (DFFHQNx1_ASAP7_75t_R)
         432.77   data arrival time

   0.00    0.00   clock clk (rise edge)
   0.00    0.00   clock network delay (ideal)
   0.00    0.00   clock reconvergence pessimism
           0.00 ^ _114926_/CLK (DFFHQNx1_ASAP7_75t_R)
  14.30   14.30   library hold time
          14.30   data required time
---------------------------------------------------------
          14.30   data required time
        -432.77   data arrival time
---------------------------------------------------------
         418.47   slack (MET)


Startpoint: _117206_ (rising edge-triggered flip-flop clocked by clk)
Endpoint: _114927_ (rising edge-triggered flip-flop clocked by clk)
Path Group: clk
Path Type: min

  Delay    Time   Description
---------------------------------------------------------
   0.00    0.00   clock clk (rise edge)
   0.00    0.00   clock network delay (ideal)
   0.00    0.00 ^ _117206_/CLK (DFFASRHQNx1_ASAP7_75t_R)
  96.77   96.77 ^ _117206_/QN (DFFASRHQNx1_ASAP7_75t_R)
  32.92  129.69 v _079487_/Y (NOR2x2_ASAP7_75t_R)
  19.26  148.95 ^ _079488_/Y (NAND2x1_ASAP7_75t_R)
  29.15  178.10 ^ _079491_/Y (AO21x1_ASAP7_75t_R)
  26.24  204.34 ^ _079492_/Y (BUFx6f_ASAP7_75t_R)
  18.83  223.17 v _079758_/Y (NAND2x2_ASAP7_75t_R)
  21.66  244.83 ^ _079759_/Y (NOR2x2_ASAP7_75t_R)
  39.71  284.54 ^ _098763_/Y (BUFx4f_ASAP7_75t_R)
  34.13  318.67 ^ _098764_/Y (BUFx4f_ASAP7_75t_R)
  21.87  340.53 ^ _098835_/Y (OR3x1_ASAP7_75t_R)
  29.93  370.47 ^ _098836_/Y (BUFx3_ASAP7_75t_R)
  28.73  399.19 ^ _098837_/Y (BUFx6f_ASAP7_75t_R)
  10.79  409.99 v _098840_/Y (NAND2x1_ASAP7_75t_R)
  22.78  432.77 v _098841_/Y (OA21x2_ASAP7_75t_R)
   0.00  432.77 v _114927_/D (DFFHQNx1_ASAP7_75t_R)
         432.77   data arrival time

   0.00    0.00   clock clk (rise edge)
   0.00    0.00   clock network delay (ideal)
   0.00    0.00   clock reconvergence pessimism
           0.00 ^ _114927_/CLK (DFFHQNx1_ASAP7_75t_R)
  14.30   14.30   library hold time
          14.30   data required time
---------------------------------------------------------
          14.30   data required time
        -432.77   data arrival time
---------------------------------------------------------
         418.47   slack (MET)


Startpoint: _117206_ (rising edge-triggered flip-flop clocked by clk)
Endpoint: _114934_ (rising edge-triggered flip-flop clocked by clk)
Path Group: clk
Path Type: min

  Delay    Time   Description
---------------------------------------------------------
   0.00    0.00   clock clk (rise edge)
   0.00    0.00   clock network delay (ideal)
   0.00    0.00 ^ _117206_/CLK (DFFASRHQNx1_ASAP7_75t_R)
  96.77   96.77 ^ _117206_/QN (DFFASRHQNx1_ASAP7_75t_R)
  32.92  129.69 v _079487_/Y (NOR2x2_ASAP7_75t_R)
  19.26  148.95 ^ _079488_/Y (NAND2x1_ASAP7_75t_R)
  29.15  178.10 ^ _079491_/Y (AO21x1_ASAP7_75t_R)
  26.24  204.34 ^ _079492_/Y (BUFx6f_ASAP7_75t_R)
  18.83  223.17 v _079758_/Y (NAND2x2_ASAP7_75t_R)
  21.66  244.83 ^ _079759_/Y (NOR2x2_ASAP7_75t_R)
  39.71  284.54 ^ _098763_/Y (BUFx4f_ASAP7_75t_R)
  34.13  318.67 ^ _098764_/Y (BUFx4f_ASAP7_75t_R)
  21.87  340.53 ^ _098854_/Y (OR3x1_ASAP7_75t_R)
  29.93  370.47 ^ _098855_/Y (BUFx3_ASAP7_75t_R)
  28.73  399.19 ^ _098856_/Y (BUFx6f_ASAP7_75t_R)
  10.79  409.99 v _098857_/Y (NAND2x1_ASAP7_75t_R)
  22.78  432.77 v _098858_/Y (OA21x2_ASAP7_75t_R)
   0.00  432.77 v _114934_/D (DFFHQNx1_ASAP7_75t_R)
         432.77   data arrival time

   0.00    0.00   clock clk (rise edge)
   0.00    0.00   clock network delay (ideal)
   0.00    0.00   clock reconvergence pessimism
           0.00 ^ _114934_/CLK (DFFHQNx1_ASAP7_75t_R)
  14.30   14.30   library hold time
          14.30   data required time
---------------------------------------------------------
          14.30   data required time
        -432.77   data arrival time
---------------------------------------------------------
         418.47   slack (MET)


Startpoint: _117206_ (rising edge-triggered flip-flop clocked by clk)
Endpoint: _114935_ (rising edge-triggered flip-flop clocked by clk)
Path Group: clk
Path Type: min

  Delay    Time   Description
---------------------------------------------------------
   0.00    0.00   clock clk (rise edge)
   0.00    0.00   clock network delay (ideal)
   0.00    0.00 ^ _117206_/CLK (DFFASRHQNx1_ASAP7_75t_R)
  96.77   96.77 ^ _117206_/QN (DFFASRHQNx1_ASAP7_75t_R)
  32.92  129.69 v _079487_/Y (NOR2x2_ASAP7_75t_R)
  19.26  148.95 ^ _079488_/Y (NAND2x1_ASAP7_75t_R)
  29.15  178.10 ^ _079491_/Y (AO21x1_ASAP7_75t_R)
  26.24  204.34 ^ _079492_/Y (BUFx6f_ASAP7_75t_R)
  18.83  223.17 v _079758_/Y (NAND2x2_ASAP7_75t_R)
  21.66  244.83 ^ _079759_/Y (NOR2x2_ASAP7_75t_R)
  39.71  284.54 ^ _098763_/Y (BUFx4f_ASAP7_75t_R)
  34.13  318.67 ^ _098764_/Y (BUFx4f_ASAP7_75t_R)
  21.87  340.53 ^ _098854_/Y (OR3x1_ASAP7_75t_R)
  29.93  370.47 ^ _098855_/Y (BUFx3_ASAP7_75t_R)
  28.73  399.19 ^ _098856_/Y (BUFx6f_ASAP7_75t_R)
  10.79  409.99 v _098859_/Y (NAND2x1_ASAP7_75t_R)
  22.78  432.77 v _098860_/Y (OA21x2_ASAP7_75t_R)
   0.00  432.77 v _114935_/D (DFFHQNx1_ASAP7_75t_R)
         432.77   data arrival time

   0.00    0.00   clock clk (rise edge)
   0.00    0.00   clock network delay (ideal)
   0.00    0.00   clock reconvergence pessimism
           0.00 ^ _114935_/CLK (DFFHQNx1_ASAP7_75t_R)
  14.30   14.30   library hold time
          14.30   data required time
---------------------------------------------------------
          14.30   data required time
        -432.77   data arrival time
---------------------------------------------------------
         418.47   slack (MET)


Startpoint: _117206_ (rising edge-triggered flip-flop clocked by clk)
Endpoint: _114942_ (rising edge-triggered flip-flop clocked by clk)
Path Group: clk
Path Type: min

  Delay    Time   Description
---------------------------------------------------------
   0.00    0.00   clock clk (rise edge)
   0.00    0.00   clock network delay (ideal)
   0.00    0.00 ^ _117206_/CLK (DFFASRHQNx1_ASAP7_75t_R)
  96.77   96.77 ^ _117206_/QN (DFFASRHQNx1_ASAP7_75t_R)
  32.92  129.69 v _079487_/Y (NOR2x2_ASAP7_75t_R)
  19.26  148.95 ^ _079488_/Y (NAND2x1_ASAP7_75t_R)
  29.15  178.10 ^ _079491_/Y (AO21x1_ASAP7_75t_R)
  26.24  204.34 ^ _079492_/Y (BUFx6f_ASAP7_75t_R)
  18.83  223.17 v _079758_/Y (NAND2x2_ASAP7_75t_R)
  21.66  244.83 ^ _079759_/Y (NOR2x2_ASAP7_75t_R)
  39.71  284.54 ^ _098763_/Y (BUFx4f_ASAP7_75t_R)
  34.13  318.67 ^ _098764_/Y (BUFx4f_ASAP7_75t_R)
  21.87  340.53 ^ _098873_/Y (OR3x1_ASAP7_75t_R)
  29.93  370.47 ^ _098874_/Y (BUFx3_ASAP7_75t_R)
  28.73  399.19 ^ _098875_/Y (BUFx6f_ASAP7_75t_R)
  10.79  409.99 v _098876_/Y (NAND2x1_ASAP7_75t_R)
  22.78  432.77 v _098877_/Y (OA21x2_ASAP7_75t_R)
   0.00  432.77 v _114942_/D (DFFHQNx1_ASAP7_75t_R)
         432.77   data arrival time

   0.00    0.00   clock clk (rise edge)
   0.00    0.00   clock network delay (ideal)
   0.00    0.00   clock reconvergence pessimism
           0.00 ^ _114942_/CLK (DFFHQNx1_ASAP7_75t_R)
  14.30   14.30   library hold time
          14.30   data required time
---------------------------------------------------------
          14.30   data required time
        -432.77   data arrival time
---------------------------------------------------------
         418.47   slack (MET)


Startpoint: _117206_ (rising edge-triggered flip-flop clocked by clk)
Endpoint: _114943_ (rising edge-triggered flip-flop clocked by clk)
Path Group: clk
Path Type: min

  Delay    Time   Description
---------------------------------------------------------
   0.00    0.00   clock clk (rise edge)
   0.00    0.00   clock network delay (ideal)
   0.00    0.00 ^ _117206_/CLK (DFFASRHQNx1_ASAP7_75t_R)
  96.77   96.77 ^ _117206_/QN (DFFASRHQNx1_ASAP7_75t_R)
  32.92  129.69 v _079487_/Y (NOR2x2_ASAP7_75t_R)
  19.26  148.95 ^ _079488_/Y (NAND2x1_ASAP7_75t_R)
  29.15  178.10 ^ _079491_/Y (AO21x1_ASAP7_75t_R)
  26.24  204.34 ^ _079492_/Y (BUFx6f_ASAP7_75t_R)
  18.83  223.17 v _079758_/Y (NAND2x2_ASAP7_75t_R)
  21.66  244.83 ^ _079759_/Y (NOR2x2_ASAP7_75t_R)
  39.71  284.54 ^ _098763_/Y (BUFx4f_ASAP7_75t_R)
  34.13  318.67 ^ _098764_/Y (BUFx4f_ASAP7_75t_R)
  21.87  340.53 ^ _098873_/Y (OR3x1_ASAP7_75t_R)
  29.93  370.47 ^ _098874_/Y (BUFx3_ASAP7_75t_R)
  28.73  399.19 ^ _098875_/Y (BUFx6f_ASAP7_75t_R)
  10.79  409.99 v _098878_/Y (NAND2x1_ASAP7_75t_R)
  22.78  432.77 v _098879_/Y (OA21x2_ASAP7_75t_R)
   0.00  432.77 v _114943_/D (DFFHQNx1_ASAP7_75t_R)
         432.77   data arrival time

   0.00    0.00   clock clk (rise edge)
   0.00    0.00   clock network delay (ideal)
   0.00    0.00   clock reconvergence pessimism
           0.00 ^ _114943_/CLK (DFFHQNx1_ASAP7_75t_R)
  14.30   14.30   library hold time
          14.30   data required time
---------------------------------------------------------
          14.30   data required time
        -432.77   data arrival time
---------------------------------------------------------
         418.47   slack (MET)


Startpoint: _117206_ (rising edge-triggered flip-flop clocked by clk)
Endpoint: _114950_ (rising edge-triggered flip-flop clocked by clk)
Path Group: clk
Path Type: min

  Delay    Time   Description
---------------------------------------------------------
   0.00    0.00   clock clk (rise edge)
   0.00    0.00   clock network delay (ideal)
   0.00    0.00 ^ _117206_/CLK (DFFASRHQNx1_ASAP7_75t_R)
  96.77   96.77 ^ _117206_/QN (DFFASRHQNx1_ASAP7_75t_R)
  32.92  129.69 v _079487_/Y (NOR2x2_ASAP7_75t_R)
  19.26  148.95 ^ _079488_/Y (NAND2x1_ASAP7_75t_R)
  29.15  178.10 ^ _079491_/Y (AO21x1_ASAP7_75t_R)
  26.24  204.34 ^ _079492_/Y (BUFx6f_ASAP7_75t_R)
  18.83  223.17 v _079758_/Y (NAND2x2_ASAP7_75t_R)
  21.66  244.83 ^ _079759_/Y (NOR2x2_ASAP7_75t_R)
  39.71  284.54 ^ _098763_/Y (BUFx4f_ASAP7_75t_R)
  34.13  318.67 ^ _098764_/Y (BUFx4f_ASAP7_75t_R)
  21.87  340.53 ^ _098892_/Y (OR3x1_ASAP7_75t_R)
  29.93  370.47 ^ _098893_/Y (BUFx3_ASAP7_75t_R)
  28.73  399.19 ^ _098894_/Y (BUFx6f_ASAP7_75t_R)
  10.79  409.99 v _098895_/Y (NAND2x1_ASAP7_75t_R)
  22.78  432.77 v _098896_/Y (OA21x2_ASAP7_75t_R)
   0.00  432.77 v _114950_/D (DFFHQNx1_ASAP7_75t_R)
         432.77   data arrival time

   0.00    0.00   clock clk (rise edge)
   0.00    0.00   clock network delay (ideal)
   0.00    0.00   clock reconvergence pessimism
           0.00 ^ _114950_/CLK (DFFHQNx1_ASAP7_75t_R)
  14.30   14.30   library hold time
          14.30   data required time
---------------------------------------------------------
          14.30   data required time
        -432.77   data arrival time
---------------------------------------------------------
         418.47   slack (MET)


Startpoint: _117206_ (rising edge-triggered flip-flop clocked by clk)
Endpoint: _114951_ (rising edge-triggered flip-flop clocked by clk)
Path Group: clk
Path Type: min

  Delay    Time   Description
---------------------------------------------------------
   0.00    0.00   clock clk (rise edge)
   0.00    0.00   clock network delay (ideal)
   0.00    0.00 ^ _117206_/CLK (DFFASRHQNx1_ASAP7_75t_R)
  96.77   96.77 ^ _117206_/QN (DFFASRHQNx1_ASAP7_75t_R)
  32.92  129.69 v _079487_/Y (NOR2x2_ASAP7_75t_R)
  19.26  148.95 ^ _079488_/Y (NAND2x1_ASAP7_75t_R)
  29.15  178.10 ^ _079491_/Y (AO21x1_ASAP7_75t_R)
  26.24  204.34 ^ _079492_/Y (BUFx6f_ASAP7_75t_R)
  18.83  223.17 v _079758_/Y (NAND2x2_ASAP7_75t_R)
  21.66  244.83 ^ _079759_/Y (NOR2x2_ASAP7_75t_R)
  39.71  284.54 ^ _098763_/Y (BUFx4f_ASAP7_75t_R)
  34.13  318.67 ^ _098764_/Y (BUFx4f_ASAP7_75t_R)
  21.87  340.53 ^ _098892_/Y (OR3x1_ASAP7_75t_R)
  29.93  370.47 ^ _098893_/Y (BUFx3_ASAP7_75t_R)
  28.73  399.19 ^ _098894_/Y (BUFx6f_ASAP7_75t_R)
  10.79  409.99 v _098897_/Y (NAND2x1_ASAP7_75t_R)
  22.78  432.77 v _098898_/Y (OA21x2_ASAP7_75t_R)
   0.00  432.77 v _114951_/D (DFFHQNx1_ASAP7_75t_R)
         432.77   data arrival time

   0.00    0.00   clock clk (rise edge)
   0.00    0.00   clock network delay (ideal)
   0.00    0.00   clock reconvergence pessimism
           0.00 ^ _114951_/CLK (DFFHQNx1_ASAP7_75t_R)
  14.30   14.30   library hold time
          14.30   data required time
---------------------------------------------------------
          14.30   data required time
        -432.77   data arrival time
---------------------------------------------------------
         418.47   slack (MET)


Startpoint: _117206_ (rising edge-triggered flip-flop clocked by clk)
Endpoint: _114958_ (rising edge-triggered flip-flop clocked by clk)
Path Group: clk
Path Type: min

  Delay    Time   Description
---------------------------------------------------------
   0.00    0.00   clock clk (rise edge)
   0.00    0.00   clock network delay (ideal)
   0.00    0.00 ^ _117206_/CLK (DFFASRHQNx1_ASAP7_75t_R)
  96.77   96.77 ^ _117206_/QN (DFFASRHQNx1_ASAP7_75t_R)
  32.92  129.69 v _079487_/Y (NOR2x2_ASAP7_75t_R)
  19.26  148.95 ^ _079488_/Y (NAND2x1_ASAP7_75t_R)
  29.15  178.10 ^ _079491_/Y (AO21x1_ASAP7_75t_R)
  26.24  204.34 ^ _079492_/Y (BUFx6f_ASAP7_75t_R)
  18.83  223.17 v _079758_/Y (NAND2x2_ASAP7_75t_R)
  21.66  244.83 ^ _079759_/Y (NOR2x2_ASAP7_75t_R)
  39.71  284.54 ^ _098763_/Y (BUFx4f_ASAP7_75t_R)
  34.13  318.67 ^ _098764_/Y (BUFx4f_ASAP7_75t_R)
  21.87  340.53 ^ _098911_/Y (OR3x1_ASAP7_75t_R)
  29.93  370.47 ^ _098912_/Y (BUFx3_ASAP7_75t_R)
  28.73  399.19 ^ _098913_/Y (BUFx6f_ASAP7_75t_R)
  10.79  409.99 v _098914_/Y (NAND2x1_ASAP7_75t_R)
  22.78  432.77 v _098915_/Y (OA21x2_ASAP7_75t_R)
   0.00  432.77 v _114958_/D (DFFHQNx1_ASAP7_75t_R)
         432.77   data arrival time

   0.00    0.00   clock clk (rise edge)
   0.00    0.00   clock network delay (ideal)
   0.00    0.00   clock reconvergence pessimism
           0.00 ^ _114958_/CLK (DFFHQNx1_ASAP7_75t_R)
  14.30   14.30   library hold time
          14.30   data required time
---------------------------------------------------------
          14.30   data required time
        -432.77   data arrival time
---------------------------------------------------------
         418.47   slack (MET)


Startpoint: _117206_ (rising edge-triggered flip-flop clocked by clk)
Endpoint: _114959_ (rising edge-triggered flip-flop clocked by clk)
Path Group: clk
Path Type: min

  Delay    Time   Description
---------------------------------------------------------
   0.00    0.00   clock clk (rise edge)
   0.00    0.00   clock network delay (ideal)
   0.00    0.00 ^ _117206_/CLK (DFFASRHQNx1_ASAP7_75t_R)
  96.77   96.77 ^ _117206_/QN (DFFASRHQNx1_ASAP7_75t_R)
  32.92  129.69 v _079487_/Y (NOR2x2_ASAP7_75t_R)
  19.26  148.95 ^ _079488_/Y (NAND2x1_ASAP7_75t_R)
  29.15  178.10 ^ _079491_/Y (AO21x1_ASAP7_75t_R)
  26.24  204.34 ^ _079492_/Y (BUFx6f_ASAP7_75t_R)
  18.83  223.17 v _079758_/Y (NAND2x2_ASAP7_75t_R)
  21.66  244.83 ^ _079759_/Y (NOR2x2_ASAP7_75t_R)
  39.71  284.54 ^ _098763_/Y (BUFx4f_ASAP7_75t_R)
  34.13  318.67 ^ _098764_/Y (BUFx4f_ASAP7_75t_R)
  21.87  340.53 ^ _098911_/Y (OR3x1_ASAP7_75t_R)
  29.93  370.47 ^ _098912_/Y (BUFx3_ASAP7_75t_R)
  28.73  399.19 ^ _098913_/Y (BUFx6f_ASAP7_75t_R)
  10.79  409.99 v _098916_/Y (NAND2x1_ASAP7_75t_R)
  22.78  432.77 v _098917_/Y (OA21x2_ASAP7_75t_R)
   0.00  432.77 v _114959_/D (DFFHQNx1_ASAP7_75t_R)
         432.77   data arrival time

   0.00    0.00   clock clk (rise edge)
   0.00    0.00   clock network delay (ideal)
   0.00    0.00   clock reconvergence pessimism
           0.00 ^ _114959_/CLK (DFFHQNx1_ASAP7_75t_R)
  14.30   14.30   library hold time
          14.30   data required time
---------------------------------------------------------
          14.30   data required time
        -432.77   data arrival time
---------------------------------------------------------
         418.47   slack (MET)


Startpoint: _117206_ (rising edge-triggered flip-flop clocked by clk)
Endpoint: _114966_ (rising edge-triggered flip-flop clocked by clk)
Path Group: clk
Path Type: min

  Delay    Time   Description
---------------------------------------------------------
   0.00    0.00   clock clk (rise edge)
   0.00    0.00   clock network delay (ideal)
   0.00    0.00 ^ _117206_/CLK (DFFASRHQNx1_ASAP7_75t_R)
  96.77   96.77 ^ _117206_/QN (DFFASRHQNx1_ASAP7_75t_R)
  32.92  129.69 v _079487_/Y (NOR2x2_ASAP7_75t_R)
  19.26  148.95 ^ _079488_/Y (NAND2x1_ASAP7_75t_R)
  29.15  178.10 ^ _079491_/Y (AO21x1_ASAP7_75t_R)
  26.24  204.34 ^ _079492_/Y (BUFx6f_ASAP7_75t_R)
  18.83  223.17 v _079758_/Y (NAND2x2_ASAP7_75t_R)
  21.66  244.83 ^ _079759_/Y (NOR2x2_ASAP7_75t_R)
  39.71  284.54 ^ _098763_/Y (BUFx4f_ASAP7_75t_R)
  34.13  318.67 ^ _098764_/Y (BUFx4f_ASAP7_75t_R)
  21.87  340.53 ^ _098930_/Y (OR3x1_ASAP7_75t_R)
  29.93  370.47 ^ _098931_/Y (BUFx3_ASAP7_75t_R)
  28.73  399.19 ^ _098932_/Y (BUFx6f_ASAP7_75t_R)
  10.79  409.99 v _098933_/Y (NAND2x1_ASAP7_75t_R)
  22.78  432.77 v _098934_/Y (OA21x2_ASAP7_75t_R)
   0.00  432.77 v _114966_/D (DFFHQNx1_ASAP7_75t_R)
         432.77   data arrival time

   0.00    0.00   clock clk (rise edge)
   0.00    0.00   clock network delay (ideal)
   0.00    0.00   clock reconvergence pessimism
           0.00 ^ _114966_/CLK (DFFHQNx1_ASAP7_75t_R)
  14.30   14.30   library hold time
          14.30   data required time
---------------------------------------------------------
          14.30   data required time
        -432.77   data arrival time
---------------------------------------------------------
         418.47   slack (MET)


Startpoint: _117206_ (rising edge-triggered flip-flop clocked by clk)
Endpoint: _114967_ (rising edge-triggered flip-flop clocked by clk)
Path Group: clk
Path Type: min

  Delay    Time   Description
---------------------------------------------------------
   0.00    0.00   clock clk (rise edge)
   0.00    0.00   clock network delay (ideal)
   0.00    0.00 ^ _117206_/CLK (DFFASRHQNx1_ASAP7_75t_R)
  96.77   96.77 ^ _117206_/QN (DFFASRHQNx1_ASAP7_75t_R)
  32.92  129.69 v _079487_/Y (NOR2x2_ASAP7_75t_R)
  19.26  148.95 ^ _079488_/Y (NAND2x1_ASAP7_75t_R)
  29.15  178.10 ^ _079491_/Y (AO21x1_ASAP7_75t_R)
  26.24  204.34 ^ _079492_/Y (BUFx6f_ASAP7_75t_R)
  18.83  223.17 v _079758_/Y (NAND2x2_ASAP7_75t_R)
  21.66  244.83 ^ _079759_/Y (NOR2x2_ASAP7_75t_R)
  39.71  284.54 ^ _098763_/Y (BUFx4f_ASAP7_75t_R)
  34.13  318.67 ^ _098764_/Y (BUFx4f_ASAP7_75t_R)
  21.87  340.53 ^ _098930_/Y (OR3x1_ASAP7_75t_R)
  29.93  370.47 ^ _098931_/Y (BUFx3_ASAP7_75t_R)
  28.73  399.19 ^ _098932_/Y (BUFx6f_ASAP7_75t_R)
  10.79  409.99 v _098935_/Y (NAND2x1_ASAP7_75t_R)
  22.78  432.77 v _098936_/Y (OA21x2_ASAP7_75t_R)
   0.00  432.77 v _114967_/D (DFFHQNx1_ASAP7_75t_R)
         432.77   data arrival time

   0.00    0.00   clock clk (rise edge)
   0.00    0.00   clock network delay (ideal)
   0.00    0.00   clock reconvergence pessimism
           0.00 ^ _114967_/CLK (DFFHQNx1_ASAP7_75t_R)
  14.30   14.30   library hold time
          14.30   data required time
---------------------------------------------------------
          14.30   data required time
        -432.77   data arrival time
---------------------------------------------------------
         418.47   slack (MET)


Startpoint: _117206_ (rising edge-triggered flip-flop clocked by clk)
Endpoint: _114974_ (rising edge-triggered flip-flop clocked by clk)
Path Group: clk
Path Type: min

  Delay    Time   Description
---------------------------------------------------------
   0.00    0.00   clock clk (rise edge)
   0.00    0.00   clock network delay (ideal)
   0.00    0.00 ^ _117206_/CLK (DFFASRHQNx1_ASAP7_75t_R)
  96.77   96.77 ^ _117206_/QN (DFFASRHQNx1_ASAP7_75t_R)
  32.92  129.69 v _079487_/Y (NOR2x2_ASAP7_75t_R)
  19.26  148.95 ^ _079488_/Y (NAND2x1_ASAP7_75t_R)
  29.15  178.10 ^ _079491_/Y (AO21x1_ASAP7_75t_R)
  26.24  204.34 ^ _079492_/Y (BUFx6f_ASAP7_75t_R)
  18.83  223.17 v _079758_/Y (NAND2x2_ASAP7_75t_R)
  21.66  244.83 ^ _079759_/Y (NOR2x2_ASAP7_75t_R)
  39.71  284.54 ^ _098763_/Y (BUFx4f_ASAP7_75t_R)
  34.13  318.67 ^ _098764_/Y (BUFx4f_ASAP7_75t_R)
  21.87  340.53 ^ _098949_/Y (OR3x1_ASAP7_75t_R)
  29.93  370.47 ^ _098950_/Y (BUFx3_ASAP7_75t_R)
  28.73  399.19 ^ _098951_/Y (BUFx6f_ASAP7_75t_R)
  10.79  409.99 v _098952_/Y (NAND2x1_ASAP7_75t_R)
  22.78  432.77 v _098953_/Y (OA21x2_ASAP7_75t_R)
   0.00  432.77 v _114974_/D (DFFHQNx1_ASAP7_75t_R)
         432.77   data arrival time

   0.00    0.00   clock clk (rise edge)
   0.00    0.00   clock network delay (ideal)
   0.00    0.00   clock reconvergence pessimism
           0.00 ^ _114974_/CLK (DFFHQNx1_ASAP7_75t_R)
  14.30   14.30   library hold time
          14.30   data required time
---------------------------------------------------------
          14.30   data required time
        -432.77   data arrival time
---------------------------------------------------------
         418.47   slack (MET)


Startpoint: _117206_ (rising edge-triggered flip-flop clocked by clk)
Endpoint: _114975_ (rising edge-triggered flip-flop clocked by clk)
Path Group: clk
Path Type: min

  Delay    Time   Description
---------------------------------------------------------
   0.00    0.00   clock clk (rise edge)
   0.00    0.00   clock network delay (ideal)
   0.00    0.00 ^ _117206_/CLK (DFFASRHQNx1_ASAP7_75t_R)
  96.77   96.77 ^ _117206_/QN (DFFASRHQNx1_ASAP7_75t_R)
  32.92  129.69 v _079487_/Y (NOR2x2_ASAP7_75t_R)
  19.26  148.95 ^ _079488_/Y (NAND2x1_ASAP7_75t_R)
  29.15  178.10 ^ _079491_/Y (AO21x1_ASAP7_75t_R)
  26.24  204.34 ^ _079492_/Y (BUFx6f_ASAP7_75t_R)
  18.83  223.17 v _079758_/Y (NAND2x2_ASAP7_75t_R)
  21.66  244.83 ^ _079759_/Y (NOR2x2_ASAP7_75t_R)
  39.71  284.54 ^ _098763_/Y (BUFx4f_ASAP7_75t_R)
  34.13  318.67 ^ _098764_/Y (BUFx4f_ASAP7_75t_R)
  21.87  340.53 ^ _098949_/Y (OR3x1_ASAP7_75t_R)
  29.93  370.47 ^ _098950_/Y (BUFx3_ASAP7_75t_R)
  28.73  399.19 ^ _098951_/Y (BUFx6f_ASAP7_75t_R)
  10.79  409.99 v _098954_/Y (NAND2x1_ASAP7_75t_R)
  22.78  432.77 v _098955_/Y (OA21x2_ASAP7_75t_R)
   0.00  432.77 v _114975_/D (DFFHQNx1_ASAP7_75t_R)
         432.77   data arrival time

   0.00    0.00   clock clk (rise edge)
   0.00    0.00   clock network delay (ideal)
   0.00    0.00   clock reconvergence pessimism
           0.00 ^ _114975_/CLK (DFFHQNx1_ASAP7_75t_R)
  14.30   14.30   library hold time
          14.30   data required time
---------------------------------------------------------
          14.30   data required time
        -432.77   data arrival time
---------------------------------------------------------
         418.47   slack (MET)


Startpoint: _117206_ (rising edge-triggered flip-flop clocked by clk)
Endpoint: _114982_ (rising edge-triggered flip-flop clocked by clk)
Path Group: clk
Path Type: min

  Delay    Time   Description
---------------------------------------------------------
   0.00    0.00   clock clk (rise edge)
   0.00    0.00   clock network delay (ideal)
   0.00    0.00 ^ _117206_/CLK (DFFASRHQNx1_ASAP7_75t_R)
  96.77   96.77 ^ _117206_/QN (DFFASRHQNx1_ASAP7_75t_R)
  32.92  129.69 v _079487_/Y (NOR2x2_ASAP7_75t_R)
  19.26  148.95 ^ _079488_/Y (NAND2x1_ASAP7_75t_R)
  29.15  178.10 ^ _079491_/Y (AO21x1_ASAP7_75t_R)
  26.24  204.34 ^ _079492_/Y (BUFx6f_ASAP7_75t_R)
  18.83  223.17 v _079758_/Y (NAND2x2_ASAP7_75t_R)
  21.66  244.83 ^ _079759_/Y (NOR2x2_ASAP7_75t_R)
  39.71  284.54 ^ _098763_/Y (BUFx4f_ASAP7_75t_R)
  34.13  318.67 ^ _098969_/Y (BUFx4f_ASAP7_75t_R)
  21.87  340.53 ^ _098972_/Y (OR3x1_ASAP7_75t_R)
  29.93  370.47 ^ _098973_/Y (BUFx3_ASAP7_75t_R)
  28.73  399.19 ^ _098974_/Y (BUFx6f_ASAP7_75t_R)
  10.79  409.99 v _098975_/Y (NAND2x1_ASAP7_75t_R)
  22.78  432.77 v _098976_/Y (OA21x2_ASAP7_75t_R)
   0.00  432.77 v _114982_/D (DFFHQNx1_ASAP7_75t_R)
         432.77   data arrival time

   0.00    0.00   clock clk (rise edge)
   0.00    0.00   clock network delay (ideal)
   0.00    0.00   clock reconvergence pessimism
           0.00 ^ _114982_/CLK (DFFHQNx1_ASAP7_75t_R)
  14.30   14.30   library hold time
          14.30   data required time
---------------------------------------------------------
          14.30   data required time
        -432.77   data arrival time
---------------------------------------------------------
         418.47   slack (MET)


Startpoint: _117206_ (rising edge-triggered flip-flop clocked by clk)
Endpoint: _114983_ (rising edge-triggered flip-flop clocked by clk)
Path Group: clk
Path Type: min

  Delay    Time   Description
---------------------------------------------------------
   0.00    0.00   clock clk (rise edge)
   0.00    0.00   clock network delay (ideal)
   0.00    0.00 ^ _117206_/CLK (DFFASRHQNx1_ASAP7_75t_R)
  96.77   96.77 ^ _117206_/QN (DFFASRHQNx1_ASAP7_75t_R)
  32.92  129.69 v _079487_/Y (NOR2x2_ASAP7_75t_R)
  19.26  148.95 ^ _079488_/Y (NAND2x1_ASAP7_75t_R)
  29.15  178.10 ^ _079491_/Y (AO21x1_ASAP7_75t_R)
  26.24  204.34 ^ _079492_/Y (BUFx6f_ASAP7_75t_R)
  18.83  223.17 v _079758_/Y (NAND2x2_ASAP7_75t_R)
  21.66  244.83 ^ _079759_/Y (NOR2x2_ASAP7_75t_R)
  39.71  284.54 ^ _098763_/Y (BUFx4f_ASAP7_75t_R)
  34.13  318.67 ^ _098969_/Y (BUFx4f_ASAP7_75t_R)
  21.87  340.53 ^ _098972_/Y (OR3x1_ASAP7_75t_R)
  29.93  370.47 ^ _098973_/Y (BUFx3_ASAP7_75t_R)
  28.73  399.19 ^ _098974_/Y (BUFx6f_ASAP7_75t_R)
  10.79  409.99 v _098978_/Y (NAND2x1_ASAP7_75t_R)
  22.78  432.77 v _098979_/Y (OA21x2_ASAP7_75t_R)
   0.00  432.77 v _114983_/D (DFFHQNx1_ASAP7_75t_R)
         432.77   data arrival time

   0.00    0.00   clock clk (rise edge)
   0.00    0.00   clock network delay (ideal)
   0.00    0.00   clock reconvergence pessimism
           0.00 ^ _114983_/CLK (DFFHQNx1_ASAP7_75t_R)
  14.30   14.30   library hold time
          14.30   data required time
---------------------------------------------------------
          14.30   data required time
        -432.77   data arrival time
---------------------------------------------------------
         418.47   slack (MET)


Startpoint: _117206_ (rising edge-triggered flip-flop clocked by clk)
Endpoint: _114990_ (rising edge-triggered flip-flop clocked by clk)
Path Group: clk
Path Type: min

  Delay    Time   Description
---------------------------------------------------------
   0.00    0.00   clock clk (rise edge)
   0.00    0.00   clock network delay (ideal)
   0.00    0.00 ^ _117206_/CLK (DFFASRHQNx1_ASAP7_75t_R)
  96.77   96.77 ^ _117206_/QN (DFFASRHQNx1_ASAP7_75t_R)
  32.92  129.69 v _079487_/Y (NOR2x2_ASAP7_75t_R)
  19.26  148.95 ^ _079488_/Y (NAND2x1_ASAP7_75t_R)
  29.15  178.10 ^ _079491_/Y (AO21x1_ASAP7_75t_R)
  26.24  204.34 ^ _079492_/Y (BUFx6f_ASAP7_75t_R)
  18.83  223.17 v _079758_/Y (NAND2x2_ASAP7_75t_R)
  21.66  244.83 ^ _079759_/Y (NOR2x2_ASAP7_75t_R)
  39.71  284.54 ^ _098763_/Y (BUFx4f_ASAP7_75t_R)
  34.13  318.67 ^ _098969_/Y (BUFx4f_ASAP7_75t_R)
  21.87  340.53 ^ _098998_/Y (OR3x1_ASAP7_75t_R)
  29.93  370.47 ^ _098999_/Y (BUFx3_ASAP7_75t_R)
  28.73  399.19 ^ _099000_/Y (BUFx6f_ASAP7_75t_R)
  10.79  409.99 v _099001_/Y (NAND2x1_ASAP7_75t_R)
  22.78  432.77 v _099002_/Y (OA21x2_ASAP7_75t_R)
   0.00  432.77 v _114990_/D (DFFHQNx1_ASAP7_75t_R)
         432.77   data arrival time

   0.00    0.00   clock clk (rise edge)
   0.00    0.00   clock network delay (ideal)
   0.00    0.00   clock reconvergence pessimism
           0.00 ^ _114990_/CLK (DFFHQNx1_ASAP7_75t_R)
  14.30   14.30   library hold time
          14.30   data required time
---------------------------------------------------------
          14.30   data required time
        -432.77   data arrival time
---------------------------------------------------------
         418.47   slack (MET)


Startpoint: _117206_ (rising edge-triggered flip-flop clocked by clk)
Endpoint: _114991_ (rising edge-triggered flip-flop clocked by clk)
Path Group: clk
Path Type: min

  Delay    Time   Description
---------------------------------------------------------
   0.00    0.00   clock clk (rise edge)
   0.00    0.00   clock network delay (ideal)
   0.00    0.00 ^ _117206_/CLK (DFFASRHQNx1_ASAP7_75t_R)
  96.77   96.77 ^ _117206_/QN (DFFASRHQNx1_ASAP7_75t_R)
  32.92  129.69 v _079487_/Y (NOR2x2_ASAP7_75t_R)
  19.26  148.95 ^ _079488_/Y (NAND2x1_ASAP7_75t_R)
  29.15  178.10 ^ _079491_/Y (AO21x1_ASAP7_75t_R)
  26.24  204.34 ^ _079492_/Y (BUFx6f_ASAP7_75t_R)
  18.83  223.17 v _079758_/Y (NAND2x2_ASAP7_75t_R)
  21.66  244.83 ^ _079759_/Y (NOR2x2_ASAP7_75t_R)
  39.71  284.54 ^ _098763_/Y (BUFx4f_ASAP7_75t_R)
  34.13  318.67 ^ _098969_/Y (BUFx4f_ASAP7_75t_R)
  21.87  340.53 ^ _098998_/Y (OR3x1_ASAP7_75t_R)
  29.93  370.47 ^ _098999_/Y (BUFx3_ASAP7_75t_R)
  28.73  399.19 ^ _099000_/Y (BUFx6f_ASAP7_75t_R)
  10.79  409.99 v _099003_/Y (NAND2x1_ASAP7_75t_R)
  22.78  432.77 v _099004_/Y (OA21x2_ASAP7_75t_R)
   0.00  432.77 v _114991_/D (DFFHQNx1_ASAP7_75t_R)
         432.77   data arrival time

   0.00    0.00   clock clk (rise edge)
   0.00    0.00   clock network delay (ideal)
   0.00    0.00   clock reconvergence pessimism
           0.00 ^ _114991_/CLK (DFFHQNx1_ASAP7_75t_R)
  14.30   14.30   library hold time
          14.30   data required time
---------------------------------------------------------
          14.30   data required time
        -432.77   data arrival time
---------------------------------------------------------
         418.47   slack (MET)


Startpoint: _117206_ (rising edge-triggered flip-flop clocked by clk)
Endpoint: _114998_ (rising edge-triggered flip-flop clocked by clk)
Path Group: clk
Path Type: min

  Delay    Time   Description
---------------------------------------------------------
   0.00    0.00   clock clk (rise edge)
   0.00    0.00   clock network delay (ideal)
   0.00    0.00 ^ _117206_/CLK (DFFASRHQNx1_ASAP7_75t_R)
  96.77   96.77 ^ _117206_/QN (DFFASRHQNx1_ASAP7_75t_R)
  32.92  129.69 v _079487_/Y (NOR2x2_ASAP7_75t_R)
  19.26  148.95 ^ _079488_/Y (NAND2x1_ASAP7_75t_R)
  29.15  178.10 ^ _079491_/Y (AO21x1_ASAP7_75t_R)
  26.24  204.34 ^ _079492_/Y (BUFx6f_ASAP7_75t_R)
  18.83  223.17 v _079758_/Y (NAND2x2_ASAP7_75t_R)
  21.66  244.83 ^ _079759_/Y (NOR2x2_ASAP7_75t_R)
  39.71  284.54 ^ _098763_/Y (BUFx4f_ASAP7_75t_R)
  34.13  318.67 ^ _098969_/Y (BUFx4f_ASAP7_75t_R)
  21.87  340.53 ^ _099017_/Y (OR3x1_ASAP7_75t_R)
  29.93  370.47 ^ _099018_/Y (BUFx3_ASAP7_75t_R)
  28.73  399.19 ^ _099019_/Y (BUFx6f_ASAP7_75t_R)
  10.79  409.99 v _099020_/Y (NAND2x1_ASAP7_75t_R)
  22.78  432.77 v _099021_/Y (OA21x2_ASAP7_75t_R)
   0.00  432.77 v _114998_/D (DFFHQNx1_ASAP7_75t_R)
         432.77   data arrival time

   0.00    0.00   clock clk (rise edge)
   0.00    0.00   clock network delay (ideal)
   0.00    0.00   clock reconvergence pessimism
           0.00 ^ _114998_/CLK (DFFHQNx1_ASAP7_75t_R)
  14.30   14.30   library hold time
          14.30   data required time
---------------------------------------------------------
          14.30   data required time
        -432.77   data arrival time
---------------------------------------------------------
         418.47   slack (MET)


Startpoint: _117206_ (rising edge-triggered flip-flop clocked by clk)
Endpoint: _114999_ (rising edge-triggered flip-flop clocked by clk)
Path Group: clk
Path Type: min

  Delay    Time   Description
---------------------------------------------------------
   0.00    0.00   clock clk (rise edge)
   0.00    0.00   clock network delay (ideal)
   0.00    0.00 ^ _117206_/CLK (DFFASRHQNx1_ASAP7_75t_R)
  96.77   96.77 ^ _117206_/QN (DFFASRHQNx1_ASAP7_75t_R)
  32.92  129.69 v _079487_/Y (NOR2x2_ASAP7_75t_R)
  19.26  148.95 ^ _079488_/Y (NAND2x1_ASAP7_75t_R)
  29.15  178.10 ^ _079491_/Y (AO21x1_ASAP7_75t_R)
  26.24  204.34 ^ _079492_/Y (BUFx6f_ASAP7_75t_R)
  18.83  223.17 v _079758_/Y (NAND2x2_ASAP7_75t_R)
  21.66  244.83 ^ _079759_/Y (NOR2x2_ASAP7_75t_R)
  39.71  284.54 ^ _098763_/Y (BUFx4f_ASAP7_75t_R)
  34.13  318.67 ^ _098969_/Y (BUFx4f_ASAP7_75t_R)
  21.87  340.53 ^ _099017_/Y (OR3x1_ASAP7_75t_R)
  29.93  370.47 ^ _099018_/Y (BUFx3_ASAP7_75t_R)
  28.73  399.19 ^ _099019_/Y (BUFx6f_ASAP7_75t_R)
  10.79  409.99 v _099022_/Y (NAND2x1_ASAP7_75t_R)
  22.78  432.77 v _099023_/Y (OA21x2_ASAP7_75t_R)
   0.00  432.77 v _114999_/D (DFFHQNx1_ASAP7_75t_R)
         432.77   data arrival time

   0.00    0.00   clock clk (rise edge)
   0.00    0.00   clock network delay (ideal)
   0.00    0.00   clock reconvergence pessimism
           0.00 ^ _114999_/CLK (DFFHQNx1_ASAP7_75t_R)
  14.30   14.30   library hold time
          14.30   data required time
---------------------------------------------------------
          14.30   data required time
        -432.77   data arrival time
---------------------------------------------------------
         418.47   slack (MET)


Startpoint: _117206_ (rising edge-triggered flip-flop clocked by clk)
Endpoint: _115006_ (rising edge-triggered flip-flop clocked by clk)
Path Group: clk
Path Type: min

  Delay    Time   Description
---------------------------------------------------------
   0.00    0.00   clock clk (rise edge)
   0.00    0.00   clock network delay (ideal)
   0.00    0.00 ^ _117206_/CLK (DFFASRHQNx1_ASAP7_75t_R)
  96.77   96.77 ^ _117206_/QN (DFFASRHQNx1_ASAP7_75t_R)
  32.92  129.69 v _079487_/Y (NOR2x2_ASAP7_75t_R)
  19.26  148.95 ^ _079488_/Y (NAND2x1_ASAP7_75t_R)
  29.15  178.10 ^ _079491_/Y (AO21x1_ASAP7_75t_R)
  26.24  204.34 ^ _079492_/Y (BUFx6f_ASAP7_75t_R)
  18.83  223.17 v _079758_/Y (NAND2x2_ASAP7_75t_R)
  21.66  244.83 ^ _079759_/Y (NOR2x2_ASAP7_75t_R)
  39.71  284.54 ^ _098763_/Y (BUFx4f_ASAP7_75t_R)
  34.13  318.67 ^ _098969_/Y (BUFx4f_ASAP7_75t_R)
  21.87  340.53 ^ _099036_/Y (OR3x1_ASAP7_75t_R)
  29.93  370.47 ^ _099037_/Y (BUFx3_ASAP7_75t_R)
  28.73  399.19 ^ _099038_/Y (BUFx6f_ASAP7_75t_R)
  10.79  409.99 v _099039_/Y (NAND2x1_ASAP7_75t_R)
  22.78  432.77 v _099040_/Y (OA21x2_ASAP7_75t_R)
   0.00  432.77 v _115006_/D (DFFHQNx1_ASAP7_75t_R)
         432.77   data arrival time

   0.00    0.00   clock clk (rise edge)
   0.00    0.00   clock network delay (ideal)
   0.00    0.00   clock reconvergence pessimism
           0.00 ^ _115006_/CLK (DFFHQNx1_ASAP7_75t_R)
  14.30   14.30   library hold time
          14.30   data required time
---------------------------------------------------------
          14.30   data required time
        -432.77   data arrival time
---------------------------------------------------------
         418.47   slack (MET)


Startpoint: _117206_ (rising edge-triggered flip-flop clocked by clk)
Endpoint: _115007_ (rising edge-triggered flip-flop clocked by clk)
Path Group: clk
Path Type: min

  Delay    Time   Description
---------------------------------------------------------
   0.00    0.00   clock clk (rise edge)
   0.00    0.00   clock network delay (ideal)
   0.00    0.00 ^ _117206_/CLK (DFFASRHQNx1_ASAP7_75t_R)
  96.77   96.77 ^ _117206_/QN (DFFASRHQNx1_ASAP7_75t_R)
  32.92  129.69 v _079487_/Y (NOR2x2_ASAP7_75t_R)
  19.26  148.95 ^ _079488_/Y (NAND2x1_ASAP7_75t_R)
  29.15  178.10 ^ _079491_/Y (AO21x1_ASAP7_75t_R)
  26.24  204.34 ^ _079492_/Y (BUFx6f_ASAP7_75t_R)
  18.83  223.17 v _079758_/Y (NAND2x2_ASAP7_75t_R)
  21.66  244.83 ^ _079759_/Y (NOR2x2_ASAP7_75t_R)
  39.71  284.54 ^ _098763_/Y (BUFx4f_ASAP7_75t_R)
  34.13  318.67 ^ _098969_/Y (BUFx4f_ASAP7_75t_R)
  21.87  340.53 ^ _099036_/Y (OR3x1_ASAP7_75t_R)
  29.93  370.47 ^ _099037_/Y (BUFx3_ASAP7_75t_R)
  28.73  399.19 ^ _099038_/Y (BUFx6f_ASAP7_75t_R)
  10.79  409.99 v _099041_/Y (NAND2x1_ASAP7_75t_R)
  22.78  432.77 v _099042_/Y (OA21x2_ASAP7_75t_R)
   0.00  432.77 v _115007_/D (DFFHQNx1_ASAP7_75t_R)
         432.77   data arrival time

   0.00    0.00   clock clk (rise edge)
   0.00    0.00   clock network delay (ideal)
   0.00    0.00   clock reconvergence pessimism
           0.00 ^ _115007_/CLK (DFFHQNx1_ASAP7_75t_R)
  14.30   14.30   library hold time
          14.30   data required time
---------------------------------------------------------
          14.30   data required time
        -432.77   data arrival time
---------------------------------------------------------
         418.47   slack (MET)


Startpoint: _117206_ (rising edge-triggered flip-flop clocked by clk)
Endpoint: _115308_ (rising edge-triggered flip-flop clocked by clk)
Path Group: clk
Path Type: min

  Delay    Time   Description
---------------------------------------------------------
   0.00    0.00   clock clk (rise edge)
   0.00    0.00   clock network delay (ideal)
   0.00    0.00 ^ _117206_/CLK (DFFASRHQNx1_ASAP7_75t_R)
  96.77   96.77 ^ _117206_/QN (DFFASRHQNx1_ASAP7_75t_R)
  32.92  129.69 v _079487_/Y (NOR2x2_ASAP7_75t_R)
  19.26  148.95 ^ _079488_/Y (NAND2x1_ASAP7_75t_R)
  29.15  178.10 ^ _079491_/Y (AO21x1_ASAP7_75t_R)
  26.24  204.34 ^ _079492_/Y (BUFx6f_ASAP7_75t_R)
  18.83  223.17 v _079758_/Y (NAND2x2_ASAP7_75t_R)
  21.66  244.83 ^ _079759_/Y (NOR2x2_ASAP7_75t_R)
  39.71  284.54 ^ _098763_/Y (BUFx4f_ASAP7_75t_R)
  34.13  318.67 ^ _098969_/Y (BUFx4f_ASAP7_75t_R)
  21.87  340.53 ^ _099819_/Y (OR3x1_ASAP7_75t_R)
  29.93  370.47 ^ _099820_/Y (BUFx3_ASAP7_75t_R)
  28.73  399.19 ^ _099821_/Y (BUFx6f_ASAP7_75t_R)
  10.79  409.99 v _099822_/Y (NAND2x1_ASAP7_75t_R)
  22.78  432.77 v _099823_/Y (OA21x2_ASAP7_75t_R)
   0.00  432.77 v _115308_/D (DFFHQNx1_ASAP7_75t_R)
         432.77   data arrival time

   0.00    0.00   clock clk (rise edge)
   0.00    0.00   clock network delay (ideal)
   0.00    0.00   clock reconvergence pessimism
           0.00 ^ _115308_/CLK (DFFHQNx1_ASAP7_75t_R)
  14.30   14.30   library hold time
          14.30   data required time
---------------------------------------------------------
          14.30   data required time
        -432.77   data arrival time
---------------------------------------------------------
         418.47   slack (MET)


Startpoint: _117206_ (rising edge-triggered flip-flop clocked by clk)
Endpoint: _115309_ (rising edge-triggered flip-flop clocked by clk)
Path Group: clk
Path Type: min

  Delay    Time   Description
---------------------------------------------------------
   0.00    0.00   clock clk (rise edge)
   0.00    0.00   clock network delay (ideal)
   0.00    0.00 ^ _117206_/CLK (DFFASRHQNx1_ASAP7_75t_R)
  96.77   96.77 ^ _117206_/QN (DFFASRHQNx1_ASAP7_75t_R)
  32.92  129.69 v _079487_/Y (NOR2x2_ASAP7_75t_R)
  19.26  148.95 ^ _079488_/Y (NAND2x1_ASAP7_75t_R)
  29.15  178.10 ^ _079491_/Y (AO21x1_ASAP7_75t_R)
  26.24  204.34 ^ _079492_/Y (BUFx6f_ASAP7_75t_R)
  18.83  223.17 v _079758_/Y (NAND2x2_ASAP7_75t_R)
  21.66  244.83 ^ _079759_/Y (NOR2x2_ASAP7_75t_R)
  39.71  284.54 ^ _098763_/Y (BUFx4f_ASAP7_75t_R)
  34.13  318.67 ^ _098969_/Y (BUFx4f_ASAP7_75t_R)
  21.87  340.53 ^ _099819_/Y (OR3x1_ASAP7_75t_R)
  29.93  370.47 ^ _099820_/Y (BUFx3_ASAP7_75t_R)
  28.73  399.19 ^ _099821_/Y (BUFx6f_ASAP7_75t_R)
  10.79  409.99 v _099824_/Y (NAND2x1_ASAP7_75t_R)
  22.78  432.77 v _099825_/Y (OA21x2_ASAP7_75t_R)
   0.00  432.77 v _115309_/D (DFFHQNx1_ASAP7_75t_R)
         432.77   data arrival time

   0.00    0.00   clock clk (rise edge)
   0.00    0.00   clock network delay (ideal)
   0.00    0.00   clock reconvergence pessimism
           0.00 ^ _115309_/CLK (DFFHQNx1_ASAP7_75t_R)
  14.30   14.30   library hold time
          14.30   data required time
---------------------------------------------------------
          14.30   data required time
        -432.77   data arrival time
---------------------------------------------------------
         418.47   slack (MET)


Startpoint: _117206_ (rising edge-triggered flip-flop clocked by clk)
Endpoint: _115316_ (rising edge-triggered flip-flop clocked by clk)
Path Group: clk
Path Type: min

  Delay    Time   Description
---------------------------------------------------------
   0.00    0.00   clock clk (rise edge)
   0.00    0.00   clock network delay (ideal)
   0.00    0.00 ^ _117206_/CLK (DFFASRHQNx1_ASAP7_75t_R)
  96.77   96.77 ^ _117206_/QN (DFFASRHQNx1_ASAP7_75t_R)
  32.92  129.69 v _079487_/Y (NOR2x2_ASAP7_75t_R)
  19.26  148.95 ^ _079488_/Y (NAND2x1_ASAP7_75t_R)
  29.15  178.10 ^ _079491_/Y (AO21x1_ASAP7_75t_R)
  26.24  204.34 ^ _079492_/Y (BUFx6f_ASAP7_75t_R)
  18.83  223.17 v _079758_/Y (NAND2x2_ASAP7_75t_R)
  21.66  244.83 ^ _079759_/Y (NOR2x2_ASAP7_75t_R)
  39.71  284.54 ^ _098763_/Y (BUFx4f_ASAP7_75t_R)
  34.13  318.67 ^ _098969_/Y (BUFx4f_ASAP7_75t_R)
  21.87  340.53 ^ _099838_/Y (OR3x1_ASAP7_75t_R)
  29.93  370.47 ^ _099839_/Y (BUFx3_ASAP7_75t_R)
  28.73  399.19 ^ _099840_/Y (BUFx6f_ASAP7_75t_R)
  10.79  409.99 v _099841_/Y (NAND2x1_ASAP7_75t_R)
  22.78  432.77 v _099842_/Y (OA21x2_ASAP7_75t_R)
   0.00  432.77 v _115316_/D (DFFHQNx1_ASAP7_75t_R)
         432.77   data arrival time

   0.00    0.00   clock clk (rise edge)
   0.00    0.00   clock network delay (ideal)
   0.00    0.00   clock reconvergence pessimism
           0.00 ^ _115316_/CLK (DFFHQNx1_ASAP7_75t_R)
  14.30   14.30   library hold time
          14.30   data required time
---------------------------------------------------------
          14.30   data required time
        -432.77   data arrival time
---------------------------------------------------------
         418.47   slack (MET)


Startpoint: _117206_ (rising edge-triggered flip-flop clocked by clk)
Endpoint: _115317_ (rising edge-triggered flip-flop clocked by clk)
Path Group: clk
Path Type: min

  Delay    Time   Description
---------------------------------------------------------
   0.00    0.00   clock clk (rise edge)
   0.00    0.00   clock network delay (ideal)
   0.00    0.00 ^ _117206_/CLK (DFFASRHQNx1_ASAP7_75t_R)
  96.77   96.77 ^ _117206_/QN (DFFASRHQNx1_ASAP7_75t_R)
  32.92  129.69 v _079487_/Y (NOR2x2_ASAP7_75t_R)
  19.26  148.95 ^ _079488_/Y (NAND2x1_ASAP7_75t_R)
  29.15  178.10 ^ _079491_/Y (AO21x1_ASAP7_75t_R)
  26.24  204.34 ^ _079492_/Y (BUFx6f_ASAP7_75t_R)
  18.83  223.17 v _079758_/Y (NAND2x2_ASAP7_75t_R)
  21.66  244.83 ^ _079759_/Y (NOR2x2_ASAP7_75t_R)
  39.71  284.54 ^ _098763_/Y (BUFx4f_ASAP7_75t_R)
  34.13  318.67 ^ _098969_/Y (BUFx4f_ASAP7_75t_R)
  21.87  340.53 ^ _099838_/Y (OR3x1_ASAP7_75t_R)
  29.93  370.47 ^ _099839_/Y (BUFx3_ASAP7_75t_R)
  28.73  399.19 ^ _099840_/Y (BUFx6f_ASAP7_75t_R)
  10.79  409.99 v _099843_/Y (NAND2x1_ASAP7_75t_R)
  22.78  432.77 v _099844_/Y (OA21x2_ASAP7_75t_R)
   0.00  432.77 v _115317_/D (DFFHQNx1_ASAP7_75t_R)
         432.77   data arrival time

   0.00    0.00   clock clk (rise edge)
   0.00    0.00   clock network delay (ideal)
   0.00    0.00   clock reconvergence pessimism
           0.00 ^ _115317_/CLK (DFFHQNx1_ASAP7_75t_R)
  14.30   14.30   library hold time
          14.30   data required time
---------------------------------------------------------
          14.30   data required time
        -432.77   data arrival time
---------------------------------------------------------
         418.47   slack (MET)


Startpoint: _117206_ (rising edge-triggered flip-flop clocked by clk)
Endpoint: _115324_ (rising edge-triggered flip-flop clocked by clk)
Path Group: clk
Path Type: min

  Delay    Time   Description
---------------------------------------------------------
   0.00    0.00   clock clk (rise edge)
   0.00    0.00   clock network delay (ideal)
   0.00    0.00 ^ _117206_/CLK (DFFASRHQNx1_ASAP7_75t_R)
  96.77   96.77 ^ _117206_/QN (DFFASRHQNx1_ASAP7_75t_R)
  32.92  129.69 v _079487_/Y (NOR2x2_ASAP7_75t_R)
  19.26  148.95 ^ _079488_/Y (NAND2x1_ASAP7_75t_R)
  29.15  178.10 ^ _079491_/Y (AO21x1_ASAP7_75t_R)
  26.24  204.34 ^ _079492_/Y (BUFx6f_ASAP7_75t_R)
  18.83  223.17 v _079758_/Y (NAND2x2_ASAP7_75t_R)
  21.66  244.83 ^ _079759_/Y (NOR2x2_ASAP7_75t_R)
  39.71  284.54 ^ _098763_/Y (BUFx4f_ASAP7_75t_R)
  34.13  318.67 ^ _098969_/Y (BUFx4f_ASAP7_75t_R)
  21.87  340.53 ^ _099857_/Y (OR3x1_ASAP7_75t_R)
  29.93  370.47 ^ _099858_/Y (BUFx3_ASAP7_75t_R)
  28.73  399.19 ^ _099859_/Y (BUFx6f_ASAP7_75t_R)
  10.79  409.99 v _099860_/Y (NAND2x1_ASAP7_75t_R)
  22.78  432.77 v _099861_/Y (OA21x2_ASAP7_75t_R)
   0.00  432.77 v _115324_/D (DFFHQNx1_ASAP7_75t_R)
         432.77   data arrival time

   0.00    0.00   clock clk (rise edge)
   0.00    0.00   clock network delay (ideal)
   0.00    0.00   clock reconvergence pessimism
           0.00 ^ _115324_/CLK (DFFHQNx1_ASAP7_75t_R)
  14.30   14.30   library hold time
          14.30   data required time
---------------------------------------------------------
          14.30   data required time
        -432.77   data arrival time
---------------------------------------------------------
         418.47   slack (MET)


Startpoint: _117206_ (rising edge-triggered flip-flop clocked by clk)
Endpoint: _115325_ (rising edge-triggered flip-flop clocked by clk)
Path Group: clk
Path Type: min

  Delay    Time   Description
---------------------------------------------------------
   0.00    0.00   clock clk (rise edge)
   0.00    0.00   clock network delay (ideal)
   0.00    0.00 ^ _117206_/CLK (DFFASRHQNx1_ASAP7_75t_R)
  96.77   96.77 ^ _117206_/QN (DFFASRHQNx1_ASAP7_75t_R)
  32.92  129.69 v _079487_/Y (NOR2x2_ASAP7_75t_R)
  19.26  148.95 ^ _079488_/Y (NAND2x1_ASAP7_75t_R)
  29.15  178.10 ^ _079491_/Y (AO21x1_ASAP7_75t_R)
  26.24  204.34 ^ _079492_/Y (BUFx6f_ASAP7_75t_R)
  18.83  223.17 v _079758_/Y (NAND2x2_ASAP7_75t_R)
  21.66  244.83 ^ _079759_/Y (NOR2x2_ASAP7_75t_R)
  39.71  284.54 ^ _098763_/Y (BUFx4f_ASAP7_75t_R)
  34.13  318.67 ^ _098969_/Y (BUFx4f_ASAP7_75t_R)
  21.87  340.53 ^ _099857_/Y (OR3x1_ASAP7_75t_R)
  29.93  370.47 ^ _099858_/Y (BUFx3_ASAP7_75t_R)
  28.73  399.19 ^ _099859_/Y (BUFx6f_ASAP7_75t_R)
  10.79  409.99 v _099862_/Y (NAND2x1_ASAP7_75t_R)
  22.78  432.77 v _099863_/Y (OA21x2_ASAP7_75t_R)
   0.00  432.77 v _115325_/D (DFFHQNx1_ASAP7_75t_R)
         432.77   data arrival time

   0.00    0.00   clock clk (rise edge)
   0.00    0.00   clock network delay (ideal)
   0.00    0.00   clock reconvergence pessimism
           0.00 ^ _115325_/CLK (DFFHQNx1_ASAP7_75t_R)
  14.30   14.30   library hold time
          14.30   data required time
---------------------------------------------------------
          14.30   data required time
        -432.77   data arrival time
---------------------------------------------------------
         418.47   slack (MET)


Startpoint: _117206_ (rising edge-triggered flip-flop clocked by clk)
Endpoint: _115332_ (rising edge-triggered flip-flop clocked by clk)
Path Group: clk
Path Type: min

  Delay    Time   Description
---------------------------------------------------------
   0.00    0.00   clock clk (rise edge)
   0.00    0.00   clock network delay (ideal)
   0.00    0.00 ^ _117206_/CLK (DFFASRHQNx1_ASAP7_75t_R)
  96.77   96.77 ^ _117206_/QN (DFFASRHQNx1_ASAP7_75t_R)
  32.92  129.69 v _079487_/Y (NOR2x2_ASAP7_75t_R)
  19.26  148.95 ^ _079488_/Y (NAND2x1_ASAP7_75t_R)
  29.15  178.10 ^ _079491_/Y (AO21x1_ASAP7_75t_R)
  26.24  204.34 ^ _079492_/Y (BUFx6f_ASAP7_75t_R)
  18.83  223.17 v _079758_/Y (NAND2x2_ASAP7_75t_R)
  21.66  244.83 ^ _079759_/Y (NOR2x2_ASAP7_75t_R)
  39.71  284.54 ^ _098763_/Y (BUFx4f_ASAP7_75t_R)
  34.13  318.67 ^ _098969_/Y (BUFx4f_ASAP7_75t_R)
  21.87  340.53 ^ _099876_/Y (OR3x1_ASAP7_75t_R)
  29.93  370.47 ^ _099877_/Y (BUFx3_ASAP7_75t_R)
  28.73  399.19 ^ _099878_/Y (BUFx6f_ASAP7_75t_R)
  10.79  409.99 v _099879_/Y (NAND2x1_ASAP7_75t_R)
  22.78  432.77 v _099880_/Y (OA21x2_ASAP7_75t_R)
   0.00  432.77 v _115332_/D (DFFHQNx1_ASAP7_75t_R)
         432.77   data arrival time

   0.00    0.00   clock clk (rise edge)
   0.00    0.00   clock network delay (ideal)
   0.00    0.00   clock reconvergence pessimism
           0.00 ^ _115332_/CLK (DFFHQNx1_ASAP7_75t_R)
  14.30   14.30   library hold time
          14.30   data required time
---------------------------------------------------------
          14.30   data required time
        -432.77   data arrival time
---------------------------------------------------------
         418.47   slack (MET)


Startpoint: _117206_ (rising edge-triggered flip-flop clocked by clk)
Endpoint: _115333_ (rising edge-triggered flip-flop clocked by clk)
Path Group: clk
Path Type: min

  Delay    Time   Description
---------------------------------------------------------
   0.00    0.00   clock clk (rise edge)
   0.00    0.00   clock network delay (ideal)
   0.00    0.00 ^ _117206_/CLK (DFFASRHQNx1_ASAP7_75t_R)
  96.77   96.77 ^ _117206_/QN (DFFASRHQNx1_ASAP7_75t_R)
  32.92  129.69 v _079487_/Y (NOR2x2_ASAP7_75t_R)
  19.26  148.95 ^ _079488_/Y (NAND2x1_ASAP7_75t_R)
  29.15  178.10 ^ _079491_/Y (AO21x1_ASAP7_75t_R)
  26.24  204.34 ^ _079492_/Y (BUFx6f_ASAP7_75t_R)
  18.83  223.17 v _079758_/Y (NAND2x2_ASAP7_75t_R)
  21.66  244.83 ^ _079759_/Y (NOR2x2_ASAP7_75t_R)
  39.71  284.54 ^ _098763_/Y (BUFx4f_ASAP7_75t_R)
  34.13  318.67 ^ _098969_/Y (BUFx4f_ASAP7_75t_R)
  21.87  340.53 ^ _099876_/Y (OR3x1_ASAP7_75t_R)
  29.93  370.47 ^ _099877_/Y (BUFx3_ASAP7_75t_R)
  28.73  399.19 ^ _099878_/Y (BUFx6f_ASAP7_75t_R)
  10.79  409.99 v _099881_/Y (NAND2x1_ASAP7_75t_R)
  22.78  432.77 v _099882_/Y (OA21x2_ASAP7_75t_R)
   0.00  432.77 v _115333_/D (DFFHQNx1_ASAP7_75t_R)
         432.77   data arrival time

   0.00    0.00   clock clk (rise edge)
   0.00    0.00   clock network delay (ideal)
   0.00    0.00   clock reconvergence pessimism
           0.00 ^ _115333_/CLK (DFFHQNx1_ASAP7_75t_R)
  14.30   14.30   library hold time
          14.30   data required time
---------------------------------------------------------
          14.30   data required time
        -432.77   data arrival time
---------------------------------------------------------
         418.47   slack (MET)


Startpoint: _117206_ (rising edge-triggered flip-flop clocked by clk)
Endpoint: _115340_ (rising edge-triggered flip-flop clocked by clk)
Path Group: clk
Path Type: min

  Delay    Time   Description
---------------------------------------------------------
   0.00    0.00   clock clk (rise edge)
   0.00    0.00   clock network delay (ideal)
   0.00    0.00 ^ _117206_/CLK (DFFASRHQNx1_ASAP7_75t_R)
  96.77   96.77 ^ _117206_/QN (DFFASRHQNx1_ASAP7_75t_R)
  32.92  129.69 v _079487_/Y (NOR2x2_ASAP7_75t_R)
  19.26  148.95 ^ _079488_/Y (NAND2x1_ASAP7_75t_R)
  29.15  178.10 ^ _079491_/Y (AO21x1_ASAP7_75t_R)
  26.24  204.34 ^ _079492_/Y (BUFx6f_ASAP7_75t_R)
  18.83  223.17 v _079758_/Y (NAND2x2_ASAP7_75t_R)
  21.66  244.83 ^ _079759_/Y (NOR2x2_ASAP7_75t_R)
  39.71  284.54 ^ _098763_/Y (BUFx4f_ASAP7_75t_R)
  34.13  318.67 ^ _098969_/Y (BUFx4f_ASAP7_75t_R)
  21.87  340.53 ^ _099895_/Y (OR3x1_ASAP7_75t_R)
  29.93  370.47 ^ _099896_/Y (BUFx3_ASAP7_75t_R)
  28.73  399.19 ^ _099897_/Y (BUFx6f_ASAP7_75t_R)
  10.79  409.99 v _099898_/Y (NAND2x1_ASAP7_75t_R)
  22.78  432.77 v _099899_/Y (OA21x2_ASAP7_75t_R)
   0.00  432.77 v _115340_/D (DFFHQNx1_ASAP7_75t_R)
         432.77   data arrival time

   0.00    0.00   clock clk (rise edge)
   0.00    0.00   clock network delay (ideal)
   0.00    0.00   clock reconvergence pessimism
           0.00 ^ _115340_/CLK (DFFHQNx1_ASAP7_75t_R)
  14.30   14.30   library hold time
          14.30   data required time
---------------------------------------------------------
          14.30   data required time
        -432.77   data arrival time
---------------------------------------------------------
         418.47   slack (MET)


Startpoint: _117206_ (rising edge-triggered flip-flop clocked by clk)
Endpoint: _115341_ (rising edge-triggered flip-flop clocked by clk)
Path Group: clk
Path Type: min

  Delay    Time   Description
---------------------------------------------------------
   0.00    0.00   clock clk (rise edge)
   0.00    0.00   clock network delay (ideal)
   0.00    0.00 ^ _117206_/CLK (DFFASRHQNx1_ASAP7_75t_R)
  96.77   96.77 ^ _117206_/QN (DFFASRHQNx1_ASAP7_75t_R)
  32.92  129.69 v _079487_/Y (NOR2x2_ASAP7_75t_R)
  19.26  148.95 ^ _079488_/Y (NAND2x1_ASAP7_75t_R)
  29.15  178.10 ^ _079491_/Y (AO21x1_ASAP7_75t_R)
  26.24  204.34 ^ _079492_/Y (BUFx6f_ASAP7_75t_R)
  18.83  223.17 v _079758_/Y (NAND2x2_ASAP7_75t_R)
  21.66  244.83 ^ _079759_/Y (NOR2x2_ASAP7_75t_R)
  39.71  284.54 ^ _098763_/Y (BUFx4f_ASAP7_75t_R)
  34.13  318.67 ^ _098969_/Y (BUFx4f_ASAP7_75t_R)
  21.87  340.53 ^ _099895_/Y (OR3x1_ASAP7_75t_R)
  29.93  370.47 ^ _099896_/Y (BUFx3_ASAP7_75t_R)
  28.73  399.19 ^ _099897_/Y (BUFx6f_ASAP7_75t_R)
  10.79  409.99 v _099900_/Y (NAND2x1_ASAP7_75t_R)
  22.78  432.77 v _099901_/Y (OA21x2_ASAP7_75t_R)
   0.00  432.77 v _115341_/D (DFFHQNx1_ASAP7_75t_R)
         432.77   data arrival time

   0.00    0.00   clock clk (rise edge)
   0.00    0.00   clock network delay (ideal)
   0.00    0.00   clock reconvergence pessimism
           0.00 ^ _115341_/CLK (DFFHQNx1_ASAP7_75t_R)
  14.30   14.30   library hold time
          14.30   data required time
---------------------------------------------------------
          14.30   data required time
        -432.77   data arrival time
---------------------------------------------------------
         418.47   slack (MET)


Startpoint: _117206_ (rising edge-triggered flip-flop clocked by clk)
Endpoint: _115348_ (rising edge-triggered flip-flop clocked by clk)
Path Group: clk
Path Type: min

  Delay    Time   Description
---------------------------------------------------------
   0.00    0.00   clock clk (rise edge)
   0.00    0.00   clock network delay (ideal)
   0.00    0.00 ^ _117206_/CLK (DFFASRHQNx1_ASAP7_75t_R)
  96.77   96.77 ^ _117206_/QN (DFFASRHQNx1_ASAP7_75t_R)
  32.92  129.69 v _079487_/Y (NOR2x2_ASAP7_75t_R)
  19.26  148.95 ^ _079488_/Y (NAND2x1_ASAP7_75t_R)
  29.15  178.10 ^ _079491_/Y (AO21x1_ASAP7_75t_R)
  26.24  204.34 ^ _079492_/Y (BUFx6f_ASAP7_75t_R)
  18.83  223.17 v _079758_/Y (NAND2x2_ASAP7_75t_R)
  21.66  244.83 ^ _079759_/Y (NOR2x2_ASAP7_75t_R)
  39.71  284.54 ^ _098763_/Y (BUFx4f_ASAP7_75t_R)
  34.13  318.67 ^ _098969_/Y (BUFx4f_ASAP7_75t_R)
  21.87  340.53 ^ _099914_/Y (OR3x1_ASAP7_75t_R)
  29.93  370.47 ^ _099915_/Y (BUFx3_ASAP7_75t_R)
  28.73  399.19 ^ _099916_/Y (BUFx6f_ASAP7_75t_R)
  10.79  409.99 v _099917_/Y (NAND2x1_ASAP7_75t_R)
  22.78  432.77 v _099918_/Y (OA21x2_ASAP7_75t_R)
   0.00  432.77 v _115348_/D (DFFHQNx1_ASAP7_75t_R)
         432.77   data arrival time

   0.00    0.00   clock clk (rise edge)
   0.00    0.00   clock network delay (ideal)
   0.00    0.00   clock reconvergence pessimism
           0.00 ^ _115348_/CLK (DFFHQNx1_ASAP7_75t_R)
  14.30   14.30   library hold time
          14.30   data required time
---------------------------------------------------------
          14.30   data required time
        -432.77   data arrival time
---------------------------------------------------------
         418.47   slack (MET)


Startpoint: _117206_ (rising edge-triggered flip-flop clocked by clk)
Endpoint: _115349_ (rising edge-triggered flip-flop clocked by clk)
Path Group: clk
Path Type: min

  Delay    Time   Description
---------------------------------------------------------
   0.00    0.00   clock clk (rise edge)
   0.00    0.00   clock network delay (ideal)
   0.00    0.00 ^ _117206_/CLK (DFFASRHQNx1_ASAP7_75t_R)
  96.77   96.77 ^ _117206_/QN (DFFASRHQNx1_ASAP7_75t_R)
  32.92  129.69 v _079487_/Y (NOR2x2_ASAP7_75t_R)
  19.26  148.95 ^ _079488_/Y (NAND2x1_ASAP7_75t_R)
  29.15  178.10 ^ _079491_/Y (AO21x1_ASAP7_75t_R)
  26.24  204.34 ^ _079492_/Y (BUFx6f_ASAP7_75t_R)
  18.83  223.17 v _079758_/Y (NAND2x2_ASAP7_75t_R)
  21.66  244.83 ^ _079759_/Y (NOR2x2_ASAP7_75t_R)
  39.71  284.54 ^ _098763_/Y (BUFx4f_ASAP7_75t_R)
  34.13  318.67 ^ _098969_/Y (BUFx4f_ASAP7_75t_R)
  21.87  340.53 ^ _099914_/Y (OR3x1_ASAP7_75t_R)
  29.93  370.47 ^ _099915_/Y (BUFx3_ASAP7_75t_R)
  28.73  399.19 ^ _099916_/Y (BUFx6f_ASAP7_75t_R)
  10.79  409.99 v _099919_/Y (NAND2x1_ASAP7_75t_R)
  22.78  432.77 v _099920_/Y (OA21x2_ASAP7_75t_R)
   0.00  432.77 v _115349_/D (DFFHQNx1_ASAP7_75t_R)
         432.77   data arrival time

   0.00    0.00   clock clk (rise edge)
   0.00    0.00   clock network delay (ideal)
   0.00    0.00   clock reconvergence pessimism
           0.00 ^ _115349_/CLK (DFFHQNx1_ASAP7_75t_R)
  14.30   14.30   library hold time
          14.30   data required time
---------------------------------------------------------
          14.30   data required time
        -432.77   data arrival time
---------------------------------------------------------
         418.47   slack (MET)


Startpoint: _117206_ (rising edge-triggered flip-flop clocked by clk)
Endpoint: _113138_ (rising edge-triggered flip-flop clocked by clk)
Path Group: clk
Path Type: min

  Delay    Time   Description
---------------------------------------------------------
   0.00    0.00   clock clk (rise edge)
   0.00    0.00   clock network delay (ideal)
   0.00    0.00 ^ _117206_/CLK (DFFASRHQNx1_ASAP7_75t_R)
  96.77   96.77 ^ _117206_/QN (DFFASRHQNx1_ASAP7_75t_R)
  32.92  129.69 v _079487_/Y (NOR2x2_ASAP7_75t_R)
  19.26  148.95 ^ _079488_/Y (NAND2x1_ASAP7_75t_R)
  29.15  178.10 ^ _079491_/Y (AO21x1_ASAP7_75t_R)
  26.24  204.34 ^ _079492_/Y (BUFx6f_ASAP7_75t_R)
  18.83  223.17 v _079758_/Y (NAND2x2_ASAP7_75t_R)
  21.16  244.33 ^ _080089_/Y (NOR2x2_ASAP7_75t_R)
  33.83  278.16 ^ _080221_/Y (BUFx4f_ASAP7_75t_R)
  30.37  308.53 ^ _081036_/Y (BUFx4f_ASAP7_75t_R)
  21.73  330.26 ^ _094407_/Y (OR3x1_ASAP7_75t_R)
  29.06  359.32 ^ _094408_/Y (BUFx3_ASAP7_75t_R)
  33.78  393.10 ^ _094409_/Y (BUFx3_ASAP7_75t_R)
  12.73  405.83 v _094412_/Y (NAND2x1_ASAP7_75t_R)
  23.58  429.42 v _094413_/Y (OA21x2_ASAP7_75t_R)
   0.00  429.42 v _113138_/D (DFFHQNx1_ASAP7_75t_R)
         429.42   data arrival time

   0.00    0.00   clock clk (rise edge)
   0.00    0.00   clock network delay (ideal)
   0.00    0.00   clock reconvergence pessimism
           0.00 ^ _113138_/CLK (DFFHQNx1_ASAP7_75t_R)
  14.30   14.30   library hold time
          14.30   data required time
---------------------------------------------------------
          14.30   data required time
        -429.42   data arrival time
---------------------------------------------------------
         415.12   slack (MET)


Startpoint: _117206_ (rising edge-triggered flip-flop clocked by clk)
Endpoint: _108471_ (rising edge-triggered flip-flop clocked by clk)
Path Group: clk
Path Type: min

  Delay    Time   Description
---------------------------------------------------------
   0.00    0.00   clock clk (rise edge)
   0.00    0.00   clock network delay (ideal)
   0.00    0.00 ^ _117206_/CLK (DFFASRHQNx1_ASAP7_75t_R)
  96.77   96.77 ^ _117206_/QN (DFFASRHQNx1_ASAP7_75t_R)
  32.92  129.69 v _079487_/Y (NOR2x2_ASAP7_75t_R)
  19.26  148.95 ^ _079488_/Y (NAND2x1_ASAP7_75t_R)
  29.15  178.10 ^ _079491_/Y (AO21x1_ASAP7_75t_R)
  26.24  204.34 ^ _079492_/Y (BUFx6f_ASAP7_75t_R)
  18.83  223.17 v _079758_/Y (NAND2x2_ASAP7_75t_R)
  21.16  244.33 ^ _080089_/Y (NOR2x2_ASAP7_75t_R)
  33.83  278.16 ^ _080221_/Y (BUFx4f_ASAP7_75t_R)
  30.37  308.53 ^ _081036_/Y (BUFx4f_ASAP7_75t_R)
  21.73  330.26 ^ _082954_/Y (OR3x1_ASAP7_75t_R)
  29.06  359.32 ^ _082955_/Y (BUFx3_ASAP7_75t_R)
  33.78  393.10 ^ _082956_/Y (BUFx3_ASAP7_75t_R)
  12.73  405.83 v _082957_/Y (NAND2x1_ASAP7_75t_R)
  23.40  429.24 v _082958_/Y (OA21x2_ASAP7_75t_R)
   0.00  429.24 v _108471_/D (DFFHQNx1_ASAP7_75t_R)
         429.24   data arrival time

   0.00    0.00   clock clk (rise edge)
   0.00    0.00   clock network delay (ideal)
   0.00    0.00   clock reconvergence pessimism
           0.00 ^ _108471_/CLK (DFFHQNx1_ASAP7_75t_R)
  14.30   14.30   library hold time
          14.30   data required time
---------------------------------------------------------
          14.30   data required time
        -429.24   data arrival time
---------------------------------------------------------
         414.94   slack (MET)


Startpoint: _117206_ (rising edge-triggered flip-flop clocked by clk)
Endpoint: _108303_ (rising edge-triggered flip-flop clocked by clk)
Path Group: clk
Path Type: min

  Delay    Time   Description
---------------------------------------------------------
   0.00    0.00   clock clk (rise edge)
   0.00    0.00   clock network delay (ideal)
   0.00    0.00 ^ _117206_/CLK (DFFASRHQNx1_ASAP7_75t_R)
  96.77   96.77 ^ _117206_/QN (DFFASRHQNx1_ASAP7_75t_R)
  32.92  129.69 v _079487_/Y (NOR2x2_ASAP7_75t_R)
  19.26  148.95 ^ _079488_/Y (NAND2x1_ASAP7_75t_R)
  29.15  178.10 ^ _079491_/Y (AO21x1_ASAP7_75t_R)
  26.24  204.34 ^ _079492_/Y (BUFx6f_ASAP7_75t_R)
  18.83  223.17 v _079758_/Y (NAND2x2_ASAP7_75t_R)
  21.16  244.33 ^ _080089_/Y (NOR2x2_ASAP7_75t_R)
  33.83  278.16 ^ _080221_/Y (BUFx4f_ASAP7_75t_R)
  30.37  308.53 ^ _080489_/Y (BUFx4f_ASAP7_75t_R)
  21.73  330.26 ^ _082533_/Y (OR3x1_ASAP7_75t_R)
  29.00  359.27 ^ _082534_/Y (BUFx3_ASAP7_75t_R)
  33.80  393.06 ^ _082535_/Y (BUFx3_ASAP7_75t_R)
  12.75  405.82 v _082536_/Y (NAND2x1_ASAP7_75t_R)
  23.59  429.41 v _082537_/Y (OA21x2_ASAP7_75t_R)
   0.00  429.41 v _108303_/D (DFFHQNx1_ASAP7_75t_R)
         429.41   data arrival time

   0.00    0.00   clock clk (rise edge)
   0.00    0.00   clock network delay (ideal)
   0.00    0.00   clock reconvergence pessimism
           0.00 ^ _108303_/CLK (DFFHQNx1_ASAP7_75t_R)
  14.30   14.30   library hold time
          14.30   data required time
---------------------------------------------------------
          14.30   data required time
        -429.41   data arrival time
---------------------------------------------------------
         415.11   slack (MET)


Startpoint: _117206_ (rising edge-triggered flip-flop clocked by clk)
Endpoint: _113633_ (rising edge-triggered flip-flop clocked by clk)
Path Group: clk
Path Type: min

  Delay    Time   Description
---------------------------------------------------------
   0.00    0.00   clock clk (rise edge)
   0.00    0.00   clock network delay (ideal)
   0.00    0.00 ^ _117206_/CLK (DFFASRHQNx1_ASAP7_75t_R)
  96.77   96.77 ^ _117206_/QN (DFFASRHQNx1_ASAP7_75t_R)
  32.92  129.69 v _079487_/Y (NOR2x2_ASAP7_75t_R)
  19.26  148.95 ^ _079488_/Y (NAND2x1_ASAP7_75t_R)
  29.15  178.10 ^ _079491_/Y (AO21x1_ASAP7_75t_R)
  26.24  204.34 ^ _079492_/Y (BUFx6f_ASAP7_75t_R)
  18.83  223.17 v _079758_/Y (NAND2x2_ASAP7_75t_R)
  21.16  244.33 ^ _080089_/Y (NOR2x2_ASAP7_75t_R)
  33.83  278.16 ^ _080221_/Y (BUFx4f_ASAP7_75t_R)
  30.37  308.53 ^ _082914_/Y (BUFx4f_ASAP7_75t_R)
  21.73  330.26 ^ _095641_/Y (OR3x1_ASAP7_75t_R)
  29.00  359.27 ^ _095642_/Y (BUFx3_ASAP7_75t_R)
  33.80  393.06 ^ _095643_/Y (BUFx3_ASAP7_75t_R)
  12.75  405.82 v _095644_/Y (NAND2x1_ASAP7_75t_R)
  23.59  429.41 v _095645_/Y (OA21x2_ASAP7_75t_R)
   0.00  429.41 v _113633_/D (DFFHQNx1_ASAP7_75t_R)
         429.41   data arrival time

   0.00    0.00   clock clk (rise edge)
   0.00    0.00   clock network delay (ideal)
   0.00    0.00   clock reconvergence pessimism
           0.00 ^ _113633_/CLK (DFFHQNx1_ASAP7_75t_R)
  14.30   14.30   library hold time
          14.30   data required time
---------------------------------------------------------
          14.30   data required time
        -429.41   data arrival time
---------------------------------------------------------
         415.11   slack (MET)


Startpoint: _117206_ (rising edge-triggered flip-flop clocked by clk)
Endpoint: _113945_ (rising edge-triggered flip-flop clocked by clk)
Path Group: clk
Path Type: min

  Delay    Time   Description
---------------------------------------------------------
   0.00    0.00   clock clk (rise edge)
   0.00    0.00   clock network delay (ideal)
   0.00    0.00 ^ _117206_/CLK (DFFASRHQNx1_ASAP7_75t_R)
  96.77   96.77 ^ _117206_/QN (DFFASRHQNx1_ASAP7_75t_R)
  32.92  129.69 v _079487_/Y (NOR2x2_ASAP7_75t_R)
  19.26  148.95 ^ _079488_/Y (NAND2x1_ASAP7_75t_R)
  29.15  178.10 ^ _079491_/Y (AO21x1_ASAP7_75t_R)
  26.24  204.34 ^ _079492_/Y (BUFx6f_ASAP7_75t_R)
  18.83  223.17 v _079758_/Y (NAND2x2_ASAP7_75t_R)
  21.16  244.33 ^ _080089_/Y (NOR2x2_ASAP7_75t_R)
  33.83  278.16 ^ _080221_/Y (BUFx4f_ASAP7_75t_R)
  30.37  308.53 ^ _082914_/Y (BUFx4f_ASAP7_75t_R)
  21.73  330.26 ^ _096416_/Y (OR3x1_ASAP7_75t_R)
  29.00  359.27 ^ _096417_/Y (BUFx3_ASAP7_75t_R)
  33.80  393.06 ^ _096418_/Y (BUFx3_ASAP7_75t_R)
  12.75  405.82 v _096419_/Y (NAND2x1_ASAP7_75t_R)
  23.59  429.41 v _096420_/Y (OA21x2_ASAP7_75t_R)
   0.00  429.41 v _113945_/D (DFFHQNx1_ASAP7_75t_R)
         429.41   data arrival time

   0.00    0.00   clock clk (rise edge)
   0.00    0.00   clock network delay (ideal)
   0.00    0.00   clock reconvergence pessimism
           0.00 ^ _113945_/CLK (DFFHQNx1_ASAP7_75t_R)
  14.30   14.30   library hold time
          14.30   data required time
---------------------------------------------------------
          14.30   data required time
        -429.41   data arrival time
---------------------------------------------------------
         415.11   slack (MET)


Startpoint: _117206_ (rising edge-triggered flip-flop clocked by clk)
Endpoint: _107447_ (rising edge-triggered flip-flop clocked by clk)
Path Group: clk
Path Type: min

  Delay    Time   Description
---------------------------------------------------------
   0.00    0.00   clock clk (rise edge)
   0.00    0.00   clock network delay (ideal)
   0.00    0.00 ^ _117206_/CLK (DFFASRHQNx1_ASAP7_75t_R)
  96.77   96.77 ^ _117206_/QN (DFFASRHQNx1_ASAP7_75t_R)
  32.92  129.69 v _079487_/Y (NOR2x2_ASAP7_75t_R)
  19.26  148.95 ^ _079488_/Y (NAND2x1_ASAP7_75t_R)
  29.15  178.10 ^ _079491_/Y (AO21x1_ASAP7_75t_R)
  26.24  204.34 ^ _079492_/Y (BUFx6f_ASAP7_75t_R)
  18.83  223.17 v _079758_/Y (NAND2x2_ASAP7_75t_R)
  21.16  244.33 ^ _080089_/Y (NOR2x2_ASAP7_75t_R)
  33.83  278.16 ^ _080221_/Y (BUFx4f_ASAP7_75t_R)
  30.37  308.53 ^ _080222_/Y (BUFx4f_ASAP7_75t_R)
  21.73  330.26 ^ _080224_/Y (OR3x1_ASAP7_75t_R)
  29.06  359.32 ^ _080225_/Y (BUFx3_ASAP7_75t_R)
  33.78  393.10 ^ _080226_/Y (BUFx3_ASAP7_75t_R)
  12.73  405.83 v _080227_/Y (NAND2x1_ASAP7_75t_R)
  23.40  429.24 v _080228_/Y (OA21x2_ASAP7_75t_R)
   0.00  429.24 v _107447_/D (DFFHQNx1_ASAP7_75t_R)
         429.24   data arrival time

   0.00    0.00   clock clk (rise edge)
   0.00    0.00   clock network delay (ideal)
   0.00    0.00   clock reconvergence pessimism
           0.00 ^ _107447_/CLK (DFFHQNx1_ASAP7_75t_R)
  14.30   14.30   library hold time
          14.30   data required time
---------------------------------------------------------
          14.30   data required time
        -429.24   data arrival time
---------------------------------------------------------
         414.94   slack (MET)


Startpoint: _117206_ (rising edge-triggered flip-flop clocked by clk)
Endpoint: _107448_ (rising edge-triggered flip-flop clocked by clk)
Path Group: clk
Path Type: min

  Delay    Time   Description
---------------------------------------------------------
   0.00    0.00   clock clk (rise edge)
   0.00    0.00   clock network delay (ideal)
   0.00    0.00 ^ _117206_/CLK (DFFASRHQNx1_ASAP7_75t_R)
  96.77   96.77 ^ _117206_/QN (DFFASRHQNx1_ASAP7_75t_R)
  32.92  129.69 v _079487_/Y (NOR2x2_ASAP7_75t_R)
  19.26  148.95 ^ _079488_/Y (NAND2x1_ASAP7_75t_R)
  29.15  178.10 ^ _079491_/Y (AO21x1_ASAP7_75t_R)
  26.24  204.34 ^ _079492_/Y (BUFx6f_ASAP7_75t_R)
  18.83  223.17 v _079758_/Y (NAND2x2_ASAP7_75t_R)
  21.16  244.33 ^ _080089_/Y (NOR2x2_ASAP7_75t_R)
  33.83  278.16 ^ _080221_/Y (BUFx4f_ASAP7_75t_R)
  30.37  308.53 ^ _080222_/Y (BUFx4f_ASAP7_75t_R)
  21.73  330.26 ^ _080224_/Y (OR3x1_ASAP7_75t_R)
  29.06  359.32 ^ _080225_/Y (BUFx3_ASAP7_75t_R)
  33.78  393.10 ^ _080226_/Y (BUFx3_ASAP7_75t_R)
  12.73  405.83 v _080229_/Y (NAND2x1_ASAP7_75t_R)
  23.40  429.24 v _080230_/Y (OA21x2_ASAP7_75t_R)
   0.00  429.24 v _107448_/D (DFFHQNx1_ASAP7_75t_R)
         429.24   data arrival time

   0.00    0.00   clock clk (rise edge)
   0.00    0.00   clock network delay (ideal)
   0.00    0.00   clock reconvergence pessimism
           0.00 ^ _107448_/CLK (DFFHQNx1_ASAP7_75t_R)
  14.30   14.30   library hold time
          14.30   data required time
---------------------------------------------------------
          14.30   data required time
        -429.24   data arrival time
---------------------------------------------------------
         414.94   slack (MET)


Startpoint: _117206_ (rising edge-triggered flip-flop clocked by clk)
Endpoint: _107655_ (rising edge-triggered flip-flop clocked by clk)
Path Group: clk
Path Type: min

  Delay    Time   Description
---------------------------------------------------------
   0.00    0.00   clock clk (rise edge)
   0.00    0.00   clock network delay (ideal)
   0.00    0.00 ^ _117206_/CLK (DFFASRHQNx1_ASAP7_75t_R)
  96.77   96.77 ^ _117206_/QN (DFFASRHQNx1_ASAP7_75t_R)
  32.92  129.69 v _079487_/Y (NOR2x2_ASAP7_75t_R)
  19.26  148.95 ^ _079488_/Y (NAND2x1_ASAP7_75t_R)
  29.15  178.10 ^ _079491_/Y (AO21x1_ASAP7_75t_R)
  26.24  204.34 ^ _079492_/Y (BUFx6f_ASAP7_75t_R)
  18.83  223.17 v _079758_/Y (NAND2x2_ASAP7_75t_R)
  21.16  244.33 ^ _080089_/Y (NOR2x2_ASAP7_75t_R)
  33.83  278.16 ^ _080221_/Y (BUFx4f_ASAP7_75t_R)
  30.37  308.53 ^ _080222_/Y (BUFx4f_ASAP7_75t_R)
  21.73  330.26 ^ _080791_/Y (OR3x1_ASAP7_75t_R)
  29.06  359.32 ^ _080792_/Y (BUFx3_ASAP7_75t_R)
  33.78  393.10 ^ _080793_/Y (BUFx3_ASAP7_75t_R)
  12.73  405.83 v _080794_/Y (NAND2x1_ASAP7_75t_R)
  23.40  429.24 v _080795_/Y (OA21x2_ASAP7_75t_R)
   0.00  429.24 v _107655_/D (DFFHQNx1_ASAP7_75t_R)
         429.24   data arrival time

   0.00    0.00   clock clk (rise edge)
   0.00    0.00   clock network delay (ideal)
   0.00    0.00   clock reconvergence pessimism
           0.00 ^ _107655_/CLK (DFFHQNx1_ASAP7_75t_R)
  14.30   14.30   library hold time
          14.30   data required time
---------------------------------------------------------
          14.30   data required time
        -429.24   data arrival time
---------------------------------------------------------
         414.94   slack (MET)


Startpoint: _117206_ (rising edge-triggered flip-flop clocked by clk)
Endpoint: _107656_ (rising edge-triggered flip-flop clocked by clk)
Path Group: clk
Path Type: min

  Delay    Time   Description
---------------------------------------------------------
   0.00    0.00   clock clk (rise edge)
   0.00    0.00   clock network delay (ideal)
   0.00    0.00 ^ _117206_/CLK (DFFASRHQNx1_ASAP7_75t_R)
  96.77   96.77 ^ _117206_/QN (DFFASRHQNx1_ASAP7_75t_R)
  32.92  129.69 v _079487_/Y (NOR2x2_ASAP7_75t_R)
  19.26  148.95 ^ _079488_/Y (NAND2x1_ASAP7_75t_R)
  29.15  178.10 ^ _079491_/Y (AO21x1_ASAP7_75t_R)
  26.24  204.34 ^ _079492_/Y (BUFx6f_ASAP7_75t_R)
  18.83  223.17 v _079758_/Y (NAND2x2_ASAP7_75t_R)
  21.16  244.33 ^ _080089_/Y (NOR2x2_ASAP7_75t_R)
  33.83  278.16 ^ _080221_/Y (BUFx4f_ASAP7_75t_R)
  30.37  308.53 ^ _080222_/Y (BUFx4f_ASAP7_75t_R)
  21.73  330.26 ^ _080791_/Y (OR3x1_ASAP7_75t_R)
  29.06  359.32 ^ _080792_/Y (BUFx3_ASAP7_75t_R)
  33.78  393.10 ^ _080793_/Y (BUFx3_ASAP7_75t_R)
  12.73  405.83 v _080796_/Y (NAND2x1_ASAP7_75t_R)
  23.40  429.24 v _080797_/Y (OA21x2_ASAP7_75t_R)
   0.00  429.24 v _107656_/D (DFFHQNx1_ASAP7_75t_R)
         429.24   data arrival time

   0.00    0.00   clock clk (rise edge)
   0.00    0.00   clock network delay (ideal)
   0.00    0.00   clock reconvergence pessimism
           0.00 ^ _107656_/CLK (DFFHQNx1_ASAP7_75t_R)
  14.30   14.30   library hold time
          14.30   data required time
---------------------------------------------------------
          14.30   data required time
        -429.24   data arrival time
---------------------------------------------------------
         414.94   slack (MET)


Startpoint: _117206_ (rising edge-triggered flip-flop clocked by clk)
Endpoint: _107689_ (rising edge-triggered flip-flop clocked by clk)
Path Group: clk
Path Type: min

  Delay    Time   Description
---------------------------------------------------------
   0.00    0.00   clock clk (rise edge)
   0.00    0.00   clock network delay (ideal)
   0.00    0.00 ^ _117206_/CLK (DFFASRHQNx1_ASAP7_75t_R)
  96.77   96.77 ^ _117206_/QN (DFFASRHQNx1_ASAP7_75t_R)
  32.92  129.69 v _079487_/Y (NOR2x2_ASAP7_75t_R)
  19.26  148.95 ^ _079488_/Y (NAND2x1_ASAP7_75t_R)
  29.15  178.10 ^ _079491_/Y (AO21x1_ASAP7_75t_R)
  26.24  204.34 ^ _079492_/Y (BUFx6f_ASAP7_75t_R)
  18.83  223.17 v _079758_/Y (NAND2x2_ASAP7_75t_R)
  21.16  244.33 ^ _080089_/Y (NOR2x2_ASAP7_75t_R)
  33.83  278.16 ^ _080221_/Y (BUFx4f_ASAP7_75t_R)
  30.37  308.53 ^ _080222_/Y (BUFx4f_ASAP7_75t_R)
  21.73  330.26 ^ _080873_/Y (OR3x1_ASAP7_75t_R)
  29.06  359.32 ^ _080874_/Y (BUFx3_ASAP7_75t_R)
  33.78  393.10 ^ _080875_/Y (BUFx3_ASAP7_75t_R)
  12.73  405.83 v _080880_/Y (NAND2x1_ASAP7_75t_R)
  23.40  429.24 v _080881_/Y (OA21x2_ASAP7_75t_R)
   0.00  429.24 v _107689_/D (DFFHQNx1_ASAP7_75t_R)
         429.24   data arrival time

   0.00    0.00   clock clk (rise edge)
   0.00    0.00   clock network delay (ideal)
   0.00    0.00   clock reconvergence pessimism
           0.00 ^ _107689_/CLK (DFFHQNx1_ASAP7_75t_R)
  14.30   14.30   library hold time
          14.30   data required time
---------------------------------------------------------
          14.30   data required time
        -429.24   data arrival time
---------------------------------------------------------
         414.94   slack (MET)


Startpoint: _117206_ (rising edge-triggered flip-flop clocked by clk)
Endpoint: _107711_ (rising edge-triggered flip-flop clocked by clk)
Path Group: clk
Path Type: min

  Delay    Time   Description
---------------------------------------------------------
   0.00    0.00   clock clk (rise edge)
   0.00    0.00   clock network delay (ideal)
   0.00    0.00 ^ _117206_/CLK (DFFASRHQNx1_ASAP7_75t_R)
  96.77   96.77 ^ _117206_/QN (DFFASRHQNx1_ASAP7_75t_R)
  32.92  129.69 v _079487_/Y (NOR2x2_ASAP7_75t_R)
  19.26  148.95 ^ _079488_/Y (NAND2x1_ASAP7_75t_R)
  29.15  178.10 ^ _079491_/Y (AO21x1_ASAP7_75t_R)
  26.24  204.34 ^ _079492_/Y (BUFx6f_ASAP7_75t_R)
  18.83  223.17 v _079758_/Y (NAND2x2_ASAP7_75t_R)
  21.16  244.33 ^ _080089_/Y (NOR2x2_ASAP7_75t_R)
  33.83  278.16 ^ _080221_/Y (BUFx4f_ASAP7_75t_R)
  30.37  308.53 ^ _080222_/Y (BUFx4f_ASAP7_75t_R)
  21.73  330.26 ^ _080941_/Y (OR3x1_ASAP7_75t_R)
  29.06  359.32 ^ _080942_/Y (BUFx3_ASAP7_75t_R)
  33.78  393.10 ^ _080943_/Y (BUFx3_ASAP7_75t_R)
  12.73  405.83 v _080944_/Y (NAND2x1_ASAP7_75t_R)
  23.40  429.24 v _080945_/Y (OA21x2_ASAP7_75t_R)
   0.00  429.24 v _107711_/D (DFFHQNx1_ASAP7_75t_R)
         429.24   data arrival time

   0.00    0.00   clock clk (rise edge)
   0.00    0.00   clock network delay (ideal)
   0.00    0.00   clock reconvergence pessimism
           0.00 ^ _107711_/CLK (DFFHQNx1_ASAP7_75t_R)
  14.30   14.30   library hold time
          14.30   data required time
---------------------------------------------------------
          14.30   data required time
        -429.24   data arrival time
---------------------------------------------------------
         414.94   slack (MET)


Startpoint: _117206_ (rising edge-triggered flip-flop clocked by clk)
Endpoint: _107712_ (rising edge-triggered flip-flop clocked by clk)
Path Group: clk
Path Type: min

  Delay    Time   Description
---------------------------------------------------------
   0.00    0.00   clock clk (rise edge)
   0.00    0.00   clock network delay (ideal)
   0.00    0.00 ^ _117206_/CLK (DFFASRHQNx1_ASAP7_75t_R)
  96.77   96.77 ^ _117206_/QN (DFFASRHQNx1_ASAP7_75t_R)
  32.92  129.69 v _079487_/Y (NOR2x2_ASAP7_75t_R)
  19.26  148.95 ^ _079488_/Y (NAND2x1_ASAP7_75t_R)
  29.15  178.10 ^ _079491_/Y (AO21x1_ASAP7_75t_R)
  26.24  204.34 ^ _079492_/Y (BUFx6f_ASAP7_75t_R)
  18.83  223.17 v _079758_/Y (NAND2x2_ASAP7_75t_R)
  21.16  244.33 ^ _080089_/Y (NOR2x2_ASAP7_75t_R)
  33.83  278.16 ^ _080221_/Y (BUFx4f_ASAP7_75t_R)
  30.37  308.53 ^ _080222_/Y (BUFx4f_ASAP7_75t_R)
  21.73  330.26 ^ _080941_/Y (OR3x1_ASAP7_75t_R)
  29.06  359.32 ^ _080942_/Y (BUFx3_ASAP7_75t_R)
  33.78  393.10 ^ _080943_/Y (BUFx3_ASAP7_75t_R)
  12.73  405.83 v _080946_/Y (NAND2x1_ASAP7_75t_R)
  23.40  429.24 v _080947_/Y (OA21x2_ASAP7_75t_R)
   0.00  429.24 v _107712_/D (DFFHQNx1_ASAP7_75t_R)
         429.24   data arrival time

   0.00    0.00   clock clk (rise edge)
   0.00    0.00   clock network delay (ideal)
   0.00    0.00   clock reconvergence pessimism
           0.00 ^ _107712_/CLK (DFFHQNx1_ASAP7_75t_R)
  14.30   14.30   library hold time
          14.30   data required time
---------------------------------------------------------
          14.30   data required time
        -429.24   data arrival time
---------------------------------------------------------
         414.94   slack (MET)


Startpoint: _117206_ (rising edge-triggered flip-flop clocked by clk)
Endpoint: _107735_ (rising edge-triggered flip-flop clocked by clk)
Path Group: clk
Path Type: min

  Delay    Time   Description
---------------------------------------------------------
   0.00    0.00   clock clk (rise edge)
   0.00    0.00   clock network delay (ideal)
   0.00    0.00 ^ _117206_/CLK (DFFASRHQNx1_ASAP7_75t_R)
  96.77   96.77 ^ _117206_/QN (DFFASRHQNx1_ASAP7_75t_R)
  32.92  129.69 v _079487_/Y (NOR2x2_ASAP7_75t_R)
  19.26  148.95 ^ _079488_/Y (NAND2x1_ASAP7_75t_R)
  29.15  178.10 ^ _079491_/Y (AO21x1_ASAP7_75t_R)
  26.24  204.34 ^ _079492_/Y (BUFx6f_ASAP7_75t_R)
  18.83  223.17 v _079758_/Y (NAND2x2_ASAP7_75t_R)
  21.16  244.33 ^ _080089_/Y (NOR2x2_ASAP7_75t_R)
  33.83  278.16 ^ _080221_/Y (BUFx4f_ASAP7_75t_R)
  30.37  308.53 ^ _080222_/Y (BUFx4f_ASAP7_75t_R)
  21.73  330.26 ^ _081015_/Y (OR3x1_ASAP7_75t_R)
  29.06  359.32 ^ _081016_/Y (BUFx3_ASAP7_75t_R)
  33.78  393.10 ^ _081017_/Y (BUFx3_ASAP7_75t_R)
  12.73  405.83 v _081018_/Y (NAND2x1_ASAP7_75t_R)
  23.40  429.24 v _081019_/Y (OA21x2_ASAP7_75t_R)
   0.00  429.24 v _107735_/D (DFFHQNx1_ASAP7_75t_R)
         429.24   data arrival time

   0.00    0.00   clock clk (rise edge)
   0.00    0.00   clock network delay (ideal)
   0.00    0.00   clock reconvergence pessimism
           0.00 ^ _107735_/CLK (DFFHQNx1_ASAP7_75t_R)
  14.30   14.30   library hold time
          14.30   data required time
---------------------------------------------------------
          14.30   data required time
        -429.24   data arrival time
---------------------------------------------------------
         414.94   slack (MET)


Startpoint: _117206_ (rising edge-triggered flip-flop clocked by clk)
Endpoint: _107743_ (rising edge-triggered flip-flop clocked by clk)
Path Group: clk
Path Type: min

  Delay    Time   Description
---------------------------------------------------------
   0.00    0.00   clock clk (rise edge)
   0.00    0.00   clock network delay (ideal)
   0.00    0.00 ^ _117206_/CLK (DFFASRHQNx1_ASAP7_75t_R)
  96.77   96.77 ^ _117206_/QN (DFFASRHQNx1_ASAP7_75t_R)
  32.92  129.69 v _079487_/Y (NOR2x2_ASAP7_75t_R)
  19.26  148.95 ^ _079488_/Y (NAND2x1_ASAP7_75t_R)
  29.15  178.10 ^ _079491_/Y (AO21x1_ASAP7_75t_R)
  26.24  204.34 ^ _079492_/Y (BUFx6f_ASAP7_75t_R)
  18.83  223.17 v _079758_/Y (NAND2x2_ASAP7_75t_R)
  21.16  244.33 ^ _080089_/Y (NOR2x2_ASAP7_75t_R)
  33.83  278.16 ^ _080221_/Y (BUFx4f_ASAP7_75t_R)
  30.37  308.53 ^ _081036_/Y (BUFx4f_ASAP7_75t_R)
  21.73  330.26 ^ _081039_/Y (OR3x1_ASAP7_75t_R)
  29.06  359.32 ^ _081040_/Y (BUFx3_ASAP7_75t_R)
  33.78  393.10 ^ _081041_/Y (BUFx3_ASAP7_75t_R)
  12.73  405.83 v _081042_/Y (NAND2x1_ASAP7_75t_R)
  23.40  429.24 v _081043_/Y (OA21x2_ASAP7_75t_R)
   0.00  429.24 v _107743_/D (DFFHQNx1_ASAP7_75t_R)
         429.24   data arrival time

   0.00    0.00   clock clk (rise edge)
   0.00    0.00   clock network delay (ideal)
   0.00    0.00   clock reconvergence pessimism
           0.00 ^ _107743_/CLK (DFFHQNx1_ASAP7_75t_R)
  14.30   14.30   library hold time
          14.30   data required time
---------------------------------------------------------
          14.30   data required time
        -429.24   data arrival time
---------------------------------------------------------
         414.94   slack (MET)


Startpoint: _117206_ (rising edge-triggered flip-flop clocked by clk)
Endpoint: _107744_ (rising edge-triggered flip-flop clocked by clk)
Path Group: clk
Path Type: min

  Delay    Time   Description
---------------------------------------------------------
   0.00    0.00   clock clk (rise edge)
   0.00    0.00   clock network delay (ideal)
   0.00    0.00 ^ _117206_/CLK (DFFASRHQNx1_ASAP7_75t_R)
  96.77   96.77 ^ _117206_/QN (DFFASRHQNx1_ASAP7_75t_R)
  32.92  129.69 v _079487_/Y (NOR2x2_ASAP7_75t_R)
  19.26  148.95 ^ _079488_/Y (NAND2x1_ASAP7_75t_R)
  29.15  178.10 ^ _079491_/Y (AO21x1_ASAP7_75t_R)
  26.24  204.34 ^ _079492_/Y (BUFx6f_ASAP7_75t_R)
  18.83  223.17 v _079758_/Y (NAND2x2_ASAP7_75t_R)
  21.16  244.33 ^ _080089_/Y (NOR2x2_ASAP7_75t_R)
  33.83  278.16 ^ _080221_/Y (BUFx4f_ASAP7_75t_R)
  30.37  308.53 ^ _081036_/Y (BUFx4f_ASAP7_75t_R)
  21.73  330.26 ^ _081039_/Y (OR3x1_ASAP7_75t_R)
  29.06  359.32 ^ _081040_/Y (BUFx3_ASAP7_75t_R)
  33.78  393.10 ^ _081041_/Y (BUFx3_ASAP7_75t_R)
  12.73  405.83 v _081044_/Y (NAND2x1_ASAP7_75t_R)
  23.40  429.24 v _081045_/Y (OA21x2_ASAP7_75t_R)
   0.00  429.24 v _107744_/D (DFFHQNx1_ASAP7_75t_R)
         429.24   data arrival time

   0.00    0.00   clock clk (rise edge)
   0.00    0.00   clock network delay (ideal)
   0.00    0.00   clock reconvergence pessimism
           0.00 ^ _107744_/CLK (DFFHQNx1_ASAP7_75t_R)
  14.30   14.30   library hold time
          14.30   data required time
---------------------------------------------------------
          14.30   data required time
        -429.24   data arrival time
---------------------------------------------------------
         414.94   slack (MET)


Startpoint: _117206_ (rising edge-triggered flip-flop clocked by clk)
Endpoint: _107767_ (rising edge-triggered flip-flop clocked by clk)
Path Group: clk
Path Type: min

  Delay    Time   Description
---------------------------------------------------------
   0.00    0.00   clock clk (rise edge)
   0.00    0.00   clock network delay (ideal)
   0.00    0.00 ^ _117206_/CLK (DFFASRHQNx1_ASAP7_75t_R)
  96.77   96.77 ^ _117206_/QN (DFFASRHQNx1_ASAP7_75t_R)
  32.92  129.69 v _079487_/Y (NOR2x2_ASAP7_75t_R)
  19.26  148.95 ^ _079488_/Y (NAND2x1_ASAP7_75t_R)
  29.15  178.10 ^ _079491_/Y (AO21x1_ASAP7_75t_R)
  26.24  204.34 ^ _079492_/Y (BUFx6f_ASAP7_75t_R)
  18.83  223.17 v _079758_/Y (NAND2x2_ASAP7_75t_R)
  21.16  244.33 ^ _080089_/Y (NOR2x2_ASAP7_75t_R)
  33.83  278.16 ^ _080221_/Y (BUFx4f_ASAP7_75t_R)
  30.37  308.53 ^ _081036_/Y (BUFx4f_ASAP7_75t_R)
  21.73  330.26 ^ _081107_/Y (OR3x1_ASAP7_75t_R)
  29.06  359.32 ^ _081108_/Y (BUFx3_ASAP7_75t_R)
  33.78  393.10 ^ _081109_/Y (BUFx3_ASAP7_75t_R)
  12.73  405.83 v _081110_/Y (NAND2x1_ASAP7_75t_R)
  23.40  429.24 v _081111_/Y (OA21x2_ASAP7_75t_R)
   0.00  429.24 v _107767_/D (DFFHQNx1_ASAP7_75t_R)
         429.24   data arrival time

   0.00    0.00   clock clk (rise edge)
   0.00    0.00   clock network delay (ideal)
   0.00    0.00   clock reconvergence pessimism
           0.00 ^ _107767_/CLK (DFFHQNx1_ASAP7_75t_R)
  14.30   14.30   library hold time
          14.30   data required time
---------------------------------------------------------
          14.30   data required time
        -429.24   data arrival time
---------------------------------------------------------
         414.94   slack (MET)


Startpoint: _117206_ (rising edge-triggered flip-flop clocked by clk)
Endpoint: _107769_ (rising edge-triggered flip-flop clocked by clk)
Path Group: clk
Path Type: min

  Delay    Time   Description
---------------------------------------------------------
   0.00    0.00   clock clk (rise edge)
   0.00    0.00   clock network delay (ideal)
   0.00    0.00 ^ _117206_/CLK (DFFASRHQNx1_ASAP7_75t_R)
  96.77   96.77 ^ _117206_/QN (DFFASRHQNx1_ASAP7_75t_R)
  32.92  129.69 v _079487_/Y (NOR2x2_ASAP7_75t_R)
  19.26  148.95 ^ _079488_/Y (NAND2x1_ASAP7_75t_R)
  29.15  178.10 ^ _079491_/Y (AO21x1_ASAP7_75t_R)
  26.24  204.34 ^ _079492_/Y (BUFx6f_ASAP7_75t_R)
  18.83  223.17 v _079758_/Y (NAND2x2_ASAP7_75t_R)
  21.16  244.33 ^ _080089_/Y (NOR2x2_ASAP7_75t_R)
  33.83  278.16 ^ _080221_/Y (BUFx4f_ASAP7_75t_R)
  30.37  308.53 ^ _081036_/Y (BUFx4f_ASAP7_75t_R)
  21.73  330.26 ^ _081107_/Y (OR3x1_ASAP7_75t_R)
  29.06  359.32 ^ _081108_/Y (BUFx3_ASAP7_75t_R)
  33.78  393.10 ^ _081109_/Y (BUFx3_ASAP7_75t_R)
  12.73  405.83 v _081115_/Y (NAND2x1_ASAP7_75t_R)
  23.40  429.24 v _081116_/Y (OA21x2_ASAP7_75t_R)
   0.00  429.24 v _107769_/D (DFFHQNx1_ASAP7_75t_R)
         429.24   data arrival time

   0.00    0.00   clock clk (rise edge)
   0.00    0.00   clock network delay (ideal)
   0.00    0.00   clock reconvergence pessimism
           0.00 ^ _107769_/CLK (DFFHQNx1_ASAP7_75t_R)
  14.30   14.30   library hold time
          14.30   data required time
---------------------------------------------------------
          14.30   data required time
        -429.24   data arrival time
---------------------------------------------------------
         414.94   slack (MET)


Startpoint: _117206_ (rising edge-triggered flip-flop clocked by clk)
Endpoint: _107775_ (rising edge-triggered flip-flop clocked by clk)
Path Group: clk
Path Type: min

  Delay    Time   Description
---------------------------------------------------------
   0.00    0.00   clock clk (rise edge)
   0.00    0.00   clock network delay (ideal)
   0.00    0.00 ^ _117206_/CLK (DFFASRHQNx1_ASAP7_75t_R)
  96.77   96.77 ^ _117206_/QN (DFFASRHQNx1_ASAP7_75t_R)
  32.92  129.69 v _079487_/Y (NOR2x2_ASAP7_75t_R)
  19.26  148.95 ^ _079488_/Y (NAND2x1_ASAP7_75t_R)
  29.15  178.10 ^ _079491_/Y (AO21x1_ASAP7_75t_R)
  26.24  204.34 ^ _079492_/Y (BUFx6f_ASAP7_75t_R)
  18.83  223.17 v _079758_/Y (NAND2x2_ASAP7_75t_R)
  21.16  244.33 ^ _080089_/Y (NOR2x2_ASAP7_75t_R)
  33.83  278.16 ^ _080221_/Y (BUFx4f_ASAP7_75t_R)
  30.37  308.53 ^ _081036_/Y (BUFx4f_ASAP7_75t_R)
  21.73  330.26 ^ _081131_/Y (OR3x1_ASAP7_75t_R)
  29.06  359.32 ^ _081132_/Y (BUFx3_ASAP7_75t_R)
  33.78  393.10 ^ _081133_/Y (BUFx3_ASAP7_75t_R)
  12.73  405.83 v _081134_/Y (NAND2x1_ASAP7_75t_R)
  23.40  429.24 v _081135_/Y (OA21x2_ASAP7_75t_R)
   0.00  429.24 v _107775_/D (DFFHQNx1_ASAP7_75t_R)
         429.24   data arrival time

   0.00    0.00   clock clk (rise edge)
   0.00    0.00   clock network delay (ideal)
   0.00    0.00   clock reconvergence pessimism
           0.00 ^ _107775_/CLK (DFFHQNx1_ASAP7_75t_R)
  14.30   14.30   library hold time
          14.30   data required time
---------------------------------------------------------
          14.30   data required time
        -429.24   data arrival time
---------------------------------------------------------
         414.94   slack (MET)


Startpoint: _117206_ (rising edge-triggered flip-flop clocked by clk)
Endpoint: _107783_ (rising edge-triggered flip-flop clocked by clk)
Path Group: clk
Path Type: min

  Delay    Time   Description
---------------------------------------------------------
   0.00    0.00   clock clk (rise edge)
   0.00    0.00   clock network delay (ideal)
   0.00    0.00 ^ _117206_/CLK (DFFASRHQNx1_ASAP7_75t_R)
  96.77   96.77 ^ _117206_/QN (DFFASRHQNx1_ASAP7_75t_R)
  32.92  129.69 v _079487_/Y (NOR2x2_ASAP7_75t_R)
  19.26  148.95 ^ _079488_/Y (NAND2x1_ASAP7_75t_R)
  29.15  178.10 ^ _079491_/Y (AO21x1_ASAP7_75t_R)
  26.24  204.34 ^ _079492_/Y (BUFx6f_ASAP7_75t_R)
  18.83  223.17 v _079758_/Y (NAND2x2_ASAP7_75t_R)
  21.16  244.33 ^ _080089_/Y (NOR2x2_ASAP7_75t_R)
  33.83  278.16 ^ _080221_/Y (BUFx4f_ASAP7_75t_R)
  30.37  308.53 ^ _081036_/Y (BUFx4f_ASAP7_75t_R)
  21.73  330.26 ^ _081155_/Y (OR3x1_ASAP7_75t_R)
  29.06  359.32 ^ _081156_/Y (BUFx3_ASAP7_75t_R)
  33.78  393.10 ^ _081157_/Y (BUFx3_ASAP7_75t_R)
  12.73  405.83 v _081158_/Y (NAND2x1_ASAP7_75t_R)
  23.40  429.24 v _081159_/Y (OA21x2_ASAP7_75t_R)
   0.00  429.24 v _107783_/D (DFFHQNx1_ASAP7_75t_R)
         429.24   data arrival time

   0.00    0.00   clock clk (rise edge)
   0.00    0.00   clock network delay (ideal)
   0.00    0.00   clock reconvergence pessimism
           0.00 ^ _107783_/CLK (DFFHQNx1_ASAP7_75t_R)
  14.30   14.30   library hold time
          14.30   data required time
---------------------------------------------------------
          14.30   data required time
        -429.24   data arrival time
---------------------------------------------------------
         414.94   slack (MET)


Startpoint: _117206_ (rising edge-triggered flip-flop clocked by clk)
Endpoint: _107784_ (rising edge-triggered flip-flop clocked by clk)
Path Group: clk
Path Type: min

  Delay    Time   Description
---------------------------------------------------------
   0.00    0.00   clock clk (rise edge)
   0.00    0.00   clock network delay (ideal)
   0.00    0.00 ^ _117206_/CLK (DFFASRHQNx1_ASAP7_75t_R)
  96.77   96.77 ^ _117206_/QN (DFFASRHQNx1_ASAP7_75t_R)
  32.92  129.69 v _079487_/Y (NOR2x2_ASAP7_75t_R)
  19.26  148.95 ^ _079488_/Y (NAND2x1_ASAP7_75t_R)
  29.15  178.10 ^ _079491_/Y (AO21x1_ASAP7_75t_R)
  26.24  204.34 ^ _079492_/Y (BUFx6f_ASAP7_75t_R)
  18.83  223.17 v _079758_/Y (NAND2x2_ASAP7_75t_R)
  21.16  244.33 ^ _080089_/Y (NOR2x2_ASAP7_75t_R)
  33.83  278.16 ^ _080221_/Y (BUFx4f_ASAP7_75t_R)
  30.37  308.53 ^ _081036_/Y (BUFx4f_ASAP7_75t_R)
  21.73  330.26 ^ _081155_/Y (OR3x1_ASAP7_75t_R)
  29.06  359.32 ^ _081156_/Y (BUFx3_ASAP7_75t_R)
  33.78  393.10 ^ _081157_/Y (BUFx3_ASAP7_75t_R)
  12.73  405.83 v _081160_/Y (NAND2x1_ASAP7_75t_R)
  23.40  429.24 v _081161_/Y (OA21x2_ASAP7_75t_R)
   0.00  429.24 v _107784_/D (DFFHQNx1_ASAP7_75t_R)
         429.24   data arrival time

   0.00    0.00   clock clk (rise edge)
   0.00    0.00   clock network delay (ideal)
   0.00    0.00   clock reconvergence pessimism
           0.00 ^ _107784_/CLK (DFFHQNx1_ASAP7_75t_R)
  14.30   14.30   library hold time
          14.30   data required time
---------------------------------------------------------
          14.30   data required time
        -429.24   data arrival time
---------------------------------------------------------
         414.94   slack (MET)


Startpoint: _117206_ (rising edge-triggered flip-flop clocked by clk)
Endpoint: _107839_ (rising edge-triggered flip-flop clocked by clk)
Path Group: clk
Path Type: min

  Delay    Time   Description
---------------------------------------------------------
   0.00    0.00   clock clk (rise edge)
   0.00    0.00   clock network delay (ideal)
   0.00    0.00 ^ _117206_/CLK (DFFASRHQNx1_ASAP7_75t_R)
  96.77   96.77 ^ _117206_/QN (DFFASRHQNx1_ASAP7_75t_R)
  32.92  129.69 v _079487_/Y (NOR2x2_ASAP7_75t_R)
  19.26  148.95 ^ _079488_/Y (NAND2x1_ASAP7_75t_R)
  29.15  178.10 ^ _079491_/Y (AO21x1_ASAP7_75t_R)
  26.24  204.34 ^ _079492_/Y (BUFx6f_ASAP7_75t_R)
  18.83  223.17 v _079758_/Y (NAND2x2_ASAP7_75t_R)
  21.16  244.33 ^ _080089_/Y (NOR2x2_ASAP7_75t_R)
  33.83  278.16 ^ _080221_/Y (BUFx4f_ASAP7_75t_R)
  30.37  308.53 ^ _081036_/Y (BUFx4f_ASAP7_75t_R)
  21.73  330.26 ^ _081298_/Y (OR3x1_ASAP7_75t_R)
  29.06  359.32 ^ _081299_/Y (BUFx3_ASAP7_75t_R)
  33.78  393.10 ^ _081300_/Y (BUFx3_ASAP7_75t_R)
  12.73  405.83 v _081301_/Y (NAND2x1_ASAP7_75t_R)
  23.40  429.24 v _081302_/Y (OA21x2_ASAP7_75t_R)
   0.00  429.24 v _107839_/D (DFFHQNx1_ASAP7_75t_R)
         429.24   data arrival time

   0.00    0.00   clock clk (rise edge)
   0.00    0.00   clock network delay (ideal)
   0.00    0.00   clock reconvergence pessimism
           0.00 ^ _107839_/CLK (DFFHQNx1_ASAP7_75t_R)
  14.30   14.30   library hold time
          14.30   data required time
---------------------------------------------------------
          14.30   data required time
        -429.24   data arrival time
---------------------------------------------------------
         414.94   slack (MET)


Startpoint: _117206_ (rising edge-triggered flip-flop clocked by clk)
Endpoint: _107840_ (rising edge-triggered flip-flop clocked by clk)
Path Group: clk
Path Type: min

  Delay    Time   Description
---------------------------------------------------------
   0.00    0.00   clock clk (rise edge)
   0.00    0.00   clock network delay (ideal)
   0.00    0.00 ^ _117206_/CLK (DFFASRHQNx1_ASAP7_75t_R)
  96.77   96.77 ^ _117206_/QN (DFFASRHQNx1_ASAP7_75t_R)
  32.92  129.69 v _079487_/Y (NOR2x2_ASAP7_75t_R)
  19.26  148.95 ^ _079488_/Y (NAND2x1_ASAP7_75t_R)
  29.15  178.10 ^ _079491_/Y (AO21x1_ASAP7_75t_R)
  26.24  204.34 ^ _079492_/Y (BUFx6f_ASAP7_75t_R)
  18.83  223.17 v _079758_/Y (NAND2x2_ASAP7_75t_R)
  21.16  244.33 ^ _080089_/Y (NOR2x2_ASAP7_75t_R)
  33.83  278.16 ^ _080221_/Y (BUFx4f_ASAP7_75t_R)
  30.37  308.53 ^ _081036_/Y (BUFx4f_ASAP7_75t_R)
  21.73  330.26 ^ _081298_/Y (OR3x1_ASAP7_75t_R)
  29.06  359.32 ^ _081299_/Y (BUFx3_ASAP7_75t_R)
  33.78  393.10 ^ _081300_/Y (BUFx3_ASAP7_75t_R)
  12.73  405.83 v _081304_/Y (NAND2x1_ASAP7_75t_R)
  23.40  429.24 v _081305_/Y (OA21x2_ASAP7_75t_R)
   0.00  429.24 v _107840_/D (DFFHQNx1_ASAP7_75t_R)
         429.24   data arrival time

   0.00    0.00   clock clk (rise edge)
   0.00    0.00   clock network delay (ideal)
   0.00    0.00   clock reconvergence pessimism
           0.00 ^ _107840_/CLK (DFFHQNx1_ASAP7_75t_R)
  14.30   14.30   library hold time
          14.30   data required time
---------------------------------------------------------
          14.30   data required time
        -429.24   data arrival time
---------------------------------------------------------
         414.94   slack (MET)


Startpoint: _117206_ (rising edge-triggered flip-flop clocked by clk)
Endpoint: _108472_ (rising edge-triggered flip-flop clocked by clk)
Path Group: clk
Path Type: min

  Delay    Time   Description
---------------------------------------------------------
   0.00    0.00   clock clk (rise edge)
   0.00    0.00   clock network delay (ideal)
   0.00    0.00 ^ _117206_/CLK (DFFASRHQNx1_ASAP7_75t_R)
  96.77   96.77 ^ _117206_/QN (DFFASRHQNx1_ASAP7_75t_R)
  32.92  129.69 v _079487_/Y (NOR2x2_ASAP7_75t_R)
  19.26  148.95 ^ _079488_/Y (NAND2x1_ASAP7_75t_R)
  29.15  178.10 ^ _079491_/Y (AO21x1_ASAP7_75t_R)
  26.24  204.34 ^ _079492_/Y (BUFx6f_ASAP7_75t_R)
  18.83  223.17 v _079758_/Y (NAND2x2_ASAP7_75t_R)
  21.16  244.33 ^ _080089_/Y (NOR2x2_ASAP7_75t_R)
  33.83  278.16 ^ _080221_/Y (BUFx4f_ASAP7_75t_R)
  30.37  308.53 ^ _081036_/Y (BUFx4f_ASAP7_75t_R)
  21.73  330.26 ^ _082954_/Y (OR3x1_ASAP7_75t_R)
  29.06  359.32 ^ _082955_/Y (BUFx3_ASAP7_75t_R)
  33.78  393.10 ^ _082956_/Y (BUFx3_ASAP7_75t_R)
  12.73  405.83 v _082959_/Y (NAND2x1_ASAP7_75t_R)
  23.40  429.24 v _082960_/Y (OA21x2_ASAP7_75t_R)
   0.00  429.24 v _108472_/D (DFFHQNx1_ASAP7_75t_R)
         429.24   data arrival time

   0.00    0.00   clock clk (rise edge)
   0.00    0.00   clock network delay (ideal)
   0.00    0.00   clock reconvergence pessimism
           0.00 ^ _108472_/CLK (DFFHQNx1_ASAP7_75t_R)
  14.30   14.30   library hold time
          14.30   data required time
---------------------------------------------------------
          14.30   data required time
        -429.24   data arrival time
---------------------------------------------------------
         414.94   slack (MET)


Startpoint: _117206_ (rising edge-triggered flip-flop clocked by clk)
Endpoint: _113394_ (rising edge-triggered flip-flop clocked by clk)
Path Group: clk
Path Type: min

  Delay    Time   Description
---------------------------------------------------------
   0.00    0.00   clock clk (rise edge)
   0.00    0.00   clock network delay (ideal)
   0.00    0.00 ^ _117206_/CLK (DFFASRHQNx1_ASAP7_75t_R)
  96.77   96.77 ^ _117206_/QN (DFFASRHQNx1_ASAP7_75t_R)
  32.92  129.69 v _079487_/Y (NOR2x2_ASAP7_75t_R)
  19.26  148.95 ^ _079488_/Y (NAND2x1_ASAP7_75t_R)
  29.15  178.10 ^ _079491_/Y (AO21x1_ASAP7_75t_R)
  26.24  204.34 ^ _079492_/Y (BUFx6f_ASAP7_75t_R)
  18.83  223.17 v _079758_/Y (NAND2x2_ASAP7_75t_R)
  21.16  244.33 ^ _080089_/Y (NOR2x2_ASAP7_75t_R)
  33.83  278.16 ^ _080221_/Y (BUFx4f_ASAP7_75t_R)
  30.37  308.53 ^ _082914_/Y (BUFx4f_ASAP7_75t_R)
  21.73  330.26 ^ _095043_/Y (OR3x1_ASAP7_75t_R)
  29.00  359.27 ^ _095044_/Y (BUFx3_ASAP7_75t_R)
  33.80  393.06 ^ _095045_/Y (BUFx3_ASAP7_75t_R)
  12.75  405.82 v _095048_/Y (NAND2x1_ASAP7_75t_R)
  23.59  429.41 v _095049_/Y (OA21x2_ASAP7_75t_R)
   0.00  429.41 v _113394_/D (DFFHQNx1_ASAP7_75t_R)
         429.41   data arrival time

   0.00    0.00   clock clk (rise edge)
   0.00    0.00   clock network delay (ideal)
   0.00    0.00   clock reconvergence pessimism
           0.00 ^ _113394_/CLK (DFFHQNx1_ASAP7_75t_R)
  14.30   14.30   library hold time
          14.30   data required time
---------------------------------------------------------
          14.30   data required time
        -429.41   data arrival time
---------------------------------------------------------
         415.11   slack (MET)


Startpoint: _117206_ (rising edge-triggered flip-flop clocked by clk)
Endpoint: _113946_ (rising edge-triggered flip-flop clocked by clk)
Path Group: clk
Path Type: min

  Delay    Time   Description
---------------------------------------------------------
   0.00    0.00   clock clk (rise edge)
   0.00    0.00   clock network delay (ideal)
   0.00    0.00 ^ _117206_/CLK (DFFASRHQNx1_ASAP7_75t_R)
  96.77   96.77 ^ _117206_/QN (DFFASRHQNx1_ASAP7_75t_R)
  32.92  129.69 v _079487_/Y (NOR2x2_ASAP7_75t_R)
  19.26  148.95 ^ _079488_/Y (NAND2x1_ASAP7_75t_R)
  29.15  178.10 ^ _079491_/Y (AO21x1_ASAP7_75t_R)
  26.24  204.34 ^ _079492_/Y (BUFx6f_ASAP7_75t_R)
  18.83  223.17 v _079758_/Y (NAND2x2_ASAP7_75t_R)
  21.16  244.33 ^ _080089_/Y (NOR2x2_ASAP7_75t_R)
  33.83  278.16 ^ _080221_/Y (BUFx4f_ASAP7_75t_R)
  30.37  308.53 ^ _082914_/Y (BUFx4f_ASAP7_75t_R)
  21.73  330.26 ^ _096416_/Y (OR3x1_ASAP7_75t_R)
  29.00  359.27 ^ _096417_/Y (BUFx3_ASAP7_75t_R)
  33.80  393.06 ^ _096418_/Y (BUFx3_ASAP7_75t_R)
  12.75  405.82 v _096421_/Y (NAND2x1_ASAP7_75t_R)
  23.59  429.41 v _096422_/Y (OA21x2_ASAP7_75t_R)
   0.00  429.41 v _113946_/D (DFFHQNx1_ASAP7_75t_R)
         429.41   data arrival time

   0.00    0.00   clock clk (rise edge)
   0.00    0.00   clock network delay (ideal)
   0.00    0.00   clock reconvergence pessimism
           0.00 ^ _113946_/CLK (DFFHQNx1_ASAP7_75t_R)
  14.30   14.30   library hold time
          14.30   data required time
---------------------------------------------------------
          14.30   data required time
        -429.41   data arrival time
---------------------------------------------------------
         415.11   slack (MET)


Startpoint: _117206_ (rising edge-triggered flip-flop clocked by clk)
Endpoint: _108263_ (rising edge-triggered flip-flop clocked by clk)
Path Group: clk
Path Type: min

  Delay    Time   Description
---------------------------------------------------------
   0.00    0.00   clock clk (rise edge)
   0.00    0.00   clock network delay (ideal)
   0.00    0.00 ^ _117206_/CLK (DFFASRHQNx1_ASAP7_75t_R)
  96.77   96.77 ^ _117206_/QN (DFFASRHQNx1_ASAP7_75t_R)
  32.92  129.69 v _079487_/Y (NOR2x2_ASAP7_75t_R)
  19.26  148.95 ^ _079488_/Y (NAND2x1_ASAP7_75t_R)
  29.15  178.10 ^ _079491_/Y (AO21x1_ASAP7_75t_R)
  26.24  204.34 ^ _079492_/Y (BUFx6f_ASAP7_75t_R)
  18.83  223.17 v _079758_/Y (NAND2x2_ASAP7_75t_R)
  21.16  244.33 ^ _080089_/Y (NOR2x2_ASAP7_75t_R)
  33.83  278.16 ^ _080221_/Y (BUFx4f_ASAP7_75t_R)
  30.37  308.53 ^ _080489_/Y (BUFx4f_ASAP7_75t_R)
  21.73  330.26 ^ _082435_/Y (OR3x1_ASAP7_75t_R)
  29.00  359.27 ^ _082436_/Y (BUFx3_ASAP7_75t_R)
  33.80  393.06 ^ _082437_/Y (BUFx3_ASAP7_75t_R)
  12.75  405.82 v _082438_/Y (NAND2x1_ASAP7_75t_R)
  23.40  429.22 v _082439_/Y (OA21x2_ASAP7_75t_R)
   0.00  429.22 v _108263_/D (DFFHQNx1_ASAP7_75t_R)
         429.22   data arrival time

   0.00    0.00   clock clk (rise edge)
   0.00    0.00   clock network delay (ideal)
   0.00    0.00   clock reconvergence pessimism
           0.00 ^ _108263_/CLK (DFFHQNx1_ASAP7_75t_R)
  14.30   14.30   library hold time
          14.30   data required time
---------------------------------------------------------
          14.30   data required time
        -429.22   data arrival time
---------------------------------------------------------
         414.92   slack (MET)


Startpoint: _117206_ (rising edge-triggered flip-flop clocked by clk)
Endpoint: _108407_ (rising edge-triggered flip-flop clocked by clk)
Path Group: clk
Path Type: min

  Delay    Time   Description
---------------------------------------------------------
   0.00    0.00   clock clk (rise edge)
   0.00    0.00   clock network delay (ideal)
   0.00    0.00 ^ _117206_/CLK (DFFASRHQNx1_ASAP7_75t_R)
  96.77   96.77 ^ _117206_/QN (DFFASRHQNx1_ASAP7_75t_R)
  32.92  129.69 v _079487_/Y (NOR2x2_ASAP7_75t_R)
  19.26  148.95 ^ _079488_/Y (NAND2x1_ASAP7_75t_R)
  29.15  178.10 ^ _079491_/Y (AO21x1_ASAP7_75t_R)
  26.24  204.34 ^ _079492_/Y (BUFx6f_ASAP7_75t_R)
  18.83  223.17 v _079758_/Y (NAND2x2_ASAP7_75t_R)
  21.16  244.33 ^ _080089_/Y (NOR2x2_ASAP7_75t_R)
  33.83  278.16 ^ _080221_/Y (BUFx4f_ASAP7_75t_R)
  30.37  308.53 ^ _080489_/Y (BUFx4f_ASAP7_75t_R)
  21.73  330.26 ^ _082796_/Y (OR3x1_ASAP7_75t_R)
  29.00  359.27 ^ _082797_/Y (BUFx3_ASAP7_75t_R)
  33.80  393.06 ^ _082798_/Y (BUFx3_ASAP7_75t_R)
  12.75  405.82 v _082799_/Y (NAND2x1_ASAP7_75t_R)
  23.40  429.22 v _082800_/Y (OA21x2_ASAP7_75t_R)
   0.00  429.22 v _108407_/D (DFFHQNx1_ASAP7_75t_R)
         429.22   data arrival time

   0.00    0.00   clock clk (rise edge)
   0.00    0.00   clock network delay (ideal)
   0.00    0.00   clock reconvergence pessimism
           0.00 ^ _108407_/CLK (DFFHQNx1_ASAP7_75t_R)
  14.30   14.30   library hold time
          14.30   data required time
---------------------------------------------------------
          14.30   data required time
        -429.22   data arrival time
---------------------------------------------------------
         414.92   slack (MET)


Startpoint: _117206_ (rising edge-triggered flip-flop clocked by clk)
Endpoint: _108455_ (rising edge-triggered flip-flop clocked by clk)
Path Group: clk
Path Type: min

  Delay    Time   Description
---------------------------------------------------------
   0.00    0.00   clock clk (rise edge)
   0.00    0.00   clock network delay (ideal)
   0.00    0.00 ^ _117206_/CLK (DFFASRHQNx1_ASAP7_75t_R)
  96.77   96.77 ^ _117206_/QN (DFFASRHQNx1_ASAP7_75t_R)
  32.92  129.69 v _079487_/Y (NOR2x2_ASAP7_75t_R)
  19.26  148.95 ^ _079488_/Y (NAND2x1_ASAP7_75t_R)
  29.15  178.10 ^ _079491_/Y (AO21x1_ASAP7_75t_R)
  26.24  204.34 ^ _079492_/Y (BUFx6f_ASAP7_75t_R)
  18.83  223.17 v _079758_/Y (NAND2x2_ASAP7_75t_R)
  21.16  244.33 ^ _080089_/Y (NOR2x2_ASAP7_75t_R)
  33.83  278.16 ^ _080221_/Y (BUFx4f_ASAP7_75t_R)
  30.37  308.53 ^ _082914_/Y (BUFx4f_ASAP7_75t_R)
  21.73  330.26 ^ _082915_/Y (OR3x1_ASAP7_75t_R)
  29.00  359.27 ^ _082916_/Y (BUFx3_ASAP7_75t_R)
  33.80  393.06 ^ _082917_/Y (BUFx3_ASAP7_75t_R)
  12.75  405.82 v _082918_/Y (NAND2x1_ASAP7_75t_R)
  23.40  429.22 v _082919_/Y (OA21x2_ASAP7_75t_R)
   0.00  429.22 v _108455_/D (DFFHQNx1_ASAP7_75t_R)
         429.22   data arrival time

   0.00    0.00   clock clk (rise edge)
   0.00    0.00   clock network delay (ideal)
   0.00    0.00   clock reconvergence pessimism
           0.00 ^ _108455_/CLK (DFFHQNx1_ASAP7_75t_R)
  14.30   14.30   library hold time
          14.30   data required time
---------------------------------------------------------
          14.30   data required time
        -429.22   data arrival time
---------------------------------------------------------
         414.92   slack (MET)


Startpoint: _117206_ (rising edge-triggered flip-flop clocked by clk)
Endpoint: _113209_ (rising edge-triggered flip-flop clocked by clk)
Path Group: clk
Path Type: min

  Delay    Time   Description
---------------------------------------------------------
   0.00    0.00   clock clk (rise edge)
   0.00    0.00   clock network delay (ideal)
   0.00    0.00 ^ _117206_/CLK (DFFASRHQNx1_ASAP7_75t_R)
  96.77   96.77 ^ _117206_/QN (DFFASRHQNx1_ASAP7_75t_R)
  32.92  129.69 v _079487_/Y (NOR2x2_ASAP7_75t_R)
  19.26  148.95 ^ _079488_/Y (NAND2x1_ASAP7_75t_R)
  29.15  178.10 ^ _079491_/Y (AO21x1_ASAP7_75t_R)
  26.24  204.34 ^ _079492_/Y (BUFx6f_ASAP7_75t_R)
  18.83  223.17 v _079758_/Y (NAND2x2_ASAP7_75t_R)
  21.16  244.33 ^ _080089_/Y (NOR2x2_ASAP7_75t_R)
  33.83  278.16 ^ _080221_/Y (BUFx4f_ASAP7_75t_R)
  30.37  308.53 ^ _082914_/Y (BUFx4f_ASAP7_75t_R)
  21.73  330.26 ^ _094588_/Y (OR3x1_ASAP7_75t_R)
  29.00  359.27 ^ _094589_/Y (BUFx3_ASAP7_75t_R)
  33.80  393.06 ^ _094590_/Y (BUFx3_ASAP7_75t_R)
  12.75  405.82 v _094591_/Y (NAND2x1_ASAP7_75t_R)
  23.40  429.22 v _094592_/Y (OA21x2_ASAP7_75t_R)
   0.00  429.22 v _113209_/D (DFFHQNx1_ASAP7_75t_R)
         429.22   data arrival time

   0.00    0.00   clock clk (rise edge)
   0.00    0.00   clock network delay (ideal)
   0.00    0.00   clock reconvergence pessimism
           0.00 ^ _113209_/CLK (DFFHQNx1_ASAP7_75t_R)
  14.30   14.30   library hold time
          14.30   data required time
---------------------------------------------------------
          14.30   data required time
        -429.22   data arrival time
---------------------------------------------------------
         414.92   slack (MET)


Startpoint: _117206_ (rising edge-triggered flip-flop clocked by clk)
Endpoint: _113529_ (rising edge-triggered flip-flop clocked by clk)
Path Group: clk
Path Type: min

  Delay    Time   Description
---------------------------------------------------------
   0.00    0.00   clock clk (rise edge)
   0.00    0.00   clock network delay (ideal)
   0.00    0.00 ^ _117206_/CLK (DFFASRHQNx1_ASAP7_75t_R)
  96.77   96.77 ^ _117206_/QN (DFFASRHQNx1_ASAP7_75t_R)
  32.92  129.69 v _079487_/Y (NOR2x2_ASAP7_75t_R)
  19.26  148.95 ^ _079488_/Y (NAND2x1_ASAP7_75t_R)
  29.15  178.10 ^ _079491_/Y (AO21x1_ASAP7_75t_R)
  26.24  204.34 ^ _079492_/Y (BUFx6f_ASAP7_75t_R)
  18.83  223.17 v _079758_/Y (NAND2x2_ASAP7_75t_R)
  21.16  244.33 ^ _080089_/Y (NOR2x2_ASAP7_75t_R)
  33.83  278.16 ^ _080221_/Y (BUFx4f_ASAP7_75t_R)
  30.37  308.53 ^ _082914_/Y (BUFx4f_ASAP7_75t_R)
  21.73  330.26 ^ _095380_/Y (OR3x1_ASAP7_75t_R)
  29.00  359.27 ^ _095381_/Y (BUFx3_ASAP7_75t_R)
  33.80  393.06 ^ _095382_/Y (BUFx3_ASAP7_75t_R)
  12.75  405.82 v _095383_/Y (NAND2x1_ASAP7_75t_R)
  23.40  429.22 v _095384_/Y (OA21x2_ASAP7_75t_R)
   0.00  429.22 v _113529_/D (DFFHQNx1_ASAP7_75t_R)
         429.22   data arrival time

   0.00    0.00   clock clk (rise edge)
   0.00    0.00   clock network delay (ideal)
   0.00    0.00   clock reconvergence pessimism
           0.00 ^ _113529_/CLK (DFFHQNx1_ASAP7_75t_R)
  14.30   14.30   library hold time
          14.30   data required time
---------------------------------------------------------
          14.30   data required time
        -429.22   data arrival time
---------------------------------------------------------
         414.92   slack (MET)


Startpoint: _117206_ (rising edge-triggered flip-flop clocked by clk)
Endpoint: _113777_ (rising edge-triggered flip-flop clocked by clk)
Path Group: clk
Path Type: min

  Delay    Time   Description
---------------------------------------------------------
   0.00    0.00   clock clk (rise edge)
   0.00    0.00   clock network delay (ideal)
   0.00    0.00 ^ _117206_/CLK (DFFASRHQNx1_ASAP7_75t_R)
  96.77   96.77 ^ _117206_/QN (DFFASRHQNx1_ASAP7_75t_R)
  32.92  129.69 v _079487_/Y (NOR2x2_ASAP7_75t_R)
  19.26  148.95 ^ _079488_/Y (NAND2x1_ASAP7_75t_R)
  29.15  178.10 ^ _079491_/Y (AO21x1_ASAP7_75t_R)
  26.24  204.34 ^ _079492_/Y (BUFx6f_ASAP7_75t_R)
  18.83  223.17 v _079758_/Y (NAND2x2_ASAP7_75t_R)
  21.16  244.33 ^ _080089_/Y (NOR2x2_ASAP7_75t_R)
  33.83  278.16 ^ _080221_/Y (BUFx4f_ASAP7_75t_R)
  30.37  308.53 ^ _082914_/Y (BUFx4f_ASAP7_75t_R)
  21.73  330.26 ^ _096001_/Y (OR3x1_ASAP7_75t_R)
  29.00  359.27 ^ _096002_/Y (BUFx3_ASAP7_75t_R)
  33.80  393.06 ^ _096003_/Y (BUFx3_ASAP7_75t_R)
  12.75  405.82 v _096004_/Y (NAND2x1_ASAP7_75t_R)
  23.40  429.22 v _096005_/Y (OA21x2_ASAP7_75t_R)
   0.00  429.22 v _113777_/D (DFFHQNx1_ASAP7_75t_R)
         429.22   data arrival time

   0.00    0.00   clock clk (rise edge)
   0.00    0.00   clock network delay (ideal)
   0.00    0.00   clock reconvergence pessimism
           0.00 ^ _113777_/CLK (DFFHQNx1_ASAP7_75t_R)
  14.30   14.30   library hold time
          14.30   data required time
---------------------------------------------------------
          14.30   data required time
        -429.22   data arrival time
---------------------------------------------------------
         414.92   slack (MET)


Startpoint: _117206_ (rising edge-triggered flip-flop clocked by clk)
Endpoint: _113961_ (rising edge-triggered flip-flop clocked by clk)
Path Group: clk
Path Type: min

  Delay    Time   Description
---------------------------------------------------------
   0.00    0.00   clock clk (rise edge)
   0.00    0.00   clock network delay (ideal)
   0.00    0.00 ^ _117206_/CLK (DFFASRHQNx1_ASAP7_75t_R)
  96.77   96.77 ^ _117206_/QN (DFFASRHQNx1_ASAP7_75t_R)
  32.92  129.69 v _079487_/Y (NOR2x2_ASAP7_75t_R)
  19.26  148.95 ^ _079488_/Y (NAND2x1_ASAP7_75t_R)
  29.15  178.10 ^ _079491_/Y (AO21x1_ASAP7_75t_R)
  26.24  204.34 ^ _079492_/Y (BUFx6f_ASAP7_75t_R)
  18.83  223.17 v _079758_/Y (NAND2x2_ASAP7_75t_R)
  21.16  244.33 ^ _080089_/Y (NOR2x2_ASAP7_75t_R)
  33.83  278.16 ^ _080221_/Y (BUFx4f_ASAP7_75t_R)
  30.37  308.53 ^ _082914_/Y (BUFx4f_ASAP7_75t_R)
  21.73  330.26 ^ _096456_/Y (OR3x1_ASAP7_75t_R)
  29.00  359.27 ^ _096457_/Y (BUFx3_ASAP7_75t_R)
  33.80  393.06 ^ _096458_/Y (BUFx3_ASAP7_75t_R)
  12.75  405.82 v _096459_/Y (NAND2x1_ASAP7_75t_R)
  23.40  429.22 v _096460_/Y (OA21x2_ASAP7_75t_R)
   0.00  429.22 v _113961_/D (DFFHQNx1_ASAP7_75t_R)
         429.22   data arrival time

   0.00    0.00   clock clk (rise edge)
   0.00    0.00   clock network delay (ideal)
   0.00    0.00   clock reconvergence pessimism
           0.00 ^ _113961_/CLK (DFFHQNx1_ASAP7_75t_R)
  14.30   14.30   library hold time
          14.30   data required time
---------------------------------------------------------
          14.30   data required time
        -429.22   data arrival time
---------------------------------------------------------
         414.92   slack (MET)


Startpoint: _117206_ (rising edge-triggered flip-flop clocked by clk)
Endpoint: _114089_ (rising edge-triggered flip-flop clocked by clk)
Path Group: clk
Path Type: min

  Delay    Time   Description
---------------------------------------------------------
   0.00    0.00   clock clk (rise edge)
   0.00    0.00   clock network delay (ideal)
   0.00    0.00 ^ _117206_/CLK (DFFASRHQNx1_ASAP7_75t_R)
  96.77   96.77 ^ _117206_/QN (DFFASRHQNx1_ASAP7_75t_R)
  32.92  129.69 v _079487_/Y (NOR2x2_ASAP7_75t_R)
  19.26  148.95 ^ _079488_/Y (NAND2x1_ASAP7_75t_R)
  29.15  178.10 ^ _079491_/Y (AO21x1_ASAP7_75t_R)
  26.24  204.34 ^ _079492_/Y (BUFx6f_ASAP7_75t_R)
  18.83  223.17 v _079758_/Y (NAND2x2_ASAP7_75t_R)
  21.16  244.33 ^ _080089_/Y (NOR2x2_ASAP7_75t_R)
  33.83  278.16 ^ _080221_/Y (BUFx4f_ASAP7_75t_R)
  30.37  308.53 ^ _082914_/Y (BUFx4f_ASAP7_75t_R)
  21.73  330.26 ^ _096772_/Y (OR3x1_ASAP7_75t_R)
  29.00  359.27 ^ _096773_/Y (BUFx3_ASAP7_75t_R)
  33.80  393.06 ^ _096774_/Y (BUFx3_ASAP7_75t_R)
  12.75  405.82 v _096775_/Y (NAND2x1_ASAP7_75t_R)
  23.40  429.22 v _096776_/Y (OA21x2_ASAP7_75t_R)
   0.00  429.22 v _114089_/D (DFFHQNx1_ASAP7_75t_R)
         429.22   data arrival time

   0.00    0.00   clock clk (rise edge)
   0.00    0.00   clock network delay (ideal)
   0.00    0.00   clock reconvergence pessimism
           0.00 ^ _114089_/CLK (DFFHQNx1_ASAP7_75t_R)
  14.30   14.30   library hold time
          14.30   data required time
---------------------------------------------------------
          14.30   data required time
        -429.22   data arrival time
---------------------------------------------------------
         414.92   slack (MET)


Startpoint: _117206_ (rising edge-triggered flip-flop clocked by clk)
Endpoint: _114201_ (rising edge-triggered flip-flop clocked by clk)
Path Group: clk
Path Type: min

  Delay    Time   Description
---------------------------------------------------------
   0.00    0.00   clock clk (rise edge)
   0.00    0.00   clock network delay (ideal)
   0.00    0.00 ^ _117206_/CLK (DFFASRHQNx1_ASAP7_75t_R)
  96.77   96.77 ^ _117206_/QN (DFFASRHQNx1_ASAP7_75t_R)
  32.92  129.69 v _079487_/Y (NOR2x2_ASAP7_75t_R)
  19.26  148.95 ^ _079488_/Y (NAND2x1_ASAP7_75t_R)
  29.15  178.10 ^ _079491_/Y (AO21x1_ASAP7_75t_R)
  26.24  204.34 ^ _079492_/Y (BUFx6f_ASAP7_75t_R)
  18.83  223.17 v _079758_/Y (NAND2x2_ASAP7_75t_R)
  21.16  244.33 ^ _080089_/Y (NOR2x2_ASAP7_75t_R)
  33.83  278.16 ^ _080221_/Y (BUFx4f_ASAP7_75t_R)
  30.37  308.53 ^ _080222_/Y (BUFx4f_ASAP7_75t_R)
  21.73  330.26 ^ _097051_/Y (OR3x1_ASAP7_75t_R)
  29.00  359.27 ^ _097052_/Y (BUFx3_ASAP7_75t_R)
  33.80  393.06 ^ _097053_/Y (BUFx3_ASAP7_75t_R)
  12.75  405.82 v _097054_/Y (NAND2x1_ASAP7_75t_R)
  23.40  429.22 v _097055_/Y (OA21x2_ASAP7_75t_R)
   0.00  429.22 v _114201_/D (DFFHQNx1_ASAP7_75t_R)
         429.22   data arrival time

   0.00    0.00   clock clk (rise edge)
   0.00    0.00   clock network delay (ideal)
   0.00    0.00   clock reconvergence pessimism
           0.00 ^ _114201_/CLK (DFFHQNx1_ASAP7_75t_R)
  14.30   14.30   library hold time
          14.30   data required time
---------------------------------------------------------
          14.30   data required time
        -429.22   data arrival time
---------------------------------------------------------
         414.92   slack (MET)


Startpoint: _117206_ (rising edge-triggered flip-flop clocked by clk)
Endpoint: _114337_ (rising edge-triggered flip-flop clocked by clk)
Path Group: clk
Path Type: min

  Delay    Time   Description
---------------------------------------------------------
   0.00    0.00   clock clk (rise edge)
   0.00    0.00   clock network delay (ideal)
   0.00    0.00 ^ _117206_/CLK (DFFASRHQNx1_ASAP7_75t_R)
  96.77   96.77 ^ _117206_/QN (DFFASRHQNx1_ASAP7_75t_R)
  32.92  129.69 v _079487_/Y (NOR2x2_ASAP7_75t_R)
  19.26  148.95 ^ _079488_/Y (NAND2x1_ASAP7_75t_R)
  29.15  178.10 ^ _079491_/Y (AO21x1_ASAP7_75t_R)
  26.24  204.34 ^ _079492_/Y (BUFx6f_ASAP7_75t_R)
  18.83  223.17 v _079758_/Y (NAND2x2_ASAP7_75t_R)
  21.16  244.33 ^ _080089_/Y (NOR2x2_ASAP7_75t_R)
  33.83  278.16 ^ _080221_/Y (BUFx4f_ASAP7_75t_R)
  30.37  308.53 ^ _080222_/Y (BUFx4f_ASAP7_75t_R)
  21.73  330.26 ^ _097363_/Y (OR3x1_ASAP7_75t_R)
  29.00  359.27 ^ _097364_/Y (BUFx3_ASAP7_75t_R)
  33.80  393.06 ^ _097365_/Y (BUFx3_ASAP7_75t_R)
  12.75  405.82 v _097366_/Y (NAND2x1_ASAP7_75t_R)
  23.40  429.22 v _097367_/Y (OA21x2_ASAP7_75t_R)
   0.00  429.22 v _114337_/D (DFFHQNx1_ASAP7_75t_R)
         429.22   data arrival time

   0.00    0.00   clock clk (rise edge)
   0.00    0.00   clock network delay (ideal)
   0.00    0.00   clock reconvergence pessimism
           0.00 ^ _114337_/CLK (DFFHQNx1_ASAP7_75t_R)
  14.30   14.30   library hold time
          14.30   data required time
---------------------------------------------------------
          14.30   data required time
        -429.22   data arrival time
---------------------------------------------------------
         414.92   slack (MET)


Startpoint: _117206_ (rising edge-triggered flip-flop clocked by clk)
Endpoint: _114385_ (rising edge-triggered flip-flop clocked by clk)
Path Group: clk
Path Type: min

  Delay    Time   Description
---------------------------------------------------------
   0.00    0.00   clock clk (rise edge)
   0.00    0.00   clock network delay (ideal)
   0.00    0.00 ^ _117206_/CLK (DFFASRHQNx1_ASAP7_75t_R)
  96.77   96.77 ^ _117206_/QN (DFFASRHQNx1_ASAP7_75t_R)
  32.92  129.69 v _079487_/Y (NOR2x2_ASAP7_75t_R)
  19.26  148.95 ^ _079488_/Y (NAND2x1_ASAP7_75t_R)
  29.15  178.10 ^ _079491_/Y (AO21x1_ASAP7_75t_R)
  26.24  204.34 ^ _079492_/Y (BUFx6f_ASAP7_75t_R)
  18.83  223.17 v _079758_/Y (NAND2x2_ASAP7_75t_R)
  21.16  244.33 ^ _080089_/Y (NOR2x2_ASAP7_75t_R)
  33.83  278.16 ^ _080221_/Y (BUFx4f_ASAP7_75t_R)
  30.37  308.53 ^ _080222_/Y (BUFx4f_ASAP7_75t_R)
  21.73  330.26 ^ _097477_/Y (OR3x1_ASAP7_75t_R)
  29.00  359.27 ^ _097478_/Y (BUFx3_ASAP7_75t_R)
  33.80  393.06 ^ _097479_/Y (BUFx3_ASAP7_75t_R)
  12.75  405.82 v _097480_/Y (NAND2x1_ASAP7_75t_R)
  23.40  429.22 v _097481_/Y (OA21x2_ASAP7_75t_R)
   0.00  429.22 v _114385_/D (DFFHQNx1_ASAP7_75t_R)
         429.22   data arrival time

   0.00    0.00   clock clk (rise edge)
   0.00    0.00   clock network delay (ideal)
   0.00    0.00   clock reconvergence pessimism
           0.00 ^ _114385_/CLK (DFFHQNx1_ASAP7_75t_R)
  14.30   14.30   library hold time
          14.30   data required time
---------------------------------------------------------
          14.30   data required time
        -429.22   data arrival time
---------------------------------------------------------
         414.92   slack (MET)


Startpoint: _117206_ (rising edge-triggered flip-flop clocked by clk)
Endpoint: _108431_ (rising edge-triggered flip-flop clocked by clk)
Path Group: clk
Path Type: min

  Delay    Time   Description
---------------------------------------------------------
   0.00    0.00   clock clk (rise edge)
   0.00    0.00   clock network delay (ideal)
   0.00    0.00 ^ _117206_/CLK (DFFASRHQNx1_ASAP7_75t_R)
  96.77   96.77 ^ _117206_/QN (DFFASRHQNx1_ASAP7_75t_R)
  32.92  129.69 v _079487_/Y (NOR2x2_ASAP7_75t_R)
  19.26  148.95 ^ _079488_/Y (NAND2x1_ASAP7_75t_R)
  29.15  178.10 ^ _079491_/Y (AO21x1_ASAP7_75t_R)
  26.24  204.34 ^ _079492_/Y (BUFx6f_ASAP7_75t_R)
  18.83  223.17 v _079758_/Y (NAND2x2_ASAP7_75t_R)
  21.16  244.33 ^ _080089_/Y (NOR2x2_ASAP7_75t_R)
  39.18  283.51 ^ _080142_/Y (BUFx4f_ASAP7_75t_R)
  31.04  314.55 ^ _080511_/Y (BUFx6f_ASAP7_75t_R)
  20.62  335.17 ^ _082856_/Y (OR3x1_ASAP7_75t_R)
  29.92  365.09 ^ _082857_/Y (BUFx3_ASAP7_75t_R)
  31.60  396.69 ^ _082858_/Y (BUFx4f_ASAP7_75t_R)
  11.80  408.49 v _082859_/Y (NAND2x1_ASAP7_75t_R)
  23.13  431.63 v _082860_/Y (OA21x2_ASAP7_75t_R)
   0.00  431.63 v _108431_/D (DFFHQNx1_ASAP7_75t_R)
         431.63   data arrival time

   0.00    0.00   clock clk (rise edge)
   0.00    0.00   clock network delay (ideal)
   0.00    0.00   clock reconvergence pessimism
           0.00 ^ _108431_/CLK (DFFHQNx1_ASAP7_75t_R)
  14.30   14.30   library hold time
          14.30   data required time
---------------------------------------------------------
          14.30   data required time
        -431.63   data arrival time
---------------------------------------------------------
         417.33   slack (MET)


Startpoint: _117206_ (rising edge-triggered flip-flop clocked by clk)
Endpoint: _107543_ (rising edge-triggered flip-flop clocked by clk)
Path Group: clk
Path Type: min

  Delay    Time   Description
---------------------------------------------------------
   0.00    0.00   clock clk (rise edge)
   0.00    0.00   clock network delay (ideal)
   0.00    0.00 ^ _117206_/CLK (DFFASRHQNx1_ASAP7_75t_R)
  96.77   96.77 ^ _117206_/QN (DFFASRHQNx1_ASAP7_75t_R)
  32.92  129.69 v _079487_/Y (NOR2x2_ASAP7_75t_R)
  19.26  148.95 ^ _079488_/Y (NAND2x1_ASAP7_75t_R)
  29.15  178.10 ^ _079491_/Y (AO21x1_ASAP7_75t_R)
  26.24  204.34 ^ _079492_/Y (BUFx6f_ASAP7_75t_R)
  18.83  223.17 v _079758_/Y (NAND2x2_ASAP7_75t_R)
  21.16  244.33 ^ _080089_/Y (NOR2x2_ASAP7_75t_R)
  33.83  278.16 ^ _080221_/Y (BUFx4f_ASAP7_75t_R)
  30.37  308.53 ^ _080489_/Y (BUFx4f_ASAP7_75t_R)
  21.73  330.26 ^ _080492_/Y (OR3x1_ASAP7_75t_R)
  29.00  359.27 ^ _080493_/Y (BUFx3_ASAP7_75t_R)
  33.80  393.06 ^ _080494_/Y (BUFx3_ASAP7_75t_R)
  12.75  405.82 v _080495_/Y (NAND2x1_ASAP7_75t_R)
  23.40  429.22 v _080496_/Y (OA21x2_ASAP7_75t_R)
   0.00  429.22 v _107543_/D (DFFHQNx1_ASAP7_75t_R)
         429.22   data arrival time

   0.00    0.00   clock clk (rise edge)
   0.00    0.00   clock network delay (ideal)
   0.00    0.00   clock reconvergence pessimism
           0.00 ^ _107543_/CLK (DFFHQNx1_ASAP7_75t_R)
  14.30   14.30   library hold time
          14.30   data required time
---------------------------------------------------------
          14.30   data required time
        -429.22   data arrival time
---------------------------------------------------------
         414.92   slack (MET)


Startpoint: _117206_ (rising edge-triggered flip-flop clocked by clk)
Endpoint: _107544_ (rising edge-triggered flip-flop clocked by clk)
Path Group: clk
Path Type: min

  Delay    Time   Description
---------------------------------------------------------
   0.00    0.00   clock clk (rise edge)
   0.00    0.00   clock network delay (ideal)
   0.00    0.00 ^ _117206_/CLK (DFFASRHQNx1_ASAP7_75t_R)
  96.77   96.77 ^ _117206_/QN (DFFASRHQNx1_ASAP7_75t_R)
  32.92  129.69 v _079487_/Y (NOR2x2_ASAP7_75t_R)
  19.26  148.95 ^ _079488_/Y (NAND2x1_ASAP7_75t_R)
  29.15  178.10 ^ _079491_/Y (AO21x1_ASAP7_75t_R)
  26.24  204.34 ^ _079492_/Y (BUFx6f_ASAP7_75t_R)
  18.83  223.17 v _079758_/Y (NAND2x2_ASAP7_75t_R)
  21.16  244.33 ^ _080089_/Y (NOR2x2_ASAP7_75t_R)
  33.83  278.16 ^ _080221_/Y (BUFx4f_ASAP7_75t_R)
  30.37  308.53 ^ _080489_/Y (BUFx4f_ASAP7_75t_R)
  21.73  330.26 ^ _080492_/Y (OR3x1_ASAP7_75t_R)
  29.00  359.27 ^ _080493_/Y (BUFx3_ASAP7_75t_R)
  33.80  393.06 ^ _080494_/Y (BUFx3_ASAP7_75t_R)
  12.75  405.82 v _080497_/Y (NAND2x1_ASAP7_75t_R)
  23.40  429.22 v _080498_/Y (OA21x2_ASAP7_75t_R)
   0.00  429.22 v _107544_/D (DFFHQNx1_ASAP7_75t_R)
         429.22   data arrival time

   0.00    0.00   clock clk (rise edge)
   0.00    0.00   clock network delay (ideal)
   0.00    0.00   clock reconvergence pessimism
           0.00 ^ _107544_/CLK (DFFHQNx1_ASAP7_75t_R)
  14.30   14.30   library hold time
          14.30   data required time
---------------------------------------------------------
          14.30   data required time
        -429.22   data arrival time
---------------------------------------------------------
         414.92   slack (MET)


Startpoint: _117206_ (rising edge-triggered flip-flop clocked by clk)
Endpoint: _107591_ (rising edge-triggered flip-flop clocked by clk)
Path Group: clk
Path Type: min

  Delay    Time   Description
---------------------------------------------------------
   0.00    0.00   clock clk (rise edge)
   0.00    0.00   clock network delay (ideal)
   0.00    0.00 ^ _117206_/CLK (DFFASRHQNx1_ASAP7_75t_R)
  96.77   96.77 ^ _117206_/QN (DFFASRHQNx1_ASAP7_75t_R)
  32.92  129.69 v _079487_/Y (NOR2x2_ASAP7_75t_R)
  19.26  148.95 ^ _079488_/Y (NAND2x1_ASAP7_75t_R)
  29.15  178.10 ^ _079491_/Y (AO21x1_ASAP7_75t_R)
  26.24  204.34 ^ _079492_/Y (BUFx6f_ASAP7_75t_R)
  18.83  223.17 v _079758_/Y (NAND2x2_ASAP7_75t_R)
  21.16  244.33 ^ _080089_/Y (NOR2x2_ASAP7_75t_R)
  33.83  278.16 ^ _080221_/Y (BUFx4f_ASAP7_75t_R)
  30.37  308.53 ^ _080489_/Y (BUFx4f_ASAP7_75t_R)
  21.73  330.26 ^ _080618_/Y (OR3x1_ASAP7_75t_R)
  29.00  359.27 ^ _080619_/Y (BUFx3_ASAP7_75t_R)
  33.80  393.06 ^ _080620_/Y (BUFx3_ASAP7_75t_R)
  12.75  405.82 v _080621_/Y (NAND2x1_ASAP7_75t_R)
  23.40  429.22 v _080622_/Y (OA21x2_ASAP7_75t_R)
   0.00  429.22 v _107591_/D (DFFHQNx1_ASAP7_75t_R)
         429.22   data arrival time

   0.00    0.00   clock clk (rise edge)
   0.00    0.00   clock network delay (ideal)
   0.00    0.00   clock reconvergence pessimism
           0.00 ^ _107591_/CLK (DFFHQNx1_ASAP7_75t_R)
  14.30   14.30   library hold time
          14.30   data required time
---------------------------------------------------------
          14.30   data required time
        -429.22   data arrival time
---------------------------------------------------------
         414.92   slack (MET)


Startpoint: _117206_ (rising edge-triggered flip-flop clocked by clk)
Endpoint: _107592_ (rising edge-triggered flip-flop clocked by clk)
Path Group: clk
Path Type: min

  Delay    Time   Description
---------------------------------------------------------
   0.00    0.00   clock clk (rise edge)
   0.00    0.00   clock network delay (ideal)
   0.00    0.00 ^ _117206_/CLK (DFFASRHQNx1_ASAP7_75t_R)
  96.77   96.77 ^ _117206_/QN (DFFASRHQNx1_ASAP7_75t_R)
  32.92  129.69 v _079487_/Y (NOR2x2_ASAP7_75t_R)
  19.26  148.95 ^ _079488_/Y (NAND2x1_ASAP7_75t_R)
  29.15  178.10 ^ _079491_/Y (AO21x1_ASAP7_75t_R)
  26.24  204.34 ^ _079492_/Y (BUFx6f_ASAP7_75t_R)
  18.83  223.17 v _079758_/Y (NAND2x2_ASAP7_75t_R)
  21.16  244.33 ^ _080089_/Y (NOR2x2_ASAP7_75t_R)
  33.83  278.16 ^ _080221_/Y (BUFx4f_ASAP7_75t_R)
  30.37  308.53 ^ _080489_/Y (BUFx4f_ASAP7_75t_R)
  21.73  330.26 ^ _080618_/Y (OR3x1_ASAP7_75t_R)
  29.00  359.27 ^ _080619_/Y (BUFx3_ASAP7_75t_R)
  33.80  393.06 ^ _080620_/Y (BUFx3_ASAP7_75t_R)
  12.75  405.82 v _080624_/Y (NAND2x1_ASAP7_75t_R)
  23.40  429.22 v _080625_/Y (OA21x2_ASAP7_75t_R)
   0.00  429.22 v _107592_/D (DFFHQNx1_ASAP7_75t_R)
         429.22   data arrival time

   0.00    0.00   clock clk (rise edge)
   0.00    0.00   clock network delay (ideal)
   0.00    0.00   clock reconvergence pessimism
           0.00 ^ _107592_/CLK (DFFHQNx1_ASAP7_75t_R)
  14.30   14.30   library hold time
          14.30   data required time
---------------------------------------------------------
          14.30   data required time
        -429.22   data arrival time
---------------------------------------------------------
         414.92   slack (MET)


Startpoint: _117206_ (rising edge-triggered flip-flop clocked by clk)
Endpoint: _107607_ (rising edge-triggered flip-flop clocked by clk)
Path Group: clk
Path Type: min

  Delay    Time   Description
---------------------------------------------------------
   0.00    0.00   clock clk (rise edge)
   0.00    0.00   clock network delay (ideal)
   0.00    0.00 ^ _117206_/CLK (DFFASRHQNx1_ASAP7_75t_R)
  96.77   96.77 ^ _117206_/QN (DFFASRHQNx1_ASAP7_75t_R)
  32.92  129.69 v _079487_/Y (NOR2x2_ASAP7_75t_R)
  19.26  148.95 ^ _079488_/Y (NAND2x1_ASAP7_75t_R)
  29.15  178.10 ^ _079491_/Y (AO21x1_ASAP7_75t_R)
  26.24  204.34 ^ _079492_/Y (BUFx6f_ASAP7_75t_R)
  18.83  223.17 v _079758_/Y (NAND2x2_ASAP7_75t_R)
  21.16  244.33 ^ _080089_/Y (NOR2x2_ASAP7_75t_R)
  33.83  278.16 ^ _080221_/Y (BUFx4f_ASAP7_75t_R)
  30.37  308.53 ^ _080489_/Y (BUFx4f_ASAP7_75t_R)
  21.73  330.26 ^ _080663_/Y (OR3x1_ASAP7_75t_R)
  29.00  359.27 ^ _080664_/Y (BUFx3_ASAP7_75t_R)
  33.80  393.06 ^ _080665_/Y (BUFx3_ASAP7_75t_R)
  12.75  405.82 v _080666_/Y (NAND2x1_ASAP7_75t_R)
  23.40  429.22 v _080667_/Y (OA21x2_ASAP7_75t_R)
   0.00  429.22 v _107607_/D (DFFHQNx1_ASAP7_75t_R)
         429.22   data arrival time

   0.00    0.00   clock clk (rise edge)
   0.00    0.00   clock network delay (ideal)
   0.00    0.00   clock reconvergence pessimism
           0.00 ^ _107607_/CLK (DFFHQNx1_ASAP7_75t_R)
  14.30   14.30   library hold time
          14.30   data required time
---------------------------------------------------------
          14.30   data required time
        -429.22   data arrival time
---------------------------------------------------------
         414.92   slack (MET)


Startpoint: _117206_ (rising edge-triggered flip-flop clocked by clk)
Endpoint: _107608_ (rising edge-triggered flip-flop clocked by clk)
Path Group: clk
Path Type: min

  Delay    Time   Description
---------------------------------------------------------
   0.00    0.00   clock clk (rise edge)
   0.00    0.00   clock network delay (ideal)
   0.00    0.00 ^ _117206_/CLK (DFFASRHQNx1_ASAP7_75t_R)
  96.77   96.77 ^ _117206_/QN (DFFASRHQNx1_ASAP7_75t_R)
  32.92  129.69 v _079487_/Y (NOR2x2_ASAP7_75t_R)
  19.26  148.95 ^ _079488_/Y (NAND2x1_ASAP7_75t_R)
  29.15  178.10 ^ _079491_/Y (AO21x1_ASAP7_75t_R)
  26.24  204.34 ^ _079492_/Y (BUFx6f_ASAP7_75t_R)
  18.83  223.17 v _079758_/Y (NAND2x2_ASAP7_75t_R)
  21.16  244.33 ^ _080089_/Y (NOR2x2_ASAP7_75t_R)
  33.83  278.16 ^ _080221_/Y (BUFx4f_ASAP7_75t_R)
  30.37  308.53 ^ _080489_/Y (BUFx4f_ASAP7_75t_R)
  21.73  330.26 ^ _080663_/Y (OR3x1_ASAP7_75t_R)
  29.00  359.27 ^ _080664_/Y (BUFx3_ASAP7_75t_R)
  33.80  393.06 ^ _080665_/Y (BUFx3_ASAP7_75t_R)
  12.75  405.82 v _080668_/Y (NAND2x1_ASAP7_75t_R)
  23.40  429.22 v _080669_/Y (OA21x2_ASAP7_75t_R)
   0.00  429.22 v _107608_/D (DFFHQNx1_ASAP7_75t_R)
         429.22   data arrival time

   0.00    0.00   clock clk (rise edge)
   0.00    0.00   clock network delay (ideal)
   0.00    0.00   clock reconvergence pessimism
           0.00 ^ _107608_/CLK (DFFHQNx1_ASAP7_75t_R)
  14.30   14.30   library hold time
          14.30   data required time
---------------------------------------------------------
          14.30   data required time
        -429.22   data arrival time
---------------------------------------------------------
         414.92   slack (MET)


Startpoint: _117206_ (rising edge-triggered flip-flop clocked by clk)
Endpoint: _107703_ (rising edge-triggered flip-flop clocked by clk)
Path Group: clk
Path Type: min

  Delay    Time   Description
---------------------------------------------------------
   0.00    0.00   clock clk (rise edge)
   0.00    0.00   clock network delay (ideal)
   0.00    0.00 ^ _117206_/CLK (DFFASRHQNx1_ASAP7_75t_R)
  96.77   96.77 ^ _117206_/QN (DFFASRHQNx1_ASAP7_75t_R)
  32.92  129.69 v _079487_/Y (NOR2x2_ASAP7_75t_R)
  19.26  148.95 ^ _079488_/Y (NAND2x1_ASAP7_75t_R)
  29.15  178.10 ^ _079491_/Y (AO21x1_ASAP7_75t_R)
  26.24  204.34 ^ _079492_/Y (BUFx6f_ASAP7_75t_R)
  18.83  223.17 v _079758_/Y (NAND2x2_ASAP7_75t_R)
  21.16  244.33 ^ _080089_/Y (NOR2x2_ASAP7_75t_R)
  33.83  278.16 ^ _080221_/Y (BUFx4f_ASAP7_75t_R)
  30.37  308.53 ^ _080489_/Y (BUFx4f_ASAP7_75t_R)
  21.73  330.26 ^ _080917_/Y (OR3x1_ASAP7_75t_R)
  29.00  359.27 ^ _080918_/Y (BUFx3_ASAP7_75t_R)
  33.80  393.06 ^ _080919_/Y (BUFx3_ASAP7_75t_R)
  12.75  405.82 v _080920_/Y (NAND2x1_ASAP7_75t_R)
  23.40  429.22 v _080921_/Y (OA21x2_ASAP7_75t_R)
   0.00  429.22 v _107703_/D (DFFHQNx1_ASAP7_75t_R)
         429.22   data arrival time

   0.00    0.00   clock clk (rise edge)
   0.00    0.00   clock network delay (ideal)
   0.00    0.00   clock reconvergence pessimism
           0.00 ^ _107703_/CLK (DFFHQNx1_ASAP7_75t_R)
  14.30   14.30   library hold time
          14.30   data required time
---------------------------------------------------------
          14.30   data required time
        -429.22   data arrival time
---------------------------------------------------------
         414.92   slack (MET)


Startpoint: _117206_ (rising edge-triggered flip-flop clocked by clk)
Endpoint: _107704_ (rising edge-triggered flip-flop clocked by clk)
Path Group: clk
Path Type: min

  Delay    Time   Description
---------------------------------------------------------
   0.00    0.00   clock clk (rise edge)
   0.00    0.00   clock network delay (ideal)
   0.00    0.00 ^ _117206_/CLK (DFFASRHQNx1_ASAP7_75t_R)
  96.77   96.77 ^ _117206_/QN (DFFASRHQNx1_ASAP7_75t_R)
  32.92  129.69 v _079487_/Y (NOR2x2_ASAP7_75t_R)
  19.26  148.95 ^ _079488_/Y (NAND2x1_ASAP7_75t_R)
  29.15  178.10 ^ _079491_/Y (AO21x1_ASAP7_75t_R)
  26.24  204.34 ^ _079492_/Y (BUFx6f_ASAP7_75t_R)
  18.83  223.17 v _079758_/Y (NAND2x2_ASAP7_75t_R)
  21.16  244.33 ^ _080089_/Y (NOR2x2_ASAP7_75t_R)
  33.83  278.16 ^ _080221_/Y (BUFx4f_ASAP7_75t_R)
  30.37  308.53 ^ _080489_/Y (BUFx4f_ASAP7_75t_R)
  21.73  330.26 ^ _080917_/Y (OR3x1_ASAP7_75t_R)
  29.00  359.27 ^ _080918_/Y (BUFx3_ASAP7_75t_R)
  33.80  393.06 ^ _080919_/Y (BUFx3_ASAP7_75t_R)
  12.75  405.82 v _080922_/Y (NAND2x1_ASAP7_75t_R)
  23.40  429.22 v _080923_/Y (OA21x2_ASAP7_75t_R)
   0.00  429.22 v _107704_/D (DFFHQNx1_ASAP7_75t_R)
         429.22   data arrival time

   0.00    0.00   clock clk (rise edge)
   0.00    0.00   clock network delay (ideal)
   0.00    0.00   clock reconvergence pessimism
           0.00 ^ _107704_/CLK (DFFHQNx1_ASAP7_75t_R)
  14.30   14.30   library hold time
          14.30   data required time
---------------------------------------------------------
          14.30   data required time
        -429.22   data arrival time
---------------------------------------------------------
         414.92   slack (MET)


Startpoint: _117206_ (rising edge-triggered flip-flop clocked by clk)
Endpoint: _107799_ (rising edge-triggered flip-flop clocked by clk)
Path Group: clk
Path Type: min

  Delay    Time   Description
---------------------------------------------------------
   0.00    0.00   clock clk (rise edge)
   0.00    0.00   clock network delay (ideal)
   0.00    0.00 ^ _117206_/CLK (DFFASRHQNx1_ASAP7_75t_R)
  96.77   96.77 ^ _117206_/QN (DFFASRHQNx1_ASAP7_75t_R)
  32.92  129.69 v _079487_/Y (NOR2x2_ASAP7_75t_R)
  19.26  148.95 ^ _079488_/Y (NAND2x1_ASAP7_75t_R)
  29.15  178.10 ^ _079491_/Y (AO21x1_ASAP7_75t_R)
  26.24  204.34 ^ _079492_/Y (BUFx6f_ASAP7_75t_R)
  18.83  223.17 v _079758_/Y (NAND2x2_ASAP7_75t_R)
  21.16  244.33 ^ _080089_/Y (NOR2x2_ASAP7_75t_R)
  33.83  278.16 ^ _080221_/Y (BUFx4f_ASAP7_75t_R)
  30.37  308.53 ^ _080489_/Y (BUFx4f_ASAP7_75t_R)
  21.73  330.26 ^ _081196_/Y (OR3x1_ASAP7_75t_R)
  29.00  359.27 ^ _081197_/Y (BUFx3_ASAP7_75t_R)
  33.80  393.06 ^ _081198_/Y (BUFx3_ASAP7_75t_R)
  12.75  405.82 v _081199_/Y (NAND2x1_ASAP7_75t_R)
  23.40  429.22 v _081200_/Y (OA21x2_ASAP7_75t_R)
   0.00  429.22 v _107799_/D (DFFHQNx1_ASAP7_75t_R)
         429.22   data arrival time

   0.00    0.00   clock clk (rise edge)
   0.00    0.00   clock network delay (ideal)
   0.00    0.00   clock reconvergence pessimism
           0.00 ^ _107799_/CLK (DFFHQNx1_ASAP7_75t_R)
  14.30   14.30   library hold time
          14.30   data required time
---------------------------------------------------------
          14.30   data required time
        -429.22   data arrival time
---------------------------------------------------------
         414.92   slack (MET)


Startpoint: _117206_ (rising edge-triggered flip-flop clocked by clk)
Endpoint: _107800_ (rising edge-triggered flip-flop clocked by clk)
Path Group: clk
Path Type: min

  Delay    Time   Description
---------------------------------------------------------
   0.00    0.00   clock clk (rise edge)
   0.00    0.00   clock network delay (ideal)
   0.00    0.00 ^ _117206_/CLK (DFFASRHQNx1_ASAP7_75t_R)
  96.77   96.77 ^ _117206_/QN (DFFASRHQNx1_ASAP7_75t_R)
  32.92  129.69 v _079487_/Y (NOR2x2_ASAP7_75t_R)
  19.26  148.95 ^ _079488_/Y (NAND2x1_ASAP7_75t_R)
  29.15  178.10 ^ _079491_/Y (AO21x1_ASAP7_75t_R)
  26.24  204.34 ^ _079492_/Y (BUFx6f_ASAP7_75t_R)
  18.83  223.17 v _079758_/Y (NAND2x2_ASAP7_75t_R)
  21.16  244.33 ^ _080089_/Y (NOR2x2_ASAP7_75t_R)
  33.83  278.16 ^ _080221_/Y (BUFx4f_ASAP7_75t_R)
  30.37  308.53 ^ _080489_/Y (BUFx4f_ASAP7_75t_R)
  21.73  330.26 ^ _081196_/Y (OR3x1_ASAP7_75t_R)
  29.00  359.27 ^ _081197_/Y (BUFx3_ASAP7_75t_R)
  33.80  393.06 ^ _081198_/Y (BUFx3_ASAP7_75t_R)
  12.75  405.82 v _081201_/Y (NAND2x1_ASAP7_75t_R)
  23.40  429.22 v _081202_/Y (OA21x2_ASAP7_75t_R)
   0.00  429.22 v _107800_/D (DFFHQNx1_ASAP7_75t_R)
         429.22   data arrival time

   0.00    0.00   clock clk (rise edge)
   0.00    0.00   clock network delay (ideal)
   0.00    0.00   clock reconvergence pessimism
           0.00 ^ _107800_/CLK (DFFHQNx1_ASAP7_75t_R)
  14.30   14.30   library hold time
          14.30   data required time
---------------------------------------------------------
          14.30   data required time
        -429.22   data arrival time
---------------------------------------------------------
         414.92   slack (MET)


Startpoint: _117206_ (rising edge-triggered flip-flop clocked by clk)
Endpoint: _107831_ (rising edge-triggered flip-flop clocked by clk)
Path Group: clk
Path Type: min

  Delay    Time   Description
---------------------------------------------------------
   0.00    0.00   clock clk (rise edge)
   0.00    0.00   clock network delay (ideal)
   0.00    0.00 ^ _117206_/CLK (DFFASRHQNx1_ASAP7_75t_R)
  96.77   96.77 ^ _117206_/QN (DFFASRHQNx1_ASAP7_75t_R)
  32.92  129.69 v _079487_/Y (NOR2x2_ASAP7_75t_R)
  19.26  148.95 ^ _079488_/Y (NAND2x1_ASAP7_75t_R)
  29.15  178.10 ^ _079491_/Y (AO21x1_ASAP7_75t_R)
  26.24  204.34 ^ _079492_/Y (BUFx6f_ASAP7_75t_R)
  18.83  223.17 v _079758_/Y (NAND2x2_ASAP7_75t_R)
  21.16  244.33 ^ _080089_/Y (NOR2x2_ASAP7_75t_R)
  33.83  278.16 ^ _080221_/Y (BUFx4f_ASAP7_75t_R)
  30.37  308.53 ^ _080489_/Y (BUFx4f_ASAP7_75t_R)
  21.73  330.26 ^ _081279_/Y (OR3x1_ASAP7_75t_R)
  29.00  359.27 ^ _081280_/Y (BUFx3_ASAP7_75t_R)
  33.80  393.06 ^ _081281_/Y (BUFx3_ASAP7_75t_R)
  12.75  405.82 v _081282_/Y (NAND2x1_ASAP7_75t_R)
  23.40  429.22 v _081283_/Y (OA21x2_ASAP7_75t_R)
   0.00  429.22 v _107831_/D (DFFHQNx1_ASAP7_75t_R)
         429.22   data arrival time

   0.00    0.00   clock clk (rise edge)
   0.00    0.00   clock network delay (ideal)
   0.00    0.00   clock reconvergence pessimism
           0.00 ^ _107831_/CLK (DFFHQNx1_ASAP7_75t_R)
  14.30   14.30   library hold time
          14.30   data required time
---------------------------------------------------------
          14.30   data required time
        -429.22   data arrival time
---------------------------------------------------------
         414.92   slack (MET)


Startpoint: _117206_ (rising edge-triggered flip-flop clocked by clk)
Endpoint: _107832_ (rising edge-triggered flip-flop clocked by clk)
Path Group: clk
Path Type: min

  Delay    Time   Description
---------------------------------------------------------
   0.00    0.00   clock clk (rise edge)
   0.00    0.00   clock network delay (ideal)
   0.00    0.00 ^ _117206_/CLK (DFFASRHQNx1_ASAP7_75t_R)
  96.77   96.77 ^ _117206_/QN (DFFASRHQNx1_ASAP7_75t_R)
  32.92  129.69 v _079487_/Y (NOR2x2_ASAP7_75t_R)
  19.26  148.95 ^ _079488_/Y (NAND2x1_ASAP7_75t_R)
  29.15  178.10 ^ _079491_/Y (AO21x1_ASAP7_75t_R)
  26.24  204.34 ^ _079492_/Y (BUFx6f_ASAP7_75t_R)
  18.83  223.17 v _079758_/Y (NAND2x2_ASAP7_75t_R)
  21.16  244.33 ^ _080089_/Y (NOR2x2_ASAP7_75t_R)
  33.83  278.16 ^ _080221_/Y (BUFx4f_ASAP7_75t_R)
  30.37  308.53 ^ _080489_/Y (BUFx4f_ASAP7_75t_R)
  21.73  330.26 ^ _081279_/Y (OR3x1_ASAP7_75t_R)
  29.00  359.27 ^ _081280_/Y (BUFx3_ASAP7_75t_R)
  33.80  393.06 ^ _081281_/Y (BUFx3_ASAP7_75t_R)
  12.75  405.82 v _081284_/Y (NAND2x1_ASAP7_75t_R)
  23.40  429.22 v _081285_/Y (OA21x2_ASAP7_75t_R)
   0.00  429.22 v _107832_/D (DFFHQNx1_ASAP7_75t_R)
         429.22   data arrival time

   0.00    0.00   clock clk (rise edge)
   0.00    0.00   clock network delay (ideal)
   0.00    0.00   clock reconvergence pessimism
           0.00 ^ _107832_/CLK (DFFHQNx1_ASAP7_75t_R)
  14.30   14.30   library hold time
          14.30   data required time
---------------------------------------------------------
          14.30   data required time
        -429.22   data arrival time
---------------------------------------------------------
         414.92   slack (MET)


Startpoint: _117206_ (rising edge-triggered flip-flop clocked by clk)
Endpoint: _108328_ (rising edge-triggered flip-flop clocked by clk)
Path Group: clk
Path Type: min

  Delay    Time   Description
---------------------------------------------------------
   0.00    0.00   clock clk (rise edge)
   0.00    0.00   clock network delay (ideal)
   0.00    0.00 ^ _117206_/CLK (DFFASRHQNx1_ASAP7_75t_R)
  96.77   96.77 ^ _117206_/QN (DFFASRHQNx1_ASAP7_75t_R)
  32.92  129.69 v _079487_/Y (NOR2x2_ASAP7_75t_R)
  19.26  148.95 ^ _079488_/Y (NAND2x1_ASAP7_75t_R)
  29.15  178.10 ^ _079491_/Y (AO21x1_ASAP7_75t_R)
  26.24  204.34 ^ _079492_/Y (BUFx6f_ASAP7_75t_R)
  18.83  223.17 v _079758_/Y (NAND2x2_ASAP7_75t_R)
  21.16  244.33 ^ _080089_/Y (NOR2x2_ASAP7_75t_R)
  33.83  278.16 ^ _080221_/Y (BUFx4f_ASAP7_75t_R)
  30.37  308.53 ^ _080489_/Y (BUFx4f_ASAP7_75t_R)
  21.73  330.26 ^ _082591_/Y (OR3x1_ASAP7_75t_R)
  29.00  359.27 ^ _082592_/Y (BUFx3_ASAP7_75t_R)
  33.80  393.06 ^ _082593_/Y (BUFx3_ASAP7_75t_R)
  12.75  405.82 v _082596_/Y (NAND2x1_ASAP7_75t_R)
  23.40  429.22 v _082597_/Y (OA21x2_ASAP7_75t_R)
   0.00  429.22 v _108328_/D (DFFHQNx1_ASAP7_75t_R)
         429.22   data arrival time

   0.00    0.00   clock clk (rise edge)
   0.00    0.00   clock network delay (ideal)
   0.00    0.00   clock reconvergence pessimism
           0.00 ^ _108328_/CLK (DFFHQNx1_ASAP7_75t_R)
  14.30   14.30   library hold time
          14.30   data required time
---------------------------------------------------------
          14.30   data required time
        -429.22   data arrival time
---------------------------------------------------------
         414.92   slack (MET)


Startpoint: _117206_ (rising edge-triggered flip-flop clocked by clk)
Endpoint: _108408_ (rising edge-triggered flip-flop clocked by clk)
Path Group: clk
Path Type: min

  Delay    Time   Description
---------------------------------------------------------
   0.00    0.00   clock clk (rise edge)
   0.00    0.00   clock network delay (ideal)
   0.00    0.00 ^ _117206_/CLK (DFFASRHQNx1_ASAP7_75t_R)
  96.77   96.77 ^ _117206_/QN (DFFASRHQNx1_ASAP7_75t_R)
  32.92  129.69 v _079487_/Y (NOR2x2_ASAP7_75t_R)
  19.26  148.95 ^ _079488_/Y (NAND2x1_ASAP7_75t_R)
  29.15  178.10 ^ _079491_/Y (AO21x1_ASAP7_75t_R)
  26.24  204.34 ^ _079492_/Y (BUFx6f_ASAP7_75t_R)
  18.83  223.17 v _079758_/Y (NAND2x2_ASAP7_75t_R)
  21.16  244.33 ^ _080089_/Y (NOR2x2_ASAP7_75t_R)
  33.83  278.16 ^ _080221_/Y (BUFx4f_ASAP7_75t_R)
  30.37  308.53 ^ _080489_/Y (BUFx4f_ASAP7_75t_R)
  21.73  330.26 ^ _082796_/Y (OR3x1_ASAP7_75t_R)
  29.00  359.27 ^ _082797_/Y (BUFx3_ASAP7_75t_R)
  33.80  393.06 ^ _082798_/Y (BUFx3_ASAP7_75t_R)
  12.75  405.82 v _082801_/Y (NAND2x1_ASAP7_75t_R)
  23.40  429.22 v _082802_/Y (OA21x2_ASAP7_75t_R)
   0.00  429.22 v _108408_/D (DFFHQNx1_ASAP7_75t_R)
         429.22   data arrival time

   0.00    0.00   clock clk (rise edge)
   0.00    0.00   clock network delay (ideal)
   0.00    0.00   clock reconvergence pessimism
           0.00 ^ _108408_/CLK (DFFHQNx1_ASAP7_75t_R)
  14.30   14.30   library hold time
          14.30   data required time
---------------------------------------------------------
          14.30   data required time
        -429.22   data arrival time
---------------------------------------------------------
         414.92   slack (MET)


Startpoint: _117206_ (rising edge-triggered flip-flop clocked by clk)
Endpoint: _108456_ (rising edge-triggered flip-flop clocked by clk)
Path Group: clk
Path Type: min

  Delay    Time   Description
---------------------------------------------------------
   0.00    0.00   clock clk (rise edge)
   0.00    0.00   clock network delay (ideal)
   0.00    0.00 ^ _117206_/CLK (DFFASRHQNx1_ASAP7_75t_R)
  96.77   96.77 ^ _117206_/QN (DFFASRHQNx1_ASAP7_75t_R)
  32.92  129.69 v _079487_/Y (NOR2x2_ASAP7_75t_R)
  19.26  148.95 ^ _079488_/Y (NAND2x1_ASAP7_75t_R)
  29.15  178.10 ^ _079491_/Y (AO21x1_ASAP7_75t_R)
  26.24  204.34 ^ _079492_/Y (BUFx6f_ASAP7_75t_R)
  18.83  223.17 v _079758_/Y (NAND2x2_ASAP7_75t_R)
  21.16  244.33 ^ _080089_/Y (NOR2x2_ASAP7_75t_R)
  33.83  278.16 ^ _080221_/Y (BUFx4f_ASAP7_75t_R)
  30.37  308.53 ^ _082914_/Y (BUFx4f_ASAP7_75t_R)
  21.73  330.26 ^ _082915_/Y (OR3x1_ASAP7_75t_R)
  29.00  359.27 ^ _082916_/Y (BUFx3_ASAP7_75t_R)
  33.80  393.06 ^ _082917_/Y (BUFx3_ASAP7_75t_R)
  12.75  405.82 v _082920_/Y (NAND2x1_ASAP7_75t_R)
  23.40  429.22 v _082921_/Y (OA21x2_ASAP7_75t_R)
   0.00  429.22 v _108456_/D (DFFHQNx1_ASAP7_75t_R)
         429.22   data arrival time

   0.00    0.00   clock clk (rise edge)
   0.00    0.00   clock network delay (ideal)
   0.00    0.00   clock reconvergence pessimism
           0.00 ^ _108456_/CLK (DFFHQNx1_ASAP7_75t_R)
  14.30   14.30   library hold time
          14.30   data required time
---------------------------------------------------------
          14.30   data required time
        -429.22   data arrival time
---------------------------------------------------------
         414.92   slack (MET)


Startpoint: _117206_ (rising edge-triggered flip-flop clocked by clk)
Endpoint: _113210_ (rising edge-triggered flip-flop clocked by clk)
Path Group: clk
Path Type: min

  Delay    Time   Description
---------------------------------------------------------
   0.00    0.00   clock clk (rise edge)
   0.00    0.00   clock network delay (ideal)
   0.00    0.00 ^ _117206_/CLK (DFFASRHQNx1_ASAP7_75t_R)
  96.77   96.77 ^ _117206_/QN (DFFASRHQNx1_ASAP7_75t_R)
  32.92  129.69 v _079487_/Y (NOR2x2_ASAP7_75t_R)
  19.26  148.95 ^ _079488_/Y (NAND2x1_ASAP7_75t_R)
  29.15  178.10 ^ _079491_/Y (AO21x1_ASAP7_75t_R)
  26.24  204.34 ^ _079492_/Y (BUFx6f_ASAP7_75t_R)
  18.83  223.17 v _079758_/Y (NAND2x2_ASAP7_75t_R)
  21.16  244.33 ^ _080089_/Y (NOR2x2_ASAP7_75t_R)
  33.83  278.16 ^ _080221_/Y (BUFx4f_ASAP7_75t_R)
  30.37  308.53 ^ _082914_/Y (BUFx4f_ASAP7_75t_R)
  21.73  330.26 ^ _094588_/Y (OR3x1_ASAP7_75t_R)
  29.00  359.27 ^ _094589_/Y (BUFx3_ASAP7_75t_R)
  33.80  393.06 ^ _094590_/Y (BUFx3_ASAP7_75t_R)
  12.75  405.82 v _094593_/Y (NAND2x1_ASAP7_75t_R)
  23.40  429.22 v _094594_/Y (OA21x2_ASAP7_75t_R)
   0.00  429.22 v _113210_/D (DFFHQNx1_ASAP7_75t_R)
         429.22   data arrival time

   0.00    0.00   clock clk (rise edge)
   0.00    0.00   clock network delay (ideal)
   0.00    0.00   clock reconvergence pessimism
           0.00 ^ _113210_/CLK (DFFHQNx1_ASAP7_75t_R)
  14.30   14.30   library hold time
          14.30   data required time
---------------------------------------------------------
          14.30   data required time
        -429.22   data arrival time
---------------------------------------------------------
         414.92   slack (MET)


Startpoint: _117206_ (rising edge-triggered flip-flop clocked by clk)
Endpoint: _113530_ (rising edge-triggered flip-flop clocked by clk)
Path Group: clk
Path Type: min

  Delay    Time   Description
---------------------------------------------------------
   0.00    0.00   clock clk (rise edge)
   0.00    0.00   clock network delay (ideal)
   0.00    0.00 ^ _117206_/CLK (DFFASRHQNx1_ASAP7_75t_R)
  96.77   96.77 ^ _117206_/QN (DFFASRHQNx1_ASAP7_75t_R)
  32.92  129.69 v _079487_/Y (NOR2x2_ASAP7_75t_R)
  19.26  148.95 ^ _079488_/Y (NAND2x1_ASAP7_75t_R)
  29.15  178.10 ^ _079491_/Y (AO21x1_ASAP7_75t_R)
  26.24  204.34 ^ _079492_/Y (BUFx6f_ASAP7_75t_R)
  18.83  223.17 v _079758_/Y (NAND2x2_ASAP7_75t_R)
  21.16  244.33 ^ _080089_/Y (NOR2x2_ASAP7_75t_R)
  33.83  278.16 ^ _080221_/Y (BUFx4f_ASAP7_75t_R)
  30.37  308.53 ^ _082914_/Y (BUFx4f_ASAP7_75t_R)
  21.73  330.26 ^ _095380_/Y (OR3x1_ASAP7_75t_R)
  29.00  359.27 ^ _095381_/Y (BUFx3_ASAP7_75t_R)
  33.80  393.06 ^ _095382_/Y (BUFx3_ASAP7_75t_R)
  12.75  405.82 v _095385_/Y (NAND2x1_ASAP7_75t_R)
  23.40  429.22 v _095386_/Y (OA21x2_ASAP7_75t_R)
   0.00  429.22 v _113530_/D (DFFHQNx1_ASAP7_75t_R)
         429.22   data arrival time

   0.00    0.00   clock clk (rise edge)
   0.00    0.00   clock network delay (ideal)
   0.00    0.00   clock reconvergence pessimism
           0.00 ^ _113530_/CLK (DFFHQNx1_ASAP7_75t_R)
  14.30   14.30   library hold time
          14.30   data required time
---------------------------------------------------------
          14.30   data required time
        -429.22   data arrival time
---------------------------------------------------------
         414.92   slack (MET)


Startpoint: _117206_ (rising edge-triggered flip-flop clocked by clk)
Endpoint: _113778_ (rising edge-triggered flip-flop clocked by clk)
Path Group: clk
Path Type: min

  Delay    Time   Description
---------------------------------------------------------
   0.00    0.00   clock clk (rise edge)
   0.00    0.00   clock network delay (ideal)
   0.00    0.00 ^ _117206_/CLK (DFFASRHQNx1_ASAP7_75t_R)
  96.77   96.77 ^ _117206_/QN (DFFASRHQNx1_ASAP7_75t_R)
  32.92  129.69 v _079487_/Y (NOR2x2_ASAP7_75t_R)
  19.26  148.95 ^ _079488_/Y (NAND2x1_ASAP7_75t_R)
  29.15  178.10 ^ _079491_/Y (AO21x1_ASAP7_75t_R)
  26.24  204.34 ^ _079492_/Y (BUFx6f_ASAP7_75t_R)
  18.83  223.17 v _079758_/Y (NAND2x2_ASAP7_75t_R)
  21.16  244.33 ^ _080089_/Y (NOR2x2_ASAP7_75t_R)
  33.83  278.16 ^ _080221_/Y (BUFx4f_ASAP7_75t_R)
  30.37  308.53 ^ _082914_/Y (BUFx4f_ASAP7_75t_R)
  21.73  330.26 ^ _096001_/Y (OR3x1_ASAP7_75t_R)
  29.00  359.27 ^ _096002_/Y (BUFx3_ASAP7_75t_R)
  33.80  393.06 ^ _096003_/Y (BUFx3_ASAP7_75t_R)
  12.75  405.82 v _096006_/Y (NAND2x1_ASAP7_75t_R)
  23.40  429.22 v _096007_/Y (OA21x2_ASAP7_75t_R)
   0.00  429.22 v _113778_/D (DFFHQNx1_ASAP7_75t_R)
         429.22   data arrival time

   0.00    0.00   clock clk (rise edge)
   0.00    0.00   clock network delay (ideal)
   0.00    0.00   clock reconvergence pessimism
           0.00 ^ _113778_/CLK (DFFHQNx1_ASAP7_75t_R)
  14.30   14.30   library hold time
          14.30   data required time
---------------------------------------------------------
          14.30   data required time
        -429.22   data arrival time
---------------------------------------------------------
         414.92   slack (MET)


Startpoint: _117206_ (rising edge-triggered flip-flop clocked by clk)
Endpoint: _113962_ (rising edge-triggered flip-flop clocked by clk)
Path Group: clk
Path Type: min

  Delay    Time   Description
---------------------------------------------------------
   0.00    0.00   clock clk (rise edge)
   0.00    0.00   clock network delay (ideal)
   0.00    0.00 ^ _117206_/CLK (DFFASRHQNx1_ASAP7_75t_R)
  96.77   96.77 ^ _117206_/QN (DFFASRHQNx1_ASAP7_75t_R)
  32.92  129.69 v _079487_/Y (NOR2x2_ASAP7_75t_R)
  19.26  148.95 ^ _079488_/Y (NAND2x1_ASAP7_75t_R)
  29.15  178.10 ^ _079491_/Y (AO21x1_ASAP7_75t_R)
  26.24  204.34 ^ _079492_/Y (BUFx6f_ASAP7_75t_R)
  18.83  223.17 v _079758_/Y (NAND2x2_ASAP7_75t_R)
  21.16  244.33 ^ _080089_/Y (NOR2x2_ASAP7_75t_R)
  33.83  278.16 ^ _080221_/Y (BUFx4f_ASAP7_75t_R)
  30.37  308.53 ^ _082914_/Y (BUFx4f_ASAP7_75t_R)
  21.73  330.26 ^ _096456_/Y (OR3x1_ASAP7_75t_R)
  29.00  359.27 ^ _096457_/Y (BUFx3_ASAP7_75t_R)
  33.80  393.06 ^ _096458_/Y (BUFx3_ASAP7_75t_R)
  12.75  405.82 v _096461_/Y (NAND2x1_ASAP7_75t_R)
  23.40  429.22 v _096462_/Y (OA21x2_ASAP7_75t_R)
   0.00  429.22 v _113962_/D (DFFHQNx1_ASAP7_75t_R)
         429.22   data arrival time

   0.00    0.00   clock clk (rise edge)
   0.00    0.00   clock network delay (ideal)
   0.00    0.00   clock reconvergence pessimism
           0.00 ^ _113962_/CLK (DFFHQNx1_ASAP7_75t_R)
  14.30   14.30   library hold time
          14.30   data required time
---------------------------------------------------------
          14.30   data required time
        -429.22   data arrival time
---------------------------------------------------------
         414.92   slack (MET)


Startpoint: _117206_ (rising edge-triggered flip-flop clocked by clk)
Endpoint: _114090_ (rising edge-triggered flip-flop clocked by clk)
Path Group: clk
Path Type: min

  Delay    Time   Description
---------------------------------------------------------
   0.00    0.00   clock clk (rise edge)
   0.00    0.00   clock network delay (ideal)
   0.00    0.00 ^ _117206_/CLK (DFFASRHQNx1_ASAP7_75t_R)
  96.77   96.77 ^ _117206_/QN (DFFASRHQNx1_ASAP7_75t_R)
  32.92  129.69 v _079487_/Y (NOR2x2_ASAP7_75t_R)
  19.26  148.95 ^ _079488_/Y (NAND2x1_ASAP7_75t_R)
  29.15  178.10 ^ _079491_/Y (AO21x1_ASAP7_75t_R)
  26.24  204.34 ^ _079492_/Y (BUFx6f_ASAP7_75t_R)
  18.83  223.17 v _079758_/Y (NAND2x2_ASAP7_75t_R)
  21.16  244.33 ^ _080089_/Y (NOR2x2_ASAP7_75t_R)
  33.83  278.16 ^ _080221_/Y (BUFx4f_ASAP7_75t_R)
  30.37  308.53 ^ _082914_/Y (BUFx4f_ASAP7_75t_R)
  21.73  330.26 ^ _096772_/Y (OR3x1_ASAP7_75t_R)
  29.00  359.27 ^ _096773_/Y (BUFx3_ASAP7_75t_R)
  33.80  393.06 ^ _096774_/Y (BUFx3_ASAP7_75t_R)
  12.75  405.82 v _096777_/Y (NAND2x1_ASAP7_75t_R)
  23.40  429.22 v _096778_/Y (OA21x2_ASAP7_75t_R)
   0.00  429.22 v _114090_/D (DFFHQNx1_ASAP7_75t_R)
         429.22   data arrival time

   0.00    0.00   clock clk (rise edge)
   0.00    0.00   clock network delay (ideal)
   0.00    0.00   clock reconvergence pessimism
           0.00 ^ _114090_/CLK (DFFHQNx1_ASAP7_75t_R)
  14.30   14.30   library hold time
          14.30   data required time
---------------------------------------------------------
          14.30   data required time
        -429.22   data arrival time
---------------------------------------------------------
         414.92   slack (MET)


Startpoint: _117206_ (rising edge-triggered flip-flop clocked by clk)
Endpoint: _114202_ (rising edge-triggered flip-flop clocked by clk)
Path Group: clk
Path Type: min

  Delay    Time   Description
---------------------------------------------------------
   0.00    0.00   clock clk (rise edge)
   0.00    0.00   clock network delay (ideal)
   0.00    0.00 ^ _117206_/CLK (DFFASRHQNx1_ASAP7_75t_R)
  96.77   96.77 ^ _117206_/QN (DFFASRHQNx1_ASAP7_75t_R)
  32.92  129.69 v _079487_/Y (NOR2x2_ASAP7_75t_R)
  19.26  148.95 ^ _079488_/Y (NAND2x1_ASAP7_75t_R)
  29.15  178.10 ^ _079491_/Y (AO21x1_ASAP7_75t_R)
  26.24  204.34 ^ _079492_/Y (BUFx6f_ASAP7_75t_R)
  18.83  223.17 v _079758_/Y (NAND2x2_ASAP7_75t_R)
  21.16  244.33 ^ _080089_/Y (NOR2x2_ASAP7_75t_R)
  33.83  278.16 ^ _080221_/Y (BUFx4f_ASAP7_75t_R)
  30.37  308.53 ^ _080222_/Y (BUFx4f_ASAP7_75t_R)
  21.73  330.26 ^ _097051_/Y (OR3x1_ASAP7_75t_R)
  29.00  359.27 ^ _097052_/Y (BUFx3_ASAP7_75t_R)
  33.80  393.06 ^ _097053_/Y (BUFx3_ASAP7_75t_R)
  12.75  405.82 v _097056_/Y (NAND2x1_ASAP7_75t_R)
  23.40  429.22 v _097057_/Y (OA21x2_ASAP7_75t_R)
   0.00  429.22 v _114202_/D (DFFHQNx1_ASAP7_75t_R)
         429.22   data arrival time

   0.00    0.00   clock clk (rise edge)
   0.00    0.00   clock network delay (ideal)
   0.00    0.00   clock reconvergence pessimism
           0.00 ^ _114202_/CLK (DFFHQNx1_ASAP7_75t_R)
  14.30   14.30   library hold time
          14.30   data required time
---------------------------------------------------------
          14.30   data required time
        -429.22   data arrival time
---------------------------------------------------------
         414.92   slack (MET)


Startpoint: _117206_ (rising edge-triggered flip-flop clocked by clk)
Endpoint: _114338_ (rising edge-triggered flip-flop clocked by clk)
Path Group: clk
Path Type: min

  Delay    Time   Description
---------------------------------------------------------
   0.00    0.00   clock clk (rise edge)
   0.00    0.00   clock network delay (ideal)
   0.00    0.00 ^ _117206_/CLK (DFFASRHQNx1_ASAP7_75t_R)
  96.77   96.77 ^ _117206_/QN (DFFASRHQNx1_ASAP7_75t_R)
  32.92  129.69 v _079487_/Y (NOR2x2_ASAP7_75t_R)
  19.26  148.95 ^ _079488_/Y (NAND2x1_ASAP7_75t_R)
  29.15  178.10 ^ _079491_/Y (AO21x1_ASAP7_75t_R)
  26.24  204.34 ^ _079492_/Y (BUFx6f_ASAP7_75t_R)
  18.83  223.17 v _079758_/Y (NAND2x2_ASAP7_75t_R)
  21.16  244.33 ^ _080089_/Y (NOR2x2_ASAP7_75t_R)
  33.83  278.16 ^ _080221_/Y (BUFx4f_ASAP7_75t_R)
  30.37  308.53 ^ _080222_/Y (BUFx4f_ASAP7_75t_R)
  21.73  330.26 ^ _097363_/Y (OR3x1_ASAP7_75t_R)
  29.00  359.27 ^ _097364_/Y (BUFx3_ASAP7_75t_R)
  33.80  393.06 ^ _097365_/Y (BUFx3_ASAP7_75t_R)
  12.75  405.82 v _097368_/Y (NAND2x1_ASAP7_75t_R)
  23.40  429.22 v _097369_/Y (OA21x2_ASAP7_75t_R)
   0.00  429.22 v _114338_/D (DFFHQNx1_ASAP7_75t_R)
         429.22   data arrival time

   0.00    0.00   clock clk (rise edge)
   0.00    0.00   clock network delay (ideal)
   0.00    0.00   clock reconvergence pessimism
           0.00 ^ _114338_/CLK (DFFHQNx1_ASAP7_75t_R)
  14.30   14.30   library hold time
          14.30   data required time
---------------------------------------------------------
          14.30   data required time
        -429.22   data arrival time
---------------------------------------------------------
         414.92   slack (MET)


Startpoint: _117206_ (rising edge-triggered flip-flop clocked by clk)
Endpoint: _107472_ (rising edge-triggered flip-flop clocked by clk)
Path Group: clk
Path Type: min

  Delay    Time   Description
---------------------------------------------------------
   0.00    0.00   clock clk (rise edge)
   0.00    0.00   clock network delay (ideal)
   0.00    0.00 ^ _117206_/CLK (DFFASRHQNx1_ASAP7_75t_R)
  96.77   96.77 ^ _117206_/QN (DFFASRHQNx1_ASAP7_75t_R)
  32.92  129.69 v _079487_/Y (NOR2x2_ASAP7_75t_R)
  19.26  148.95 ^ _079488_/Y (NAND2x1_ASAP7_75t_R)
  29.15  178.10 ^ _079491_/Y (AO21x1_ASAP7_75t_R)
  26.24  204.34 ^ _079492_/Y (BUFx6f_ASAP7_75t_R)
  18.83  223.17 v _079758_/Y (NAND2x2_ASAP7_75t_R)
  21.16  244.33 ^ _080089_/Y (NOR2x2_ASAP7_75t_R)
  39.18  283.51 ^ _080142_/Y (BUFx4f_ASAP7_75t_R)
  31.04  314.55 ^ _080143_/Y (BUFx6f_ASAP7_75t_R)
  20.62  335.17 ^ _080288_/Y (OR3x1_ASAP7_75t_R)
  29.92  365.09 ^ _080289_/Y (BUFx3_ASAP7_75t_R)
  31.60  396.69 ^ _080290_/Y (BUFx4f_ASAP7_75t_R)
  11.80  408.49 v _080293_/Y (NAND2x1_ASAP7_75t_R)
  23.13  431.63 v _080294_/Y (OA21x2_ASAP7_75t_R)
   0.00  431.63 v _107472_/D (DFFHQNx1_ASAP7_75t_R)
         431.63   data arrival time

   0.00    0.00   clock clk (rise edge)
   0.00    0.00   clock network delay (ideal)
   0.00    0.00   clock reconvergence pessimism
           0.00 ^ _107472_/CLK (DFFHQNx1_ASAP7_75t_R)
  14.30   14.30   library hold time
          14.30   data required time
---------------------------------------------------------
          14.30   data required time
        -431.63   data arrival time
---------------------------------------------------------
         417.33   slack (MET)


Startpoint: _117206_ (rising edge-triggered flip-flop clocked by clk)
Endpoint: _107600_ (rising edge-triggered flip-flop clocked by clk)
Path Group: clk
Path Type: min

  Delay    Time   Description
---------------------------------------------------------
   0.00    0.00   clock clk (rise edge)
   0.00    0.00   clock network delay (ideal)
   0.00    0.00 ^ _117206_/CLK (DFFASRHQNx1_ASAP7_75t_R)
  96.77   96.77 ^ _117206_/QN (DFFASRHQNx1_ASAP7_75t_R)
  32.92  129.69 v _079487_/Y (NOR2x2_ASAP7_75t_R)
  19.26  148.95 ^ _079488_/Y (NAND2x1_ASAP7_75t_R)
  29.15  178.10 ^ _079491_/Y (AO21x1_ASAP7_75t_R)
  26.24  204.34 ^ _079492_/Y (BUFx6f_ASAP7_75t_R)
  18.83  223.17 v _079758_/Y (NAND2x2_ASAP7_75t_R)
  21.16  244.33 ^ _080089_/Y (NOR2x2_ASAP7_75t_R)
  39.18  283.51 ^ _080142_/Y (BUFx4f_ASAP7_75t_R)
  31.04  314.55 ^ _080511_/Y (BUFx6f_ASAP7_75t_R)
  20.62  335.17 ^ _080639_/Y (OR3x1_ASAP7_75t_R)
  29.92  365.09 ^ _080640_/Y (BUFx3_ASAP7_75t_R)
  31.60  396.69 ^ _080641_/Y (BUFx4f_ASAP7_75t_R)
  11.80  408.49 v _080644_/Y (NAND2x1_ASAP7_75t_R)
  23.13  431.63 v _080645_/Y (OA21x2_ASAP7_75t_R)
   0.00  431.63 v _107600_/D (DFFHQNx1_ASAP7_75t_R)
         431.63   data arrival time

   0.00    0.00   clock clk (rise edge)
   0.00    0.00   clock network delay (ideal)
   0.00    0.00   clock reconvergence pessimism
           0.00 ^ _107600_/CLK (DFFHQNx1_ASAP7_75t_R)
  14.30   14.30   library hold time
          14.30   data required time
---------------------------------------------------------
          14.30   data required time
        -431.63   data arrival time
---------------------------------------------------------
         417.33   slack (MET)


Startpoint: _117206_ (rising edge-triggered flip-flop clocked by clk)
Endpoint: _113742_ (rising edge-triggered flip-flop clocked by clk)
Path Group: clk
Path Type: min

  Delay    Time   Description
---------------------------------------------------------
   0.00    0.00   clock clk (rise edge)
   0.00    0.00   clock network delay (ideal)
   0.00    0.00 ^ _117206_/CLK (DFFASRHQNx1_ASAP7_75t_R)
  96.77   96.77 ^ _117206_/QN (DFFASRHQNx1_ASAP7_75t_R)
  32.92  129.69 v _079487_/Y (NOR2x2_ASAP7_75t_R)
  19.26  148.95 ^ _079488_/Y (NAND2x1_ASAP7_75t_R)
  29.15  178.10 ^ _079491_/Y (AO21x1_ASAP7_75t_R)
  26.24  204.34 ^ _079492_/Y (BUFx6f_ASAP7_75t_R)
  18.83  223.17 v _079758_/Y (NAND2x2_ASAP7_75t_R)
  21.16  244.33 ^ _080089_/Y (NOR2x2_ASAP7_75t_R)
  39.18  283.51 ^ _080142_/Y (BUFx4f_ASAP7_75t_R)
  31.04  314.55 ^ _095758_/Y (BUFx6f_ASAP7_75t_R)
  20.62  335.17 ^ _095900_/Y (OR3x1_ASAP7_75t_R)
  29.92  365.09 ^ _095901_/Y (BUFx3_ASAP7_75t_R)
  31.60  396.69 ^ _095902_/Y (BUFx4f_ASAP7_75t_R)
  11.80  408.50 v _095913_/Y (NAND2x1_ASAP7_75t_R)
  23.13  431.63 v _095914_/Y (OA21x2_ASAP7_75t_R)
   0.00  431.63 v _113742_/D (DFFHQNx1_ASAP7_75t_R)
         431.63   data arrival time

   0.00    0.00   clock clk (rise edge)
   0.00    0.00   clock network delay (ideal)
   0.00    0.00   clock reconvergence pessimism
           0.00 ^ _113742_/CLK (DFFHQNx1_ASAP7_75t_R)
  14.30   14.30   library hold time
          14.30   data required time
---------------------------------------------------------
          14.30   data required time
        -431.63   data arrival time
---------------------------------------------------------
         417.33   slack (MET)


Startpoint: _117206_ (rising edge-triggered flip-flop clocked by clk)
Endpoint: _113253_ (rising edge-triggered flip-flop clocked by clk)
Path Group: clk
Path Type: min

  Delay    Time   Description
---------------------------------------------------------
   0.00    0.00   clock clk (rise edge)
   0.00    0.00   clock network delay (ideal)
   0.00    0.00 ^ _117206_/CLK (DFFASRHQNx1_ASAP7_75t_R)
  96.77   96.77 ^ _117206_/QN (DFFASRHQNx1_ASAP7_75t_R)
  32.92  129.69 v _079487_/Y (NOR2x2_ASAP7_75t_R)
  19.26  148.95 ^ _079488_/Y (NAND2x1_ASAP7_75t_R)
  29.15  178.10 ^ _079491_/Y (AO21x1_ASAP7_75t_R)
  26.24  204.34 ^ _079492_/Y (BUFx6f_ASAP7_75t_R)
  18.83  223.17 v _079758_/Y (NAND2x2_ASAP7_75t_R)
  21.16  244.33 ^ _080089_/Y (NOR2x2_ASAP7_75t_R)
  39.18  283.51 ^ _080142_/Y (BUFx4f_ASAP7_75t_R)
  31.04  314.55 ^ _080200_/Y (BUFx6f_ASAP7_75t_R)
  20.62  335.17 ^ _094686_/Y (OR3x1_ASAP7_75t_R)
  29.92  365.09 ^ _094687_/Y (BUFx3_ASAP7_75t_R)
  31.60  396.69 ^ _094688_/Y (BUFx4f_ASAP7_75t_R)
  11.80  408.50 v _094697_/Y (NAND2x1_ASAP7_75t_R)
  23.13  431.63 v _094698_/Y (OA21x2_ASAP7_75t_R)
   0.00  431.63 v _113253_/D (DFFHQNx1_ASAP7_75t_R)
         431.63   data arrival time

   0.00    0.00   clock clk (rise edge)
   0.00    0.00   clock network delay (ideal)
   0.00    0.00   clock reconvergence pessimism
           0.00 ^ _113253_/CLK (DFFHQNx1_ASAP7_75t_R)
  14.30   14.30   library hold time
          14.30   data required time
---------------------------------------------------------
          14.30   data required time
        -431.63   data arrival time
---------------------------------------------------------
         417.33   slack (MET)


Startpoint: _117206_ (rising edge-triggered flip-flop clocked by clk)
Endpoint: _113839_ (rising edge-triggered flip-flop clocked by clk)
Path Group: clk
Path Type: min

  Delay    Time   Description
---------------------------------------------------------
   0.00    0.00   clock clk (rise edge)
   0.00    0.00   clock network delay (ideal)
   0.00    0.00 ^ _117206_/CLK (DFFASRHQNx1_ASAP7_75t_R)
  96.77   96.77 ^ _117206_/QN (DFFASRHQNx1_ASAP7_75t_R)
  32.92  129.69 v _079487_/Y (NOR2x2_ASAP7_75t_R)
  19.26  148.95 ^ _079488_/Y (NAND2x1_ASAP7_75t_R)
  29.15  178.10 ^ _079491_/Y (AO21x1_ASAP7_75t_R)
  26.24  204.34 ^ _079492_/Y (BUFx6f_ASAP7_75t_R)
  18.83  223.17 v _079758_/Y (NAND2x2_ASAP7_75t_R)
  21.16  244.33 ^ _080089_/Y (NOR2x2_ASAP7_75t_R)
  39.18  283.51 ^ _080142_/Y (BUFx4f_ASAP7_75t_R)
  31.04  314.55 ^ _095758_/Y (BUFx6f_ASAP7_75t_R)
  20.62  335.17 ^ _096136_/Y (OR3x1_ASAP7_75t_R)
  29.92  365.09 ^ _096137_/Y (BUFx3_ASAP7_75t_R)
  31.60  396.69 ^ _096138_/Y (BUFx4f_ASAP7_75t_R)
  11.80  408.50 v _096151_/Y (NAND2x1_ASAP7_75t_R)
  23.13  431.63 v _096152_/Y (OA21x2_ASAP7_75t_R)
   0.00  431.63 v _113839_/D (DFFHQNx1_ASAP7_75t_R)
         431.63   data arrival time

   0.00    0.00   clock clk (rise edge)
   0.00    0.00   clock network delay (ideal)
   0.00    0.00   clock reconvergence pessimism
           0.00 ^ _113839_/CLK (DFFHQNx1_ASAP7_75t_R)
  14.30   14.30   library hold time
          14.30   data required time
---------------------------------------------------------
          14.30   data required time
        -431.63   data arrival time
---------------------------------------------------------
         417.33   slack (MET)


Startpoint: _117206_ (rising edge-triggered flip-flop clocked by clk)
Endpoint: _114359_ (rising edge-triggered flip-flop clocked by clk)
Path Group: clk
Path Type: min

  Delay    Time   Description
---------------------------------------------------------
   0.00    0.00   clock clk (rise edge)
   0.00    0.00   clock network delay (ideal)
   0.00    0.00 ^ _117206_/CLK (DFFASRHQNx1_ASAP7_75t_R)
  96.77   96.77 ^ _117206_/QN (DFFASRHQNx1_ASAP7_75t_R)
  32.92  129.69 v _079487_/Y (NOR2x2_ASAP7_75t_R)
  19.26  148.95 ^ _079488_/Y (NAND2x1_ASAP7_75t_R)
  29.15  178.10 ^ _079491_/Y (AO21x1_ASAP7_75t_R)
  26.24  204.34 ^ _079492_/Y (BUFx6f_ASAP7_75t_R)
  18.83  223.17 v _079758_/Y (NAND2x2_ASAP7_75t_R)
  21.16  244.33 ^ _080089_/Y (NOR2x2_ASAP7_75t_R)
  39.18  283.51 ^ _080142_/Y (BUFx4f_ASAP7_75t_R)
  31.04  314.55 ^ _080143_/Y (BUFx6f_ASAP7_75t_R)
  20.62  335.17 ^ _097401_/Y (OR3x1_ASAP7_75t_R)
  29.92  365.09 ^ _097402_/Y (BUFx3_ASAP7_75t_R)
  31.60  396.69 ^ _097403_/Y (BUFx4f_ASAP7_75t_R)
  11.80  408.50 v _097416_/Y (NAND2x1_ASAP7_75t_R)
  23.13  431.63 v _097417_/Y (OA21x2_ASAP7_75t_R)
   0.00  431.63 v _114359_/D (DFFHQNx1_ASAP7_75t_R)
         431.63   data arrival time

   0.00    0.00   clock clk (rise edge)
   0.00    0.00   clock network delay (ideal)
   0.00    0.00   clock reconvergence pessimism
           0.00 ^ _114359_/CLK (DFFHQNx1_ASAP7_75t_R)
  14.30   14.30   library hold time
          14.30   data required time
---------------------------------------------------------
          14.30   data required time
        -431.63   data arrival time
---------------------------------------------------------
         417.33   slack (MET)


Startpoint: _117206_ (rising edge-triggered flip-flop clocked by clk)
Endpoint: _113835_ (rising edge-triggered flip-flop clocked by clk)
Path Group: clk
Path Type: min

  Delay    Time   Description
---------------------------------------------------------
   0.00    0.00   clock clk (rise edge)
   0.00    0.00   clock network delay (ideal)
   0.00    0.00 ^ _117206_/CLK (DFFASRHQNx1_ASAP7_75t_R)
  96.77   96.77 ^ _117206_/QN (DFFASRHQNx1_ASAP7_75t_R)
  32.92  129.69 v _079487_/Y (NOR2x2_ASAP7_75t_R)
  19.26  148.95 ^ _079488_/Y (NAND2x1_ASAP7_75t_R)
  29.15  178.10 ^ _079491_/Y (AO21x1_ASAP7_75t_R)
  26.24  204.34 ^ _079492_/Y (BUFx6f_ASAP7_75t_R)
  18.83  223.17 v _079758_/Y (NAND2x2_ASAP7_75t_R)
  21.16  244.33 ^ _080089_/Y (NOR2x2_ASAP7_75t_R)
  39.18  283.51 ^ _080142_/Y (BUFx4f_ASAP7_75t_R)
  31.04  314.55 ^ _095758_/Y (BUFx6f_ASAP7_75t_R)
  20.62  335.17 ^ _096136_/Y (OR3x1_ASAP7_75t_R)
  29.92  365.09 ^ _096137_/Y (BUFx3_ASAP7_75t_R)
  31.60  396.69 ^ _096138_/Y (BUFx4f_ASAP7_75t_R)
  11.80  408.50 v _096143_/Y (NAND2x1_ASAP7_75t_R)
  23.13  431.63 v _096144_/Y (OA21x2_ASAP7_75t_R)
   0.00  431.63 v _113835_/D (DFFHQNx1_ASAP7_75t_R)
         431.63   data arrival time

   0.00    0.00   clock clk (rise edge)
   0.00    0.00   clock network delay (ideal)
   0.00    0.00   clock reconvergence pessimism
           0.00 ^ _113835_/CLK (DFFHQNx1_ASAP7_75t_R)
  14.30   14.30   library hold time
          14.30   data required time
---------------------------------------------------------
          14.30   data required time
        -431.63   data arrival time
---------------------------------------------------------
         417.33   slack (MET)


Startpoint: _117206_ (rising edge-triggered flip-flop clocked by clk)
Endpoint: _113987_ (rising edge-triggered flip-flop clocked by clk)
Path Group: clk
Path Type: min

  Delay    Time   Description
---------------------------------------------------------
   0.00    0.00   clock clk (rise edge)
   0.00    0.00   clock network delay (ideal)
   0.00    0.00 ^ _117206_/CLK (DFFASRHQNx1_ASAP7_75t_R)
  96.77   96.77 ^ _117206_/QN (DFFASRHQNx1_ASAP7_75t_R)
  32.92  129.69 v _079487_/Y (NOR2x2_ASAP7_75t_R)
  19.26  148.95 ^ _079488_/Y (NAND2x1_ASAP7_75t_R)
  29.15  178.10 ^ _079491_/Y (AO21x1_ASAP7_75t_R)
  26.24  204.34 ^ _079492_/Y (BUFx6f_ASAP7_75t_R)
  18.83  223.17 v _079758_/Y (NAND2x2_ASAP7_75t_R)
  21.16  244.33 ^ _080089_/Y (NOR2x2_ASAP7_75t_R)
  39.18  283.51 ^ _080142_/Y (BUFx4f_ASAP7_75t_R)
  31.04  314.55 ^ _095758_/Y (BUFx6f_ASAP7_75t_R)
  20.62  335.17 ^ _096515_/Y (OR3x1_ASAP7_75t_R)
  29.92  365.09 ^ _096516_/Y (BUFx3_ASAP7_75t_R)
  31.60  396.69 ^ _096517_/Y (BUFx4f_ASAP7_75t_R)
  11.80  408.50 v _096522_/Y (NAND2x1_ASAP7_75t_R)
  23.13  431.63 v _096523_/Y (OA21x2_ASAP7_75t_R)
   0.00  431.63 v _113987_/D (DFFHQNx1_ASAP7_75t_R)
         431.63   data arrival time

   0.00    0.00   clock clk (rise edge)
   0.00    0.00   clock network delay (ideal)
   0.00    0.00   clock reconvergence pessimism
           0.00 ^ _113987_/CLK (DFFHQNx1_ASAP7_75t_R)
  14.30   14.30   library hold time
          14.30   data required time
---------------------------------------------------------
          14.30   data required time
        -431.63   data arrival time
---------------------------------------------------------
         417.33   slack (MET)


Startpoint: _117206_ (rising edge-triggered flip-flop clocked by clk)
Endpoint: _114259_ (rising edge-triggered flip-flop clocked by clk)
Path Group: clk
Path Type: min

  Delay    Time   Description
---------------------------------------------------------
   0.00    0.00   clock clk (rise edge)
   0.00    0.00   clock network delay (ideal)
   0.00    0.00 ^ _117206_/CLK (DFFASRHQNx1_ASAP7_75t_R)
  96.77   96.77 ^ _117206_/QN (DFFASRHQNx1_ASAP7_75t_R)
  32.92  129.69 v _079487_/Y (NOR2x2_ASAP7_75t_R)
  19.26  148.95 ^ _079488_/Y (NAND2x1_ASAP7_75t_R)
  29.15  178.10 ^ _079491_/Y (AO21x1_ASAP7_75t_R)
  26.24  204.34 ^ _079492_/Y (BUFx6f_ASAP7_75t_R)
  18.83  223.17 v _079758_/Y (NAND2x2_ASAP7_75t_R)
  21.16  244.33 ^ _080089_/Y (NOR2x2_ASAP7_75t_R)
  39.18  283.51 ^ _080142_/Y (BUFx4f_ASAP7_75t_R)
  31.04  314.55 ^ _080143_/Y (BUFx6f_ASAP7_75t_R)
  20.62  335.17 ^ _097189_/Y (OR3x1_ASAP7_75t_R)
  29.92  365.09 ^ _097190_/Y (BUFx3_ASAP7_75t_R)
  31.60  396.69 ^ _097191_/Y (BUFx4f_ASAP7_75t_R)
  11.80  408.50 v _097196_/Y (NAND2x1_ASAP7_75t_R)
  23.13  431.63 v _097197_/Y (OA21x2_ASAP7_75t_R)
   0.00  431.63 v _114259_/D (DFFHQNx1_ASAP7_75t_R)
         431.63   data arrival time

   0.00    0.00   clock clk (rise edge)
   0.00    0.00   clock network delay (ideal)
   0.00    0.00   clock reconvergence pessimism
           0.00 ^ _114259_/CLK (DFFHQNx1_ASAP7_75t_R)
  14.30   14.30   library hold time
          14.30   data required time
---------------------------------------------------------
          14.30   data required time
        -431.63   data arrival time
---------------------------------------------------------
         417.33   slack (MET)


Startpoint: _117206_ (rising edge-triggered flip-flop clocked by clk)
Endpoint: _114386_ (rising edge-triggered flip-flop clocked by clk)
Path Group: clk
Path Type: min

  Delay    Time   Description
---------------------------------------------------------
   0.00    0.00   clock clk (rise edge)
   0.00    0.00   clock network delay (ideal)
   0.00    0.00 ^ _117206_/CLK (DFFASRHQNx1_ASAP7_75t_R)
  96.77   96.77 ^ _117206_/QN (DFFASRHQNx1_ASAP7_75t_R)
  32.92  129.69 v _079487_/Y (NOR2x2_ASAP7_75t_R)
  19.26  148.95 ^ _079488_/Y (NAND2x1_ASAP7_75t_R)
  29.15  178.10 ^ _079491_/Y (AO21x1_ASAP7_75t_R)
  26.24  204.34 ^ _079492_/Y (BUFx6f_ASAP7_75t_R)
  18.83  223.17 v _079758_/Y (NAND2x2_ASAP7_75t_R)
  21.16  244.33 ^ _080089_/Y (NOR2x2_ASAP7_75t_R)
  33.83  278.16 ^ _080221_/Y (BUFx4f_ASAP7_75t_R)
  30.37  308.53 ^ _080222_/Y (BUFx4f_ASAP7_75t_R)
  21.73  330.26 ^ _097477_/Y (OR3x1_ASAP7_75t_R)
  29.00  359.27 ^ _097478_/Y (BUFx3_ASAP7_75t_R)
  33.80  393.06 ^ _097479_/Y (BUFx3_ASAP7_75t_R)
  12.75  405.82 v _097482_/Y (NAND2x1_ASAP7_75t_R)
  23.52  429.34 v _097483_/Y (OA21x2_ASAP7_75t_R)
   0.00  429.34 v _114386_/D (DFFHQNx1_ASAP7_75t_R)
         429.34   data arrival time

   0.00    0.00   clock clk (rise edge)
   0.00    0.00   clock network delay (ideal)
   0.00    0.00   clock reconvergence pessimism
           0.00 ^ _114386_/CLK (DFFHQNx1_ASAP7_75t_R)
  14.30   14.30   library hold time
          14.30   data required time
---------------------------------------------------------
          14.30   data required time
        -429.34   data arrival time
---------------------------------------------------------
         415.04   slack (MET)


Startpoint: _117206_ (rising edge-triggered flip-flop clocked by clk)
Endpoint: _114355_ (rising edge-triggered flip-flop clocked by clk)
Path Group: clk
Path Type: min

  Delay    Time   Description
---------------------------------------------------------
   0.00    0.00   clock clk (rise edge)
   0.00    0.00   clock network delay (ideal)
   0.00    0.00 ^ _117206_/CLK (DFFASRHQNx1_ASAP7_75t_R)
  96.77   96.77 ^ _117206_/QN (DFFASRHQNx1_ASAP7_75t_R)
  32.92  129.69 v _079487_/Y (NOR2x2_ASAP7_75t_R)
  19.26  148.95 ^ _079488_/Y (NAND2x1_ASAP7_75t_R)
  29.15  178.10 ^ _079491_/Y (AO21x1_ASAP7_75t_R)
  26.24  204.34 ^ _079492_/Y (BUFx6f_ASAP7_75t_R)
  18.83  223.17 v _079758_/Y (NAND2x2_ASAP7_75t_R)
  21.16  244.33 ^ _080089_/Y (NOR2x2_ASAP7_75t_R)
  39.18  283.51 ^ _080142_/Y (BUFx4f_ASAP7_75t_R)
  31.04  314.55 ^ _080143_/Y (BUFx6f_ASAP7_75t_R)
  20.62  335.17 ^ _097401_/Y (OR3x1_ASAP7_75t_R)
  29.92  365.09 ^ _097402_/Y (BUFx3_ASAP7_75t_R)
  31.60  396.69 ^ _097403_/Y (BUFx4f_ASAP7_75t_R)
  11.80  408.50 v _097408_/Y (NAND2x1_ASAP7_75t_R)
  23.13  431.63 v _097409_/Y (OA21x2_ASAP7_75t_R)
   0.00  431.63 v _114355_/D (DFFHQNx1_ASAP7_75t_R)
         431.63   data arrival time

   0.00    0.00   clock clk (rise edge)
   0.00    0.00   clock network delay (ideal)
   0.00    0.00   clock reconvergence pessimism
           0.00 ^ _114355_/CLK (DFFHQNx1_ASAP7_75t_R)
  14.30   14.30   library hold time
          14.30   data required time
---------------------------------------------------------
          14.30   data required time
        -431.63   data arrival time
---------------------------------------------------------
         417.33   slack (MET)


Startpoint: _117206_ (rising edge-triggered flip-flop clocked by clk)
Endpoint: _107679_ (rising edge-triggered flip-flop clocked by clk)
Path Group: clk
Path Type: min

  Delay    Time   Description
---------------------------------------------------------
   0.00    0.00   clock clk (rise edge)
   0.00    0.00   clock network delay (ideal)
   0.00    0.00 ^ _117206_/CLK (DFFASRHQNx1_ASAP7_75t_R)
  96.77   96.77 ^ _117206_/QN (DFFASRHQNx1_ASAP7_75t_R)
  32.92  129.69 v _079487_/Y (NOR2x2_ASAP7_75t_R)
  19.26  148.95 ^ _079488_/Y (NAND2x1_ASAP7_75t_R)
  29.15  178.10 ^ _079491_/Y (AO21x1_ASAP7_75t_R)
  26.24  204.34 ^ _079492_/Y (BUFx6f_ASAP7_75t_R)
  18.83  223.17 v _079758_/Y (NAND2x2_ASAP7_75t_R)
  21.16  244.33 ^ _080089_/Y (NOR2x2_ASAP7_75t_R)
  39.18  283.51 ^ _080142_/Y (BUFx4f_ASAP7_75t_R)
  31.04  314.55 ^ _080511_/Y (BUFx6f_ASAP7_75t_R)
  20.62  335.17 ^ _080852_/Y (OR3x1_ASAP7_75t_R)
  29.92  365.09 ^ _080853_/Y (BUFx3_ASAP7_75t_R)
  31.60  396.69 ^ _080854_/Y (BUFx4f_ASAP7_75t_R)
  11.80  408.49 v _080855_/Y (NAND2x1_ASAP7_75t_R)
  23.13  431.63 v _080856_/Y (OA21x2_ASAP7_75t_R)
   0.00  431.63 v _107679_/D (DFFHQNx1_ASAP7_75t_R)
         431.63   data arrival time

   0.00    0.00   clock clk (rise edge)
   0.00    0.00   clock network delay (ideal)
   0.00    0.00   clock reconvergence pessimism
           0.00 ^ _107679_/CLK (DFFHQNx1_ASAP7_75t_R)
  14.30   14.30   library hold time
          14.30   data required time
---------------------------------------------------------
          14.30   data required time
        -431.63   data arrival time
---------------------------------------------------------
         417.33   slack (MET)


Startpoint: _117206_ (rising edge-triggered flip-flop clocked by clk)
Endpoint: _113681_ (rising edge-triggered flip-flop clocked by clk)
Path Group: clk
Path Type: min

  Delay    Time   Description
---------------------------------------------------------
   0.00    0.00   clock clk (rise edge)
   0.00    0.00   clock network delay (ideal)
   0.00    0.00 ^ _117206_/CLK (DFFASRHQNx1_ASAP7_75t_R)
  96.77   96.77 ^ _117206_/QN (DFFASRHQNx1_ASAP7_75t_R)
  32.92  129.69 v _079487_/Y (NOR2x2_ASAP7_75t_R)
  19.26  148.95 ^ _079488_/Y (NAND2x1_ASAP7_75t_R)
  29.15  178.10 ^ _079491_/Y (AO21x1_ASAP7_75t_R)
  26.24  204.34 ^ _079492_/Y (BUFx6f_ASAP7_75t_R)
  18.83  223.17 v _079758_/Y (NAND2x2_ASAP7_75t_R)
  21.16  244.33 ^ _080089_/Y (NOR2x2_ASAP7_75t_R)
  39.18  283.51 ^ _080142_/Y (BUFx4f_ASAP7_75t_R)
  31.04  314.55 ^ _095758_/Y (BUFx6f_ASAP7_75t_R)
  20.62  335.17 ^ _095759_/Y (OR3x1_ASAP7_75t_R)
  29.92  365.09 ^ _095760_/Y (BUFx3_ASAP7_75t_R)
  31.60  396.69 ^ _095761_/Y (BUFx4f_ASAP7_75t_R)
  11.80  408.50 v _095762_/Y (NAND2x1_ASAP7_75t_R)
  23.13  431.63 v _095763_/Y (OA21x2_ASAP7_75t_R)
   0.00  431.63 v _113681_/D (DFFHQNx1_ASAP7_75t_R)
         431.63   data arrival time

   0.00    0.00   clock clk (rise edge)
   0.00    0.00   clock network delay (ideal)
   0.00    0.00   clock reconvergence pessimism
           0.00 ^ _113681_/CLK (DFFHQNx1_ASAP7_75t_R)
  14.30   14.30   library hold time
          14.30   data required time
---------------------------------------------------------
          14.30   data required time
        -431.63   data arrival time
---------------------------------------------------------
         417.33   slack (MET)


Startpoint: _117206_ (rising edge-triggered flip-flop clocked by clk)
Endpoint: _107430_ (rising edge-triggered flip-flop clocked by clk)
Path Group: clk
Path Type: min

  Delay    Time   Description
---------------------------------------------------------
   0.00    0.00   clock clk (rise edge)
   0.00    0.00   clock network delay (ideal)
   0.00    0.00 ^ _117206_/CLK (DFFASRHQNx1_ASAP7_75t_R)
  96.77   96.77 ^ _117206_/QN (DFFASRHQNx1_ASAP7_75t_R)
  32.92  129.69 v _079487_/Y (NOR2x2_ASAP7_75t_R)
  19.26  148.95 ^ _079488_/Y (NAND2x1_ASAP7_75t_R)
  29.15  178.10 ^ _079491_/Y (AO21x1_ASAP7_75t_R)
  26.24  204.34 ^ _079492_/Y (BUFx6f_ASAP7_75t_R)
  18.83  223.17 v _079758_/Y (NAND2x2_ASAP7_75t_R)
  21.16  244.33 ^ _080089_/Y (NOR2x2_ASAP7_75t_R)
  39.18  283.51 ^ _080142_/Y (BUFx4f_ASAP7_75t_R)
  31.04  314.55 ^ _080143_/Y (BUFx6f_ASAP7_75t_R)
  20.62  335.17 ^ _080145_/Y (OR3x1_ASAP7_75t_R)
  29.92  365.09 ^ _080146_/Y (BUFx3_ASAP7_75t_R)
  31.60  396.69 ^ _080147_/Y (BUFx4f_ASAP7_75t_R)
  11.80  408.49 v _080173_/Y (NAND2x1_ASAP7_75t_R)
  23.13  431.63 v _080174_/Y (OA21x2_ASAP7_75t_R)
   0.00  431.63 v _107430_/D (DFFHQNx1_ASAP7_75t_R)
         431.63   data arrival time

   0.00    0.00   clock clk (rise edge)
   0.00    0.00   clock network delay (ideal)
   0.00    0.00   clock reconvergence pessimism
           0.00 ^ _107430_/CLK (DFFHQNx1_ASAP7_75t_R)
  14.30   14.30   library hold time
          14.30   data required time
---------------------------------------------------------
          14.30   data required time
        -431.63   data arrival time
---------------------------------------------------------
         417.33   slack (MET)


Startpoint: _117206_ (rising edge-triggered flip-flop clocked by clk)
Endpoint: _107796_ (rising edge-triggered flip-flop clocked by clk)
Path Group: clk
Path Type: min

  Delay    Time   Description
---------------------------------------------------------
   0.00    0.00   clock clk (rise edge)
   0.00    0.00   clock network delay (ideal)
   0.00    0.00 ^ _117206_/CLK (DFFASRHQNx1_ASAP7_75t_R)
  96.77   96.77 ^ _117206_/QN (DFFASRHQNx1_ASAP7_75t_R)
  32.92  129.69 v _079487_/Y (NOR2x2_ASAP7_75t_R)
  19.26  148.95 ^ _079488_/Y (NAND2x1_ASAP7_75t_R)
  29.15  178.10 ^ _079491_/Y (AO21x1_ASAP7_75t_R)
  26.24  204.34 ^ _079492_/Y (BUFx6f_ASAP7_75t_R)
  18.83  223.17 v _079758_/Y (NAND2x2_ASAP7_75t_R)
  21.16  244.33 ^ _080089_/Y (NOR2x2_ASAP7_75t_R)
  39.18  283.51 ^ _080142_/Y (BUFx4f_ASAP7_75t_R)
  31.04  314.55 ^ _080200_/Y (BUFx6f_ASAP7_75t_R)
  20.62  335.17 ^ _081175_/Y (OR3x1_ASAP7_75t_R)
  29.92  365.09 ^ _081176_/Y (BUFx3_ASAP7_75t_R)
  31.60  396.69 ^ _081177_/Y (BUFx4f_ASAP7_75t_R)
  11.80  408.50 v _081188_/Y (NAND2x1_ASAP7_75t_R)
  23.13  431.63 v _081189_/Y (OA21x2_ASAP7_75t_R)
   0.00  431.63 v _107796_/D (DFFHQNx1_ASAP7_75t_R)
         431.63   data arrival time

   0.00    0.00   clock clk (rise edge)
   0.00    0.00   clock network delay (ideal)
   0.00    0.00   clock reconvergence pessimism
           0.00 ^ _107796_/CLK (DFFHQNx1_ASAP7_75t_R)
  14.30   14.30   library hold time
          14.30   data required time
---------------------------------------------------------
          14.30   data required time
        -431.63   data arrival time
---------------------------------------------------------
         417.33   slack (MET)


Startpoint: _117206_ (rising edge-triggered flip-flop clocked by clk)
Endpoint: _113510_ (rising edge-triggered flip-flop clocked by clk)
Path Group: clk
Path Type: min

  Delay    Time   Description
---------------------------------------------------------
   0.00    0.00   clock clk (rise edge)
   0.00    0.00   clock network delay (ideal)
   0.00    0.00 ^ _117206_/CLK (DFFASRHQNx1_ASAP7_75t_R)
  96.77   96.77 ^ _117206_/QN (DFFASRHQNx1_ASAP7_75t_R)
  32.92  129.69 v _079487_/Y (NOR2x2_ASAP7_75t_R)
  19.26  148.95 ^ _079488_/Y (NAND2x1_ASAP7_75t_R)
  29.15  178.10 ^ _079491_/Y (AO21x1_ASAP7_75t_R)
  26.24  204.34 ^ _079492_/Y (BUFx6f_ASAP7_75t_R)
  18.83  223.17 v _079758_/Y (NAND2x2_ASAP7_75t_R)
  21.16  244.33 ^ _080089_/Y (NOR2x2_ASAP7_75t_R)
  39.18  283.51 ^ _080142_/Y (BUFx4f_ASAP7_75t_R)
  31.04  314.55 ^ _095320_/Y (BUFx6f_ASAP7_75t_R)
  20.62  335.17 ^ _095321_/Y (OR3x1_ASAP7_75t_R)
  29.86  365.04 ^ _095322_/Y (BUFx3_ASAP7_75t_R)
  31.61  396.64 ^ _095323_/Y (BUFx4f_ASAP7_75t_R)
  11.83  408.47 v _095335_/Y (NAND2x1_ASAP7_75t_R)
  23.14  431.61 v _095336_/Y (OA21x2_ASAP7_75t_R)
   0.00  431.61 v _113510_/D (DFFHQNx1_ASAP7_75t_R)
         431.61   data arrival time

   0.00    0.00   clock clk (rise edge)
   0.00    0.00   clock network delay (ideal)
   0.00    0.00   clock reconvergence pessimism
           0.00 ^ _113510_/CLK (DFFHQNx1_ASAP7_75t_R)
  14.30   14.30   library hold time
          14.30   data required time
---------------------------------------------------------
          14.30   data required time
        -431.61   data arrival time
---------------------------------------------------------
         417.31   slack (MET)


Startpoint: _117206_ (rising edge-triggered flip-flop clocked by clk)
Endpoint: _107653_ (rising edge-triggered flip-flop clocked by clk)
Path Group: clk
Path Type: min

  Delay    Time   Description
---------------------------------------------------------
   0.00    0.00   clock clk (rise edge)
   0.00    0.00   clock network delay (ideal)
   0.00    0.00 ^ _117206_/CLK (DFFASRHQNx1_ASAP7_75t_R)
  96.77   96.77 ^ _117206_/QN (DFFASRHQNx1_ASAP7_75t_R)
  32.92  129.69 v _079487_/Y (NOR2x2_ASAP7_75t_R)
  19.26  148.95 ^ _079488_/Y (NAND2x1_ASAP7_75t_R)
  29.15  178.10 ^ _079491_/Y (AO21x1_ASAP7_75t_R)
  26.24  204.34 ^ _079492_/Y (BUFx6f_ASAP7_75t_R)
  18.83  223.17 v _079758_/Y (NAND2x2_ASAP7_75t_R)
  21.16  244.33 ^ _080089_/Y (NOR2x2_ASAP7_75t_R)
  39.18  283.51 ^ _080142_/Y (BUFx4f_ASAP7_75t_R)
  31.04  314.55 ^ _080175_/Y (BUFx6f_ASAP7_75t_R)
  20.62  335.17 ^ _080771_/Y (OR3x1_ASAP7_75t_R)
  29.86  365.04 ^ _080772_/Y (BUFx3_ASAP7_75t_R)
  31.61  396.64 ^ _080773_/Y (BUFx4f_ASAP7_75t_R)
  11.83  408.47 v _080786_/Y (NAND2x1_ASAP7_75t_R)
  23.14  431.61 v _080787_/Y (OA21x2_ASAP7_75t_R)
   0.00  431.61 v _107653_/D (DFFHQNx1_ASAP7_75t_R)
         431.61   data arrival time

   0.00    0.00   clock clk (rise edge)
   0.00    0.00   clock network delay (ideal)
   0.00    0.00   clock reconvergence pessimism
           0.00 ^ _107653_/CLK (DFFHQNx1_ASAP7_75t_R)
  14.30   14.30   library hold time
          14.30   data required time
---------------------------------------------------------
          14.30   data required time
        -431.61   data arrival time
---------------------------------------------------------
         417.31   slack (MET)


Startpoint: _117206_ (rising edge-triggered flip-flop clocked by clk)
Endpoint: _113235_ (rising edge-triggered flip-flop clocked by clk)
Path Group: clk
Path Type: min

  Delay    Time   Description
---------------------------------------------------------
   0.00    0.00   clock clk (rise edge)
   0.00    0.00   clock network delay (ideal)
   0.00    0.00 ^ _117206_/CLK (DFFASRHQNx1_ASAP7_75t_R)
  96.77   96.77 ^ _117206_/QN (DFFASRHQNx1_ASAP7_75t_R)
  32.92  129.69 v _079487_/Y (NOR2x2_ASAP7_75t_R)
  19.26  148.95 ^ _079488_/Y (NAND2x1_ASAP7_75t_R)
  29.15  178.10 ^ _079491_/Y (AO21x1_ASAP7_75t_R)
  26.24  204.34 ^ _079492_/Y (BUFx6f_ASAP7_75t_R)
  18.83  223.17 v _079758_/Y (NAND2x2_ASAP7_75t_R)
  21.16  244.33 ^ _080089_/Y (NOR2x2_ASAP7_75t_R)
  39.18  283.51 ^ _080142_/Y (BUFx4f_ASAP7_75t_R)
  31.04  314.55 ^ _081257_/Y (BUFx6f_ASAP7_75t_R)
  20.62  335.17 ^ _094646_/Y (OR3x1_ASAP7_75t_R)
  29.86  365.04 ^ _094647_/Y (BUFx3_ASAP7_75t_R)
  31.61  396.64 ^ _094648_/Y (BUFx4f_ASAP7_75t_R)
  11.83  408.47 v _094653_/Y (NAND2x1_ASAP7_75t_R)
  23.14  431.61 v _094654_/Y (OA21x2_ASAP7_75t_R)
   0.00  431.61 v _113235_/D (DFFHQNx1_ASAP7_75t_R)
         431.61   data arrival time

   0.00    0.00   clock clk (rise edge)
   0.00    0.00   clock network delay (ideal)
   0.00    0.00   clock reconvergence pessimism
           0.00 ^ _113235_/CLK (DFFHQNx1_ASAP7_75t_R)
  14.30   14.30   library hold time
          14.30   data required time
---------------------------------------------------------
          14.30   data required time
        -431.61   data arrival time
---------------------------------------------------------
         417.31   slack (MET)


Startpoint: _117206_ (rising edge-triggered flip-flop clocked by clk)
Endpoint: _113239_ (rising edge-triggered flip-flop clocked by clk)
Path Group: clk
Path Type: min

  Delay    Time   Description
---------------------------------------------------------
   0.00    0.00   clock clk (rise edge)
   0.00    0.00   clock network delay (ideal)
   0.00    0.00 ^ _117206_/CLK (DFFASRHQNx1_ASAP7_75t_R)
  96.77   96.77 ^ _117206_/QN (DFFASRHQNx1_ASAP7_75t_R)
  32.92  129.69 v _079487_/Y (NOR2x2_ASAP7_75t_R)
  19.26  148.95 ^ _079488_/Y (NAND2x1_ASAP7_75t_R)
  29.15  178.10 ^ _079491_/Y (AO21x1_ASAP7_75t_R)
  26.24  204.34 ^ _079492_/Y (BUFx6f_ASAP7_75t_R)
  18.83  223.17 v _079758_/Y (NAND2x2_ASAP7_75t_R)
  21.16  244.33 ^ _080089_/Y (NOR2x2_ASAP7_75t_R)
  39.18  283.51 ^ _080142_/Y (BUFx4f_ASAP7_75t_R)
  31.04  314.55 ^ _081257_/Y (BUFx6f_ASAP7_75t_R)
  20.62  335.17 ^ _094646_/Y (OR3x1_ASAP7_75t_R)
  29.86  365.04 ^ _094647_/Y (BUFx3_ASAP7_75t_R)
  31.61  396.64 ^ _094648_/Y (BUFx4f_ASAP7_75t_R)
  11.83  408.47 v _094662_/Y (NAND2x1_ASAP7_75t_R)
  23.14  431.61 v _094663_/Y (OA21x2_ASAP7_75t_R)
   0.00  431.61 v _113239_/D (DFFHQNx1_ASAP7_75t_R)
         431.61   data arrival time

   0.00    0.00   clock clk (rise edge)
   0.00    0.00   clock network delay (ideal)
   0.00    0.00   clock reconvergence pessimism
           0.00 ^ _113239_/CLK (DFFHQNx1_ASAP7_75t_R)
  14.30   14.30   library hold time
          14.30   data required time
---------------------------------------------------------
          14.30   data required time
        -431.61   data arrival time
---------------------------------------------------------
         417.31   slack (MET)


Startpoint: _117206_ (rising edge-triggered flip-flop clocked by clk)
Endpoint: _113506_ (rising edge-triggered flip-flop clocked by clk)
Path Group: clk
Path Type: min

  Delay    Time   Description
---------------------------------------------------------
   0.00    0.00   clock clk (rise edge)
   0.00    0.00   clock network delay (ideal)
   0.00    0.00 ^ _117206_/CLK (DFFASRHQNx1_ASAP7_75t_R)
  96.77   96.77 ^ _117206_/QN (DFFASRHQNx1_ASAP7_75t_R)
  32.92  129.69 v _079487_/Y (NOR2x2_ASAP7_75t_R)
  19.26  148.95 ^ _079488_/Y (NAND2x1_ASAP7_75t_R)
  29.15  178.10 ^ _079491_/Y (AO21x1_ASAP7_75t_R)
  26.24  204.34 ^ _079492_/Y (BUFx6f_ASAP7_75t_R)
  18.83  223.17 v _079758_/Y (NAND2x2_ASAP7_75t_R)
  21.16  244.33 ^ _080089_/Y (NOR2x2_ASAP7_75t_R)
  39.18  283.51 ^ _080142_/Y (BUFx4f_ASAP7_75t_R)
  31.04  314.55 ^ _095320_/Y (BUFx6f_ASAP7_75t_R)
  20.62  335.17 ^ _095321_/Y (OR3x1_ASAP7_75t_R)
  29.86  365.04 ^ _095322_/Y (BUFx3_ASAP7_75t_R)
  31.61  396.64 ^ _095323_/Y (BUFx4f_ASAP7_75t_R)
  11.83  408.47 v _095326_/Y (NAND2x1_ASAP7_75t_R)
  23.14  431.61 v _095327_/Y (OA21x2_ASAP7_75t_R)
   0.00  431.61 v _113506_/D (DFFHQNx1_ASAP7_75t_R)
         431.61   data arrival time

   0.00    0.00   clock clk (rise edge)
   0.00    0.00   clock network delay (ideal)
   0.00    0.00   clock reconvergence pessimism
           0.00 ^ _113506_/CLK (DFFHQNx1_ASAP7_75t_R)
  14.30   14.30   library hold time
          14.30   data required time
---------------------------------------------------------
          14.30   data required time
        -431.61   data arrival time
---------------------------------------------------------
         417.31   slack (MET)


Startpoint: _117206_ (rising edge-triggered flip-flop clocked by clk)
Endpoint: _114056_ (rising edge-triggered flip-flop clocked by clk)
Path Group: clk
Path Type: min

  Delay    Time   Description
---------------------------------------------------------
   0.00    0.00   clock clk (rise edge)
   0.00    0.00   clock network delay (ideal)
   0.00    0.00 ^ _117206_/CLK (DFFASRHQNx1_ASAP7_75t_R)
  96.77   96.77 ^ _117206_/QN (DFFASRHQNx1_ASAP7_75t_R)
  32.92  129.69 v _079487_/Y (NOR2x2_ASAP7_75t_R)
  19.26  148.95 ^ _079488_/Y (NAND2x1_ASAP7_75t_R)
  29.15  178.10 ^ _079491_/Y (AO21x1_ASAP7_75t_R)
  26.24  204.34 ^ _079492_/Y (BUFx6f_ASAP7_75t_R)
  18.83  223.17 v _079758_/Y (NAND2x2_ASAP7_75t_R)
  21.16  244.33 ^ _080089_/Y (NOR2x2_ASAP7_75t_R)
  39.18  283.51 ^ _080142_/Y (BUFx4f_ASAP7_75t_R)
  31.04  314.55 ^ _095758_/Y (BUFx6f_ASAP7_75t_R)
  20.62  335.17 ^ _096675_/Y (OR3x1_ASAP7_75t_R)
  29.92  365.09 ^ _096676_/Y (BUFx3_ASAP7_75t_R)
  31.60  396.69 ^ _096677_/Y (BUFx4f_ASAP7_75t_R)
  11.80  408.50 v _096692_/Y (NAND2x1_ASAP7_75t_R)
  23.13  431.63 v _096693_/Y (OA21x2_ASAP7_75t_R)
   0.00  431.63 v _114056_/D (DFFHQNx1_ASAP7_75t_R)
         431.63   data arrival time

   0.00    0.00   clock clk (rise edge)
   0.00    0.00   clock network delay (ideal)
   0.00    0.00   clock reconvergence pessimism
           0.00 ^ _114056_/CLK (DFFHQNx1_ASAP7_75t_R)
  14.30   14.30   library hold time
          14.30   data required time
---------------------------------------------------------
          14.30   data required time
        -431.63   data arrival time
---------------------------------------------------------
         417.33   slack (MET)


Startpoint: _117206_ (rising edge-triggered flip-flop clocked by clk)
Endpoint: _114247_ (rising edge-triggered flip-flop clocked by clk)
Path Group: clk
Path Type: min

  Delay    Time   Description
---------------------------------------------------------
   0.00    0.00   clock clk (rise edge)
   0.00    0.00   clock network delay (ideal)
   0.00    0.00 ^ _117206_/CLK (DFFASRHQNx1_ASAP7_75t_R)
  96.77   96.77 ^ _117206_/QN (DFFASRHQNx1_ASAP7_75t_R)
  32.92  129.69 v _079487_/Y (NOR2x2_ASAP7_75t_R)
  19.26  148.95 ^ _079488_/Y (NAND2x1_ASAP7_75t_R)
  29.15  178.10 ^ _079491_/Y (AO21x1_ASAP7_75t_R)
  26.24  204.34 ^ _079492_/Y (BUFx6f_ASAP7_75t_R)
  18.83  223.17 v _079758_/Y (NAND2x2_ASAP7_75t_R)
  21.16  244.33 ^ _080089_/Y (NOR2x2_ASAP7_75t_R)
  39.18  283.51 ^ _080142_/Y (BUFx4f_ASAP7_75t_R)
  31.04  314.55 ^ _095320_/Y (BUFx6f_ASAP7_75t_R)
  20.62  335.17 ^ _097148_/Y (OR3x1_ASAP7_75t_R)
  29.86  365.04 ^ _097149_/Y (BUFx3_ASAP7_75t_R)
  31.61  396.64 ^ _097150_/Y (BUFx4f_ASAP7_75t_R)
  11.83  408.47 v _097164_/Y (NAND2x1_ASAP7_75t_R)
  23.14  431.61 v _097165_/Y (OA21x2_ASAP7_75t_R)
   0.00  431.61 v _114247_/D (DFFHQNx1_ASAP7_75t_R)
         431.61   data arrival time

   0.00    0.00   clock clk (rise edge)
   0.00    0.00   clock network delay (ideal)
   0.00    0.00   clock reconvergence pessimism
           0.00 ^ _114247_/CLK (DFFHQNx1_ASAP7_75t_R)
  14.30   14.30   library hold time
          14.30   data required time
---------------------------------------------------------
          14.30   data required time
        -431.61   data arrival time
---------------------------------------------------------
         417.31   slack (MET)


Startpoint: _117206_ (rising edge-triggered flip-flop clocked by clk)
Endpoint: _114242_ (rising edge-triggered flip-flop clocked by clk)
Path Group: clk
Path Type: min

  Delay    Time   Description
---------------------------------------------------------
   0.00    0.00   clock clk (rise edge)
   0.00    0.00   clock network delay (ideal)
   0.00    0.00 ^ _117206_/CLK (DFFASRHQNx1_ASAP7_75t_R)
  96.77   96.77 ^ _117206_/QN (DFFASRHQNx1_ASAP7_75t_R)
  32.92  129.69 v _079487_/Y (NOR2x2_ASAP7_75t_R)
  19.26  148.95 ^ _079488_/Y (NAND2x1_ASAP7_75t_R)
  29.15  178.10 ^ _079491_/Y (AO21x1_ASAP7_75t_R)
  26.24  204.34 ^ _079492_/Y (BUFx6f_ASAP7_75t_R)
  18.83  223.17 v _079758_/Y (NAND2x2_ASAP7_75t_R)
  21.16  244.33 ^ _080089_/Y (NOR2x2_ASAP7_75t_R)
  39.18  283.51 ^ _080142_/Y (BUFx4f_ASAP7_75t_R)
  31.04  314.55 ^ _095320_/Y (BUFx6f_ASAP7_75t_R)
  20.62  335.17 ^ _097148_/Y (OR3x1_ASAP7_75t_R)
  29.86  365.04 ^ _097149_/Y (BUFx3_ASAP7_75t_R)
  31.61  396.64 ^ _097150_/Y (BUFx4f_ASAP7_75t_R)
  11.83  408.47 v _097153_/Y (NAND2x1_ASAP7_75t_R)
  23.14  431.61 v _097154_/Y (OA21x2_ASAP7_75t_R)
   0.00  431.61 v _114242_/D (DFFHQNx1_ASAP7_75t_R)
         431.61   data arrival time

   0.00    0.00   clock clk (rise edge)
   0.00    0.00   clock network delay (ideal)
   0.00    0.00   clock reconvergence pessimism
           0.00 ^ _114242_/CLK (DFFHQNx1_ASAP7_75t_R)
  14.30   14.30   library hold time
          14.30   data required time
---------------------------------------------------------
          14.30   data required time
        -431.61   data arrival time
---------------------------------------------------------
         417.31   slack (MET)


Startpoint: _117206_ (rising edge-triggered flip-flop clocked by clk)
Endpoint: _107490_ (rising edge-triggered flip-flop clocked by clk)
Path Group: clk
Path Type: min

  Delay    Time   Description
---------------------------------------------------------
   0.00    0.00   clock clk (rise edge)
   0.00    0.00   clock network delay (ideal)
   0.00    0.00 ^ _117206_/CLK (DFFASRHQNx1_ASAP7_75t_R)
  96.77   96.77 ^ _117206_/QN (DFFASRHQNx1_ASAP7_75t_R)
  32.92  129.69 v _079487_/Y (NOR2x2_ASAP7_75t_R)
  19.26  148.95 ^ _079488_/Y (NAND2x1_ASAP7_75t_R)
  29.15  178.10 ^ _079491_/Y (AO21x1_ASAP7_75t_R)
  26.24  204.34 ^ _079492_/Y (BUFx6f_ASAP7_75t_R)
  18.83  223.17 v _079758_/Y (NAND2x2_ASAP7_75t_R)
  21.16  244.33 ^ _080089_/Y (NOR2x2_ASAP7_75t_R)
  39.18  283.51 ^ _080142_/Y (BUFx4f_ASAP7_75t_R)
  31.04  314.55 ^ _080200_/Y (BUFx6f_ASAP7_75t_R)
  20.62  335.17 ^ _080333_/Y (OR3x1_ASAP7_75t_R)
  29.92  365.09 ^ _080334_/Y (BUFx3_ASAP7_75t_R)
  31.60  396.69 ^ _080335_/Y (BUFx4f_ASAP7_75t_R)
  11.80  408.50 v _080342_/Y (NAND2x1_ASAP7_75t_R)
  23.13  431.63 v _080343_/Y (OA21x2_ASAP7_75t_R)
   0.00  431.63 v _107490_/D (DFFHQNx1_ASAP7_75t_R)
         431.63   data arrival time

   0.00    0.00   clock clk (rise edge)
   0.00    0.00   clock network delay (ideal)
   0.00    0.00   clock reconvergence pessimism
           0.00 ^ _107490_/CLK (DFFHQNx1_ASAP7_75t_R)
  14.30   14.30   library hold time
          14.30   data required time
---------------------------------------------------------
          14.30   data required time
        -431.63   data arrival time
---------------------------------------------------------
         417.33   slack (MET)


Startpoint: _117206_ (rising edge-triggered flip-flop clocked by clk)
Endpoint: _113180_ (rising edge-triggered flip-flop clocked by clk)
Path Group: clk
Path Type: min

  Delay    Time   Description
---------------------------------------------------------
   0.00    0.00   clock clk (rise edge)
   0.00    0.00   clock network delay (ideal)
   0.00    0.00 ^ _117206_/CLK (DFFASRHQNx1_ASAP7_75t_R)
  96.77   96.77 ^ _117206_/QN (DFFASRHQNx1_ASAP7_75t_R)
  32.92  129.69 v _079487_/Y (NOR2x2_ASAP7_75t_R)
  19.26  148.95 ^ _079488_/Y (NAND2x1_ASAP7_75t_R)
  29.15  178.10 ^ _079491_/Y (AO21x1_ASAP7_75t_R)
  26.24  204.34 ^ _079492_/Y (BUFx6f_ASAP7_75t_R)
  18.83  223.17 v _079758_/Y (NAND2x2_ASAP7_75t_R)
  21.16  244.33 ^ _080089_/Y (NOR2x2_ASAP7_75t_R)
  39.18  283.51 ^ _080142_/Y (BUFx4f_ASAP7_75t_R)
  31.04  314.55 ^ _081257_/Y (BUFx6f_ASAP7_75t_R)
  20.62  335.17 ^ _094506_/Y (OR3x1_ASAP7_75t_R)
  29.86  365.04 ^ _094507_/Y (BUFx3_ASAP7_75t_R)
  31.61  396.64 ^ _094508_/Y (BUFx4f_ASAP7_75t_R)
  11.83  408.47 v _094515_/Y (NAND2x1_ASAP7_75t_R)
  23.14  431.61 v _094516_/Y (OA21x2_ASAP7_75t_R)
   0.00  431.61 v _113180_/D (DFFHQNx1_ASAP7_75t_R)
         431.61   data arrival time

   0.00    0.00   clock clk (rise edge)
   0.00    0.00   clock network delay (ideal)
   0.00    0.00   clock reconvergence pessimism
           0.00 ^ _113180_/CLK (DFFHQNx1_ASAP7_75t_R)
  14.30   14.30   library hold time
          14.30   data required time
---------------------------------------------------------
          14.30   data required time
        -431.61   data arrival time
---------------------------------------------------------
         417.31   slack (MET)


Startpoint: _117206_ (rising edge-triggered flip-flop clocked by clk)
Endpoint: _113828_ (rising edge-triggered flip-flop clocked by clk)
Path Group: clk
Path Type: min

  Delay    Time   Description
---------------------------------------------------------
   0.00    0.00   clock clk (rise edge)
   0.00    0.00   clock network delay (ideal)
   0.00    0.00 ^ _117206_/CLK (DFFASRHQNx1_ASAP7_75t_R)
  96.77   96.77 ^ _117206_/QN (DFFASRHQNx1_ASAP7_75t_R)
  32.92  129.69 v _079487_/Y (NOR2x2_ASAP7_75t_R)
  19.26  148.95 ^ _079488_/Y (NAND2x1_ASAP7_75t_R)
  29.15  178.10 ^ _079491_/Y (AO21x1_ASAP7_75t_R)
  26.24  204.34 ^ _079492_/Y (BUFx6f_ASAP7_75t_R)
  18.83  223.17 v _079758_/Y (NAND2x2_ASAP7_75t_R)
  21.16  244.33 ^ _080089_/Y (NOR2x2_ASAP7_75t_R)
  39.18  283.51 ^ _080142_/Y (BUFx4f_ASAP7_75t_R)
  31.04  314.55 ^ _095320_/Y (BUFx6f_ASAP7_75t_R)
  20.62  335.17 ^ _096117_/Y (OR3x1_ASAP7_75t_R)
  29.86  365.04 ^ _096118_/Y (BUFx3_ASAP7_75t_R)
  31.61  396.64 ^ _096119_/Y (BUFx4f_ASAP7_75t_R)
  11.83  408.47 v _096126_/Y (NAND2x1_ASAP7_75t_R)
  23.14  431.61 v _096127_/Y (OA21x2_ASAP7_75t_R)
   0.00  431.61 v _113828_/D (DFFHQNx1_ASAP7_75t_R)
         431.61   data arrival time

   0.00    0.00   clock clk (rise edge)
   0.00    0.00   clock network delay (ideal)
   0.00    0.00   clock reconvergence pessimism
           0.00 ^ _113828_/CLK (DFFHQNx1_ASAP7_75t_R)
  14.30   14.30   library hold time
          14.30   data required time
---------------------------------------------------------
          14.30   data required time
        -431.61   data arrival time
---------------------------------------------------------
         417.31   slack (MET)


Startpoint: _117206_ (rising edge-triggered flip-flop clocked by clk)
Endpoint: _114041_ (rising edge-triggered flip-flop clocked by clk)
Path Group: clk
Path Type: min

  Delay    Time   Description
---------------------------------------------------------
   0.00    0.00   clock clk (rise edge)
   0.00    0.00   clock network delay (ideal)
   0.00    0.00 ^ _117206_/CLK (DFFASRHQNx1_ASAP7_75t_R)
  96.77   96.77 ^ _117206_/QN (DFFASRHQNx1_ASAP7_75t_R)
  32.92  129.69 v _079487_/Y (NOR2x2_ASAP7_75t_R)
  19.26  148.95 ^ _079488_/Y (NAND2x1_ASAP7_75t_R)
  29.15  178.10 ^ _079491_/Y (AO21x1_ASAP7_75t_R)
  26.24  204.34 ^ _079492_/Y (BUFx6f_ASAP7_75t_R)
  18.83  223.17 v _079758_/Y (NAND2x2_ASAP7_75t_R)
  21.16  244.33 ^ _080089_/Y (NOR2x2_ASAP7_75t_R)
  39.18  283.51 ^ _080142_/Y (BUFx4f_ASAP7_75t_R)
  31.04  314.55 ^ _095320_/Y (BUFx6f_ASAP7_75t_R)
  20.62  335.17 ^ _096655_/Y (OR3x1_ASAP7_75t_R)
  29.86  365.04 ^ _096656_/Y (BUFx3_ASAP7_75t_R)
  31.61  396.64 ^ _096657_/Y (BUFx4f_ASAP7_75t_R)
  11.83  408.47 v _096658_/Y (NAND2x1_ASAP7_75t_R)
  23.14  431.61 v _096659_/Y (OA21x2_ASAP7_75t_R)
   0.00  431.61 v _114041_/D (DFFHQNx1_ASAP7_75t_R)
         431.61   data arrival time

   0.00    0.00   clock clk (rise edge)
   0.00    0.00   clock network delay (ideal)
   0.00    0.00   clock reconvergence pessimism
           0.00 ^ _114041_/CLK (DFFHQNx1_ASAP7_75t_R)
  14.30   14.30   library hold time
          14.30   data required time
---------------------------------------------------------
          14.30   data required time
        -431.61   data arrival time
---------------------------------------------------------
         417.31   slack (MET)


Startpoint: _117206_ (rising edge-triggered flip-flop clocked by clk)
Endpoint: _113830_ (rising edge-triggered flip-flop clocked by clk)
Path Group: clk
Path Type: min

  Delay    Time   Description
---------------------------------------------------------
   0.00    0.00   clock clk (rise edge)
   0.00    0.00   clock network delay (ideal)
   0.00    0.00 ^ _117206_/CLK (DFFASRHQNx1_ASAP7_75t_R)
  96.77   96.77 ^ _117206_/QN (DFFASRHQNx1_ASAP7_75t_R)
  32.92  129.69 v _079487_/Y (NOR2x2_ASAP7_75t_R)
  19.26  148.95 ^ _079488_/Y (NAND2x1_ASAP7_75t_R)
  29.15  178.10 ^ _079491_/Y (AO21x1_ASAP7_75t_R)
  26.24  204.34 ^ _079492_/Y (BUFx6f_ASAP7_75t_R)
  18.83  223.17 v _079758_/Y (NAND2x2_ASAP7_75t_R)
  21.16  244.33 ^ _080089_/Y (NOR2x2_ASAP7_75t_R)
  39.18  283.51 ^ _080142_/Y (BUFx4f_ASAP7_75t_R)
  31.04  314.55 ^ _095320_/Y (BUFx6f_ASAP7_75t_R)
  20.62  335.17 ^ _096117_/Y (OR3x1_ASAP7_75t_R)
  29.86  365.04 ^ _096118_/Y (BUFx3_ASAP7_75t_R)
  31.61  396.64 ^ _096119_/Y (BUFx4f_ASAP7_75t_R)
  11.83  408.47 v _096130_/Y (NAND2x1_ASAP7_75t_R)
  23.14  431.61 v _096131_/Y (OA21x2_ASAP7_75t_R)
   0.00  431.61 v _113830_/D (DFFHQNx1_ASAP7_75t_R)
         431.61   data arrival time

   0.00    0.00   clock clk (rise edge)
   0.00    0.00   clock network delay (ideal)
   0.00    0.00   clock reconvergence pessimism
           0.00 ^ _113830_/CLK (DFFHQNx1_ASAP7_75t_R)
  14.30   14.30   library hold time
          14.30   data required time
---------------------------------------------------------
          14.30   data required time
        -431.61   data arrival time
---------------------------------------------------------
         417.31   slack (MET)


Startpoint: _117206_ (rising edge-triggered flip-flop clocked by clk)
Endpoint: _113437_ (rising edge-triggered flip-flop clocked by clk)
Path Group: clk
Path Type: min

  Delay    Time   Description
---------------------------------------------------------
   0.00    0.00   clock clk (rise edge)
   0.00    0.00   clock network delay (ideal)
   0.00    0.00 ^ _117206_/CLK (DFFASRHQNx1_ASAP7_75t_R)
  96.77   96.77 ^ _117206_/QN (DFFASRHQNx1_ASAP7_75t_R)
  32.92  129.69 v _079487_/Y (NOR2x2_ASAP7_75t_R)
  19.26  148.95 ^ _079488_/Y (NAND2x1_ASAP7_75t_R)
  29.15  178.10 ^ _079491_/Y (AO21x1_ASAP7_75t_R)
  26.24  204.34 ^ _079492_/Y (BUFx6f_ASAP7_75t_R)
  18.83  223.17 v _079758_/Y (NAND2x2_ASAP7_75t_R)
  21.16  244.33 ^ _080089_/Y (NOR2x2_ASAP7_75t_R)
  39.18  283.51 ^ _080142_/Y (BUFx4f_ASAP7_75t_R)
  31.04  314.55 ^ _081257_/Y (BUFx6f_ASAP7_75t_R)
  20.62  335.17 ^ _095142_/Y (OR3x1_ASAP7_75t_R)
  29.86  365.04 ^ _095143_/Y (BUFx3_ASAP7_75t_R)
  31.61  396.64 ^ _095144_/Y (BUFx4f_ASAP7_75t_R)
  11.83  408.47 v _095153_/Y (NAND2x1_ASAP7_75t_R)
  23.14  431.61 v _095154_/Y (OA21x2_ASAP7_75t_R)
   0.00  431.61 v _113437_/D (DFFHQNx1_ASAP7_75t_R)
         431.61   data arrival time

   0.00    0.00   clock clk (rise edge)
   0.00    0.00   clock network delay (ideal)
   0.00    0.00   clock reconvergence pessimism
           0.00 ^ _113437_/CLK (DFFHQNx1_ASAP7_75t_R)
  14.30   14.30   library hold time
          14.30   data required time
---------------------------------------------------------
          14.30   data required time
        -431.61   data arrival time
---------------------------------------------------------
         417.31   slack (MET)


Startpoint: _117206_ (rising edge-triggered flip-flop clocked by clk)
Endpoint: _107436_ (rising edge-triggered flip-flop clocked by clk)
Path Group: clk
Path Type: min

  Delay    Time   Description
---------------------------------------------------------
   0.00    0.00   clock clk (rise edge)
   0.00    0.00   clock network delay (ideal)
   0.00    0.00 ^ _117206_/CLK (DFFASRHQNx1_ASAP7_75t_R)
  96.77   96.77 ^ _117206_/QN (DFFASRHQNx1_ASAP7_75t_R)
  32.92  129.69 v _079487_/Y (NOR2x2_ASAP7_75t_R)
  19.26  148.95 ^ _079488_/Y (NAND2x1_ASAP7_75t_R)
  29.15  178.10 ^ _079491_/Y (AO21x1_ASAP7_75t_R)
  26.24  204.34 ^ _079492_/Y (BUFx6f_ASAP7_75t_R)
  18.83  223.17 v _079758_/Y (NAND2x2_ASAP7_75t_R)
  21.16  244.33 ^ _080089_/Y (NOR2x2_ASAP7_75t_R)
  39.18  283.51 ^ _080142_/Y (BUFx4f_ASAP7_75t_R)
  31.04  314.55 ^ _080175_/Y (BUFx6f_ASAP7_75t_R)
  20.62  335.17 ^ _080178_/Y (OR3x1_ASAP7_75t_R)
  29.86  365.04 ^ _080179_/Y (BUFx3_ASAP7_75t_R)
  31.61  396.64 ^ _080180_/Y (BUFx4f_ASAP7_75t_R)
  11.83  408.47 v _080191_/Y (NAND2x1_ASAP7_75t_R)
  23.14  431.61 v _080192_/Y (OA21x2_ASAP7_75t_R)
   0.00  431.61 v _107436_/D (DFFHQNx1_ASAP7_75t_R)
         431.61   data arrival time

   0.00    0.00   clock clk (rise edge)
   0.00    0.00   clock network delay (ideal)
   0.00    0.00   clock reconvergence pessimism
           0.00 ^ _107436_/CLK (DFFHQNx1_ASAP7_75t_R)
  14.30   14.30   library hold time
          14.30   data required time
---------------------------------------------------------
          14.30   data required time
        -431.61   data arrival time
---------------------------------------------------------
         417.31   slack (MET)


Startpoint: _117206_ (rising edge-triggered flip-flop clocked by clk)
Endpoint: _107437_ (rising edge-triggered flip-flop clocked by clk)
Path Group: clk
Path Type: min

  Delay    Time   Description
---------------------------------------------------------
   0.00    0.00   clock clk (rise edge)
   0.00    0.00   clock network delay (ideal)
   0.00    0.00 ^ _117206_/CLK (DFFASRHQNx1_ASAP7_75t_R)
  96.77   96.77 ^ _117206_/QN (DFFASRHQNx1_ASAP7_75t_R)
  32.92  129.69 v _079487_/Y (NOR2x2_ASAP7_75t_R)
  19.26  148.95 ^ _079488_/Y (NAND2x1_ASAP7_75t_R)
  29.15  178.10 ^ _079491_/Y (AO21x1_ASAP7_75t_R)
  26.24  204.34 ^ _079492_/Y (BUFx6f_ASAP7_75t_R)
  18.83  223.17 v _079758_/Y (NAND2x2_ASAP7_75t_R)
  21.16  244.33 ^ _080089_/Y (NOR2x2_ASAP7_75t_R)
  39.18  283.51 ^ _080142_/Y (BUFx4f_ASAP7_75t_R)
  31.04  314.55 ^ _080175_/Y (BUFx6f_ASAP7_75t_R)
  20.62  335.17 ^ _080178_/Y (OR3x1_ASAP7_75t_R)
  29.86  365.04 ^ _080179_/Y (BUFx3_ASAP7_75t_R)
  31.61  396.64 ^ _080180_/Y (BUFx4f_ASAP7_75t_R)
  11.83  408.47 v _080196_/Y (NAND2x1_ASAP7_75t_R)
  23.14  431.61 v _080197_/Y (OA21x2_ASAP7_75t_R)
   0.00  431.61 v _107437_/D (DFFHQNx1_ASAP7_75t_R)
         431.61   data arrival time

   0.00    0.00   clock clk (rise edge)
   0.00    0.00   clock network delay (ideal)
   0.00    0.00   clock reconvergence pessimism
           0.00 ^ _107437_/CLK (DFFHQNx1_ASAP7_75t_R)
  14.30   14.30   library hold time
          14.30   data required time
---------------------------------------------------------
          14.30   data required time
        -431.61   data arrival time
---------------------------------------------------------
         417.31   slack (MET)


Startpoint: _117206_ (rising edge-triggered flip-flop clocked by clk)
Endpoint: _107562_ (rising edge-triggered flip-flop clocked by clk)
Path Group: clk
Path Type: min

  Delay    Time   Description
---------------------------------------------------------
   0.00    0.00   clock clk (rise edge)
   0.00    0.00   clock network delay (ideal)
   0.00    0.00 ^ _117206_/CLK (DFFASRHQNx1_ASAP7_75t_R)
  96.77   96.77 ^ _117206_/QN (DFFASRHQNx1_ASAP7_75t_R)
  32.92  129.69 v _079487_/Y (NOR2x2_ASAP7_75t_R)
  19.26  148.95 ^ _079488_/Y (NAND2x1_ASAP7_75t_R)
  29.15  178.10 ^ _079491_/Y (AO21x1_ASAP7_75t_R)
  26.24  204.34 ^ _079492_/Y (BUFx6f_ASAP7_75t_R)
  18.83  223.17 v _079758_/Y (NAND2x2_ASAP7_75t_R)
  21.16  244.33 ^ _080089_/Y (NOR2x2_ASAP7_75t_R)
  39.18  283.51 ^ _080142_/Y (BUFx4f_ASAP7_75t_R)
  31.04  314.55 ^ _080175_/Y (BUFx6f_ASAP7_75t_R)
  20.62  335.17 ^ _080536_/Y (OR3x1_ASAP7_75t_R)
  29.86  365.04 ^ _080537_/Y (BUFx3_ASAP7_75t_R)
  31.61  396.64 ^ _080538_/Y (BUFx4f_ASAP7_75t_R)
  11.83  408.47 v _080547_/Y (NAND2x1_ASAP7_75t_R)
  23.14  431.61 v _080548_/Y (OA21x2_ASAP7_75t_R)
   0.00  431.61 v _107562_/D (DFFHQNx1_ASAP7_75t_R)
         431.61   data arrival time

   0.00    0.00   clock clk (rise edge)
   0.00    0.00   clock network delay (ideal)
   0.00    0.00   clock reconvergence pessimism
           0.00 ^ _107562_/CLK (DFFHQNx1_ASAP7_75t_R)
  14.30   14.30   library hold time
          14.30   data required time
---------------------------------------------------------
          14.30   data required time
        -431.61   data arrival time
---------------------------------------------------------
         417.31   slack (MET)


Startpoint: _117206_ (rising edge-triggered flip-flop clocked by clk)
Endpoint: _107564_ (rising edge-triggered flip-flop clocked by clk)
Path Group: clk
Path Type: min

  Delay    Time   Description
---------------------------------------------------------
   0.00    0.00   clock clk (rise edge)
   0.00    0.00   clock network delay (ideal)
   0.00    0.00 ^ _117206_/CLK (DFFASRHQNx1_ASAP7_75t_R)
  96.77   96.77 ^ _117206_/QN (DFFASRHQNx1_ASAP7_75t_R)
  32.92  129.69 v _079487_/Y (NOR2x2_ASAP7_75t_R)
  19.26  148.95 ^ _079488_/Y (NAND2x1_ASAP7_75t_R)
  29.15  178.10 ^ _079491_/Y (AO21x1_ASAP7_75t_R)
  26.24  204.34 ^ _079492_/Y (BUFx6f_ASAP7_75t_R)
  18.83  223.17 v _079758_/Y (NAND2x2_ASAP7_75t_R)
  21.16  244.33 ^ _080089_/Y (NOR2x2_ASAP7_75t_R)
  39.18  283.51 ^ _080142_/Y (BUFx4f_ASAP7_75t_R)
  31.04  314.55 ^ _080175_/Y (BUFx6f_ASAP7_75t_R)
  20.62  335.17 ^ _080536_/Y (OR3x1_ASAP7_75t_R)
  29.86  365.04 ^ _080537_/Y (BUFx3_ASAP7_75t_R)
  31.61  396.64 ^ _080538_/Y (BUFx4f_ASAP7_75t_R)
  11.83  408.47 v _080551_/Y (NAND2x1_ASAP7_75t_R)
  23.14  431.61 v _080552_/Y (OA21x2_ASAP7_75t_R)
   0.00  431.61 v _107564_/D (DFFHQNx1_ASAP7_75t_R)
         431.61   data arrival time

   0.00    0.00   clock clk (rise edge)
   0.00    0.00   clock network delay (ideal)
   0.00    0.00   clock reconvergence pessimism
           0.00 ^ _107564_/CLK (DFFHQNx1_ASAP7_75t_R)
  14.30   14.30   library hold time
          14.30   data required time
---------------------------------------------------------
          14.30   data required time
        -431.61   data arrival time
---------------------------------------------------------
         417.31   slack (MET)


Startpoint: _117206_ (rising edge-triggered flip-flop clocked by clk)
Endpoint: _107698_ (rising edge-triggered flip-flop clocked by clk)
Path Group: clk
Path Type: min

  Delay    Time   Description
---------------------------------------------------------
   0.00    0.00   clock clk (rise edge)
   0.00    0.00   clock network delay (ideal)
   0.00    0.00 ^ _117206_/CLK (DFFASRHQNx1_ASAP7_75t_R)
  96.77   96.77 ^ _117206_/QN (DFFASRHQNx1_ASAP7_75t_R)
  32.92  129.69 v _079487_/Y (NOR2x2_ASAP7_75t_R)
  19.26  148.95 ^ _079488_/Y (NAND2x1_ASAP7_75t_R)
  29.15  178.10 ^ _079491_/Y (AO21x1_ASAP7_75t_R)
  26.24  204.34 ^ _079492_/Y (BUFx6f_ASAP7_75t_R)
  18.83  223.17 v _079758_/Y (NAND2x2_ASAP7_75t_R)
  21.16  244.33 ^ _080089_/Y (NOR2x2_ASAP7_75t_R)
  39.18  283.51 ^ _080142_/Y (BUFx4f_ASAP7_75t_R)
  31.04  314.55 ^ _080175_/Y (BUFx6f_ASAP7_75t_R)
  20.62  335.17 ^ _080896_/Y (OR3x1_ASAP7_75t_R)
  29.86  365.04 ^ _080897_/Y (BUFx3_ASAP7_75t_R)
  31.61  396.64 ^ _080898_/Y (BUFx4f_ASAP7_75t_R)
  11.83  408.47 v _080905_/Y (NAND2x1_ASAP7_75t_R)
  23.14  431.61 v _080906_/Y (OA21x2_ASAP7_75t_R)
   0.00  431.61 v _107698_/D (DFFHQNx1_ASAP7_75t_R)
         431.61   data arrival time

   0.00    0.00   clock clk (rise edge)
   0.00    0.00   clock network delay (ideal)
   0.00    0.00   clock reconvergence pessimism
           0.00 ^ _107698_/CLK (DFFHQNx1_ASAP7_75t_R)
  14.30   14.30   library hold time
          14.30   data required time
---------------------------------------------------------
          14.30   data required time
        -431.61   data arrival time
---------------------------------------------------------
         417.31   slack (MET)


Startpoint: _117206_ (rising edge-triggered flip-flop clocked by clk)
Endpoint: _107699_ (rising edge-triggered flip-flop clocked by clk)
Path Group: clk
Path Type: min

  Delay    Time   Description
---------------------------------------------------------
   0.00    0.00   clock clk (rise edge)
   0.00    0.00   clock network delay (ideal)
   0.00    0.00 ^ _117206_/CLK (DFFASRHQNx1_ASAP7_75t_R)
  96.77   96.77 ^ _117206_/QN (DFFASRHQNx1_ASAP7_75t_R)
  32.92  129.69 v _079487_/Y (NOR2x2_ASAP7_75t_R)
  19.26  148.95 ^ _079488_/Y (NAND2x1_ASAP7_75t_R)
  29.15  178.10 ^ _079491_/Y (AO21x1_ASAP7_75t_R)
  26.24  204.34 ^ _079492_/Y (BUFx6f_ASAP7_75t_R)
  18.83  223.17 v _079758_/Y (NAND2x2_ASAP7_75t_R)
  21.16  244.33 ^ _080089_/Y (NOR2x2_ASAP7_75t_R)
  39.18  283.51 ^ _080142_/Y (BUFx4f_ASAP7_75t_R)
  31.04  314.55 ^ _080175_/Y (BUFx6f_ASAP7_75t_R)
  20.62  335.17 ^ _080896_/Y (OR3x1_ASAP7_75t_R)
  29.86  365.04 ^ _080897_/Y (BUFx3_ASAP7_75t_R)
  31.61  396.64 ^ _080898_/Y (BUFx4f_ASAP7_75t_R)
  11.83  408.47 v _080907_/Y (NAND2x1_ASAP7_75t_R)
  23.14  431.61 v _080908_/Y (OA21x2_ASAP7_75t_R)
   0.00  431.61 v _107699_/D (DFFHQNx1_ASAP7_75t_R)
         431.61   data arrival time

   0.00    0.00   clock clk (rise edge)
   0.00    0.00   clock network delay (ideal)
   0.00    0.00   clock reconvergence pessimism
           0.00 ^ _107699_/CLK (DFFHQNx1_ASAP7_75t_R)
  14.30   14.30   library hold time
          14.30   data required time
---------------------------------------------------------
          14.30   data required time
        -431.61   data arrival time
---------------------------------------------------------
         417.31   slack (MET)


Startpoint: _117206_ (rising edge-triggered flip-flop clocked by clk)
Endpoint: _107818_ (rising edge-triggered flip-flop clocked by clk)
Path Group: clk
Path Type: min

  Delay    Time   Description
---------------------------------------------------------
   0.00    0.00   clock clk (rise edge)
   0.00    0.00   clock network delay (ideal)
   0.00    0.00 ^ _117206_/CLK (DFFASRHQNx1_ASAP7_75t_R)
  96.77   96.77 ^ _117206_/QN (DFFASRHQNx1_ASAP7_75t_R)
  32.92  129.69 v _079487_/Y (NOR2x2_ASAP7_75t_R)
  19.26  148.95 ^ _079488_/Y (NAND2x1_ASAP7_75t_R)
  29.15  178.10 ^ _079491_/Y (AO21x1_ASAP7_75t_R)
  26.24  204.34 ^ _079492_/Y (BUFx6f_ASAP7_75t_R)
  18.83  223.17 v _079758_/Y (NAND2x2_ASAP7_75t_R)
  21.16  244.33 ^ _080089_/Y (NOR2x2_ASAP7_75t_R)
  39.18  283.51 ^ _080142_/Y (BUFx4f_ASAP7_75t_R)
  31.04  314.55 ^ _080175_/Y (BUFx6f_ASAP7_75t_R)
  20.62  335.17 ^ _081238_/Y (OR3x1_ASAP7_75t_R)
  29.86  365.04 ^ _081239_/Y (BUFx3_ASAP7_75t_R)
  31.61  396.64 ^ _081240_/Y (BUFx4f_ASAP7_75t_R)
  11.83  408.47 v _081247_/Y (NAND2x1_ASAP7_75t_R)
  23.14  431.61 v _081248_/Y (OA21x2_ASAP7_75t_R)
   0.00  431.61 v _107818_/D (DFFHQNx1_ASAP7_75t_R)
         431.61   data arrival time

   0.00    0.00   clock clk (rise edge)
   0.00    0.00   clock network delay (ideal)
   0.00    0.00   clock reconvergence pessimism
           0.00 ^ _107818_/CLK (DFFHQNx1_ASAP7_75t_R)
  14.30   14.30   library hold time
          14.30   data required time
---------------------------------------------------------
          14.30   data required time
        -431.61   data arrival time
---------------------------------------------------------
         417.31   slack (MET)


Critical: /home/wllpro/llwang07/kxzhu/ssta/OpenSTA_D/include/sta/ArrayTable.hh line 163, max array table block count exceeded.
