Startpoint: _10775_ (falling edge-triggered flip-flop clocked by clk')
Endpoint: _10891_ (falling edge-triggered flip-flop clocked by clk')
Path Group: clk
Path Type: max

  Delay    Time   Description
---------------------------------------------------------
   0.00    0.00   clock clk' (fall edge)
   0.00    0.00   clock network delay (ideal)
   0.00    0.00 v _10775_/CLK (DFFLQNx3_ASAP7_75t_R)
 151.64  151.64 v _10775_/QN (DFFLQNx3_ASAP7_75t_R)
  70.60  222.24 ^ _05584_/Y (NAND2x2_ASAP7_75t_R)
  51.20  273.44 v _05585_/Y (NOR2x2_ASAP7_75t_R)
  31.32  304.76 ^ _05586_/Y (INVx4_ASAP7_75t_R)
  22.28  327.04 v _05761_/Y (NOR2x2_ASAP7_75t_R)
  50.28  377.32 ^ _05881_/Y (AOI211x1_ASAP7_75t_R)
  25.27  402.58 v _05882_/Y (NAND2x1_ASAP7_75t_R)
  20.00  422.58 ^ _05883_/Y (NOR2x1_ASAP7_75t_R)
  20.99  443.57 v _05902_/Y (NAND2x1_ASAP7_75t_R)
  17.61  461.19 ^ _05937_/Y (NOR2x2_ASAP7_75t_R)
  31.40  492.58 v _05938_/Y (AOI21x1_ASAP7_75t_R)
  34.61  527.19 ^ _05999_/Y (AOI21x1_ASAP7_75t_R)
  31.36  558.55 v _06004_/Y (AOI21x1_ASAP7_75t_R)
  38.46  597.01 v rebuffer413/Y (BUFx3_ASAP7_75t_R)
  54.00  651.01 ^ _06037_/Y (OAI21x1_ASAP7_75t_R)
  49.87  700.88 ^ load_slew73/Y (BUFx16f_ASAP7_75t_R)
  25.25  726.13 ^ rebuffer944/Y (BUFx6f_ASAP7_75t_R)
  30.07  756.20 ^ clone472/Y (BUFx10_ASAP7_75t_R)
  11.61  767.81 v _06184_/Y (NAND2x1_ASAP7_75t_R)
  29.66  797.47 v _06185_/Y (AO21x1_ASAP7_75t_R)
  38.25  835.72 v _06191_/Y (AO21x1_ASAP7_75t_R)
  32.10  867.82 ^ _06192_/Y (NAND2x2_ASAP7_75t_R)
  33.65  901.47 v _10450_/CON (FAx1_ASAP7_75t_R)
  41.39  942.86 v rebuffer441/Y (BUFx3_ASAP7_75t_R)
  38.62  981.48 v _06358_/Y (OA21x2_ASAP7_75t_R)
  21.99 1003.47 ^ _06359_/Y (OAI21x1_ASAP7_75t_R)
  17.20 1020.67 v _06410_/Y (AOI21x1_ASAP7_75t_R)
  42.14 1062.81 v _06411_/Y (OA21x2_ASAP7_75t_R)
  38.37 1101.18 v _06428_/Y (OA21x2_ASAP7_75t_R)
  21.99 1123.17 ^ _06429_/Y (OAI21x1_ASAP7_75t_R)
  21.13 1144.30 v _06432_/Y (AOI21x1_ASAP7_75t_R)
  41.36 1185.66 v _06433_/Y (OR3x1_ASAP7_75t_R)
  54.73 1240.39 v _06434_/Y (OA211x2_ASAP7_75t_R)
  41.17 1281.56 v _06436_/Y (OR3x1_ASAP7_75t_R)
  57.43 1338.98 v _06437_/Y (OA211x2_ASAP7_75t_R)
  51.07 1390.06 ^ _10462_/SN (FAx1_ASAP7_75t_R)
  39.73 1429.79 ^ rebuffer397/Y (BUFx2_ASAP7_75t_R)
  40.78 1470.57 ^ _08414_/Y (AND4x1_ASAP7_75t_R)
  40.91 1511.49 ^ _08417_/Y (AND4x1_ASAP7_75t_R)
  60.46 1571.95 ^ _08418_/Y (AND5x1_ASAP7_75t_R)
  31.88 1603.83 ^ _08422_/Y (AO21x1_ASAP7_75t_R)
  17.07 1620.90 v _08444_/Y (OAI22x1_ASAP7_75t_R)
   0.00 1620.90 v _10891_/D (DFFLQNx2_ASAP7_75t_R)
        1620.90   data arrival time

  10.00   10.00   clock clk' (fall edge)
   0.00   10.00   clock network delay (ideal)
   0.00   10.00   clock reconvergence pessimism
          10.00 v _10891_/CLK (DFFLQNx2_ASAP7_75t_R)
 -19.04   -9.04   library setup time
          -9.04   data required time
---------------------------------------------------------
          -9.04   data required time
        -1620.90   data arrival time
---------------------------------------------------------
        -1629.94   slack (VIOLATED)


Startpoint: _10775_ (falling edge-triggered flip-flop clocked by clk')
Endpoint: _10919_ (falling edge-triggered flip-flop clocked by clk')
Path Group: clk
Path Type: max

  Delay    Time   Description
---------------------------------------------------------
   0.00    0.00   clock clk' (fall edge)
   0.00    0.00   clock network delay (ideal)
   0.00    0.00 v _10775_/CLK (DFFLQNx3_ASAP7_75t_R)
 151.64  151.64 v _10775_/QN (DFFLQNx3_ASAP7_75t_R)
  70.60  222.24 ^ _05584_/Y (NAND2x2_ASAP7_75t_R)
  51.20  273.44 v _05585_/Y (NOR2x2_ASAP7_75t_R)
  31.32  304.76 ^ _05586_/Y (INVx4_ASAP7_75t_R)
  22.28  327.04 v _05761_/Y (NOR2x2_ASAP7_75t_R)
  50.28  377.32 ^ _05881_/Y (AOI211x1_ASAP7_75t_R)
  25.27  402.58 v _05882_/Y (NAND2x1_ASAP7_75t_R)
  20.00  422.58 ^ _05883_/Y (NOR2x1_ASAP7_75t_R)
  20.99  443.57 v _05902_/Y (NAND2x1_ASAP7_75t_R)
  17.61  461.19 ^ _05937_/Y (NOR2x2_ASAP7_75t_R)
  31.40  492.58 v _05938_/Y (AOI21x1_ASAP7_75t_R)
  34.61  527.19 ^ _05999_/Y (AOI21x1_ASAP7_75t_R)
  31.36  558.55 v _06004_/Y (AOI21x1_ASAP7_75t_R)
  38.46  597.01 v rebuffer413/Y (BUFx3_ASAP7_75t_R)
  54.00  651.01 ^ _06037_/Y (OAI21x1_ASAP7_75t_R)
  49.87  700.88 ^ load_slew73/Y (BUFx16f_ASAP7_75t_R)
  25.25  726.13 ^ rebuffer944/Y (BUFx6f_ASAP7_75t_R)
  30.07  756.20 ^ clone472/Y (BUFx10_ASAP7_75t_R)
  11.61  767.81 v _06184_/Y (NAND2x1_ASAP7_75t_R)
  29.66  797.47 v _06185_/Y (AO21x1_ASAP7_75t_R)
  38.25  835.72 v _06191_/Y (AO21x1_ASAP7_75t_R)
  32.10  867.82 ^ _06192_/Y (NAND2x2_ASAP7_75t_R)
  33.65  901.47 v _10450_/CON (FAx1_ASAP7_75t_R)
  41.39  942.86 v rebuffer441/Y (BUFx3_ASAP7_75t_R)
  38.62  981.48 v _06358_/Y (OA21x2_ASAP7_75t_R)
  21.99 1003.47 ^ _06359_/Y (OAI21x1_ASAP7_75t_R)
  17.20 1020.67 v _06410_/Y (AOI21x1_ASAP7_75t_R)
  42.14 1062.81 v _06411_/Y (OA21x2_ASAP7_75t_R)
  38.37 1101.18 v _06428_/Y (OA21x2_ASAP7_75t_R)
  21.99 1123.17 ^ _06429_/Y (OAI21x1_ASAP7_75t_R)
  21.13 1144.30 v _06432_/Y (AOI21x1_ASAP7_75t_R)
  41.36 1185.66 v _06433_/Y (OR3x1_ASAP7_75t_R)
  54.73 1240.39 v _06434_/Y (OA211x2_ASAP7_75t_R)
  41.17 1281.56 v _06436_/Y (OR3x1_ASAP7_75t_R)
  57.43 1338.98 v _06437_/Y (OA211x2_ASAP7_75t_R)
  43.84 1382.82 ^ _10462_/CON (FAx1_ASAP7_75t_R)
  50.37 1433.19 ^ _08134_/Y (XNOR2x1_ASAP7_75t_R)
  21.15 1454.34 v _08137_/Y (NAND3x1_ASAP7_75t_R)
  26.60 1480.94 ^ _08138_/Y (NAND2x1_ASAP7_75t_R)
  18.19 1499.13 v _08153_/Y (OAI21x1_ASAP7_75t_R)
  21.25 1520.38 ^ _08155_/Y (AOI21x1_ASAP7_75t_R)
  34.46 1554.84 ^ rebuffer473/Y (BUFx6f_ASAP7_75t_R)
  14.28 1569.12 v _08501_/Y (AOI21x1_ASAP7_75t_R)
   0.00 1569.12 v _10919_/D (DFFLQNx2_ASAP7_75t_R)
        1569.12   data arrival time

  10.00   10.00   clock clk' (fall edge)
   0.00   10.00   clock network delay (ideal)
   0.00   10.00   clock reconvergence pessimism
          10.00 v _10919_/CLK (DFFLQNx2_ASAP7_75t_R)
 -21.27  -11.27   library setup time
         -11.27   data required time
---------------------------------------------------------
         -11.27   data required time
        -1569.12   data arrival time
---------------------------------------------------------
        -1580.40   slack (VIOLATED)


Startpoint: _10775_ (falling edge-triggered flip-flop clocked by clk')
Endpoint: _10935_ (falling edge-triggered flip-flop clocked by clk')
Path Group: clk
Path Type: max

  Delay    Time   Description
---------------------------------------------------------
   0.00    0.00   clock clk' (fall edge)
   0.00    0.00   clock network delay (ideal)
   0.00    0.00 v _10775_/CLK (DFFLQNx3_ASAP7_75t_R)
 151.64  151.64 v _10775_/QN (DFFLQNx3_ASAP7_75t_R)
  70.60  222.24 ^ _05584_/Y (NAND2x2_ASAP7_75t_R)
  51.20  273.44 v _05585_/Y (NOR2x2_ASAP7_75t_R)
  31.32  304.76 ^ _05586_/Y (INVx4_ASAP7_75t_R)
  22.28  327.04 v _05761_/Y (NOR2x2_ASAP7_75t_R)
  50.28  377.32 ^ _05881_/Y (AOI211x1_ASAP7_75t_R)
  25.27  402.58 v _05882_/Y (NAND2x1_ASAP7_75t_R)
  20.00  422.58 ^ _05883_/Y (NOR2x1_ASAP7_75t_R)
  20.99  443.57 v _05902_/Y (NAND2x1_ASAP7_75t_R)
  17.61  461.19 ^ _05937_/Y (NOR2x2_ASAP7_75t_R)
  31.40  492.58 v _05938_/Y (AOI21x1_ASAP7_75t_R)
  34.61  527.19 ^ _05999_/Y (AOI21x1_ASAP7_75t_R)
  31.36  558.55 v _06004_/Y (AOI21x1_ASAP7_75t_R)
  38.46  597.01 v rebuffer413/Y (BUFx3_ASAP7_75t_R)
  54.00  651.01 ^ _06037_/Y (OAI21x1_ASAP7_75t_R)
  49.87  700.88 ^ load_slew73/Y (BUFx16f_ASAP7_75t_R)
  25.25  726.13 ^ rebuffer944/Y (BUFx6f_ASAP7_75t_R)
  30.07  756.20 ^ clone472/Y (BUFx10_ASAP7_75t_R)
  11.61  767.81 v _06184_/Y (NAND2x1_ASAP7_75t_R)
  29.66  797.47 v _06185_/Y (AO21x1_ASAP7_75t_R)
  38.25  835.72 v _06191_/Y (AO21x1_ASAP7_75t_R)
  32.10  867.82 ^ _06192_/Y (NAND2x2_ASAP7_75t_R)
  33.65  901.47 v _10450_/CON (FAx1_ASAP7_75t_R)
  41.39  942.86 v rebuffer441/Y (BUFx3_ASAP7_75t_R)
  38.62  981.48 v _06358_/Y (OA21x2_ASAP7_75t_R)
  21.99 1003.47 ^ _06359_/Y (OAI21x1_ASAP7_75t_R)
  17.20 1020.67 v _06410_/Y (AOI21x1_ASAP7_75t_R)
  42.14 1062.81 v _06411_/Y (OA21x2_ASAP7_75t_R)
  38.37 1101.18 v _06428_/Y (OA21x2_ASAP7_75t_R)
  21.99 1123.17 ^ _06429_/Y (OAI21x1_ASAP7_75t_R)
  21.13 1144.30 v _06432_/Y (AOI21x1_ASAP7_75t_R)
  41.36 1185.66 v _06433_/Y (OR3x1_ASAP7_75t_R)
  54.73 1240.39 v _06434_/Y (OA211x2_ASAP7_75t_R)
  41.17 1281.56 v _06436_/Y (OR3x1_ASAP7_75t_R)
  57.43 1338.98 v _06437_/Y (OA211x2_ASAP7_75t_R)
  43.84 1382.82 ^ _10462_/CON (FAx1_ASAP7_75t_R)
  50.37 1433.19 ^ _08134_/Y (XNOR2x1_ASAP7_75t_R)
  21.15 1454.34 v _08137_/Y (NAND3x1_ASAP7_75t_R)
  26.60 1480.94 ^ _08138_/Y (NAND2x1_ASAP7_75t_R)
  18.19 1499.13 v _08153_/Y (OAI21x1_ASAP7_75t_R)
  21.25 1520.38 ^ _08155_/Y (AOI21x1_ASAP7_75t_R)
  34.46 1554.84 ^ rebuffer473/Y (BUFx6f_ASAP7_75t_R)
  14.28 1569.12 v _08537_/Y (AOI21x1_ASAP7_75t_R)
   0.00 1569.12 v _10935_/D (DFFLQNx2_ASAP7_75t_R)
        1569.12   data arrival time

  10.00   10.00   clock clk' (fall edge)
   0.00   10.00   clock network delay (ideal)
   0.00   10.00   clock reconvergence pessimism
          10.00 v _10935_/CLK (DFFLQNx2_ASAP7_75t_R)
 -21.27  -11.27   library setup time
         -11.27   data required time
---------------------------------------------------------
         -11.27   data required time
        -1569.12   data arrival time
---------------------------------------------------------
        -1580.40   slack (VIOLATED)


Startpoint: _10775_ (falling edge-triggered flip-flop clocked by clk')
Endpoint: _10890_ (falling edge-triggered flip-flop clocked by clk')
Path Group: clk
Path Type: max

  Delay    Time   Description
---------------------------------------------------------
   0.00    0.00   clock clk' (fall edge)
   0.00    0.00   clock network delay (ideal)
   0.00    0.00 v _10775_/CLK (DFFLQNx3_ASAP7_75t_R)
 151.64  151.64 v _10775_/QN (DFFLQNx3_ASAP7_75t_R)
  70.60  222.24 ^ _05584_/Y (NAND2x2_ASAP7_75t_R)
  51.20  273.44 v _05585_/Y (NOR2x2_ASAP7_75t_R)
  31.32  304.76 ^ _05586_/Y (INVx4_ASAP7_75t_R)
  22.28  327.04 v _05761_/Y (NOR2x2_ASAP7_75t_R)
  50.28  377.32 ^ _05881_/Y (AOI211x1_ASAP7_75t_R)
  25.27  402.58 v _05882_/Y (NAND2x1_ASAP7_75t_R)
  20.00  422.58 ^ _05883_/Y (NOR2x1_ASAP7_75t_R)
  20.99  443.57 v _05902_/Y (NAND2x1_ASAP7_75t_R)
  17.61  461.19 ^ _05937_/Y (NOR2x2_ASAP7_75t_R)
  31.40  492.58 v _05938_/Y (AOI21x1_ASAP7_75t_R)
  34.61  527.19 ^ _05999_/Y (AOI21x1_ASAP7_75t_R)
  31.36  558.55 v _06004_/Y (AOI21x1_ASAP7_75t_R)
  38.46  597.01 v rebuffer413/Y (BUFx3_ASAP7_75t_R)
  54.00  651.01 ^ _06037_/Y (OAI21x1_ASAP7_75t_R)
  49.87  700.88 ^ load_slew73/Y (BUFx16f_ASAP7_75t_R)
  25.25  726.13 ^ rebuffer944/Y (BUFx6f_ASAP7_75t_R)
  30.07  756.20 ^ clone472/Y (BUFx10_ASAP7_75t_R)
  11.61  767.81 v _06184_/Y (NAND2x1_ASAP7_75t_R)
  29.66  797.47 v _06185_/Y (AO21x1_ASAP7_75t_R)
  38.25  835.72 v _06191_/Y (AO21x1_ASAP7_75t_R)
  32.10  867.82 ^ _06192_/Y (NAND2x2_ASAP7_75t_R)
  33.65  901.47 v _10450_/CON (FAx1_ASAP7_75t_R)
  41.39  942.86 v rebuffer441/Y (BUFx3_ASAP7_75t_R)
  38.62  981.48 v _06358_/Y (OA21x2_ASAP7_75t_R)
  21.99 1003.47 ^ _06359_/Y (OAI21x1_ASAP7_75t_R)
  17.20 1020.67 v _06410_/Y (AOI21x1_ASAP7_75t_R)
  42.14 1062.81 v _06411_/Y (OA21x2_ASAP7_75t_R)
  38.37 1101.18 v _06428_/Y (OA21x2_ASAP7_75t_R)
  21.99 1123.17 ^ _06429_/Y (OAI21x1_ASAP7_75t_R)
  21.13 1144.30 v _06432_/Y (AOI21x1_ASAP7_75t_R)
  41.36 1185.66 v _06433_/Y (OR3x1_ASAP7_75t_R)
  54.73 1240.39 v _06434_/Y (OA211x2_ASAP7_75t_R)
  41.17 1281.56 v _06436_/Y (OR3x1_ASAP7_75t_R)
  57.43 1338.98 v _06437_/Y (OA211x2_ASAP7_75t_R)
  43.84 1382.82 ^ _10462_/CON (FAx1_ASAP7_75t_R)
  50.37 1433.19 ^ _08134_/Y (XNOR2x1_ASAP7_75t_R)
  21.15 1454.34 v _08137_/Y (NAND3x1_ASAP7_75t_R)
  26.60 1480.94 ^ _08138_/Y (NAND2x1_ASAP7_75t_R)
  18.19 1499.13 v _08153_/Y (OAI21x1_ASAP7_75t_R)
  21.25 1520.38 ^ _08155_/Y (AOI21x1_ASAP7_75t_R)
  34.46 1554.84 ^ rebuffer473/Y (BUFx6f_ASAP7_75t_R)
  14.28 1569.12 v _08410_/Y (AOI21x1_ASAP7_75t_R)
   0.00 1569.12 v _10890_/D (DFFLQNx2_ASAP7_75t_R)
        1569.12   data arrival time

  10.00   10.00   clock clk' (fall edge)
   0.00   10.00   clock network delay (ideal)
   0.00   10.00   clock reconvergence pessimism
          10.00 v _10890_/CLK (DFFLQNx2_ASAP7_75t_R)
 -20.95  -10.95   library setup time
         -10.95   data required time
---------------------------------------------------------
         -10.95   data required time
        -1569.12   data arrival time
---------------------------------------------------------
        -1580.07   slack (VIOLATED)


Startpoint: _10775_ (falling edge-triggered flip-flop clocked by clk')
Endpoint: _10874_ (falling edge-triggered flip-flop clocked by clk')
Path Group: clk
Path Type: max

  Delay    Time   Description
---------------------------------------------------------
   0.00    0.00   clock clk' (fall edge)
   0.00    0.00   clock network delay (ideal)
   0.00    0.00 v _10775_/CLK (DFFLQNx3_ASAP7_75t_R)
 151.64  151.64 v _10775_/QN (DFFLQNx3_ASAP7_75t_R)
  70.60  222.24 ^ _05584_/Y (NAND2x2_ASAP7_75t_R)
  51.20  273.44 v _05585_/Y (NOR2x2_ASAP7_75t_R)
  31.32  304.76 ^ _05586_/Y (INVx4_ASAP7_75t_R)
  22.28  327.04 v _05761_/Y (NOR2x2_ASAP7_75t_R)
  50.28  377.32 ^ _05881_/Y (AOI211x1_ASAP7_75t_R)
  25.27  402.58 v _05882_/Y (NAND2x1_ASAP7_75t_R)
  20.00  422.58 ^ _05883_/Y (NOR2x1_ASAP7_75t_R)
  20.99  443.57 v _05902_/Y (NAND2x1_ASAP7_75t_R)
  17.61  461.19 ^ _05937_/Y (NOR2x2_ASAP7_75t_R)
  31.40  492.58 v _05938_/Y (AOI21x1_ASAP7_75t_R)
  34.61  527.19 ^ _05999_/Y (AOI21x1_ASAP7_75t_R)
  31.36  558.55 v _06004_/Y (AOI21x1_ASAP7_75t_R)
  38.46  597.01 v rebuffer413/Y (BUFx3_ASAP7_75t_R)
  54.00  651.01 ^ _06037_/Y (OAI21x1_ASAP7_75t_R)
  49.87  700.88 ^ load_slew73/Y (BUFx16f_ASAP7_75t_R)
  25.25  726.13 ^ rebuffer944/Y (BUFx6f_ASAP7_75t_R)
  30.07  756.20 ^ clone472/Y (BUFx10_ASAP7_75t_R)
  11.61  767.81 v _06184_/Y (NAND2x1_ASAP7_75t_R)
  29.66  797.47 v _06185_/Y (AO21x1_ASAP7_75t_R)
  38.25  835.72 v _06191_/Y (AO21x1_ASAP7_75t_R)
  32.10  867.82 ^ _06192_/Y (NAND2x2_ASAP7_75t_R)
  33.65  901.47 v _10450_/CON (FAx1_ASAP7_75t_R)
  41.39  942.86 v rebuffer441/Y (BUFx3_ASAP7_75t_R)
  38.62  981.48 v _06358_/Y (OA21x2_ASAP7_75t_R)
  21.99 1003.47 ^ _06359_/Y (OAI21x1_ASAP7_75t_R)
  17.20 1020.67 v _06410_/Y (AOI21x1_ASAP7_75t_R)
  42.14 1062.81 v _06411_/Y (OA21x2_ASAP7_75t_R)
  38.37 1101.18 v _06428_/Y (OA21x2_ASAP7_75t_R)
  21.99 1123.17 ^ _06429_/Y (OAI21x1_ASAP7_75t_R)
  21.13 1144.30 v _06432_/Y (AOI21x1_ASAP7_75t_R)
  41.36 1185.66 v _06433_/Y (OR3x1_ASAP7_75t_R)
  54.73 1240.39 v _06434_/Y (OA211x2_ASAP7_75t_R)
  41.17 1281.56 v _06436_/Y (OR3x1_ASAP7_75t_R)
  57.43 1338.98 v _06437_/Y (OA211x2_ASAP7_75t_R)
  43.84 1382.82 ^ _10462_/CON (FAx1_ASAP7_75t_R)
  50.37 1433.19 ^ _08134_/Y (XNOR2x1_ASAP7_75t_R)
  21.15 1454.34 v _08137_/Y (NAND3x1_ASAP7_75t_R)
  26.60 1480.94 ^ _08138_/Y (NAND2x1_ASAP7_75t_R)
  18.19 1499.13 v _08153_/Y (OAI21x1_ASAP7_75t_R)
  21.25 1520.38 ^ _08155_/Y (AOI21x1_ASAP7_75t_R)
  34.46 1554.84 ^ rebuffer473/Y (BUFx6f_ASAP7_75t_R)
  14.28 1569.12 v _08372_/Y (AOI21x1_ASAP7_75t_R)
   0.00 1569.12 v _10874_/D (DFFLQNx2_ASAP7_75t_R)
        1569.12   data arrival time

  10.00   10.00   clock clk' (fall edge)
   0.00   10.00   clock network delay (ideal)
   0.00   10.00   clock reconvergence pessimism
          10.00 v _10874_/CLK (DFFLQNx2_ASAP7_75t_R)
 -20.77  -10.77   library setup time
         -10.77   data required time
---------------------------------------------------------
         -10.77   data required time
        -1569.12   data arrival time
---------------------------------------------------------
        -1579.89   slack (VIOLATED)


Startpoint: _10775_ (falling edge-triggered flip-flop clocked by clk')
Endpoint: _10807_ (falling edge-triggered flip-flop clocked by clk')
Path Group: clk
Path Type: max

  Delay    Time   Description
---------------------------------------------------------
   0.00    0.00   clock clk' (fall edge)
   0.00    0.00   clock network delay (ideal)
   0.00    0.00 v _10775_/CLK (DFFLQNx3_ASAP7_75t_R)
 151.64  151.64 v _10775_/QN (DFFLQNx3_ASAP7_75t_R)
  70.60  222.24 ^ _05584_/Y (NAND2x2_ASAP7_75t_R)
  51.20  273.44 v _05585_/Y (NOR2x2_ASAP7_75t_R)
  31.32  304.76 ^ _05586_/Y (INVx4_ASAP7_75t_R)
  22.28  327.04 v _05761_/Y (NOR2x2_ASAP7_75t_R)
  50.28  377.32 ^ _05881_/Y (AOI211x1_ASAP7_75t_R)
  25.27  402.58 v _05882_/Y (NAND2x1_ASAP7_75t_R)
  20.00  422.58 ^ _05883_/Y (NOR2x1_ASAP7_75t_R)
  20.99  443.57 v _05902_/Y (NAND2x1_ASAP7_75t_R)
  17.61  461.19 ^ _05937_/Y (NOR2x2_ASAP7_75t_R)
  31.40  492.58 v _05938_/Y (AOI21x1_ASAP7_75t_R)
  34.61  527.19 ^ _05999_/Y (AOI21x1_ASAP7_75t_R)
  31.36  558.55 v _06004_/Y (AOI21x1_ASAP7_75t_R)
  38.46  597.01 v rebuffer413/Y (BUFx3_ASAP7_75t_R)
  54.00  651.01 ^ _06037_/Y (OAI21x1_ASAP7_75t_R)
  49.87  700.88 ^ load_slew73/Y (BUFx16f_ASAP7_75t_R)
  25.25  726.13 ^ rebuffer944/Y (BUFx6f_ASAP7_75t_R)
  30.07  756.20 ^ clone472/Y (BUFx10_ASAP7_75t_R)
  11.61  767.81 v _06184_/Y (NAND2x1_ASAP7_75t_R)
  29.66  797.47 v _06185_/Y (AO21x1_ASAP7_75t_R)
  38.25  835.72 v _06191_/Y (AO21x1_ASAP7_75t_R)
  32.10  867.82 ^ _06192_/Y (NAND2x2_ASAP7_75t_R)
  33.65  901.47 v _10450_/CON (FAx1_ASAP7_75t_R)
  41.39  942.86 v rebuffer441/Y (BUFx3_ASAP7_75t_R)
  38.62  981.48 v _06358_/Y (OA21x2_ASAP7_75t_R)
  21.99 1003.47 ^ _06359_/Y (OAI21x1_ASAP7_75t_R)
  17.20 1020.67 v _06410_/Y (AOI21x1_ASAP7_75t_R)
  42.14 1062.81 v _06411_/Y (OA21x2_ASAP7_75t_R)
  38.37 1101.18 v _06428_/Y (OA21x2_ASAP7_75t_R)
  21.99 1123.17 ^ _06429_/Y (OAI21x1_ASAP7_75t_R)
  21.13 1144.30 v _06432_/Y (AOI21x1_ASAP7_75t_R)
  41.36 1185.66 v _06433_/Y (OR3x1_ASAP7_75t_R)
  54.73 1240.39 v _06434_/Y (OA211x2_ASAP7_75t_R)
  41.17 1281.56 v _06436_/Y (OR3x1_ASAP7_75t_R)
  57.43 1338.98 v _06437_/Y (OA211x2_ASAP7_75t_R)
  43.84 1382.82 ^ _10462_/CON (FAx1_ASAP7_75t_R)
  50.37 1433.19 ^ _08134_/Y (XNOR2x1_ASAP7_75t_R)
  21.15 1454.34 v _08137_/Y (NAND3x1_ASAP7_75t_R)
  26.60 1480.94 ^ _08138_/Y (NAND2x1_ASAP7_75t_R)
  18.19 1499.13 v _08153_/Y (OAI21x1_ASAP7_75t_R)
  21.25 1520.38 ^ _08155_/Y (AOI21x1_ASAP7_75t_R)
  34.46 1554.84 ^ rebuffer473/Y (BUFx6f_ASAP7_75t_R)
  14.28 1569.12 v _08158_/Y (AOI21x1_ASAP7_75t_R)
   0.00 1569.12 v _10807_/D (DFFLQNx2_ASAP7_75t_R)
        1569.12   data arrival time

  10.00   10.00   clock clk' (fall edge)
   0.00   10.00   clock network delay (ideal)
   0.00   10.00   clock reconvergence pessimism
          10.00 v _10807_/CLK (DFFLQNx2_ASAP7_75t_R)
 -18.48   -8.48   library setup time
          -8.48   data required time
---------------------------------------------------------
          -8.48   data required time
        -1569.12   data arrival time
---------------------------------------------------------
        -1577.61   slack (VIOLATED)


Startpoint: _10775_ (falling edge-triggered flip-flop clocked by clk')
Endpoint: _10903_ (falling edge-triggered flip-flop clocked by clk')
Path Group: clk
Path Type: max

  Delay    Time   Description
---------------------------------------------------------
   0.00    0.00   clock clk' (fall edge)
   0.00    0.00   clock network delay (ideal)
   0.00    0.00 v _10775_/CLK (DFFLQNx3_ASAP7_75t_R)
 151.64  151.64 v _10775_/QN (DFFLQNx3_ASAP7_75t_R)
  70.60  222.24 ^ _05584_/Y (NAND2x2_ASAP7_75t_R)
  51.20  273.44 v _05585_/Y (NOR2x2_ASAP7_75t_R)
  31.32  304.76 ^ _05586_/Y (INVx4_ASAP7_75t_R)
  22.28  327.04 v _05761_/Y (NOR2x2_ASAP7_75t_R)
  50.28  377.32 ^ _05881_/Y (AOI211x1_ASAP7_75t_R)
  25.27  402.58 v _05882_/Y (NAND2x1_ASAP7_75t_R)
  20.00  422.58 ^ _05883_/Y (NOR2x1_ASAP7_75t_R)
  20.99  443.57 v _05902_/Y (NAND2x1_ASAP7_75t_R)
  17.61  461.19 ^ _05937_/Y (NOR2x2_ASAP7_75t_R)
  31.40  492.58 v _05938_/Y (AOI21x1_ASAP7_75t_R)
  34.61  527.19 ^ _05999_/Y (AOI21x1_ASAP7_75t_R)
  31.36  558.55 v _06004_/Y (AOI21x1_ASAP7_75t_R)
  38.46  597.01 v rebuffer413/Y (BUFx3_ASAP7_75t_R)
  54.00  651.01 ^ _06037_/Y (OAI21x1_ASAP7_75t_R)
  49.87  700.88 ^ load_slew73/Y (BUFx16f_ASAP7_75t_R)
  25.25  726.13 ^ rebuffer944/Y (BUFx6f_ASAP7_75t_R)
  30.07  756.20 ^ clone472/Y (BUFx10_ASAP7_75t_R)
  11.61  767.81 v _06184_/Y (NAND2x1_ASAP7_75t_R)
  29.66  797.47 v _06185_/Y (AO21x1_ASAP7_75t_R)
  38.25  835.72 v _06191_/Y (AO21x1_ASAP7_75t_R)
  32.10  867.82 ^ _06192_/Y (NAND2x2_ASAP7_75t_R)
  33.65  901.47 v _10450_/CON (FAx1_ASAP7_75t_R)
  41.39  942.86 v rebuffer441/Y (BUFx3_ASAP7_75t_R)
  38.62  981.48 v _06358_/Y (OA21x2_ASAP7_75t_R)
  21.99 1003.47 ^ _06359_/Y (OAI21x1_ASAP7_75t_R)
  17.20 1020.67 v _06410_/Y (AOI21x1_ASAP7_75t_R)
  42.14 1062.81 v _06411_/Y (OA21x2_ASAP7_75t_R)
  38.37 1101.18 v _06428_/Y (OA21x2_ASAP7_75t_R)
  21.99 1123.17 ^ _06429_/Y (OAI21x1_ASAP7_75t_R)
  21.13 1144.30 v _06432_/Y (AOI21x1_ASAP7_75t_R)
  41.36 1185.66 v _06433_/Y (OR3x1_ASAP7_75t_R)
  54.73 1240.39 v _06434_/Y (OA211x2_ASAP7_75t_R)
  41.17 1281.56 v _06436_/Y (OR3x1_ASAP7_75t_R)
  57.43 1338.98 v _06437_/Y (OA211x2_ASAP7_75t_R)
  43.84 1382.82 ^ _10462_/CON (FAx1_ASAP7_75t_R)
  50.37 1433.19 ^ _08134_/Y (XNOR2x1_ASAP7_75t_R)
  21.15 1454.34 v _08137_/Y (NAND3x1_ASAP7_75t_R)
  26.60 1480.94 ^ _08138_/Y (NAND2x1_ASAP7_75t_R)
  18.19 1499.13 v _08153_/Y (OAI21x1_ASAP7_75t_R)
  21.25 1520.38 ^ _08155_/Y (AOI21x1_ASAP7_75t_R)
  34.46 1554.84 ^ rebuffer473/Y (BUFx6f_ASAP7_75t_R)
  14.28 1569.12 v _08463_/Y (AOI21x1_ASAP7_75t_R)
   0.00 1569.12 v _10903_/D (DFFLQNx2_ASAP7_75t_R)
        1569.12   data arrival time

  10.00   10.00   clock clk' (fall edge)
   0.00   10.00   clock network delay (ideal)
   0.00   10.00   clock reconvergence pessimism
          10.00 v _10903_/CLK (DFFLQNx2_ASAP7_75t_R)
 -18.48   -8.48   library setup time
          -8.48   data required time
---------------------------------------------------------
          -8.48   data required time
        -1569.12   data arrival time
---------------------------------------------------------
        -1577.61   slack (VIOLATED)


Startpoint: _10775_ (falling edge-triggered flip-flop clocked by clk')
Endpoint: _10911_ (falling edge-triggered flip-flop clocked by clk')
Path Group: clk
Path Type: max

  Delay    Time   Description
---------------------------------------------------------
   0.00    0.00   clock clk' (fall edge)
   0.00    0.00   clock network delay (ideal)
   0.00    0.00 v _10775_/CLK (DFFLQNx3_ASAP7_75t_R)
 151.64  151.64 v _10775_/QN (DFFLQNx3_ASAP7_75t_R)
  70.60  222.24 ^ _05584_/Y (NAND2x2_ASAP7_75t_R)
  51.20  273.44 v _05585_/Y (NOR2x2_ASAP7_75t_R)
  31.32  304.76 ^ _05586_/Y (INVx4_ASAP7_75t_R)
  22.28  327.04 v _05761_/Y (NOR2x2_ASAP7_75t_R)
  50.28  377.32 ^ _05881_/Y (AOI211x1_ASAP7_75t_R)
  25.27  402.58 v _05882_/Y (NAND2x1_ASAP7_75t_R)
  20.00  422.58 ^ _05883_/Y (NOR2x1_ASAP7_75t_R)
  20.99  443.57 v _05902_/Y (NAND2x1_ASAP7_75t_R)
  17.61  461.19 ^ _05937_/Y (NOR2x2_ASAP7_75t_R)
  31.40  492.58 v _05938_/Y (AOI21x1_ASAP7_75t_R)
  34.61  527.19 ^ _05999_/Y (AOI21x1_ASAP7_75t_R)
  31.36  558.55 v _06004_/Y (AOI21x1_ASAP7_75t_R)
  38.46  597.01 v rebuffer413/Y (BUFx3_ASAP7_75t_R)
  54.00  651.01 ^ _06037_/Y (OAI21x1_ASAP7_75t_R)
  49.87  700.88 ^ load_slew73/Y (BUFx16f_ASAP7_75t_R)
  25.25  726.13 ^ rebuffer944/Y (BUFx6f_ASAP7_75t_R)
  30.07  756.20 ^ clone472/Y (BUFx10_ASAP7_75t_R)
  11.61  767.81 v _06184_/Y (NAND2x1_ASAP7_75t_R)
  29.66  797.47 v _06185_/Y (AO21x1_ASAP7_75t_R)
  38.25  835.72 v _06191_/Y (AO21x1_ASAP7_75t_R)
  32.10  867.82 ^ _06192_/Y (NAND2x2_ASAP7_75t_R)
  33.65  901.47 v _10450_/CON (FAx1_ASAP7_75t_R)
  41.39  942.86 v rebuffer441/Y (BUFx3_ASAP7_75t_R)
  38.62  981.48 v _06358_/Y (OA21x2_ASAP7_75t_R)
  21.99 1003.47 ^ _06359_/Y (OAI21x1_ASAP7_75t_R)
  17.20 1020.67 v _06410_/Y (AOI21x1_ASAP7_75t_R)
  42.14 1062.81 v _06411_/Y (OA21x2_ASAP7_75t_R)
  38.37 1101.18 v _06428_/Y (OA21x2_ASAP7_75t_R)
  21.99 1123.17 ^ _06429_/Y (OAI21x1_ASAP7_75t_R)
  21.13 1144.30 v _06432_/Y (AOI21x1_ASAP7_75t_R)
  41.36 1185.66 v _06433_/Y (OR3x1_ASAP7_75t_R)
  54.73 1240.39 v _06434_/Y (OA211x2_ASAP7_75t_R)
  41.17 1281.56 v _06436_/Y (OR3x1_ASAP7_75t_R)
  57.43 1338.98 v _06437_/Y (OA211x2_ASAP7_75t_R)
  43.84 1382.82 ^ _10462_/CON (FAx1_ASAP7_75t_R)
  50.37 1433.19 ^ _08134_/Y (XNOR2x1_ASAP7_75t_R)
  21.15 1454.34 v _08137_/Y (NAND3x1_ASAP7_75t_R)
  26.60 1480.94 ^ _08138_/Y (NAND2x1_ASAP7_75t_R)
  18.19 1499.13 v _08153_/Y (OAI21x1_ASAP7_75t_R)
  21.25 1520.38 ^ _08155_/Y (AOI21x1_ASAP7_75t_R)
  34.46 1554.84 ^ rebuffer473/Y (BUFx6f_ASAP7_75t_R)
  14.28 1569.12 v _08482_/Y (AOI21x1_ASAP7_75t_R)
   0.00 1569.12 v _10911_/D (DFFLQNx2_ASAP7_75t_R)
        1569.12   data arrival time

  10.00   10.00   clock clk' (fall edge)
   0.00   10.00   clock network delay (ideal)
   0.00   10.00   clock reconvergence pessimism
          10.00 v _10911_/CLK (DFFLQNx2_ASAP7_75t_R)
 -18.31   -8.31   library setup time
          -8.31   data required time
---------------------------------------------------------
          -8.31   data required time
        -1569.12   data arrival time
---------------------------------------------------------
        -1577.43   slack (VIOLATED)


Startpoint: _10775_ (falling edge-triggered flip-flop clocked by clk')
Endpoint: _10927_ (falling edge-triggered flip-flop clocked by clk')
Path Group: clk
Path Type: max

  Delay    Time   Description
---------------------------------------------------------
   0.00    0.00   clock clk' (fall edge)
   0.00    0.00   clock network delay (ideal)
   0.00    0.00 v _10775_/CLK (DFFLQNx3_ASAP7_75t_R)
 151.64  151.64 v _10775_/QN (DFFLQNx3_ASAP7_75t_R)
  70.60  222.24 ^ _05584_/Y (NAND2x2_ASAP7_75t_R)
  51.20  273.44 v _05585_/Y (NOR2x2_ASAP7_75t_R)
  31.32  304.76 ^ _05586_/Y (INVx4_ASAP7_75t_R)
  22.28  327.04 v _05761_/Y (NOR2x2_ASAP7_75t_R)
  50.28  377.32 ^ _05881_/Y (AOI211x1_ASAP7_75t_R)
  25.27  402.58 v _05882_/Y (NAND2x1_ASAP7_75t_R)
  20.00  422.58 ^ _05883_/Y (NOR2x1_ASAP7_75t_R)
  20.99  443.57 v _05902_/Y (NAND2x1_ASAP7_75t_R)
  17.61  461.19 ^ _05937_/Y (NOR2x2_ASAP7_75t_R)
  31.40  492.58 v _05938_/Y (AOI21x1_ASAP7_75t_R)
  34.61  527.19 ^ _05999_/Y (AOI21x1_ASAP7_75t_R)
  31.36  558.55 v _06004_/Y (AOI21x1_ASAP7_75t_R)
  38.46  597.01 v rebuffer413/Y (BUFx3_ASAP7_75t_R)
  54.00  651.01 ^ _06037_/Y (OAI21x1_ASAP7_75t_R)
  49.87  700.88 ^ load_slew73/Y (BUFx16f_ASAP7_75t_R)
  25.25  726.13 ^ rebuffer944/Y (BUFx6f_ASAP7_75t_R)
  30.07  756.20 ^ clone472/Y (BUFx10_ASAP7_75t_R)
  11.61  767.81 v _06184_/Y (NAND2x1_ASAP7_75t_R)
  29.66  797.47 v _06185_/Y (AO21x1_ASAP7_75t_R)
  38.25  835.72 v _06191_/Y (AO21x1_ASAP7_75t_R)
  32.10  867.82 ^ _06192_/Y (NAND2x2_ASAP7_75t_R)
  33.65  901.47 v _10450_/CON (FAx1_ASAP7_75t_R)
  41.39  942.86 v rebuffer441/Y (BUFx3_ASAP7_75t_R)
  38.62  981.48 v _06358_/Y (OA21x2_ASAP7_75t_R)
  21.99 1003.47 ^ _06359_/Y (OAI21x1_ASAP7_75t_R)
  17.20 1020.67 v _06410_/Y (AOI21x1_ASAP7_75t_R)
  42.14 1062.81 v _06411_/Y (OA21x2_ASAP7_75t_R)
  38.37 1101.18 v _06428_/Y (OA21x2_ASAP7_75t_R)
  21.99 1123.17 ^ _06429_/Y (OAI21x1_ASAP7_75t_R)
  21.13 1144.30 v _06432_/Y (AOI21x1_ASAP7_75t_R)
  41.36 1185.66 v _06433_/Y (OR3x1_ASAP7_75t_R)
  54.73 1240.39 v _06434_/Y (OA211x2_ASAP7_75t_R)
  41.17 1281.56 v _06436_/Y (OR3x1_ASAP7_75t_R)
  57.43 1338.98 v _06437_/Y (OA211x2_ASAP7_75t_R)
  43.84 1382.82 ^ _10462_/CON (FAx1_ASAP7_75t_R)
  50.37 1433.19 ^ _08134_/Y (XNOR2x1_ASAP7_75t_R)
  21.15 1454.34 v _08137_/Y (NAND3x1_ASAP7_75t_R)
  26.60 1480.94 ^ _08138_/Y (NAND2x1_ASAP7_75t_R)
  18.19 1499.13 v _08153_/Y (OAI21x1_ASAP7_75t_R)
  21.25 1520.38 ^ _08155_/Y (AOI21x1_ASAP7_75t_R)
  34.46 1554.84 ^ rebuffer473/Y (BUFx6f_ASAP7_75t_R)
  14.28 1569.12 v _08519_/Y (AOI21x1_ASAP7_75t_R)
   0.00 1569.12 v _10927_/D (DFFLQNx2_ASAP7_75t_R)
        1569.12   data arrival time

  10.00   10.00   clock clk' (fall edge)
   0.00   10.00   clock network delay (ideal)
   0.00   10.00   clock reconvergence pessimism
          10.00 v _10927_/CLK (DFFLQNx2_ASAP7_75t_R)
 -18.19   -8.19   library setup time
          -8.19   data required time
---------------------------------------------------------
          -8.19   data required time
        -1569.12   data arrival time
---------------------------------------------------------
        -1577.31   slack (VIOLATED)


Startpoint: _10775_ (falling edge-triggered flip-flop clocked by clk')
Endpoint: _10806_ (falling edge-triggered flip-flop clocked by clk')
Path Group: clk
Path Type: max

  Delay    Time   Description
---------------------------------------------------------
   0.00    0.00   clock clk' (fall edge)
   0.00    0.00   clock network delay (ideal)
   0.00    0.00 v _10775_/CLK (DFFLQNx3_ASAP7_75t_R)
 151.64  151.64 v _10775_/QN (DFFLQNx3_ASAP7_75t_R)
  70.60  222.24 ^ _05584_/Y (NAND2x2_ASAP7_75t_R)
  51.20  273.44 v _05585_/Y (NOR2x2_ASAP7_75t_R)
  31.32  304.76 ^ _05586_/Y (INVx4_ASAP7_75t_R)
  22.28  327.04 v _05761_/Y (NOR2x2_ASAP7_75t_R)
  50.28  377.32 ^ _05881_/Y (AOI211x1_ASAP7_75t_R)
  25.27  402.58 v _05882_/Y (NAND2x1_ASAP7_75t_R)
  20.00  422.58 ^ _05883_/Y (NOR2x1_ASAP7_75t_R)
  20.99  443.57 v _05902_/Y (NAND2x1_ASAP7_75t_R)
  17.61  461.19 ^ _05937_/Y (NOR2x2_ASAP7_75t_R)
  31.40  492.58 v _05938_/Y (AOI21x1_ASAP7_75t_R)
  34.61  527.19 ^ _05999_/Y (AOI21x1_ASAP7_75t_R)
  31.36  558.55 v _06004_/Y (AOI21x1_ASAP7_75t_R)
  38.46  597.01 v rebuffer413/Y (BUFx3_ASAP7_75t_R)
  54.00  651.01 ^ _06037_/Y (OAI21x1_ASAP7_75t_R)
  49.87  700.88 ^ load_slew73/Y (BUFx16f_ASAP7_75t_R)
  25.25  726.13 ^ rebuffer944/Y (BUFx6f_ASAP7_75t_R)
  30.07  756.20 ^ clone472/Y (BUFx10_ASAP7_75t_R)
  11.61  767.81 v _06184_/Y (NAND2x1_ASAP7_75t_R)
  29.66  797.47 v _06185_/Y (AO21x1_ASAP7_75t_R)
  38.25  835.72 v _06191_/Y (AO21x1_ASAP7_75t_R)
  32.10  867.82 ^ _06192_/Y (NAND2x2_ASAP7_75t_R)
  33.65  901.47 v _10450_/CON (FAx1_ASAP7_75t_R)
  41.39  942.86 v rebuffer441/Y (BUFx3_ASAP7_75t_R)
  38.62  981.48 v _06358_/Y (OA21x2_ASAP7_75t_R)
  21.99 1003.47 ^ _06359_/Y (OAI21x1_ASAP7_75t_R)
  17.20 1020.67 v _06410_/Y (AOI21x1_ASAP7_75t_R)
  42.14 1062.81 v _06411_/Y (OA21x2_ASAP7_75t_R)
  38.37 1101.18 v _06428_/Y (OA21x2_ASAP7_75t_R)
  21.99 1123.17 ^ _06429_/Y (OAI21x1_ASAP7_75t_R)
  21.13 1144.30 v _06432_/Y (AOI21x1_ASAP7_75t_R)
  41.36 1185.66 v _06433_/Y (OR3x1_ASAP7_75t_R)
  54.73 1240.39 v _06434_/Y (OA211x2_ASAP7_75t_R)
  41.17 1281.56 v _06436_/Y (OR3x1_ASAP7_75t_R)
  57.43 1338.98 v _06437_/Y (OA211x2_ASAP7_75t_R)
  51.07 1390.06 ^ _10462_/SN (FAx1_ASAP7_75t_R)
  39.73 1429.79 ^ rebuffer397/Y (BUFx2_ASAP7_75t_R)
  15.37 1445.16 v _08126_/Y (OAI21x1_ASAP7_75t_R)
  62.15 1507.31 ^ _08128_/Y (AOI22x1_ASAP7_75t_R)
  26.82 1534.12 v _08130_/Y (AOI21x1_ASAP7_75t_R)
   0.00 1534.12 v _10806_/D (DFFLQNx2_ASAP7_75t_R)
        1534.12   data arrival time

  10.00   10.00   clock clk' (fall edge)
   0.00   10.00   clock network delay (ideal)
   0.00   10.00   clock reconvergence pessimism
          10.00 v _10806_/CLK (DFFLQNx2_ASAP7_75t_R)
 -22.50  -12.50   library setup time
         -12.50   data required time
---------------------------------------------------------
         -12.50   data required time
        -1534.12   data arrival time
---------------------------------------------------------
        -1546.62   slack (VIOLATED)


Startpoint: _10775_ (falling edge-triggered flip-flop clocked by clk')
Endpoint: _10873_ (falling edge-triggered flip-flop clocked by clk')
Path Group: clk
Path Type: max

  Delay    Time   Description
---------------------------------------------------------
   0.00    0.00   clock clk' (fall edge)
   0.00    0.00   clock network delay (ideal)
   0.00    0.00 v _10775_/CLK (DFFLQNx3_ASAP7_75t_R)
 151.64  151.64 v _10775_/QN (DFFLQNx3_ASAP7_75t_R)
  70.60  222.24 ^ _05584_/Y (NAND2x2_ASAP7_75t_R)
  51.20  273.44 v _05585_/Y (NOR2x2_ASAP7_75t_R)
  31.32  304.76 ^ _05586_/Y (INVx4_ASAP7_75t_R)
  22.28  327.04 v _05761_/Y (NOR2x2_ASAP7_75t_R)
  50.28  377.32 ^ _05881_/Y (AOI211x1_ASAP7_75t_R)
  25.27  402.58 v _05882_/Y (NAND2x1_ASAP7_75t_R)
  20.00  422.58 ^ _05883_/Y (NOR2x1_ASAP7_75t_R)
  20.99  443.57 v _05902_/Y (NAND2x1_ASAP7_75t_R)
  17.61  461.19 ^ _05937_/Y (NOR2x2_ASAP7_75t_R)
  31.40  492.58 v _05938_/Y (AOI21x1_ASAP7_75t_R)
  34.61  527.19 ^ _05999_/Y (AOI21x1_ASAP7_75t_R)
  31.36  558.55 v _06004_/Y (AOI21x1_ASAP7_75t_R)
  38.46  597.01 v rebuffer413/Y (BUFx3_ASAP7_75t_R)
  54.00  651.01 ^ _06037_/Y (OAI21x1_ASAP7_75t_R)
  49.87  700.88 ^ load_slew73/Y (BUFx16f_ASAP7_75t_R)
  25.25  726.13 ^ rebuffer944/Y (BUFx6f_ASAP7_75t_R)
  30.07  756.20 ^ clone472/Y (BUFx10_ASAP7_75t_R)
  11.61  767.81 v _06184_/Y (NAND2x1_ASAP7_75t_R)
  29.66  797.47 v _06185_/Y (AO21x1_ASAP7_75t_R)
  38.25  835.72 v _06191_/Y (AO21x1_ASAP7_75t_R)
  32.10  867.82 ^ _06192_/Y (NAND2x2_ASAP7_75t_R)
  33.65  901.47 v _10450_/CON (FAx1_ASAP7_75t_R)
  41.39  942.86 v rebuffer441/Y (BUFx3_ASAP7_75t_R)
  38.62  981.48 v _06358_/Y (OA21x2_ASAP7_75t_R)
  21.99 1003.47 ^ _06359_/Y (OAI21x1_ASAP7_75t_R)
  17.20 1020.67 v _06410_/Y (AOI21x1_ASAP7_75t_R)
  42.14 1062.81 v _06411_/Y (OA21x2_ASAP7_75t_R)
  38.37 1101.18 v _06428_/Y (OA21x2_ASAP7_75t_R)
  21.99 1123.17 ^ _06429_/Y (OAI21x1_ASAP7_75t_R)
  21.13 1144.30 v _06432_/Y (AOI21x1_ASAP7_75t_R)
  41.36 1185.66 v _06433_/Y (OR3x1_ASAP7_75t_R)
  54.73 1240.39 v _06434_/Y (OA211x2_ASAP7_75t_R)
  41.17 1281.56 v _06436_/Y (OR3x1_ASAP7_75t_R)
  57.43 1338.98 v _06437_/Y (OA211x2_ASAP7_75t_R)
  51.07 1390.06 ^ _10462_/SN (FAx1_ASAP7_75t_R)
  39.73 1429.79 ^ rebuffer397/Y (BUFx2_ASAP7_75t_R)
  15.37 1445.16 v _08126_/Y (OAI21x1_ASAP7_75t_R)
  62.15 1507.31 ^ _08128_/Y (AOI22x1_ASAP7_75t_R)
  26.82 1534.12 v _08370_/Y (AOI21x1_ASAP7_75t_R)
   0.00 1534.12 v _10873_/D (DFFLQNx2_ASAP7_75t_R)
        1534.12   data arrival time

  10.00   10.00   clock clk' (fall edge)
   0.00   10.00   clock network delay (ideal)
   0.00   10.00   clock reconvergence pessimism
          10.00 v _10873_/CLK (DFFLQNx2_ASAP7_75t_R)
 -22.50  -12.50   library setup time
         -12.50   data required time
---------------------------------------------------------
         -12.50   data required time
        -1534.12   data arrival time
---------------------------------------------------------
        -1546.62   slack (VIOLATED)


Startpoint: _10775_ (falling edge-triggered flip-flop clocked by clk')
Endpoint: _10889_ (falling edge-triggered flip-flop clocked by clk')
Path Group: clk
Path Type: max

  Delay    Time   Description
---------------------------------------------------------
   0.00    0.00   clock clk' (fall edge)
   0.00    0.00   clock network delay (ideal)
   0.00    0.00 v _10775_/CLK (DFFLQNx3_ASAP7_75t_R)
 151.64  151.64 v _10775_/QN (DFFLQNx3_ASAP7_75t_R)
  70.60  222.24 ^ _05584_/Y (NAND2x2_ASAP7_75t_R)
  51.20  273.44 v _05585_/Y (NOR2x2_ASAP7_75t_R)
  31.32  304.76 ^ _05586_/Y (INVx4_ASAP7_75t_R)
  22.28  327.04 v _05761_/Y (NOR2x2_ASAP7_75t_R)
  50.28  377.32 ^ _05881_/Y (AOI211x1_ASAP7_75t_R)
  25.27  402.58 v _05882_/Y (NAND2x1_ASAP7_75t_R)
  20.00  422.58 ^ _05883_/Y (NOR2x1_ASAP7_75t_R)
  20.99  443.57 v _05902_/Y (NAND2x1_ASAP7_75t_R)
  17.61  461.19 ^ _05937_/Y (NOR2x2_ASAP7_75t_R)
  31.40  492.58 v _05938_/Y (AOI21x1_ASAP7_75t_R)
  34.61  527.19 ^ _05999_/Y (AOI21x1_ASAP7_75t_R)
  31.36  558.55 v _06004_/Y (AOI21x1_ASAP7_75t_R)
  38.46  597.01 v rebuffer413/Y (BUFx3_ASAP7_75t_R)
  54.00  651.01 ^ _06037_/Y (OAI21x1_ASAP7_75t_R)
  49.87  700.88 ^ load_slew73/Y (BUFx16f_ASAP7_75t_R)
  25.25  726.13 ^ rebuffer944/Y (BUFx6f_ASAP7_75t_R)
  30.07  756.20 ^ clone472/Y (BUFx10_ASAP7_75t_R)
  11.61  767.81 v _06184_/Y (NAND2x1_ASAP7_75t_R)
  29.66  797.47 v _06185_/Y (AO21x1_ASAP7_75t_R)
  38.25  835.72 v _06191_/Y (AO21x1_ASAP7_75t_R)
  32.10  867.82 ^ _06192_/Y (NAND2x2_ASAP7_75t_R)
  33.65  901.47 v _10450_/CON (FAx1_ASAP7_75t_R)
  41.39  942.86 v rebuffer441/Y (BUFx3_ASAP7_75t_R)
  38.62  981.48 v _06358_/Y (OA21x2_ASAP7_75t_R)
  21.99 1003.47 ^ _06359_/Y (OAI21x1_ASAP7_75t_R)
  17.20 1020.67 v _06410_/Y (AOI21x1_ASAP7_75t_R)
  42.14 1062.81 v _06411_/Y (OA21x2_ASAP7_75t_R)
  38.37 1101.18 v _06428_/Y (OA21x2_ASAP7_75t_R)
  21.99 1123.17 ^ _06429_/Y (OAI21x1_ASAP7_75t_R)
  21.13 1144.30 v _06432_/Y (AOI21x1_ASAP7_75t_R)
  41.36 1185.66 v _06433_/Y (OR3x1_ASAP7_75t_R)
  54.73 1240.39 v _06434_/Y (OA211x2_ASAP7_75t_R)
  41.17 1281.56 v _06436_/Y (OR3x1_ASAP7_75t_R)
  57.43 1338.98 v _06437_/Y (OA211x2_ASAP7_75t_R)
  51.07 1390.06 ^ _10462_/SN (FAx1_ASAP7_75t_R)
  39.73 1429.79 ^ rebuffer397/Y (BUFx2_ASAP7_75t_R)
  15.37 1445.16 v _08126_/Y (OAI21x1_ASAP7_75t_R)
  62.15 1507.31 ^ _08128_/Y (AOI22x1_ASAP7_75t_R)
  26.82 1534.12 v _08407_/Y (AOI21x1_ASAP7_75t_R)
   0.00 1534.12 v _10889_/D (DFFLQNx2_ASAP7_75t_R)
        1534.12   data arrival time

  10.00   10.00   clock clk' (fall edge)
   0.00   10.00   clock network delay (ideal)
   0.00   10.00   clock reconvergence pessimism
          10.00 v _10889_/CLK (DFFLQNx2_ASAP7_75t_R)
 -22.50  -12.50   library setup time
         -12.50   data required time
---------------------------------------------------------
         -12.50   data required time
        -1534.12   data arrival time
---------------------------------------------------------
        -1546.62   slack (VIOLATED)


Startpoint: _10775_ (falling edge-triggered flip-flop clocked by clk')
Endpoint: _10902_ (falling edge-triggered flip-flop clocked by clk')
Path Group: clk
Path Type: max

  Delay    Time   Description
---------------------------------------------------------
   0.00    0.00   clock clk' (fall edge)
   0.00    0.00   clock network delay (ideal)
   0.00    0.00 v _10775_/CLK (DFFLQNx3_ASAP7_75t_R)
 151.64  151.64 v _10775_/QN (DFFLQNx3_ASAP7_75t_R)
  70.60  222.24 ^ _05584_/Y (NAND2x2_ASAP7_75t_R)
  51.20  273.44 v _05585_/Y (NOR2x2_ASAP7_75t_R)
  31.32  304.76 ^ _05586_/Y (INVx4_ASAP7_75t_R)
  22.28  327.04 v _05761_/Y (NOR2x2_ASAP7_75t_R)
  50.28  377.32 ^ _05881_/Y (AOI211x1_ASAP7_75t_R)
  25.27  402.58 v _05882_/Y (NAND2x1_ASAP7_75t_R)
  20.00  422.58 ^ _05883_/Y (NOR2x1_ASAP7_75t_R)
  20.99  443.57 v _05902_/Y (NAND2x1_ASAP7_75t_R)
  17.61  461.19 ^ _05937_/Y (NOR2x2_ASAP7_75t_R)
  31.40  492.58 v _05938_/Y (AOI21x1_ASAP7_75t_R)
  34.61  527.19 ^ _05999_/Y (AOI21x1_ASAP7_75t_R)
  31.36  558.55 v _06004_/Y (AOI21x1_ASAP7_75t_R)
  38.46  597.01 v rebuffer413/Y (BUFx3_ASAP7_75t_R)
  54.00  651.01 ^ _06037_/Y (OAI21x1_ASAP7_75t_R)
  49.87  700.88 ^ load_slew73/Y (BUFx16f_ASAP7_75t_R)
  25.25  726.13 ^ rebuffer944/Y (BUFx6f_ASAP7_75t_R)
  30.07  756.20 ^ clone472/Y (BUFx10_ASAP7_75t_R)
  11.61  767.81 v _06184_/Y (NAND2x1_ASAP7_75t_R)
  29.66  797.47 v _06185_/Y (AO21x1_ASAP7_75t_R)
  38.25  835.72 v _06191_/Y (AO21x1_ASAP7_75t_R)
  32.10  867.82 ^ _06192_/Y (NAND2x2_ASAP7_75t_R)
  33.65  901.47 v _10450_/CON (FAx1_ASAP7_75t_R)
  41.39  942.86 v rebuffer441/Y (BUFx3_ASAP7_75t_R)
  38.62  981.48 v _06358_/Y (OA21x2_ASAP7_75t_R)
  21.99 1003.47 ^ _06359_/Y (OAI21x1_ASAP7_75t_R)
  17.20 1020.67 v _06410_/Y (AOI21x1_ASAP7_75t_R)
  42.14 1062.81 v _06411_/Y (OA21x2_ASAP7_75t_R)
  38.37 1101.18 v _06428_/Y (OA21x2_ASAP7_75t_R)
  21.99 1123.17 ^ _06429_/Y (OAI21x1_ASAP7_75t_R)
  21.13 1144.30 v _06432_/Y (AOI21x1_ASAP7_75t_R)
  41.36 1185.66 v _06433_/Y (OR3x1_ASAP7_75t_R)
  54.73 1240.39 v _06434_/Y (OA211x2_ASAP7_75t_R)
  41.17 1281.56 v _06436_/Y (OR3x1_ASAP7_75t_R)
  57.43 1338.98 v _06437_/Y (OA211x2_ASAP7_75t_R)
  51.07 1390.06 ^ _10462_/SN (FAx1_ASAP7_75t_R)
  39.73 1429.79 ^ rebuffer397/Y (BUFx2_ASAP7_75t_R)
  15.37 1445.16 v _08126_/Y (OAI21x1_ASAP7_75t_R)
  62.15 1507.31 ^ _08128_/Y (AOI22x1_ASAP7_75t_R)
  26.82 1534.12 v _08460_/Y (AOI21x1_ASAP7_75t_R)
   0.00 1534.12 v _10902_/D (DFFLQNx2_ASAP7_75t_R)
        1534.12   data arrival time

  10.00   10.00   clock clk' (fall edge)
   0.00   10.00   clock network delay (ideal)
   0.00   10.00   clock reconvergence pessimism
          10.00 v _10902_/CLK (DFFLQNx2_ASAP7_75t_R)
 -22.50  -12.50   library setup time
         -12.50   data required time
---------------------------------------------------------
         -12.50   data required time
        -1534.12   data arrival time
---------------------------------------------------------
        -1546.62   slack (VIOLATED)


Startpoint: _10775_ (falling edge-triggered flip-flop clocked by clk')
Endpoint: _10910_ (falling edge-triggered flip-flop clocked by clk')
Path Group: clk
Path Type: max

  Delay    Time   Description
---------------------------------------------------------
   0.00    0.00   clock clk' (fall edge)
   0.00    0.00   clock network delay (ideal)
   0.00    0.00 v _10775_/CLK (DFFLQNx3_ASAP7_75t_R)
 151.64  151.64 v _10775_/QN (DFFLQNx3_ASAP7_75t_R)
  70.60  222.24 ^ _05584_/Y (NAND2x2_ASAP7_75t_R)
  51.20  273.44 v _05585_/Y (NOR2x2_ASAP7_75t_R)
  31.32  304.76 ^ _05586_/Y (INVx4_ASAP7_75t_R)
  22.28  327.04 v _05761_/Y (NOR2x2_ASAP7_75t_R)
  50.28  377.32 ^ _05881_/Y (AOI211x1_ASAP7_75t_R)
  25.27  402.58 v _05882_/Y (NAND2x1_ASAP7_75t_R)
  20.00  422.58 ^ _05883_/Y (NOR2x1_ASAP7_75t_R)
  20.99  443.57 v _05902_/Y (NAND2x1_ASAP7_75t_R)
  17.61  461.19 ^ _05937_/Y (NOR2x2_ASAP7_75t_R)
  31.40  492.58 v _05938_/Y (AOI21x1_ASAP7_75t_R)
  34.61  527.19 ^ _05999_/Y (AOI21x1_ASAP7_75t_R)
  31.36  558.55 v _06004_/Y (AOI21x1_ASAP7_75t_R)
  38.46  597.01 v rebuffer413/Y (BUFx3_ASAP7_75t_R)
  54.00  651.01 ^ _06037_/Y (OAI21x1_ASAP7_75t_R)
  49.87  700.88 ^ load_slew73/Y (BUFx16f_ASAP7_75t_R)
  25.25  726.13 ^ rebuffer944/Y (BUFx6f_ASAP7_75t_R)
  30.07  756.20 ^ clone472/Y (BUFx10_ASAP7_75t_R)
  11.61  767.81 v _06184_/Y (NAND2x1_ASAP7_75t_R)
  29.66  797.47 v _06185_/Y (AO21x1_ASAP7_75t_R)
  38.25  835.72 v _06191_/Y (AO21x1_ASAP7_75t_R)
  32.10  867.82 ^ _06192_/Y (NAND2x2_ASAP7_75t_R)
  33.65  901.47 v _10450_/CON (FAx1_ASAP7_75t_R)
  41.39  942.86 v rebuffer441/Y (BUFx3_ASAP7_75t_R)
  38.62  981.48 v _06358_/Y (OA21x2_ASAP7_75t_R)
  21.99 1003.47 ^ _06359_/Y (OAI21x1_ASAP7_75t_R)
  17.20 1020.67 v _06410_/Y (AOI21x1_ASAP7_75t_R)
  42.14 1062.81 v _06411_/Y (OA21x2_ASAP7_75t_R)
  38.37 1101.18 v _06428_/Y (OA21x2_ASAP7_75t_R)
  21.99 1123.17 ^ _06429_/Y (OAI21x1_ASAP7_75t_R)
  21.13 1144.30 v _06432_/Y (AOI21x1_ASAP7_75t_R)
  41.36 1185.66 v _06433_/Y (OR3x1_ASAP7_75t_R)
  54.73 1240.39 v _06434_/Y (OA211x2_ASAP7_75t_R)
  41.17 1281.56 v _06436_/Y (OR3x1_ASAP7_75t_R)
  57.43 1338.98 v _06437_/Y (OA211x2_ASAP7_75t_R)
  51.07 1390.06 ^ _10462_/SN (FAx1_ASAP7_75t_R)
  39.73 1429.79 ^ rebuffer397/Y (BUFx2_ASAP7_75t_R)
  15.37 1445.16 v _08126_/Y (OAI21x1_ASAP7_75t_R)
  62.15 1507.31 ^ _08128_/Y (AOI22x1_ASAP7_75t_R)
  26.82 1534.12 v _08479_/Y (AOI21x1_ASAP7_75t_R)
   0.00 1534.12 v _10910_/D (DFFLQNx2_ASAP7_75t_R)
        1534.12   data arrival time

  10.00   10.00   clock clk' (fall edge)
   0.00   10.00   clock network delay (ideal)
   0.00   10.00   clock reconvergence pessimism
          10.00 v _10910_/CLK (DFFLQNx2_ASAP7_75t_R)
 -22.50  -12.50   library setup time
         -12.50   data required time
---------------------------------------------------------
         -12.50   data required time
        -1534.12   data arrival time
---------------------------------------------------------
        -1546.62   slack (VIOLATED)


Startpoint: _10775_ (falling edge-triggered flip-flop clocked by clk')
Endpoint: _10918_ (falling edge-triggered flip-flop clocked by clk')
Path Group: clk
Path Type: max

  Delay    Time   Description
---------------------------------------------------------
   0.00    0.00   clock clk' (fall edge)
   0.00    0.00   clock network delay (ideal)
   0.00    0.00 v _10775_/CLK (DFFLQNx3_ASAP7_75t_R)
 151.64  151.64 v _10775_/QN (DFFLQNx3_ASAP7_75t_R)
  70.60  222.24 ^ _05584_/Y (NAND2x2_ASAP7_75t_R)
  51.20  273.44 v _05585_/Y (NOR2x2_ASAP7_75t_R)
  31.32  304.76 ^ _05586_/Y (INVx4_ASAP7_75t_R)
  22.28  327.04 v _05761_/Y (NOR2x2_ASAP7_75t_R)
  50.28  377.32 ^ _05881_/Y (AOI211x1_ASAP7_75t_R)
  25.27  402.58 v _05882_/Y (NAND2x1_ASAP7_75t_R)
  20.00  422.58 ^ _05883_/Y (NOR2x1_ASAP7_75t_R)
  20.99  443.57 v _05902_/Y (NAND2x1_ASAP7_75t_R)
  17.61  461.19 ^ _05937_/Y (NOR2x2_ASAP7_75t_R)
  31.40  492.58 v _05938_/Y (AOI21x1_ASAP7_75t_R)
  34.61  527.19 ^ _05999_/Y (AOI21x1_ASAP7_75t_R)
  31.36  558.55 v _06004_/Y (AOI21x1_ASAP7_75t_R)
  38.46  597.01 v rebuffer413/Y (BUFx3_ASAP7_75t_R)
  54.00  651.01 ^ _06037_/Y (OAI21x1_ASAP7_75t_R)
  49.87  700.88 ^ load_slew73/Y (BUFx16f_ASAP7_75t_R)
  25.25  726.13 ^ rebuffer944/Y (BUFx6f_ASAP7_75t_R)
  30.07  756.20 ^ clone472/Y (BUFx10_ASAP7_75t_R)
  11.61  767.81 v _06184_/Y (NAND2x1_ASAP7_75t_R)
  29.66  797.47 v _06185_/Y (AO21x1_ASAP7_75t_R)
  38.25  835.72 v _06191_/Y (AO21x1_ASAP7_75t_R)
  32.10  867.82 ^ _06192_/Y (NAND2x2_ASAP7_75t_R)
  33.65  901.47 v _10450_/CON (FAx1_ASAP7_75t_R)
  41.39  942.86 v rebuffer441/Y (BUFx3_ASAP7_75t_R)
  38.62  981.48 v _06358_/Y (OA21x2_ASAP7_75t_R)
  21.99 1003.47 ^ _06359_/Y (OAI21x1_ASAP7_75t_R)
  17.20 1020.67 v _06410_/Y (AOI21x1_ASAP7_75t_R)
  42.14 1062.81 v _06411_/Y (OA21x2_ASAP7_75t_R)
  38.37 1101.18 v _06428_/Y (OA21x2_ASAP7_75t_R)
  21.99 1123.17 ^ _06429_/Y (OAI21x1_ASAP7_75t_R)
  21.13 1144.30 v _06432_/Y (AOI21x1_ASAP7_75t_R)
  41.36 1185.66 v _06433_/Y (OR3x1_ASAP7_75t_R)
  54.73 1240.39 v _06434_/Y (OA211x2_ASAP7_75t_R)
  41.17 1281.56 v _06436_/Y (OR3x1_ASAP7_75t_R)
  57.43 1338.98 v _06437_/Y (OA211x2_ASAP7_75t_R)
  51.07 1390.06 ^ _10462_/SN (FAx1_ASAP7_75t_R)
  39.73 1429.79 ^ rebuffer397/Y (BUFx2_ASAP7_75t_R)
  15.37 1445.16 v _08126_/Y (OAI21x1_ASAP7_75t_R)
  62.15 1507.31 ^ _08128_/Y (AOI22x1_ASAP7_75t_R)
  26.82 1534.12 v _08498_/Y (AOI21x1_ASAP7_75t_R)
   0.00 1534.12 v _10918_/D (DFFLQNx2_ASAP7_75t_R)
        1534.12   data arrival time

  10.00   10.00   clock clk' (fall edge)
   0.00   10.00   clock network delay (ideal)
   0.00   10.00   clock reconvergence pessimism
          10.00 v _10918_/CLK (DFFLQNx2_ASAP7_75t_R)
 -22.50  -12.50   library setup time
         -12.50   data required time
---------------------------------------------------------
         -12.50   data required time
        -1534.12   data arrival time
---------------------------------------------------------
        -1546.62   slack (VIOLATED)


Startpoint: _10775_ (falling edge-triggered flip-flop clocked by clk')
Endpoint: _10926_ (falling edge-triggered flip-flop clocked by clk')
Path Group: clk
Path Type: max

  Delay    Time   Description
---------------------------------------------------------
   0.00    0.00   clock clk' (fall edge)
   0.00    0.00   clock network delay (ideal)
   0.00    0.00 v _10775_/CLK (DFFLQNx3_ASAP7_75t_R)
 151.64  151.64 v _10775_/QN (DFFLQNx3_ASAP7_75t_R)
  70.60  222.24 ^ _05584_/Y (NAND2x2_ASAP7_75t_R)
  51.20  273.44 v _05585_/Y (NOR2x2_ASAP7_75t_R)
  31.32  304.76 ^ _05586_/Y (INVx4_ASAP7_75t_R)
  22.28  327.04 v _05761_/Y (NOR2x2_ASAP7_75t_R)
  50.28  377.32 ^ _05881_/Y (AOI211x1_ASAP7_75t_R)
  25.27  402.58 v _05882_/Y (NAND2x1_ASAP7_75t_R)
  20.00  422.58 ^ _05883_/Y (NOR2x1_ASAP7_75t_R)
  20.99  443.57 v _05902_/Y (NAND2x1_ASAP7_75t_R)
  17.61  461.19 ^ _05937_/Y (NOR2x2_ASAP7_75t_R)
  31.40  492.58 v _05938_/Y (AOI21x1_ASAP7_75t_R)
  34.61  527.19 ^ _05999_/Y (AOI21x1_ASAP7_75t_R)
  31.36  558.55 v _06004_/Y (AOI21x1_ASAP7_75t_R)
  38.46  597.01 v rebuffer413/Y (BUFx3_ASAP7_75t_R)
  54.00  651.01 ^ _06037_/Y (OAI21x1_ASAP7_75t_R)
  49.87  700.88 ^ load_slew73/Y (BUFx16f_ASAP7_75t_R)
  25.25  726.13 ^ rebuffer944/Y (BUFx6f_ASAP7_75t_R)
  30.07  756.20 ^ clone472/Y (BUFx10_ASAP7_75t_R)
  11.61  767.81 v _06184_/Y (NAND2x1_ASAP7_75t_R)
  29.66  797.47 v _06185_/Y (AO21x1_ASAP7_75t_R)
  38.25  835.72 v _06191_/Y (AO21x1_ASAP7_75t_R)
  32.10  867.82 ^ _06192_/Y (NAND2x2_ASAP7_75t_R)
  33.65  901.47 v _10450_/CON (FAx1_ASAP7_75t_R)
  41.39  942.86 v rebuffer441/Y (BUFx3_ASAP7_75t_R)
  38.62  981.48 v _06358_/Y (OA21x2_ASAP7_75t_R)
  21.99 1003.47 ^ _06359_/Y (OAI21x1_ASAP7_75t_R)
  17.20 1020.67 v _06410_/Y (AOI21x1_ASAP7_75t_R)
  42.14 1062.81 v _06411_/Y (OA21x2_ASAP7_75t_R)
  38.37 1101.18 v _06428_/Y (OA21x2_ASAP7_75t_R)
  21.99 1123.17 ^ _06429_/Y (OAI21x1_ASAP7_75t_R)
  21.13 1144.30 v _06432_/Y (AOI21x1_ASAP7_75t_R)
  41.36 1185.66 v _06433_/Y (OR3x1_ASAP7_75t_R)
  54.73 1240.39 v _06434_/Y (OA211x2_ASAP7_75t_R)
  41.17 1281.56 v _06436_/Y (OR3x1_ASAP7_75t_R)
  57.43 1338.98 v _06437_/Y (OA211x2_ASAP7_75t_R)
  51.07 1390.06 ^ _10462_/SN (FAx1_ASAP7_75t_R)
  39.73 1429.79 ^ rebuffer397/Y (BUFx2_ASAP7_75t_R)
  15.37 1445.16 v _08126_/Y (OAI21x1_ASAP7_75t_R)
  62.15 1507.31 ^ _08128_/Y (AOI22x1_ASAP7_75t_R)
  26.82 1534.12 v _08517_/Y (AOI21x1_ASAP7_75t_R)
   0.00 1534.12 v _10926_/D (DFFLQNx2_ASAP7_75t_R)
        1534.12   data arrival time

  10.00   10.00   clock clk' (fall edge)
   0.00   10.00   clock network delay (ideal)
   0.00   10.00   clock reconvergence pessimism
          10.00 v _10926_/CLK (DFFLQNx2_ASAP7_75t_R)
 -22.50  -12.50   library setup time
         -12.50   data required time
---------------------------------------------------------
         -12.50   data required time
        -1534.12   data arrival time
---------------------------------------------------------
        -1546.62   slack (VIOLATED)


Startpoint: _10775_ (falling edge-triggered flip-flop clocked by clk')
Endpoint: _10934_ (falling edge-triggered flip-flop clocked by clk')
Path Group: clk
Path Type: max

  Delay    Time   Description
---------------------------------------------------------
   0.00    0.00   clock clk' (fall edge)
   0.00    0.00   clock network delay (ideal)
   0.00    0.00 v _10775_/CLK (DFFLQNx3_ASAP7_75t_R)
 151.64  151.64 v _10775_/QN (DFFLQNx3_ASAP7_75t_R)
  70.60  222.24 ^ _05584_/Y (NAND2x2_ASAP7_75t_R)
  51.20  273.44 v _05585_/Y (NOR2x2_ASAP7_75t_R)
  31.32  304.76 ^ _05586_/Y (INVx4_ASAP7_75t_R)
  22.28  327.04 v _05761_/Y (NOR2x2_ASAP7_75t_R)
  50.28  377.32 ^ _05881_/Y (AOI211x1_ASAP7_75t_R)
  25.27  402.58 v _05882_/Y (NAND2x1_ASAP7_75t_R)
  20.00  422.58 ^ _05883_/Y (NOR2x1_ASAP7_75t_R)
  20.99  443.57 v _05902_/Y (NAND2x1_ASAP7_75t_R)
  17.61  461.19 ^ _05937_/Y (NOR2x2_ASAP7_75t_R)
  31.40  492.58 v _05938_/Y (AOI21x1_ASAP7_75t_R)
  34.61  527.19 ^ _05999_/Y (AOI21x1_ASAP7_75t_R)
  31.36  558.55 v _06004_/Y (AOI21x1_ASAP7_75t_R)
  38.46  597.01 v rebuffer413/Y (BUFx3_ASAP7_75t_R)
  54.00  651.01 ^ _06037_/Y (OAI21x1_ASAP7_75t_R)
  49.87  700.88 ^ load_slew73/Y (BUFx16f_ASAP7_75t_R)
  25.25  726.13 ^ rebuffer944/Y (BUFx6f_ASAP7_75t_R)
  30.07  756.20 ^ clone472/Y (BUFx10_ASAP7_75t_R)
  11.61  767.81 v _06184_/Y (NAND2x1_ASAP7_75t_R)
  29.66  797.47 v _06185_/Y (AO21x1_ASAP7_75t_R)
  38.25  835.72 v _06191_/Y (AO21x1_ASAP7_75t_R)
  32.10  867.82 ^ _06192_/Y (NAND2x2_ASAP7_75t_R)
  33.65  901.47 v _10450_/CON (FAx1_ASAP7_75t_R)
  41.39  942.86 v rebuffer441/Y (BUFx3_ASAP7_75t_R)
  38.62  981.48 v _06358_/Y (OA21x2_ASAP7_75t_R)
  21.99 1003.47 ^ _06359_/Y (OAI21x1_ASAP7_75t_R)
  17.20 1020.67 v _06410_/Y (AOI21x1_ASAP7_75t_R)
  42.14 1062.81 v _06411_/Y (OA21x2_ASAP7_75t_R)
  38.37 1101.18 v _06428_/Y (OA21x2_ASAP7_75t_R)
  21.99 1123.17 ^ _06429_/Y (OAI21x1_ASAP7_75t_R)
  21.13 1144.30 v _06432_/Y (AOI21x1_ASAP7_75t_R)
  41.36 1185.66 v _06433_/Y (OR3x1_ASAP7_75t_R)
  54.73 1240.39 v _06434_/Y (OA211x2_ASAP7_75t_R)
  41.17 1281.56 v _06436_/Y (OR3x1_ASAP7_75t_R)
  57.43 1338.98 v _06437_/Y (OA211x2_ASAP7_75t_R)
  51.07 1390.06 ^ _10462_/SN (FAx1_ASAP7_75t_R)
  39.73 1429.79 ^ rebuffer397/Y (BUFx2_ASAP7_75t_R)
  15.37 1445.16 v _08126_/Y (OAI21x1_ASAP7_75t_R)
  62.15 1507.31 ^ _08128_/Y (AOI22x1_ASAP7_75t_R)
  26.82 1534.12 v _08535_/Y (AOI21x1_ASAP7_75t_R)
   0.00 1534.12 v _10934_/D (DFFLQNx2_ASAP7_75t_R)
        1534.12   data arrival time

  10.00   10.00   clock clk' (fall edge)
   0.00   10.00   clock network delay (ideal)
   0.00   10.00   clock reconvergence pessimism
          10.00 v _10934_/CLK (DFFLQNx2_ASAP7_75t_R)
 -22.50  -12.50   library setup time
         -12.50   data required time
---------------------------------------------------------
         -12.50   data required time
        -1534.12   data arrival time
---------------------------------------------------------
        -1546.62   slack (VIOLATED)


Startpoint: _10775_ (falling edge-triggered flip-flop clocked by clk')
Endpoint: _10916_ (falling edge-triggered flip-flop clocked by clk')
Path Group: clk
Path Type: max

  Delay    Time   Description
---------------------------------------------------------
   0.00    0.00   clock clk' (fall edge)
   0.00    0.00   clock network delay (ideal)
   0.00    0.00 v _10775_/CLK (DFFLQNx3_ASAP7_75t_R)
 151.64  151.64 v _10775_/QN (DFFLQNx3_ASAP7_75t_R)
  70.60  222.24 ^ _05584_/Y (NAND2x2_ASAP7_75t_R)
  51.20  273.44 v _05585_/Y (NOR2x2_ASAP7_75t_R)
  31.32  304.76 ^ _05586_/Y (INVx4_ASAP7_75t_R)
  22.28  327.04 v _05761_/Y (NOR2x2_ASAP7_75t_R)
  50.28  377.32 ^ _05881_/Y (AOI211x1_ASAP7_75t_R)
  25.27  402.58 v _05882_/Y (NAND2x1_ASAP7_75t_R)
  20.00  422.58 ^ _05883_/Y (NOR2x1_ASAP7_75t_R)
  20.99  443.57 v _05902_/Y (NAND2x1_ASAP7_75t_R)
  17.61  461.19 ^ _05937_/Y (NOR2x2_ASAP7_75t_R)
  31.40  492.58 v _05938_/Y (AOI21x1_ASAP7_75t_R)
  34.61  527.19 ^ _05999_/Y (AOI21x1_ASAP7_75t_R)
  31.36  558.55 v _06004_/Y (AOI21x1_ASAP7_75t_R)
  38.46  597.01 v rebuffer413/Y (BUFx3_ASAP7_75t_R)
  54.00  651.01 ^ _06037_/Y (OAI21x1_ASAP7_75t_R)
  49.87  700.88 ^ load_slew73/Y (BUFx16f_ASAP7_75t_R)
  25.25  726.13 ^ rebuffer944/Y (BUFx6f_ASAP7_75t_R)
  30.07  756.20 ^ clone472/Y (BUFx10_ASAP7_75t_R)
  11.61  767.81 v _06184_/Y (NAND2x1_ASAP7_75t_R)
  29.66  797.47 v _06185_/Y (AO21x1_ASAP7_75t_R)
  38.25  835.72 v _06191_/Y (AO21x1_ASAP7_75t_R)
  32.10  867.82 ^ _06192_/Y (NAND2x2_ASAP7_75t_R)
  33.65  901.47 v _10450_/CON (FAx1_ASAP7_75t_R)
  41.39  942.86 v rebuffer441/Y (BUFx3_ASAP7_75t_R)
  38.62  981.48 v _06358_/Y (OA21x2_ASAP7_75t_R)
  21.99 1003.47 ^ _06359_/Y (OAI21x1_ASAP7_75t_R)
  17.20 1020.67 v _06410_/Y (AOI21x1_ASAP7_75t_R)
  42.14 1062.81 v _06411_/Y (OA21x2_ASAP7_75t_R)
  38.37 1101.18 v _06428_/Y (OA21x2_ASAP7_75t_R)
  21.99 1123.17 ^ _06429_/Y (OAI21x1_ASAP7_75t_R)
  21.13 1144.30 v _06432_/Y (AOI21x1_ASAP7_75t_R)
  41.36 1185.66 v _06433_/Y (OR3x1_ASAP7_75t_R)
  54.73 1240.39 v _06434_/Y (OA211x2_ASAP7_75t_R)
  34.62 1275.01 v rebuffer456/Y (BUFx2_ASAP7_75t_R)
  64.83 1339.84 ^ _10461_/SN (FAx1_ASAP7_75t_R)
  26.36 1366.20 v _08073_/Y (INVx1_ASAP7_75t_R)
  17.39 1383.59 ^ _08086_/Y (AOI21x1_ASAP7_75t_R)
  59.13 1442.72 ^ _08088_/Y (OA22x2_ASAP7_75t_R)
  22.84 1465.56 v _08493_/Y (NOR2x1_ASAP7_75t_R)
  33.98 1499.54 v _08494_/Y (AO21x1_ASAP7_75t_R)
   0.00 1499.54 v _10916_/D (DFFLQNx2_ASAP7_75t_R)
        1499.54   data arrival time

  10.00   10.00   clock clk' (fall edge)
   0.00   10.00   clock network delay (ideal)
   0.00   10.00   clock reconvergence pessimism
          10.00 v _10916_/CLK (DFFLQNx2_ASAP7_75t_R)
 -17.33   -7.33   library setup time
          -7.33   data required time
---------------------------------------------------------
          -7.33   data required time
        -1499.54   data arrival time
---------------------------------------------------------
        -1506.87   slack (VIOLATED)


Startpoint: _10775_ (falling edge-triggered flip-flop clocked by clk')
Endpoint: _10932_ (falling edge-triggered flip-flop clocked by clk')
Path Group: clk
Path Type: max

  Delay    Time   Description
---------------------------------------------------------
   0.00    0.00   clock clk' (fall edge)
   0.00    0.00   clock network delay (ideal)
   0.00    0.00 v _10775_/CLK (DFFLQNx3_ASAP7_75t_R)
 151.64  151.64 v _10775_/QN (DFFLQNx3_ASAP7_75t_R)
  70.60  222.24 ^ _05584_/Y (NAND2x2_ASAP7_75t_R)
  51.20  273.44 v _05585_/Y (NOR2x2_ASAP7_75t_R)
  31.32  304.76 ^ _05586_/Y (INVx4_ASAP7_75t_R)
  22.28  327.04 v _05761_/Y (NOR2x2_ASAP7_75t_R)
  50.28  377.32 ^ _05881_/Y (AOI211x1_ASAP7_75t_R)
  25.27  402.58 v _05882_/Y (NAND2x1_ASAP7_75t_R)
  20.00  422.58 ^ _05883_/Y (NOR2x1_ASAP7_75t_R)
  20.99  443.57 v _05902_/Y (NAND2x1_ASAP7_75t_R)
  17.61  461.19 ^ _05937_/Y (NOR2x2_ASAP7_75t_R)
  31.40  492.58 v _05938_/Y (AOI21x1_ASAP7_75t_R)
  34.61  527.19 ^ _05999_/Y (AOI21x1_ASAP7_75t_R)
  31.36  558.55 v _06004_/Y (AOI21x1_ASAP7_75t_R)
  38.46  597.01 v rebuffer413/Y (BUFx3_ASAP7_75t_R)
  54.00  651.01 ^ _06037_/Y (OAI21x1_ASAP7_75t_R)
  49.87  700.88 ^ load_slew73/Y (BUFx16f_ASAP7_75t_R)
  25.25  726.13 ^ rebuffer944/Y (BUFx6f_ASAP7_75t_R)
  30.07  756.20 ^ clone472/Y (BUFx10_ASAP7_75t_R)
  11.61  767.81 v _06184_/Y (NAND2x1_ASAP7_75t_R)
  29.66  797.47 v _06185_/Y (AO21x1_ASAP7_75t_R)
  38.25  835.72 v _06191_/Y (AO21x1_ASAP7_75t_R)
  32.10  867.82 ^ _06192_/Y (NAND2x2_ASAP7_75t_R)
  33.65  901.47 v _10450_/CON (FAx1_ASAP7_75t_R)
  41.39  942.86 v rebuffer441/Y (BUFx3_ASAP7_75t_R)
  38.62  981.48 v _06358_/Y (OA21x2_ASAP7_75t_R)
  21.99 1003.47 ^ _06359_/Y (OAI21x1_ASAP7_75t_R)
  17.20 1020.67 v _06410_/Y (AOI21x1_ASAP7_75t_R)
  42.14 1062.81 v _06411_/Y (OA21x2_ASAP7_75t_R)
  38.37 1101.18 v _06428_/Y (OA21x2_ASAP7_75t_R)
  21.99 1123.17 ^ _06429_/Y (OAI21x1_ASAP7_75t_R)
  21.13 1144.30 v _06432_/Y (AOI21x1_ASAP7_75t_R)
  41.36 1185.66 v _06433_/Y (OR3x1_ASAP7_75t_R)
  54.73 1240.39 v _06434_/Y (OA211x2_ASAP7_75t_R)
  34.62 1275.01 v rebuffer456/Y (BUFx2_ASAP7_75t_R)
  64.83 1339.84 ^ _10461_/SN (FAx1_ASAP7_75t_R)
  26.36 1366.20 v _08073_/Y (INVx1_ASAP7_75t_R)
  17.39 1383.59 ^ _08086_/Y (AOI21x1_ASAP7_75t_R)
  59.13 1442.72 ^ _08088_/Y (OA22x2_ASAP7_75t_R)
  22.84 1465.56 v _08530_/Y (NOR2x1_ASAP7_75t_R)
  33.98 1499.54 v _08531_/Y (AO21x1_ASAP7_75t_R)
   0.00 1499.54 v _10932_/D (DFFLQNx2_ASAP7_75t_R)
        1499.54   data arrival time

  10.00   10.00   clock clk' (fall edge)
   0.00   10.00   clock network delay (ideal)
   0.00   10.00   clock reconvergence pessimism
          10.00 v _10932_/CLK (DFFLQNx2_ASAP7_75t_R)
 -17.33   -7.33   library setup time
          -7.33   data required time
---------------------------------------------------------
          -7.33   data required time
        -1499.54   data arrival time
---------------------------------------------------------
        -1506.87   slack (VIOLATED)


Startpoint: _10775_ (falling edge-triggered flip-flop clocked by clk')
Endpoint: _10887_ (falling edge-triggered flip-flop clocked by clk')
Path Group: clk
Path Type: max

  Delay    Time   Description
---------------------------------------------------------
   0.00    0.00   clock clk' (fall edge)
   0.00    0.00   clock network delay (ideal)
   0.00    0.00 v _10775_/CLK (DFFLQNx3_ASAP7_75t_R)
 151.64  151.64 v _10775_/QN (DFFLQNx3_ASAP7_75t_R)
  70.60  222.24 ^ _05584_/Y (NAND2x2_ASAP7_75t_R)
  51.20  273.44 v _05585_/Y (NOR2x2_ASAP7_75t_R)
  31.32  304.76 ^ _05586_/Y (INVx4_ASAP7_75t_R)
  22.28  327.04 v _05761_/Y (NOR2x2_ASAP7_75t_R)
  50.28  377.32 ^ _05881_/Y (AOI211x1_ASAP7_75t_R)
  25.27  402.58 v _05882_/Y (NAND2x1_ASAP7_75t_R)
  20.00  422.58 ^ _05883_/Y (NOR2x1_ASAP7_75t_R)
  20.99  443.57 v _05902_/Y (NAND2x1_ASAP7_75t_R)
  17.61  461.19 ^ _05937_/Y (NOR2x2_ASAP7_75t_R)
  31.40  492.58 v _05938_/Y (AOI21x1_ASAP7_75t_R)
  34.61  527.19 ^ _05999_/Y (AOI21x1_ASAP7_75t_R)
  31.36  558.55 v _06004_/Y (AOI21x1_ASAP7_75t_R)
  38.46  597.01 v rebuffer413/Y (BUFx3_ASAP7_75t_R)
  54.00  651.01 ^ _06037_/Y (OAI21x1_ASAP7_75t_R)
  49.87  700.88 ^ load_slew73/Y (BUFx16f_ASAP7_75t_R)
  25.25  726.13 ^ rebuffer944/Y (BUFx6f_ASAP7_75t_R)
  30.07  756.20 ^ clone472/Y (BUFx10_ASAP7_75t_R)
  11.61  767.81 v _06184_/Y (NAND2x1_ASAP7_75t_R)
  29.66  797.47 v _06185_/Y (AO21x1_ASAP7_75t_R)
  38.25  835.72 v _06191_/Y (AO21x1_ASAP7_75t_R)
  32.10  867.82 ^ _06192_/Y (NAND2x2_ASAP7_75t_R)
  33.65  901.47 v _10450_/CON (FAx1_ASAP7_75t_R)
  41.39  942.86 v rebuffer441/Y (BUFx3_ASAP7_75t_R)
  38.62  981.48 v _06358_/Y (OA21x2_ASAP7_75t_R)
  21.99 1003.47 ^ _06359_/Y (OAI21x1_ASAP7_75t_R)
  17.20 1020.67 v _06410_/Y (AOI21x1_ASAP7_75t_R)
  42.14 1062.81 v _06411_/Y (OA21x2_ASAP7_75t_R)
  38.37 1101.18 v _06428_/Y (OA21x2_ASAP7_75t_R)
  21.99 1123.17 ^ _06429_/Y (OAI21x1_ASAP7_75t_R)
  21.13 1144.30 v _06432_/Y (AOI21x1_ASAP7_75t_R)
  41.36 1185.66 v _06433_/Y (OR3x1_ASAP7_75t_R)
  54.73 1240.39 v _06434_/Y (OA211x2_ASAP7_75t_R)
  34.62 1275.01 v rebuffer456/Y (BUFx2_ASAP7_75t_R)
  64.83 1339.84 ^ _10461_/SN (FAx1_ASAP7_75t_R)
  26.36 1366.20 v _08073_/Y (INVx1_ASAP7_75t_R)
  17.39 1383.59 ^ _08086_/Y (AOI21x1_ASAP7_75t_R)
  59.13 1442.72 ^ _08088_/Y (OA22x2_ASAP7_75t_R)
  22.84 1465.56 v _08402_/Y (NOR2x1_ASAP7_75t_R)
  33.98 1499.54 v _08403_/Y (AO21x1_ASAP7_75t_R)
   0.00 1499.54 v _10887_/D (DFFLQNx2_ASAP7_75t_R)
        1499.54   data arrival time

  10.00   10.00   clock clk' (fall edge)
   0.00   10.00   clock network delay (ideal)
   0.00   10.00   clock reconvergence pessimism
          10.00 v _10887_/CLK (DFFLQNx2_ASAP7_75t_R)
 -17.33   -7.33   library setup time
          -7.33   data required time
---------------------------------------------------------
          -7.33   data required time
        -1499.54   data arrival time
---------------------------------------------------------
        -1506.87   slack (VIOLATED)


Startpoint: _10775_ (falling edge-triggered flip-flop clocked by clk')
Endpoint: _10871_ (falling edge-triggered flip-flop clocked by clk')
Path Group: clk
Path Type: max

  Delay    Time   Description
---------------------------------------------------------
   0.00    0.00   clock clk' (fall edge)
   0.00    0.00   clock network delay (ideal)
   0.00    0.00 v _10775_/CLK (DFFLQNx3_ASAP7_75t_R)
 151.64  151.64 v _10775_/QN (DFFLQNx3_ASAP7_75t_R)
  70.60  222.24 ^ _05584_/Y (NAND2x2_ASAP7_75t_R)
  51.20  273.44 v _05585_/Y (NOR2x2_ASAP7_75t_R)
  31.32  304.76 ^ _05586_/Y (INVx4_ASAP7_75t_R)
  22.28  327.04 v _05761_/Y (NOR2x2_ASAP7_75t_R)
  50.28  377.32 ^ _05881_/Y (AOI211x1_ASAP7_75t_R)
  25.27  402.58 v _05882_/Y (NAND2x1_ASAP7_75t_R)
  20.00  422.58 ^ _05883_/Y (NOR2x1_ASAP7_75t_R)
  20.99  443.57 v _05902_/Y (NAND2x1_ASAP7_75t_R)
  17.61  461.19 ^ _05937_/Y (NOR2x2_ASAP7_75t_R)
  31.40  492.58 v _05938_/Y (AOI21x1_ASAP7_75t_R)
  34.61  527.19 ^ _05999_/Y (AOI21x1_ASAP7_75t_R)
  31.36  558.55 v _06004_/Y (AOI21x1_ASAP7_75t_R)
  38.46  597.01 v rebuffer413/Y (BUFx3_ASAP7_75t_R)
  54.00  651.01 ^ _06037_/Y (OAI21x1_ASAP7_75t_R)
  49.87  700.88 ^ load_slew73/Y (BUFx16f_ASAP7_75t_R)
  25.25  726.13 ^ rebuffer944/Y (BUFx6f_ASAP7_75t_R)
  30.07  756.20 ^ clone472/Y (BUFx10_ASAP7_75t_R)
  11.61  767.81 v _06184_/Y (NAND2x1_ASAP7_75t_R)
  29.66  797.47 v _06185_/Y (AO21x1_ASAP7_75t_R)
  38.25  835.72 v _06191_/Y (AO21x1_ASAP7_75t_R)
  32.10  867.82 ^ _06192_/Y (NAND2x2_ASAP7_75t_R)
  33.65  901.47 v _10450_/CON (FAx1_ASAP7_75t_R)
  41.39  942.86 v rebuffer441/Y (BUFx3_ASAP7_75t_R)
  38.62  981.48 v _06358_/Y (OA21x2_ASAP7_75t_R)
  21.99 1003.47 ^ _06359_/Y (OAI21x1_ASAP7_75t_R)
  17.20 1020.67 v _06410_/Y (AOI21x1_ASAP7_75t_R)
  42.14 1062.81 v _06411_/Y (OA21x2_ASAP7_75t_R)
  38.37 1101.18 v _06428_/Y (OA21x2_ASAP7_75t_R)
  21.99 1123.17 ^ _06429_/Y (OAI21x1_ASAP7_75t_R)
  21.13 1144.30 v _06432_/Y (AOI21x1_ASAP7_75t_R)
  41.36 1185.66 v _06433_/Y (OR3x1_ASAP7_75t_R)
  54.73 1240.39 v _06434_/Y (OA211x2_ASAP7_75t_R)
  34.62 1275.01 v rebuffer456/Y (BUFx2_ASAP7_75t_R)
  64.83 1339.84 ^ _10461_/SN (FAx1_ASAP7_75t_R)
  26.36 1366.20 v _08073_/Y (INVx1_ASAP7_75t_R)
  17.39 1383.59 ^ _08086_/Y (AOI21x1_ASAP7_75t_R)
  59.13 1442.72 ^ _08088_/Y (OA22x2_ASAP7_75t_R)
  22.84 1465.56 v _08365_/Y (NOR2x1_ASAP7_75t_R)
  33.98 1499.54 v _08366_/Y (AO21x1_ASAP7_75t_R)
   0.00 1499.54 v _10871_/D (DFFLQNx2_ASAP7_75t_R)
        1499.54   data arrival time

  10.00   10.00   clock clk' (fall edge)
   0.00   10.00   clock network delay (ideal)
   0.00   10.00   clock reconvergence pessimism
          10.00 v _10871_/CLK (DFFLQNx2_ASAP7_75t_R)
 -17.31   -7.31   library setup time
          -7.31   data required time
---------------------------------------------------------
          -7.31   data required time
        -1499.54   data arrival time
---------------------------------------------------------
        -1506.85   slack (VIOLATED)


Startpoint: _10775_ (falling edge-triggered flip-flop clocked by clk')
Endpoint: _10804_ (falling edge-triggered flip-flop clocked by clk')
Path Group: clk
Path Type: max

  Delay    Time   Description
---------------------------------------------------------
   0.00    0.00   clock clk' (fall edge)
   0.00    0.00   clock network delay (ideal)
   0.00    0.00 v _10775_/CLK (DFFLQNx3_ASAP7_75t_R)
 151.64  151.64 v _10775_/QN (DFFLQNx3_ASAP7_75t_R)
  70.60  222.24 ^ _05584_/Y (NAND2x2_ASAP7_75t_R)
  51.20  273.44 v _05585_/Y (NOR2x2_ASAP7_75t_R)
  31.32  304.76 ^ _05586_/Y (INVx4_ASAP7_75t_R)
  22.28  327.04 v _05761_/Y (NOR2x2_ASAP7_75t_R)
  50.28  377.32 ^ _05881_/Y (AOI211x1_ASAP7_75t_R)
  25.27  402.58 v _05882_/Y (NAND2x1_ASAP7_75t_R)
  20.00  422.58 ^ _05883_/Y (NOR2x1_ASAP7_75t_R)
  20.99  443.57 v _05902_/Y (NAND2x1_ASAP7_75t_R)
  17.61  461.19 ^ _05937_/Y (NOR2x2_ASAP7_75t_R)
  31.40  492.58 v _05938_/Y (AOI21x1_ASAP7_75t_R)
  34.61  527.19 ^ _05999_/Y (AOI21x1_ASAP7_75t_R)
  31.36  558.55 v _06004_/Y (AOI21x1_ASAP7_75t_R)
  38.46  597.01 v rebuffer413/Y (BUFx3_ASAP7_75t_R)
  54.00  651.01 ^ _06037_/Y (OAI21x1_ASAP7_75t_R)
  49.87  700.88 ^ load_slew73/Y (BUFx16f_ASAP7_75t_R)
  25.25  726.13 ^ rebuffer944/Y (BUFx6f_ASAP7_75t_R)
  30.07  756.20 ^ clone472/Y (BUFx10_ASAP7_75t_R)
  11.61  767.81 v _06184_/Y (NAND2x1_ASAP7_75t_R)
  29.66  797.47 v _06185_/Y (AO21x1_ASAP7_75t_R)
  38.25  835.72 v _06191_/Y (AO21x1_ASAP7_75t_R)
  32.10  867.82 ^ _06192_/Y (NAND2x2_ASAP7_75t_R)
  33.65  901.47 v _10450_/CON (FAx1_ASAP7_75t_R)
  41.39  942.86 v rebuffer441/Y (BUFx3_ASAP7_75t_R)
  38.62  981.48 v _06358_/Y (OA21x2_ASAP7_75t_R)
  21.99 1003.47 ^ _06359_/Y (OAI21x1_ASAP7_75t_R)
  17.20 1020.67 v _06410_/Y (AOI21x1_ASAP7_75t_R)
  42.14 1062.81 v _06411_/Y (OA21x2_ASAP7_75t_R)
  38.37 1101.18 v _06428_/Y (OA21x2_ASAP7_75t_R)
  21.99 1123.17 ^ _06429_/Y (OAI21x1_ASAP7_75t_R)
  21.13 1144.30 v _06432_/Y (AOI21x1_ASAP7_75t_R)
  41.36 1185.66 v _06433_/Y (OR3x1_ASAP7_75t_R)
  54.73 1240.39 v _06434_/Y (OA211x2_ASAP7_75t_R)
  34.62 1275.01 v rebuffer456/Y (BUFx2_ASAP7_75t_R)
  64.83 1339.84 ^ _10461_/SN (FAx1_ASAP7_75t_R)
  26.36 1366.20 v _08073_/Y (INVx1_ASAP7_75t_R)
  17.39 1383.59 ^ _08086_/Y (AOI21x1_ASAP7_75t_R)
  59.13 1442.72 ^ _08088_/Y (OA22x2_ASAP7_75t_R)
  22.84 1465.56 v _08090_/Y (NOR2x1_ASAP7_75t_R)
  33.98 1499.54 v _08091_/Y (AO21x1_ASAP7_75t_R)
   0.00 1499.54 v _10804_/D (DFFLQNx2_ASAP7_75t_R)
        1499.54   data arrival time

  10.00   10.00   clock clk' (fall edge)
   0.00   10.00   clock network delay (ideal)
   0.00   10.00   clock reconvergence pessimism
          10.00 v _10804_/CLK (DFFLQNx2_ASAP7_75t_R)
 -17.30   -7.30   library setup time
          -7.30   data required time
---------------------------------------------------------
          -7.30   data required time
        -1499.54   data arrival time
---------------------------------------------------------
        -1506.84   slack (VIOLATED)


Startpoint: _10775_ (falling edge-triggered flip-flop clocked by clk')
Endpoint: _10900_ (falling edge-triggered flip-flop clocked by clk')
Path Group: clk
Path Type: max

  Delay    Time   Description
---------------------------------------------------------
   0.00    0.00   clock clk' (fall edge)
   0.00    0.00   clock network delay (ideal)
   0.00    0.00 v _10775_/CLK (DFFLQNx3_ASAP7_75t_R)
 151.64  151.64 v _10775_/QN (DFFLQNx3_ASAP7_75t_R)
  70.60  222.24 ^ _05584_/Y (NAND2x2_ASAP7_75t_R)
  51.20  273.44 v _05585_/Y (NOR2x2_ASAP7_75t_R)
  31.32  304.76 ^ _05586_/Y (INVx4_ASAP7_75t_R)
  22.28  327.04 v _05761_/Y (NOR2x2_ASAP7_75t_R)
  50.28  377.32 ^ _05881_/Y (AOI211x1_ASAP7_75t_R)
  25.27  402.58 v _05882_/Y (NAND2x1_ASAP7_75t_R)
  20.00  422.58 ^ _05883_/Y (NOR2x1_ASAP7_75t_R)
  20.99  443.57 v _05902_/Y (NAND2x1_ASAP7_75t_R)
  17.61  461.19 ^ _05937_/Y (NOR2x2_ASAP7_75t_R)
  31.40  492.58 v _05938_/Y (AOI21x1_ASAP7_75t_R)
  34.61  527.19 ^ _05999_/Y (AOI21x1_ASAP7_75t_R)
  31.36  558.55 v _06004_/Y (AOI21x1_ASAP7_75t_R)
  38.46  597.01 v rebuffer413/Y (BUFx3_ASAP7_75t_R)
  54.00  651.01 ^ _06037_/Y (OAI21x1_ASAP7_75t_R)
  49.87  700.88 ^ load_slew73/Y (BUFx16f_ASAP7_75t_R)
  25.25  726.13 ^ rebuffer944/Y (BUFx6f_ASAP7_75t_R)
  30.07  756.20 ^ clone472/Y (BUFx10_ASAP7_75t_R)
  11.61  767.81 v _06184_/Y (NAND2x1_ASAP7_75t_R)
  29.66  797.47 v _06185_/Y (AO21x1_ASAP7_75t_R)
  38.25  835.72 v _06191_/Y (AO21x1_ASAP7_75t_R)
  32.10  867.82 ^ _06192_/Y (NAND2x2_ASAP7_75t_R)
  33.65  901.47 v _10450_/CON (FAx1_ASAP7_75t_R)
  41.39  942.86 v rebuffer441/Y (BUFx3_ASAP7_75t_R)
  38.62  981.48 v _06358_/Y (OA21x2_ASAP7_75t_R)
  21.99 1003.47 ^ _06359_/Y (OAI21x1_ASAP7_75t_R)
  17.20 1020.67 v _06410_/Y (AOI21x1_ASAP7_75t_R)
  42.14 1062.81 v _06411_/Y (OA21x2_ASAP7_75t_R)
  38.37 1101.18 v _06428_/Y (OA21x2_ASAP7_75t_R)
  21.99 1123.17 ^ _06429_/Y (OAI21x1_ASAP7_75t_R)
  21.13 1144.30 v _06432_/Y (AOI21x1_ASAP7_75t_R)
  41.36 1185.66 v _06433_/Y (OR3x1_ASAP7_75t_R)
  54.73 1240.39 v _06434_/Y (OA211x2_ASAP7_75t_R)
  34.62 1275.01 v rebuffer456/Y (BUFx2_ASAP7_75t_R)
  64.83 1339.84 ^ _10461_/SN (FAx1_ASAP7_75t_R)
  26.36 1366.20 v _08073_/Y (INVx1_ASAP7_75t_R)
  17.39 1383.59 ^ _08086_/Y (AOI21x1_ASAP7_75t_R)
  59.13 1442.72 ^ _08088_/Y (OA22x2_ASAP7_75t_R)
  22.84 1465.56 v _08455_/Y (NOR2x1_ASAP7_75t_R)
  33.98 1499.54 v _08456_/Y (AO21x1_ASAP7_75t_R)
   0.00 1499.54 v _10900_/D (DFFLQNx2_ASAP7_75t_R)
        1499.54   data arrival time

  10.00   10.00   clock clk' (fall edge)
   0.00   10.00   clock network delay (ideal)
   0.00   10.00   clock reconvergence pessimism
          10.00 v _10900_/CLK (DFFLQNx2_ASAP7_75t_R)
 -17.30   -7.30   library setup time
          -7.30   data required time
---------------------------------------------------------
          -7.30   data required time
        -1499.54   data arrival time
---------------------------------------------------------
        -1506.84   slack (VIOLATED)


Startpoint: _10775_ (falling edge-triggered flip-flop clocked by clk')
Endpoint: _10908_ (falling edge-triggered flip-flop clocked by clk')
Path Group: clk
Path Type: max

  Delay    Time   Description
---------------------------------------------------------
   0.00    0.00   clock clk' (fall edge)
   0.00    0.00   clock network delay (ideal)
   0.00    0.00 v _10775_/CLK (DFFLQNx3_ASAP7_75t_R)
 151.64  151.64 v _10775_/QN (DFFLQNx3_ASAP7_75t_R)
  70.60  222.24 ^ _05584_/Y (NAND2x2_ASAP7_75t_R)
  51.20  273.44 v _05585_/Y (NOR2x2_ASAP7_75t_R)
  31.32  304.76 ^ _05586_/Y (INVx4_ASAP7_75t_R)
  22.28  327.04 v _05761_/Y (NOR2x2_ASAP7_75t_R)
  50.28  377.32 ^ _05881_/Y (AOI211x1_ASAP7_75t_R)
  25.27  402.58 v _05882_/Y (NAND2x1_ASAP7_75t_R)
  20.00  422.58 ^ _05883_/Y (NOR2x1_ASAP7_75t_R)
  20.99  443.57 v _05902_/Y (NAND2x1_ASAP7_75t_R)
  17.61  461.19 ^ _05937_/Y (NOR2x2_ASAP7_75t_R)
  31.40  492.58 v _05938_/Y (AOI21x1_ASAP7_75t_R)
  34.61  527.19 ^ _05999_/Y (AOI21x1_ASAP7_75t_R)
  31.36  558.55 v _06004_/Y (AOI21x1_ASAP7_75t_R)
  38.46  597.01 v rebuffer413/Y (BUFx3_ASAP7_75t_R)
  54.00  651.01 ^ _06037_/Y (OAI21x1_ASAP7_75t_R)
  49.87  700.88 ^ load_slew73/Y (BUFx16f_ASAP7_75t_R)
  25.25  726.13 ^ rebuffer944/Y (BUFx6f_ASAP7_75t_R)
  30.07  756.20 ^ clone472/Y (BUFx10_ASAP7_75t_R)
  11.61  767.81 v _06184_/Y (NAND2x1_ASAP7_75t_R)
  29.66  797.47 v _06185_/Y (AO21x1_ASAP7_75t_R)
  38.25  835.72 v _06191_/Y (AO21x1_ASAP7_75t_R)
  32.10  867.82 ^ _06192_/Y (NAND2x2_ASAP7_75t_R)
  33.65  901.47 v _10450_/CON (FAx1_ASAP7_75t_R)
  41.39  942.86 v rebuffer441/Y (BUFx3_ASAP7_75t_R)
  38.62  981.48 v _06358_/Y (OA21x2_ASAP7_75t_R)
  21.99 1003.47 ^ _06359_/Y (OAI21x1_ASAP7_75t_R)
  17.20 1020.67 v _06410_/Y (AOI21x1_ASAP7_75t_R)
  42.14 1062.81 v _06411_/Y (OA21x2_ASAP7_75t_R)
  38.37 1101.18 v _06428_/Y (OA21x2_ASAP7_75t_R)
  21.99 1123.17 ^ _06429_/Y (OAI21x1_ASAP7_75t_R)
  21.13 1144.30 v _06432_/Y (AOI21x1_ASAP7_75t_R)
  41.36 1185.66 v _06433_/Y (OR3x1_ASAP7_75t_R)
  54.73 1240.39 v _06434_/Y (OA211x2_ASAP7_75t_R)
  34.62 1275.01 v rebuffer456/Y (BUFx2_ASAP7_75t_R)
  64.83 1339.84 ^ _10461_/SN (FAx1_ASAP7_75t_R)
  26.36 1366.20 v _08073_/Y (INVx1_ASAP7_75t_R)
  17.39 1383.59 ^ _08086_/Y (AOI21x1_ASAP7_75t_R)
  59.13 1442.72 ^ _08088_/Y (OA22x2_ASAP7_75t_R)
  22.84 1465.56 v _08474_/Y (NOR2x1_ASAP7_75t_R)
  33.98 1499.54 v _08475_/Y (AO21x1_ASAP7_75t_R)
   0.00 1499.54 v _10908_/D (DFFLQNx2_ASAP7_75t_R)
        1499.54   data arrival time

  10.00   10.00   clock clk' (fall edge)
   0.00   10.00   clock network delay (ideal)
   0.00   10.00   clock reconvergence pessimism
          10.00 v _10908_/CLK (DFFLQNx2_ASAP7_75t_R)
 -17.30   -7.30   library setup time
          -7.30   data required time
---------------------------------------------------------
          -7.30   data required time
        -1499.54   data arrival time
---------------------------------------------------------
        -1506.84   slack (VIOLATED)


Startpoint: _10775_ (falling edge-triggered flip-flop clocked by clk')
Endpoint: _10924_ (falling edge-triggered flip-flop clocked by clk')
Path Group: clk
Path Type: max

  Delay    Time   Description
---------------------------------------------------------
   0.00    0.00   clock clk' (fall edge)
   0.00    0.00   clock network delay (ideal)
   0.00    0.00 v _10775_/CLK (DFFLQNx3_ASAP7_75t_R)
 151.64  151.64 v _10775_/QN (DFFLQNx3_ASAP7_75t_R)
  70.60  222.24 ^ _05584_/Y (NAND2x2_ASAP7_75t_R)
  51.20  273.44 v _05585_/Y (NOR2x2_ASAP7_75t_R)
  31.32  304.76 ^ _05586_/Y (INVx4_ASAP7_75t_R)
  22.28  327.04 v _05761_/Y (NOR2x2_ASAP7_75t_R)
  50.28  377.32 ^ _05881_/Y (AOI211x1_ASAP7_75t_R)
  25.27  402.58 v _05882_/Y (NAND2x1_ASAP7_75t_R)
  20.00  422.58 ^ _05883_/Y (NOR2x1_ASAP7_75t_R)
  20.99  443.57 v _05902_/Y (NAND2x1_ASAP7_75t_R)
  17.61  461.19 ^ _05937_/Y (NOR2x2_ASAP7_75t_R)
  31.40  492.58 v _05938_/Y (AOI21x1_ASAP7_75t_R)
  34.61  527.19 ^ _05999_/Y (AOI21x1_ASAP7_75t_R)
  31.36  558.55 v _06004_/Y (AOI21x1_ASAP7_75t_R)
  38.46  597.01 v rebuffer413/Y (BUFx3_ASAP7_75t_R)
  54.00  651.01 ^ _06037_/Y (OAI21x1_ASAP7_75t_R)
  49.87  700.88 ^ load_slew73/Y (BUFx16f_ASAP7_75t_R)
  25.25  726.13 ^ rebuffer944/Y (BUFx6f_ASAP7_75t_R)
  30.07  756.20 ^ clone472/Y (BUFx10_ASAP7_75t_R)
  11.61  767.81 v _06184_/Y (NAND2x1_ASAP7_75t_R)
  29.66  797.47 v _06185_/Y (AO21x1_ASAP7_75t_R)
  38.25  835.72 v _06191_/Y (AO21x1_ASAP7_75t_R)
  32.10  867.82 ^ _06192_/Y (NAND2x2_ASAP7_75t_R)
  33.65  901.47 v _10450_/CON (FAx1_ASAP7_75t_R)
  41.39  942.86 v rebuffer441/Y (BUFx3_ASAP7_75t_R)
  38.62  981.48 v _06358_/Y (OA21x2_ASAP7_75t_R)
  21.99 1003.47 ^ _06359_/Y (OAI21x1_ASAP7_75t_R)
  17.20 1020.67 v _06410_/Y (AOI21x1_ASAP7_75t_R)
  42.14 1062.81 v _06411_/Y (OA21x2_ASAP7_75t_R)
  38.37 1101.18 v _06428_/Y (OA21x2_ASAP7_75t_R)
  21.99 1123.17 ^ _06429_/Y (OAI21x1_ASAP7_75t_R)
  21.13 1144.30 v _06432_/Y (AOI21x1_ASAP7_75t_R)
  41.36 1185.66 v _06433_/Y (OR3x1_ASAP7_75t_R)
  54.73 1240.39 v _06434_/Y (OA211x2_ASAP7_75t_R)
  34.62 1275.01 v rebuffer456/Y (BUFx2_ASAP7_75t_R)
  64.83 1339.84 ^ _10461_/SN (FAx1_ASAP7_75t_R)
  26.36 1366.20 v _08073_/Y (INVx1_ASAP7_75t_R)
  17.39 1383.59 ^ _08086_/Y (AOI21x1_ASAP7_75t_R)
  59.13 1442.72 ^ _08088_/Y (OA22x2_ASAP7_75t_R)
  22.84 1465.56 v _08512_/Y (NOR2x1_ASAP7_75t_R)
  33.98 1499.54 v _08513_/Y (AO21x1_ASAP7_75t_R)
   0.00 1499.54 v _10924_/D (DFFLQNx2_ASAP7_75t_R)
        1499.54   data arrival time

  10.00   10.00   clock clk' (fall edge)
   0.00   10.00   clock network delay (ideal)
   0.00   10.00   clock reconvergence pessimism
          10.00 v _10924_/CLK (DFFLQNx2_ASAP7_75t_R)
 -17.30   -7.30   library setup time
          -7.30   data required time
---------------------------------------------------------
          -7.30   data required time
        -1499.54   data arrival time
---------------------------------------------------------
        -1506.84   slack (VIOLATED)


Startpoint: _10775_ (falling edge-triggered flip-flop clocked by clk')
Endpoint: _10805_ (falling edge-triggered flip-flop clocked by clk')
Path Group: clk
Path Type: max

  Delay    Time   Description
---------------------------------------------------------
   0.00    0.00   clock clk' (fall edge)
   0.00    0.00   clock network delay (ideal)
   0.00    0.00 v _10775_/CLK (DFFLQNx3_ASAP7_75t_R)
 151.64  151.64 v _10775_/QN (DFFLQNx3_ASAP7_75t_R)
  70.60  222.24 ^ _05584_/Y (NAND2x2_ASAP7_75t_R)
  51.20  273.44 v _05585_/Y (NOR2x2_ASAP7_75t_R)
  31.32  304.76 ^ _05586_/Y (INVx4_ASAP7_75t_R)
  22.28  327.04 v _05761_/Y (NOR2x2_ASAP7_75t_R)
  50.28  377.32 ^ _05881_/Y (AOI211x1_ASAP7_75t_R)
  25.27  402.58 v _05882_/Y (NAND2x1_ASAP7_75t_R)
  20.00  422.58 ^ _05883_/Y (NOR2x1_ASAP7_75t_R)
  20.99  443.57 v _05902_/Y (NAND2x1_ASAP7_75t_R)
  17.61  461.19 ^ _05937_/Y (NOR2x2_ASAP7_75t_R)
  31.40  492.58 v _05938_/Y (AOI21x1_ASAP7_75t_R)
  34.61  527.19 ^ _05999_/Y (AOI21x1_ASAP7_75t_R)
  31.36  558.55 v _06004_/Y (AOI21x1_ASAP7_75t_R)
  38.46  597.01 v rebuffer413/Y (BUFx3_ASAP7_75t_R)
  54.00  651.01 ^ _06037_/Y (OAI21x1_ASAP7_75t_R)
  49.87  700.88 ^ load_slew73/Y (BUFx16f_ASAP7_75t_R)
  25.25  726.13 ^ rebuffer944/Y (BUFx6f_ASAP7_75t_R)
  30.07  756.20 ^ clone472/Y (BUFx10_ASAP7_75t_R)
  11.61  767.81 v _06184_/Y (NAND2x1_ASAP7_75t_R)
  29.66  797.47 v _06185_/Y (AO21x1_ASAP7_75t_R)
  38.25  835.72 v _06191_/Y (AO21x1_ASAP7_75t_R)
  32.10  867.82 ^ _06192_/Y (NAND2x2_ASAP7_75t_R)
  33.65  901.47 v _10450_/CON (FAx1_ASAP7_75t_R)
  41.39  942.86 v rebuffer441/Y (BUFx3_ASAP7_75t_R)
  38.62  981.48 v _06358_/Y (OA21x2_ASAP7_75t_R)
  21.99 1003.47 ^ _06359_/Y (OAI21x1_ASAP7_75t_R)
  17.20 1020.67 v _06410_/Y (AOI21x1_ASAP7_75t_R)
  42.14 1062.81 v _06411_/Y (OA21x2_ASAP7_75t_R)
  38.37 1101.18 v _06428_/Y (OA21x2_ASAP7_75t_R)
  21.99 1123.17 ^ _06429_/Y (OAI21x1_ASAP7_75t_R)
  21.13 1144.30 v _06432_/Y (AOI21x1_ASAP7_75t_R)
  41.36 1185.66 v _06433_/Y (OR3x1_ASAP7_75t_R)
  54.73 1240.39 v _06434_/Y (OA211x2_ASAP7_75t_R)
  34.62 1275.01 v rebuffer456/Y (BUFx2_ASAP7_75t_R)
  41.33 1316.34 ^ _10461_/CON (FAx1_ASAP7_75t_R)
  22.54 1338.88 v _08093_/Y (XNOR2x1_ASAP7_75t_R)
  21.19 1360.07 ^ _08094_/Y (INVx1_ASAP7_75t_R)
  17.07 1377.14 v _08107_/Y (OAI21x1_ASAP7_75t_R)
  59.20 1436.34 ^ _08109_/Y (AOI21x1_ASAP7_75t_R)
  25.41 1461.75 v _08111_/Y (AOI21x1_ASAP7_75t_R)
   0.00 1461.75 v _10805_/D (DFFLQNx2_ASAP7_75t_R)
        1461.75   data arrival time

  10.00   10.00   clock clk' (fall edge)
   0.00   10.00   clock network delay (ideal)
   0.00   10.00   clock reconvergence pessimism
          10.00 v _10805_/CLK (DFFLQNx2_ASAP7_75t_R)
 -21.72  -11.72   library setup time
         -11.72   data required time
---------------------------------------------------------
         -11.72   data required time
        -1461.75   data arrival time
---------------------------------------------------------
        -1473.48   slack (VIOLATED)


Startpoint: _10775_ (falling edge-triggered flip-flop clocked by clk')
Endpoint: _10872_ (falling edge-triggered flip-flop clocked by clk')
Path Group: clk
Path Type: max

  Delay    Time   Description
---------------------------------------------------------
   0.00    0.00   clock clk' (fall edge)
   0.00    0.00   clock network delay (ideal)
   0.00    0.00 v _10775_/CLK (DFFLQNx3_ASAP7_75t_R)
 151.64  151.64 v _10775_/QN (DFFLQNx3_ASAP7_75t_R)
  70.60  222.24 ^ _05584_/Y (NAND2x2_ASAP7_75t_R)
  51.20  273.44 v _05585_/Y (NOR2x2_ASAP7_75t_R)
  31.32  304.76 ^ _05586_/Y (INVx4_ASAP7_75t_R)
  22.28  327.04 v _05761_/Y (NOR2x2_ASAP7_75t_R)
  50.28  377.32 ^ _05881_/Y (AOI211x1_ASAP7_75t_R)
  25.27  402.58 v _05882_/Y (NAND2x1_ASAP7_75t_R)
  20.00  422.58 ^ _05883_/Y (NOR2x1_ASAP7_75t_R)
  20.99  443.57 v _05902_/Y (NAND2x1_ASAP7_75t_R)
  17.61  461.19 ^ _05937_/Y (NOR2x2_ASAP7_75t_R)
  31.40  492.58 v _05938_/Y (AOI21x1_ASAP7_75t_R)
  34.61  527.19 ^ _05999_/Y (AOI21x1_ASAP7_75t_R)
  31.36  558.55 v _06004_/Y (AOI21x1_ASAP7_75t_R)
  38.46  597.01 v rebuffer413/Y (BUFx3_ASAP7_75t_R)
  54.00  651.01 ^ _06037_/Y (OAI21x1_ASAP7_75t_R)
  49.87  700.88 ^ load_slew73/Y (BUFx16f_ASAP7_75t_R)
  25.25  726.13 ^ rebuffer944/Y (BUFx6f_ASAP7_75t_R)
  30.07  756.20 ^ clone472/Y (BUFx10_ASAP7_75t_R)
  11.61  767.81 v _06184_/Y (NAND2x1_ASAP7_75t_R)
  29.66  797.47 v _06185_/Y (AO21x1_ASAP7_75t_R)
  38.25  835.72 v _06191_/Y (AO21x1_ASAP7_75t_R)
  32.10  867.82 ^ _06192_/Y (NAND2x2_ASAP7_75t_R)
  33.65  901.47 v _10450_/CON (FAx1_ASAP7_75t_R)
  41.39  942.86 v rebuffer441/Y (BUFx3_ASAP7_75t_R)
  38.62  981.48 v _06358_/Y (OA21x2_ASAP7_75t_R)
  21.99 1003.47 ^ _06359_/Y (OAI21x1_ASAP7_75t_R)
  17.20 1020.67 v _06410_/Y (AOI21x1_ASAP7_75t_R)
  42.14 1062.81 v _06411_/Y (OA21x2_ASAP7_75t_R)
  38.37 1101.18 v _06428_/Y (OA21x2_ASAP7_75t_R)
  21.99 1123.17 ^ _06429_/Y (OAI21x1_ASAP7_75t_R)
  21.13 1144.30 v _06432_/Y (AOI21x1_ASAP7_75t_R)
  41.36 1185.66 v _06433_/Y (OR3x1_ASAP7_75t_R)
  54.73 1240.39 v _06434_/Y (OA211x2_ASAP7_75t_R)
  34.62 1275.01 v rebuffer456/Y (BUFx2_ASAP7_75t_R)
  41.33 1316.34 ^ _10461_/CON (FAx1_ASAP7_75t_R)
  22.54 1338.88 v _08093_/Y (XNOR2x1_ASAP7_75t_R)
  21.19 1360.07 ^ _08094_/Y (INVx1_ASAP7_75t_R)
  17.07 1377.14 v _08107_/Y (OAI21x1_ASAP7_75t_R)
  59.20 1436.34 ^ _08109_/Y (AOI21x1_ASAP7_75t_R)
  25.41 1461.75 v _08368_/Y (AOI21x1_ASAP7_75t_R)
   0.00 1461.75 v _10872_/D (DFFLQNx2_ASAP7_75t_R)
        1461.75   data arrival time

  10.00   10.00   clock clk' (fall edge)
   0.00   10.00   clock network delay (ideal)
   0.00   10.00   clock reconvergence pessimism
          10.00 v _10872_/CLK (DFFLQNx2_ASAP7_75t_R)
 -21.72  -11.72   library setup time
         -11.72   data required time
---------------------------------------------------------
         -11.72   data required time
        -1461.75   data arrival time
---------------------------------------------------------
        -1473.48   slack (VIOLATED)


Startpoint: _10775_ (falling edge-triggered flip-flop clocked by clk')
Endpoint: _10888_ (falling edge-triggered flip-flop clocked by clk')
Path Group: clk
Path Type: max

  Delay    Time   Description
---------------------------------------------------------
   0.00    0.00   clock clk' (fall edge)
   0.00    0.00   clock network delay (ideal)
   0.00    0.00 v _10775_/CLK (DFFLQNx3_ASAP7_75t_R)
 151.64  151.64 v _10775_/QN (DFFLQNx3_ASAP7_75t_R)
  70.60  222.24 ^ _05584_/Y (NAND2x2_ASAP7_75t_R)
  51.20  273.44 v _05585_/Y (NOR2x2_ASAP7_75t_R)
  31.32  304.76 ^ _05586_/Y (INVx4_ASAP7_75t_R)
  22.28  327.04 v _05761_/Y (NOR2x2_ASAP7_75t_R)
  50.28  377.32 ^ _05881_/Y (AOI211x1_ASAP7_75t_R)
  25.27  402.58 v _05882_/Y (NAND2x1_ASAP7_75t_R)
  20.00  422.58 ^ _05883_/Y (NOR2x1_ASAP7_75t_R)
  20.99  443.57 v _05902_/Y (NAND2x1_ASAP7_75t_R)
  17.61  461.19 ^ _05937_/Y (NOR2x2_ASAP7_75t_R)
  31.40  492.58 v _05938_/Y (AOI21x1_ASAP7_75t_R)
  34.61  527.19 ^ _05999_/Y (AOI21x1_ASAP7_75t_R)
  31.36  558.55 v _06004_/Y (AOI21x1_ASAP7_75t_R)
  38.46  597.01 v rebuffer413/Y (BUFx3_ASAP7_75t_R)
  54.00  651.01 ^ _06037_/Y (OAI21x1_ASAP7_75t_R)
  49.87  700.88 ^ load_slew73/Y (BUFx16f_ASAP7_75t_R)
  25.25  726.13 ^ rebuffer944/Y (BUFx6f_ASAP7_75t_R)
  30.07  756.20 ^ clone472/Y (BUFx10_ASAP7_75t_R)
  11.61  767.81 v _06184_/Y (NAND2x1_ASAP7_75t_R)
  29.66  797.47 v _06185_/Y (AO21x1_ASAP7_75t_R)
  38.25  835.72 v _06191_/Y (AO21x1_ASAP7_75t_R)
  32.10  867.82 ^ _06192_/Y (NAND2x2_ASAP7_75t_R)
  33.65  901.47 v _10450_/CON (FAx1_ASAP7_75t_R)
  41.39  942.86 v rebuffer441/Y (BUFx3_ASAP7_75t_R)
  38.62  981.48 v _06358_/Y (OA21x2_ASAP7_75t_R)
  21.99 1003.47 ^ _06359_/Y (OAI21x1_ASAP7_75t_R)
  17.20 1020.67 v _06410_/Y (AOI21x1_ASAP7_75t_R)
  42.14 1062.81 v _06411_/Y (OA21x2_ASAP7_75t_R)
  38.37 1101.18 v _06428_/Y (OA21x2_ASAP7_75t_R)
  21.99 1123.17 ^ _06429_/Y (OAI21x1_ASAP7_75t_R)
  21.13 1144.30 v _06432_/Y (AOI21x1_ASAP7_75t_R)
  41.36 1185.66 v _06433_/Y (OR3x1_ASAP7_75t_R)
  54.73 1240.39 v _06434_/Y (OA211x2_ASAP7_75t_R)
  34.62 1275.01 v rebuffer456/Y (BUFx2_ASAP7_75t_R)
  41.33 1316.34 ^ _10461_/CON (FAx1_ASAP7_75t_R)
  22.54 1338.88 v _08093_/Y (XNOR2x1_ASAP7_75t_R)
  21.19 1360.07 ^ _08094_/Y (INVx1_ASAP7_75t_R)
  17.07 1377.14 v _08107_/Y (OAI21x1_ASAP7_75t_R)
  59.20 1436.34 ^ _08109_/Y (AOI21x1_ASAP7_75t_R)
  25.41 1461.75 v _08405_/Y (AOI21x1_ASAP7_75t_R)
   0.00 1461.75 v _10888_/D (DFFLQNx2_ASAP7_75t_R)
        1461.75   data arrival time

  10.00   10.00   clock clk' (fall edge)
   0.00   10.00   clock network delay (ideal)
   0.00   10.00   clock reconvergence pessimism
          10.00 v _10888_/CLK (DFFLQNx2_ASAP7_75t_R)
 -21.72  -11.72   library setup time
         -11.72   data required time
---------------------------------------------------------
         -11.72   data required time
        -1461.75   data arrival time
---------------------------------------------------------
        -1473.48   slack (VIOLATED)


Startpoint: _10775_ (falling edge-triggered flip-flop clocked by clk')
Endpoint: _10901_ (falling edge-triggered flip-flop clocked by clk')
Path Group: clk
Path Type: max

  Delay    Time   Description
---------------------------------------------------------
   0.00    0.00   clock clk' (fall edge)
   0.00    0.00   clock network delay (ideal)
   0.00    0.00 v _10775_/CLK (DFFLQNx3_ASAP7_75t_R)
 151.64  151.64 v _10775_/QN (DFFLQNx3_ASAP7_75t_R)
  70.60  222.24 ^ _05584_/Y (NAND2x2_ASAP7_75t_R)
  51.20  273.44 v _05585_/Y (NOR2x2_ASAP7_75t_R)
  31.32  304.76 ^ _05586_/Y (INVx4_ASAP7_75t_R)
  22.28  327.04 v _05761_/Y (NOR2x2_ASAP7_75t_R)
  50.28  377.32 ^ _05881_/Y (AOI211x1_ASAP7_75t_R)
  25.27  402.58 v _05882_/Y (NAND2x1_ASAP7_75t_R)
  20.00  422.58 ^ _05883_/Y (NOR2x1_ASAP7_75t_R)
  20.99  443.57 v _05902_/Y (NAND2x1_ASAP7_75t_R)
  17.61  461.19 ^ _05937_/Y (NOR2x2_ASAP7_75t_R)
  31.40  492.58 v _05938_/Y (AOI21x1_ASAP7_75t_R)
  34.61  527.19 ^ _05999_/Y (AOI21x1_ASAP7_75t_R)
  31.36  558.55 v _06004_/Y (AOI21x1_ASAP7_75t_R)
  38.46  597.01 v rebuffer413/Y (BUFx3_ASAP7_75t_R)
  54.00  651.01 ^ _06037_/Y (OAI21x1_ASAP7_75t_R)
  49.87  700.88 ^ load_slew73/Y (BUFx16f_ASAP7_75t_R)
  25.25  726.13 ^ rebuffer944/Y (BUFx6f_ASAP7_75t_R)
  30.07  756.20 ^ clone472/Y (BUFx10_ASAP7_75t_R)
  11.61  767.81 v _06184_/Y (NAND2x1_ASAP7_75t_R)
  29.66  797.47 v _06185_/Y (AO21x1_ASAP7_75t_R)
  38.25  835.72 v _06191_/Y (AO21x1_ASAP7_75t_R)
  32.10  867.82 ^ _06192_/Y (NAND2x2_ASAP7_75t_R)
  33.65  901.47 v _10450_/CON (FAx1_ASAP7_75t_R)
  41.39  942.86 v rebuffer441/Y (BUFx3_ASAP7_75t_R)
  38.62  981.48 v _06358_/Y (OA21x2_ASAP7_75t_R)
  21.99 1003.47 ^ _06359_/Y (OAI21x1_ASAP7_75t_R)
  17.20 1020.67 v _06410_/Y (AOI21x1_ASAP7_75t_R)
  42.14 1062.81 v _06411_/Y (OA21x2_ASAP7_75t_R)
  38.37 1101.18 v _06428_/Y (OA21x2_ASAP7_75t_R)
  21.99 1123.17 ^ _06429_/Y (OAI21x1_ASAP7_75t_R)
  21.13 1144.30 v _06432_/Y (AOI21x1_ASAP7_75t_R)
  41.36 1185.66 v _06433_/Y (OR3x1_ASAP7_75t_R)
  54.73 1240.39 v _06434_/Y (OA211x2_ASAP7_75t_R)
  34.62 1275.01 v rebuffer456/Y (BUFx2_ASAP7_75t_R)
  41.33 1316.34 ^ _10461_/CON (FAx1_ASAP7_75t_R)
  22.54 1338.88 v _08093_/Y (XNOR2x1_ASAP7_75t_R)
  21.19 1360.07 ^ _08094_/Y (INVx1_ASAP7_75t_R)
  17.07 1377.14 v _08107_/Y (OAI21x1_ASAP7_75t_R)
  59.20 1436.34 ^ _08109_/Y (AOI21x1_ASAP7_75t_R)
  25.41 1461.75 v _08458_/Y (AOI21x1_ASAP7_75t_R)
   0.00 1461.75 v _10901_/D (DFFLQNx2_ASAP7_75t_R)
        1461.75   data arrival time

  10.00   10.00   clock clk' (fall edge)
   0.00   10.00   clock network delay (ideal)
   0.00   10.00   clock reconvergence pessimism
          10.00 v _10901_/CLK (DFFLQNx2_ASAP7_75t_R)
 -21.72  -11.72   library setup time
         -11.72   data required time
---------------------------------------------------------
         -11.72   data required time
        -1461.75   data arrival time
---------------------------------------------------------
        -1473.48   slack (VIOLATED)


Startpoint: _10775_ (falling edge-triggered flip-flop clocked by clk')
Endpoint: _10909_ (falling edge-triggered flip-flop clocked by clk')
Path Group: clk
Path Type: max

  Delay    Time   Description
---------------------------------------------------------
   0.00    0.00   clock clk' (fall edge)
   0.00    0.00   clock network delay (ideal)
   0.00    0.00 v _10775_/CLK (DFFLQNx3_ASAP7_75t_R)
 151.64  151.64 v _10775_/QN (DFFLQNx3_ASAP7_75t_R)
  70.60  222.24 ^ _05584_/Y (NAND2x2_ASAP7_75t_R)
  51.20  273.44 v _05585_/Y (NOR2x2_ASAP7_75t_R)
  31.32  304.76 ^ _05586_/Y (INVx4_ASAP7_75t_R)
  22.28  327.04 v _05761_/Y (NOR2x2_ASAP7_75t_R)
  50.28  377.32 ^ _05881_/Y (AOI211x1_ASAP7_75t_R)
  25.27  402.58 v _05882_/Y (NAND2x1_ASAP7_75t_R)
  20.00  422.58 ^ _05883_/Y (NOR2x1_ASAP7_75t_R)
  20.99  443.57 v _05902_/Y (NAND2x1_ASAP7_75t_R)
  17.61  461.19 ^ _05937_/Y (NOR2x2_ASAP7_75t_R)
  31.40  492.58 v _05938_/Y (AOI21x1_ASAP7_75t_R)
  34.61  527.19 ^ _05999_/Y (AOI21x1_ASAP7_75t_R)
  31.36  558.55 v _06004_/Y (AOI21x1_ASAP7_75t_R)
  38.46  597.01 v rebuffer413/Y (BUFx3_ASAP7_75t_R)
  54.00  651.01 ^ _06037_/Y (OAI21x1_ASAP7_75t_R)
  49.87  700.88 ^ load_slew73/Y (BUFx16f_ASAP7_75t_R)
  25.25  726.13 ^ rebuffer944/Y (BUFx6f_ASAP7_75t_R)
  30.07  756.20 ^ clone472/Y (BUFx10_ASAP7_75t_R)
  11.61  767.81 v _06184_/Y (NAND2x1_ASAP7_75t_R)
  29.66  797.47 v _06185_/Y (AO21x1_ASAP7_75t_R)
  38.25  835.72 v _06191_/Y (AO21x1_ASAP7_75t_R)
  32.10  867.82 ^ _06192_/Y (NAND2x2_ASAP7_75t_R)
  33.65  901.47 v _10450_/CON (FAx1_ASAP7_75t_R)
  41.39  942.86 v rebuffer441/Y (BUFx3_ASAP7_75t_R)
  38.62  981.48 v _06358_/Y (OA21x2_ASAP7_75t_R)
  21.99 1003.47 ^ _06359_/Y (OAI21x1_ASAP7_75t_R)
  17.20 1020.67 v _06410_/Y (AOI21x1_ASAP7_75t_R)
  42.14 1062.81 v _06411_/Y (OA21x2_ASAP7_75t_R)
  38.37 1101.18 v _06428_/Y (OA21x2_ASAP7_75t_R)
  21.99 1123.17 ^ _06429_/Y (OAI21x1_ASAP7_75t_R)
  21.13 1144.30 v _06432_/Y (AOI21x1_ASAP7_75t_R)
  41.36 1185.66 v _06433_/Y (OR3x1_ASAP7_75t_R)
  54.73 1240.39 v _06434_/Y (OA211x2_ASAP7_75t_R)
  34.62 1275.01 v rebuffer456/Y (BUFx2_ASAP7_75t_R)
  41.33 1316.34 ^ _10461_/CON (FAx1_ASAP7_75t_R)
  22.54 1338.88 v _08093_/Y (XNOR2x1_ASAP7_75t_R)
  21.19 1360.07 ^ _08094_/Y (INVx1_ASAP7_75t_R)
  17.07 1377.14 v _08107_/Y (OAI21x1_ASAP7_75t_R)
  59.20 1436.34 ^ _08109_/Y (AOI21x1_ASAP7_75t_R)
  25.41 1461.75 v _08477_/Y (AOI21x1_ASAP7_75t_R)
   0.00 1461.75 v _10909_/D (DFFLQNx2_ASAP7_75t_R)
        1461.75   data arrival time

  10.00   10.00   clock clk' (fall edge)
   0.00   10.00   clock network delay (ideal)
   0.00   10.00   clock reconvergence pessimism
          10.00 v _10909_/CLK (DFFLQNx2_ASAP7_75t_R)
 -21.72  -11.72   library setup time
         -11.72   data required time
---------------------------------------------------------
         -11.72   data required time
        -1461.75   data arrival time
---------------------------------------------------------
        -1473.48   slack (VIOLATED)


Startpoint: _10775_ (falling edge-triggered flip-flop clocked by clk')
Endpoint: _10917_ (falling edge-triggered flip-flop clocked by clk')
Path Group: clk
Path Type: max

  Delay    Time   Description
---------------------------------------------------------
   0.00    0.00   clock clk' (fall edge)
   0.00    0.00   clock network delay (ideal)
   0.00    0.00 v _10775_/CLK (DFFLQNx3_ASAP7_75t_R)
 151.64  151.64 v _10775_/QN (DFFLQNx3_ASAP7_75t_R)
  70.60  222.24 ^ _05584_/Y (NAND2x2_ASAP7_75t_R)
  51.20  273.44 v _05585_/Y (NOR2x2_ASAP7_75t_R)
  31.32  304.76 ^ _05586_/Y (INVx4_ASAP7_75t_R)
  22.28  327.04 v _05761_/Y (NOR2x2_ASAP7_75t_R)
  50.28  377.32 ^ _05881_/Y (AOI211x1_ASAP7_75t_R)
  25.27  402.58 v _05882_/Y (NAND2x1_ASAP7_75t_R)
  20.00  422.58 ^ _05883_/Y (NOR2x1_ASAP7_75t_R)
  20.99  443.57 v _05902_/Y (NAND2x1_ASAP7_75t_R)
  17.61  461.19 ^ _05937_/Y (NOR2x2_ASAP7_75t_R)
  31.40  492.58 v _05938_/Y (AOI21x1_ASAP7_75t_R)
  34.61  527.19 ^ _05999_/Y (AOI21x1_ASAP7_75t_R)
  31.36  558.55 v _06004_/Y (AOI21x1_ASAP7_75t_R)
  38.46  597.01 v rebuffer413/Y (BUFx3_ASAP7_75t_R)
  54.00  651.01 ^ _06037_/Y (OAI21x1_ASAP7_75t_R)
  49.87  700.88 ^ load_slew73/Y (BUFx16f_ASAP7_75t_R)
  25.25  726.13 ^ rebuffer944/Y (BUFx6f_ASAP7_75t_R)
  30.07  756.20 ^ clone472/Y (BUFx10_ASAP7_75t_R)
  11.61  767.81 v _06184_/Y (NAND2x1_ASAP7_75t_R)
  29.66  797.47 v _06185_/Y (AO21x1_ASAP7_75t_R)
  38.25  835.72 v _06191_/Y (AO21x1_ASAP7_75t_R)
  32.10  867.82 ^ _06192_/Y (NAND2x2_ASAP7_75t_R)
  33.65  901.47 v _10450_/CON (FAx1_ASAP7_75t_R)
  41.39  942.86 v rebuffer441/Y (BUFx3_ASAP7_75t_R)
  38.62  981.48 v _06358_/Y (OA21x2_ASAP7_75t_R)
  21.99 1003.47 ^ _06359_/Y (OAI21x1_ASAP7_75t_R)
  17.20 1020.67 v _06410_/Y (AOI21x1_ASAP7_75t_R)
  42.14 1062.81 v _06411_/Y (OA21x2_ASAP7_75t_R)
  38.37 1101.18 v _06428_/Y (OA21x2_ASAP7_75t_R)
  21.99 1123.17 ^ _06429_/Y (OAI21x1_ASAP7_75t_R)
  21.13 1144.30 v _06432_/Y (AOI21x1_ASAP7_75t_R)
  41.36 1185.66 v _06433_/Y (OR3x1_ASAP7_75t_R)
  54.73 1240.39 v _06434_/Y (OA211x2_ASAP7_75t_R)
  34.62 1275.01 v rebuffer456/Y (BUFx2_ASAP7_75t_R)
  41.33 1316.34 ^ _10461_/CON (FAx1_ASAP7_75t_R)
  22.54 1338.88 v _08093_/Y (XNOR2x1_ASAP7_75t_R)
  21.19 1360.07 ^ _08094_/Y (INVx1_ASAP7_75t_R)
  17.07 1377.14 v _08107_/Y (OAI21x1_ASAP7_75t_R)
  59.20 1436.34 ^ _08109_/Y (AOI21x1_ASAP7_75t_R)
  25.41 1461.75 v _08496_/Y (AOI21x1_ASAP7_75t_R)
   0.00 1461.75 v _10917_/D (DFFLQNx2_ASAP7_75t_R)
        1461.75   data arrival time

  10.00   10.00   clock clk' (fall edge)
   0.00   10.00   clock network delay (ideal)
   0.00   10.00   clock reconvergence pessimism
          10.00 v _10917_/CLK (DFFLQNx2_ASAP7_75t_R)
 -21.72  -11.72   library setup time
         -11.72   data required time
---------------------------------------------------------
         -11.72   data required time
        -1461.75   data arrival time
---------------------------------------------------------
        -1473.48   slack (VIOLATED)


Startpoint: _10775_ (falling edge-triggered flip-flop clocked by clk')
Endpoint: _10925_ (falling edge-triggered flip-flop clocked by clk')
Path Group: clk
Path Type: max

  Delay    Time   Description
---------------------------------------------------------
   0.00    0.00   clock clk' (fall edge)
   0.00    0.00   clock network delay (ideal)
   0.00    0.00 v _10775_/CLK (DFFLQNx3_ASAP7_75t_R)
 151.64  151.64 v _10775_/QN (DFFLQNx3_ASAP7_75t_R)
  70.60  222.24 ^ _05584_/Y (NAND2x2_ASAP7_75t_R)
  51.20  273.44 v _05585_/Y (NOR2x2_ASAP7_75t_R)
  31.32  304.76 ^ _05586_/Y (INVx4_ASAP7_75t_R)
  22.28  327.04 v _05761_/Y (NOR2x2_ASAP7_75t_R)
  50.28  377.32 ^ _05881_/Y (AOI211x1_ASAP7_75t_R)
  25.27  402.58 v _05882_/Y (NAND2x1_ASAP7_75t_R)
  20.00  422.58 ^ _05883_/Y (NOR2x1_ASAP7_75t_R)
  20.99  443.57 v _05902_/Y (NAND2x1_ASAP7_75t_R)
  17.61  461.19 ^ _05937_/Y (NOR2x2_ASAP7_75t_R)
  31.40  492.58 v _05938_/Y (AOI21x1_ASAP7_75t_R)
  34.61  527.19 ^ _05999_/Y (AOI21x1_ASAP7_75t_R)
  31.36  558.55 v _06004_/Y (AOI21x1_ASAP7_75t_R)
  38.46  597.01 v rebuffer413/Y (BUFx3_ASAP7_75t_R)
  54.00  651.01 ^ _06037_/Y (OAI21x1_ASAP7_75t_R)
  49.87  700.88 ^ load_slew73/Y (BUFx16f_ASAP7_75t_R)
  25.25  726.13 ^ rebuffer944/Y (BUFx6f_ASAP7_75t_R)
  30.07  756.20 ^ clone472/Y (BUFx10_ASAP7_75t_R)
  11.61  767.81 v _06184_/Y (NAND2x1_ASAP7_75t_R)
  29.66  797.47 v _06185_/Y (AO21x1_ASAP7_75t_R)
  38.25  835.72 v _06191_/Y (AO21x1_ASAP7_75t_R)
  32.10  867.82 ^ _06192_/Y (NAND2x2_ASAP7_75t_R)
  33.65  901.47 v _10450_/CON (FAx1_ASAP7_75t_R)
  41.39  942.86 v rebuffer441/Y (BUFx3_ASAP7_75t_R)
  38.62  981.48 v _06358_/Y (OA21x2_ASAP7_75t_R)
  21.99 1003.47 ^ _06359_/Y (OAI21x1_ASAP7_75t_R)
  17.20 1020.67 v _06410_/Y (AOI21x1_ASAP7_75t_R)
  42.14 1062.81 v _06411_/Y (OA21x2_ASAP7_75t_R)
  38.37 1101.18 v _06428_/Y (OA21x2_ASAP7_75t_R)
  21.99 1123.17 ^ _06429_/Y (OAI21x1_ASAP7_75t_R)
  21.13 1144.30 v _06432_/Y (AOI21x1_ASAP7_75t_R)
  41.36 1185.66 v _06433_/Y (OR3x1_ASAP7_75t_R)
  54.73 1240.39 v _06434_/Y (OA211x2_ASAP7_75t_R)
  34.62 1275.01 v rebuffer456/Y (BUFx2_ASAP7_75t_R)
  41.33 1316.34 ^ _10461_/CON (FAx1_ASAP7_75t_R)
  22.54 1338.88 v _08093_/Y (XNOR2x1_ASAP7_75t_R)
  21.19 1360.07 ^ _08094_/Y (INVx1_ASAP7_75t_R)
  17.07 1377.14 v _08107_/Y (OAI21x1_ASAP7_75t_R)
  59.20 1436.34 ^ _08109_/Y (AOI21x1_ASAP7_75t_R)
  25.41 1461.75 v _08515_/Y (AOI21x1_ASAP7_75t_R)
   0.00 1461.75 v _10925_/D (DFFLQNx2_ASAP7_75t_R)
        1461.75   data arrival time

  10.00   10.00   clock clk' (fall edge)
   0.00   10.00   clock network delay (ideal)
   0.00   10.00   clock reconvergence pessimism
          10.00 v _10925_/CLK (DFFLQNx2_ASAP7_75t_R)
 -21.72  -11.72   library setup time
         -11.72   data required time
---------------------------------------------------------
         -11.72   data required time
        -1461.75   data arrival time
---------------------------------------------------------
        -1473.48   slack (VIOLATED)


Startpoint: _10775_ (falling edge-triggered flip-flop clocked by clk')
Endpoint: _10933_ (falling edge-triggered flip-flop clocked by clk')
Path Group: clk
Path Type: max

  Delay    Time   Description
---------------------------------------------------------
   0.00    0.00   clock clk' (fall edge)
   0.00    0.00   clock network delay (ideal)
   0.00    0.00 v _10775_/CLK (DFFLQNx3_ASAP7_75t_R)
 151.64  151.64 v _10775_/QN (DFFLQNx3_ASAP7_75t_R)
  70.60  222.24 ^ _05584_/Y (NAND2x2_ASAP7_75t_R)
  51.20  273.44 v _05585_/Y (NOR2x2_ASAP7_75t_R)
  31.32  304.76 ^ _05586_/Y (INVx4_ASAP7_75t_R)
  22.28  327.04 v _05761_/Y (NOR2x2_ASAP7_75t_R)
  50.28  377.32 ^ _05881_/Y (AOI211x1_ASAP7_75t_R)
  25.27  402.58 v _05882_/Y (NAND2x1_ASAP7_75t_R)
  20.00  422.58 ^ _05883_/Y (NOR2x1_ASAP7_75t_R)
  20.99  443.57 v _05902_/Y (NAND2x1_ASAP7_75t_R)
  17.61  461.19 ^ _05937_/Y (NOR2x2_ASAP7_75t_R)
  31.40  492.58 v _05938_/Y (AOI21x1_ASAP7_75t_R)
  34.61  527.19 ^ _05999_/Y (AOI21x1_ASAP7_75t_R)
  31.36  558.55 v _06004_/Y (AOI21x1_ASAP7_75t_R)
  38.46  597.01 v rebuffer413/Y (BUFx3_ASAP7_75t_R)
  54.00  651.01 ^ _06037_/Y (OAI21x1_ASAP7_75t_R)
  49.87  700.88 ^ load_slew73/Y (BUFx16f_ASAP7_75t_R)
  25.25  726.13 ^ rebuffer944/Y (BUFx6f_ASAP7_75t_R)
  30.07  756.20 ^ clone472/Y (BUFx10_ASAP7_75t_R)
  11.61  767.81 v _06184_/Y (NAND2x1_ASAP7_75t_R)
  29.66  797.47 v _06185_/Y (AO21x1_ASAP7_75t_R)
  38.25  835.72 v _06191_/Y (AO21x1_ASAP7_75t_R)
  32.10  867.82 ^ _06192_/Y (NAND2x2_ASAP7_75t_R)
  33.65  901.47 v _10450_/CON (FAx1_ASAP7_75t_R)
  41.39  942.86 v rebuffer441/Y (BUFx3_ASAP7_75t_R)
  38.62  981.48 v _06358_/Y (OA21x2_ASAP7_75t_R)
  21.99 1003.47 ^ _06359_/Y (OAI21x1_ASAP7_75t_R)
  17.20 1020.67 v _06410_/Y (AOI21x1_ASAP7_75t_R)
  42.14 1062.81 v _06411_/Y (OA21x2_ASAP7_75t_R)
  38.37 1101.18 v _06428_/Y (OA21x2_ASAP7_75t_R)
  21.99 1123.17 ^ _06429_/Y (OAI21x1_ASAP7_75t_R)
  21.13 1144.30 v _06432_/Y (AOI21x1_ASAP7_75t_R)
  41.36 1185.66 v _06433_/Y (OR3x1_ASAP7_75t_R)
  54.73 1240.39 v _06434_/Y (OA211x2_ASAP7_75t_R)
  34.62 1275.01 v rebuffer456/Y (BUFx2_ASAP7_75t_R)
  41.33 1316.34 ^ _10461_/CON (FAx1_ASAP7_75t_R)
  22.54 1338.88 v _08093_/Y (XNOR2x1_ASAP7_75t_R)
  21.19 1360.07 ^ _08094_/Y (INVx1_ASAP7_75t_R)
  17.07 1377.14 v _08107_/Y (OAI21x1_ASAP7_75t_R)
  59.20 1436.34 ^ _08109_/Y (AOI21x1_ASAP7_75t_R)
  25.41 1461.75 v _08533_/Y (AOI21x1_ASAP7_75t_R)
   0.00 1461.75 v _10933_/D (DFFLQNx2_ASAP7_75t_R)
        1461.75   data arrival time

  10.00   10.00   clock clk' (fall edge)
   0.00   10.00   clock network delay (ideal)
   0.00   10.00   clock reconvergence pessimism
          10.00 v _10933_/CLK (DFFLQNx2_ASAP7_75t_R)
 -21.72  -11.72   library setup time
         -11.72   data required time
---------------------------------------------------------
         -11.72   data required time
        -1461.75   data arrival time
---------------------------------------------------------
        -1473.48   slack (VIOLATED)


Startpoint: _10775_ (falling edge-triggered flip-flop clocked by clk')
Endpoint: _10803_ (falling edge-triggered flip-flop clocked by clk')
Path Group: clk
Path Type: max

  Delay    Time   Description
---------------------------------------------------------
   0.00    0.00   clock clk' (fall edge)
   0.00    0.00   clock network delay (ideal)
   0.00    0.00 v _10775_/CLK (DFFLQNx3_ASAP7_75t_R)
 151.64  151.64 v _10775_/QN (DFFLQNx3_ASAP7_75t_R)
  70.60  222.24 ^ _05584_/Y (NAND2x2_ASAP7_75t_R)
  51.20  273.44 v _05585_/Y (NOR2x2_ASAP7_75t_R)
  31.32  304.76 ^ _05586_/Y (INVx4_ASAP7_75t_R)
  22.28  327.04 v _05761_/Y (NOR2x2_ASAP7_75t_R)
  50.28  377.32 ^ _05881_/Y (AOI211x1_ASAP7_75t_R)
  25.27  402.58 v _05882_/Y (NAND2x1_ASAP7_75t_R)
  20.00  422.58 ^ _05883_/Y (NOR2x1_ASAP7_75t_R)
  20.99  443.57 v _05902_/Y (NAND2x1_ASAP7_75t_R)
  17.61  461.19 ^ _05937_/Y (NOR2x2_ASAP7_75t_R)
  31.40  492.58 v _05938_/Y (AOI21x1_ASAP7_75t_R)
  34.61  527.19 ^ _05999_/Y (AOI21x1_ASAP7_75t_R)
  31.36  558.55 v _06004_/Y (AOI21x1_ASAP7_75t_R)
  38.46  597.01 v rebuffer413/Y (BUFx3_ASAP7_75t_R)
  54.00  651.01 ^ _06037_/Y (OAI21x1_ASAP7_75t_R)
  49.87  700.88 ^ load_slew73/Y (BUFx16f_ASAP7_75t_R)
  25.25  726.13 ^ rebuffer944/Y (BUFx6f_ASAP7_75t_R)
  30.07  756.20 ^ clone472/Y (BUFx10_ASAP7_75t_R)
  11.61  767.81 v _06184_/Y (NAND2x1_ASAP7_75t_R)
  29.66  797.47 v _06185_/Y (AO21x1_ASAP7_75t_R)
  38.25  835.72 v _06191_/Y (AO21x1_ASAP7_75t_R)
  32.10  867.82 ^ _06192_/Y (NAND2x2_ASAP7_75t_R)
  33.65  901.47 v _10450_/CON (FAx1_ASAP7_75t_R)
  41.39  942.86 v rebuffer441/Y (BUFx3_ASAP7_75t_R)
  38.62  981.48 v _06358_/Y (OA21x2_ASAP7_75t_R)
  21.99 1003.47 ^ _06359_/Y (OAI21x1_ASAP7_75t_R)
  17.20 1020.67 v _06410_/Y (AOI21x1_ASAP7_75t_R)
  42.14 1062.81 v _06411_/Y (OA21x2_ASAP7_75t_R)
  38.37 1101.18 v _06428_/Y (OA21x2_ASAP7_75t_R)
  21.99 1123.17 ^ _06429_/Y (OAI21x1_ASAP7_75t_R)
  21.13 1144.30 v _06432_/Y (AOI21x1_ASAP7_75t_R)
  34.86 1179.16 v rebuffer443/Y (BUFx2_ASAP7_75t_R)
  41.34 1220.49 ^ _10460_/CON (FAx1_ASAP7_75t_R)
  30.70 1251.20 v _08048_/Y (XNOR2x1_ASAP7_75t_R)
  23.66 1274.86 ^ _08049_/Y (NAND2x1_ASAP7_75t_R)
  37.61 1312.47 ^ _08068_/Y (AO221x1_ASAP7_75t_R)
  57.27 1369.73 ^ _08069_/Y (OA21x2_ASAP7_75t_R)
  26.92 1396.66 v _08071_/Y (NOR2x1_ASAP7_75t_R)
  34.75 1431.40 v _08072_/Y (AO21x1_ASAP7_75t_R)
   0.00 1431.40 v _10803_/D (DFFLQNx2_ASAP7_75t_R)
        1431.40   data arrival time

  10.00   10.00   clock clk' (fall edge)
   0.00   10.00   clock network delay (ideal)
   0.00   10.00   clock reconvergence pessimism
          10.00 v _10803_/CLK (DFFLQNx2_ASAP7_75t_R)
 -17.33   -7.33   library setup time
          -7.33   data required time
---------------------------------------------------------
          -7.33   data required time
        -1431.40   data arrival time
---------------------------------------------------------
        -1438.73   slack (VIOLATED)


Startpoint: _10775_ (falling edge-triggered flip-flop clocked by clk')
Endpoint: _10899_ (falling edge-triggered flip-flop clocked by clk')
Path Group: clk
Path Type: max

  Delay    Time   Description
---------------------------------------------------------
   0.00    0.00   clock clk' (fall edge)
   0.00    0.00   clock network delay (ideal)
   0.00    0.00 v _10775_/CLK (DFFLQNx3_ASAP7_75t_R)
 151.64  151.64 v _10775_/QN (DFFLQNx3_ASAP7_75t_R)
  70.60  222.24 ^ _05584_/Y (NAND2x2_ASAP7_75t_R)
  51.20  273.44 v _05585_/Y (NOR2x2_ASAP7_75t_R)
  31.32  304.76 ^ _05586_/Y (INVx4_ASAP7_75t_R)
  22.28  327.04 v _05761_/Y (NOR2x2_ASAP7_75t_R)
  50.28  377.32 ^ _05881_/Y (AOI211x1_ASAP7_75t_R)
  25.27  402.58 v _05882_/Y (NAND2x1_ASAP7_75t_R)
  20.00  422.58 ^ _05883_/Y (NOR2x1_ASAP7_75t_R)
  20.99  443.57 v _05902_/Y (NAND2x1_ASAP7_75t_R)
  17.61  461.19 ^ _05937_/Y (NOR2x2_ASAP7_75t_R)
  31.40  492.58 v _05938_/Y (AOI21x1_ASAP7_75t_R)
  34.61  527.19 ^ _05999_/Y (AOI21x1_ASAP7_75t_R)
  31.36  558.55 v _06004_/Y (AOI21x1_ASAP7_75t_R)
  38.46  597.01 v rebuffer413/Y (BUFx3_ASAP7_75t_R)
  54.00  651.01 ^ _06037_/Y (OAI21x1_ASAP7_75t_R)
  49.87  700.88 ^ load_slew73/Y (BUFx16f_ASAP7_75t_R)
  25.25  726.13 ^ rebuffer944/Y (BUFx6f_ASAP7_75t_R)
  30.07  756.20 ^ clone472/Y (BUFx10_ASAP7_75t_R)
  11.61  767.81 v _06184_/Y (NAND2x1_ASAP7_75t_R)
  29.66  797.47 v _06185_/Y (AO21x1_ASAP7_75t_R)
  38.25  835.72 v _06191_/Y (AO21x1_ASAP7_75t_R)
  32.10  867.82 ^ _06192_/Y (NAND2x2_ASAP7_75t_R)
  33.65  901.47 v _10450_/CON (FAx1_ASAP7_75t_R)
  41.39  942.86 v rebuffer441/Y (BUFx3_ASAP7_75t_R)
  38.62  981.48 v _06358_/Y (OA21x2_ASAP7_75t_R)
  21.99 1003.47 ^ _06359_/Y (OAI21x1_ASAP7_75t_R)
  17.20 1020.67 v _06410_/Y (AOI21x1_ASAP7_75t_R)
  42.14 1062.81 v _06411_/Y (OA21x2_ASAP7_75t_R)
  38.37 1101.18 v _06428_/Y (OA21x2_ASAP7_75t_R)
  21.99 1123.17 ^ _06429_/Y (OAI21x1_ASAP7_75t_R)
  21.13 1144.30 v _06432_/Y (AOI21x1_ASAP7_75t_R)
  34.86 1179.16 v rebuffer443/Y (BUFx2_ASAP7_75t_R)
  41.34 1220.49 ^ _10460_/CON (FAx1_ASAP7_75t_R)
  30.70 1251.20 v _08048_/Y (XNOR2x1_ASAP7_75t_R)
  23.66 1274.86 ^ _08049_/Y (NAND2x1_ASAP7_75t_R)
  37.61 1312.47 ^ _08068_/Y (AO221x1_ASAP7_75t_R)
  57.27 1369.73 ^ _08069_/Y (OA21x2_ASAP7_75t_R)
  26.92 1396.66 v _08453_/Y (NOR2x1_ASAP7_75t_R)
  34.75 1431.40 v _08454_/Y (AO21x1_ASAP7_75t_R)
   0.00 1431.40 v _10899_/D (DFFLQNx2_ASAP7_75t_R)
        1431.40   data arrival time

  10.00   10.00   clock clk' (fall edge)
   0.00   10.00   clock network delay (ideal)
   0.00   10.00   clock reconvergence pessimism
          10.00 v _10899_/CLK (DFFLQNx2_ASAP7_75t_R)
 -17.32   -7.32   library setup time
          -7.32   data required time
---------------------------------------------------------
          -7.32   data required time
        -1431.40   data arrival time
---------------------------------------------------------
        -1438.72   slack (VIOLATED)


Startpoint: _10775_ (falling edge-triggered flip-flop clocked by clk')
Endpoint: _10907_ (falling edge-triggered flip-flop clocked by clk')
Path Group: clk
Path Type: max

  Delay    Time   Description
---------------------------------------------------------
   0.00    0.00   clock clk' (fall edge)
   0.00    0.00   clock network delay (ideal)
   0.00    0.00 v _10775_/CLK (DFFLQNx3_ASAP7_75t_R)
 151.64  151.64 v _10775_/QN (DFFLQNx3_ASAP7_75t_R)
  70.60  222.24 ^ _05584_/Y (NAND2x2_ASAP7_75t_R)
  51.20  273.44 v _05585_/Y (NOR2x2_ASAP7_75t_R)
  31.32  304.76 ^ _05586_/Y (INVx4_ASAP7_75t_R)
  22.28  327.04 v _05761_/Y (NOR2x2_ASAP7_75t_R)
  50.28  377.32 ^ _05881_/Y (AOI211x1_ASAP7_75t_R)
  25.27  402.58 v _05882_/Y (NAND2x1_ASAP7_75t_R)
  20.00  422.58 ^ _05883_/Y (NOR2x1_ASAP7_75t_R)
  20.99  443.57 v _05902_/Y (NAND2x1_ASAP7_75t_R)
  17.61  461.19 ^ _05937_/Y (NOR2x2_ASAP7_75t_R)
  31.40  492.58 v _05938_/Y (AOI21x1_ASAP7_75t_R)
  34.61  527.19 ^ _05999_/Y (AOI21x1_ASAP7_75t_R)
  31.36  558.55 v _06004_/Y (AOI21x1_ASAP7_75t_R)
  38.46  597.01 v rebuffer413/Y (BUFx3_ASAP7_75t_R)
  54.00  651.01 ^ _06037_/Y (OAI21x1_ASAP7_75t_R)
  49.87  700.88 ^ load_slew73/Y (BUFx16f_ASAP7_75t_R)
  25.25  726.13 ^ rebuffer944/Y (BUFx6f_ASAP7_75t_R)
  30.07  756.20 ^ clone472/Y (BUFx10_ASAP7_75t_R)
  11.61  767.81 v _06184_/Y (NAND2x1_ASAP7_75t_R)
  29.66  797.47 v _06185_/Y (AO21x1_ASAP7_75t_R)
  38.25  835.72 v _06191_/Y (AO21x1_ASAP7_75t_R)
  32.10  867.82 ^ _06192_/Y (NAND2x2_ASAP7_75t_R)
  33.65  901.47 v _10450_/CON (FAx1_ASAP7_75t_R)
  41.39  942.86 v rebuffer441/Y (BUFx3_ASAP7_75t_R)
  38.62  981.48 v _06358_/Y (OA21x2_ASAP7_75t_R)
  21.99 1003.47 ^ _06359_/Y (OAI21x1_ASAP7_75t_R)
  17.20 1020.67 v _06410_/Y (AOI21x1_ASAP7_75t_R)
  42.14 1062.81 v _06411_/Y (OA21x2_ASAP7_75t_R)
  38.37 1101.18 v _06428_/Y (OA21x2_ASAP7_75t_R)
  21.99 1123.17 ^ _06429_/Y (OAI21x1_ASAP7_75t_R)
  21.13 1144.30 v _06432_/Y (AOI21x1_ASAP7_75t_R)
  34.86 1179.16 v rebuffer443/Y (BUFx2_ASAP7_75t_R)
  41.34 1220.49 ^ _10460_/CON (FAx1_ASAP7_75t_R)
  30.70 1251.20 v _08048_/Y (XNOR2x1_ASAP7_75t_R)
  23.66 1274.86 ^ _08049_/Y (NAND2x1_ASAP7_75t_R)
  37.61 1312.47 ^ _08068_/Y (AO221x1_ASAP7_75t_R)
  57.27 1369.73 ^ _08069_/Y (OA21x2_ASAP7_75t_R)
  26.92 1396.66 v _08472_/Y (NOR2x1_ASAP7_75t_R)
  34.75 1431.40 v _08473_/Y (AO21x1_ASAP7_75t_R)
   0.00 1431.40 v _10907_/D (DFFLQNx2_ASAP7_75t_R)
        1431.40   data arrival time

  10.00   10.00   clock clk' (fall edge)
   0.00   10.00   clock network delay (ideal)
   0.00   10.00   clock reconvergence pessimism
          10.00 v _10907_/CLK (DFFLQNx2_ASAP7_75t_R)
 -17.32   -7.32   library setup time
          -7.32   data required time
---------------------------------------------------------
          -7.32   data required time
        -1431.40   data arrival time
---------------------------------------------------------
        -1438.72   slack (VIOLATED)


Startpoint: _10775_ (falling edge-triggered flip-flop clocked by clk')
Endpoint: _10915_ (falling edge-triggered flip-flop clocked by clk')
Path Group: clk
Path Type: max

  Delay    Time   Description
---------------------------------------------------------
   0.00    0.00   clock clk' (fall edge)
   0.00    0.00   clock network delay (ideal)
   0.00    0.00 v _10775_/CLK (DFFLQNx3_ASAP7_75t_R)
 151.64  151.64 v _10775_/QN (DFFLQNx3_ASAP7_75t_R)
  70.60  222.24 ^ _05584_/Y (NAND2x2_ASAP7_75t_R)
  51.20  273.44 v _05585_/Y (NOR2x2_ASAP7_75t_R)
  31.32  304.76 ^ _05586_/Y (INVx4_ASAP7_75t_R)
  22.28  327.04 v _05761_/Y (NOR2x2_ASAP7_75t_R)
  50.28  377.32 ^ _05881_/Y (AOI211x1_ASAP7_75t_R)
  25.27  402.58 v _05882_/Y (NAND2x1_ASAP7_75t_R)
  20.00  422.58 ^ _05883_/Y (NOR2x1_ASAP7_75t_R)
  20.99  443.57 v _05902_/Y (NAND2x1_ASAP7_75t_R)
  17.61  461.19 ^ _05937_/Y (NOR2x2_ASAP7_75t_R)
  31.40  492.58 v _05938_/Y (AOI21x1_ASAP7_75t_R)
  34.61  527.19 ^ _05999_/Y (AOI21x1_ASAP7_75t_R)
  31.36  558.55 v _06004_/Y (AOI21x1_ASAP7_75t_R)
  38.46  597.01 v rebuffer413/Y (BUFx3_ASAP7_75t_R)
  54.00  651.01 ^ _06037_/Y (OAI21x1_ASAP7_75t_R)
  49.87  700.88 ^ load_slew73/Y (BUFx16f_ASAP7_75t_R)
  25.25  726.13 ^ rebuffer944/Y (BUFx6f_ASAP7_75t_R)
  30.07  756.20 ^ clone472/Y (BUFx10_ASAP7_75t_R)
  11.61  767.81 v _06184_/Y (NAND2x1_ASAP7_75t_R)
  29.66  797.47 v _06185_/Y (AO21x1_ASAP7_75t_R)
  38.25  835.72 v _06191_/Y (AO21x1_ASAP7_75t_R)
  32.10  867.82 ^ _06192_/Y (NAND2x2_ASAP7_75t_R)
  33.65  901.47 v _10450_/CON (FAx1_ASAP7_75t_R)
  41.39  942.86 v rebuffer441/Y (BUFx3_ASAP7_75t_R)
  38.62  981.48 v _06358_/Y (OA21x2_ASAP7_75t_R)
  21.99 1003.47 ^ _06359_/Y (OAI21x1_ASAP7_75t_R)
  17.20 1020.67 v _06410_/Y (AOI21x1_ASAP7_75t_R)
  42.14 1062.81 v _06411_/Y (OA21x2_ASAP7_75t_R)
  38.37 1101.18 v _06428_/Y (OA21x2_ASAP7_75t_R)
  21.99 1123.17 ^ _06429_/Y (OAI21x1_ASAP7_75t_R)
  21.13 1144.30 v _06432_/Y (AOI21x1_ASAP7_75t_R)
  34.86 1179.16 v rebuffer443/Y (BUFx2_ASAP7_75t_R)
  41.34 1220.49 ^ _10460_/CON (FAx1_ASAP7_75t_R)
  30.70 1251.20 v _08048_/Y (XNOR2x1_ASAP7_75t_R)
  23.66 1274.86 ^ _08049_/Y (NAND2x1_ASAP7_75t_R)
  37.61 1312.47 ^ _08068_/Y (AO221x1_ASAP7_75t_R)
  57.27 1369.73 ^ _08069_/Y (OA21x2_ASAP7_75t_R)
  22.79 1392.52 v _08491_/Y (NOR2x1_ASAP7_75t_R)
  33.97 1426.49 v _08492_/Y (AO21x1_ASAP7_75t_R)
   0.00 1426.49 v _10915_/D (DFFLQNx2_ASAP7_75t_R)
        1426.49   data arrival time

  10.00   10.00   clock clk' (fall edge)
   0.00   10.00   clock network delay (ideal)
   0.00   10.00   clock reconvergence pessimism
          10.00 v _10915_/CLK (DFFLQNx2_ASAP7_75t_R)
 -17.33   -7.33   library setup time
          -7.33   data required time
---------------------------------------------------------
          -7.33   data required time
        -1426.49   data arrival time
---------------------------------------------------------
        -1433.82   slack (VIOLATED)


Startpoint: _10775_ (falling edge-triggered flip-flop clocked by clk')
Endpoint: _10931_ (falling edge-triggered flip-flop clocked by clk')
Path Group: clk
Path Type: max

  Delay    Time   Description
---------------------------------------------------------
   0.00    0.00   clock clk' (fall edge)
   0.00    0.00   clock network delay (ideal)
   0.00    0.00 v _10775_/CLK (DFFLQNx3_ASAP7_75t_R)
 151.64  151.64 v _10775_/QN (DFFLQNx3_ASAP7_75t_R)
  70.60  222.24 ^ _05584_/Y (NAND2x2_ASAP7_75t_R)
  51.20  273.44 v _05585_/Y (NOR2x2_ASAP7_75t_R)
  31.32  304.76 ^ _05586_/Y (INVx4_ASAP7_75t_R)
  22.28  327.04 v _05761_/Y (NOR2x2_ASAP7_75t_R)
  50.28  377.32 ^ _05881_/Y (AOI211x1_ASAP7_75t_R)
  25.27  402.58 v _05882_/Y (NAND2x1_ASAP7_75t_R)
  20.00  422.58 ^ _05883_/Y (NOR2x1_ASAP7_75t_R)
  20.99  443.57 v _05902_/Y (NAND2x1_ASAP7_75t_R)
  17.61  461.19 ^ _05937_/Y (NOR2x2_ASAP7_75t_R)
  31.40  492.58 v _05938_/Y (AOI21x1_ASAP7_75t_R)
  34.61  527.19 ^ _05999_/Y (AOI21x1_ASAP7_75t_R)
  31.36  558.55 v _06004_/Y (AOI21x1_ASAP7_75t_R)
  38.46  597.01 v rebuffer413/Y (BUFx3_ASAP7_75t_R)
  54.00  651.01 ^ _06037_/Y (OAI21x1_ASAP7_75t_R)
  49.87  700.88 ^ load_slew73/Y (BUFx16f_ASAP7_75t_R)
  25.25  726.13 ^ rebuffer944/Y (BUFx6f_ASAP7_75t_R)
  30.07  756.20 ^ clone472/Y (BUFx10_ASAP7_75t_R)
  11.61  767.81 v _06184_/Y (NAND2x1_ASAP7_75t_R)
  29.66  797.47 v _06185_/Y (AO21x1_ASAP7_75t_R)
  38.25  835.72 v _06191_/Y (AO21x1_ASAP7_75t_R)
  32.10  867.82 ^ _06192_/Y (NAND2x2_ASAP7_75t_R)
  33.65  901.47 v _10450_/CON (FAx1_ASAP7_75t_R)
  41.39  942.86 v rebuffer441/Y (BUFx3_ASAP7_75t_R)
  38.62  981.48 v _06358_/Y (OA21x2_ASAP7_75t_R)
  21.99 1003.47 ^ _06359_/Y (OAI21x1_ASAP7_75t_R)
  17.20 1020.67 v _06410_/Y (AOI21x1_ASAP7_75t_R)
  42.14 1062.81 v _06411_/Y (OA21x2_ASAP7_75t_R)
  38.37 1101.18 v _06428_/Y (OA21x2_ASAP7_75t_R)
  21.99 1123.17 ^ _06429_/Y (OAI21x1_ASAP7_75t_R)
  21.13 1144.30 v _06432_/Y (AOI21x1_ASAP7_75t_R)
  34.86 1179.16 v rebuffer443/Y (BUFx2_ASAP7_75t_R)
  41.34 1220.49 ^ _10460_/CON (FAx1_ASAP7_75t_R)
  30.70 1251.20 v _08048_/Y (XNOR2x1_ASAP7_75t_R)
  23.66 1274.86 ^ _08049_/Y (NAND2x1_ASAP7_75t_R)
  37.61 1312.47 ^ _08068_/Y (AO221x1_ASAP7_75t_R)
  57.27 1369.73 ^ _08069_/Y (OA21x2_ASAP7_75t_R)
  22.79 1392.52 v _08528_/Y (NOR2x1_ASAP7_75t_R)
  33.97 1426.49 v _08529_/Y (AO21x1_ASAP7_75t_R)
   0.00 1426.49 v _10931_/D (DFFLQNx2_ASAP7_75t_R)
        1426.49   data arrival time

  10.00   10.00   clock clk' (fall edge)
   0.00   10.00   clock network delay (ideal)
   0.00   10.00   clock reconvergence pessimism
          10.00 v _10931_/CLK (DFFLQNx2_ASAP7_75t_R)
 -17.33   -7.33   library setup time
          -7.33   data required time
---------------------------------------------------------
          -7.33   data required time
        -1426.49   data arrival time
---------------------------------------------------------
        -1433.82   slack (VIOLATED)


Startpoint: _10775_ (falling edge-triggered flip-flop clocked by clk')
Endpoint: _10870_ (falling edge-triggered flip-flop clocked by clk')
Path Group: clk
Path Type: max

  Delay    Time   Description
---------------------------------------------------------
   0.00    0.00   clock clk' (fall edge)
   0.00    0.00   clock network delay (ideal)
   0.00    0.00 v _10775_/CLK (DFFLQNx3_ASAP7_75t_R)
 151.64  151.64 v _10775_/QN (DFFLQNx3_ASAP7_75t_R)
  70.60  222.24 ^ _05584_/Y (NAND2x2_ASAP7_75t_R)
  51.20  273.44 v _05585_/Y (NOR2x2_ASAP7_75t_R)
  31.32  304.76 ^ _05586_/Y (INVx4_ASAP7_75t_R)
  22.28  327.04 v _05761_/Y (NOR2x2_ASAP7_75t_R)
  50.28  377.32 ^ _05881_/Y (AOI211x1_ASAP7_75t_R)
  25.27  402.58 v _05882_/Y (NAND2x1_ASAP7_75t_R)
  20.00  422.58 ^ _05883_/Y (NOR2x1_ASAP7_75t_R)
  20.99  443.57 v _05902_/Y (NAND2x1_ASAP7_75t_R)
  17.61  461.19 ^ _05937_/Y (NOR2x2_ASAP7_75t_R)
  31.40  492.58 v _05938_/Y (AOI21x1_ASAP7_75t_R)
  34.61  527.19 ^ _05999_/Y (AOI21x1_ASAP7_75t_R)
  31.36  558.55 v _06004_/Y (AOI21x1_ASAP7_75t_R)
  38.46  597.01 v rebuffer413/Y (BUFx3_ASAP7_75t_R)
  54.00  651.01 ^ _06037_/Y (OAI21x1_ASAP7_75t_R)
  49.87  700.88 ^ load_slew73/Y (BUFx16f_ASAP7_75t_R)
  25.25  726.13 ^ rebuffer944/Y (BUFx6f_ASAP7_75t_R)
  30.07  756.20 ^ clone472/Y (BUFx10_ASAP7_75t_R)
  11.61  767.81 v _06184_/Y (NAND2x1_ASAP7_75t_R)
  29.66  797.47 v _06185_/Y (AO21x1_ASAP7_75t_R)
  38.25  835.72 v _06191_/Y (AO21x1_ASAP7_75t_R)
  32.10  867.82 ^ _06192_/Y (NAND2x2_ASAP7_75t_R)
  33.65  901.47 v _10450_/CON (FAx1_ASAP7_75t_R)
  41.39  942.86 v rebuffer441/Y (BUFx3_ASAP7_75t_R)
  38.62  981.48 v _06358_/Y (OA21x2_ASAP7_75t_R)
  21.99 1003.47 ^ _06359_/Y (OAI21x1_ASAP7_75t_R)
  17.20 1020.67 v _06410_/Y (AOI21x1_ASAP7_75t_R)
  42.14 1062.81 v _06411_/Y (OA21x2_ASAP7_75t_R)
  38.37 1101.18 v _06428_/Y (OA21x2_ASAP7_75t_R)
  21.99 1123.17 ^ _06429_/Y (OAI21x1_ASAP7_75t_R)
  21.13 1144.30 v _06432_/Y (AOI21x1_ASAP7_75t_R)
  34.86 1179.16 v rebuffer443/Y (BUFx2_ASAP7_75t_R)
  41.34 1220.49 ^ _10460_/CON (FAx1_ASAP7_75t_R)
  30.70 1251.20 v _08048_/Y (XNOR2x1_ASAP7_75t_R)
  23.66 1274.86 ^ _08049_/Y (NAND2x1_ASAP7_75t_R)
  37.61 1312.47 ^ _08068_/Y (AO221x1_ASAP7_75t_R)
  57.27 1369.73 ^ _08069_/Y (OA21x2_ASAP7_75t_R)
  22.79 1392.52 v _08363_/Y (NOR2x1_ASAP7_75t_R)
  33.97 1426.49 v _08364_/Y (AO21x1_ASAP7_75t_R)
   0.00 1426.49 v _10870_/D (DFFLQNx2_ASAP7_75t_R)
        1426.49   data arrival time

  10.00   10.00   clock clk' (fall edge)
   0.00   10.00   clock network delay (ideal)
   0.00   10.00   clock reconvergence pessimism
          10.00 v _10870_/CLK (DFFLQNx2_ASAP7_75t_R)
 -17.33   -7.33   library setup time
          -7.33   data required time
---------------------------------------------------------
          -7.33   data required time
        -1426.49   data arrival time
---------------------------------------------------------
        -1433.82   slack (VIOLATED)


Startpoint: _10775_ (falling edge-triggered flip-flop clocked by clk')
Endpoint: _10886_ (falling edge-triggered flip-flop clocked by clk')
Path Group: clk
Path Type: max

  Delay    Time   Description
---------------------------------------------------------
   0.00    0.00   clock clk' (fall edge)
   0.00    0.00   clock network delay (ideal)
   0.00    0.00 v _10775_/CLK (DFFLQNx3_ASAP7_75t_R)
 151.64  151.64 v _10775_/QN (DFFLQNx3_ASAP7_75t_R)
  70.60  222.24 ^ _05584_/Y (NAND2x2_ASAP7_75t_R)
  51.20  273.44 v _05585_/Y (NOR2x2_ASAP7_75t_R)
  31.32  304.76 ^ _05586_/Y (INVx4_ASAP7_75t_R)
  22.28  327.04 v _05761_/Y (NOR2x2_ASAP7_75t_R)
  50.28  377.32 ^ _05881_/Y (AOI211x1_ASAP7_75t_R)
  25.27  402.58 v _05882_/Y (NAND2x1_ASAP7_75t_R)
  20.00  422.58 ^ _05883_/Y (NOR2x1_ASAP7_75t_R)
  20.99  443.57 v _05902_/Y (NAND2x1_ASAP7_75t_R)
  17.61  461.19 ^ _05937_/Y (NOR2x2_ASAP7_75t_R)
  31.40  492.58 v _05938_/Y (AOI21x1_ASAP7_75t_R)
  34.61  527.19 ^ _05999_/Y (AOI21x1_ASAP7_75t_R)
  31.36  558.55 v _06004_/Y (AOI21x1_ASAP7_75t_R)
  38.46  597.01 v rebuffer413/Y (BUFx3_ASAP7_75t_R)
  54.00  651.01 ^ _06037_/Y (OAI21x1_ASAP7_75t_R)
  49.87  700.88 ^ load_slew73/Y (BUFx16f_ASAP7_75t_R)
  25.25  726.13 ^ rebuffer944/Y (BUFx6f_ASAP7_75t_R)
  30.07  756.20 ^ clone472/Y (BUFx10_ASAP7_75t_R)
  11.61  767.81 v _06184_/Y (NAND2x1_ASAP7_75t_R)
  29.66  797.47 v _06185_/Y (AO21x1_ASAP7_75t_R)
  38.25  835.72 v _06191_/Y (AO21x1_ASAP7_75t_R)
  32.10  867.82 ^ _06192_/Y (NAND2x2_ASAP7_75t_R)
  33.65  901.47 v _10450_/CON (FAx1_ASAP7_75t_R)
  41.39  942.86 v rebuffer441/Y (BUFx3_ASAP7_75t_R)
  38.62  981.48 v _06358_/Y (OA21x2_ASAP7_75t_R)
  21.99 1003.47 ^ _06359_/Y (OAI21x1_ASAP7_75t_R)
  17.20 1020.67 v _06410_/Y (AOI21x1_ASAP7_75t_R)
  42.14 1062.81 v _06411_/Y (OA21x2_ASAP7_75t_R)
  38.37 1101.18 v _06428_/Y (OA21x2_ASAP7_75t_R)
  21.99 1123.17 ^ _06429_/Y (OAI21x1_ASAP7_75t_R)
  21.13 1144.30 v _06432_/Y (AOI21x1_ASAP7_75t_R)
  34.86 1179.16 v rebuffer443/Y (BUFx2_ASAP7_75t_R)
  41.34 1220.49 ^ _10460_/CON (FAx1_ASAP7_75t_R)
  30.70 1251.20 v _08048_/Y (XNOR2x1_ASAP7_75t_R)
  23.66 1274.86 ^ _08049_/Y (NAND2x1_ASAP7_75t_R)
  37.61 1312.47 ^ _08068_/Y (AO221x1_ASAP7_75t_R)
  57.27 1369.73 ^ _08069_/Y (OA21x2_ASAP7_75t_R)
  22.79 1392.52 v _08400_/Y (NOR2x1_ASAP7_75t_R)
  33.97 1426.49 v _08401_/Y (AO21x1_ASAP7_75t_R)
   0.00 1426.49 v _10886_/D (DFFLQNx2_ASAP7_75t_R)
        1426.49   data arrival time

  10.00   10.00   clock clk' (fall edge)
   0.00   10.00   clock network delay (ideal)
   0.00   10.00   clock reconvergence pessimism
          10.00 v _10886_/CLK (DFFLQNx2_ASAP7_75t_R)
 -17.33   -7.33   library setup time
          -7.33   data required time
---------------------------------------------------------
          -7.33   data required time
        -1426.49   data arrival time
---------------------------------------------------------
        -1433.82   slack (VIOLATED)


Startpoint: _10775_ (falling edge-triggered flip-flop clocked by clk')
Endpoint: _10740_ (falling edge-triggered flip-flop clocked by clk')
Path Group: clk
Path Type: max

  Delay    Time   Description
---------------------------------------------------------
   0.00    0.00   clock clk' (fall edge)
   0.00    0.00   clock network delay (ideal)
   0.00    0.00 v _10775_/CLK (DFFLQNx3_ASAP7_75t_R)
 151.64  151.64 v _10775_/QN (DFFLQNx3_ASAP7_75t_R)
  70.60  222.24 ^ _05584_/Y (NAND2x2_ASAP7_75t_R)
  51.20  273.44 v _05585_/Y (NOR2x2_ASAP7_75t_R)
  31.32  304.76 ^ _05586_/Y (INVx4_ASAP7_75t_R)
  22.28  327.04 v _05761_/Y (NOR2x2_ASAP7_75t_R)
  50.28  377.32 ^ _05881_/Y (AOI211x1_ASAP7_75t_R)
  25.27  402.58 v _05882_/Y (NAND2x1_ASAP7_75t_R)
  20.00  422.58 ^ _05883_/Y (NOR2x1_ASAP7_75t_R)
  20.99  443.57 v _05902_/Y (NAND2x1_ASAP7_75t_R)
  17.61  461.19 ^ _05937_/Y (NOR2x2_ASAP7_75t_R)
  26.63  487.82 ^ _06304_/Y (AO21x1_ASAP7_75t_R)
  65.79  553.60 ^ _06306_/Y (OA22x2_ASAP7_75t_R)
  29.94  583.54 v _06308_/Y (CKINVDCx16_ASAP7_75t_R)
  25.85  609.39 ^ _06508_/Y (NOR2x2_ASAP7_75t_R)
  32.13  641.52 ^ rebuffer542/Y (BUFx2_ASAP7_75t_R)
  30.34  671.86 ^ _06509_/Y (AO21x1_ASAP7_75t_R)
  17.82  689.68 v _07026_/Y (INVx1_ASAP7_75t_R)
  40.77  730.45 v _10531_/SN (HAxp5_ASAP7_75t_R)
  38.63  769.08 v _06554_/Y (OA21x2_ASAP7_75t_R)
  16.76  785.84 ^ _06555_/Y (OAI21x1_ASAP7_75t_R)
  24.06  809.90 v _06556_/Y (INVx1_ASAP7_75t_R)
  38.36  848.26 v _06598_/Y (OA21x2_ASAP7_75t_R)
  41.13  889.39 v _06599_/Y (OA21x2_ASAP7_75t_R)
  38.38  927.77 v _06890_/Y (OA21x2_ASAP7_75t_R)
  29.73  957.50 ^ _06891_/Y (OAI21x1_ASAP7_75t_R)
  16.69  974.19 v _06914_/Y (NAND2x1_ASAP7_75t_R)
  55.79 1029.98 v _06915_/Y (OA211x2_ASAP7_75t_R)
  41.27 1071.25 v _06917_/Y (OR3x1_ASAP7_75t_R)
  55.04 1126.29 v _06918_/Y (OA211x2_ASAP7_75t_R)
  45.60 1171.89 v _06955_/Y (OR3x1_ASAP7_75t_R)
  24.62 1196.51 ^ _06956_/Y (NAND2x1_ASAP7_75t_R)
  35.47 1231.98 v _10470_/CON (FAx1_ASAP7_75t_R)
  42.01 1273.99 v _09847_/Y (XNOR2x1_ASAP7_75t_R)
  42.00 1315.99 v _09848_/Y (XOR2x1_ASAP7_75t_R)
  33.98 1349.97 v _09850_/Y (AO21x1_ASAP7_75t_R)
  30.65 1380.62 v _09852_/Y (AO21x1_ASAP7_75t_R)
  33.32 1413.94 v _09855_/Y (AO21x1_ASAP7_75t_R)
  15.25 1429.19 ^ _09856_/Y (NAND2x1_ASAP7_75t_R)
   0.00 1429.19 ^ _10740_/D (DFFLQNx2_ASAP7_75t_R)
        1429.19   data arrival time

  10.00   10.00   clock clk' (fall edge)
   0.00   10.00   clock network delay (ideal)
   0.00   10.00   clock reconvergence pessimism
          10.00 v _10740_/CLK (DFFLQNx2_ASAP7_75t_R)
  -4.97    5.03   library setup time
           5.03   data required time
---------------------------------------------------------
           5.03   data required time
        -1429.19   data arrival time
---------------------------------------------------------
        -1424.17   slack (VIOLATED)


Startpoint: _10775_ (falling edge-triggered flip-flop clocked by clk')
Endpoint: _10772_ (falling edge-triggered flip-flop clocked by clk')
Path Group: clk
Path Type: max

  Delay    Time   Description
---------------------------------------------------------
   0.00    0.00   clock clk' (fall edge)
   0.00    0.00   clock network delay (ideal)
   0.00    0.00 v _10775_/CLK (DFFLQNx3_ASAP7_75t_R)
 151.64  151.64 v _10775_/QN (DFFLQNx3_ASAP7_75t_R)
  70.60  222.24 ^ _05584_/Y (NAND2x2_ASAP7_75t_R)
  51.20  273.44 v _05585_/Y (NOR2x2_ASAP7_75t_R)
  31.32  304.76 ^ _05586_/Y (INVx4_ASAP7_75t_R)
  22.28  327.04 v _05761_/Y (NOR2x2_ASAP7_75t_R)
  50.28  377.32 ^ _05881_/Y (AOI211x1_ASAP7_75t_R)
  25.27  402.58 v _05882_/Y (NAND2x1_ASAP7_75t_R)
  20.00  422.58 ^ _05883_/Y (NOR2x1_ASAP7_75t_R)
  20.99  443.57 v _05902_/Y (NAND2x1_ASAP7_75t_R)
  17.61  461.19 ^ _05937_/Y (NOR2x2_ASAP7_75t_R)
  26.63  487.82 ^ _06304_/Y (AO21x1_ASAP7_75t_R)
  65.79  553.60 ^ _06306_/Y (OA22x2_ASAP7_75t_R)
  29.94  583.54 v _06308_/Y (CKINVDCx16_ASAP7_75t_R)
  25.85  609.39 ^ _06508_/Y (NOR2x2_ASAP7_75t_R)
  32.13  641.52 ^ rebuffer542/Y (BUFx2_ASAP7_75t_R)
  30.34  671.86 ^ _06509_/Y (AO21x1_ASAP7_75t_R)
  17.82  689.68 v _07026_/Y (INVx1_ASAP7_75t_R)
  40.77  730.45 v _10531_/SN (HAxp5_ASAP7_75t_R)
  38.63  769.08 v _06554_/Y (OA21x2_ASAP7_75t_R)
  16.76  785.84 ^ _06555_/Y (OAI21x1_ASAP7_75t_R)
  24.06  809.90 v _06556_/Y (INVx1_ASAP7_75t_R)
  38.36  848.26 v _06598_/Y (OA21x2_ASAP7_75t_R)
  41.13  889.39 v _06599_/Y (OA21x2_ASAP7_75t_R)
  38.38  927.77 v _06890_/Y (OA21x2_ASAP7_75t_R)
  29.73  957.50 ^ _06891_/Y (OAI21x1_ASAP7_75t_R)
  16.69  974.19 v _06914_/Y (NAND2x1_ASAP7_75t_R)
  55.79 1029.98 v _06915_/Y (OA211x2_ASAP7_75t_R)
  41.27 1071.25 v _06917_/Y (OR3x1_ASAP7_75t_R)
  55.04 1126.29 v _06918_/Y (OA211x2_ASAP7_75t_R)
  45.60 1171.89 v _06955_/Y (OR3x1_ASAP7_75t_R)
  24.62 1196.51 ^ _06956_/Y (NAND2x1_ASAP7_75t_R)
  75.65 1272.16 v _10470_/SN (FAx1_ASAP7_75t_R)
  40.41 1312.57 v _10191_/Y (AO21x1_ASAP7_75t_R)
  31.52 1344.09 v _10192_/Y (AO21x1_ASAP7_75t_R)
  31.24 1375.33 v _10193_/Y (AO21x1_ASAP7_75t_R)
  38.37 1413.70 v _10195_/Y (AO22x1_ASAP7_75t_R)
   0.00 1413.70 v _10772_/D (DFFLQNx2_ASAP7_75t_R)
        1413.70   data arrival time

  10.00   10.00   clock clk' (fall edge)
   0.00   10.00   clock network delay (ideal)
   0.00   10.00   clock reconvergence pessimism
          10.00 v _10772_/CLK (DFFLQNx2_ASAP7_75t_R)
 -18.59   -8.59   library setup time
          -8.59   data required time
---------------------------------------------------------
          -8.59   data required time
        -1413.70   data arrival time
---------------------------------------------------------
        -1422.29   slack (VIOLATED)


Startpoint: _10775_ (falling edge-triggered flip-flop clocked by clk')
Endpoint: _10773_ (falling edge-triggered flip-flop clocked by clk')
Path Group: clk
Path Type: max

  Delay    Time   Description
---------------------------------------------------------
   0.00    0.00   clock clk' (fall edge)
   0.00    0.00   clock network delay (ideal)
   0.00    0.00 v _10775_/CLK (DFFLQNx3_ASAP7_75t_R)
 151.64  151.64 v _10775_/QN (DFFLQNx3_ASAP7_75t_R)
  70.60  222.24 ^ _05584_/Y (NAND2x2_ASAP7_75t_R)
  51.20  273.44 v _05585_/Y (NOR2x2_ASAP7_75t_R)
  31.32  304.76 ^ _05586_/Y (INVx4_ASAP7_75t_R)
  22.28  327.04 v _05761_/Y (NOR2x2_ASAP7_75t_R)
  50.28  377.32 ^ _05881_/Y (AOI211x1_ASAP7_75t_R)
  25.27  402.58 v _05882_/Y (NAND2x1_ASAP7_75t_R)
  20.00  422.58 ^ _05883_/Y (NOR2x1_ASAP7_75t_R)
  20.99  443.57 v _05902_/Y (NAND2x1_ASAP7_75t_R)
  17.61  461.19 ^ _05937_/Y (NOR2x2_ASAP7_75t_R)
  26.63  487.82 ^ _06304_/Y (AO21x1_ASAP7_75t_R)
  65.79  553.60 ^ _06306_/Y (OA22x2_ASAP7_75t_R)
  29.94  583.54 v _06308_/Y (CKINVDCx16_ASAP7_75t_R)
  25.85  609.39 ^ _06508_/Y (NOR2x2_ASAP7_75t_R)
  32.13  641.52 ^ rebuffer542/Y (BUFx2_ASAP7_75t_R)
  30.34  671.86 ^ _06509_/Y (AO21x1_ASAP7_75t_R)
  17.82  689.68 v _07026_/Y (INVx1_ASAP7_75t_R)
  40.77  730.45 v _10531_/SN (HAxp5_ASAP7_75t_R)
  38.63  769.08 v _06554_/Y (OA21x2_ASAP7_75t_R)
  16.76  785.84 ^ _06555_/Y (OAI21x1_ASAP7_75t_R)
  24.06  809.90 v _06556_/Y (INVx1_ASAP7_75t_R)
  38.36  848.26 v _06598_/Y (OA21x2_ASAP7_75t_R)
  41.13  889.39 v _06599_/Y (OA21x2_ASAP7_75t_R)
  38.38  927.77 v _06890_/Y (OA21x2_ASAP7_75t_R)
  29.73  957.50 ^ _06891_/Y (OAI21x1_ASAP7_75t_R)
  16.69  974.19 v _06914_/Y (NAND2x1_ASAP7_75t_R)
  55.79 1029.98 v _06915_/Y (OA211x2_ASAP7_75t_R)
  41.27 1071.25 v _06917_/Y (OR3x1_ASAP7_75t_R)
  55.04 1126.29 v _06918_/Y (OA211x2_ASAP7_75t_R)
  45.60 1171.89 v _06955_/Y (OR3x1_ASAP7_75t_R)
  24.62 1196.51 ^ _06956_/Y (NAND2x1_ASAP7_75t_R)
  35.47 1231.98 v _10470_/CON (FAx1_ASAP7_75t_R)
  42.01 1273.99 v _09847_/Y (XNOR2x1_ASAP7_75t_R)
  42.00 1315.99 v _09848_/Y (XOR2x1_ASAP7_75t_R)
  33.03 1349.02 v _10198_/Y (AO21x1_ASAP7_75t_R)
  53.86 1402.88 v _10199_/Y (OA211x2_ASAP7_75t_R)
  18.24 1421.11 ^ _10201_/Y (OAI22x1_ASAP7_75t_R)
   0.00 1421.11 ^ _10773_/D (DFFLQNx2_ASAP7_75t_R)
        1421.11   data arrival time

  10.00   10.00   clock clk' (fall edge)
   0.00   10.00   clock network delay (ideal)
   0.00   10.00   clock reconvergence pessimism
          10.00 v _10773_/CLK (DFFLQNx2_ASAP7_75t_R)
  -7.52    2.48   library setup time
           2.48   data required time
---------------------------------------------------------
           2.48   data required time
        -1421.11   data arrival time
---------------------------------------------------------
        -1418.63   slack (VIOLATED)


Startpoint: _10775_ (falling edge-triggered flip-flop clocked by clk')
Endpoint: _10914_ (falling edge-triggered flip-flop clocked by clk')
Path Group: clk
Path Type: max

  Delay    Time   Description
---------------------------------------------------------
   0.00    0.00   clock clk' (fall edge)
   0.00    0.00   clock network delay (ideal)
   0.00    0.00 v _10775_/CLK (DFFLQNx3_ASAP7_75t_R)
 151.64  151.64 v _10775_/QN (DFFLQNx3_ASAP7_75t_R)
  70.60  222.24 ^ _05584_/Y (NAND2x2_ASAP7_75t_R)
  51.20  273.44 v _05585_/Y (NOR2x2_ASAP7_75t_R)
  31.32  304.76 ^ _05586_/Y (INVx4_ASAP7_75t_R)
  22.28  327.04 v _05761_/Y (NOR2x2_ASAP7_75t_R)
  50.28  377.32 ^ _05881_/Y (AOI211x1_ASAP7_75t_R)
  25.27  402.58 v _05882_/Y (NAND2x1_ASAP7_75t_R)
  20.00  422.58 ^ _05883_/Y (NOR2x1_ASAP7_75t_R)
  20.99  443.57 v _05902_/Y (NAND2x1_ASAP7_75t_R)
  17.61  461.19 ^ _05937_/Y (NOR2x2_ASAP7_75t_R)
  31.40  492.58 v _05938_/Y (AOI21x1_ASAP7_75t_R)
  34.61  527.19 ^ _05999_/Y (AOI21x1_ASAP7_75t_R)
  31.36  558.55 v _06004_/Y (AOI21x1_ASAP7_75t_R)
  38.46  597.01 v rebuffer413/Y (BUFx3_ASAP7_75t_R)
  54.00  651.01 ^ _06037_/Y (OAI21x1_ASAP7_75t_R)
  49.87  700.88 ^ load_slew73/Y (BUFx16f_ASAP7_75t_R)
  25.25  726.13 ^ rebuffer944/Y (BUFx6f_ASAP7_75t_R)
  30.07  756.20 ^ clone472/Y (BUFx10_ASAP7_75t_R)
  11.61  767.81 v _06184_/Y (NAND2x1_ASAP7_75t_R)
  29.66  797.47 v _06185_/Y (AO21x1_ASAP7_75t_R)
  38.25  835.72 v _06191_/Y (AO21x1_ASAP7_75t_R)
  32.10  867.82 ^ _06192_/Y (NAND2x2_ASAP7_75t_R)
  33.65  901.47 v _10450_/CON (FAx1_ASAP7_75t_R)
  41.39  942.86 v rebuffer441/Y (BUFx3_ASAP7_75t_R)
  38.62  981.48 v _06358_/Y (OA21x2_ASAP7_75t_R)
  21.99 1003.47 ^ _06359_/Y (OAI21x1_ASAP7_75t_R)
  17.20 1020.67 v _06410_/Y (AOI21x1_ASAP7_75t_R)
  42.14 1062.81 v _06411_/Y (OA21x2_ASAP7_75t_R)
  38.37 1101.18 v _06428_/Y (OA21x2_ASAP7_75t_R)
  21.99 1123.17 ^ _06429_/Y (OAI21x1_ASAP7_75t_R)
  21.13 1144.30 v _06432_/Y (AOI21x1_ASAP7_75t_R)
  34.86 1179.16 v rebuffer443/Y (BUFx2_ASAP7_75t_R)
  62.78 1241.93 ^ _10460_/SN (FAx1_ASAP7_75t_R)
  45.49 1287.42 ^ _08041_/Y (OA21x2_ASAP7_75t_R)
  56.81 1344.24 ^ _08044_/Y (OA22x2_ASAP7_75t_R)
  22.84 1367.08 v _08489_/Y (NOR2x1_ASAP7_75t_R)
  33.98 1401.06 v _08490_/Y (AO21x1_ASAP7_75t_R)
   0.00 1401.06 v _10914_/D (DFFLQNx2_ASAP7_75t_R)
        1401.06   data arrival time

  10.00   10.00   clock clk' (fall edge)
   0.00   10.00   clock network delay (ideal)
   0.00   10.00   clock reconvergence pessimism
          10.00 v _10914_/CLK (DFFLQNx2_ASAP7_75t_R)
 -17.33   -7.33   library setup time
          -7.33   data required time
---------------------------------------------------------
          -7.33   data required time
        -1401.06   data arrival time
---------------------------------------------------------
        -1408.39   slack (VIOLATED)


Startpoint: _10775_ (falling edge-triggered flip-flop clocked by clk')
Endpoint: _10930_ (falling edge-triggered flip-flop clocked by clk')
Path Group: clk
Path Type: max

  Delay    Time   Description
---------------------------------------------------------
   0.00    0.00   clock clk' (fall edge)
   0.00    0.00   clock network delay (ideal)
   0.00    0.00 v _10775_/CLK (DFFLQNx3_ASAP7_75t_R)
 151.64  151.64 v _10775_/QN (DFFLQNx3_ASAP7_75t_R)
  70.60  222.24 ^ _05584_/Y (NAND2x2_ASAP7_75t_R)
  51.20  273.44 v _05585_/Y (NOR2x2_ASAP7_75t_R)
  31.32  304.76 ^ _05586_/Y (INVx4_ASAP7_75t_R)
  22.28  327.04 v _05761_/Y (NOR2x2_ASAP7_75t_R)
  50.28  377.32 ^ _05881_/Y (AOI211x1_ASAP7_75t_R)
  25.27  402.58 v _05882_/Y (NAND2x1_ASAP7_75t_R)
  20.00  422.58 ^ _05883_/Y (NOR2x1_ASAP7_75t_R)
  20.99  443.57 v _05902_/Y (NAND2x1_ASAP7_75t_R)
  17.61  461.19 ^ _05937_/Y (NOR2x2_ASAP7_75t_R)
  31.40  492.58 v _05938_/Y (AOI21x1_ASAP7_75t_R)
  34.61  527.19 ^ _05999_/Y (AOI21x1_ASAP7_75t_R)
  31.36  558.55 v _06004_/Y (AOI21x1_ASAP7_75t_R)
  38.46  597.01 v rebuffer413/Y (BUFx3_ASAP7_75t_R)
  54.00  651.01 ^ _06037_/Y (OAI21x1_ASAP7_75t_R)
  49.87  700.88 ^ load_slew73/Y (BUFx16f_ASAP7_75t_R)
  25.25  726.13 ^ rebuffer944/Y (BUFx6f_ASAP7_75t_R)
  30.07  756.20 ^ clone472/Y (BUFx10_ASAP7_75t_R)
  11.61  767.81 v _06184_/Y (NAND2x1_ASAP7_75t_R)
  29.66  797.47 v _06185_/Y (AO21x1_ASAP7_75t_R)
  38.25  835.72 v _06191_/Y (AO21x1_ASAP7_75t_R)
  32.10  867.82 ^ _06192_/Y (NAND2x2_ASAP7_75t_R)
  33.65  901.47 v _10450_/CON (FAx1_ASAP7_75t_R)
  41.39  942.86 v rebuffer441/Y (BUFx3_ASAP7_75t_R)
  38.62  981.48 v _06358_/Y (OA21x2_ASAP7_75t_R)
  21.99 1003.47 ^ _06359_/Y (OAI21x1_ASAP7_75t_R)
  17.20 1020.67 v _06410_/Y (AOI21x1_ASAP7_75t_R)
  42.14 1062.81 v _06411_/Y (OA21x2_ASAP7_75t_R)
  38.37 1101.18 v _06428_/Y (OA21x2_ASAP7_75t_R)
  21.99 1123.17 ^ _06429_/Y (OAI21x1_ASAP7_75t_R)
  21.13 1144.30 v _06432_/Y (AOI21x1_ASAP7_75t_R)
  34.86 1179.16 v rebuffer443/Y (BUFx2_ASAP7_75t_R)
  62.78 1241.93 ^ _10460_/SN (FAx1_ASAP7_75t_R)
  45.49 1287.42 ^ _08041_/Y (OA21x2_ASAP7_75t_R)
  56.81 1344.24 ^ _08044_/Y (OA22x2_ASAP7_75t_R)
  22.84 1367.08 v _08526_/Y (NOR2x1_ASAP7_75t_R)
  33.98 1401.06 v _08527_/Y (AO21x1_ASAP7_75t_R)
   0.00 1401.06 v _10930_/D (DFFLQNx2_ASAP7_75t_R)
        1401.06   data arrival time

  10.00   10.00   clock clk' (fall edge)
   0.00   10.00   clock network delay (ideal)
   0.00   10.00   clock reconvergence pessimism
          10.00 v _10930_/CLK (DFFLQNx2_ASAP7_75t_R)
 -17.33   -7.33   library setup time
          -7.33   data required time
---------------------------------------------------------
          -7.33   data required time
        -1401.06   data arrival time
---------------------------------------------------------
        -1408.39   slack (VIOLATED)


Startpoint: _10775_ (falling edge-triggered flip-flop clocked by clk')
Endpoint: _10885_ (falling edge-triggered flip-flop clocked by clk')
Path Group: clk
Path Type: max

  Delay    Time   Description
---------------------------------------------------------
   0.00    0.00   clock clk' (fall edge)
   0.00    0.00   clock network delay (ideal)
   0.00    0.00 v _10775_/CLK (DFFLQNx3_ASAP7_75t_R)
 151.64  151.64 v _10775_/QN (DFFLQNx3_ASAP7_75t_R)
  70.60  222.24 ^ _05584_/Y (NAND2x2_ASAP7_75t_R)
  51.20  273.44 v _05585_/Y (NOR2x2_ASAP7_75t_R)
  31.32  304.76 ^ _05586_/Y (INVx4_ASAP7_75t_R)
  22.28  327.04 v _05761_/Y (NOR2x2_ASAP7_75t_R)
  50.28  377.32 ^ _05881_/Y (AOI211x1_ASAP7_75t_R)
  25.27  402.58 v _05882_/Y (NAND2x1_ASAP7_75t_R)
  20.00  422.58 ^ _05883_/Y (NOR2x1_ASAP7_75t_R)
  20.99  443.57 v _05902_/Y (NAND2x1_ASAP7_75t_R)
  17.61  461.19 ^ _05937_/Y (NOR2x2_ASAP7_75t_R)
  31.40  492.58 v _05938_/Y (AOI21x1_ASAP7_75t_R)
  34.61  527.19 ^ _05999_/Y (AOI21x1_ASAP7_75t_R)
  31.36  558.55 v _06004_/Y (AOI21x1_ASAP7_75t_R)
  38.46  597.01 v rebuffer413/Y (BUFx3_ASAP7_75t_R)
  54.00  651.01 ^ _06037_/Y (OAI21x1_ASAP7_75t_R)
  49.87  700.88 ^ load_slew73/Y (BUFx16f_ASAP7_75t_R)
  25.25  726.13 ^ rebuffer944/Y (BUFx6f_ASAP7_75t_R)
  30.07  756.20 ^ clone472/Y (BUFx10_ASAP7_75t_R)
  11.61  767.81 v _06184_/Y (NAND2x1_ASAP7_75t_R)
  29.66  797.47 v _06185_/Y (AO21x1_ASAP7_75t_R)
  38.25  835.72 v _06191_/Y (AO21x1_ASAP7_75t_R)
  32.10  867.82 ^ _06192_/Y (NAND2x2_ASAP7_75t_R)
  33.65  901.47 v _10450_/CON (FAx1_ASAP7_75t_R)
  41.39  942.86 v rebuffer441/Y (BUFx3_ASAP7_75t_R)
  38.62  981.48 v _06358_/Y (OA21x2_ASAP7_75t_R)
  21.99 1003.47 ^ _06359_/Y (OAI21x1_ASAP7_75t_R)
  17.20 1020.67 v _06410_/Y (AOI21x1_ASAP7_75t_R)
  42.14 1062.81 v _06411_/Y (OA21x2_ASAP7_75t_R)
  38.37 1101.18 v _06428_/Y (OA21x2_ASAP7_75t_R)
  21.99 1123.17 ^ _06429_/Y (OAI21x1_ASAP7_75t_R)
  21.13 1144.30 v _06432_/Y (AOI21x1_ASAP7_75t_R)
  34.86 1179.16 v rebuffer443/Y (BUFx2_ASAP7_75t_R)
  62.78 1241.93 ^ _10460_/SN (FAx1_ASAP7_75t_R)
  45.49 1287.42 ^ _08041_/Y (OA21x2_ASAP7_75t_R)
  56.81 1344.24 ^ _08044_/Y (OA22x2_ASAP7_75t_R)
  22.84 1367.08 v _08398_/Y (NOR2x1_ASAP7_75t_R)
  33.98 1401.06 v _08399_/Y (AO21x1_ASAP7_75t_R)
   0.00 1401.06 v _10885_/D (DFFLQNx2_ASAP7_75t_R)
        1401.06   data arrival time

  10.00   10.00   clock clk' (fall edge)
   0.00   10.00   clock network delay (ideal)
   0.00   10.00   clock reconvergence pessimism
          10.00 v _10885_/CLK (DFFLQNx2_ASAP7_75t_R)
 -17.33   -7.33   library setup time
          -7.33   data required time
---------------------------------------------------------
          -7.33   data required time
        -1401.06   data arrival time
---------------------------------------------------------
        -1408.39   slack (VIOLATED)


Startpoint: _10775_ (falling edge-triggered flip-flop clocked by clk')
Endpoint: _10922_ (falling edge-triggered flip-flop clocked by clk')
Path Group: clk
Path Type: max

  Delay    Time   Description
---------------------------------------------------------
   0.00    0.00   clock clk' (fall edge)
   0.00    0.00   clock network delay (ideal)
   0.00    0.00 v _10775_/CLK (DFFLQNx3_ASAP7_75t_R)
 151.64  151.64 v _10775_/QN (DFFLQNx3_ASAP7_75t_R)
  70.60  222.24 ^ _05584_/Y (NAND2x2_ASAP7_75t_R)
  51.20  273.44 v _05585_/Y (NOR2x2_ASAP7_75t_R)
  31.32  304.76 ^ _05586_/Y (INVx4_ASAP7_75t_R)
  22.28  327.04 v _05761_/Y (NOR2x2_ASAP7_75t_R)
  50.28  377.32 ^ _05881_/Y (AOI211x1_ASAP7_75t_R)
  25.27  402.58 v _05882_/Y (NAND2x1_ASAP7_75t_R)
  20.00  422.58 ^ _05883_/Y (NOR2x1_ASAP7_75t_R)
  20.99  443.57 v _05902_/Y (NAND2x1_ASAP7_75t_R)
  17.61  461.19 ^ _05937_/Y (NOR2x2_ASAP7_75t_R)
  31.40  492.58 v _05938_/Y (AOI21x1_ASAP7_75t_R)
  34.61  527.19 ^ _05999_/Y (AOI21x1_ASAP7_75t_R)
  31.36  558.55 v _06004_/Y (AOI21x1_ASAP7_75t_R)
  38.46  597.01 v rebuffer413/Y (BUFx3_ASAP7_75t_R)
  54.00  651.01 ^ _06037_/Y (OAI21x1_ASAP7_75t_R)
  49.87  700.88 ^ load_slew73/Y (BUFx16f_ASAP7_75t_R)
  25.25  726.13 ^ rebuffer944/Y (BUFx6f_ASAP7_75t_R)
  30.07  756.20 ^ clone472/Y (BUFx10_ASAP7_75t_R)
  11.61  767.81 v _06184_/Y (NAND2x1_ASAP7_75t_R)
  29.66  797.47 v _06185_/Y (AO21x1_ASAP7_75t_R)
  38.25  835.72 v _06191_/Y (AO21x1_ASAP7_75t_R)
  32.10  867.82 ^ _06192_/Y (NAND2x2_ASAP7_75t_R)
  33.65  901.47 v _10450_/CON (FAx1_ASAP7_75t_R)
  41.39  942.86 v rebuffer441/Y (BUFx3_ASAP7_75t_R)
  38.62  981.48 v _06358_/Y (OA21x2_ASAP7_75t_R)
  21.99 1003.47 ^ _06359_/Y (OAI21x1_ASAP7_75t_R)
  17.20 1020.67 v _06410_/Y (AOI21x1_ASAP7_75t_R)
  42.14 1062.81 v _06411_/Y (OA21x2_ASAP7_75t_R)
  38.37 1101.18 v _06428_/Y (OA21x2_ASAP7_75t_R)
  21.99 1123.17 ^ _06429_/Y (OAI21x1_ASAP7_75t_R)
  21.13 1144.30 v _06432_/Y (AOI21x1_ASAP7_75t_R)
  34.86 1179.16 v rebuffer443/Y (BUFx2_ASAP7_75t_R)
  62.78 1241.93 ^ _10460_/SN (FAx1_ASAP7_75t_R)
  45.49 1287.42 ^ _08041_/Y (OA21x2_ASAP7_75t_R)
  56.81 1344.24 ^ _08044_/Y (OA22x2_ASAP7_75t_R)
  22.84 1367.08 v _08508_/Y (NOR2x1_ASAP7_75t_R)
  33.98 1401.06 v _08509_/Y (AO21x1_ASAP7_75t_R)
   0.00 1401.06 v _10922_/D (DFFLQNx2_ASAP7_75t_R)
        1401.06   data arrival time

  10.00   10.00   clock clk' (fall edge)
   0.00   10.00   clock network delay (ideal)
   0.00   10.00   clock reconvergence pessimism
          10.00 v _10922_/CLK (DFFLQNx2_ASAP7_75t_R)
 -17.33   -7.33   library setup time
          -7.33   data required time
---------------------------------------------------------
          -7.33   data required time
        -1401.06   data arrival time
---------------------------------------------------------
        -1408.39   slack (VIOLATED)


Startpoint: _10775_ (falling edge-triggered flip-flop clocked by clk')
Endpoint: _10869_ (falling edge-triggered flip-flop clocked by clk')
Path Group: clk
Path Type: max

  Delay    Time   Description
---------------------------------------------------------
   0.00    0.00   clock clk' (fall edge)
   0.00    0.00   clock network delay (ideal)
   0.00    0.00 v _10775_/CLK (DFFLQNx3_ASAP7_75t_R)
 151.64  151.64 v _10775_/QN (DFFLQNx3_ASAP7_75t_R)
  70.60  222.24 ^ _05584_/Y (NAND2x2_ASAP7_75t_R)
  51.20  273.44 v _05585_/Y (NOR2x2_ASAP7_75t_R)
  31.32  304.76 ^ _05586_/Y (INVx4_ASAP7_75t_R)
  22.28  327.04 v _05761_/Y (NOR2x2_ASAP7_75t_R)
  50.28  377.32 ^ _05881_/Y (AOI211x1_ASAP7_75t_R)
  25.27  402.58 v _05882_/Y (NAND2x1_ASAP7_75t_R)
  20.00  422.58 ^ _05883_/Y (NOR2x1_ASAP7_75t_R)
  20.99  443.57 v _05902_/Y (NAND2x1_ASAP7_75t_R)
  17.61  461.19 ^ _05937_/Y (NOR2x2_ASAP7_75t_R)
  31.40  492.58 v _05938_/Y (AOI21x1_ASAP7_75t_R)
  34.61  527.19 ^ _05999_/Y (AOI21x1_ASAP7_75t_R)
  31.36  558.55 v _06004_/Y (AOI21x1_ASAP7_75t_R)
  38.46  597.01 v rebuffer413/Y (BUFx3_ASAP7_75t_R)
  54.00  651.01 ^ _06037_/Y (OAI21x1_ASAP7_75t_R)
  49.87  700.88 ^ load_slew73/Y (BUFx16f_ASAP7_75t_R)
  25.25  726.13 ^ rebuffer944/Y (BUFx6f_ASAP7_75t_R)
  30.07  756.20 ^ clone472/Y (BUFx10_ASAP7_75t_R)
  11.61  767.81 v _06184_/Y (NAND2x1_ASAP7_75t_R)
  29.66  797.47 v _06185_/Y (AO21x1_ASAP7_75t_R)
  38.25  835.72 v _06191_/Y (AO21x1_ASAP7_75t_R)
  32.10  867.82 ^ _06192_/Y (NAND2x2_ASAP7_75t_R)
  33.65  901.47 v _10450_/CON (FAx1_ASAP7_75t_R)
  41.39  942.86 v rebuffer441/Y (BUFx3_ASAP7_75t_R)
  38.62  981.48 v _06358_/Y (OA21x2_ASAP7_75t_R)
  21.99 1003.47 ^ _06359_/Y (OAI21x1_ASAP7_75t_R)
  17.20 1020.67 v _06410_/Y (AOI21x1_ASAP7_75t_R)
  42.14 1062.81 v _06411_/Y (OA21x2_ASAP7_75t_R)
  38.37 1101.18 v _06428_/Y (OA21x2_ASAP7_75t_R)
  21.99 1123.17 ^ _06429_/Y (OAI21x1_ASAP7_75t_R)
  21.13 1144.30 v _06432_/Y (AOI21x1_ASAP7_75t_R)
  34.86 1179.16 v rebuffer443/Y (BUFx2_ASAP7_75t_R)
  62.78 1241.93 ^ _10460_/SN (FAx1_ASAP7_75t_R)
  45.49 1287.42 ^ _08041_/Y (OA21x2_ASAP7_75t_R)
  56.81 1344.24 ^ _08044_/Y (OA22x2_ASAP7_75t_R)
  22.84 1367.08 v _08361_/Y (NOR2x1_ASAP7_75t_R)
  33.98 1401.06 v _08362_/Y (AO21x1_ASAP7_75t_R)
   0.00 1401.06 v _10869_/D (DFFLQNx2_ASAP7_75t_R)
        1401.06   data arrival time

  10.00   10.00   clock clk' (fall edge)
   0.00   10.00   clock network delay (ideal)
   0.00   10.00   clock reconvergence pessimism
          10.00 v _10869_/CLK (DFFLQNx2_ASAP7_75t_R)
 -17.31   -7.31   library setup time
          -7.31   data required time
---------------------------------------------------------
          -7.31   data required time
        -1401.06   data arrival time
---------------------------------------------------------
        -1408.37   slack (VIOLATED)


Startpoint: _10775_ (falling edge-triggered flip-flop clocked by clk')
Endpoint: _10802_ (falling edge-triggered flip-flop clocked by clk')
Path Group: clk
Path Type: max

  Delay    Time   Description
---------------------------------------------------------
   0.00    0.00   clock clk' (fall edge)
   0.00    0.00   clock network delay (ideal)
   0.00    0.00 v _10775_/CLK (DFFLQNx3_ASAP7_75t_R)
 151.64  151.64 v _10775_/QN (DFFLQNx3_ASAP7_75t_R)
  70.60  222.24 ^ _05584_/Y (NAND2x2_ASAP7_75t_R)
  51.20  273.44 v _05585_/Y (NOR2x2_ASAP7_75t_R)
  31.32  304.76 ^ _05586_/Y (INVx4_ASAP7_75t_R)
  22.28  327.04 v _05761_/Y (NOR2x2_ASAP7_75t_R)
  50.28  377.32 ^ _05881_/Y (AOI211x1_ASAP7_75t_R)
  25.27  402.58 v _05882_/Y (NAND2x1_ASAP7_75t_R)
  20.00  422.58 ^ _05883_/Y (NOR2x1_ASAP7_75t_R)
  20.99  443.57 v _05902_/Y (NAND2x1_ASAP7_75t_R)
  17.61  461.19 ^ _05937_/Y (NOR2x2_ASAP7_75t_R)
  31.40  492.58 v _05938_/Y (AOI21x1_ASAP7_75t_R)
  34.61  527.19 ^ _05999_/Y (AOI21x1_ASAP7_75t_R)
  31.36  558.55 v _06004_/Y (AOI21x1_ASAP7_75t_R)
  38.46  597.01 v rebuffer413/Y (BUFx3_ASAP7_75t_R)
  54.00  651.01 ^ _06037_/Y (OAI21x1_ASAP7_75t_R)
  49.87  700.88 ^ load_slew73/Y (BUFx16f_ASAP7_75t_R)
  25.25  726.13 ^ rebuffer944/Y (BUFx6f_ASAP7_75t_R)
  30.07  756.20 ^ clone472/Y (BUFx10_ASAP7_75t_R)
  11.61  767.81 v _06184_/Y (NAND2x1_ASAP7_75t_R)
  29.66  797.47 v _06185_/Y (AO21x1_ASAP7_75t_R)
  38.25  835.72 v _06191_/Y (AO21x1_ASAP7_75t_R)
  32.10  867.82 ^ _06192_/Y (NAND2x2_ASAP7_75t_R)
  33.65  901.47 v _10450_/CON (FAx1_ASAP7_75t_R)
  41.39  942.86 v rebuffer441/Y (BUFx3_ASAP7_75t_R)
  38.62  981.48 v _06358_/Y (OA21x2_ASAP7_75t_R)
  21.99 1003.47 ^ _06359_/Y (OAI21x1_ASAP7_75t_R)
  17.20 1020.67 v _06410_/Y (AOI21x1_ASAP7_75t_R)
  42.14 1062.81 v _06411_/Y (OA21x2_ASAP7_75t_R)
  38.37 1101.18 v _06428_/Y (OA21x2_ASAP7_75t_R)
  21.99 1123.17 ^ _06429_/Y (OAI21x1_ASAP7_75t_R)
  21.13 1144.30 v _06432_/Y (AOI21x1_ASAP7_75t_R)
  34.86 1179.16 v rebuffer443/Y (BUFx2_ASAP7_75t_R)
  62.78 1241.93 ^ _10460_/SN (FAx1_ASAP7_75t_R)
  45.49 1287.42 ^ _08041_/Y (OA21x2_ASAP7_75t_R)
  56.81 1344.24 ^ _08044_/Y (OA22x2_ASAP7_75t_R)
  22.84 1367.08 v _08046_/Y (NOR2x1_ASAP7_75t_R)
  33.98 1401.06 v _08047_/Y (AO21x1_ASAP7_75t_R)
   0.00 1401.06 v _10802_/D (DFFLQNx2_ASAP7_75t_R)
        1401.06   data arrival time

  10.00   10.00   clock clk' (fall edge)
   0.00   10.00   clock network delay (ideal)
   0.00   10.00   clock reconvergence pessimism
          10.00 v _10802_/CLK (DFFLQNx2_ASAP7_75t_R)
 -17.30   -7.30   library setup time
          -7.30   data required time
---------------------------------------------------------
          -7.30   data required time
        -1401.06   data arrival time
---------------------------------------------------------
        -1408.36   slack (VIOLATED)


Startpoint: _10775_ (falling edge-triggered flip-flop clocked by clk')
Endpoint: _10898_ (falling edge-triggered flip-flop clocked by clk')
Path Group: clk
Path Type: max

  Delay    Time   Description
---------------------------------------------------------
   0.00    0.00   clock clk' (fall edge)
   0.00    0.00   clock network delay (ideal)
   0.00    0.00 v _10775_/CLK (DFFLQNx3_ASAP7_75t_R)
 151.64  151.64 v _10775_/QN (DFFLQNx3_ASAP7_75t_R)
  70.60  222.24 ^ _05584_/Y (NAND2x2_ASAP7_75t_R)
  51.20  273.44 v _05585_/Y (NOR2x2_ASAP7_75t_R)
  31.32  304.76 ^ _05586_/Y (INVx4_ASAP7_75t_R)
  22.28  327.04 v _05761_/Y (NOR2x2_ASAP7_75t_R)
  50.28  377.32 ^ _05881_/Y (AOI211x1_ASAP7_75t_R)
  25.27  402.58 v _05882_/Y (NAND2x1_ASAP7_75t_R)
  20.00  422.58 ^ _05883_/Y (NOR2x1_ASAP7_75t_R)
  20.99  443.57 v _05902_/Y (NAND2x1_ASAP7_75t_R)
  17.61  461.19 ^ _05937_/Y (NOR2x2_ASAP7_75t_R)
  31.40  492.58 v _05938_/Y (AOI21x1_ASAP7_75t_R)
  34.61  527.19 ^ _05999_/Y (AOI21x1_ASAP7_75t_R)
  31.36  558.55 v _06004_/Y (AOI21x1_ASAP7_75t_R)
  38.46  597.01 v rebuffer413/Y (BUFx3_ASAP7_75t_R)
  54.00  651.01 ^ _06037_/Y (OAI21x1_ASAP7_75t_R)
  49.87  700.88 ^ load_slew73/Y (BUFx16f_ASAP7_75t_R)
  25.25  726.13 ^ rebuffer944/Y (BUFx6f_ASAP7_75t_R)
  30.07  756.20 ^ clone472/Y (BUFx10_ASAP7_75t_R)
  11.61  767.81 v _06184_/Y (NAND2x1_ASAP7_75t_R)
  29.66  797.47 v _06185_/Y (AO21x1_ASAP7_75t_R)
  38.25  835.72 v _06191_/Y (AO21x1_ASAP7_75t_R)
  32.10  867.82 ^ _06192_/Y (NAND2x2_ASAP7_75t_R)
  33.65  901.47 v _10450_/CON (FAx1_ASAP7_75t_R)
  41.39  942.86 v rebuffer441/Y (BUFx3_ASAP7_75t_R)
  38.62  981.48 v _06358_/Y (OA21x2_ASAP7_75t_R)
  21.99 1003.47 ^ _06359_/Y (OAI21x1_ASAP7_75t_R)
  17.20 1020.67 v _06410_/Y (AOI21x1_ASAP7_75t_R)
  42.14 1062.81 v _06411_/Y (OA21x2_ASAP7_75t_R)
  38.37 1101.18 v _06428_/Y (OA21x2_ASAP7_75t_R)
  21.99 1123.17 ^ _06429_/Y (OAI21x1_ASAP7_75t_R)
  21.13 1144.30 v _06432_/Y (AOI21x1_ASAP7_75t_R)
  34.86 1179.16 v rebuffer443/Y (BUFx2_ASAP7_75t_R)
  62.78 1241.93 ^ _10460_/SN (FAx1_ASAP7_75t_R)
  45.49 1287.42 ^ _08041_/Y (OA21x2_ASAP7_75t_R)
  56.81 1344.24 ^ _08044_/Y (OA22x2_ASAP7_75t_R)
  22.84 1367.08 v _08451_/Y (NOR2x1_ASAP7_75t_R)
  33.98 1401.06 v _08452_/Y (AO21x1_ASAP7_75t_R)
   0.00 1401.06 v _10898_/D (DFFLQNx2_ASAP7_75t_R)
        1401.06   data arrival time

  10.00   10.00   clock clk' (fall edge)
   0.00   10.00   clock network delay (ideal)
   0.00   10.00   clock reconvergence pessimism
          10.00 v _10898_/CLK (DFFLQNx2_ASAP7_75t_R)
 -17.30   -7.30   library setup time
          -7.30   data required time
---------------------------------------------------------
          -7.30   data required time
        -1401.06   data arrival time
---------------------------------------------------------
        -1408.36   slack (VIOLATED)


Startpoint: _10775_ (falling edge-triggered flip-flop clocked by clk')
Endpoint: _10906_ (falling edge-triggered flip-flop clocked by clk')
Path Group: clk
Path Type: max

  Delay    Time   Description
---------------------------------------------------------
   0.00    0.00   clock clk' (fall edge)
   0.00    0.00   clock network delay (ideal)
   0.00    0.00 v _10775_/CLK (DFFLQNx3_ASAP7_75t_R)
 151.64  151.64 v _10775_/QN (DFFLQNx3_ASAP7_75t_R)
  70.60  222.24 ^ _05584_/Y (NAND2x2_ASAP7_75t_R)
  51.20  273.44 v _05585_/Y (NOR2x2_ASAP7_75t_R)
  31.32  304.76 ^ _05586_/Y (INVx4_ASAP7_75t_R)
  22.28  327.04 v _05761_/Y (NOR2x2_ASAP7_75t_R)
  50.28  377.32 ^ _05881_/Y (AOI211x1_ASAP7_75t_R)
  25.27  402.58 v _05882_/Y (NAND2x1_ASAP7_75t_R)
  20.00  422.58 ^ _05883_/Y (NOR2x1_ASAP7_75t_R)
  20.99  443.57 v _05902_/Y (NAND2x1_ASAP7_75t_R)
  17.61  461.19 ^ _05937_/Y (NOR2x2_ASAP7_75t_R)
  31.40  492.58 v _05938_/Y (AOI21x1_ASAP7_75t_R)
  34.61  527.19 ^ _05999_/Y (AOI21x1_ASAP7_75t_R)
  31.36  558.55 v _06004_/Y (AOI21x1_ASAP7_75t_R)
  38.46  597.01 v rebuffer413/Y (BUFx3_ASAP7_75t_R)
  54.00  651.01 ^ _06037_/Y (OAI21x1_ASAP7_75t_R)
  49.87  700.88 ^ load_slew73/Y (BUFx16f_ASAP7_75t_R)
  25.25  726.13 ^ rebuffer944/Y (BUFx6f_ASAP7_75t_R)
  30.07  756.20 ^ clone472/Y (BUFx10_ASAP7_75t_R)
  11.61  767.81 v _06184_/Y (NAND2x1_ASAP7_75t_R)
  29.66  797.47 v _06185_/Y (AO21x1_ASAP7_75t_R)
  38.25  835.72 v _06191_/Y (AO21x1_ASAP7_75t_R)
  32.10  867.82 ^ _06192_/Y (NAND2x2_ASAP7_75t_R)
  33.65  901.47 v _10450_/CON (FAx1_ASAP7_75t_R)
  41.39  942.86 v rebuffer441/Y (BUFx3_ASAP7_75t_R)
  38.62  981.48 v _06358_/Y (OA21x2_ASAP7_75t_R)
  21.99 1003.47 ^ _06359_/Y (OAI21x1_ASAP7_75t_R)
  17.20 1020.67 v _06410_/Y (AOI21x1_ASAP7_75t_R)
  42.14 1062.81 v _06411_/Y (OA21x2_ASAP7_75t_R)
  38.37 1101.18 v _06428_/Y (OA21x2_ASAP7_75t_R)
  21.99 1123.17 ^ _06429_/Y (OAI21x1_ASAP7_75t_R)
  21.13 1144.30 v _06432_/Y (AOI21x1_ASAP7_75t_R)
  34.86 1179.16 v rebuffer443/Y (BUFx2_ASAP7_75t_R)
  62.78 1241.93 ^ _10460_/SN (FAx1_ASAP7_75t_R)
  45.49 1287.42 ^ _08041_/Y (OA21x2_ASAP7_75t_R)
  56.81 1344.24 ^ _08044_/Y (OA22x2_ASAP7_75t_R)
  22.84 1367.08 v _08470_/Y (NOR2x1_ASAP7_75t_R)
  33.98 1401.06 v _08471_/Y (AO21x1_ASAP7_75t_R)
   0.00 1401.06 v _10906_/D (DFFLQNx2_ASAP7_75t_R)
        1401.06   data arrival time

  10.00   10.00   clock clk' (fall edge)
   0.00   10.00   clock network delay (ideal)
   0.00   10.00   clock reconvergence pessimism
          10.00 v _10906_/CLK (DFFLQNx2_ASAP7_75t_R)
 -17.30   -7.30   library setup time
          -7.30   data required time
---------------------------------------------------------
          -7.30   data required time
        -1401.06   data arrival time
---------------------------------------------------------
        -1408.36   slack (VIOLATED)


Startpoint: _10775_ (falling edge-triggered flip-flop clocked by clk')
Endpoint: _10800_ (falling edge-triggered flip-flop clocked by clk')
Path Group: clk
Path Type: max

  Delay    Time   Description
---------------------------------------------------------
   0.00    0.00   clock clk' (fall edge)
   0.00    0.00   clock network delay (ideal)
   0.00    0.00 v _10775_/CLK (DFFLQNx3_ASAP7_75t_R)
 151.64  151.64 v _10775_/QN (DFFLQNx3_ASAP7_75t_R)
  70.60  222.24 ^ _05584_/Y (NAND2x2_ASAP7_75t_R)
  51.20  273.44 v _05585_/Y (NOR2x2_ASAP7_75t_R)
  31.32  304.76 ^ _05586_/Y (INVx4_ASAP7_75t_R)
  22.28  327.04 v _05761_/Y (NOR2x2_ASAP7_75t_R)
  50.28  377.32 ^ _05881_/Y (AOI211x1_ASAP7_75t_R)
  25.27  402.58 v _05882_/Y (NAND2x1_ASAP7_75t_R)
  20.00  422.58 ^ _05883_/Y (NOR2x1_ASAP7_75t_R)
  20.99  443.57 v _05902_/Y (NAND2x1_ASAP7_75t_R)
  17.61  461.19 ^ _05937_/Y (NOR2x2_ASAP7_75t_R)
  31.40  492.58 v _05938_/Y (AOI21x1_ASAP7_75t_R)
  34.61  527.19 ^ _05999_/Y (AOI21x1_ASAP7_75t_R)
  31.36  558.55 v _06004_/Y (AOI21x1_ASAP7_75t_R)
  38.46  597.01 v rebuffer413/Y (BUFx3_ASAP7_75t_R)
  54.00  651.01 ^ _06037_/Y (OAI21x1_ASAP7_75t_R)
  49.87  700.88 ^ load_slew73/Y (BUFx16f_ASAP7_75t_R)
  25.25  726.13 ^ rebuffer944/Y (BUFx6f_ASAP7_75t_R)
  30.07  756.20 ^ clone472/Y (BUFx10_ASAP7_75t_R)
  11.61  767.81 v _06184_/Y (NAND2x1_ASAP7_75t_R)
  29.66  797.47 v _06185_/Y (AO21x1_ASAP7_75t_R)
  38.25  835.72 v _06191_/Y (AO21x1_ASAP7_75t_R)
  32.10  867.82 ^ _06192_/Y (NAND2x2_ASAP7_75t_R)
  33.65  901.47 v _10450_/CON (FAx1_ASAP7_75t_R)
  41.39  942.86 v rebuffer441/Y (BUFx3_ASAP7_75t_R)
  38.62  981.48 v _06358_/Y (OA21x2_ASAP7_75t_R)
  21.99 1003.47 ^ _06359_/Y (OAI21x1_ASAP7_75t_R)
  17.20 1020.67 v _06410_/Y (AOI21x1_ASAP7_75t_R)
  42.14 1062.81 v _06411_/Y (OA21x2_ASAP7_75t_R)
  38.37 1101.18 v _06428_/Y (OA21x2_ASAP7_75t_R)
  21.99 1123.17 ^ _06429_/Y (OAI21x1_ASAP7_75t_R)
  38.68 1161.85 ^ rebuffer447/Y (BUFx2_ASAP7_75t_R)
  57.57 1219.42 v _10459_/SN (FAx1_ASAP7_75t_R)
  21.13 1240.55 ^ _07951_/Y (INVx1_ASAP7_75t_R)
  32.75 1273.30 ^ _07990_/Y (OA21x2_ASAP7_75t_R)
  56.22 1329.52 ^ _07992_/Y (OA22x2_ASAP7_75t_R)
  26.91 1356.42 v _07994_/Y (NOR2x1_ASAP7_75t_R)
  34.75 1391.17 v _07995_/Y (AO21x1_ASAP7_75t_R)
   0.00 1391.17 v _10800_/D (DFFLQNx2_ASAP7_75t_R)
        1391.17   data arrival time

  10.00   10.00   clock clk' (fall edge)
   0.00   10.00   clock network delay (ideal)
   0.00   10.00   clock reconvergence pessimism
          10.00 v _10800_/CLK (DFFLQNx2_ASAP7_75t_R)
 -17.32   -7.32   library setup time
          -7.32   data required time
---------------------------------------------------------
          -7.32   data required time
        -1391.17   data arrival time
---------------------------------------------------------
        -1398.48   slack (VIOLATED)


Startpoint: _10775_ (falling edge-triggered flip-flop clocked by clk')
Endpoint: _10896_ (falling edge-triggered flip-flop clocked by clk')
Path Group: clk
Path Type: max

  Delay    Time   Description
---------------------------------------------------------
   0.00    0.00   clock clk' (fall edge)
   0.00    0.00   clock network delay (ideal)
   0.00    0.00 v _10775_/CLK (DFFLQNx3_ASAP7_75t_R)
 151.64  151.64 v _10775_/QN (DFFLQNx3_ASAP7_75t_R)
  70.60  222.24 ^ _05584_/Y (NAND2x2_ASAP7_75t_R)
  51.20  273.44 v _05585_/Y (NOR2x2_ASAP7_75t_R)
  31.32  304.76 ^ _05586_/Y (INVx4_ASAP7_75t_R)
  22.28  327.04 v _05761_/Y (NOR2x2_ASAP7_75t_R)
  50.28  377.32 ^ _05881_/Y (AOI211x1_ASAP7_75t_R)
  25.27  402.58 v _05882_/Y (NAND2x1_ASAP7_75t_R)
  20.00  422.58 ^ _05883_/Y (NOR2x1_ASAP7_75t_R)
  20.99  443.57 v _05902_/Y (NAND2x1_ASAP7_75t_R)
  17.61  461.19 ^ _05937_/Y (NOR2x2_ASAP7_75t_R)
  31.40  492.58 v _05938_/Y (AOI21x1_ASAP7_75t_R)
  34.61  527.19 ^ _05999_/Y (AOI21x1_ASAP7_75t_R)
  31.36  558.55 v _06004_/Y (AOI21x1_ASAP7_75t_R)
  38.46  597.01 v rebuffer413/Y (BUFx3_ASAP7_75t_R)
  54.00  651.01 ^ _06037_/Y (OAI21x1_ASAP7_75t_R)
  49.87  700.88 ^ load_slew73/Y (BUFx16f_ASAP7_75t_R)
  25.25  726.13 ^ rebuffer944/Y (BUFx6f_ASAP7_75t_R)
  30.07  756.20 ^ clone472/Y (BUFx10_ASAP7_75t_R)
  11.61  767.81 v _06184_/Y (NAND2x1_ASAP7_75t_R)
  29.66  797.47 v _06185_/Y (AO21x1_ASAP7_75t_R)
  38.25  835.72 v _06191_/Y (AO21x1_ASAP7_75t_R)
  32.10  867.82 ^ _06192_/Y (NAND2x2_ASAP7_75t_R)
  33.65  901.47 v _10450_/CON (FAx1_ASAP7_75t_R)
  41.39  942.86 v rebuffer441/Y (BUFx3_ASAP7_75t_R)
  38.62  981.48 v _06358_/Y (OA21x2_ASAP7_75t_R)
  21.99 1003.47 ^ _06359_/Y (OAI21x1_ASAP7_75t_R)
  17.20 1020.67 v _06410_/Y (AOI21x1_ASAP7_75t_R)
  42.14 1062.81 v _06411_/Y (OA21x2_ASAP7_75t_R)
  38.37 1101.18 v _06428_/Y (OA21x2_ASAP7_75t_R)
  21.99 1123.17 ^ _06429_/Y (OAI21x1_ASAP7_75t_R)
  38.68 1161.85 ^ rebuffer447/Y (BUFx2_ASAP7_75t_R)
  57.57 1219.42 v _10459_/SN (FAx1_ASAP7_75t_R)
  21.13 1240.55 ^ _07951_/Y (INVx1_ASAP7_75t_R)
  32.75 1273.30 ^ _07990_/Y (OA21x2_ASAP7_75t_R)
  56.22 1329.52 ^ _07992_/Y (OA22x2_ASAP7_75t_R)
  26.91 1356.42 v _08447_/Y (NOR2x1_ASAP7_75t_R)
  34.75 1391.17 v _08448_/Y (AO21x1_ASAP7_75t_R)
   0.00 1391.17 v _10896_/D (DFFLQNx2_ASAP7_75t_R)
        1391.17   data arrival time

  10.00   10.00   clock clk' (fall edge)
   0.00   10.00   clock network delay (ideal)
   0.00   10.00   clock reconvergence pessimism
          10.00 v _10896_/CLK (DFFLQNx2_ASAP7_75t_R)
 -17.32   -7.32   library setup time
          -7.32   data required time
---------------------------------------------------------
          -7.32   data required time
        -1391.17   data arrival time
---------------------------------------------------------
        -1398.48   slack (VIOLATED)


Startpoint: _10775_ (falling edge-triggered flip-flop clocked by clk')
Endpoint: _10920_ (falling edge-triggered flip-flop clocked by clk')
Path Group: clk
Path Type: max

  Delay    Time   Description
---------------------------------------------------------
   0.00    0.00   clock clk' (fall edge)
   0.00    0.00   clock network delay (ideal)
   0.00    0.00 v _10775_/CLK (DFFLQNx3_ASAP7_75t_R)
 151.64  151.64 v _10775_/QN (DFFLQNx3_ASAP7_75t_R)
  70.60  222.24 ^ _05584_/Y (NAND2x2_ASAP7_75t_R)
  51.20  273.44 v _05585_/Y (NOR2x2_ASAP7_75t_R)
  31.32  304.76 ^ _05586_/Y (INVx4_ASAP7_75t_R)
  22.28  327.04 v _05761_/Y (NOR2x2_ASAP7_75t_R)
  50.28  377.32 ^ _05881_/Y (AOI211x1_ASAP7_75t_R)
  25.27  402.58 v _05882_/Y (NAND2x1_ASAP7_75t_R)
  20.00  422.58 ^ _05883_/Y (NOR2x1_ASAP7_75t_R)
  20.99  443.57 v _05902_/Y (NAND2x1_ASAP7_75t_R)
  17.61  461.19 ^ _05937_/Y (NOR2x2_ASAP7_75t_R)
  31.40  492.58 v _05938_/Y (AOI21x1_ASAP7_75t_R)
  34.61  527.19 ^ _05999_/Y (AOI21x1_ASAP7_75t_R)
  31.36  558.55 v _06004_/Y (AOI21x1_ASAP7_75t_R)
  38.46  597.01 v rebuffer413/Y (BUFx3_ASAP7_75t_R)
  54.00  651.01 ^ _06037_/Y (OAI21x1_ASAP7_75t_R)
  49.87  700.88 ^ load_slew73/Y (BUFx16f_ASAP7_75t_R)
  25.25  726.13 ^ rebuffer944/Y (BUFx6f_ASAP7_75t_R)
  30.07  756.20 ^ clone472/Y (BUFx10_ASAP7_75t_R)
  11.61  767.81 v _06184_/Y (NAND2x1_ASAP7_75t_R)
  29.66  797.47 v _06185_/Y (AO21x1_ASAP7_75t_R)
  38.25  835.72 v _06191_/Y (AO21x1_ASAP7_75t_R)
  32.10  867.82 ^ _06192_/Y (NAND2x2_ASAP7_75t_R)
  33.65  901.47 v _10450_/CON (FAx1_ASAP7_75t_R)
  41.39  942.86 v rebuffer441/Y (BUFx3_ASAP7_75t_R)
  38.62  981.48 v _06358_/Y (OA21x2_ASAP7_75t_R)
  21.99 1003.47 ^ _06359_/Y (OAI21x1_ASAP7_75t_R)
  17.20 1020.67 v _06410_/Y (AOI21x1_ASAP7_75t_R)
  42.14 1062.81 v _06411_/Y (OA21x2_ASAP7_75t_R)
  38.37 1101.18 v _06428_/Y (OA21x2_ASAP7_75t_R)
  21.99 1123.17 ^ _06429_/Y (OAI21x1_ASAP7_75t_R)
  38.68 1161.85 ^ rebuffer447/Y (BUFx2_ASAP7_75t_R)
  57.57 1219.42 v _10459_/SN (FAx1_ASAP7_75t_R)
  21.13 1240.55 ^ _07951_/Y (INVx1_ASAP7_75t_R)
  32.75 1273.30 ^ _07990_/Y (OA21x2_ASAP7_75t_R)
  56.22 1329.52 ^ _07992_/Y (OA22x2_ASAP7_75t_R)
  26.91 1356.42 v _08504_/Y (NOR2x1_ASAP7_75t_R)
  34.75 1391.17 v _08505_/Y (AO21x1_ASAP7_75t_R)
   0.00 1391.17 v _10920_/D (DFFLQNx2_ASAP7_75t_R)
        1391.17   data arrival time

  10.00   10.00   clock clk' (fall edge)
   0.00   10.00   clock network delay (ideal)
   0.00   10.00   clock reconvergence pessimism
          10.00 v _10920_/CLK (DFFLQNx2_ASAP7_75t_R)
 -17.32   -7.32   library setup time
          -7.32   data required time
---------------------------------------------------------
          -7.32   data required time
        -1391.17   data arrival time
---------------------------------------------------------
        -1398.48   slack (VIOLATED)


Startpoint: _10775_ (falling edge-triggered flip-flop clocked by clk')
Endpoint: _10923_ (falling edge-triggered flip-flop clocked by clk')
Path Group: clk
Path Type: max

  Delay    Time   Description
---------------------------------------------------------
   0.00    0.00   clock clk' (fall edge)
   0.00    0.00   clock network delay (ideal)
   0.00    0.00 v _10775_/CLK (DFFLQNx3_ASAP7_75t_R)
 151.64  151.64 v _10775_/QN (DFFLQNx3_ASAP7_75t_R)
  70.60  222.24 ^ _05584_/Y (NAND2x2_ASAP7_75t_R)
  51.20  273.44 v _05585_/Y (NOR2x2_ASAP7_75t_R)
  31.32  304.76 ^ _05586_/Y (INVx4_ASAP7_75t_R)
  22.28  327.04 v _05761_/Y (NOR2x2_ASAP7_75t_R)
  50.28  377.32 ^ _05881_/Y (AOI211x1_ASAP7_75t_R)
  25.27  402.58 v _05882_/Y (NAND2x1_ASAP7_75t_R)
  20.00  422.58 ^ _05883_/Y (NOR2x1_ASAP7_75t_R)
  20.99  443.57 v _05902_/Y (NAND2x1_ASAP7_75t_R)
  17.61  461.19 ^ _05937_/Y (NOR2x2_ASAP7_75t_R)
  31.40  492.58 v _05938_/Y (AOI21x1_ASAP7_75t_R)
  34.61  527.19 ^ _05999_/Y (AOI21x1_ASAP7_75t_R)
  31.36  558.55 v _06004_/Y (AOI21x1_ASAP7_75t_R)
  38.46  597.01 v rebuffer413/Y (BUFx3_ASAP7_75t_R)
  54.00  651.01 ^ _06037_/Y (OAI21x1_ASAP7_75t_R)
  49.87  700.88 ^ load_slew73/Y (BUFx16f_ASAP7_75t_R)
  25.25  726.13 ^ rebuffer944/Y (BUFx6f_ASAP7_75t_R)
  30.07  756.20 ^ clone472/Y (BUFx10_ASAP7_75t_R)
  11.61  767.81 v _06184_/Y (NAND2x1_ASAP7_75t_R)
  29.66  797.47 v _06185_/Y (AO21x1_ASAP7_75t_R)
  38.25  835.72 v _06191_/Y (AO21x1_ASAP7_75t_R)
  32.10  867.82 ^ _06192_/Y (NAND2x2_ASAP7_75t_R)
  33.65  901.47 v _10450_/CON (FAx1_ASAP7_75t_R)
  41.39  942.86 v rebuffer441/Y (BUFx3_ASAP7_75t_R)
  38.62  981.48 v _06358_/Y (OA21x2_ASAP7_75t_R)
  21.99 1003.47 ^ _06359_/Y (OAI21x1_ASAP7_75t_R)
  17.20 1020.67 v _06410_/Y (AOI21x1_ASAP7_75t_R)
  42.14 1062.81 v _06411_/Y (OA21x2_ASAP7_75t_R)
  38.37 1101.18 v _06428_/Y (OA21x2_ASAP7_75t_R)
  21.99 1123.17 ^ _06429_/Y (OAI21x1_ASAP7_75t_R)
  21.13 1144.30 v _06432_/Y (AOI21x1_ASAP7_75t_R)
  34.86 1179.16 v rebuffer443/Y (BUFx2_ASAP7_75t_R)
  41.34 1220.49 ^ _10460_/CON (FAx1_ASAP7_75t_R)
  30.70 1251.20 v _08048_/Y (XNOR2x1_ASAP7_75t_R)
  23.66 1274.86 ^ _08049_/Y (NAND2x1_ASAP7_75t_R)
  37.61 1312.47 ^ _08068_/Y (AO221x1_ASAP7_75t_R)
  57.27 1369.73 ^ _08069_/Y (OA21x2_ASAP7_75t_R)
  19.28 1389.01 v _08511_/Y (OAI21x1_ASAP7_75t_R)
   0.00 1389.01 v _10923_/D (DFFLQNx2_ASAP7_75t_R)
        1389.01   data arrival time

  10.00   10.00   clock clk' (fall edge)
   0.00   10.00   clock network delay (ideal)
   0.00   10.00   clock reconvergence pessimism
          10.00 v _10923_/CLK (DFFLQNx2_ASAP7_75t_R)
 -18.68   -8.68   library setup time
          -8.68   data required time
---------------------------------------------------------
          -8.68   data required time
        -1389.01   data arrival time
---------------------------------------------------------
        -1397.70   slack (VIOLATED)


Startpoint: _10775_ (falling edge-triggered flip-flop clocked by clk')
Endpoint: _10739_ (falling edge-triggered flip-flop clocked by clk')
Path Group: clk
Path Type: max

  Delay    Time   Description
---------------------------------------------------------
   0.00    0.00   clock clk' (fall edge)
   0.00    0.00   clock network delay (ideal)
   0.00    0.00 v _10775_/CLK (DFFLQNx3_ASAP7_75t_R)
 151.64  151.64 v _10775_/QN (DFFLQNx3_ASAP7_75t_R)
  70.60  222.24 ^ _05584_/Y (NAND2x2_ASAP7_75t_R)
  51.20  273.44 v _05585_/Y (NOR2x2_ASAP7_75t_R)
  31.32  304.76 ^ _05586_/Y (INVx4_ASAP7_75t_R)
  22.28  327.04 v _05761_/Y (NOR2x2_ASAP7_75t_R)
  50.28  377.32 ^ _05881_/Y (AOI211x1_ASAP7_75t_R)
  25.27  402.58 v _05882_/Y (NAND2x1_ASAP7_75t_R)
  20.00  422.58 ^ _05883_/Y (NOR2x1_ASAP7_75t_R)
  20.99  443.57 v _05902_/Y (NAND2x1_ASAP7_75t_R)
  17.61  461.19 ^ _05937_/Y (NOR2x2_ASAP7_75t_R)
  26.63  487.82 ^ _06304_/Y (AO21x1_ASAP7_75t_R)
  65.79  553.60 ^ _06306_/Y (OA22x2_ASAP7_75t_R)
  29.94  583.54 v _06308_/Y (CKINVDCx16_ASAP7_75t_R)
  25.85  609.39 ^ _06508_/Y (NOR2x2_ASAP7_75t_R)
  32.13  641.52 ^ rebuffer542/Y (BUFx2_ASAP7_75t_R)
  30.34  671.86 ^ _06509_/Y (AO21x1_ASAP7_75t_R)
  17.82  689.68 v _07026_/Y (INVx1_ASAP7_75t_R)
  40.77  730.45 v _10531_/SN (HAxp5_ASAP7_75t_R)
  38.63  769.08 v _06554_/Y (OA21x2_ASAP7_75t_R)
  16.76  785.84 ^ _06555_/Y (OAI21x1_ASAP7_75t_R)
  24.06  809.90 v _06556_/Y (INVx1_ASAP7_75t_R)
  38.36  848.26 v _06598_/Y (OA21x2_ASAP7_75t_R)
  41.13  889.39 v _06599_/Y (OA21x2_ASAP7_75t_R)
  38.38  927.77 v _06890_/Y (OA21x2_ASAP7_75t_R)
  29.73  957.50 ^ _06891_/Y (OAI21x1_ASAP7_75t_R)
  16.69  974.19 v _06914_/Y (NAND2x1_ASAP7_75t_R)
  55.79 1029.98 v _06915_/Y (OA211x2_ASAP7_75t_R)
  41.27 1071.25 v _06917_/Y (OR3x1_ASAP7_75t_R)
  55.04 1126.29 v _06918_/Y (OA211x2_ASAP7_75t_R)
  45.60 1171.89 v _06955_/Y (OR3x1_ASAP7_75t_R)
  24.62 1196.51 ^ _06956_/Y (NAND2x1_ASAP7_75t_R)
  75.65 1272.16 v _10470_/SN (FAx1_ASAP7_75t_R)
  41.06 1313.23 v _09838_/Y (AO21x1_ASAP7_75t_R)
  16.43 1329.66 ^ _09840_/Y (OAI21x1_ASAP7_75t_R)
  44.79 1374.44 ^ _09842_/Y (AO221x1_ASAP7_75t_R)
  13.37 1387.82 v _09843_/Y (NAND2x1_ASAP7_75t_R)
   0.00 1387.82 v _10739_/D (DFFLQNx2_ASAP7_75t_R)
        1387.82   data arrival time

  10.00   10.00   clock clk' (fall edge)
   0.00   10.00   clock network delay (ideal)
   0.00   10.00   clock reconvergence pessimism
          10.00 v _10739_/CLK (DFFLQNx2_ASAP7_75t_R)
 -17.35   -7.35   library setup time
          -7.35   data required time
---------------------------------------------------------
          -7.35   data required time
        -1387.82   data arrival time
---------------------------------------------------------
        -1395.16   slack (VIOLATED)


Startpoint: _10775_ (falling edge-triggered flip-flop clocked by clk')
Endpoint: _10912_ (falling edge-triggered flip-flop clocked by clk')
Path Group: clk
Path Type: max

  Delay    Time   Description
---------------------------------------------------------
   0.00    0.00   clock clk' (fall edge)
   0.00    0.00   clock network delay (ideal)
   0.00    0.00 v _10775_/CLK (DFFLQNx3_ASAP7_75t_R)
 151.64  151.64 v _10775_/QN (DFFLQNx3_ASAP7_75t_R)
  70.60  222.24 ^ _05584_/Y (NAND2x2_ASAP7_75t_R)
  51.20  273.44 v _05585_/Y (NOR2x2_ASAP7_75t_R)
  31.32  304.76 ^ _05586_/Y (INVx4_ASAP7_75t_R)
  22.28  327.04 v _05761_/Y (NOR2x2_ASAP7_75t_R)
  50.28  377.32 ^ _05881_/Y (AOI211x1_ASAP7_75t_R)
  25.27  402.58 v _05882_/Y (NAND2x1_ASAP7_75t_R)
  20.00  422.58 ^ _05883_/Y (NOR2x1_ASAP7_75t_R)
  20.99  443.57 v _05902_/Y (NAND2x1_ASAP7_75t_R)
  17.61  461.19 ^ _05937_/Y (NOR2x2_ASAP7_75t_R)
  31.40  492.58 v _05938_/Y (AOI21x1_ASAP7_75t_R)
  34.61  527.19 ^ _05999_/Y (AOI21x1_ASAP7_75t_R)
  31.36  558.55 v _06004_/Y (AOI21x1_ASAP7_75t_R)
  38.46  597.01 v rebuffer413/Y (BUFx3_ASAP7_75t_R)
  54.00  651.01 ^ _06037_/Y (OAI21x1_ASAP7_75t_R)
  49.87  700.88 ^ load_slew73/Y (BUFx16f_ASAP7_75t_R)
  25.25  726.13 ^ rebuffer944/Y (BUFx6f_ASAP7_75t_R)
  30.07  756.20 ^ clone472/Y (BUFx10_ASAP7_75t_R)
  11.61  767.81 v _06184_/Y (NAND2x1_ASAP7_75t_R)
  29.66  797.47 v _06185_/Y (AO21x1_ASAP7_75t_R)
  38.25  835.72 v _06191_/Y (AO21x1_ASAP7_75t_R)
  32.10  867.82 ^ _06192_/Y (NAND2x2_ASAP7_75t_R)
  33.65  901.47 v _10450_/CON (FAx1_ASAP7_75t_R)
  41.39  942.86 v rebuffer441/Y (BUFx3_ASAP7_75t_R)
  38.62  981.48 v _06358_/Y (OA21x2_ASAP7_75t_R)
  21.99 1003.47 ^ _06359_/Y (OAI21x1_ASAP7_75t_R)
  17.20 1020.67 v _06410_/Y (AOI21x1_ASAP7_75t_R)
  42.14 1062.81 v _06411_/Y (OA21x2_ASAP7_75t_R)
  38.37 1101.18 v _06428_/Y (OA21x2_ASAP7_75t_R)
  21.99 1123.17 ^ _06429_/Y (OAI21x1_ASAP7_75t_R)
  38.68 1161.85 ^ rebuffer447/Y (BUFx2_ASAP7_75t_R)
  57.57 1219.42 v _10459_/SN (FAx1_ASAP7_75t_R)
  21.13 1240.55 ^ _07951_/Y (INVx1_ASAP7_75t_R)
  32.75 1273.30 ^ _07990_/Y (OA21x2_ASAP7_75t_R)
  56.22 1329.52 ^ _07992_/Y (OA22x2_ASAP7_75t_R)
  22.78 1352.29 v _08485_/Y (NOR2x1_ASAP7_75t_R)
  33.96 1386.26 v _08486_/Y (AO21x1_ASAP7_75t_R)
   0.00 1386.26 v _10912_/D (DFFLQNx2_ASAP7_75t_R)
        1386.26   data arrival time

  10.00   10.00   clock clk' (fall edge)
   0.00   10.00   clock network delay (ideal)
   0.00   10.00   clock reconvergence pessimism
          10.00 v _10912_/CLK (DFFLQNx2_ASAP7_75t_R)
 -17.33   -7.33   library setup time
          -7.33   data required time
---------------------------------------------------------
          -7.33   data required time
        -1386.26   data arrival time
---------------------------------------------------------
        -1393.59   slack (VIOLATED)


Startpoint: _10775_ (falling edge-triggered flip-flop clocked by clk')
Endpoint: _10928_ (falling edge-triggered flip-flop clocked by clk')
Path Group: clk
Path Type: max

  Delay    Time   Description
---------------------------------------------------------
   0.00    0.00   clock clk' (fall edge)
   0.00    0.00   clock network delay (ideal)
   0.00    0.00 v _10775_/CLK (DFFLQNx3_ASAP7_75t_R)
 151.64  151.64 v _10775_/QN (DFFLQNx3_ASAP7_75t_R)
  70.60  222.24 ^ _05584_/Y (NAND2x2_ASAP7_75t_R)
  51.20  273.44 v _05585_/Y (NOR2x2_ASAP7_75t_R)
  31.32  304.76 ^ _05586_/Y (INVx4_ASAP7_75t_R)
  22.28  327.04 v _05761_/Y (NOR2x2_ASAP7_75t_R)
  50.28  377.32 ^ _05881_/Y (AOI211x1_ASAP7_75t_R)
  25.27  402.58 v _05882_/Y (NAND2x1_ASAP7_75t_R)
  20.00  422.58 ^ _05883_/Y (NOR2x1_ASAP7_75t_R)
  20.99  443.57 v _05902_/Y (NAND2x1_ASAP7_75t_R)
  17.61  461.19 ^ _05937_/Y (NOR2x2_ASAP7_75t_R)
  31.40  492.58 v _05938_/Y (AOI21x1_ASAP7_75t_R)
  34.61  527.19 ^ _05999_/Y (AOI21x1_ASAP7_75t_R)
  31.36  558.55 v _06004_/Y (AOI21x1_ASAP7_75t_R)
  38.46  597.01 v rebuffer413/Y (BUFx3_ASAP7_75t_R)
  54.00  651.01 ^ _06037_/Y (OAI21x1_ASAP7_75t_R)
  49.87  700.88 ^ load_slew73/Y (BUFx16f_ASAP7_75t_R)
  25.25  726.13 ^ rebuffer944/Y (BUFx6f_ASAP7_75t_R)
  30.07  756.20 ^ clone472/Y (BUFx10_ASAP7_75t_R)
  11.61  767.81 v _06184_/Y (NAND2x1_ASAP7_75t_R)
  29.66  797.47 v _06185_/Y (AO21x1_ASAP7_75t_R)
  38.25  835.72 v _06191_/Y (AO21x1_ASAP7_75t_R)
  32.10  867.82 ^ _06192_/Y (NAND2x2_ASAP7_75t_R)
  33.65  901.47 v _10450_/CON (FAx1_ASAP7_75t_R)
  41.39  942.86 v rebuffer441/Y (BUFx3_ASAP7_75t_R)
  38.62  981.48 v _06358_/Y (OA21x2_ASAP7_75t_R)
  21.99 1003.47 ^ _06359_/Y (OAI21x1_ASAP7_75t_R)
  17.20 1020.67 v _06410_/Y (AOI21x1_ASAP7_75t_R)
  42.14 1062.81 v _06411_/Y (OA21x2_ASAP7_75t_R)
  38.37 1101.18 v _06428_/Y (OA21x2_ASAP7_75t_R)
  21.99 1123.17 ^ _06429_/Y (OAI21x1_ASAP7_75t_R)
  38.68 1161.85 ^ rebuffer447/Y (BUFx2_ASAP7_75t_R)
  57.57 1219.42 v _10459_/SN (FAx1_ASAP7_75t_R)
  21.13 1240.55 ^ _07951_/Y (INVx1_ASAP7_75t_R)
  32.75 1273.30 ^ _07990_/Y (OA21x2_ASAP7_75t_R)
  56.22 1329.52 ^ _07992_/Y (OA22x2_ASAP7_75t_R)
  22.78 1352.29 v _08522_/Y (NOR2x1_ASAP7_75t_R)
  33.96 1386.26 v _08523_/Y (AO21x1_ASAP7_75t_R)
   0.00 1386.26 v _10928_/D (DFFLQNx2_ASAP7_75t_R)
        1386.26   data arrival time

  10.00   10.00   clock clk' (fall edge)
   0.00   10.00   clock network delay (ideal)
   0.00   10.00   clock reconvergence pessimism
          10.00 v _10928_/CLK (DFFLQNx2_ASAP7_75t_R)
 -17.33   -7.33   library setup time
          -7.33   data required time
---------------------------------------------------------
          -7.33   data required time
        -1386.26   data arrival time
---------------------------------------------------------
        -1393.59   slack (VIOLATED)


Startpoint: _10775_ (falling edge-triggered flip-flop clocked by clk')
Endpoint: _10883_ (falling edge-triggered flip-flop clocked by clk')
Path Group: clk
Path Type: max

  Delay    Time   Description
---------------------------------------------------------
   0.00    0.00   clock clk' (fall edge)
   0.00    0.00   clock network delay (ideal)
   0.00    0.00 v _10775_/CLK (DFFLQNx3_ASAP7_75t_R)
 151.64  151.64 v _10775_/QN (DFFLQNx3_ASAP7_75t_R)
  70.60  222.24 ^ _05584_/Y (NAND2x2_ASAP7_75t_R)
  51.20  273.44 v _05585_/Y (NOR2x2_ASAP7_75t_R)
  31.32  304.76 ^ _05586_/Y (INVx4_ASAP7_75t_R)
  22.28  327.04 v _05761_/Y (NOR2x2_ASAP7_75t_R)
  50.28  377.32 ^ _05881_/Y (AOI211x1_ASAP7_75t_R)
  25.27  402.58 v _05882_/Y (NAND2x1_ASAP7_75t_R)
  20.00  422.58 ^ _05883_/Y (NOR2x1_ASAP7_75t_R)
  20.99  443.57 v _05902_/Y (NAND2x1_ASAP7_75t_R)
  17.61  461.19 ^ _05937_/Y (NOR2x2_ASAP7_75t_R)
  31.40  492.58 v _05938_/Y (AOI21x1_ASAP7_75t_R)
  34.61  527.19 ^ _05999_/Y (AOI21x1_ASAP7_75t_R)
  31.36  558.55 v _06004_/Y (AOI21x1_ASAP7_75t_R)
  38.46  597.01 v rebuffer413/Y (BUFx3_ASAP7_75t_R)
  54.00  651.01 ^ _06037_/Y (OAI21x1_ASAP7_75t_R)
  49.87  700.88 ^ load_slew73/Y (BUFx16f_ASAP7_75t_R)
  25.25  726.13 ^ rebuffer944/Y (BUFx6f_ASAP7_75t_R)
  30.07  756.20 ^ clone472/Y (BUFx10_ASAP7_75t_R)
  11.61  767.81 v _06184_/Y (NAND2x1_ASAP7_75t_R)
  29.66  797.47 v _06185_/Y (AO21x1_ASAP7_75t_R)
  38.25  835.72 v _06191_/Y (AO21x1_ASAP7_75t_R)
  32.10  867.82 ^ _06192_/Y (NAND2x2_ASAP7_75t_R)
  33.65  901.47 v _10450_/CON (FAx1_ASAP7_75t_R)
  41.39  942.86 v rebuffer441/Y (BUFx3_ASAP7_75t_R)
  38.62  981.48 v _06358_/Y (OA21x2_ASAP7_75t_R)
  21.99 1003.47 ^ _06359_/Y (OAI21x1_ASAP7_75t_R)
  17.20 1020.67 v _06410_/Y (AOI21x1_ASAP7_75t_R)
  42.14 1062.81 v _06411_/Y (OA21x2_ASAP7_75t_R)
  38.37 1101.18 v _06428_/Y (OA21x2_ASAP7_75t_R)
  21.99 1123.17 ^ _06429_/Y (OAI21x1_ASAP7_75t_R)
  38.68 1161.85 ^ rebuffer447/Y (BUFx2_ASAP7_75t_R)
  57.57 1219.42 v _10459_/SN (FAx1_ASAP7_75t_R)
  21.13 1240.55 ^ _07951_/Y (INVx1_ASAP7_75t_R)
  32.75 1273.30 ^ _07990_/Y (OA21x2_ASAP7_75t_R)
  56.22 1329.52 ^ _07992_/Y (OA22x2_ASAP7_75t_R)
  22.78 1352.29 v _08394_/Y (NOR2x1_ASAP7_75t_R)
  33.96 1386.26 v _08395_/Y (AO21x1_ASAP7_75t_R)
   0.00 1386.26 v _10883_/D (DFFLQNx2_ASAP7_75t_R)
        1386.26   data arrival time

  10.00   10.00   clock clk' (fall edge)
   0.00   10.00   clock network delay (ideal)
   0.00   10.00   clock reconvergence pessimism
          10.00 v _10883_/CLK (DFFLQNx2_ASAP7_75t_R)
 -17.33   -7.33   library setup time
          -7.33   data required time
---------------------------------------------------------
          -7.33   data required time
        -1386.26   data arrival time
---------------------------------------------------------
        -1393.58   slack (VIOLATED)


Startpoint: _10775_ (falling edge-triggered flip-flop clocked by clk')
Endpoint: _10867_ (falling edge-triggered flip-flop clocked by clk')
Path Group: clk
Path Type: max

  Delay    Time   Description
---------------------------------------------------------
   0.00    0.00   clock clk' (fall edge)
   0.00    0.00   clock network delay (ideal)
   0.00    0.00 v _10775_/CLK (DFFLQNx3_ASAP7_75t_R)
 151.64  151.64 v _10775_/QN (DFFLQNx3_ASAP7_75t_R)
  70.60  222.24 ^ _05584_/Y (NAND2x2_ASAP7_75t_R)
  51.20  273.44 v _05585_/Y (NOR2x2_ASAP7_75t_R)
  31.32  304.76 ^ _05586_/Y (INVx4_ASAP7_75t_R)
  22.28  327.04 v _05761_/Y (NOR2x2_ASAP7_75t_R)
  50.28  377.32 ^ _05881_/Y (AOI211x1_ASAP7_75t_R)
  25.27  402.58 v _05882_/Y (NAND2x1_ASAP7_75t_R)
  20.00  422.58 ^ _05883_/Y (NOR2x1_ASAP7_75t_R)
  20.99  443.57 v _05902_/Y (NAND2x1_ASAP7_75t_R)
  17.61  461.19 ^ _05937_/Y (NOR2x2_ASAP7_75t_R)
  31.40  492.58 v _05938_/Y (AOI21x1_ASAP7_75t_R)
  34.61  527.19 ^ _05999_/Y (AOI21x1_ASAP7_75t_R)
  31.36  558.55 v _06004_/Y (AOI21x1_ASAP7_75t_R)
  38.46  597.01 v rebuffer413/Y (BUFx3_ASAP7_75t_R)
  54.00  651.01 ^ _06037_/Y (OAI21x1_ASAP7_75t_R)
  49.87  700.88 ^ load_slew73/Y (BUFx16f_ASAP7_75t_R)
  25.25  726.13 ^ rebuffer944/Y (BUFx6f_ASAP7_75t_R)
  30.07  756.20 ^ clone472/Y (BUFx10_ASAP7_75t_R)
  11.61  767.81 v _06184_/Y (NAND2x1_ASAP7_75t_R)
  29.66  797.47 v _06185_/Y (AO21x1_ASAP7_75t_R)
  38.25  835.72 v _06191_/Y (AO21x1_ASAP7_75t_R)
  32.10  867.82 ^ _06192_/Y (NAND2x2_ASAP7_75t_R)
  33.65  901.47 v _10450_/CON (FAx1_ASAP7_75t_R)
  41.39  942.86 v rebuffer441/Y (BUFx3_ASAP7_75t_R)
  38.62  981.48 v _06358_/Y (OA21x2_ASAP7_75t_R)
  21.99 1003.47 ^ _06359_/Y (OAI21x1_ASAP7_75t_R)
  17.20 1020.67 v _06410_/Y (AOI21x1_ASAP7_75t_R)
  42.14 1062.81 v _06411_/Y (OA21x2_ASAP7_75t_R)
  38.37 1101.18 v _06428_/Y (OA21x2_ASAP7_75t_R)
  21.99 1123.17 ^ _06429_/Y (OAI21x1_ASAP7_75t_R)
  38.68 1161.85 ^ rebuffer447/Y (BUFx2_ASAP7_75t_R)
  57.57 1219.42 v _10459_/SN (FAx1_ASAP7_75t_R)
  21.13 1240.55 ^ _07951_/Y (INVx1_ASAP7_75t_R)
  32.75 1273.30 ^ _07990_/Y (OA21x2_ASAP7_75t_R)
  56.22 1329.52 ^ _07992_/Y (OA22x2_ASAP7_75t_R)
  22.78 1352.29 v _08357_/Y (NOR2x1_ASAP7_75t_R)
  33.96 1386.26 v _08358_/Y (AO21x1_ASAP7_75t_R)
   0.00 1386.26 v _10867_/D (DFFLQNx2_ASAP7_75t_R)
        1386.26   data arrival time

  10.00   10.00   clock clk' (fall edge)
   0.00   10.00   clock network delay (ideal)
   0.00   10.00   clock reconvergence pessimism
          10.00 v _10867_/CLK (DFFLQNx2_ASAP7_75t_R)
 -17.31   -7.31   library setup time
          -7.31   data required time
---------------------------------------------------------
          -7.31   data required time
        -1386.26   data arrival time
---------------------------------------------------------
        -1393.57   slack (VIOLATED)


Startpoint: _10775_ (falling edge-triggered flip-flop clocked by clk')
Endpoint: _10738_ (falling edge-triggered flip-flop clocked by clk')
Path Group: clk
Path Type: max

  Delay    Time   Description
---------------------------------------------------------
   0.00    0.00   clock clk' (fall edge)
   0.00    0.00   clock network delay (ideal)
   0.00    0.00 v _10775_/CLK (DFFLQNx3_ASAP7_75t_R)
 151.64  151.64 v _10775_/QN (DFFLQNx3_ASAP7_75t_R)
  70.60  222.24 ^ _05584_/Y (NAND2x2_ASAP7_75t_R)
  51.20  273.44 v _05585_/Y (NOR2x2_ASAP7_75t_R)
  31.32  304.76 ^ _05586_/Y (INVx4_ASAP7_75t_R)
  22.28  327.04 v _05761_/Y (NOR2x2_ASAP7_75t_R)
  50.28  377.32 ^ _05881_/Y (AOI211x1_ASAP7_75t_R)
  25.27  402.58 v _05882_/Y (NAND2x1_ASAP7_75t_R)
  20.00  422.58 ^ _05883_/Y (NOR2x1_ASAP7_75t_R)
  20.99  443.57 v _05902_/Y (NAND2x1_ASAP7_75t_R)
  17.61  461.19 ^ _05937_/Y (NOR2x2_ASAP7_75t_R)
  26.63  487.82 ^ _06304_/Y (AO21x1_ASAP7_75t_R)
  65.79  553.60 ^ _06306_/Y (OA22x2_ASAP7_75t_R)
  29.94  583.54 v _06308_/Y (CKINVDCx16_ASAP7_75t_R)
  25.85  609.39 ^ _06508_/Y (NOR2x2_ASAP7_75t_R)
  32.13  641.52 ^ rebuffer542/Y (BUFx2_ASAP7_75t_R)
  30.34  671.86 ^ _06509_/Y (AO21x1_ASAP7_75t_R)
  17.82  689.68 v _07026_/Y (INVx1_ASAP7_75t_R)
  40.77  730.45 v _10531_/SN (HAxp5_ASAP7_75t_R)
  38.63  769.08 v _06554_/Y (OA21x2_ASAP7_75t_R)
  16.76  785.84 ^ _06555_/Y (OAI21x1_ASAP7_75t_R)
  24.06  809.90 v _06556_/Y (INVx1_ASAP7_75t_R)
  38.36  848.26 v _06598_/Y (OA21x2_ASAP7_75t_R)
  41.13  889.39 v _06599_/Y (OA21x2_ASAP7_75t_R)
  38.38  927.77 v _06890_/Y (OA21x2_ASAP7_75t_R)
  29.73  957.50 ^ _06891_/Y (OAI21x1_ASAP7_75t_R)
  16.69  974.19 v _06914_/Y (NAND2x1_ASAP7_75t_R)
  55.79 1029.98 v _06915_/Y (OA211x2_ASAP7_75t_R)
  41.27 1071.25 v _06917_/Y (OR3x1_ASAP7_75t_R)
  55.04 1126.29 v _06918_/Y (OA211x2_ASAP7_75t_R)
  23.62 1149.91 ^ _06919_/Y (INVx1_ASAP7_75t_R)
  37.41 1187.32 v _10469_/CON (FAx1_ASAP7_75t_R)
  46.28 1233.60 v _09827_/Y (XOR2x1_ASAP7_75t_R)
  17.14 1250.75 ^ _09828_/Y (INVx1_ASAP7_75t_R)
  30.87 1281.61 ^ _09829_/Y (AO21x1_ASAP7_75t_R)
  19.10 1300.71 v _09831_/Y (OAI22x1_ASAP7_75t_R)
  16.22 1316.93 ^ _09832_/Y (NAND2x1_ASAP7_75t_R)
  45.70 1362.64 ^ _09834_/Y (AO221x1_ASAP7_75t_R)
  13.38 1376.01 v _09835_/Y (NAND2x1_ASAP7_75t_R)
   0.00 1376.01 v _10738_/D (DFFLQNx2_ASAP7_75t_R)
        1376.01   data arrival time

  10.00   10.00   clock clk' (fall edge)
   0.00   10.00   clock network delay (ideal)
   0.00   10.00   clock reconvergence pessimism
          10.00 v _10738_/CLK (DFFLQNx2_ASAP7_75t_R)
 -17.35   -7.35   library setup time
          -7.35   data required time
---------------------------------------------------------
          -7.35   data required time
        -1376.01   data arrival time
---------------------------------------------------------
        -1383.36   slack (VIOLATED)


Startpoint: _10775_ (falling edge-triggered flip-flop clocked by clk')
Endpoint: _10913_ (falling edge-triggered flip-flop clocked by clk')
Path Group: clk
Path Type: max

  Delay    Time   Description
---------------------------------------------------------
   0.00    0.00   clock clk' (fall edge)
   0.00    0.00   clock network delay (ideal)
   0.00    0.00 v _10775_/CLK (DFFLQNx3_ASAP7_75t_R)
 151.64  151.64 v _10775_/QN (DFFLQNx3_ASAP7_75t_R)
  70.60  222.24 ^ _05584_/Y (NAND2x2_ASAP7_75t_R)
  51.20  273.44 v _05585_/Y (NOR2x2_ASAP7_75t_R)
  31.32  304.76 ^ _05586_/Y (INVx4_ASAP7_75t_R)
  22.28  327.04 v _05761_/Y (NOR2x2_ASAP7_75t_R)
  50.28  377.32 ^ _05881_/Y (AOI211x1_ASAP7_75t_R)
  25.27  402.58 v _05882_/Y (NAND2x1_ASAP7_75t_R)
  20.00  422.58 ^ _05883_/Y (NOR2x1_ASAP7_75t_R)
  20.99  443.57 v _05902_/Y (NAND2x1_ASAP7_75t_R)
  17.61  461.19 ^ _05937_/Y (NOR2x2_ASAP7_75t_R)
  31.40  492.58 v _05938_/Y (AOI21x1_ASAP7_75t_R)
  34.61  527.19 ^ _05999_/Y (AOI21x1_ASAP7_75t_R)
  31.36  558.55 v _06004_/Y (AOI21x1_ASAP7_75t_R)
  38.46  597.01 v rebuffer413/Y (BUFx3_ASAP7_75t_R)
  54.00  651.01 ^ _06037_/Y (OAI21x1_ASAP7_75t_R)
  49.87  700.88 ^ load_slew73/Y (BUFx16f_ASAP7_75t_R)
  25.25  726.13 ^ rebuffer944/Y (BUFx6f_ASAP7_75t_R)
  30.07  756.20 ^ clone472/Y (BUFx10_ASAP7_75t_R)
  11.61  767.81 v _06184_/Y (NAND2x1_ASAP7_75t_R)
  29.66  797.47 v _06185_/Y (AO21x1_ASAP7_75t_R)
  38.25  835.72 v _06191_/Y (AO21x1_ASAP7_75t_R)
  32.10  867.82 ^ _06192_/Y (NAND2x2_ASAP7_75t_R)
  33.65  901.47 v _10450_/CON (FAx1_ASAP7_75t_R)
  41.39  942.86 v rebuffer441/Y (BUFx3_ASAP7_75t_R)
  38.62  981.48 v _06358_/Y (OA21x2_ASAP7_75t_R)
  21.99 1003.47 ^ _06359_/Y (OAI21x1_ASAP7_75t_R)
  17.20 1020.67 v _06410_/Y (AOI21x1_ASAP7_75t_R)
  42.14 1062.81 v _06411_/Y (OA21x2_ASAP7_75t_R)
  38.37 1101.18 v _06428_/Y (OA21x2_ASAP7_75t_R)
  21.99 1123.17 ^ _06429_/Y (OAI21x1_ASAP7_75t_R)
  38.68 1161.85 ^ rebuffer447/Y (BUFx2_ASAP7_75t_R)
  26.28 1188.13 v _10459_/CON (FAx1_ASAP7_75t_R)
  51.18 1239.31 v _07997_/Y (XOR2x2_ASAP7_75t_R)
  17.45 1256.75 ^ _08014_/Y (AOI21x1_ASAP7_75t_R)
  59.68 1316.43 ^ _08017_/Y (OA22x2_ASAP7_75t_R)
  22.89 1339.32 v _08487_/Y (NOR2x1_ASAP7_75t_R)
  33.99 1373.31 v _08488_/Y (AO21x1_ASAP7_75t_R)
   0.00 1373.31 v _10913_/D (DFFLQNx2_ASAP7_75t_R)
        1373.31   data arrival time

  10.00   10.00   clock clk' (fall edge)
   0.00   10.00   clock network delay (ideal)
   0.00   10.00   clock reconvergence pessimism
          10.00 v _10913_/CLK (DFFLQNx2_ASAP7_75t_R)
 -17.33   -7.33   library setup time
          -7.33   data required time
---------------------------------------------------------
          -7.33   data required time
        -1373.31   data arrival time
---------------------------------------------------------
        -1380.65   slack (VIOLATED)


Startpoint: _10775_ (falling edge-triggered flip-flop clocked by clk')
Endpoint: _10929_ (falling edge-triggered flip-flop clocked by clk')
Path Group: clk
Path Type: max

  Delay    Time   Description
---------------------------------------------------------
   0.00    0.00   clock clk' (fall edge)
   0.00    0.00   clock network delay (ideal)
   0.00    0.00 v _10775_/CLK (DFFLQNx3_ASAP7_75t_R)
 151.64  151.64 v _10775_/QN (DFFLQNx3_ASAP7_75t_R)
  70.60  222.24 ^ _05584_/Y (NAND2x2_ASAP7_75t_R)
  51.20  273.44 v _05585_/Y (NOR2x2_ASAP7_75t_R)
  31.32  304.76 ^ _05586_/Y (INVx4_ASAP7_75t_R)
  22.28  327.04 v _05761_/Y (NOR2x2_ASAP7_75t_R)
  50.28  377.32 ^ _05881_/Y (AOI211x1_ASAP7_75t_R)
  25.27  402.58 v _05882_/Y (NAND2x1_ASAP7_75t_R)
  20.00  422.58 ^ _05883_/Y (NOR2x1_ASAP7_75t_R)
  20.99  443.57 v _05902_/Y (NAND2x1_ASAP7_75t_R)
  17.61  461.19 ^ _05937_/Y (NOR2x2_ASAP7_75t_R)
  31.40  492.58 v _05938_/Y (AOI21x1_ASAP7_75t_R)
  34.61  527.19 ^ _05999_/Y (AOI21x1_ASAP7_75t_R)
  31.36  558.55 v _06004_/Y (AOI21x1_ASAP7_75t_R)
  38.46  597.01 v rebuffer413/Y (BUFx3_ASAP7_75t_R)
  54.00  651.01 ^ _06037_/Y (OAI21x1_ASAP7_75t_R)
  49.87  700.88 ^ load_slew73/Y (BUFx16f_ASAP7_75t_R)
  25.25  726.13 ^ rebuffer944/Y (BUFx6f_ASAP7_75t_R)
  30.07  756.20 ^ clone472/Y (BUFx10_ASAP7_75t_R)
  11.61  767.81 v _06184_/Y (NAND2x1_ASAP7_75t_R)
  29.66  797.47 v _06185_/Y (AO21x1_ASAP7_75t_R)
  38.25  835.72 v _06191_/Y (AO21x1_ASAP7_75t_R)
  32.10  867.82 ^ _06192_/Y (NAND2x2_ASAP7_75t_R)
  33.65  901.47 v _10450_/CON (FAx1_ASAP7_75t_R)
  41.39  942.86 v rebuffer441/Y (BUFx3_ASAP7_75t_R)
  38.62  981.48 v _06358_/Y (OA21x2_ASAP7_75t_R)
  21.99 1003.47 ^ _06359_/Y (OAI21x1_ASAP7_75t_R)
  17.20 1020.67 v _06410_/Y (AOI21x1_ASAP7_75t_R)
  42.14 1062.81 v _06411_/Y (OA21x2_ASAP7_75t_R)
  38.37 1101.18 v _06428_/Y (OA21x2_ASAP7_75t_R)
  21.99 1123.17 ^ _06429_/Y (OAI21x1_ASAP7_75t_R)
  38.68 1161.85 ^ rebuffer447/Y (BUFx2_ASAP7_75t_R)
  26.28 1188.13 v _10459_/CON (FAx1_ASAP7_75t_R)
  51.18 1239.31 v _07997_/Y (XOR2x2_ASAP7_75t_R)
  17.45 1256.75 ^ _08014_/Y (AOI21x1_ASAP7_75t_R)
  59.68 1316.43 ^ _08017_/Y (OA22x2_ASAP7_75t_R)
  22.89 1339.32 v _08524_/Y (NOR2x1_ASAP7_75t_R)
  33.99 1373.31 v _08525_/Y (AO21x1_ASAP7_75t_R)
   0.00 1373.31 v _10929_/D (DFFLQNx2_ASAP7_75t_R)
        1373.31   data arrival time

  10.00   10.00   clock clk' (fall edge)
   0.00   10.00   clock network delay (ideal)
   0.00   10.00   clock reconvergence pessimism
          10.00 v _10929_/CLK (DFFLQNx2_ASAP7_75t_R)
 -17.33   -7.33   library setup time
          -7.33   data required time
---------------------------------------------------------
          -7.33   data required time
        -1373.31   data arrival time
---------------------------------------------------------
        -1380.65   slack (VIOLATED)


Startpoint: _10775_ (falling edge-triggered flip-flop clocked by clk')
Endpoint: _10801_ (falling edge-triggered flip-flop clocked by clk')
Path Group: clk
Path Type: max

  Delay    Time   Description
---------------------------------------------------------
   0.00    0.00   clock clk' (fall edge)
   0.00    0.00   clock network delay (ideal)
   0.00    0.00 v _10775_/CLK (DFFLQNx3_ASAP7_75t_R)
 151.64  151.64 v _10775_/QN (DFFLQNx3_ASAP7_75t_R)
  70.60  222.24 ^ _05584_/Y (NAND2x2_ASAP7_75t_R)
  51.20  273.44 v _05585_/Y (NOR2x2_ASAP7_75t_R)
  31.32  304.76 ^ _05586_/Y (INVx4_ASAP7_75t_R)
  22.28  327.04 v _05761_/Y (NOR2x2_ASAP7_75t_R)
  50.28  377.32 ^ _05881_/Y (AOI211x1_ASAP7_75t_R)
  25.27  402.58 v _05882_/Y (NAND2x1_ASAP7_75t_R)
  20.00  422.58 ^ _05883_/Y (NOR2x1_ASAP7_75t_R)
  20.99  443.57 v _05902_/Y (NAND2x1_ASAP7_75t_R)
  17.61  461.19 ^ _05937_/Y (NOR2x2_ASAP7_75t_R)
  31.40  492.58 v _05938_/Y (AOI21x1_ASAP7_75t_R)
  34.61  527.19 ^ _05999_/Y (AOI21x1_ASAP7_75t_R)
  31.36  558.55 v _06004_/Y (AOI21x1_ASAP7_75t_R)
  38.46  597.01 v rebuffer413/Y (BUFx3_ASAP7_75t_R)
  54.00  651.01 ^ _06037_/Y (OAI21x1_ASAP7_75t_R)
  49.87  700.88 ^ load_slew73/Y (BUFx16f_ASAP7_75t_R)
  25.25  726.13 ^ rebuffer944/Y (BUFx6f_ASAP7_75t_R)
  30.07  756.20 ^ clone472/Y (BUFx10_ASAP7_75t_R)
  11.61  767.81 v _06184_/Y (NAND2x1_ASAP7_75t_R)
  29.66  797.47 v _06185_/Y (AO21x1_ASAP7_75t_R)
  38.25  835.72 v _06191_/Y (AO21x1_ASAP7_75t_R)
  32.10  867.82 ^ _06192_/Y (NAND2x2_ASAP7_75t_R)
  33.65  901.47 v _10450_/CON (FAx1_ASAP7_75t_R)
  41.39  942.86 v rebuffer441/Y (BUFx3_ASAP7_75t_R)
  38.62  981.48 v _06358_/Y (OA21x2_ASAP7_75t_R)
  21.99 1003.47 ^ _06359_/Y (OAI21x1_ASAP7_75t_R)
  17.20 1020.67 v _06410_/Y (AOI21x1_ASAP7_75t_R)
  42.14 1062.81 v _06411_/Y (OA21x2_ASAP7_75t_R)
  38.37 1101.18 v _06428_/Y (OA21x2_ASAP7_75t_R)
  21.99 1123.17 ^ _06429_/Y (OAI21x1_ASAP7_75t_R)
  38.68 1161.85 ^ rebuffer447/Y (BUFx2_ASAP7_75t_R)
  26.28 1188.13 v _10459_/CON (FAx1_ASAP7_75t_R)
  51.18 1239.31 v _07997_/Y (XOR2x2_ASAP7_75t_R)
  17.45 1256.75 ^ _08014_/Y (AOI21x1_ASAP7_75t_R)
  59.68 1316.43 ^ _08017_/Y (OA22x2_ASAP7_75t_R)
  22.89 1339.32 v _08019_/Y (NOR2x1_ASAP7_75t_R)
  33.99 1373.31 v _08020_/Y (AO21x1_ASAP7_75t_R)
   0.00 1373.31 v _10801_/D (DFFLQNx2_ASAP7_75t_R)
        1373.31   data arrival time

  10.00   10.00   clock clk' (fall edge)
   0.00   10.00   clock network delay (ideal)
   0.00   10.00   clock reconvergence pessimism
          10.00 v _10801_/CLK (DFFLQNx2_ASAP7_75t_R)
 -17.33   -7.33   library setup time
          -7.33   data required time
---------------------------------------------------------
          -7.33   data required time
        -1373.31   data arrival time
---------------------------------------------------------
        -1380.64   slack (VIOLATED)


Startpoint: _10775_ (falling edge-triggered flip-flop clocked by clk')
Endpoint: _10884_ (falling edge-triggered flip-flop clocked by clk')
Path Group: clk
Path Type: max

  Delay    Time   Description
---------------------------------------------------------
   0.00    0.00   clock clk' (fall edge)
   0.00    0.00   clock network delay (ideal)
   0.00    0.00 v _10775_/CLK (DFFLQNx3_ASAP7_75t_R)
 151.64  151.64 v _10775_/QN (DFFLQNx3_ASAP7_75t_R)
  70.60  222.24 ^ _05584_/Y (NAND2x2_ASAP7_75t_R)
  51.20  273.44 v _05585_/Y (NOR2x2_ASAP7_75t_R)
  31.32  304.76 ^ _05586_/Y (INVx4_ASAP7_75t_R)
  22.28  327.04 v _05761_/Y (NOR2x2_ASAP7_75t_R)
  50.28  377.32 ^ _05881_/Y (AOI211x1_ASAP7_75t_R)
  25.27  402.58 v _05882_/Y (NAND2x1_ASAP7_75t_R)
  20.00  422.58 ^ _05883_/Y (NOR2x1_ASAP7_75t_R)
  20.99  443.57 v _05902_/Y (NAND2x1_ASAP7_75t_R)
  17.61  461.19 ^ _05937_/Y (NOR2x2_ASAP7_75t_R)
  31.40  492.58 v _05938_/Y (AOI21x1_ASAP7_75t_R)
  34.61  527.19 ^ _05999_/Y (AOI21x1_ASAP7_75t_R)
  31.36  558.55 v _06004_/Y (AOI21x1_ASAP7_75t_R)
  38.46  597.01 v rebuffer413/Y (BUFx3_ASAP7_75t_R)
  54.00  651.01 ^ _06037_/Y (OAI21x1_ASAP7_75t_R)
  49.87  700.88 ^ load_slew73/Y (BUFx16f_ASAP7_75t_R)
  25.25  726.13 ^ rebuffer944/Y (BUFx6f_ASAP7_75t_R)
  30.07  756.20 ^ clone472/Y (BUFx10_ASAP7_75t_R)
  11.61  767.81 v _06184_/Y (NAND2x1_ASAP7_75t_R)
  29.66  797.47 v _06185_/Y (AO21x1_ASAP7_75t_R)
  38.25  835.72 v _06191_/Y (AO21x1_ASAP7_75t_R)
  32.10  867.82 ^ _06192_/Y (NAND2x2_ASAP7_75t_R)
  33.65  901.47 v _10450_/CON (FAx1_ASAP7_75t_R)
  41.39  942.86 v rebuffer441/Y (BUFx3_ASAP7_75t_R)
  38.62  981.48 v _06358_/Y (OA21x2_ASAP7_75t_R)
  21.99 1003.47 ^ _06359_/Y (OAI21x1_ASAP7_75t_R)
  17.20 1020.67 v _06410_/Y (AOI21x1_ASAP7_75t_R)
  42.14 1062.81 v _06411_/Y (OA21x2_ASAP7_75t_R)
  38.37 1101.18 v _06428_/Y (OA21x2_ASAP7_75t_R)
  21.99 1123.17 ^ _06429_/Y (OAI21x1_ASAP7_75t_R)
  38.68 1161.85 ^ rebuffer447/Y (BUFx2_ASAP7_75t_R)
  26.28 1188.13 v _10459_/CON (FAx1_ASAP7_75t_R)
  51.18 1239.31 v _07997_/Y (XOR2x2_ASAP7_75t_R)
  17.45 1256.75 ^ _08014_/Y (AOI21x1_ASAP7_75t_R)
  59.68 1316.43 ^ _08017_/Y (OA22x2_ASAP7_75t_R)
  22.89 1339.32 v _08396_/Y (NOR2x1_ASAP7_75t_R)
  33.99 1373.31 v _08397_/Y (AO21x1_ASAP7_75t_R)
   0.00 1373.31 v _10884_/D (DFFLQNx2_ASAP7_75t_R)
        1373.31   data arrival time

  10.00   10.00   clock clk' (fall edge)
   0.00   10.00   clock network delay (ideal)
   0.00   10.00   clock reconvergence pessimism
          10.00 v _10884_/CLK (DFFLQNx2_ASAP7_75t_R)
 -17.33   -7.33   library setup time
          -7.33   data required time
---------------------------------------------------------
          -7.33   data required time
        -1373.31   data arrival time
---------------------------------------------------------
        -1380.64   slack (VIOLATED)


Startpoint: _10775_ (falling edge-triggered flip-flop clocked by clk')
Endpoint: _10905_ (falling edge-triggered flip-flop clocked by clk')
Path Group: clk
Path Type: max

  Delay    Time   Description
---------------------------------------------------------
   0.00    0.00   clock clk' (fall edge)
   0.00    0.00   clock network delay (ideal)
   0.00    0.00 v _10775_/CLK (DFFLQNx3_ASAP7_75t_R)
 151.64  151.64 v _10775_/QN (DFFLQNx3_ASAP7_75t_R)
  70.60  222.24 ^ _05584_/Y (NAND2x2_ASAP7_75t_R)
  51.20  273.44 v _05585_/Y (NOR2x2_ASAP7_75t_R)
  31.32  304.76 ^ _05586_/Y (INVx4_ASAP7_75t_R)
  22.28  327.04 v _05761_/Y (NOR2x2_ASAP7_75t_R)
  50.28  377.32 ^ _05881_/Y (AOI211x1_ASAP7_75t_R)
  25.27  402.58 v _05882_/Y (NAND2x1_ASAP7_75t_R)
  20.00  422.58 ^ _05883_/Y (NOR2x1_ASAP7_75t_R)
  20.99  443.57 v _05902_/Y (NAND2x1_ASAP7_75t_R)
  17.61  461.19 ^ _05937_/Y (NOR2x2_ASAP7_75t_R)
  31.40  492.58 v _05938_/Y (AOI21x1_ASAP7_75t_R)
  34.61  527.19 ^ _05999_/Y (AOI21x1_ASAP7_75t_R)
  31.36  558.55 v _06004_/Y (AOI21x1_ASAP7_75t_R)
  38.46  597.01 v rebuffer413/Y (BUFx3_ASAP7_75t_R)
  54.00  651.01 ^ _06037_/Y (OAI21x1_ASAP7_75t_R)
  49.87  700.88 ^ load_slew73/Y (BUFx16f_ASAP7_75t_R)
  25.25  726.13 ^ rebuffer944/Y (BUFx6f_ASAP7_75t_R)
  30.07  756.20 ^ clone472/Y (BUFx10_ASAP7_75t_R)
  11.61  767.81 v _06184_/Y (NAND2x1_ASAP7_75t_R)
  29.66  797.47 v _06185_/Y (AO21x1_ASAP7_75t_R)
  38.25  835.72 v _06191_/Y (AO21x1_ASAP7_75t_R)
  32.10  867.82 ^ _06192_/Y (NAND2x2_ASAP7_75t_R)
  33.65  901.47 v _10450_/CON (FAx1_ASAP7_75t_R)
  41.39  942.86 v rebuffer441/Y (BUFx3_ASAP7_75t_R)
  38.62  981.48 v _06358_/Y (OA21x2_ASAP7_75t_R)
  21.99 1003.47 ^ _06359_/Y (OAI21x1_ASAP7_75t_R)
  17.20 1020.67 v _06410_/Y (AOI21x1_ASAP7_75t_R)
  42.14 1062.81 v _06411_/Y (OA21x2_ASAP7_75t_R)
  38.37 1101.18 v _06428_/Y (OA21x2_ASAP7_75t_R)
  21.99 1123.17 ^ _06429_/Y (OAI21x1_ASAP7_75t_R)
  38.68 1161.85 ^ rebuffer447/Y (BUFx2_ASAP7_75t_R)
  26.28 1188.13 v _10459_/CON (FAx1_ASAP7_75t_R)
  51.18 1239.31 v _07997_/Y (XOR2x2_ASAP7_75t_R)
  17.45 1256.75 ^ _08014_/Y (AOI21x1_ASAP7_75t_R)
  59.68 1316.43 ^ _08017_/Y (OA22x2_ASAP7_75t_R)
  22.89 1339.32 v _08468_/Y (NOR2x1_ASAP7_75t_R)
  33.99 1373.31 v _08469_/Y (AO21x1_ASAP7_75t_R)
   0.00 1373.31 v _10905_/D (DFFLQNx2_ASAP7_75t_R)
        1373.31   data arrival time

  10.00   10.00   clock clk' (fall edge)
   0.00   10.00   clock network delay (ideal)
   0.00   10.00   clock reconvergence pessimism
          10.00 v _10905_/CLK (DFFLQNx2_ASAP7_75t_R)
 -17.33   -7.33   library setup time
          -7.33   data required time
---------------------------------------------------------
          -7.33   data required time
        -1373.31   data arrival time
---------------------------------------------------------
        -1380.64   slack (VIOLATED)


Startpoint: _10775_ (falling edge-triggered flip-flop clocked by clk')
Endpoint: _10868_ (falling edge-triggered flip-flop clocked by clk')
Path Group: clk
Path Type: max

  Delay    Time   Description
---------------------------------------------------------
   0.00    0.00   clock clk' (fall edge)
   0.00    0.00   clock network delay (ideal)
   0.00    0.00 v _10775_/CLK (DFFLQNx3_ASAP7_75t_R)
 151.64  151.64 v _10775_/QN (DFFLQNx3_ASAP7_75t_R)
  70.60  222.24 ^ _05584_/Y (NAND2x2_ASAP7_75t_R)
  51.20  273.44 v _05585_/Y (NOR2x2_ASAP7_75t_R)
  31.32  304.76 ^ _05586_/Y (INVx4_ASAP7_75t_R)
  22.28  327.04 v _05761_/Y (NOR2x2_ASAP7_75t_R)
  50.28  377.32 ^ _05881_/Y (AOI211x1_ASAP7_75t_R)
  25.27  402.58 v _05882_/Y (NAND2x1_ASAP7_75t_R)
  20.00  422.58 ^ _05883_/Y (NOR2x1_ASAP7_75t_R)
  20.99  443.57 v _05902_/Y (NAND2x1_ASAP7_75t_R)
  17.61  461.19 ^ _05937_/Y (NOR2x2_ASAP7_75t_R)
  31.40  492.58 v _05938_/Y (AOI21x1_ASAP7_75t_R)
  34.61  527.19 ^ _05999_/Y (AOI21x1_ASAP7_75t_R)
  31.36  558.55 v _06004_/Y (AOI21x1_ASAP7_75t_R)
  38.46  597.01 v rebuffer413/Y (BUFx3_ASAP7_75t_R)
  54.00  651.01 ^ _06037_/Y (OAI21x1_ASAP7_75t_R)
  49.87  700.88 ^ load_slew73/Y (BUFx16f_ASAP7_75t_R)
  25.25  726.13 ^ rebuffer944/Y (BUFx6f_ASAP7_75t_R)
  30.07  756.20 ^ clone472/Y (BUFx10_ASAP7_75t_R)
  11.61  767.81 v _06184_/Y (NAND2x1_ASAP7_75t_R)
  29.66  797.47 v _06185_/Y (AO21x1_ASAP7_75t_R)
  38.25  835.72 v _06191_/Y (AO21x1_ASAP7_75t_R)
  32.10  867.82 ^ _06192_/Y (NAND2x2_ASAP7_75t_R)
  33.65  901.47 v _10450_/CON (FAx1_ASAP7_75t_R)
  41.39  942.86 v rebuffer441/Y (BUFx3_ASAP7_75t_R)
  38.62  981.48 v _06358_/Y (OA21x2_ASAP7_75t_R)
  21.99 1003.47 ^ _06359_/Y (OAI21x1_ASAP7_75t_R)
  17.20 1020.67 v _06410_/Y (AOI21x1_ASAP7_75t_R)
  42.14 1062.81 v _06411_/Y (OA21x2_ASAP7_75t_R)
  38.37 1101.18 v _06428_/Y (OA21x2_ASAP7_75t_R)
  21.99 1123.17 ^ _06429_/Y (OAI21x1_ASAP7_75t_R)
  38.68 1161.85 ^ rebuffer447/Y (BUFx2_ASAP7_75t_R)
  26.28 1188.13 v _10459_/CON (FAx1_ASAP7_75t_R)
  51.18 1239.31 v _07997_/Y (XOR2x2_ASAP7_75t_R)
  17.45 1256.75 ^ _08014_/Y (AOI21x1_ASAP7_75t_R)
  59.68 1316.43 ^ _08017_/Y (OA22x2_ASAP7_75t_R)
  22.89 1339.32 v _08359_/Y (NOR2x1_ASAP7_75t_R)
  33.99 1373.31 v _08360_/Y (AO21x1_ASAP7_75t_R)
   0.00 1373.31 v _10868_/D (DFFLQNx2_ASAP7_75t_R)
        1373.31   data arrival time

  10.00   10.00   clock clk' (fall edge)
   0.00   10.00   clock network delay (ideal)
   0.00   10.00   clock reconvergence pessimism
          10.00 v _10868_/CLK (DFFLQNx2_ASAP7_75t_R)
 -17.31   -7.31   library setup time
          -7.31   data required time
---------------------------------------------------------
          -7.31   data required time
        -1373.31   data arrival time
---------------------------------------------------------
        -1380.62   slack (VIOLATED)


Startpoint: _10775_ (falling edge-triggered flip-flop clocked by clk')
Endpoint: _10897_ (falling edge-triggered flip-flop clocked by clk')
Path Group: clk
Path Type: max

  Delay    Time   Description
---------------------------------------------------------
   0.00    0.00   clock clk' (fall edge)
   0.00    0.00   clock network delay (ideal)
   0.00    0.00 v _10775_/CLK (DFFLQNx3_ASAP7_75t_R)
 151.64  151.64 v _10775_/QN (DFFLQNx3_ASAP7_75t_R)
  70.60  222.24 ^ _05584_/Y (NAND2x2_ASAP7_75t_R)
  51.20  273.44 v _05585_/Y (NOR2x2_ASAP7_75t_R)
  31.32  304.76 ^ _05586_/Y (INVx4_ASAP7_75t_R)
  22.28  327.04 v _05761_/Y (NOR2x2_ASAP7_75t_R)
  50.28  377.32 ^ _05881_/Y (AOI211x1_ASAP7_75t_R)
  25.27  402.58 v _05882_/Y (NAND2x1_ASAP7_75t_R)
  20.00  422.58 ^ _05883_/Y (NOR2x1_ASAP7_75t_R)
  20.99  443.57 v _05902_/Y (NAND2x1_ASAP7_75t_R)
  17.61  461.19 ^ _05937_/Y (NOR2x2_ASAP7_75t_R)
  31.40  492.58 v _05938_/Y (AOI21x1_ASAP7_75t_R)
  34.61  527.19 ^ _05999_/Y (AOI21x1_ASAP7_75t_R)
  31.36  558.55 v _06004_/Y (AOI21x1_ASAP7_75t_R)
  38.46  597.01 v rebuffer413/Y (BUFx3_ASAP7_75t_R)
  54.00  651.01 ^ _06037_/Y (OAI21x1_ASAP7_75t_R)
  49.87  700.88 ^ load_slew73/Y (BUFx16f_ASAP7_75t_R)
  25.25  726.13 ^ rebuffer944/Y (BUFx6f_ASAP7_75t_R)
  30.07  756.20 ^ clone472/Y (BUFx10_ASAP7_75t_R)
  11.61  767.81 v _06184_/Y (NAND2x1_ASAP7_75t_R)
  29.66  797.47 v _06185_/Y (AO21x1_ASAP7_75t_R)
  38.25  835.72 v _06191_/Y (AO21x1_ASAP7_75t_R)
  32.10  867.82 ^ _06192_/Y (NAND2x2_ASAP7_75t_R)
  33.65  901.47 v _10450_/CON (FAx1_ASAP7_75t_R)
  41.39  942.86 v rebuffer441/Y (BUFx3_ASAP7_75t_R)
  38.62  981.48 v _06358_/Y (OA21x2_ASAP7_75t_R)
  21.99 1003.47 ^ _06359_/Y (OAI21x1_ASAP7_75t_R)
  17.20 1020.67 v _06410_/Y (AOI21x1_ASAP7_75t_R)
  42.14 1062.81 v _06411_/Y (OA21x2_ASAP7_75t_R)
  38.37 1101.18 v _06428_/Y (OA21x2_ASAP7_75t_R)
  21.99 1123.17 ^ _06429_/Y (OAI21x1_ASAP7_75t_R)
  38.68 1161.85 ^ rebuffer447/Y (BUFx2_ASAP7_75t_R)
  26.28 1188.13 v _10459_/CON (FAx1_ASAP7_75t_R)
  51.18 1239.31 v _07997_/Y (XOR2x2_ASAP7_75t_R)
  17.45 1256.75 ^ _08014_/Y (AOI21x1_ASAP7_75t_R)
  59.68 1316.43 ^ _08017_/Y (OA22x2_ASAP7_75t_R)
  22.89 1339.32 v _08449_/Y (NOR2x1_ASAP7_75t_R)
  33.99 1373.31 v _08450_/Y (AO21x1_ASAP7_75t_R)
   0.00 1373.31 v _10897_/D (DFFLQNx2_ASAP7_75t_R)
        1373.31   data arrival time

  10.00   10.00   clock clk' (fall edge)
   0.00   10.00   clock network delay (ideal)
   0.00   10.00   clock reconvergence pessimism
          10.00 v _10897_/CLK (DFFLQNx2_ASAP7_75t_R)
 -17.30   -7.30   library setup time
          -7.30   data required time
---------------------------------------------------------
          -7.30   data required time
        -1373.31   data arrival time
---------------------------------------------------------
        -1380.61   slack (VIOLATED)


Startpoint: _10775_ (falling edge-triggered flip-flop clocked by clk')
Endpoint: _10771_ (falling edge-triggered flip-flop clocked by clk')
Path Group: clk
Path Type: max

  Delay    Time   Description
---------------------------------------------------------
   0.00    0.00   clock clk' (fall edge)
   0.00    0.00   clock network delay (ideal)
   0.00    0.00 v _10775_/CLK (DFFLQNx3_ASAP7_75t_R)
 151.64  151.64 v _10775_/QN (DFFLQNx3_ASAP7_75t_R)
  70.60  222.24 ^ _05584_/Y (NAND2x2_ASAP7_75t_R)
  51.20  273.44 v _05585_/Y (NOR2x2_ASAP7_75t_R)
  31.32  304.76 ^ _05586_/Y (INVx4_ASAP7_75t_R)
  22.28  327.04 v _05761_/Y (NOR2x2_ASAP7_75t_R)
  50.28  377.32 ^ _05881_/Y (AOI211x1_ASAP7_75t_R)
  25.27  402.58 v _05882_/Y (NAND2x1_ASAP7_75t_R)
  20.00  422.58 ^ _05883_/Y (NOR2x1_ASAP7_75t_R)
  20.99  443.57 v _05902_/Y (NAND2x1_ASAP7_75t_R)
  17.61  461.19 ^ _05937_/Y (NOR2x2_ASAP7_75t_R)
  26.63  487.82 ^ _06304_/Y (AO21x1_ASAP7_75t_R)
  65.79  553.60 ^ _06306_/Y (OA22x2_ASAP7_75t_R)
  29.94  583.54 v _06308_/Y (CKINVDCx16_ASAP7_75t_R)
  25.85  609.39 ^ _06508_/Y (NOR2x2_ASAP7_75t_R)
  32.13  641.52 ^ rebuffer542/Y (BUFx2_ASAP7_75t_R)
  30.34  671.86 ^ _06509_/Y (AO21x1_ASAP7_75t_R)
  17.82  689.68 v _07026_/Y (INVx1_ASAP7_75t_R)
  40.77  730.45 v _10531_/SN (HAxp5_ASAP7_75t_R)
  38.63  769.08 v _06554_/Y (OA21x2_ASAP7_75t_R)
  16.76  785.84 ^ _06555_/Y (OAI21x1_ASAP7_75t_R)
  24.06  809.90 v _06556_/Y (INVx1_ASAP7_75t_R)
  38.36  848.26 v _06598_/Y (OA21x2_ASAP7_75t_R)
  41.13  889.39 v _06599_/Y (OA21x2_ASAP7_75t_R)
  38.38  927.77 v _06890_/Y (OA21x2_ASAP7_75t_R)
  29.73  957.50 ^ _06891_/Y (OAI21x1_ASAP7_75t_R)
  16.69  974.19 v _06914_/Y (NAND2x1_ASAP7_75t_R)
  55.79 1029.98 v _06915_/Y (OA211x2_ASAP7_75t_R)
  41.27 1071.25 v _06917_/Y (OR3x1_ASAP7_75t_R)
  55.04 1126.29 v _06918_/Y (OA211x2_ASAP7_75t_R)
  23.62 1149.91 ^ _06919_/Y (INVx1_ASAP7_75t_R)
  37.41 1187.32 v _10469_/CON (FAx1_ASAP7_75t_R)
  46.28 1233.60 v _09827_/Y (XOR2x1_ASAP7_75t_R)
  36.90 1270.50 v _10185_/Y (AO21x1_ASAP7_75t_R)
  31.52 1302.02 v _10186_/Y (AO21x1_ASAP7_75t_R)
  31.24 1333.26 v _10187_/Y (AO21x1_ASAP7_75t_R)
  38.37 1371.63 v _10189_/Y (AO22x1_ASAP7_75t_R)
   0.00 1371.63 v _10771_/D (DFFLQNx2_ASAP7_75t_R)
        1371.63   data arrival time

  10.00   10.00   clock clk' (fall edge)
   0.00   10.00   clock network delay (ideal)
   0.00   10.00   clock reconvergence pessimism
          10.00 v _10771_/CLK (DFFLQNx2_ASAP7_75t_R)
 -18.59   -8.59   library setup time
          -8.59   data required time
---------------------------------------------------------
          -8.59   data required time
        -1371.63   data arrival time
---------------------------------------------------------
        -1380.22   slack (VIOLATED)


Startpoint: _10775_ (falling edge-triggered flip-flop clocked by clk')
Endpoint: _10770_ (falling edge-triggered flip-flop clocked by clk')
Path Group: clk
Path Type: max

  Delay    Time   Description
---------------------------------------------------------
   0.00    0.00   clock clk' (fall edge)
   0.00    0.00   clock network delay (ideal)
   0.00    0.00 v _10775_/CLK (DFFLQNx3_ASAP7_75t_R)
 151.64  151.64 v _10775_/QN (DFFLQNx3_ASAP7_75t_R)
  70.60  222.24 ^ _05584_/Y (NAND2x2_ASAP7_75t_R)
  51.20  273.44 v _05585_/Y (NOR2x2_ASAP7_75t_R)
  31.32  304.76 ^ _05586_/Y (INVx4_ASAP7_75t_R)
  22.28  327.04 v _05761_/Y (NOR2x2_ASAP7_75t_R)
  50.28  377.32 ^ _05881_/Y (AOI211x1_ASAP7_75t_R)
  25.27  402.58 v _05882_/Y (NAND2x1_ASAP7_75t_R)
  20.00  422.58 ^ _05883_/Y (NOR2x1_ASAP7_75t_R)
  20.99  443.57 v _05902_/Y (NAND2x1_ASAP7_75t_R)
  17.61  461.19 ^ _05937_/Y (NOR2x2_ASAP7_75t_R)
  26.63  487.82 ^ _06304_/Y (AO21x1_ASAP7_75t_R)
  65.79  553.60 ^ _06306_/Y (OA22x2_ASAP7_75t_R)
  29.94  583.54 v _06308_/Y (CKINVDCx16_ASAP7_75t_R)
  25.85  609.39 ^ _06508_/Y (NOR2x2_ASAP7_75t_R)
  32.13  641.52 ^ rebuffer542/Y (BUFx2_ASAP7_75t_R)
  30.34  671.86 ^ _06509_/Y (AO21x1_ASAP7_75t_R)
  17.82  689.68 v _07026_/Y (INVx1_ASAP7_75t_R)
  40.77  730.45 v _10531_/SN (HAxp5_ASAP7_75t_R)
  38.63  769.08 v _06554_/Y (OA21x2_ASAP7_75t_R)
  16.76  785.84 ^ _06555_/Y (OAI21x1_ASAP7_75t_R)
  24.06  809.90 v _06556_/Y (INVx1_ASAP7_75t_R)
  38.36  848.26 v _06598_/Y (OA21x2_ASAP7_75t_R)
  41.13  889.39 v _06599_/Y (OA21x2_ASAP7_75t_R)
  38.38  927.77 v _06890_/Y (OA21x2_ASAP7_75t_R)
  29.73  957.50 ^ _06891_/Y (OAI21x1_ASAP7_75t_R)
  16.69  974.19 v _06914_/Y (NAND2x1_ASAP7_75t_R)
  55.79 1029.98 v _06915_/Y (OA211x2_ASAP7_75t_R)
  41.27 1071.25 v _06917_/Y (OR3x1_ASAP7_75t_R)
  55.04 1126.29 v _06918_/Y (OA211x2_ASAP7_75t_R)
  23.62 1149.91 ^ _06919_/Y (INVx1_ASAP7_75t_R)
  74.16 1224.07 v _10469_/SN (FAx1_ASAP7_75t_R)
  40.36 1264.43 v _10179_/Y (AO21x1_ASAP7_75t_R)
  31.52 1295.95 v _10180_/Y (AO21x1_ASAP7_75t_R)
  31.24 1327.19 v _10181_/Y (AO21x1_ASAP7_75t_R)
  38.37 1365.56 v _10183_/Y (AO22x1_ASAP7_75t_R)
   0.00 1365.56 v _10770_/D (DFFLQNx2_ASAP7_75t_R)
        1365.56   data arrival time

  10.00   10.00   clock clk' (fall edge)
   0.00   10.00   clock network delay (ideal)
   0.00   10.00   clock reconvergence pessimism
          10.00 v _10770_/CLK (DFFLQNx2_ASAP7_75t_R)
 -18.59   -8.59   library setup time
          -8.59   data required time
---------------------------------------------------------
          -8.59   data required time
        -1365.56   data arrival time
---------------------------------------------------------
        -1374.15   slack (VIOLATED)


Startpoint: _10775_ (falling edge-triggered flip-flop clocked by clk')
Endpoint: _10866_ (falling edge-triggered flip-flop clocked by clk')
Path Group: clk
Path Type: max

  Delay    Time   Description
---------------------------------------------------------
   0.00    0.00   clock clk' (fall edge)
   0.00    0.00   clock network delay (ideal)
   0.00    0.00 v _10775_/CLK (DFFLQNx3_ASAP7_75t_R)
 151.64  151.64 v _10775_/QN (DFFLQNx3_ASAP7_75t_R)
  70.15  221.79 ^ _05526_/Y (NOR2x2_ASAP7_75t_R)
  48.05  269.85 v _05529_/Y (NAND2x2_ASAP7_75t_R)
  61.79  331.64 ^ _05888_/Y (OAI22x1_ASAP7_75t_R)
  33.46  365.09 v _05889_/Y (NOR2x2_ASAP7_75t_R)
  26.60  391.69 ^ _05890_/Y (NAND2x1_ASAP7_75t_R)
  18.80  410.50 v _05901_/Y (NOR2x1_ASAP7_75t_R)
  28.35  438.85 ^ _05902_/Y (NAND2x1_ASAP7_75t_R)
  20.22  459.07 v _05937_/Y (NOR2x2_ASAP7_75t_R)
  32.60  491.68 v _06304_/Y (AO21x1_ASAP7_75t_R)
  68.71  560.39 v _06306_/Y (OA22x2_ASAP7_75t_R)
  40.09  600.48 v rebuffer505/Y (BUFx3_ASAP7_75t_R)
  24.93  625.41 v rebuffer504/Y (BUFx3_ASAP7_75t_R)
  26.22  651.63 v rebuffer503/Y (BUFx2_ASAP7_75t_R)
  26.51  678.14 v rebuffer502/Y (BUFx2_ASAP7_75t_R)
  26.51  704.65 v rebuffer501/Y (BUFx2_ASAP7_75t_R)
  26.51  731.16 v rebuffer500/Y (BUFx2_ASAP7_75t_R)
  26.51  757.68 v rebuffer499/Y (BUFx2_ASAP7_75t_R)
  26.51  784.19 v rebuffer498/Y (BUFx2_ASAP7_75t_R)
  26.51  810.70 v rebuffer497/Y (BUFx2_ASAP7_75t_R)
  26.51  837.21 v rebuffer496/Y (BUFx2_ASAP7_75t_R)
  26.51  863.73 v rebuffer495/Y (BUFx2_ASAP7_75t_R)
  26.51  890.24 v rebuffer494/Y (BUFx2_ASAP7_75t_R)
  26.51  916.75 v rebuffer493/Y (BUFx2_ASAP7_75t_R)
  26.51  943.26 v rebuffer492/Y (BUFx2_ASAP7_75t_R)
  26.77  970.04 v rebuffer491/Y (BUFx2_ASAP7_75t_R)
  24.75  994.78 v rebuffer490/Y (BUFx3_ASAP7_75t_R)
  24.39 1019.18 v rebuffer489/Y (BUFx3_ASAP7_75t_R)
  24.39 1043.57 v rebuffer488/Y (BUFx3_ASAP7_75t_R)
  24.39 1067.96 v rebuffer487/Y (BUFx3_ASAP7_75t_R)
  24.39 1092.35 v rebuffer486/Y (BUFx3_ASAP7_75t_R)
  25.64 1117.98 v rebuffer485/Y (BUFx3_ASAP7_75t_R)
  27.98 1145.96 v rebuffer478/Y (BUFx6f_ASAP7_75t_R)
  39.67 1185.63 ^ _10457_/CON (FAx1_ASAP7_75t_R)
  42.02 1227.66 ^ _08218_/Y (XNOR2x1_ASAP7_75t_R)
  18.73 1246.38 v _08219_/Y (INVx1_ASAP7_75t_R)
  36.41 1282.79 v _08220_/Y (OA21x2_ASAP7_75t_R)
  59.82 1342.61 v _08222_/Y (OA22x2_ASAP7_75t_R)
  22.01 1364.61 ^ _08353_/Y (AOI21x1_ASAP7_75t_R)
   0.00 1364.61 ^ _10866_/D (DFFLQNx2_ASAP7_75t_R)
        1364.61   data arrival time

  10.00   10.00   clock clk' (fall edge)
   0.00   10.00   clock network delay (ideal)
   0.00   10.00   clock reconvergence pessimism
          10.00 v _10866_/CLK (DFFLQNx2_ASAP7_75t_R)
  -6.21    3.79   library setup time
           3.79   data required time
---------------------------------------------------------
           3.79   data required time
        -1364.61   data arrival time
---------------------------------------------------------
        -1360.83   slack (VIOLATED)


Startpoint: _10775_ (falling edge-triggered flip-flop clocked by clk')
Endpoint: _10825_ (falling edge-triggered flip-flop clocked by clk')
Path Group: clk
Path Type: max

  Delay    Time   Description
---------------------------------------------------------
   0.00    0.00   clock clk' (fall edge)
   0.00    0.00   clock network delay (ideal)
   0.00    0.00 v _10775_/CLK (DFFLQNx3_ASAP7_75t_R)
 151.64  151.64 v _10775_/QN (DFFLQNx3_ASAP7_75t_R)
  70.15  221.79 ^ _05526_/Y (NOR2x2_ASAP7_75t_R)
  48.05  269.85 v _05529_/Y (NAND2x2_ASAP7_75t_R)
  61.79  331.64 ^ _05888_/Y (OAI22x1_ASAP7_75t_R)
  33.46  365.09 v _05889_/Y (NOR2x2_ASAP7_75t_R)
  26.60  391.69 ^ _05890_/Y (NAND2x1_ASAP7_75t_R)
  18.80  410.50 v _05901_/Y (NOR2x1_ASAP7_75t_R)
  28.35  438.85 ^ _05902_/Y (NAND2x1_ASAP7_75t_R)
  20.22  459.07 v _05937_/Y (NOR2x2_ASAP7_75t_R)
  32.60  491.68 v _06304_/Y (AO21x1_ASAP7_75t_R)
  68.71  560.39 v _06306_/Y (OA22x2_ASAP7_75t_R)
  40.09  600.48 v rebuffer505/Y (BUFx3_ASAP7_75t_R)
  24.93  625.41 v rebuffer504/Y (BUFx3_ASAP7_75t_R)
  26.22  651.63 v rebuffer503/Y (BUFx2_ASAP7_75t_R)
  26.51  678.14 v rebuffer502/Y (BUFx2_ASAP7_75t_R)
  26.51  704.65 v rebuffer501/Y (BUFx2_ASAP7_75t_R)
  26.51  731.16 v rebuffer500/Y (BUFx2_ASAP7_75t_R)
  26.51  757.68 v rebuffer499/Y (BUFx2_ASAP7_75t_R)
  26.51  784.19 v rebuffer498/Y (BUFx2_ASAP7_75t_R)
  26.51  810.70 v rebuffer497/Y (BUFx2_ASAP7_75t_R)
  26.51  837.21 v rebuffer496/Y (BUFx2_ASAP7_75t_R)
  26.51  863.73 v rebuffer495/Y (BUFx2_ASAP7_75t_R)
  26.51  890.24 v rebuffer494/Y (BUFx2_ASAP7_75t_R)
  26.51  916.75 v rebuffer493/Y (BUFx2_ASAP7_75t_R)
  26.51  943.26 v rebuffer492/Y (BUFx2_ASAP7_75t_R)
  26.77  970.04 v rebuffer491/Y (BUFx2_ASAP7_75t_R)
  24.75  994.78 v rebuffer490/Y (BUFx3_ASAP7_75t_R)
  24.39 1019.18 v rebuffer489/Y (BUFx3_ASAP7_75t_R)
  24.39 1043.57 v rebuffer488/Y (BUFx3_ASAP7_75t_R)
  24.39 1067.96 v rebuffer487/Y (BUFx3_ASAP7_75t_R)
  24.39 1092.35 v rebuffer486/Y (BUFx3_ASAP7_75t_R)
  25.64 1117.98 v rebuffer485/Y (BUFx3_ASAP7_75t_R)
  27.98 1145.96 v rebuffer478/Y (BUFx6f_ASAP7_75t_R)
  39.67 1185.63 ^ _10457_/CON (FAx1_ASAP7_75t_R)
  42.02 1227.66 ^ _08218_/Y (XNOR2x1_ASAP7_75t_R)
  18.73 1246.38 v _08219_/Y (INVx1_ASAP7_75t_R)
  36.41 1282.79 v _08220_/Y (OA21x2_ASAP7_75t_R)
  59.82 1342.61 v _08222_/Y (OA22x2_ASAP7_75t_R)
  22.01 1364.61 ^ _08252_/Y (AOI21x1_ASAP7_75t_R)
   0.00 1364.61 ^ _10825_/D (DFFLQNx2_ASAP7_75t_R)
        1364.61   data arrival time

  10.00   10.00   clock clk' (fall edge)
   0.00   10.00   clock network delay (ideal)
   0.00   10.00   clock reconvergence pessimism
          10.00 v _10825_/CLK (DFFLQNx2_ASAP7_75t_R)
  -6.06    3.94   library setup time
           3.94   data required time
---------------------------------------------------------
           3.94   data required time
        -1364.61   data arrival time
---------------------------------------------------------
        -1360.68   slack (VIOLATED)


Startpoint: _10775_ (falling edge-triggered flip-flop clocked by clk')
Endpoint: _10815_ (falling edge-triggered flip-flop clocked by clk')
Path Group: clk
Path Type: max

  Delay    Time   Description
---------------------------------------------------------
   0.00    0.00   clock clk' (fall edge)
   0.00    0.00   clock network delay (ideal)
   0.00    0.00 v _10775_/CLK (DFFLQNx3_ASAP7_75t_R)
 151.64  151.64 v _10775_/QN (DFFLQNx3_ASAP7_75t_R)
  70.15  221.79 ^ _05526_/Y (NOR2x2_ASAP7_75t_R)
  48.05  269.85 v _05529_/Y (NAND2x2_ASAP7_75t_R)
  61.79  331.64 ^ _05888_/Y (OAI22x1_ASAP7_75t_R)
  33.46  365.09 v _05889_/Y (NOR2x2_ASAP7_75t_R)
  26.60  391.69 ^ _05890_/Y (NAND2x1_ASAP7_75t_R)
  18.80  410.50 v _05901_/Y (NOR2x1_ASAP7_75t_R)
  28.35  438.85 ^ _05902_/Y (NAND2x1_ASAP7_75t_R)
  20.22  459.07 v _05937_/Y (NOR2x2_ASAP7_75t_R)
  32.60  491.68 v _06304_/Y (AO21x1_ASAP7_75t_R)
  68.71  560.39 v _06306_/Y (OA22x2_ASAP7_75t_R)
  40.09  600.48 v rebuffer505/Y (BUFx3_ASAP7_75t_R)
  24.93  625.41 v rebuffer504/Y (BUFx3_ASAP7_75t_R)
  26.22  651.63 v rebuffer503/Y (BUFx2_ASAP7_75t_R)
  26.51  678.14 v rebuffer502/Y (BUFx2_ASAP7_75t_R)
  26.51  704.65 v rebuffer501/Y (BUFx2_ASAP7_75t_R)
  26.51  731.16 v rebuffer500/Y (BUFx2_ASAP7_75t_R)
  26.51  757.68 v rebuffer499/Y (BUFx2_ASAP7_75t_R)
  26.51  784.19 v rebuffer498/Y (BUFx2_ASAP7_75t_R)
  26.51  810.70 v rebuffer497/Y (BUFx2_ASAP7_75t_R)
  26.51  837.21 v rebuffer496/Y (BUFx2_ASAP7_75t_R)
  26.51  863.73 v rebuffer495/Y (BUFx2_ASAP7_75t_R)
  26.51  890.24 v rebuffer494/Y (BUFx2_ASAP7_75t_R)
  26.51  916.75 v rebuffer493/Y (BUFx2_ASAP7_75t_R)
  26.51  943.26 v rebuffer492/Y (BUFx2_ASAP7_75t_R)
  26.77  970.04 v rebuffer491/Y (BUFx2_ASAP7_75t_R)
  24.75  994.78 v rebuffer490/Y (BUFx3_ASAP7_75t_R)
  24.39 1019.18 v rebuffer489/Y (BUFx3_ASAP7_75t_R)
  24.39 1043.57 v rebuffer488/Y (BUFx3_ASAP7_75t_R)
  24.39 1067.96 v rebuffer487/Y (BUFx3_ASAP7_75t_R)
  24.39 1092.35 v rebuffer486/Y (BUFx3_ASAP7_75t_R)
  25.64 1117.98 v rebuffer485/Y (BUFx3_ASAP7_75t_R)
  27.98 1145.96 v rebuffer478/Y (BUFx6f_ASAP7_75t_R)
  39.67 1185.63 ^ _10457_/CON (FAx1_ASAP7_75t_R)
  42.02 1227.66 ^ _08218_/Y (XNOR2x1_ASAP7_75t_R)
  18.73 1246.38 v _08219_/Y (INVx1_ASAP7_75t_R)
  36.41 1282.79 v _08220_/Y (OA21x2_ASAP7_75t_R)
  59.82 1342.61 v _08222_/Y (OA22x2_ASAP7_75t_R)
  22.01 1364.61 ^ _08225_/Y (AOI21x1_ASAP7_75t_R)
   0.00 1364.61 ^ _10815_/D (DFFLQNx2_ASAP7_75t_R)
        1364.61   data arrival time

  10.00   10.00   clock clk' (fall edge)
   0.00   10.00   clock network delay (ideal)
   0.00   10.00   clock reconvergence pessimism
          10.00 v _10815_/CLK (DFFLQNx2_ASAP7_75t_R)
  -5.97    4.03   library setup time
           4.03   data required time
---------------------------------------------------------
           4.03   data required time
        -1364.61   data arrival time
---------------------------------------------------------
        -1360.59   slack (VIOLATED)


Startpoint: _10775_ (falling edge-triggered flip-flop clocked by clk')
Endpoint: _10833_ (falling edge-triggered flip-flop clocked by clk')
Path Group: clk
Path Type: max

  Delay    Time   Description
---------------------------------------------------------
   0.00    0.00   clock clk' (fall edge)
   0.00    0.00   clock network delay (ideal)
   0.00    0.00 v _10775_/CLK (DFFLQNx3_ASAP7_75t_R)
 151.64  151.64 v _10775_/QN (DFFLQNx3_ASAP7_75t_R)
  70.15  221.79 ^ _05526_/Y (NOR2x2_ASAP7_75t_R)
  48.05  269.85 v _05529_/Y (NAND2x2_ASAP7_75t_R)
  61.79  331.64 ^ _05888_/Y (OAI22x1_ASAP7_75t_R)
  33.46  365.09 v _05889_/Y (NOR2x2_ASAP7_75t_R)
  26.60  391.69 ^ _05890_/Y (NAND2x1_ASAP7_75t_R)
  18.80  410.50 v _05901_/Y (NOR2x1_ASAP7_75t_R)
  28.35  438.85 ^ _05902_/Y (NAND2x1_ASAP7_75t_R)
  20.22  459.07 v _05937_/Y (NOR2x2_ASAP7_75t_R)
  32.60  491.68 v _06304_/Y (AO21x1_ASAP7_75t_R)
  68.71  560.39 v _06306_/Y (OA22x2_ASAP7_75t_R)
  40.09  600.48 v rebuffer505/Y (BUFx3_ASAP7_75t_R)
  24.93  625.41 v rebuffer504/Y (BUFx3_ASAP7_75t_R)
  26.22  651.63 v rebuffer503/Y (BUFx2_ASAP7_75t_R)
  26.51  678.14 v rebuffer502/Y (BUFx2_ASAP7_75t_R)
  26.51  704.65 v rebuffer501/Y (BUFx2_ASAP7_75t_R)
  26.51  731.16 v rebuffer500/Y (BUFx2_ASAP7_75t_R)
  26.51  757.68 v rebuffer499/Y (BUFx2_ASAP7_75t_R)
  26.51  784.19 v rebuffer498/Y (BUFx2_ASAP7_75t_R)
  26.51  810.70 v rebuffer497/Y (BUFx2_ASAP7_75t_R)
  26.51  837.21 v rebuffer496/Y (BUFx2_ASAP7_75t_R)
  26.51  863.73 v rebuffer495/Y (BUFx2_ASAP7_75t_R)
  26.51  890.24 v rebuffer494/Y (BUFx2_ASAP7_75t_R)
  26.51  916.75 v rebuffer493/Y (BUFx2_ASAP7_75t_R)
  26.51  943.26 v rebuffer492/Y (BUFx2_ASAP7_75t_R)
  26.77  970.04 v rebuffer491/Y (BUFx2_ASAP7_75t_R)
  24.75  994.78 v rebuffer490/Y (BUFx3_ASAP7_75t_R)
  24.39 1019.18 v rebuffer489/Y (BUFx3_ASAP7_75t_R)
  24.39 1043.57 v rebuffer488/Y (BUFx3_ASAP7_75t_R)
  24.39 1067.96 v rebuffer487/Y (BUFx3_ASAP7_75t_R)
  24.39 1092.35 v rebuffer486/Y (BUFx3_ASAP7_75t_R)
  25.64 1117.98 v rebuffer485/Y (BUFx3_ASAP7_75t_R)
  27.98 1145.96 v rebuffer478/Y (BUFx6f_ASAP7_75t_R)
  39.67 1185.63 ^ _10457_/CON (FAx1_ASAP7_75t_R)
  42.02 1227.66 ^ _08218_/Y (XNOR2x1_ASAP7_75t_R)
  18.73 1246.38 v _08219_/Y (INVx1_ASAP7_75t_R)
  36.41 1282.79 v _08220_/Y (OA21x2_ASAP7_75t_R)
  59.82 1342.61 v _08222_/Y (OA22x2_ASAP7_75t_R)
  22.01 1364.61 ^ _08271_/Y (AOI21x1_ASAP7_75t_R)
   0.00 1364.61 ^ _10833_/D (DFFLQNx2_ASAP7_75t_R)
        1364.61   data arrival time

  10.00   10.00   clock clk' (fall edge)
   0.00   10.00   clock network delay (ideal)
   0.00   10.00   clock reconvergence pessimism
          10.00 v _10833_/CLK (DFFLQNx2_ASAP7_75t_R)
  -5.97    4.03   library setup time
           4.03   data required time
---------------------------------------------------------
           4.03   data required time
        -1364.61   data arrival time
---------------------------------------------------------
        -1360.59   slack (VIOLATED)


Startpoint: _10775_ (falling edge-triggered flip-flop clocked by clk')
Endpoint: _10841_ (falling edge-triggered flip-flop clocked by clk')
Path Group: clk
Path Type: max

  Delay    Time   Description
---------------------------------------------------------
   0.00    0.00   clock clk' (fall edge)
   0.00    0.00   clock network delay (ideal)
   0.00    0.00 v _10775_/CLK (DFFLQNx3_ASAP7_75t_R)
 151.64  151.64 v _10775_/QN (DFFLQNx3_ASAP7_75t_R)
  70.15  221.79 ^ _05526_/Y (NOR2x2_ASAP7_75t_R)
  48.05  269.85 v _05529_/Y (NAND2x2_ASAP7_75t_R)
  61.79  331.64 ^ _05888_/Y (OAI22x1_ASAP7_75t_R)
  33.46  365.09 v _05889_/Y (NOR2x2_ASAP7_75t_R)
  26.60  391.69 ^ _05890_/Y (NAND2x1_ASAP7_75t_R)
  18.80  410.50 v _05901_/Y (NOR2x1_ASAP7_75t_R)
  28.35  438.85 ^ _05902_/Y (NAND2x1_ASAP7_75t_R)
  20.22  459.07 v _05937_/Y (NOR2x2_ASAP7_75t_R)
  32.60  491.68 v _06304_/Y (AO21x1_ASAP7_75t_R)
  68.71  560.39 v _06306_/Y (OA22x2_ASAP7_75t_R)
  40.09  600.48 v rebuffer505/Y (BUFx3_ASAP7_75t_R)
  24.93  625.41 v rebuffer504/Y (BUFx3_ASAP7_75t_R)
  26.22  651.63 v rebuffer503/Y (BUFx2_ASAP7_75t_R)
  26.51  678.14 v rebuffer502/Y (BUFx2_ASAP7_75t_R)
  26.51  704.65 v rebuffer501/Y (BUFx2_ASAP7_75t_R)
  26.51  731.16 v rebuffer500/Y (BUFx2_ASAP7_75t_R)
  26.51  757.68 v rebuffer499/Y (BUFx2_ASAP7_75t_R)
  26.51  784.19 v rebuffer498/Y (BUFx2_ASAP7_75t_R)
  26.51  810.70 v rebuffer497/Y (BUFx2_ASAP7_75t_R)
  26.51  837.21 v rebuffer496/Y (BUFx2_ASAP7_75t_R)
  26.51  863.73 v rebuffer495/Y (BUFx2_ASAP7_75t_R)
  26.51  890.24 v rebuffer494/Y (BUFx2_ASAP7_75t_R)
  26.51  916.75 v rebuffer493/Y (BUFx2_ASAP7_75t_R)
  26.51  943.26 v rebuffer492/Y (BUFx2_ASAP7_75t_R)
  26.77  970.04 v rebuffer491/Y (BUFx2_ASAP7_75t_R)
  24.75  994.78 v rebuffer490/Y (BUFx3_ASAP7_75t_R)
  24.39 1019.18 v rebuffer489/Y (BUFx3_ASAP7_75t_R)
  24.39 1043.57 v rebuffer488/Y (BUFx3_ASAP7_75t_R)
  24.39 1067.96 v rebuffer487/Y (BUFx3_ASAP7_75t_R)
  24.39 1092.35 v rebuffer486/Y (BUFx3_ASAP7_75t_R)
  25.64 1117.98 v rebuffer485/Y (BUFx3_ASAP7_75t_R)
  27.98 1145.96 v rebuffer478/Y (BUFx6f_ASAP7_75t_R)
  39.67 1185.63 ^ _10457_/CON (FAx1_ASAP7_75t_R)
  42.02 1227.66 ^ _08218_/Y (XNOR2x1_ASAP7_75t_R)
  18.73 1246.38 v _08219_/Y (INVx1_ASAP7_75t_R)
  36.41 1282.79 v _08220_/Y (OA21x2_ASAP7_75t_R)
  59.82 1342.61 v _08222_/Y (OA22x2_ASAP7_75t_R)
  22.01 1364.61 ^ _08290_/Y (AOI21x1_ASAP7_75t_R)
   0.00 1364.61 ^ _10841_/D (DFFLQNx2_ASAP7_75t_R)
        1364.61   data arrival time

  10.00   10.00   clock clk' (fall edge)
   0.00   10.00   clock network delay (ideal)
   0.00   10.00   clock reconvergence pessimism
          10.00 v _10841_/CLK (DFFLQNx2_ASAP7_75t_R)
  -5.97    4.03   library setup time
           4.03   data required time
---------------------------------------------------------
           4.03   data required time
        -1364.61   data arrival time
---------------------------------------------------------
        -1360.59   slack (VIOLATED)


Startpoint: _10775_ (falling edge-triggered flip-flop clocked by clk')
Endpoint: _10849_ (falling edge-triggered flip-flop clocked by clk')
Path Group: clk
Path Type: max

  Delay    Time   Description
---------------------------------------------------------
   0.00    0.00   clock clk' (fall edge)
   0.00    0.00   clock network delay (ideal)
   0.00    0.00 v _10775_/CLK (DFFLQNx3_ASAP7_75t_R)
 151.64  151.64 v _10775_/QN (DFFLQNx3_ASAP7_75t_R)
  70.15  221.79 ^ _05526_/Y (NOR2x2_ASAP7_75t_R)
  48.05  269.85 v _05529_/Y (NAND2x2_ASAP7_75t_R)
  61.79  331.64 ^ _05888_/Y (OAI22x1_ASAP7_75t_R)
  33.46  365.09 v _05889_/Y (NOR2x2_ASAP7_75t_R)
  26.60  391.69 ^ _05890_/Y (NAND2x1_ASAP7_75t_R)
  18.80  410.50 v _05901_/Y (NOR2x1_ASAP7_75t_R)
  28.35  438.85 ^ _05902_/Y (NAND2x1_ASAP7_75t_R)
  20.22  459.07 v _05937_/Y (NOR2x2_ASAP7_75t_R)
  32.60  491.68 v _06304_/Y (AO21x1_ASAP7_75t_R)
  68.71  560.39 v _06306_/Y (OA22x2_ASAP7_75t_R)
  40.09  600.48 v rebuffer505/Y (BUFx3_ASAP7_75t_R)
  24.93  625.41 v rebuffer504/Y (BUFx3_ASAP7_75t_R)
  26.22  651.63 v rebuffer503/Y (BUFx2_ASAP7_75t_R)
  26.51  678.14 v rebuffer502/Y (BUFx2_ASAP7_75t_R)
  26.51  704.65 v rebuffer501/Y (BUFx2_ASAP7_75t_R)
  26.51  731.16 v rebuffer500/Y (BUFx2_ASAP7_75t_R)
  26.51  757.68 v rebuffer499/Y (BUFx2_ASAP7_75t_R)
  26.51  784.19 v rebuffer498/Y (BUFx2_ASAP7_75t_R)
  26.51  810.70 v rebuffer497/Y (BUFx2_ASAP7_75t_R)
  26.51  837.21 v rebuffer496/Y (BUFx2_ASAP7_75t_R)
  26.51  863.73 v rebuffer495/Y (BUFx2_ASAP7_75t_R)
  26.51  890.24 v rebuffer494/Y (BUFx2_ASAP7_75t_R)
  26.51  916.75 v rebuffer493/Y (BUFx2_ASAP7_75t_R)
  26.51  943.26 v rebuffer492/Y (BUFx2_ASAP7_75t_R)
  26.77  970.04 v rebuffer491/Y (BUFx2_ASAP7_75t_R)
  24.75  994.78 v rebuffer490/Y (BUFx3_ASAP7_75t_R)
  24.39 1019.18 v rebuffer489/Y (BUFx3_ASAP7_75t_R)
  24.39 1043.57 v rebuffer488/Y (BUFx3_ASAP7_75t_R)
  24.39 1067.96 v rebuffer487/Y (BUFx3_ASAP7_75t_R)
  24.39 1092.35 v rebuffer486/Y (BUFx3_ASAP7_75t_R)
  25.64 1117.98 v rebuffer485/Y (BUFx3_ASAP7_75t_R)
  27.98 1145.96 v rebuffer478/Y (BUFx6f_ASAP7_75t_R)
  39.67 1185.63 ^ _10457_/CON (FAx1_ASAP7_75t_R)
  42.02 1227.66 ^ _08218_/Y (XNOR2x1_ASAP7_75t_R)
  18.73 1246.38 v _08219_/Y (INVx1_ASAP7_75t_R)
  36.41 1282.79 v _08220_/Y (OA21x2_ASAP7_75t_R)
  59.82 1342.61 v _08222_/Y (OA22x2_ASAP7_75t_R)
  22.01 1364.61 ^ _08310_/Y (AOI21x1_ASAP7_75t_R)
   0.00 1364.61 ^ _10849_/D (DFFLQNx2_ASAP7_75t_R)
        1364.61   data arrival time

  10.00   10.00   clock clk' (fall edge)
   0.00   10.00   clock network delay (ideal)
   0.00   10.00   clock reconvergence pessimism
          10.00 v _10849_/CLK (DFFLQNx2_ASAP7_75t_R)
  -5.97    4.03   library setup time
           4.03   data required time
---------------------------------------------------------
           4.03   data required time
        -1364.61   data arrival time
---------------------------------------------------------
        -1360.59   slack (VIOLATED)


Startpoint: _10775_ (falling edge-triggered flip-flop clocked by clk')
Endpoint: _10858_ (falling edge-triggered flip-flop clocked by clk')
Path Group: clk
Path Type: max

  Delay    Time   Description
---------------------------------------------------------
   0.00    0.00   clock clk' (fall edge)
   0.00    0.00   clock network delay (ideal)
   0.00    0.00 v _10775_/CLK (DFFLQNx3_ASAP7_75t_R)
 151.64  151.64 v _10775_/QN (DFFLQNx3_ASAP7_75t_R)
  70.15  221.79 ^ _05526_/Y (NOR2x2_ASAP7_75t_R)
  48.05  269.85 v _05529_/Y (NAND2x2_ASAP7_75t_R)
  61.79  331.64 ^ _05888_/Y (OAI22x1_ASAP7_75t_R)
  33.46  365.09 v _05889_/Y (NOR2x2_ASAP7_75t_R)
  26.60  391.69 ^ _05890_/Y (NAND2x1_ASAP7_75t_R)
  18.80  410.50 v _05901_/Y (NOR2x1_ASAP7_75t_R)
  28.35  438.85 ^ _05902_/Y (NAND2x1_ASAP7_75t_R)
  20.22  459.07 v _05937_/Y (NOR2x2_ASAP7_75t_R)
  32.60  491.68 v _06304_/Y (AO21x1_ASAP7_75t_R)
  68.71  560.39 v _06306_/Y (OA22x2_ASAP7_75t_R)
  40.09  600.48 v rebuffer505/Y (BUFx3_ASAP7_75t_R)
  24.93  625.41 v rebuffer504/Y (BUFx3_ASAP7_75t_R)
  26.22  651.63 v rebuffer503/Y (BUFx2_ASAP7_75t_R)
  26.51  678.14 v rebuffer502/Y (BUFx2_ASAP7_75t_R)
  26.51  704.65 v rebuffer501/Y (BUFx2_ASAP7_75t_R)
  26.51  731.16 v rebuffer500/Y (BUFx2_ASAP7_75t_R)
  26.51  757.68 v rebuffer499/Y (BUFx2_ASAP7_75t_R)
  26.51  784.19 v rebuffer498/Y (BUFx2_ASAP7_75t_R)
  26.51  810.70 v rebuffer497/Y (BUFx2_ASAP7_75t_R)
  26.51  837.21 v rebuffer496/Y (BUFx2_ASAP7_75t_R)
  26.51  863.73 v rebuffer495/Y (BUFx2_ASAP7_75t_R)
  26.51  890.24 v rebuffer494/Y (BUFx2_ASAP7_75t_R)
  26.51  916.75 v rebuffer493/Y (BUFx2_ASAP7_75t_R)
  26.51  943.26 v rebuffer492/Y (BUFx2_ASAP7_75t_R)
  26.77  970.04 v rebuffer491/Y (BUFx2_ASAP7_75t_R)
  24.75  994.78 v rebuffer490/Y (BUFx3_ASAP7_75t_R)
  24.39 1019.18 v rebuffer489/Y (BUFx3_ASAP7_75t_R)
  24.39 1043.57 v rebuffer488/Y (BUFx3_ASAP7_75t_R)
  24.39 1067.96 v rebuffer487/Y (BUFx3_ASAP7_75t_R)
  24.39 1092.35 v rebuffer486/Y (BUFx3_ASAP7_75t_R)
  25.64 1117.98 v rebuffer485/Y (BUFx3_ASAP7_75t_R)
  27.98 1145.96 v rebuffer478/Y (BUFx6f_ASAP7_75t_R)
  39.67 1185.63 ^ _10457_/CON (FAx1_ASAP7_75t_R)
  42.02 1227.66 ^ _08218_/Y (XNOR2x1_ASAP7_75t_R)
  18.73 1246.38 v _08219_/Y (INVx1_ASAP7_75t_R)
  36.41 1282.79 v _08220_/Y (OA21x2_ASAP7_75t_R)
  59.82 1342.61 v _08222_/Y (OA22x2_ASAP7_75t_R)
  22.01 1364.61 ^ _08334_/Y (AOI21x1_ASAP7_75t_R)
   0.00 1364.61 ^ _10858_/D (DFFLQNx2_ASAP7_75t_R)
        1364.61   data arrival time

  10.00   10.00   clock clk' (fall edge)
   0.00   10.00   clock network delay (ideal)
   0.00   10.00   clock reconvergence pessimism
          10.00 v _10858_/CLK (DFFLQNx2_ASAP7_75t_R)
  -5.97    4.03   library setup time
           4.03   data required time
---------------------------------------------------------
           4.03   data required time
        -1364.61   data arrival time
---------------------------------------------------------
        -1360.59   slack (VIOLATED)


Startpoint: _10775_ (falling edge-triggered flip-flop clocked by clk')
Endpoint: _10882_ (falling edge-triggered flip-flop clocked by clk')
Path Group: clk
Path Type: max

  Delay    Time   Description
---------------------------------------------------------
   0.00    0.00   clock clk' (fall edge)
   0.00    0.00   clock network delay (ideal)
   0.00    0.00 v _10775_/CLK (DFFLQNx3_ASAP7_75t_R)
 151.64  151.64 v _10775_/QN (DFFLQNx3_ASAP7_75t_R)
  70.15  221.79 ^ _05526_/Y (NOR2x2_ASAP7_75t_R)
  48.05  269.85 v _05529_/Y (NAND2x2_ASAP7_75t_R)
  61.79  331.64 ^ _05888_/Y (OAI22x1_ASAP7_75t_R)
  33.46  365.09 v _05889_/Y (NOR2x2_ASAP7_75t_R)
  26.60  391.69 ^ _05890_/Y (NAND2x1_ASAP7_75t_R)
  18.80  410.50 v _05901_/Y (NOR2x1_ASAP7_75t_R)
  28.35  438.85 ^ _05902_/Y (NAND2x1_ASAP7_75t_R)
  20.22  459.07 v _05937_/Y (NOR2x2_ASAP7_75t_R)
  32.60  491.68 v _06304_/Y (AO21x1_ASAP7_75t_R)
  68.71  560.39 v _06306_/Y (OA22x2_ASAP7_75t_R)
  40.09  600.48 v rebuffer505/Y (BUFx3_ASAP7_75t_R)
  24.93  625.41 v rebuffer504/Y (BUFx3_ASAP7_75t_R)
  26.22  651.63 v rebuffer503/Y (BUFx2_ASAP7_75t_R)
  26.51  678.14 v rebuffer502/Y (BUFx2_ASAP7_75t_R)
  26.51  704.65 v rebuffer501/Y (BUFx2_ASAP7_75t_R)
  26.51  731.16 v rebuffer500/Y (BUFx2_ASAP7_75t_R)
  26.51  757.68 v rebuffer499/Y (BUFx2_ASAP7_75t_R)
  26.51  784.19 v rebuffer498/Y (BUFx2_ASAP7_75t_R)
  26.51  810.70 v rebuffer497/Y (BUFx2_ASAP7_75t_R)
  26.51  837.21 v rebuffer496/Y (BUFx2_ASAP7_75t_R)
  26.51  863.73 v rebuffer495/Y (BUFx2_ASAP7_75t_R)
  26.51  890.24 v rebuffer494/Y (BUFx2_ASAP7_75t_R)
  26.51  916.75 v rebuffer493/Y (BUFx2_ASAP7_75t_R)
  26.51  943.26 v rebuffer492/Y (BUFx2_ASAP7_75t_R)
  26.77  970.04 v rebuffer491/Y (BUFx2_ASAP7_75t_R)
  24.75  994.78 v rebuffer490/Y (BUFx3_ASAP7_75t_R)
  24.39 1019.18 v rebuffer489/Y (BUFx3_ASAP7_75t_R)
  24.39 1043.57 v rebuffer488/Y (BUFx3_ASAP7_75t_R)
  24.39 1067.96 v rebuffer487/Y (BUFx3_ASAP7_75t_R)
  24.39 1092.35 v rebuffer486/Y (BUFx3_ASAP7_75t_R)
  25.64 1117.98 v rebuffer485/Y (BUFx3_ASAP7_75t_R)
  27.98 1145.96 v rebuffer478/Y (BUFx6f_ASAP7_75t_R)
  39.67 1185.63 ^ _10457_/CON (FAx1_ASAP7_75t_R)
  42.02 1227.66 ^ _08218_/Y (XNOR2x1_ASAP7_75t_R)
  18.73 1246.38 v _08219_/Y (INVx1_ASAP7_75t_R)
  36.41 1282.79 v _08220_/Y (OA21x2_ASAP7_75t_R)
  59.82 1342.61 v _08222_/Y (OA22x2_ASAP7_75t_R)
  22.01 1364.61 ^ _08391_/Y (AOI21x1_ASAP7_75t_R)
   0.00 1364.61 ^ _10882_/D (DFFLQNx2_ASAP7_75t_R)
        1364.61   data arrival time

  10.00   10.00   clock clk' (fall edge)
   0.00   10.00   clock network delay (ideal)
   0.00   10.00   clock reconvergence pessimism
          10.00 v _10882_/CLK (DFFLQNx2_ASAP7_75t_R)
  -5.97    4.03   library setup time
           4.03   data required time
---------------------------------------------------------
           4.03   data required time
        -1364.61   data arrival time
---------------------------------------------------------
        -1360.59   slack (VIOLATED)


Startpoint: _10775_ (falling edge-triggered flip-flop clocked by clk')
Endpoint: _10904_ (falling edge-triggered flip-flop clocked by clk')
Path Group: clk
Path Type: max

  Delay    Time   Description
---------------------------------------------------------
   0.00    0.00   clock clk' (fall edge)
   0.00    0.00   clock network delay (ideal)
   0.00    0.00 v _10775_/CLK (DFFLQNx3_ASAP7_75t_R)
 151.64  151.64 v _10775_/QN (DFFLQNx3_ASAP7_75t_R)
  70.60  222.24 ^ _05584_/Y (NAND2x2_ASAP7_75t_R)
  51.20  273.44 v _05585_/Y (NOR2x2_ASAP7_75t_R)
  31.32  304.76 ^ _05586_/Y (INVx4_ASAP7_75t_R)
  22.28  327.04 v _05761_/Y (NOR2x2_ASAP7_75t_R)
  50.28  377.32 ^ _05881_/Y (AOI211x1_ASAP7_75t_R)
  25.27  402.58 v _05882_/Y (NAND2x1_ASAP7_75t_R)
  20.00  422.58 ^ _05883_/Y (NOR2x1_ASAP7_75t_R)
  20.99  443.57 v _05902_/Y (NAND2x1_ASAP7_75t_R)
  17.61  461.19 ^ _05937_/Y (NOR2x2_ASAP7_75t_R)
  31.40  492.58 v _05938_/Y (AOI21x1_ASAP7_75t_R)
  34.61  527.19 ^ _05999_/Y (AOI21x1_ASAP7_75t_R)
  31.36  558.55 v _06004_/Y (AOI21x1_ASAP7_75t_R)
  38.46  597.01 v rebuffer413/Y (BUFx3_ASAP7_75t_R)
  54.00  651.01 ^ _06037_/Y (OAI21x1_ASAP7_75t_R)
  49.87  700.88 ^ load_slew73/Y (BUFx16f_ASAP7_75t_R)
  25.25  726.13 ^ rebuffer944/Y (BUFx6f_ASAP7_75t_R)
  30.07  756.20 ^ clone472/Y (BUFx10_ASAP7_75t_R)
  11.61  767.81 v _06184_/Y (NAND2x1_ASAP7_75t_R)
  29.66  797.47 v _06185_/Y (AO21x1_ASAP7_75t_R)
  38.25  835.72 v _06191_/Y (AO21x1_ASAP7_75t_R)
  32.10  867.82 ^ _06192_/Y (NAND2x2_ASAP7_75t_R)
  33.65  901.47 v _10450_/CON (FAx1_ASAP7_75t_R)
  41.39  942.86 v rebuffer441/Y (BUFx3_ASAP7_75t_R)
  38.62  981.48 v _06358_/Y (OA21x2_ASAP7_75t_R)
  21.99 1003.47 ^ _06359_/Y (OAI21x1_ASAP7_75t_R)
  17.20 1020.67 v _06410_/Y (AOI21x1_ASAP7_75t_R)
  42.14 1062.81 v _06411_/Y (OA21x2_ASAP7_75t_R)
  38.37 1101.18 v _06428_/Y (OA21x2_ASAP7_75t_R)
  21.99 1123.17 ^ _06429_/Y (OAI21x1_ASAP7_75t_R)
  38.68 1161.85 ^ rebuffer447/Y (BUFx2_ASAP7_75t_R)
  57.57 1219.42 v _10459_/SN (FAx1_ASAP7_75t_R)
  21.13 1240.55 ^ _07951_/Y (INVx1_ASAP7_75t_R)
  32.75 1273.30 ^ _07990_/Y (OA21x2_ASAP7_75t_R)
  56.22 1329.52 ^ _07992_/Y (OA22x2_ASAP7_75t_R)
  19.27 1348.79 v _08467_/Y (OAI21x1_ASAP7_75t_R)
   0.00 1348.79 v _10904_/D (DFFLQNx2_ASAP7_75t_R)
        1348.79   data arrival time

  10.00   10.00   clock clk' (fall edge)
   0.00   10.00   clock network delay (ideal)
   0.00   10.00   clock reconvergence pessimism
          10.00 v _10904_/CLK (DFFLQNx2_ASAP7_75t_R)
 -18.68   -8.68   library setup time
          -8.68   data required time
---------------------------------------------------------
          -8.68   data required time
        -1348.79   data arrival time
---------------------------------------------------------
        -1357.47   slack (VIOLATED)


Startpoint: _10775_ (falling edge-triggered flip-flop clocked by clk')
Endpoint: _10736_ (falling edge-triggered flip-flop clocked by clk')
Path Group: clk
Path Type: max

  Delay    Time   Description
---------------------------------------------------------
   0.00    0.00   clock clk' (fall edge)
   0.00    0.00   clock network delay (ideal)
   0.00    0.00 v _10775_/CLK (DFFLQNx3_ASAP7_75t_R)
 151.64  151.64 v _10775_/QN (DFFLQNx3_ASAP7_75t_R)
  70.60  222.24 ^ _05584_/Y (NAND2x2_ASAP7_75t_R)
  51.20  273.44 v _05585_/Y (NOR2x2_ASAP7_75t_R)
  31.32  304.76 ^ _05586_/Y (INVx4_ASAP7_75t_R)
  22.28  327.04 v _05761_/Y (NOR2x2_ASAP7_75t_R)
  50.28  377.32 ^ _05881_/Y (AOI211x1_ASAP7_75t_R)
  25.27  402.58 v _05882_/Y (NAND2x1_ASAP7_75t_R)
  20.00  422.58 ^ _05883_/Y (NOR2x1_ASAP7_75t_R)
  20.99  443.57 v _05902_/Y (NAND2x1_ASAP7_75t_R)
  17.61  461.19 ^ _05937_/Y (NOR2x2_ASAP7_75t_R)
  26.63  487.82 ^ _06304_/Y (AO21x1_ASAP7_75t_R)
  65.79  553.60 ^ _06306_/Y (OA22x2_ASAP7_75t_R)
  29.94  583.54 v _06308_/Y (CKINVDCx16_ASAP7_75t_R)
  25.85  609.39 ^ _06508_/Y (NOR2x2_ASAP7_75t_R)
  32.13  641.52 ^ rebuffer542/Y (BUFx2_ASAP7_75t_R)
  30.34  671.86 ^ _06509_/Y (AO21x1_ASAP7_75t_R)
  17.82  689.68 v _07026_/Y (INVx1_ASAP7_75t_R)
  40.77  730.45 v _10531_/SN (HAxp5_ASAP7_75t_R)
  38.63  769.08 v _06554_/Y (OA21x2_ASAP7_75t_R)
  16.76  785.84 ^ _06555_/Y (OAI21x1_ASAP7_75t_R)
  24.06  809.90 v _06556_/Y (INVx1_ASAP7_75t_R)
  38.36  848.26 v _06598_/Y (OA21x2_ASAP7_75t_R)
  41.13  889.39 v _06599_/Y (OA21x2_ASAP7_75t_R)
  38.38  927.77 v _06890_/Y (OA21x2_ASAP7_75t_R)
  29.73  957.50 ^ _06891_/Y (OAI21x1_ASAP7_75t_R)
  16.69  974.19 v _06914_/Y (NAND2x1_ASAP7_75t_R)
  55.79 1029.98 v _06915_/Y (OA211x2_ASAP7_75t_R)
  22.59 1052.58 ^ _06916_/Y (INVx1_ASAP7_75t_R)
  34.11 1086.68 v _10468_/CON (FAx1_ASAP7_75t_R)
  46.15 1132.83 v _09808_/Y (XOR2x1_ASAP7_75t_R)
  20.45 1153.28 ^ _09809_/Y (INVx1_ASAP7_75t_R)
  13.60 1166.88 v _09810_/Y (NAND2x1_ASAP7_75t_R)
  53.14 1220.03 v _09811_/Y (OA211x2_ASAP7_75t_R)
  33.49 1253.52 v _09812_/Y (AO21x1_ASAP7_75t_R)
  30.94 1284.45 v _09813_/Y (AO21x1_ASAP7_75t_R)
  32.15 1316.60 v _09814_/Y (AO21x1_ASAP7_75t_R)
  31.33 1347.94 v _09817_/Y (AO21x1_ASAP7_75t_R)
   0.00 1347.94 v _10736_/D (DFFLQNx2_ASAP7_75t_R)
        1347.94   data arrival time

  10.00   10.00   clock clk' (fall edge)
   0.00   10.00   clock network delay (ideal)
   0.00   10.00   clock reconvergence pessimism
          10.00 v _10736_/CLK (DFFLQNx2_ASAP7_75t_R)
 -17.30   -7.30   library setup time
          -7.30   data required time
---------------------------------------------------------
          -7.30   data required time
        -1347.94   data arrival time
---------------------------------------------------------
        -1355.23   slack (VIOLATED)


Startpoint: _10775_ (falling edge-triggered flip-flop clocked by clk')
Endpoint: _10921_ (falling edge-triggered flip-flop clocked by clk')
Path Group: clk
Path Type: max

  Delay    Time   Description
---------------------------------------------------------
   0.00    0.00   clock clk' (fall edge)
   0.00    0.00   clock network delay (ideal)
   0.00    0.00 v _10775_/CLK (DFFLQNx3_ASAP7_75t_R)
 151.64  151.64 v _10775_/QN (DFFLQNx3_ASAP7_75t_R)
  70.60  222.24 ^ _05584_/Y (NAND2x2_ASAP7_75t_R)
  51.20  273.44 v _05585_/Y (NOR2x2_ASAP7_75t_R)
  31.32  304.76 ^ _05586_/Y (INVx4_ASAP7_75t_R)
  22.28  327.04 v _05761_/Y (NOR2x2_ASAP7_75t_R)
  50.28  377.32 ^ _05881_/Y (AOI211x1_ASAP7_75t_R)
  25.27  402.58 v _05882_/Y (NAND2x1_ASAP7_75t_R)
  20.00  422.58 ^ _05883_/Y (NOR2x1_ASAP7_75t_R)
  20.99  443.57 v _05902_/Y (NAND2x1_ASAP7_75t_R)
  17.61  461.19 ^ _05937_/Y (NOR2x2_ASAP7_75t_R)
  31.40  492.58 v _05938_/Y (AOI21x1_ASAP7_75t_R)
  34.61  527.19 ^ _05999_/Y (AOI21x1_ASAP7_75t_R)
  31.36  558.55 v _06004_/Y (AOI21x1_ASAP7_75t_R)
  38.46  597.01 v rebuffer413/Y (BUFx3_ASAP7_75t_R)
  54.00  651.01 ^ _06037_/Y (OAI21x1_ASAP7_75t_R)
  49.87  700.88 ^ load_slew73/Y (BUFx16f_ASAP7_75t_R)
  25.25  726.13 ^ rebuffer944/Y (BUFx6f_ASAP7_75t_R)
  30.07  756.20 ^ clone472/Y (BUFx10_ASAP7_75t_R)
  11.61  767.81 v _06184_/Y (NAND2x1_ASAP7_75t_R)
  29.66  797.47 v _06185_/Y (AO21x1_ASAP7_75t_R)
  38.25  835.72 v _06191_/Y (AO21x1_ASAP7_75t_R)
  32.10  867.82 ^ _06192_/Y (NAND2x2_ASAP7_75t_R)
  33.65  901.47 v _10450_/CON (FAx1_ASAP7_75t_R)
  41.39  942.86 v rebuffer441/Y (BUFx3_ASAP7_75t_R)
  38.62  981.48 v _06358_/Y (OA21x2_ASAP7_75t_R)
  21.99 1003.47 ^ _06359_/Y (OAI21x1_ASAP7_75t_R)
  17.20 1020.67 v _06410_/Y (AOI21x1_ASAP7_75t_R)
  42.14 1062.81 v _06411_/Y (OA21x2_ASAP7_75t_R)
  38.37 1101.18 v _06428_/Y (OA21x2_ASAP7_75t_R)
  21.99 1123.17 ^ _06429_/Y (OAI21x1_ASAP7_75t_R)
  38.68 1161.85 ^ rebuffer447/Y (BUFx2_ASAP7_75t_R)
  26.28 1188.13 v _10459_/CON (FAx1_ASAP7_75t_R)
  59.47 1247.60 ^ _07997_/Y (XOR2x2_ASAP7_75t_R)
  14.15 1261.75 v _08014_/Y (AOI21x1_ASAP7_75t_R)
  63.23 1324.98 v _08017_/Y (OA22x2_ASAP7_75t_R)
  24.81 1349.79 ^ _08507_/Y (OAI21x1_ASAP7_75t_R)
   0.00 1349.79 ^ _10921_/D (DFFLQNx2_ASAP7_75t_R)
        1349.79   data arrival time

  10.00   10.00   clock clk' (fall edge)
   0.00   10.00   clock network delay (ideal)
   0.00   10.00   clock reconvergence pessimism
          10.00 v _10921_/CLK (DFFLQNx2_ASAP7_75t_R)
  -6.56    3.44   library setup time
           3.44   data required time
---------------------------------------------------------
           3.44   data required time
        -1349.79   data arrival time
---------------------------------------------------------
        -1346.36   slack (VIOLATED)


Startpoint: _10775_ (falling edge-triggered flip-flop clocked by clk')
Endpoint: _10737_ (falling edge-triggered flip-flop clocked by clk')
Path Group: clk
Path Type: max

  Delay    Time   Description
---------------------------------------------------------
   0.00    0.00   clock clk' (fall edge)
   0.00    0.00   clock network delay (ideal)
   0.00    0.00 v _10775_/CLK (DFFLQNx3_ASAP7_75t_R)
 151.64  151.64 v _10775_/QN (DFFLQNx3_ASAP7_75t_R)
  70.60  222.24 ^ _05584_/Y (NAND2x2_ASAP7_75t_R)
  51.20  273.44 v _05585_/Y (NOR2x2_ASAP7_75t_R)
  31.32  304.76 ^ _05586_/Y (INVx4_ASAP7_75t_R)
  22.28  327.04 v _05761_/Y (NOR2x2_ASAP7_75t_R)
  50.28  377.32 ^ _05881_/Y (AOI211x1_ASAP7_75t_R)
  25.27  402.58 v _05882_/Y (NAND2x1_ASAP7_75t_R)
  20.00  422.58 ^ _05883_/Y (NOR2x1_ASAP7_75t_R)
  20.99  443.57 v _05902_/Y (NAND2x1_ASAP7_75t_R)
  17.61  461.19 ^ _05937_/Y (NOR2x2_ASAP7_75t_R)
  26.63  487.82 ^ _06304_/Y (AO21x1_ASAP7_75t_R)
  65.79  553.60 ^ _06306_/Y (OA22x2_ASAP7_75t_R)
  29.94  583.54 v _06308_/Y (CKINVDCx16_ASAP7_75t_R)
  25.85  609.39 ^ _06508_/Y (NOR2x2_ASAP7_75t_R)
  32.13  641.52 ^ rebuffer542/Y (BUFx2_ASAP7_75t_R)
  30.34  671.86 ^ _06509_/Y (AO21x1_ASAP7_75t_R)
  17.82  689.68 v _07026_/Y (INVx1_ASAP7_75t_R)
  40.77  730.45 v _10531_/SN (HAxp5_ASAP7_75t_R)
  38.63  769.08 v _06554_/Y (OA21x2_ASAP7_75t_R)
  16.76  785.84 ^ _06555_/Y (OAI21x1_ASAP7_75t_R)
  24.06  809.90 v _06556_/Y (INVx1_ASAP7_75t_R)
  38.36  848.26 v _06598_/Y (OA21x2_ASAP7_75t_R)
  41.13  889.39 v _06599_/Y (OA21x2_ASAP7_75t_R)
  38.38  927.77 v _06890_/Y (OA21x2_ASAP7_75t_R)
  29.73  957.50 ^ _06891_/Y (OAI21x1_ASAP7_75t_R)
  16.69  974.19 v _06914_/Y (NAND2x1_ASAP7_75t_R)
  55.79 1029.98 v _06915_/Y (OA211x2_ASAP7_75t_R)
  41.27 1071.25 v _06917_/Y (OR3x1_ASAP7_75t_R)
  55.04 1126.29 v _06918_/Y (OA211x2_ASAP7_75t_R)
  23.62 1149.91 ^ _06919_/Y (INVx1_ASAP7_75t_R)
  74.16 1224.07 v _10469_/SN (FAx1_ASAP7_75t_R)
  41.02 1265.09 v _09821_/Y (AO21x1_ASAP7_75t_R)
  16.53 1281.62 ^ _09823_/Y (OAI21x1_ASAP7_75t_R)
  39.42 1321.05 ^ _09824_/Y (AO221x1_ASAP7_75t_R)
  13.38 1334.43 v _09825_/Y (NAND2x1_ASAP7_75t_R)
   0.00 1334.43 v _10737_/D (DFFLQNx2_ASAP7_75t_R)
        1334.43   data arrival time

  10.00   10.00   clock clk' (fall edge)
   0.00   10.00   clock network delay (ideal)
   0.00   10.00   clock reconvergence pessimism
          10.00 v _10737_/CLK (DFFLQNx2_ASAP7_75t_R)
 -17.35   -7.35   library setup time
          -7.35   data required time
---------------------------------------------------------
          -7.35   data required time
        -1334.43   data arrival time
---------------------------------------------------------
        -1341.77   slack (VIOLATED)


Startpoint: _10775_ (falling edge-triggered flip-flop clocked by clk')
Endpoint: _10840_ (falling edge-triggered flip-flop clocked by clk')
Path Group: clk
Path Type: max

  Delay    Time   Description
---------------------------------------------------------
   0.00    0.00   clock clk' (fall edge)
   0.00    0.00   clock network delay (ideal)
   0.00    0.00 v _10775_/CLK (DFFLQNx3_ASAP7_75t_R)
 151.64  151.64 v _10775_/QN (DFFLQNx3_ASAP7_75t_R)
  70.15  221.79 ^ _05526_/Y (NOR2x2_ASAP7_75t_R)
  48.05  269.85 v _05529_/Y (NAND2x2_ASAP7_75t_R)
  61.79  331.64 ^ _05888_/Y (OAI22x1_ASAP7_75t_R)
  33.46  365.09 v _05889_/Y (NOR2x2_ASAP7_75t_R)
  26.60  391.69 ^ _05890_/Y (NAND2x1_ASAP7_75t_R)
  18.80  410.50 v _05901_/Y (NOR2x1_ASAP7_75t_R)
  28.35  438.85 ^ _05902_/Y (NAND2x1_ASAP7_75t_R)
  20.22  459.07 v _05937_/Y (NOR2x2_ASAP7_75t_R)
  32.60  491.68 v _06304_/Y (AO21x1_ASAP7_75t_R)
  68.71  560.39 v _06306_/Y (OA22x2_ASAP7_75t_R)
  40.09  600.48 v rebuffer505/Y (BUFx3_ASAP7_75t_R)
  24.93  625.41 v rebuffer504/Y (BUFx3_ASAP7_75t_R)
  26.22  651.63 v rebuffer503/Y (BUFx2_ASAP7_75t_R)
  26.51  678.14 v rebuffer502/Y (BUFx2_ASAP7_75t_R)
  26.51  704.65 v rebuffer501/Y (BUFx2_ASAP7_75t_R)
  26.51  731.16 v rebuffer500/Y (BUFx2_ASAP7_75t_R)
  26.51  757.68 v rebuffer499/Y (BUFx2_ASAP7_75t_R)
  26.51  784.19 v rebuffer498/Y (BUFx2_ASAP7_75t_R)
  26.51  810.70 v rebuffer497/Y (BUFx2_ASAP7_75t_R)
  26.51  837.21 v rebuffer496/Y (BUFx2_ASAP7_75t_R)
  26.51  863.73 v rebuffer495/Y (BUFx2_ASAP7_75t_R)
  26.51  890.24 v rebuffer494/Y (BUFx2_ASAP7_75t_R)
  26.51  916.75 v rebuffer493/Y (BUFx2_ASAP7_75t_R)
  26.51  943.26 v rebuffer492/Y (BUFx2_ASAP7_75t_R)
  26.77  970.04 v rebuffer491/Y (BUFx2_ASAP7_75t_R)
  24.75  994.78 v rebuffer490/Y (BUFx3_ASAP7_75t_R)
  24.39 1019.18 v rebuffer489/Y (BUFx3_ASAP7_75t_R)
  24.39 1043.57 v rebuffer488/Y (BUFx3_ASAP7_75t_R)
  24.39 1067.96 v rebuffer487/Y (BUFx3_ASAP7_75t_R)
  24.39 1092.35 v rebuffer486/Y (BUFx3_ASAP7_75t_R)
  25.64 1117.98 v rebuffer485/Y (BUFx3_ASAP7_75t_R)
  27.98 1145.96 v rebuffer478/Y (BUFx6f_ASAP7_75t_R)
  62.18 1208.14 ^ _10457_/SN (FAx1_ASAP7_75t_R)
  45.96 1254.10 ^ _08211_/Y (OA21x2_ASAP7_75t_R)
  53.62 1307.72 ^ _08214_/Y (OA21x2_ASAP7_75t_R)
  19.81 1327.53 v _08288_/Y (AOI21x1_ASAP7_75t_R)
   0.00 1327.53 v _10840_/D (DFFLQNx2_ASAP7_75t_R)
        1327.53   data arrival time

  10.00   10.00   clock clk' (fall edge)
   0.00   10.00   clock network delay (ideal)
   0.00   10.00   clock reconvergence pessimism
          10.00 v _10840_/CLK (DFFLQNx2_ASAP7_75t_R)
 -19.60   -9.60   library setup time
          -9.60   data required time
---------------------------------------------------------
          -9.60   data required time
        -1327.53   data arrival time
---------------------------------------------------------
        -1337.12   slack (VIOLATED)


Startpoint: _10775_ (falling edge-triggered flip-flop clocked by clk')
Endpoint: _10832_ (falling edge-triggered flip-flop clocked by clk')
Path Group: clk
Path Type: max

  Delay    Time   Description
---------------------------------------------------------
   0.00    0.00   clock clk' (fall edge)
   0.00    0.00   clock network delay (ideal)
   0.00    0.00 v _10775_/CLK (DFFLQNx3_ASAP7_75t_R)
 151.64  151.64 v _10775_/QN (DFFLQNx3_ASAP7_75t_R)
  70.15  221.79 ^ _05526_/Y (NOR2x2_ASAP7_75t_R)
  48.05  269.85 v _05529_/Y (NAND2x2_ASAP7_75t_R)
  61.79  331.64 ^ _05888_/Y (OAI22x1_ASAP7_75t_R)
  33.46  365.09 v _05889_/Y (NOR2x2_ASAP7_75t_R)
  26.60  391.69 ^ _05890_/Y (NAND2x1_ASAP7_75t_R)
  18.80  410.50 v _05901_/Y (NOR2x1_ASAP7_75t_R)
  28.35  438.85 ^ _05902_/Y (NAND2x1_ASAP7_75t_R)
  20.22  459.07 v _05937_/Y (NOR2x2_ASAP7_75t_R)
  32.60  491.68 v _06304_/Y (AO21x1_ASAP7_75t_R)
  68.71  560.39 v _06306_/Y (OA22x2_ASAP7_75t_R)
  40.09  600.48 v rebuffer505/Y (BUFx3_ASAP7_75t_R)
  24.93  625.41 v rebuffer504/Y (BUFx3_ASAP7_75t_R)
  26.22  651.63 v rebuffer503/Y (BUFx2_ASAP7_75t_R)
  26.51  678.14 v rebuffer502/Y (BUFx2_ASAP7_75t_R)
  26.51  704.65 v rebuffer501/Y (BUFx2_ASAP7_75t_R)
  26.51  731.16 v rebuffer500/Y (BUFx2_ASAP7_75t_R)
  26.51  757.68 v rebuffer499/Y (BUFx2_ASAP7_75t_R)
  26.51  784.19 v rebuffer498/Y (BUFx2_ASAP7_75t_R)
  26.51  810.70 v rebuffer497/Y (BUFx2_ASAP7_75t_R)
  26.51  837.21 v rebuffer496/Y (BUFx2_ASAP7_75t_R)
  26.51  863.73 v rebuffer495/Y (BUFx2_ASAP7_75t_R)
  26.51  890.24 v rebuffer494/Y (BUFx2_ASAP7_75t_R)
  26.51  916.75 v rebuffer493/Y (BUFx2_ASAP7_75t_R)
  26.51  943.26 v rebuffer492/Y (BUFx2_ASAP7_75t_R)
  26.77  970.04 v rebuffer491/Y (BUFx2_ASAP7_75t_R)
  24.75  994.78 v rebuffer490/Y (BUFx3_ASAP7_75t_R)
  24.39 1019.18 v rebuffer489/Y (BUFx3_ASAP7_75t_R)
  24.39 1043.57 v rebuffer488/Y (BUFx3_ASAP7_75t_R)
  24.39 1067.96 v rebuffer487/Y (BUFx3_ASAP7_75t_R)
  24.39 1092.35 v rebuffer486/Y (BUFx3_ASAP7_75t_R)
  25.64 1117.98 v rebuffer485/Y (BUFx3_ASAP7_75t_R)
  27.98 1145.96 v rebuffer478/Y (BUFx6f_ASAP7_75t_R)
  62.18 1208.14 ^ _10457_/SN (FAx1_ASAP7_75t_R)
  45.96 1254.10 ^ _08211_/Y (OA21x2_ASAP7_75t_R)
  53.62 1307.72 ^ _08214_/Y (OA21x2_ASAP7_75t_R)
  19.81 1327.53 v _08269_/Y (AOI21x1_ASAP7_75t_R)
   0.00 1327.53 v _10832_/D (DFFLQNx2_ASAP7_75t_R)
        1327.53   data arrival time

  10.00   10.00   clock clk' (fall edge)
   0.00   10.00   clock network delay (ideal)
   0.00   10.00   clock reconvergence pessimism
          10.00 v _10832_/CLK (DFFLQNx2_ASAP7_75t_R)
 -19.57   -9.57   library setup time
          -9.57   data required time
---------------------------------------------------------
          -9.57   data required time
        -1327.53   data arrival time
---------------------------------------------------------
        -1337.10   slack (VIOLATED)


Startpoint: _10775_ (falling edge-triggered flip-flop clocked by clk')
Endpoint: _10814_ (falling edge-triggered flip-flop clocked by clk')
Path Group: clk
Path Type: max

  Delay    Time   Description
---------------------------------------------------------
   0.00    0.00   clock clk' (fall edge)
   0.00    0.00   clock network delay (ideal)
   0.00    0.00 v _10775_/CLK (DFFLQNx3_ASAP7_75t_R)
 151.64  151.64 v _10775_/QN (DFFLQNx3_ASAP7_75t_R)
  70.15  221.79 ^ _05526_/Y (NOR2x2_ASAP7_75t_R)
  48.05  269.85 v _05529_/Y (NAND2x2_ASAP7_75t_R)
  61.79  331.64 ^ _05888_/Y (OAI22x1_ASAP7_75t_R)
  33.46  365.09 v _05889_/Y (NOR2x2_ASAP7_75t_R)
  26.60  391.69 ^ _05890_/Y (NAND2x1_ASAP7_75t_R)
  18.80  410.50 v _05901_/Y (NOR2x1_ASAP7_75t_R)
  28.35  438.85 ^ _05902_/Y (NAND2x1_ASAP7_75t_R)
  20.22  459.07 v _05937_/Y (NOR2x2_ASAP7_75t_R)
  32.60  491.68 v _06304_/Y (AO21x1_ASAP7_75t_R)
  68.71  560.39 v _06306_/Y (OA22x2_ASAP7_75t_R)
  40.09  600.48 v rebuffer505/Y (BUFx3_ASAP7_75t_R)
  24.93  625.41 v rebuffer504/Y (BUFx3_ASAP7_75t_R)
  26.22  651.63 v rebuffer503/Y (BUFx2_ASAP7_75t_R)
  26.51  678.14 v rebuffer502/Y (BUFx2_ASAP7_75t_R)
  26.51  704.65 v rebuffer501/Y (BUFx2_ASAP7_75t_R)
  26.51  731.16 v rebuffer500/Y (BUFx2_ASAP7_75t_R)
  26.51  757.68 v rebuffer499/Y (BUFx2_ASAP7_75t_R)
  26.51  784.19 v rebuffer498/Y (BUFx2_ASAP7_75t_R)
  26.51  810.70 v rebuffer497/Y (BUFx2_ASAP7_75t_R)
  26.51  837.21 v rebuffer496/Y (BUFx2_ASAP7_75t_R)
  26.51  863.73 v rebuffer495/Y (BUFx2_ASAP7_75t_R)
  26.51  890.24 v rebuffer494/Y (BUFx2_ASAP7_75t_R)
  26.51  916.75 v rebuffer493/Y (BUFx2_ASAP7_75t_R)
  26.51  943.26 v rebuffer492/Y (BUFx2_ASAP7_75t_R)
  26.77  970.04 v rebuffer491/Y (BUFx2_ASAP7_75t_R)
  24.75  994.78 v rebuffer490/Y (BUFx3_ASAP7_75t_R)
  24.39 1019.18 v rebuffer489/Y (BUFx3_ASAP7_75t_R)
  24.39 1043.57 v rebuffer488/Y (BUFx3_ASAP7_75t_R)
  24.39 1067.96 v rebuffer487/Y (BUFx3_ASAP7_75t_R)
  24.39 1092.35 v rebuffer486/Y (BUFx3_ASAP7_75t_R)
  25.64 1117.98 v rebuffer485/Y (BUFx3_ASAP7_75t_R)
  27.98 1145.96 v rebuffer478/Y (BUFx6f_ASAP7_75t_R)
  62.18 1208.14 ^ _10457_/SN (FAx1_ASAP7_75t_R)
  45.96 1254.10 ^ _08211_/Y (OA21x2_ASAP7_75t_R)
  53.62 1307.72 ^ _08214_/Y (OA21x2_ASAP7_75t_R)
  19.81 1327.53 v _08217_/Y (AOI21x1_ASAP7_75t_R)
   0.00 1327.53 v _10814_/D (DFFLQNx2_ASAP7_75t_R)
        1327.53   data arrival time

  10.00   10.00   clock clk' (fall edge)
   0.00   10.00   clock network delay (ideal)
   0.00   10.00   clock reconvergence pessimism
          10.00 v _10814_/CLK (DFFLQNx2_ASAP7_75t_R)
 -19.08   -9.08   library setup time
          -9.08   data required time
---------------------------------------------------------
          -9.08   data required time
        -1327.53   data arrival time
---------------------------------------------------------
        -1336.61   slack (VIOLATED)


Startpoint: _10775_ (falling edge-triggered flip-flop clocked by clk')
Endpoint: _10824_ (falling edge-triggered flip-flop clocked by clk')
Path Group: clk
Path Type: max

  Delay    Time   Description
---------------------------------------------------------
   0.00    0.00   clock clk' (fall edge)
   0.00    0.00   clock network delay (ideal)
   0.00    0.00 v _10775_/CLK (DFFLQNx3_ASAP7_75t_R)
 151.64  151.64 v _10775_/QN (DFFLQNx3_ASAP7_75t_R)
  70.15  221.79 ^ _05526_/Y (NOR2x2_ASAP7_75t_R)
  48.05  269.85 v _05529_/Y (NAND2x2_ASAP7_75t_R)
  61.79  331.64 ^ _05888_/Y (OAI22x1_ASAP7_75t_R)
  33.46  365.09 v _05889_/Y (NOR2x2_ASAP7_75t_R)
  26.60  391.69 ^ _05890_/Y (NAND2x1_ASAP7_75t_R)
  18.80  410.50 v _05901_/Y (NOR2x1_ASAP7_75t_R)
  28.35  438.85 ^ _05902_/Y (NAND2x1_ASAP7_75t_R)
  20.22  459.07 v _05937_/Y (NOR2x2_ASAP7_75t_R)
  32.60  491.68 v _06304_/Y (AO21x1_ASAP7_75t_R)
  68.71  560.39 v _06306_/Y (OA22x2_ASAP7_75t_R)
  40.09  600.48 v rebuffer505/Y (BUFx3_ASAP7_75t_R)
  24.93  625.41 v rebuffer504/Y (BUFx3_ASAP7_75t_R)
  26.22  651.63 v rebuffer503/Y (BUFx2_ASAP7_75t_R)
  26.51  678.14 v rebuffer502/Y (BUFx2_ASAP7_75t_R)
  26.51  704.65 v rebuffer501/Y (BUFx2_ASAP7_75t_R)
  26.51  731.16 v rebuffer500/Y (BUFx2_ASAP7_75t_R)
  26.51  757.68 v rebuffer499/Y (BUFx2_ASAP7_75t_R)
  26.51  784.19 v rebuffer498/Y (BUFx2_ASAP7_75t_R)
  26.51  810.70 v rebuffer497/Y (BUFx2_ASAP7_75t_R)
  26.51  837.21 v rebuffer496/Y (BUFx2_ASAP7_75t_R)
  26.51  863.73 v rebuffer495/Y (BUFx2_ASAP7_75t_R)
  26.51  890.24 v rebuffer494/Y (BUFx2_ASAP7_75t_R)
  26.51  916.75 v rebuffer493/Y (BUFx2_ASAP7_75t_R)
  26.51  943.26 v rebuffer492/Y (BUFx2_ASAP7_75t_R)
  26.77  970.04 v rebuffer491/Y (BUFx2_ASAP7_75t_R)
  24.75  994.78 v rebuffer490/Y (BUFx3_ASAP7_75t_R)
  24.39 1019.18 v rebuffer489/Y (BUFx3_ASAP7_75t_R)
  24.39 1043.57 v rebuffer488/Y (BUFx3_ASAP7_75t_R)
  24.39 1067.96 v rebuffer487/Y (BUFx3_ASAP7_75t_R)
  24.39 1092.35 v rebuffer486/Y (BUFx3_ASAP7_75t_R)
  25.64 1117.98 v rebuffer485/Y (BUFx3_ASAP7_75t_R)
  27.98 1145.96 v rebuffer478/Y (BUFx6f_ASAP7_75t_R)
  62.18 1208.14 ^ _10457_/SN (FAx1_ASAP7_75t_R)
  45.96 1254.10 ^ _08211_/Y (OA21x2_ASAP7_75t_R)
  53.62 1307.72 ^ _08214_/Y (OA21x2_ASAP7_75t_R)
  19.81 1327.53 v _08250_/Y (AOI21x1_ASAP7_75t_R)
   0.00 1327.53 v _10824_/D (DFFLQNx2_ASAP7_75t_R)
        1327.53   data arrival time

  10.00   10.00   clock clk' (fall edge)
   0.00   10.00   clock network delay (ideal)
   0.00   10.00   clock reconvergence pessimism
          10.00 v _10824_/CLK (DFFLQNx2_ASAP7_75t_R)
 -19.08   -9.08   library setup time
          -9.08   data required time
---------------------------------------------------------
          -9.08   data required time
        -1327.53   data arrival time
---------------------------------------------------------
        -1336.61   slack (VIOLATED)


Startpoint: _10775_ (falling edge-triggered flip-flop clocked by clk')
Endpoint: _10848_ (falling edge-triggered flip-flop clocked by clk')
Path Group: clk
Path Type: max

  Delay    Time   Description
---------------------------------------------------------
   0.00    0.00   clock clk' (fall edge)
   0.00    0.00   clock network delay (ideal)
   0.00    0.00 v _10775_/CLK (DFFLQNx3_ASAP7_75t_R)
 151.64  151.64 v _10775_/QN (DFFLQNx3_ASAP7_75t_R)
  70.15  221.79 ^ _05526_/Y (NOR2x2_ASAP7_75t_R)
  48.05  269.85 v _05529_/Y (NAND2x2_ASAP7_75t_R)
  61.79  331.64 ^ _05888_/Y (OAI22x1_ASAP7_75t_R)
  33.46  365.09 v _05889_/Y (NOR2x2_ASAP7_75t_R)
  26.60  391.69 ^ _05890_/Y (NAND2x1_ASAP7_75t_R)
  18.80  410.50 v _05901_/Y (NOR2x1_ASAP7_75t_R)
  28.35  438.85 ^ _05902_/Y (NAND2x1_ASAP7_75t_R)
  20.22  459.07 v _05937_/Y (NOR2x2_ASAP7_75t_R)
  32.60  491.68 v _06304_/Y (AO21x1_ASAP7_75t_R)
  68.71  560.39 v _06306_/Y (OA22x2_ASAP7_75t_R)
  40.09  600.48 v rebuffer505/Y (BUFx3_ASAP7_75t_R)
  24.93  625.41 v rebuffer504/Y (BUFx3_ASAP7_75t_R)
  26.22  651.63 v rebuffer503/Y (BUFx2_ASAP7_75t_R)
  26.51  678.14 v rebuffer502/Y (BUFx2_ASAP7_75t_R)
  26.51  704.65 v rebuffer501/Y (BUFx2_ASAP7_75t_R)
  26.51  731.16 v rebuffer500/Y (BUFx2_ASAP7_75t_R)
  26.51  757.68 v rebuffer499/Y (BUFx2_ASAP7_75t_R)
  26.51  784.19 v rebuffer498/Y (BUFx2_ASAP7_75t_R)
  26.51  810.70 v rebuffer497/Y (BUFx2_ASAP7_75t_R)
  26.51  837.21 v rebuffer496/Y (BUFx2_ASAP7_75t_R)
  26.51  863.73 v rebuffer495/Y (BUFx2_ASAP7_75t_R)
  26.51  890.24 v rebuffer494/Y (BUFx2_ASAP7_75t_R)
  26.51  916.75 v rebuffer493/Y (BUFx2_ASAP7_75t_R)
  26.51  943.26 v rebuffer492/Y (BUFx2_ASAP7_75t_R)
  26.77  970.04 v rebuffer491/Y (BUFx2_ASAP7_75t_R)
  24.75  994.78 v rebuffer490/Y (BUFx3_ASAP7_75t_R)
  24.39 1019.18 v rebuffer489/Y (BUFx3_ASAP7_75t_R)
  24.39 1043.57 v rebuffer488/Y (BUFx3_ASAP7_75t_R)
  24.39 1067.96 v rebuffer487/Y (BUFx3_ASAP7_75t_R)
  24.39 1092.35 v rebuffer486/Y (BUFx3_ASAP7_75t_R)
  25.64 1117.98 v rebuffer485/Y (BUFx3_ASAP7_75t_R)
  27.98 1145.96 v rebuffer478/Y (BUFx6f_ASAP7_75t_R)
  62.18 1208.14 ^ _10457_/SN (FAx1_ASAP7_75t_R)
  45.96 1254.10 ^ _08211_/Y (OA21x2_ASAP7_75t_R)
  53.62 1307.72 ^ _08214_/Y (OA21x2_ASAP7_75t_R)
  19.81 1327.53 v _08308_/Y (AOI21x1_ASAP7_75t_R)
   0.00 1327.53 v _10848_/D (DFFLQNx2_ASAP7_75t_R)
        1327.53   data arrival time

  10.00   10.00   clock clk' (fall edge)
   0.00   10.00   clock network delay (ideal)
   0.00   10.00   clock reconvergence pessimism
          10.00 v _10848_/CLK (DFFLQNx2_ASAP7_75t_R)
 -19.08   -9.08   library setup time
          -9.08   data required time
---------------------------------------------------------
          -9.08   data required time
        -1327.53   data arrival time
---------------------------------------------------------
        -1336.61   slack (VIOLATED)


Startpoint: _10775_ (falling edge-triggered flip-flop clocked by clk')
Endpoint: _10857_ (falling edge-triggered flip-flop clocked by clk')
Path Group: clk
Path Type: max

  Delay    Time   Description
---------------------------------------------------------
   0.00    0.00   clock clk' (fall edge)
   0.00    0.00   clock network delay (ideal)
   0.00    0.00 v _10775_/CLK (DFFLQNx3_ASAP7_75t_R)
 151.64  151.64 v _10775_/QN (DFFLQNx3_ASAP7_75t_R)
  70.15  221.79 ^ _05526_/Y (NOR2x2_ASAP7_75t_R)
  48.05  269.85 v _05529_/Y (NAND2x2_ASAP7_75t_R)
  61.79  331.64 ^ _05888_/Y (OAI22x1_ASAP7_75t_R)
  33.46  365.09 v _05889_/Y (NOR2x2_ASAP7_75t_R)
  26.60  391.69 ^ _05890_/Y (NAND2x1_ASAP7_75t_R)
  18.80  410.50 v _05901_/Y (NOR2x1_ASAP7_75t_R)
  28.35  438.85 ^ _05902_/Y (NAND2x1_ASAP7_75t_R)
  20.22  459.07 v _05937_/Y (NOR2x2_ASAP7_75t_R)
  32.60  491.68 v _06304_/Y (AO21x1_ASAP7_75t_R)
  68.71  560.39 v _06306_/Y (OA22x2_ASAP7_75t_R)
  40.09  600.48 v rebuffer505/Y (BUFx3_ASAP7_75t_R)
  24.93  625.41 v rebuffer504/Y (BUFx3_ASAP7_75t_R)
  26.22  651.63 v rebuffer503/Y (BUFx2_ASAP7_75t_R)
  26.51  678.14 v rebuffer502/Y (BUFx2_ASAP7_75t_R)
  26.51  704.65 v rebuffer501/Y (BUFx2_ASAP7_75t_R)
  26.51  731.16 v rebuffer500/Y (BUFx2_ASAP7_75t_R)
  26.51  757.68 v rebuffer499/Y (BUFx2_ASAP7_75t_R)
  26.51  784.19 v rebuffer498/Y (BUFx2_ASAP7_75t_R)
  26.51  810.70 v rebuffer497/Y (BUFx2_ASAP7_75t_R)
  26.51  837.21 v rebuffer496/Y (BUFx2_ASAP7_75t_R)
  26.51  863.73 v rebuffer495/Y (BUFx2_ASAP7_75t_R)
  26.51  890.24 v rebuffer494/Y (BUFx2_ASAP7_75t_R)
  26.51  916.75 v rebuffer493/Y (BUFx2_ASAP7_75t_R)
  26.51  943.26 v rebuffer492/Y (BUFx2_ASAP7_75t_R)
  26.77  970.04 v rebuffer491/Y (BUFx2_ASAP7_75t_R)
  24.75  994.78 v rebuffer490/Y (BUFx3_ASAP7_75t_R)
  24.39 1019.18 v rebuffer489/Y (BUFx3_ASAP7_75t_R)
  24.39 1043.57 v rebuffer488/Y (BUFx3_ASAP7_75t_R)
  24.39 1067.96 v rebuffer487/Y (BUFx3_ASAP7_75t_R)
  24.39 1092.35 v rebuffer486/Y (BUFx3_ASAP7_75t_R)
  25.64 1117.98 v rebuffer485/Y (BUFx3_ASAP7_75t_R)
  27.98 1145.96 v rebuffer478/Y (BUFx6f_ASAP7_75t_R)
  62.18 1208.14 ^ _10457_/SN (FAx1_ASAP7_75t_R)
  45.96 1254.10 ^ _08211_/Y (OA21x2_ASAP7_75t_R)
  53.62 1307.72 ^ _08214_/Y (OA21x2_ASAP7_75t_R)
  19.81 1327.53 v _08332_/Y (AOI21x1_ASAP7_75t_R)
   0.00 1327.53 v _10857_/D (DFFLQNx2_ASAP7_75t_R)
        1327.53   data arrival time

  10.00   10.00   clock clk' (fall edge)
   0.00   10.00   clock network delay (ideal)
   0.00   10.00   clock reconvergence pessimism
          10.00 v _10857_/CLK (DFFLQNx2_ASAP7_75t_R)
 -19.08   -9.08   library setup time
          -9.08   data required time
---------------------------------------------------------
          -9.08   data required time
        -1327.53   data arrival time
---------------------------------------------------------
        -1336.61   slack (VIOLATED)


Startpoint: _10775_ (falling edge-triggered flip-flop clocked by clk')
Endpoint: _10865_ (falling edge-triggered flip-flop clocked by clk')
Path Group: clk
Path Type: max

  Delay    Time   Description
---------------------------------------------------------
   0.00    0.00   clock clk' (fall edge)
   0.00    0.00   clock network delay (ideal)
   0.00    0.00 v _10775_/CLK (DFFLQNx3_ASAP7_75t_R)
 151.64  151.64 v _10775_/QN (DFFLQNx3_ASAP7_75t_R)
  70.15  221.79 ^ _05526_/Y (NOR2x2_ASAP7_75t_R)
  48.05  269.85 v _05529_/Y (NAND2x2_ASAP7_75t_R)
  61.79  331.64 ^ _05888_/Y (OAI22x1_ASAP7_75t_R)
  33.46  365.09 v _05889_/Y (NOR2x2_ASAP7_75t_R)
  26.60  391.69 ^ _05890_/Y (NAND2x1_ASAP7_75t_R)
  18.80  410.50 v _05901_/Y (NOR2x1_ASAP7_75t_R)
  28.35  438.85 ^ _05902_/Y (NAND2x1_ASAP7_75t_R)
  20.22  459.07 v _05937_/Y (NOR2x2_ASAP7_75t_R)
  32.60  491.68 v _06304_/Y (AO21x1_ASAP7_75t_R)
  68.71  560.39 v _06306_/Y (OA22x2_ASAP7_75t_R)
  40.09  600.48 v rebuffer505/Y (BUFx3_ASAP7_75t_R)
  24.93  625.41 v rebuffer504/Y (BUFx3_ASAP7_75t_R)
  26.22  651.63 v rebuffer503/Y (BUFx2_ASAP7_75t_R)
  26.51  678.14 v rebuffer502/Y (BUFx2_ASAP7_75t_R)
  26.51  704.65 v rebuffer501/Y (BUFx2_ASAP7_75t_R)
  26.51  731.16 v rebuffer500/Y (BUFx2_ASAP7_75t_R)
  26.51  757.68 v rebuffer499/Y (BUFx2_ASAP7_75t_R)
  26.51  784.19 v rebuffer498/Y (BUFx2_ASAP7_75t_R)
  26.51  810.70 v rebuffer497/Y (BUFx2_ASAP7_75t_R)
  26.51  837.21 v rebuffer496/Y (BUFx2_ASAP7_75t_R)
  26.51  863.73 v rebuffer495/Y (BUFx2_ASAP7_75t_R)
  26.51  890.24 v rebuffer494/Y (BUFx2_ASAP7_75t_R)
  26.51  916.75 v rebuffer493/Y (BUFx2_ASAP7_75t_R)
  26.51  943.26 v rebuffer492/Y (BUFx2_ASAP7_75t_R)
  26.77  970.04 v rebuffer491/Y (BUFx2_ASAP7_75t_R)
  24.75  994.78 v rebuffer490/Y (BUFx3_ASAP7_75t_R)
  24.39 1019.18 v rebuffer489/Y (BUFx3_ASAP7_75t_R)
  24.39 1043.57 v rebuffer488/Y (BUFx3_ASAP7_75t_R)
  24.39 1067.96 v rebuffer487/Y (BUFx3_ASAP7_75t_R)
  24.39 1092.35 v rebuffer486/Y (BUFx3_ASAP7_75t_R)
  25.64 1117.98 v rebuffer485/Y (BUFx3_ASAP7_75t_R)
  27.98 1145.96 v rebuffer478/Y (BUFx6f_ASAP7_75t_R)
  62.18 1208.14 ^ _10457_/SN (FAx1_ASAP7_75t_R)
  45.96 1254.10 ^ _08211_/Y (OA21x2_ASAP7_75t_R)
  53.62 1307.72 ^ _08214_/Y (OA21x2_ASAP7_75t_R)
  19.81 1327.53 v _08351_/Y (AOI21x1_ASAP7_75t_R)
   0.00 1327.53 v _10865_/D (DFFLQNx2_ASAP7_75t_R)
        1327.53   data arrival time

  10.00   10.00   clock clk' (fall edge)
   0.00   10.00   clock network delay (ideal)
   0.00   10.00   clock reconvergence pessimism
          10.00 v _10865_/CLK (DFFLQNx2_ASAP7_75t_R)
 -19.08   -9.08   library setup time
          -9.08   data required time
---------------------------------------------------------
          -9.08   data required time
        -1327.53   data arrival time
---------------------------------------------------------
        -1336.61   slack (VIOLATED)


Startpoint: _10775_ (falling edge-triggered flip-flop clocked by clk')
Endpoint: _10881_ (falling edge-triggered flip-flop clocked by clk')
Path Group: clk
Path Type: max

  Delay    Time   Description
---------------------------------------------------------
   0.00    0.00   clock clk' (fall edge)
   0.00    0.00   clock network delay (ideal)
   0.00    0.00 v _10775_/CLK (DFFLQNx3_ASAP7_75t_R)
 151.64  151.64 v _10775_/QN (DFFLQNx3_ASAP7_75t_R)
  70.15  221.79 ^ _05526_/Y (NOR2x2_ASAP7_75t_R)
  48.05  269.85 v _05529_/Y (NAND2x2_ASAP7_75t_R)
  61.79  331.64 ^ _05888_/Y (OAI22x1_ASAP7_75t_R)
  33.46  365.09 v _05889_/Y (NOR2x2_ASAP7_75t_R)
  26.60  391.69 ^ _05890_/Y (NAND2x1_ASAP7_75t_R)
  18.80  410.50 v _05901_/Y (NOR2x1_ASAP7_75t_R)
  28.35  438.85 ^ _05902_/Y (NAND2x1_ASAP7_75t_R)
  20.22  459.07 v _05937_/Y (NOR2x2_ASAP7_75t_R)
  32.60  491.68 v _06304_/Y (AO21x1_ASAP7_75t_R)
  68.71  560.39 v _06306_/Y (OA22x2_ASAP7_75t_R)
  40.09  600.48 v rebuffer505/Y (BUFx3_ASAP7_75t_R)
  24.93  625.41 v rebuffer504/Y (BUFx3_ASAP7_75t_R)
  26.22  651.63 v rebuffer503/Y (BUFx2_ASAP7_75t_R)
  26.51  678.14 v rebuffer502/Y (BUFx2_ASAP7_75t_R)
  26.51  704.65 v rebuffer501/Y (BUFx2_ASAP7_75t_R)
  26.51  731.16 v rebuffer500/Y (BUFx2_ASAP7_75t_R)
  26.51  757.68 v rebuffer499/Y (BUFx2_ASAP7_75t_R)
  26.51  784.19 v rebuffer498/Y (BUFx2_ASAP7_75t_R)
  26.51  810.70 v rebuffer497/Y (BUFx2_ASAP7_75t_R)
  26.51  837.21 v rebuffer496/Y (BUFx2_ASAP7_75t_R)
  26.51  863.73 v rebuffer495/Y (BUFx2_ASAP7_75t_R)
  26.51  890.24 v rebuffer494/Y (BUFx2_ASAP7_75t_R)
  26.51  916.75 v rebuffer493/Y (BUFx2_ASAP7_75t_R)
  26.51  943.26 v rebuffer492/Y (BUFx2_ASAP7_75t_R)
  26.77  970.04 v rebuffer491/Y (BUFx2_ASAP7_75t_R)
  24.75  994.78 v rebuffer490/Y (BUFx3_ASAP7_75t_R)
  24.39 1019.18 v rebuffer489/Y (BUFx3_ASAP7_75t_R)
  24.39 1043.57 v rebuffer488/Y (BUFx3_ASAP7_75t_R)
  24.39 1067.96 v rebuffer487/Y (BUFx3_ASAP7_75t_R)
  24.39 1092.35 v rebuffer486/Y (BUFx3_ASAP7_75t_R)
  25.64 1117.98 v rebuffer485/Y (BUFx3_ASAP7_75t_R)
  27.98 1145.96 v rebuffer478/Y (BUFx6f_ASAP7_75t_R)
  62.18 1208.14 ^ _10457_/SN (FAx1_ASAP7_75t_R)
  45.96 1254.10 ^ _08211_/Y (OA21x2_ASAP7_75t_R)
  53.62 1307.72 ^ _08214_/Y (OA21x2_ASAP7_75t_R)
  19.81 1327.53 v _08389_/Y (AOI21x1_ASAP7_75t_R)
   0.00 1327.53 v _10881_/D (DFFLQNx2_ASAP7_75t_R)
        1327.53   data arrival time

  10.00   10.00   clock clk' (fall edge)
   0.00   10.00   clock network delay (ideal)
   0.00   10.00   clock reconvergence pessimism
          10.00 v _10881_/CLK (DFFLQNx2_ASAP7_75t_R)
 -19.08   -9.08   library setup time
          -9.08   data required time
---------------------------------------------------------
          -9.08   data required time
        -1327.53   data arrival time
---------------------------------------------------------
        -1336.61   slack (VIOLATED)


Startpoint: _10775_ (falling edge-triggered flip-flop clocked by clk')
Endpoint: _10812_ (falling edge-triggered flip-flop clocked by clk')
Path Group: clk
Path Type: max

  Delay    Time   Description
---------------------------------------------------------
   0.00    0.00   clock clk' (fall edge)
   0.00    0.00   clock network delay (ideal)
   0.00    0.00 v _10775_/CLK (DFFLQNx3_ASAP7_75t_R)
 151.64  151.64 v _10775_/QN (DFFLQNx3_ASAP7_75t_R)
  70.15  221.79 ^ _05526_/Y (NOR2x2_ASAP7_75t_R)
  48.05  269.85 v _05529_/Y (NAND2x2_ASAP7_75t_R)
  61.79  331.64 ^ _05888_/Y (OAI22x1_ASAP7_75t_R)
  33.46  365.09 v _05889_/Y (NOR2x2_ASAP7_75t_R)
  26.60  391.69 ^ _05890_/Y (NAND2x1_ASAP7_75t_R)
  18.80  410.50 v _05901_/Y (NOR2x1_ASAP7_75t_R)
  28.35  438.85 ^ _05902_/Y (NAND2x1_ASAP7_75t_R)
  20.22  459.07 v _05937_/Y (NOR2x2_ASAP7_75t_R)
  42.43  501.50 ^ _05938_/Y (AOI21x1_ASAP7_75t_R)
  38.24  539.74 v _05999_/Y (AOI21x1_ASAP7_75t_R)
  39.72  579.46 ^ _06004_/Y (AOI21x1_ASAP7_75t_R)
  37.75  617.21 ^ rebuffer413/Y (BUFx3_ASAP7_75t_R)
  38.49  655.70 v _06037_/Y (OAI21x1_ASAP7_75t_R)
  47.59  703.30 v load_slew73/Y (BUFx16f_ASAP7_75t_R)
  27.43  730.73 v rebuffer944/Y (BUFx6f_ASAP7_75t_R)
  34.28  765.01 v clone472/Y (BUFx10_ASAP7_75t_R)
  14.86  779.87 ^ _06189_/Y (NAND2x1_ASAP7_75t_R)
  28.52  808.39 ^ _06190_/Y (AO21x1_ASAP7_75t_R)
  35.11  843.49 ^ _06191_/Y (AO21x1_ASAP7_75t_R)
  24.55  868.04 v _06192_/Y (NAND2x2_ASAP7_75t_R)
  36.64  904.68 ^ _10450_/CON (FAx1_ASAP7_75t_R)
  43.65  948.34 ^ rebuffer441/Y (BUFx3_ASAP7_75t_R)
  34.31  982.65 ^ _06358_/Y (OA21x2_ASAP7_75t_R)
  16.85  999.49 v _06359_/Y (OAI21x1_ASAP7_75t_R)
  36.63 1036.12 v rebuffer429/Y (BUFx2_ASAP7_75t_R)
  41.52 1077.64 ^ _10454_/CON (FAx1_ASAP7_75t_R)
  28.25 1105.90 v _10454_/SN (FAx1_ASAP7_75t_R)
  38.15 1144.04 v rebuffer553/Y (BUFx2_ASAP7_75t_R)
  15.31 1159.36 ^ _08197_/Y (AOI21x1_ASAP7_75t_R)
  59.13 1218.48 ^ _08199_/Y (OA22x2_ASAP7_75t_R)
  22.84 1241.33 v _08201_/Y (NOR2x1_ASAP7_75t_R)
  33.98 1275.31 v _08202_/Y (AO21x1_ASAP7_75t_R)
   0.00 1275.31 v _10812_/D (DFFLQNx2_ASAP7_75t_R)
        1275.31   data arrival time

  10.00   10.00   clock clk' (fall edge)
   0.00   10.00   clock network delay (ideal)
   0.00   10.00   clock reconvergence pessimism
          10.00 v _10812_/CLK (DFFLQNx2_ASAP7_75t_R)
 -17.33   -7.33   library setup time
          -7.33   data required time
---------------------------------------------------------
          -7.33   data required time
        -1275.31   data arrival time
---------------------------------------------------------
        -1282.64   slack (VIOLATED)


Startpoint: _10775_ (falling edge-triggered flip-flop clocked by clk')
Endpoint: _10822_ (falling edge-triggered flip-flop clocked by clk')
Path Group: clk
Path Type: max

  Delay    Time   Description
---------------------------------------------------------
   0.00    0.00   clock clk' (fall edge)
   0.00    0.00   clock network delay (ideal)
   0.00    0.00 v _10775_/CLK (DFFLQNx3_ASAP7_75t_R)
 151.64  151.64 v _10775_/QN (DFFLQNx3_ASAP7_75t_R)
  70.15  221.79 ^ _05526_/Y (NOR2x2_ASAP7_75t_R)
  48.05  269.85 v _05529_/Y (NAND2x2_ASAP7_75t_R)
  61.79  331.64 ^ _05888_/Y (OAI22x1_ASAP7_75t_R)
  33.46  365.09 v _05889_/Y (NOR2x2_ASAP7_75t_R)
  26.60  391.69 ^ _05890_/Y (NAND2x1_ASAP7_75t_R)
  18.80  410.50 v _05901_/Y (NOR2x1_ASAP7_75t_R)
  28.35  438.85 ^ _05902_/Y (NAND2x1_ASAP7_75t_R)
  20.22  459.07 v _05937_/Y (NOR2x2_ASAP7_75t_R)
  42.43  501.50 ^ _05938_/Y (AOI21x1_ASAP7_75t_R)
  38.24  539.74 v _05999_/Y (AOI21x1_ASAP7_75t_R)
  39.72  579.46 ^ _06004_/Y (AOI21x1_ASAP7_75t_R)
  37.75  617.21 ^ rebuffer413/Y (BUFx3_ASAP7_75t_R)
  38.49  655.70 v _06037_/Y (OAI21x1_ASAP7_75t_R)
  47.59  703.30 v load_slew73/Y (BUFx16f_ASAP7_75t_R)
  27.43  730.73 v rebuffer944/Y (BUFx6f_ASAP7_75t_R)
  34.28  765.01 v clone472/Y (BUFx10_ASAP7_75t_R)
  14.86  779.87 ^ _06189_/Y (NAND2x1_ASAP7_75t_R)
  28.52  808.39 ^ _06190_/Y (AO21x1_ASAP7_75t_R)
  35.11  843.49 ^ _06191_/Y (AO21x1_ASAP7_75t_R)
  24.55  868.04 v _06192_/Y (NAND2x2_ASAP7_75t_R)
  36.64  904.68 ^ _10450_/CON (FAx1_ASAP7_75t_R)
  43.65  948.34 ^ rebuffer441/Y (BUFx3_ASAP7_75t_R)
  34.31  982.65 ^ _06358_/Y (OA21x2_ASAP7_75t_R)
  16.85  999.49 v _06359_/Y (OAI21x1_ASAP7_75t_R)
  36.63 1036.12 v rebuffer429/Y (BUFx2_ASAP7_75t_R)
  41.52 1077.64 ^ _10454_/CON (FAx1_ASAP7_75t_R)
  28.25 1105.90 v _10454_/SN (FAx1_ASAP7_75t_R)
  38.15 1144.04 v rebuffer553/Y (BUFx2_ASAP7_75t_R)
  15.31 1159.36 ^ _08197_/Y (AOI21x1_ASAP7_75t_R)
  59.13 1218.48 ^ _08199_/Y (OA22x2_ASAP7_75t_R)
  22.84 1241.33 v _08245_/Y (NOR2x1_ASAP7_75t_R)
  33.98 1275.31 v _08246_/Y (AO21x1_ASAP7_75t_R)
   0.00 1275.31 v _10822_/D (DFFLQNx2_ASAP7_75t_R)
        1275.31   data arrival time

  10.00   10.00   clock clk' (fall edge)
   0.00   10.00   clock network delay (ideal)
   0.00   10.00   clock reconvergence pessimism
          10.00 v _10822_/CLK (DFFLQNx2_ASAP7_75t_R)
 -17.33   -7.33   library setup time
          -7.33   data required time
---------------------------------------------------------
          -7.33   data required time
        -1275.31   data arrival time
---------------------------------------------------------
        -1282.64   slack (VIOLATED)


Startpoint: _10775_ (falling edge-triggered flip-flop clocked by clk')
Endpoint: _10830_ (falling edge-triggered flip-flop clocked by clk')
Path Group: clk
Path Type: max

  Delay    Time   Description
---------------------------------------------------------
   0.00    0.00   clock clk' (fall edge)
   0.00    0.00   clock network delay (ideal)
   0.00    0.00 v _10775_/CLK (DFFLQNx3_ASAP7_75t_R)
 151.64  151.64 v _10775_/QN (DFFLQNx3_ASAP7_75t_R)
  70.15  221.79 ^ _05526_/Y (NOR2x2_ASAP7_75t_R)
  48.05  269.85 v _05529_/Y (NAND2x2_ASAP7_75t_R)
  61.79  331.64 ^ _05888_/Y (OAI22x1_ASAP7_75t_R)
  33.46  365.09 v _05889_/Y (NOR2x2_ASAP7_75t_R)
  26.60  391.69 ^ _05890_/Y (NAND2x1_ASAP7_75t_R)
  18.80  410.50 v _05901_/Y (NOR2x1_ASAP7_75t_R)
  28.35  438.85 ^ _05902_/Y (NAND2x1_ASAP7_75t_R)
  20.22  459.07 v _05937_/Y (NOR2x2_ASAP7_75t_R)
  42.43  501.50 ^ _05938_/Y (AOI21x1_ASAP7_75t_R)
  38.24  539.74 v _05999_/Y (AOI21x1_ASAP7_75t_R)
  39.72  579.46 ^ _06004_/Y (AOI21x1_ASAP7_75t_R)
  37.75  617.21 ^ rebuffer413/Y (BUFx3_ASAP7_75t_R)
  38.49  655.70 v _06037_/Y (OAI21x1_ASAP7_75t_R)
  47.59  703.30 v load_slew73/Y (BUFx16f_ASAP7_75t_R)
  27.43  730.73 v rebuffer944/Y (BUFx6f_ASAP7_75t_R)
  34.28  765.01 v clone472/Y (BUFx10_ASAP7_75t_R)
  14.86  779.87 ^ _06189_/Y (NAND2x1_ASAP7_75t_R)
  28.52  808.39 ^ _06190_/Y (AO21x1_ASAP7_75t_R)
  35.11  843.49 ^ _06191_/Y (AO21x1_ASAP7_75t_R)
  24.55  868.04 v _06192_/Y (NAND2x2_ASAP7_75t_R)
  36.64  904.68 ^ _10450_/CON (FAx1_ASAP7_75t_R)
  43.65  948.34 ^ rebuffer441/Y (BUFx3_ASAP7_75t_R)
  34.31  982.65 ^ _06358_/Y (OA21x2_ASAP7_75t_R)
  16.85  999.49 v _06359_/Y (OAI21x1_ASAP7_75t_R)
  36.63 1036.12 v rebuffer429/Y (BUFx2_ASAP7_75t_R)
  41.52 1077.64 ^ _10454_/CON (FAx1_ASAP7_75t_R)
  28.25 1105.90 v _10454_/SN (FAx1_ASAP7_75t_R)
  38.15 1144.04 v rebuffer553/Y (BUFx2_ASAP7_75t_R)
  15.31 1159.36 ^ _08197_/Y (AOI21x1_ASAP7_75t_R)
  59.13 1218.48 ^ _08199_/Y (OA22x2_ASAP7_75t_R)
  22.84 1241.33 v _08264_/Y (NOR2x1_ASAP7_75t_R)
  33.98 1275.31 v _08265_/Y (AO21x1_ASAP7_75t_R)
   0.00 1275.31 v _10830_/D (DFFLQNx2_ASAP7_75t_R)
        1275.31   data arrival time

  10.00   10.00   clock clk' (fall edge)
   0.00   10.00   clock network delay (ideal)
   0.00   10.00   clock reconvergence pessimism
          10.00 v _10830_/CLK (DFFLQNx2_ASAP7_75t_R)
 -17.31   -7.31   library setup time
          -7.31   data required time
---------------------------------------------------------
          -7.31   data required time
        -1275.31   data arrival time
---------------------------------------------------------
        -1282.62   slack (VIOLATED)


Startpoint: _10775_ (falling edge-triggered flip-flop clocked by clk')
Endpoint: _10838_ (falling edge-triggered flip-flop clocked by clk')
Path Group: clk
Path Type: max

  Delay    Time   Description
---------------------------------------------------------
   0.00    0.00   clock clk' (fall edge)
   0.00    0.00   clock network delay (ideal)
   0.00    0.00 v _10775_/CLK (DFFLQNx3_ASAP7_75t_R)
 151.64  151.64 v _10775_/QN (DFFLQNx3_ASAP7_75t_R)
  70.15  221.79 ^ _05526_/Y (NOR2x2_ASAP7_75t_R)
  48.05  269.85 v _05529_/Y (NAND2x2_ASAP7_75t_R)
  61.79  331.64 ^ _05888_/Y (OAI22x1_ASAP7_75t_R)
  33.46  365.09 v _05889_/Y (NOR2x2_ASAP7_75t_R)
  26.60  391.69 ^ _05890_/Y (NAND2x1_ASAP7_75t_R)
  18.80  410.50 v _05901_/Y (NOR2x1_ASAP7_75t_R)
  28.35  438.85 ^ _05902_/Y (NAND2x1_ASAP7_75t_R)
  20.22  459.07 v _05937_/Y (NOR2x2_ASAP7_75t_R)
  42.43  501.50 ^ _05938_/Y (AOI21x1_ASAP7_75t_R)
  38.24  539.74 v _05999_/Y (AOI21x1_ASAP7_75t_R)
  39.72  579.46 ^ _06004_/Y (AOI21x1_ASAP7_75t_R)
  37.75  617.21 ^ rebuffer413/Y (BUFx3_ASAP7_75t_R)
  38.49  655.70 v _06037_/Y (OAI21x1_ASAP7_75t_R)
  47.59  703.30 v load_slew73/Y (BUFx16f_ASAP7_75t_R)
  27.43  730.73 v rebuffer944/Y (BUFx6f_ASAP7_75t_R)
  34.28  765.01 v clone472/Y (BUFx10_ASAP7_75t_R)
  14.86  779.87 ^ _06189_/Y (NAND2x1_ASAP7_75t_R)
  28.52  808.39 ^ _06190_/Y (AO21x1_ASAP7_75t_R)
  35.11  843.49 ^ _06191_/Y (AO21x1_ASAP7_75t_R)
  24.55  868.04 v _06192_/Y (NAND2x2_ASAP7_75t_R)
  36.64  904.68 ^ _10450_/CON (FAx1_ASAP7_75t_R)
  43.65  948.34 ^ rebuffer441/Y (BUFx3_ASAP7_75t_R)
  34.31  982.65 ^ _06358_/Y (OA21x2_ASAP7_75t_R)
  16.85  999.49 v _06359_/Y (OAI21x1_ASAP7_75t_R)
  36.63 1036.12 v rebuffer429/Y (BUFx2_ASAP7_75t_R)
  41.52 1077.64 ^ _10454_/CON (FAx1_ASAP7_75t_R)
  28.25 1105.90 v _10454_/SN (FAx1_ASAP7_75t_R)
  38.15 1144.04 v rebuffer553/Y (BUFx2_ASAP7_75t_R)
  15.31 1159.36 ^ _08197_/Y (AOI21x1_ASAP7_75t_R)
  59.13 1218.48 ^ _08199_/Y (OA22x2_ASAP7_75t_R)
  22.84 1241.33 v _08283_/Y (NOR2x1_ASAP7_75t_R)
  33.98 1275.31 v _08284_/Y (AO21x1_ASAP7_75t_R)
   0.00 1275.31 v _10838_/D (DFFLQNx2_ASAP7_75t_R)
        1275.31   data arrival time

  10.00   10.00   clock clk' (fall edge)
   0.00   10.00   clock network delay (ideal)
   0.00   10.00   clock reconvergence pessimism
          10.00 v _10838_/CLK (DFFLQNx2_ASAP7_75t_R)
 -17.31   -7.31   library setup time
          -7.31   data required time
---------------------------------------------------------
          -7.31   data required time
        -1275.31   data arrival time
---------------------------------------------------------
        -1282.62   slack (VIOLATED)


Startpoint: _10775_ (falling edge-triggered flip-flop clocked by clk')
Endpoint: _10846_ (falling edge-triggered flip-flop clocked by clk')
Path Group: clk
Path Type: max

  Delay    Time   Description
---------------------------------------------------------
   0.00    0.00   clock clk' (fall edge)
   0.00    0.00   clock network delay (ideal)
   0.00    0.00 v _10775_/CLK (DFFLQNx3_ASAP7_75t_R)
 151.64  151.64 v _10775_/QN (DFFLQNx3_ASAP7_75t_R)
  70.15  221.79 ^ _05526_/Y (NOR2x2_ASAP7_75t_R)
  48.05  269.85 v _05529_/Y (NAND2x2_ASAP7_75t_R)
  61.79  331.64 ^ _05888_/Y (OAI22x1_ASAP7_75t_R)
  33.46  365.09 v _05889_/Y (NOR2x2_ASAP7_75t_R)
  26.60  391.69 ^ _05890_/Y (NAND2x1_ASAP7_75t_R)
  18.80  410.50 v _05901_/Y (NOR2x1_ASAP7_75t_R)
  28.35  438.85 ^ _05902_/Y (NAND2x1_ASAP7_75t_R)
  20.22  459.07 v _05937_/Y (NOR2x2_ASAP7_75t_R)
  42.43  501.50 ^ _05938_/Y (AOI21x1_ASAP7_75t_R)
  38.24  539.74 v _05999_/Y (AOI21x1_ASAP7_75t_R)
  39.72  579.46 ^ _06004_/Y (AOI21x1_ASAP7_75t_R)
  37.75  617.21 ^ rebuffer413/Y (BUFx3_ASAP7_75t_R)
  38.49  655.70 v _06037_/Y (OAI21x1_ASAP7_75t_R)
  47.59  703.30 v load_slew73/Y (BUFx16f_ASAP7_75t_R)
  27.43  730.73 v rebuffer944/Y (BUFx6f_ASAP7_75t_R)
  34.28  765.01 v clone472/Y (BUFx10_ASAP7_75t_R)
  14.86  779.87 ^ _06189_/Y (NAND2x1_ASAP7_75t_R)
  28.52  808.39 ^ _06190_/Y (AO21x1_ASAP7_75t_R)
  35.11  843.49 ^ _06191_/Y (AO21x1_ASAP7_75t_R)
  24.55  868.04 v _06192_/Y (NAND2x2_ASAP7_75t_R)
  36.64  904.68 ^ _10450_/CON (FAx1_ASAP7_75t_R)
  43.65  948.34 ^ rebuffer441/Y (BUFx3_ASAP7_75t_R)
  34.31  982.65 ^ _06358_/Y (OA21x2_ASAP7_75t_R)
  16.85  999.49 v _06359_/Y (OAI21x1_ASAP7_75t_R)
  36.63 1036.12 v rebuffer429/Y (BUFx2_ASAP7_75t_R)
  41.52 1077.64 ^ _10454_/CON (FAx1_ASAP7_75t_R)
  28.25 1105.90 v _10454_/SN (FAx1_ASAP7_75t_R)
  38.15 1144.04 v rebuffer553/Y (BUFx2_ASAP7_75t_R)
  15.31 1159.36 ^ _08197_/Y (AOI21x1_ASAP7_75t_R)
  59.13 1218.48 ^ _08199_/Y (OA22x2_ASAP7_75t_R)
  22.84 1241.33 v _08303_/Y (NOR2x1_ASAP7_75t_R)
  33.98 1275.31 v _08304_/Y (AO21x1_ASAP7_75t_R)
   0.00 1275.31 v _10846_/D (DFFLQNx2_ASAP7_75t_R)
        1275.31   data arrival time

  10.00   10.00   clock clk' (fall edge)
   0.00   10.00   clock network delay (ideal)
   0.00   10.00   clock reconvergence pessimism
          10.00 v _10846_/CLK (DFFLQNx2_ASAP7_75t_R)
 -17.30   -7.30   library setup time
          -7.30   data required time
---------------------------------------------------------
          -7.30   data required time
        -1275.31   data arrival time
---------------------------------------------------------
        -1282.60   slack (VIOLATED)


Startpoint: _10775_ (falling edge-triggered flip-flop clocked by clk')
Endpoint: _10855_ (falling edge-triggered flip-flop clocked by clk')
Path Group: clk
Path Type: max

  Delay    Time   Description
---------------------------------------------------------
   0.00    0.00   clock clk' (fall edge)
   0.00    0.00   clock network delay (ideal)
   0.00    0.00 v _10775_/CLK (DFFLQNx3_ASAP7_75t_R)
 151.64  151.64 v _10775_/QN (DFFLQNx3_ASAP7_75t_R)
  70.15  221.79 ^ _05526_/Y (NOR2x2_ASAP7_75t_R)
  48.05  269.85 v _05529_/Y (NAND2x2_ASAP7_75t_R)
  61.79  331.64 ^ _05888_/Y (OAI22x1_ASAP7_75t_R)
  33.46  365.09 v _05889_/Y (NOR2x2_ASAP7_75t_R)
  26.60  391.69 ^ _05890_/Y (NAND2x1_ASAP7_75t_R)
  18.80  410.50 v _05901_/Y (NOR2x1_ASAP7_75t_R)
  28.35  438.85 ^ _05902_/Y (NAND2x1_ASAP7_75t_R)
  20.22  459.07 v _05937_/Y (NOR2x2_ASAP7_75t_R)
  42.43  501.50 ^ _05938_/Y (AOI21x1_ASAP7_75t_R)
  38.24  539.74 v _05999_/Y (AOI21x1_ASAP7_75t_R)
  39.72  579.46 ^ _06004_/Y (AOI21x1_ASAP7_75t_R)
  37.75  617.21 ^ rebuffer413/Y (BUFx3_ASAP7_75t_R)
  38.49  655.70 v _06037_/Y (OAI21x1_ASAP7_75t_R)
  47.59  703.30 v load_slew73/Y (BUFx16f_ASAP7_75t_R)
  27.43  730.73 v rebuffer944/Y (BUFx6f_ASAP7_75t_R)
  34.28  765.01 v clone472/Y (BUFx10_ASAP7_75t_R)
  14.86  779.87 ^ _06189_/Y (NAND2x1_ASAP7_75t_R)
  28.52  808.39 ^ _06190_/Y (AO21x1_ASAP7_75t_R)
  35.11  843.49 ^ _06191_/Y (AO21x1_ASAP7_75t_R)
  24.55  868.04 v _06192_/Y (NAND2x2_ASAP7_75t_R)
  36.64  904.68 ^ _10450_/CON (FAx1_ASAP7_75t_R)
  43.65  948.34 ^ rebuffer441/Y (BUFx3_ASAP7_75t_R)
  34.31  982.65 ^ _06358_/Y (OA21x2_ASAP7_75t_R)
  16.85  999.49 v _06359_/Y (OAI21x1_ASAP7_75t_R)
  36.63 1036.12 v rebuffer429/Y (BUFx2_ASAP7_75t_R)
  41.52 1077.64 ^ _10454_/CON (FAx1_ASAP7_75t_R)
  28.25 1105.90 v _10454_/SN (FAx1_ASAP7_75t_R)
  38.15 1144.04 v rebuffer553/Y (BUFx2_ASAP7_75t_R)
  15.31 1159.36 ^ _08197_/Y (AOI21x1_ASAP7_75t_R)
  59.13 1218.48 ^ _08199_/Y (OA22x2_ASAP7_75t_R)
  22.84 1241.33 v _08327_/Y (NOR2x1_ASAP7_75t_R)
  33.98 1275.31 v _08328_/Y (AO21x1_ASAP7_75t_R)
   0.00 1275.31 v _10855_/D (DFFLQNx2_ASAP7_75t_R)
        1275.31   data arrival time

  10.00   10.00   clock clk' (fall edge)
   0.00   10.00   clock network delay (ideal)
   0.00   10.00   clock reconvergence pessimism
          10.00 v _10855_/CLK (DFFLQNx2_ASAP7_75t_R)
 -17.30   -7.30   library setup time
          -7.30   data required time
---------------------------------------------------------
          -7.30   data required time
        -1275.31   data arrival time
---------------------------------------------------------
        -1282.60   slack (VIOLATED)


Startpoint: _10775_ (falling edge-triggered flip-flop clocked by clk')
Endpoint: _10863_ (falling edge-triggered flip-flop clocked by clk')
Path Group: clk
Path Type: max

  Delay    Time   Description
---------------------------------------------------------
   0.00    0.00   clock clk' (fall edge)
   0.00    0.00   clock network delay (ideal)
   0.00    0.00 v _10775_/CLK (DFFLQNx3_ASAP7_75t_R)
 151.64  151.64 v _10775_/QN (DFFLQNx3_ASAP7_75t_R)
  70.15  221.79 ^ _05526_/Y (NOR2x2_ASAP7_75t_R)
  48.05  269.85 v _05529_/Y (NAND2x2_ASAP7_75t_R)
  61.79  331.64 ^ _05888_/Y (OAI22x1_ASAP7_75t_R)
  33.46  365.09 v _05889_/Y (NOR2x2_ASAP7_75t_R)
  26.60  391.69 ^ _05890_/Y (NAND2x1_ASAP7_75t_R)
  18.80  410.50 v _05901_/Y (NOR2x1_ASAP7_75t_R)
  28.35  438.85 ^ _05902_/Y (NAND2x1_ASAP7_75t_R)
  20.22  459.07 v _05937_/Y (NOR2x2_ASAP7_75t_R)
  42.43  501.50 ^ _05938_/Y (AOI21x1_ASAP7_75t_R)
  38.24  539.74 v _05999_/Y (AOI21x1_ASAP7_75t_R)
  39.72  579.46 ^ _06004_/Y (AOI21x1_ASAP7_75t_R)
  37.75  617.21 ^ rebuffer413/Y (BUFx3_ASAP7_75t_R)
  38.49  655.70 v _06037_/Y (OAI21x1_ASAP7_75t_R)
  47.59  703.30 v load_slew73/Y (BUFx16f_ASAP7_75t_R)
  27.43  730.73 v rebuffer944/Y (BUFx6f_ASAP7_75t_R)
  34.28  765.01 v clone472/Y (BUFx10_ASAP7_75t_R)
  14.86  779.87 ^ _06189_/Y (NAND2x1_ASAP7_75t_R)
  28.52  808.39 ^ _06190_/Y (AO21x1_ASAP7_75t_R)
  35.11  843.49 ^ _06191_/Y (AO21x1_ASAP7_75t_R)
  24.55  868.04 v _06192_/Y (NAND2x2_ASAP7_75t_R)
  36.64  904.68 ^ _10450_/CON (FAx1_ASAP7_75t_R)
  43.65  948.34 ^ rebuffer441/Y (BUFx3_ASAP7_75t_R)
  34.31  982.65 ^ _06358_/Y (OA21x2_ASAP7_75t_R)
  16.85  999.49 v _06359_/Y (OAI21x1_ASAP7_75t_R)
  36.63 1036.12 v rebuffer429/Y (BUFx2_ASAP7_75t_R)
  41.52 1077.64 ^ _10454_/CON (FAx1_ASAP7_75t_R)
  28.25 1105.90 v _10454_/SN (FAx1_ASAP7_75t_R)
  38.15 1144.04 v rebuffer553/Y (BUFx2_ASAP7_75t_R)
  15.31 1159.36 ^ _08197_/Y (AOI21x1_ASAP7_75t_R)
  59.13 1218.48 ^ _08199_/Y (OA22x2_ASAP7_75t_R)
  22.84 1241.33 v _08346_/Y (NOR2x1_ASAP7_75t_R)
  33.98 1275.31 v _08347_/Y (AO21x1_ASAP7_75t_R)
   0.00 1275.31 v _10863_/D (DFFLQNx2_ASAP7_75t_R)
        1275.31   data arrival time

  10.00   10.00   clock clk' (fall edge)
   0.00   10.00   clock network delay (ideal)
   0.00   10.00   clock reconvergence pessimism
          10.00 v _10863_/CLK (DFFLQNx2_ASAP7_75t_R)
 -17.30   -7.30   library setup time
          -7.30   data required time
---------------------------------------------------------
          -7.30   data required time
        -1275.31   data arrival time
---------------------------------------------------------
        -1282.60   slack (VIOLATED)


Startpoint: _10775_ (falling edge-triggered flip-flop clocked by clk')
Endpoint: _10879_ (falling edge-triggered flip-flop clocked by clk')
Path Group: clk
Path Type: max

  Delay    Time   Description
---------------------------------------------------------
   0.00    0.00   clock clk' (fall edge)
   0.00    0.00   clock network delay (ideal)
   0.00    0.00 v _10775_/CLK (DFFLQNx3_ASAP7_75t_R)
 151.64  151.64 v _10775_/QN (DFFLQNx3_ASAP7_75t_R)
  70.15  221.79 ^ _05526_/Y (NOR2x2_ASAP7_75t_R)
  48.05  269.85 v _05529_/Y (NAND2x2_ASAP7_75t_R)
  61.79  331.64 ^ _05888_/Y (OAI22x1_ASAP7_75t_R)
  33.46  365.09 v _05889_/Y (NOR2x2_ASAP7_75t_R)
  26.60  391.69 ^ _05890_/Y (NAND2x1_ASAP7_75t_R)
  18.80  410.50 v _05901_/Y (NOR2x1_ASAP7_75t_R)
  28.35  438.85 ^ _05902_/Y (NAND2x1_ASAP7_75t_R)
  20.22  459.07 v _05937_/Y (NOR2x2_ASAP7_75t_R)
  42.43  501.50 ^ _05938_/Y (AOI21x1_ASAP7_75t_R)
  38.24  539.74 v _05999_/Y (AOI21x1_ASAP7_75t_R)
  39.72  579.46 ^ _06004_/Y (AOI21x1_ASAP7_75t_R)
  37.75  617.21 ^ rebuffer413/Y (BUFx3_ASAP7_75t_R)
  38.49  655.70 v _06037_/Y (OAI21x1_ASAP7_75t_R)
  47.59  703.30 v load_slew73/Y (BUFx16f_ASAP7_75t_R)
  27.43  730.73 v rebuffer944/Y (BUFx6f_ASAP7_75t_R)
  34.28  765.01 v clone472/Y (BUFx10_ASAP7_75t_R)
  14.86  779.87 ^ _06189_/Y (NAND2x1_ASAP7_75t_R)
  28.52  808.39 ^ _06190_/Y (AO21x1_ASAP7_75t_R)
  35.11  843.49 ^ _06191_/Y (AO21x1_ASAP7_75t_R)
  24.55  868.04 v _06192_/Y (NAND2x2_ASAP7_75t_R)
  36.64  904.68 ^ _10450_/CON (FAx1_ASAP7_75t_R)
  43.65  948.34 ^ rebuffer441/Y (BUFx3_ASAP7_75t_R)
  34.31  982.65 ^ _06358_/Y (OA21x2_ASAP7_75t_R)
  16.85  999.49 v _06359_/Y (OAI21x1_ASAP7_75t_R)
  36.63 1036.12 v rebuffer429/Y (BUFx2_ASAP7_75t_R)
  41.52 1077.64 ^ _10454_/CON (FAx1_ASAP7_75t_R)
  28.25 1105.90 v _10454_/SN (FAx1_ASAP7_75t_R)
  38.15 1144.04 v rebuffer553/Y (BUFx2_ASAP7_75t_R)
  15.31 1159.36 ^ _08197_/Y (AOI21x1_ASAP7_75t_R)
  59.13 1218.48 ^ _08199_/Y (OA22x2_ASAP7_75t_R)
  22.84 1241.33 v _08384_/Y (NOR2x1_ASAP7_75t_R)
  33.98 1275.31 v _08385_/Y (AO21x1_ASAP7_75t_R)
   0.00 1275.31 v _10879_/D (DFFLQNx2_ASAP7_75t_R)
        1275.31   data arrival time

  10.00   10.00   clock clk' (fall edge)
   0.00   10.00   clock network delay (ideal)
   0.00   10.00   clock reconvergence pessimism
          10.00 v _10879_/CLK (DFFLQNx2_ASAP7_75t_R)
 -17.30   -7.30   library setup time
          -7.30   data required time
---------------------------------------------------------
          -7.30   data required time
        -1275.31   data arrival time
---------------------------------------------------------
        -1282.60   slack (VIOLATED)


Startpoint: _10775_ (falling edge-triggered flip-flop clocked by clk')
Endpoint: _10769_ (falling edge-triggered flip-flop clocked by clk')
Path Group: clk
Path Type: max

  Delay    Time   Description
---------------------------------------------------------
   0.00    0.00   clock clk' (fall edge)
   0.00    0.00   clock network delay (ideal)
   0.00    0.00 v _10775_/CLK (DFFLQNx3_ASAP7_75t_R)
 151.64  151.64 v _10775_/QN (DFFLQNx3_ASAP7_75t_R)
  70.60  222.24 ^ _05584_/Y (NAND2x2_ASAP7_75t_R)
  51.20  273.44 v _05585_/Y (NOR2x2_ASAP7_75t_R)
  31.32  304.76 ^ _05586_/Y (INVx4_ASAP7_75t_R)
  22.28  327.04 v _05761_/Y (NOR2x2_ASAP7_75t_R)
  50.28  377.32 ^ _05881_/Y (AOI211x1_ASAP7_75t_R)
  25.27  402.58 v _05882_/Y (NAND2x1_ASAP7_75t_R)
  20.00  422.58 ^ _05883_/Y (NOR2x1_ASAP7_75t_R)
  20.99  443.57 v _05902_/Y (NAND2x1_ASAP7_75t_R)
  17.61  461.19 ^ _05937_/Y (NOR2x2_ASAP7_75t_R)
  26.63  487.82 ^ _06304_/Y (AO21x1_ASAP7_75t_R)
  65.79  553.60 ^ _06306_/Y (OA22x2_ASAP7_75t_R)
  29.94  583.54 v _06308_/Y (CKINVDCx16_ASAP7_75t_R)
  25.85  609.39 ^ _06508_/Y (NOR2x2_ASAP7_75t_R)
  32.13  641.52 ^ rebuffer542/Y (BUFx2_ASAP7_75t_R)
  30.34  671.86 ^ _06509_/Y (AO21x1_ASAP7_75t_R)
  17.82  689.68 v _07026_/Y (INVx1_ASAP7_75t_R)
  40.77  730.45 v _10531_/SN (HAxp5_ASAP7_75t_R)
  38.63  769.08 v _06554_/Y (OA21x2_ASAP7_75t_R)
  16.76  785.84 ^ _06555_/Y (OAI21x1_ASAP7_75t_R)
  24.06  809.90 v _06556_/Y (INVx1_ASAP7_75t_R)
  38.36  848.26 v _06598_/Y (OA21x2_ASAP7_75t_R)
  41.13  889.39 v _06599_/Y (OA21x2_ASAP7_75t_R)
  38.38  927.77 v _06890_/Y (OA21x2_ASAP7_75t_R)
  29.73  957.50 ^ _06891_/Y (OAI21x1_ASAP7_75t_R)
  16.69  974.19 v _06914_/Y (NAND2x1_ASAP7_75t_R)
  55.79 1029.98 v _06915_/Y (OA211x2_ASAP7_75t_R)
  22.59 1052.58 ^ _06916_/Y (INVx1_ASAP7_75t_R)
  34.11 1086.68 v _10468_/CON (FAx1_ASAP7_75t_R)
  46.15 1132.83 v _09808_/Y (XOR2x1_ASAP7_75t_R)
  36.81 1169.64 v _10173_/Y (AO21x1_ASAP7_75t_R)
  31.52 1201.17 v _10174_/Y (AO21x1_ASAP7_75t_R)
  31.24 1232.40 v _10175_/Y (AO21x1_ASAP7_75t_R)
  38.37 1270.77 v _10177_/Y (AO22x1_ASAP7_75t_R)
   0.00 1270.77 v _10769_/D (DFFLQNx2_ASAP7_75t_R)
        1270.77   data arrival time

  10.00   10.00   clock clk' (fall edge)
   0.00   10.00   clock network delay (ideal)
   0.00   10.00   clock reconvergence pessimism
          10.00 v _10769_/CLK (DFFLQNx2_ASAP7_75t_R)
 -18.59   -8.59   library setup time
          -8.59   data required time
---------------------------------------------------------
          -8.59   data required time
        -1270.77   data arrival time
---------------------------------------------------------
        -1279.37   slack (VIOLATED)


Startpoint: _10775_ (falling edge-triggered flip-flop clocked by clk')
Endpoint: _10768_ (falling edge-triggered flip-flop clocked by clk')
Path Group: clk
Path Type: max

  Delay    Time   Description
---------------------------------------------------------
   0.00    0.00   clock clk' (fall edge)
   0.00    0.00   clock network delay (ideal)
   0.00    0.00 v _10775_/CLK (DFFLQNx3_ASAP7_75t_R)
 151.64  151.64 v _10775_/QN (DFFLQNx3_ASAP7_75t_R)
  70.60  222.24 ^ _05584_/Y (NAND2x2_ASAP7_75t_R)
  51.20  273.44 v _05585_/Y (NOR2x2_ASAP7_75t_R)
  31.32  304.76 ^ _05586_/Y (INVx4_ASAP7_75t_R)
  22.28  327.04 v _05761_/Y (NOR2x2_ASAP7_75t_R)
  50.28  377.32 ^ _05881_/Y (AOI211x1_ASAP7_75t_R)
  25.27  402.58 v _05882_/Y (NAND2x1_ASAP7_75t_R)
  20.00  422.58 ^ _05883_/Y (NOR2x1_ASAP7_75t_R)
  20.99  443.57 v _05902_/Y (NAND2x1_ASAP7_75t_R)
  17.61  461.19 ^ _05937_/Y (NOR2x2_ASAP7_75t_R)
  26.63  487.82 ^ _06304_/Y (AO21x1_ASAP7_75t_R)
  65.79  553.60 ^ _06306_/Y (OA22x2_ASAP7_75t_R)
  29.94  583.54 v _06308_/Y (CKINVDCx16_ASAP7_75t_R)
  25.85  609.39 ^ _06508_/Y (NOR2x2_ASAP7_75t_R)
  32.13  641.52 ^ rebuffer542/Y (BUFx2_ASAP7_75t_R)
  30.34  671.86 ^ _06509_/Y (AO21x1_ASAP7_75t_R)
  17.82  689.68 v _07026_/Y (INVx1_ASAP7_75t_R)
  40.77  730.45 v _10531_/SN (HAxp5_ASAP7_75t_R)
  38.63  769.08 v _06554_/Y (OA21x2_ASAP7_75t_R)
  16.76  785.84 ^ _06555_/Y (OAI21x1_ASAP7_75t_R)
  24.06  809.90 v _06556_/Y (INVx1_ASAP7_75t_R)
  38.36  848.26 v _06598_/Y (OA21x2_ASAP7_75t_R)
  41.13  889.39 v _06599_/Y (OA21x2_ASAP7_75t_R)
  38.38  927.77 v _06890_/Y (OA21x2_ASAP7_75t_R)
  29.73  957.50 ^ _06891_/Y (OAI21x1_ASAP7_75t_R)
  16.69  974.19 v _06914_/Y (NAND2x1_ASAP7_75t_R)
  55.79 1029.98 v _06915_/Y (OA211x2_ASAP7_75t_R)
  22.59 1052.58 ^ _06916_/Y (INVx1_ASAP7_75t_R)
  74.38 1126.95 v _10468_/SN (FAx1_ASAP7_75t_R)
  40.28 1167.23 v _10167_/Y (AO21x1_ASAP7_75t_R)
  31.52 1198.75 v _10168_/Y (AO21x1_ASAP7_75t_R)
  31.24 1229.99 v _10169_/Y (AO21x1_ASAP7_75t_R)
  38.37 1268.36 v _10171_/Y (AO22x1_ASAP7_75t_R)
   0.00 1268.36 v _10768_/D (DFFLQNx2_ASAP7_75t_R)
        1268.36   data arrival time

  10.00   10.00   clock clk' (fall edge)
   0.00   10.00   clock network delay (ideal)
   0.00   10.00   clock reconvergence pessimism
          10.00 v _10768_/CLK (DFFLQNx2_ASAP7_75t_R)
 -18.59   -8.59   library setup time
          -8.59   data required time
---------------------------------------------------------
          -8.59   data required time
        -1268.36   data arrival time
---------------------------------------------------------
        -1276.96   slack (VIOLATED)


Startpoint: _10775_ (falling edge-triggered flip-flop clocked by clk')
Endpoint: _10735_ (falling edge-triggered flip-flop clocked by clk')
Path Group: clk
Path Type: max

  Delay    Time   Description
---------------------------------------------------------
   0.00    0.00   clock clk' (fall edge)
   0.00    0.00   clock network delay (ideal)
   0.00    0.00 v _10775_/CLK (DFFLQNx3_ASAP7_75t_R)
 151.64  151.64 v _10775_/QN (DFFLQNx3_ASAP7_75t_R)
  70.60  222.24 ^ _05584_/Y (NAND2x2_ASAP7_75t_R)
  51.20  273.44 v _05585_/Y (NOR2x2_ASAP7_75t_R)
  31.32  304.76 ^ _05586_/Y (INVx4_ASAP7_75t_R)
  22.28  327.04 v _05761_/Y (NOR2x2_ASAP7_75t_R)
  50.28  377.32 ^ _05881_/Y (AOI211x1_ASAP7_75t_R)
  25.27  402.58 v _05882_/Y (NAND2x1_ASAP7_75t_R)
  20.00  422.58 ^ _05883_/Y (NOR2x1_ASAP7_75t_R)
  20.99  443.57 v _05902_/Y (NAND2x1_ASAP7_75t_R)
  17.61  461.19 ^ _05937_/Y (NOR2x2_ASAP7_75t_R)
  26.63  487.82 ^ _06304_/Y (AO21x1_ASAP7_75t_R)
  65.79  553.60 ^ _06306_/Y (OA22x2_ASAP7_75t_R)
  29.94  583.54 v _06308_/Y (CKINVDCx16_ASAP7_75t_R)
  25.85  609.39 ^ _06508_/Y (NOR2x2_ASAP7_75t_R)
  32.13  641.52 ^ rebuffer542/Y (BUFx2_ASAP7_75t_R)
  30.34  671.86 ^ _06509_/Y (AO21x1_ASAP7_75t_R)
  17.82  689.68 v _07026_/Y (INVx1_ASAP7_75t_R)
  40.77  730.45 v _10531_/SN (HAxp5_ASAP7_75t_R)
  38.63  769.08 v _06554_/Y (OA21x2_ASAP7_75t_R)
  16.76  785.84 ^ _06555_/Y (OAI21x1_ASAP7_75t_R)
  24.06  809.90 v _06556_/Y (INVx1_ASAP7_75t_R)
  38.36  848.26 v _06598_/Y (OA21x2_ASAP7_75t_R)
  41.13  889.39 v _06599_/Y (OA21x2_ASAP7_75t_R)
  38.38  927.77 v _06890_/Y (OA21x2_ASAP7_75t_R)
  29.73  957.50 ^ _06891_/Y (OAI21x1_ASAP7_75t_R)
  16.69  974.19 v _06914_/Y (NAND2x1_ASAP7_75t_R)
  55.79 1029.98 v _06915_/Y (OA211x2_ASAP7_75t_R)
  22.59 1052.58 ^ _06916_/Y (INVx1_ASAP7_75t_R)
  74.38 1126.95 v _10468_/SN (FAx1_ASAP7_75t_R)
  40.95 1167.90 v _09802_/Y (AO21x1_ASAP7_75t_R)
  16.53 1184.43 ^ _09804_/Y (OAI21x1_ASAP7_75t_R)
  39.42 1223.86 ^ _09805_/Y (AO221x1_ASAP7_75t_R)
  13.38 1237.24 v _09806_/Y (NAND2x1_ASAP7_75t_R)
   0.00 1237.24 v _10735_/D (DFFLQNx2_ASAP7_75t_R)
        1237.24   data arrival time

  10.00   10.00   clock clk' (fall edge)
   0.00   10.00   clock network delay (ideal)
   0.00   10.00   clock reconvergence pessimism
          10.00 v _10735_/CLK (DFFLQNx2_ASAP7_75t_R)
 -17.35   -7.35   library setup time
          -7.35   data required time
---------------------------------------------------------
          -7.35   data required time
        -1237.24   data arrival time
---------------------------------------------------------
        -1244.58   slack (VIOLATED)


Startpoint: _10775_ (falling edge-triggered flip-flop clocked by clk')
Endpoint: _10864_ (falling edge-triggered flip-flop clocked by clk')
Path Group: clk
Path Type: max

  Delay    Time   Description
---------------------------------------------------------
   0.00    0.00   clock clk' (fall edge)
   0.00    0.00   clock network delay (ideal)
   0.00    0.00 v _10775_/CLK (DFFLQNx3_ASAP7_75t_R)
 151.64  151.64 v _10775_/QN (DFFLQNx3_ASAP7_75t_R)
  70.60  222.24 ^ _05584_/Y (NAND2x2_ASAP7_75t_R)
  51.20  273.44 v _05585_/Y (NOR2x2_ASAP7_75t_R)
  31.32  304.76 ^ _05586_/Y (INVx4_ASAP7_75t_R)
  22.28  327.04 v _05761_/Y (NOR2x2_ASAP7_75t_R)
  50.28  377.32 ^ _05881_/Y (AOI211x1_ASAP7_75t_R)
  25.27  402.58 v _05882_/Y (NAND2x1_ASAP7_75t_R)
  20.00  422.58 ^ _05883_/Y (NOR2x1_ASAP7_75t_R)
  20.99  443.57 v _05902_/Y (NAND2x1_ASAP7_75t_R)
  17.61  461.19 ^ _05937_/Y (NOR2x2_ASAP7_75t_R)
  31.40  492.58 v _05938_/Y (AOI21x1_ASAP7_75t_R)
  34.61  527.19 ^ _05999_/Y (AOI21x1_ASAP7_75t_R)
  31.36  558.55 v _06004_/Y (AOI21x1_ASAP7_75t_R)
  38.46  597.01 v rebuffer413/Y (BUFx3_ASAP7_75t_R)
  54.00  651.01 ^ _06037_/Y (OAI21x1_ASAP7_75t_R)
  49.87  700.88 ^ load_slew73/Y (BUFx16f_ASAP7_75t_R)
  25.25  726.13 ^ rebuffer944/Y (BUFx6f_ASAP7_75t_R)
  30.07  756.20 ^ clone472/Y (BUFx10_ASAP7_75t_R)
  11.61  767.81 v _06184_/Y (NAND2x1_ASAP7_75t_R)
  29.66  797.47 v _06185_/Y (AO21x1_ASAP7_75t_R)
  38.25  835.72 v _06191_/Y (AO21x1_ASAP7_75t_R)
  32.10  867.82 ^ _06192_/Y (NAND2x2_ASAP7_75t_R)
  33.65  901.47 v _10450_/CON (FAx1_ASAP7_75t_R)
  41.39  942.86 v rebuffer441/Y (BUFx3_ASAP7_75t_R)
  38.62  981.48 v _06358_/Y (OA21x2_ASAP7_75t_R)
  21.99 1003.47 ^ _06359_/Y (OAI21x1_ASAP7_75t_R)
  37.24 1040.72 ^ rebuffer429/Y (BUFx2_ASAP7_75t_R)
  31.10 1071.81 v _10454_/CON (FAx1_ASAP7_75t_R)
  44.12 1115.94 v _08204_/Y (XOR2x1_ASAP7_75t_R)
  22.02 1137.96 ^ _08205_/Y (INVx1_ASAP7_75t_R)
  17.15 1155.10 v _08206_/Y (OAI21x1_ASAP7_75t_R)
  21.27 1176.38 ^ _08208_/Y (AOI21x1_ASAP7_75t_R)
  34.72 1211.10 ^ rebuffer599/Y (BUFx6f_ASAP7_75t_R)
  14.29 1225.38 v _08349_/Y (AOI21x1_ASAP7_75t_R)
   0.00 1225.38 v _10864_/D (DFFLQNx2_ASAP7_75t_R)
        1225.38   data arrival time

  10.00   10.00   clock clk' (fall edge)
   0.00   10.00   clock network delay (ideal)
   0.00   10.00   clock reconvergence pessimism
          10.00 v _10864_/CLK (DFFLQNx2_ASAP7_75t_R)
 -21.30  -11.30   library setup time
         -11.30   data required time
---------------------------------------------------------
         -11.30   data required time
        -1225.38   data arrival time
---------------------------------------------------------
        -1236.68   slack (VIOLATED)


Startpoint: _10775_ (falling edge-triggered flip-flop clocked by clk')
Endpoint: _10823_ (falling edge-triggered flip-flop clocked by clk')
Path Group: clk
Path Type: max

  Delay    Time   Description
---------------------------------------------------------
   0.00    0.00   clock clk' (fall edge)
   0.00    0.00   clock network delay (ideal)
   0.00    0.00 v _10775_/CLK (DFFLQNx3_ASAP7_75t_R)
 151.64  151.64 v _10775_/QN (DFFLQNx3_ASAP7_75t_R)
  70.60  222.24 ^ _05584_/Y (NAND2x2_ASAP7_75t_R)
  51.20  273.44 v _05585_/Y (NOR2x2_ASAP7_75t_R)
  31.32  304.76 ^ _05586_/Y (INVx4_ASAP7_75t_R)
  22.28  327.04 v _05761_/Y (NOR2x2_ASAP7_75t_R)
  50.28  377.32 ^ _05881_/Y (AOI211x1_ASAP7_75t_R)
  25.27  402.58 v _05882_/Y (NAND2x1_ASAP7_75t_R)
  20.00  422.58 ^ _05883_/Y (NOR2x1_ASAP7_75t_R)
  20.99  443.57 v _05902_/Y (NAND2x1_ASAP7_75t_R)
  17.61  461.19 ^ _05937_/Y (NOR2x2_ASAP7_75t_R)
  31.40  492.58 v _05938_/Y (AOI21x1_ASAP7_75t_R)
  34.61  527.19 ^ _05999_/Y (AOI21x1_ASAP7_75t_R)
  31.36  558.55 v _06004_/Y (AOI21x1_ASAP7_75t_R)
  38.46  597.01 v rebuffer413/Y (BUFx3_ASAP7_75t_R)
  54.00  651.01 ^ _06037_/Y (OAI21x1_ASAP7_75t_R)
  49.87  700.88 ^ load_slew73/Y (BUFx16f_ASAP7_75t_R)
  25.25  726.13 ^ rebuffer944/Y (BUFx6f_ASAP7_75t_R)
  30.07  756.20 ^ clone472/Y (BUFx10_ASAP7_75t_R)
  11.61  767.81 v _06184_/Y (NAND2x1_ASAP7_75t_R)
  29.66  797.47 v _06185_/Y (AO21x1_ASAP7_75t_R)
  38.25  835.72 v _06191_/Y (AO21x1_ASAP7_75t_R)
  32.10  867.82 ^ _06192_/Y (NAND2x2_ASAP7_75t_R)
  33.65  901.47 v _10450_/CON (FAx1_ASAP7_75t_R)
  41.39  942.86 v rebuffer441/Y (BUFx3_ASAP7_75t_R)
  38.62  981.48 v _06358_/Y (OA21x2_ASAP7_75t_R)
  21.99 1003.47 ^ _06359_/Y (OAI21x1_ASAP7_75t_R)
  37.24 1040.72 ^ rebuffer429/Y (BUFx2_ASAP7_75t_R)
  31.10 1071.81 v _10454_/CON (FAx1_ASAP7_75t_R)
  44.12 1115.94 v _08204_/Y (XOR2x1_ASAP7_75t_R)
  22.02 1137.96 ^ _08205_/Y (INVx1_ASAP7_75t_R)
  17.15 1155.10 v _08206_/Y (OAI21x1_ASAP7_75t_R)
  21.27 1176.38 ^ _08208_/Y (AOI21x1_ASAP7_75t_R)
  34.72 1211.10 ^ rebuffer599/Y (BUFx6f_ASAP7_75t_R)
  14.29 1225.38 v _08248_/Y (AOI21x1_ASAP7_75t_R)
   0.00 1225.38 v _10823_/D (DFFLQNx2_ASAP7_75t_R)
        1225.38   data arrival time

  10.00   10.00   clock clk' (fall edge)
   0.00   10.00   clock network delay (ideal)
   0.00   10.00   clock reconvergence pessimism
          10.00 v _10823_/CLK (DFFLQNx2_ASAP7_75t_R)
 -20.82  -10.82   library setup time
         -10.82   data required time
---------------------------------------------------------
         -10.82   data required time
        -1225.38   data arrival time
---------------------------------------------------------
        -1236.20   slack (VIOLATED)


Startpoint: _10775_ (falling edge-triggered flip-flop clocked by clk')
Endpoint: _10828_ (falling edge-triggered flip-flop clocked by clk')
Path Group: clk
Path Type: max

  Delay    Time   Description
---------------------------------------------------------
   0.00    0.00   clock clk' (fall edge)
   0.00    0.00   clock network delay (ideal)
   0.00    0.00 v _10775_/CLK (DFFLQNx3_ASAP7_75t_R)
 151.64  151.64 v _10775_/QN (DFFLQNx3_ASAP7_75t_R)
  70.15  221.79 ^ _05526_/Y (NOR2x2_ASAP7_75t_R)
  48.05  269.85 v _05529_/Y (NAND2x2_ASAP7_75t_R)
  61.79  331.64 ^ _05888_/Y (OAI22x1_ASAP7_75t_R)
  33.46  365.09 v _05889_/Y (NOR2x2_ASAP7_75t_R)
  26.60  391.69 ^ _05890_/Y (NAND2x1_ASAP7_75t_R)
  18.80  410.50 v _05901_/Y (NOR2x1_ASAP7_75t_R)
  28.35  438.85 ^ _05902_/Y (NAND2x1_ASAP7_75t_R)
  20.22  459.07 v _05937_/Y (NOR2x2_ASAP7_75t_R)
  42.43  501.50 ^ _05938_/Y (AOI21x1_ASAP7_75t_R)
  38.24  539.74 v _05999_/Y (AOI21x1_ASAP7_75t_R)
  39.72  579.46 ^ _06004_/Y (AOI21x1_ASAP7_75t_R)
  37.75  617.21 ^ rebuffer413/Y (BUFx3_ASAP7_75t_R)
  38.49  655.70 v _06037_/Y (OAI21x1_ASAP7_75t_R)
  47.59  703.30 v load_slew73/Y (BUFx16f_ASAP7_75t_R)
  27.43  730.73 v rebuffer944/Y (BUFx6f_ASAP7_75t_R)
  34.28  765.01 v clone472/Y (BUFx10_ASAP7_75t_R)
  14.86  779.87 ^ _06189_/Y (NAND2x1_ASAP7_75t_R)
  28.52  808.39 ^ _06190_/Y (AO21x1_ASAP7_75t_R)
  35.11  843.49 ^ _06191_/Y (AO21x1_ASAP7_75t_R)
  24.55  868.04 v _06192_/Y (NAND2x2_ASAP7_75t_R)
  36.64  904.68 ^ _10450_/CON (FAx1_ASAP7_75t_R)
  43.65  948.34 ^ rebuffer441/Y (BUFx3_ASAP7_75t_R)
  29.04  977.38 ^ rebuffer442/Y (BUFx2_ASAP7_75t_R)
  13.74  991.12 v _06357_/Y (INVx1_ASAP7_75t_R)
  39.92 1031.05 ^ _10452_/CON (FAx1_ASAP7_75t_R)
  28.93 1059.98 v _10452_/SN (FAx1_ASAP7_75t_R)
  21.84 1081.82 ^ _08183_/Y (INVx1_ASAP7_75t_R)
  33.05 1114.87 ^ _08184_/Y (OA21x2_ASAP7_75t_R)
  56.38 1171.26 ^ _08186_/Y (OA22x2_ASAP7_75t_R)
  22.84 1194.10 v _08260_/Y (NOR2x1_ASAP7_75t_R)
  33.98 1228.08 v _08261_/Y (AO21x1_ASAP7_75t_R)
   0.00 1228.08 v _10828_/D (DFFLQNx2_ASAP7_75t_R)
        1228.08   data arrival time

  10.00   10.00   clock clk' (fall edge)
   0.00   10.00   clock network delay (ideal)
   0.00   10.00   clock reconvergence pessimism
          10.00 v _10828_/CLK (DFFLQNx2_ASAP7_75t_R)
 -17.33   -7.33   library setup time
          -7.33   data required time
---------------------------------------------------------
          -7.33   data required time
        -1228.08   data arrival time
---------------------------------------------------------
        -1235.41   slack (VIOLATED)


Startpoint: _10775_ (falling edge-triggered flip-flop clocked by clk')
Endpoint: _10820_ (falling edge-triggered flip-flop clocked by clk')
Path Group: clk
Path Type: max

  Delay    Time   Description
---------------------------------------------------------
   0.00    0.00   clock clk' (fall edge)
   0.00    0.00   clock network delay (ideal)
   0.00    0.00 v _10775_/CLK (DFFLQNx3_ASAP7_75t_R)
 151.64  151.64 v _10775_/QN (DFFLQNx3_ASAP7_75t_R)
  70.15  221.79 ^ _05526_/Y (NOR2x2_ASAP7_75t_R)
  48.05  269.85 v _05529_/Y (NAND2x2_ASAP7_75t_R)
  61.79  331.64 ^ _05888_/Y (OAI22x1_ASAP7_75t_R)
  33.46  365.09 v _05889_/Y (NOR2x2_ASAP7_75t_R)
  26.60  391.69 ^ _05890_/Y (NAND2x1_ASAP7_75t_R)
  18.80  410.50 v _05901_/Y (NOR2x1_ASAP7_75t_R)
  28.35  438.85 ^ _05902_/Y (NAND2x1_ASAP7_75t_R)
  20.22  459.07 v _05937_/Y (NOR2x2_ASAP7_75t_R)
  42.43  501.50 ^ _05938_/Y (AOI21x1_ASAP7_75t_R)
  38.24  539.74 v _05999_/Y (AOI21x1_ASAP7_75t_R)
  39.72  579.46 ^ _06004_/Y (AOI21x1_ASAP7_75t_R)
  37.75  617.21 ^ rebuffer413/Y (BUFx3_ASAP7_75t_R)
  38.49  655.70 v _06037_/Y (OAI21x1_ASAP7_75t_R)
  47.59  703.30 v load_slew73/Y (BUFx16f_ASAP7_75t_R)
  27.43  730.73 v rebuffer944/Y (BUFx6f_ASAP7_75t_R)
  34.28  765.01 v clone472/Y (BUFx10_ASAP7_75t_R)
  14.86  779.87 ^ _06189_/Y (NAND2x1_ASAP7_75t_R)
  28.52  808.39 ^ _06190_/Y (AO21x1_ASAP7_75t_R)
  35.11  843.49 ^ _06191_/Y (AO21x1_ASAP7_75t_R)
  24.55  868.04 v _06192_/Y (NAND2x2_ASAP7_75t_R)
  36.64  904.68 ^ _10450_/CON (FAx1_ASAP7_75t_R)
  43.65  948.34 ^ rebuffer441/Y (BUFx3_ASAP7_75t_R)
  29.04  977.38 ^ rebuffer442/Y (BUFx2_ASAP7_75t_R)
  13.74  991.12 v _06357_/Y (INVx1_ASAP7_75t_R)
  39.92 1031.05 ^ _10452_/CON (FAx1_ASAP7_75t_R)
  28.93 1059.98 v _10452_/SN (FAx1_ASAP7_75t_R)
  21.84 1081.82 ^ _08183_/Y (INVx1_ASAP7_75t_R)
  33.05 1114.87 ^ _08184_/Y (OA21x2_ASAP7_75t_R)
  56.38 1171.26 ^ _08186_/Y (OA22x2_ASAP7_75t_R)
  22.84 1194.10 v _08241_/Y (NOR2x1_ASAP7_75t_R)
  33.98 1228.08 v _08242_/Y (AO21x1_ASAP7_75t_R)
   0.00 1228.08 v _10820_/D (DFFLQNx2_ASAP7_75t_R)
        1228.08   data arrival time

  10.00   10.00   clock clk' (fall edge)
   0.00   10.00   clock network delay (ideal)
   0.00   10.00   clock reconvergence pessimism
          10.00 v _10820_/CLK (DFFLQNx2_ASAP7_75t_R)
 -17.32   -7.32   library setup time
          -7.32   data required time
---------------------------------------------------------
          -7.32   data required time
        -1228.08   data arrival time
---------------------------------------------------------
        -1235.40   slack (VIOLATED)


Startpoint: _10775_ (falling edge-triggered flip-flop clocked by clk')
Endpoint: _10861_ (falling edge-triggered flip-flop clocked by clk')
Path Group: clk
Path Type: max

  Delay    Time   Description
---------------------------------------------------------
   0.00    0.00   clock clk' (fall edge)
   0.00    0.00   clock network delay (ideal)
   0.00    0.00 v _10775_/CLK (DFFLQNx3_ASAP7_75t_R)
 151.64  151.64 v _10775_/QN (DFFLQNx3_ASAP7_75t_R)
  70.15  221.79 ^ _05526_/Y (NOR2x2_ASAP7_75t_R)
  48.05  269.85 v _05529_/Y (NAND2x2_ASAP7_75t_R)
  61.79  331.64 ^ _05888_/Y (OAI22x1_ASAP7_75t_R)
  33.46  365.09 v _05889_/Y (NOR2x2_ASAP7_75t_R)
  26.60  391.69 ^ _05890_/Y (NAND2x1_ASAP7_75t_R)
  18.80  410.50 v _05901_/Y (NOR2x1_ASAP7_75t_R)
  28.35  438.85 ^ _05902_/Y (NAND2x1_ASAP7_75t_R)
  20.22  459.07 v _05937_/Y (NOR2x2_ASAP7_75t_R)
  42.43  501.50 ^ _05938_/Y (AOI21x1_ASAP7_75t_R)
  38.24  539.74 v _05999_/Y (AOI21x1_ASAP7_75t_R)
  39.72  579.46 ^ _06004_/Y (AOI21x1_ASAP7_75t_R)
  37.75  617.21 ^ rebuffer413/Y (BUFx3_ASAP7_75t_R)
  38.49  655.70 v _06037_/Y (OAI21x1_ASAP7_75t_R)
  47.59  703.30 v load_slew73/Y (BUFx16f_ASAP7_75t_R)
  27.43  730.73 v rebuffer944/Y (BUFx6f_ASAP7_75t_R)
  34.28  765.01 v clone472/Y (BUFx10_ASAP7_75t_R)
  14.86  779.87 ^ _06189_/Y (NAND2x1_ASAP7_75t_R)
  28.52  808.39 ^ _06190_/Y (AO21x1_ASAP7_75t_R)
  35.11  843.49 ^ _06191_/Y (AO21x1_ASAP7_75t_R)
  24.55  868.04 v _06192_/Y (NAND2x2_ASAP7_75t_R)
  36.64  904.68 ^ _10450_/CON (FAx1_ASAP7_75t_R)
  43.65  948.34 ^ rebuffer441/Y (BUFx3_ASAP7_75t_R)
  29.04  977.38 ^ rebuffer442/Y (BUFx2_ASAP7_75t_R)
  13.74  991.12 v _06357_/Y (INVx1_ASAP7_75t_R)
  39.92 1031.05 ^ _10452_/CON (FAx1_ASAP7_75t_R)
  28.93 1059.98 v _10452_/SN (FAx1_ASAP7_75t_R)
  21.84 1081.82 ^ _08183_/Y (INVx1_ASAP7_75t_R)
  33.05 1114.87 ^ _08184_/Y (OA21x2_ASAP7_75t_R)
  56.38 1171.26 ^ _08186_/Y (OA22x2_ASAP7_75t_R)
  22.84 1194.10 v _08342_/Y (NOR2x1_ASAP7_75t_R)
  33.98 1228.08 v _08343_/Y (AO21x1_ASAP7_75t_R)
   0.00 1228.08 v _10861_/D (DFFLQNx2_ASAP7_75t_R)
        1228.08   data arrival time

  10.00   10.00   clock clk' (fall edge)
   0.00   10.00   clock network delay (ideal)
   0.00   10.00   clock reconvergence pessimism
          10.00 v _10861_/CLK (DFFLQNx2_ASAP7_75t_R)
 -17.31   -7.31   library setup time
          -7.31   data required time
---------------------------------------------------------
          -7.31   data required time
        -1228.08   data arrival time
---------------------------------------------------------
        -1235.39   slack (VIOLATED)


Startpoint: _10775_ (falling edge-triggered flip-flop clocked by clk')
Endpoint: _10836_ (falling edge-triggered flip-flop clocked by clk')
Path Group: clk
Path Type: max

  Delay    Time   Description
---------------------------------------------------------
   0.00    0.00   clock clk' (fall edge)
   0.00    0.00   clock network delay (ideal)
   0.00    0.00 v _10775_/CLK (DFFLQNx3_ASAP7_75t_R)
 151.64  151.64 v _10775_/QN (DFFLQNx3_ASAP7_75t_R)
  70.15  221.79 ^ _05526_/Y (NOR2x2_ASAP7_75t_R)
  48.05  269.85 v _05529_/Y (NAND2x2_ASAP7_75t_R)
  61.79  331.64 ^ _05888_/Y (OAI22x1_ASAP7_75t_R)
  33.46  365.09 v _05889_/Y (NOR2x2_ASAP7_75t_R)
  26.60  391.69 ^ _05890_/Y (NAND2x1_ASAP7_75t_R)
  18.80  410.50 v _05901_/Y (NOR2x1_ASAP7_75t_R)
  28.35  438.85 ^ _05902_/Y (NAND2x1_ASAP7_75t_R)
  20.22  459.07 v _05937_/Y (NOR2x2_ASAP7_75t_R)
  42.43  501.50 ^ _05938_/Y (AOI21x1_ASAP7_75t_R)
  38.24  539.74 v _05999_/Y (AOI21x1_ASAP7_75t_R)
  39.72  579.46 ^ _06004_/Y (AOI21x1_ASAP7_75t_R)
  37.75  617.21 ^ rebuffer413/Y (BUFx3_ASAP7_75t_R)
  38.49  655.70 v _06037_/Y (OAI21x1_ASAP7_75t_R)
  47.59  703.30 v load_slew73/Y (BUFx16f_ASAP7_75t_R)
  27.43  730.73 v rebuffer944/Y (BUFx6f_ASAP7_75t_R)
  34.28  765.01 v clone472/Y (BUFx10_ASAP7_75t_R)
  14.86  779.87 ^ _06189_/Y (NAND2x1_ASAP7_75t_R)
  28.52  808.39 ^ _06190_/Y (AO21x1_ASAP7_75t_R)
  35.11  843.49 ^ _06191_/Y (AO21x1_ASAP7_75t_R)
  24.55  868.04 v _06192_/Y (NAND2x2_ASAP7_75t_R)
  36.64  904.68 ^ _10450_/CON (FAx1_ASAP7_75t_R)
  43.65  948.34 ^ rebuffer441/Y (BUFx3_ASAP7_75t_R)
  29.04  977.38 ^ rebuffer442/Y (BUFx2_ASAP7_75t_R)
  13.74  991.12 v _06357_/Y (INVx1_ASAP7_75t_R)
  39.92 1031.05 ^ _10452_/CON (FAx1_ASAP7_75t_R)
  28.93 1059.98 v _10452_/SN (FAx1_ASAP7_75t_R)
  21.84 1081.82 ^ _08183_/Y (INVx1_ASAP7_75t_R)
  33.05 1114.87 ^ _08184_/Y (OA21x2_ASAP7_75t_R)
  56.38 1171.26 ^ _08186_/Y (OA22x2_ASAP7_75t_R)
  22.84 1194.10 v _08279_/Y (NOR2x1_ASAP7_75t_R)
  33.98 1228.08 v _08280_/Y (AO21x1_ASAP7_75t_R)
   0.00 1228.08 v _10836_/D (DFFLQNx2_ASAP7_75t_R)
        1228.08   data arrival time

  10.00   10.00   clock clk' (fall edge)
   0.00   10.00   clock network delay (ideal)
   0.00   10.00   clock reconvergence pessimism
          10.00 v _10836_/CLK (DFFLQNx2_ASAP7_75t_R)
 -17.31   -7.31   library setup time
          -7.31   data required time
---------------------------------------------------------
          -7.31   data required time
        -1228.08   data arrival time
---------------------------------------------------------
        -1235.39   slack (VIOLATED)


Startpoint: _10775_ (falling edge-triggered flip-flop clocked by clk')
Endpoint: _10810_ (falling edge-triggered flip-flop clocked by clk')
Path Group: clk
Path Type: max

  Delay    Time   Description
---------------------------------------------------------
   0.00    0.00   clock clk' (fall edge)
   0.00    0.00   clock network delay (ideal)
   0.00    0.00 v _10775_/CLK (DFFLQNx3_ASAP7_75t_R)
 151.64  151.64 v _10775_/QN (DFFLQNx3_ASAP7_75t_R)
  70.15  221.79 ^ _05526_/Y (NOR2x2_ASAP7_75t_R)
  48.05  269.85 v _05529_/Y (NAND2x2_ASAP7_75t_R)
  61.79  331.64 ^ _05888_/Y (OAI22x1_ASAP7_75t_R)
  33.46  365.09 v _05889_/Y (NOR2x2_ASAP7_75t_R)
  26.60  391.69 ^ _05890_/Y (NAND2x1_ASAP7_75t_R)
  18.80  410.50 v _05901_/Y (NOR2x1_ASAP7_75t_R)
  28.35  438.85 ^ _05902_/Y (NAND2x1_ASAP7_75t_R)
  20.22  459.07 v _05937_/Y (NOR2x2_ASAP7_75t_R)
  42.43  501.50 ^ _05938_/Y (AOI21x1_ASAP7_75t_R)
  38.24  539.74 v _05999_/Y (AOI21x1_ASAP7_75t_R)
  39.72  579.46 ^ _06004_/Y (AOI21x1_ASAP7_75t_R)
  37.75  617.21 ^ rebuffer413/Y (BUFx3_ASAP7_75t_R)
  38.49  655.70 v _06037_/Y (OAI21x1_ASAP7_75t_R)
  47.59  703.30 v load_slew73/Y (BUFx16f_ASAP7_75t_R)
  27.43  730.73 v rebuffer944/Y (BUFx6f_ASAP7_75t_R)
  34.28  765.01 v clone472/Y (BUFx10_ASAP7_75t_R)
  14.86  779.87 ^ _06189_/Y (NAND2x1_ASAP7_75t_R)
  28.52  808.39 ^ _06190_/Y (AO21x1_ASAP7_75t_R)
  35.11  843.49 ^ _06191_/Y (AO21x1_ASAP7_75t_R)
  24.55  868.04 v _06192_/Y (NAND2x2_ASAP7_75t_R)
  36.64  904.68 ^ _10450_/CON (FAx1_ASAP7_75t_R)
  43.65  948.34 ^ rebuffer441/Y (BUFx3_ASAP7_75t_R)
  29.04  977.38 ^ rebuffer442/Y (BUFx2_ASAP7_75t_R)
  13.74  991.12 v _06357_/Y (INVx1_ASAP7_75t_R)
  39.92 1031.05 ^ _10452_/CON (FAx1_ASAP7_75t_R)
  28.93 1059.98 v _10452_/SN (FAx1_ASAP7_75t_R)
  21.84 1081.82 ^ _08183_/Y (INVx1_ASAP7_75t_R)
  33.05 1114.87 ^ _08184_/Y (OA21x2_ASAP7_75t_R)
  56.38 1171.26 ^ _08186_/Y (OA22x2_ASAP7_75t_R)
  22.84 1194.10 v _08188_/Y (NOR2x1_ASAP7_75t_R)
  33.98 1228.08 v _08189_/Y (AO21x1_ASAP7_75t_R)
   0.00 1228.08 v _10810_/D (DFFLQNx2_ASAP7_75t_R)
        1228.08   data arrival time

  10.00   10.00   clock clk' (fall edge)
   0.00   10.00   clock network delay (ideal)
   0.00   10.00   clock reconvergence pessimism
          10.00 v _10810_/CLK (DFFLQNx2_ASAP7_75t_R)
 -17.30   -7.30   library setup time
          -7.30   data required time
---------------------------------------------------------
          -7.30   data required time
        -1228.08   data arrival time
---------------------------------------------------------
        -1235.38   slack (VIOLATED)


Startpoint: _10775_ (falling edge-triggered flip-flop clocked by clk')
Endpoint: _10844_ (falling edge-triggered flip-flop clocked by clk')
Path Group: clk
Path Type: max

  Delay    Time   Description
---------------------------------------------------------
   0.00    0.00   clock clk' (fall edge)
   0.00    0.00   clock network delay (ideal)
   0.00    0.00 v _10775_/CLK (DFFLQNx3_ASAP7_75t_R)
 151.64  151.64 v _10775_/QN (DFFLQNx3_ASAP7_75t_R)
  70.15  221.79 ^ _05526_/Y (NOR2x2_ASAP7_75t_R)
  48.05  269.85 v _05529_/Y (NAND2x2_ASAP7_75t_R)
  61.79  331.64 ^ _05888_/Y (OAI22x1_ASAP7_75t_R)
  33.46  365.09 v _05889_/Y (NOR2x2_ASAP7_75t_R)
  26.60  391.69 ^ _05890_/Y (NAND2x1_ASAP7_75t_R)
  18.80  410.50 v _05901_/Y (NOR2x1_ASAP7_75t_R)
  28.35  438.85 ^ _05902_/Y (NAND2x1_ASAP7_75t_R)
  20.22  459.07 v _05937_/Y (NOR2x2_ASAP7_75t_R)
  42.43  501.50 ^ _05938_/Y (AOI21x1_ASAP7_75t_R)
  38.24  539.74 v _05999_/Y (AOI21x1_ASAP7_75t_R)
  39.72  579.46 ^ _06004_/Y (AOI21x1_ASAP7_75t_R)
  37.75  617.21 ^ rebuffer413/Y (BUFx3_ASAP7_75t_R)
  38.49  655.70 v _06037_/Y (OAI21x1_ASAP7_75t_R)
  47.59  703.30 v load_slew73/Y (BUFx16f_ASAP7_75t_R)
  27.43  730.73 v rebuffer944/Y (BUFx6f_ASAP7_75t_R)
  34.28  765.01 v clone472/Y (BUFx10_ASAP7_75t_R)
  14.86  779.87 ^ _06189_/Y (NAND2x1_ASAP7_75t_R)
  28.52  808.39 ^ _06190_/Y (AO21x1_ASAP7_75t_R)
  35.11  843.49 ^ _06191_/Y (AO21x1_ASAP7_75t_R)
  24.55  868.04 v _06192_/Y (NAND2x2_ASAP7_75t_R)
  36.64  904.68 ^ _10450_/CON (FAx1_ASAP7_75t_R)
  43.65  948.34 ^ rebuffer441/Y (BUFx3_ASAP7_75t_R)
  29.04  977.38 ^ rebuffer442/Y (BUFx2_ASAP7_75t_R)
  13.74  991.12 v _06357_/Y (INVx1_ASAP7_75t_R)
  39.92 1031.05 ^ _10452_/CON (FAx1_ASAP7_75t_R)
  28.93 1059.98 v _10452_/SN (FAx1_ASAP7_75t_R)
  21.84 1081.82 ^ _08183_/Y (INVx1_ASAP7_75t_R)
  33.05 1114.87 ^ _08184_/Y (OA21x2_ASAP7_75t_R)
  56.38 1171.26 ^ _08186_/Y (OA22x2_ASAP7_75t_R)
  22.84 1194.10 v _08299_/Y (NOR2x1_ASAP7_75t_R)
  33.98 1228.08 v _08300_/Y (AO21x1_ASAP7_75t_R)
   0.00 1228.08 v _10844_/D (DFFLQNx2_ASAP7_75t_R)
        1228.08   data arrival time

  10.00   10.00   clock clk' (fall edge)
   0.00   10.00   clock network delay (ideal)
   0.00   10.00   clock reconvergence pessimism
          10.00 v _10844_/CLK (DFFLQNx2_ASAP7_75t_R)
 -17.30   -7.30   library setup time
          -7.30   data required time
---------------------------------------------------------
          -7.30   data required time
        -1228.08   data arrival time
---------------------------------------------------------
        -1235.38   slack (VIOLATED)


Startpoint: _10775_ (falling edge-triggered flip-flop clocked by clk')
Endpoint: _10853_ (falling edge-triggered flip-flop clocked by clk')
Path Group: clk
Path Type: max

  Delay    Time   Description
---------------------------------------------------------
   0.00    0.00   clock clk' (fall edge)
   0.00    0.00   clock network delay (ideal)
   0.00    0.00 v _10775_/CLK (DFFLQNx3_ASAP7_75t_R)
 151.64  151.64 v _10775_/QN (DFFLQNx3_ASAP7_75t_R)
  70.15  221.79 ^ _05526_/Y (NOR2x2_ASAP7_75t_R)
  48.05  269.85 v _05529_/Y (NAND2x2_ASAP7_75t_R)
  61.79  331.64 ^ _05888_/Y (OAI22x1_ASAP7_75t_R)
  33.46  365.09 v _05889_/Y (NOR2x2_ASAP7_75t_R)
  26.60  391.69 ^ _05890_/Y (NAND2x1_ASAP7_75t_R)
  18.80  410.50 v _05901_/Y (NOR2x1_ASAP7_75t_R)
  28.35  438.85 ^ _05902_/Y (NAND2x1_ASAP7_75t_R)
  20.22  459.07 v _05937_/Y (NOR2x2_ASAP7_75t_R)
  42.43  501.50 ^ _05938_/Y (AOI21x1_ASAP7_75t_R)
  38.24  539.74 v _05999_/Y (AOI21x1_ASAP7_75t_R)
  39.72  579.46 ^ _06004_/Y (AOI21x1_ASAP7_75t_R)
  37.75  617.21 ^ rebuffer413/Y (BUFx3_ASAP7_75t_R)
  38.49  655.70 v _06037_/Y (OAI21x1_ASAP7_75t_R)
  47.59  703.30 v load_slew73/Y (BUFx16f_ASAP7_75t_R)
  27.43  730.73 v rebuffer944/Y (BUFx6f_ASAP7_75t_R)
  34.28  765.01 v clone472/Y (BUFx10_ASAP7_75t_R)
  14.86  779.87 ^ _06189_/Y (NAND2x1_ASAP7_75t_R)
  28.52  808.39 ^ _06190_/Y (AO21x1_ASAP7_75t_R)
  35.11  843.49 ^ _06191_/Y (AO21x1_ASAP7_75t_R)
  24.55  868.04 v _06192_/Y (NAND2x2_ASAP7_75t_R)
  36.64  904.68 ^ _10450_/CON (FAx1_ASAP7_75t_R)
  43.65  948.34 ^ rebuffer441/Y (BUFx3_ASAP7_75t_R)
  29.04  977.38 ^ rebuffer442/Y (BUFx2_ASAP7_75t_R)
  13.74  991.12 v _06357_/Y (INVx1_ASAP7_75t_R)
  39.92 1031.05 ^ _10452_/CON (FAx1_ASAP7_75t_R)
  28.93 1059.98 v _10452_/SN (FAx1_ASAP7_75t_R)
  21.84 1081.82 ^ _08183_/Y (INVx1_ASAP7_75t_R)
  33.05 1114.87 ^ _08184_/Y (OA21x2_ASAP7_75t_R)
  56.38 1171.26 ^ _08186_/Y (OA22x2_ASAP7_75t_R)
  22.84 1194.10 v _08323_/Y (NOR2x1_ASAP7_75t_R)
  33.98 1228.08 v _08324_/Y (AO21x1_ASAP7_75t_R)
   0.00 1228.08 v _10853_/D (DFFLQNx2_ASAP7_75t_R)
        1228.08   data arrival time

  10.00   10.00   clock clk' (fall edge)
   0.00   10.00   clock network delay (ideal)
   0.00   10.00   clock reconvergence pessimism
          10.00 v _10853_/CLK (DFFLQNx2_ASAP7_75t_R)
 -17.30   -7.30   library setup time
          -7.30   data required time
---------------------------------------------------------
          -7.30   data required time
        -1228.08   data arrival time
---------------------------------------------------------
        -1235.38   slack (VIOLATED)


Startpoint: _10775_ (falling edge-triggered flip-flop clocked by clk')
Endpoint: _10877_ (falling edge-triggered flip-flop clocked by clk')
Path Group: clk
Path Type: max

  Delay    Time   Description
---------------------------------------------------------
   0.00    0.00   clock clk' (fall edge)
   0.00    0.00   clock network delay (ideal)
   0.00    0.00 v _10775_/CLK (DFFLQNx3_ASAP7_75t_R)
 151.64  151.64 v _10775_/QN (DFFLQNx3_ASAP7_75t_R)
  70.15  221.79 ^ _05526_/Y (NOR2x2_ASAP7_75t_R)
  48.05  269.85 v _05529_/Y (NAND2x2_ASAP7_75t_R)
  61.79  331.64 ^ _05888_/Y (OAI22x1_ASAP7_75t_R)
  33.46  365.09 v _05889_/Y (NOR2x2_ASAP7_75t_R)
  26.60  391.69 ^ _05890_/Y (NAND2x1_ASAP7_75t_R)
  18.80  410.50 v _05901_/Y (NOR2x1_ASAP7_75t_R)
  28.35  438.85 ^ _05902_/Y (NAND2x1_ASAP7_75t_R)
  20.22  459.07 v _05937_/Y (NOR2x2_ASAP7_75t_R)
  42.43  501.50 ^ _05938_/Y (AOI21x1_ASAP7_75t_R)
  38.24  539.74 v _05999_/Y (AOI21x1_ASAP7_75t_R)
  39.72  579.46 ^ _06004_/Y (AOI21x1_ASAP7_75t_R)
  37.75  617.21 ^ rebuffer413/Y (BUFx3_ASAP7_75t_R)
  38.49  655.70 v _06037_/Y (OAI21x1_ASAP7_75t_R)
  47.59  703.30 v load_slew73/Y (BUFx16f_ASAP7_75t_R)
  27.43  730.73 v rebuffer944/Y (BUFx6f_ASAP7_75t_R)
  34.28  765.01 v clone472/Y (BUFx10_ASAP7_75t_R)
  14.86  779.87 ^ _06189_/Y (NAND2x1_ASAP7_75t_R)
  28.52  808.39 ^ _06190_/Y (AO21x1_ASAP7_75t_R)
  35.11  843.49 ^ _06191_/Y (AO21x1_ASAP7_75t_R)
  24.55  868.04 v _06192_/Y (NAND2x2_ASAP7_75t_R)
  36.64  904.68 ^ _10450_/CON (FAx1_ASAP7_75t_R)
  43.65  948.34 ^ rebuffer441/Y (BUFx3_ASAP7_75t_R)
  29.04  977.38 ^ rebuffer442/Y (BUFx2_ASAP7_75t_R)
  13.74  991.12 v _06357_/Y (INVx1_ASAP7_75t_R)
  39.92 1031.05 ^ _10452_/CON (FAx1_ASAP7_75t_R)
  28.93 1059.98 v _10452_/SN (FAx1_ASAP7_75t_R)
  21.84 1081.82 ^ _08183_/Y (INVx1_ASAP7_75t_R)
  33.05 1114.87 ^ _08184_/Y (OA21x2_ASAP7_75t_R)
  56.38 1171.26 ^ _08186_/Y (OA22x2_ASAP7_75t_R)
  22.84 1194.10 v _08380_/Y (NOR2x1_ASAP7_75t_R)
  33.98 1228.08 v _08381_/Y (AO21x1_ASAP7_75t_R)
   0.00 1228.08 v _10877_/D (DFFLQNx2_ASAP7_75t_R)
        1228.08   data arrival time

  10.00   10.00   clock clk' (fall edge)
   0.00   10.00   clock network delay (ideal)
   0.00   10.00   clock reconvergence pessimism
          10.00 v _10877_/CLK (DFFLQNx2_ASAP7_75t_R)
 -17.30   -7.30   library setup time
          -7.30   data required time
---------------------------------------------------------
          -7.30   data required time
        -1228.08   data arrival time
---------------------------------------------------------
        -1235.38   slack (VIOLATED)


Startpoint: _10775_ (falling edge-triggered flip-flop clocked by clk')
Endpoint: _10829_ (falling edge-triggered flip-flop clocked by clk')
Path Group: clk
Path Type: max

  Delay    Time   Description
---------------------------------------------------------
   0.00    0.00   clock clk' (fall edge)
   0.00    0.00   clock network delay (ideal)
   0.00    0.00 v _10775_/CLK (DFFLQNx3_ASAP7_75t_R)
 151.64  151.64 v _10775_/QN (DFFLQNx3_ASAP7_75t_R)
  70.15  221.79 ^ _05526_/Y (NOR2x2_ASAP7_75t_R)
  48.05  269.85 v _05529_/Y (NAND2x2_ASAP7_75t_R)
  61.79  331.64 ^ _05888_/Y (OAI22x1_ASAP7_75t_R)
  33.46  365.09 v _05889_/Y (NOR2x2_ASAP7_75t_R)
  26.60  391.69 ^ _05890_/Y (NAND2x1_ASAP7_75t_R)
  18.80  410.50 v _05901_/Y (NOR2x1_ASAP7_75t_R)
  28.35  438.85 ^ _05902_/Y (NAND2x1_ASAP7_75t_R)
  20.22  459.07 v _05937_/Y (NOR2x2_ASAP7_75t_R)
  42.43  501.50 ^ _05938_/Y (AOI21x1_ASAP7_75t_R)
  38.24  539.74 v _05999_/Y (AOI21x1_ASAP7_75t_R)
  39.72  579.46 ^ _06004_/Y (AOI21x1_ASAP7_75t_R)
  37.75  617.21 ^ rebuffer413/Y (BUFx3_ASAP7_75t_R)
  38.49  655.70 v _06037_/Y (OAI21x1_ASAP7_75t_R)
  47.59  703.30 v load_slew73/Y (BUFx16f_ASAP7_75t_R)
  27.43  730.73 v rebuffer944/Y (BUFx6f_ASAP7_75t_R)
  34.28  765.01 v clone472/Y (BUFx10_ASAP7_75t_R)
  14.86  779.87 ^ _06189_/Y (NAND2x1_ASAP7_75t_R)
  28.52  808.39 ^ _06190_/Y (AO21x1_ASAP7_75t_R)
  35.11  843.49 ^ _06191_/Y (AO21x1_ASAP7_75t_R)
  24.55  868.04 v _06192_/Y (NAND2x2_ASAP7_75t_R)
  36.64  904.68 ^ _10450_/CON (FAx1_ASAP7_75t_R)
  43.65  948.34 ^ rebuffer441/Y (BUFx3_ASAP7_75t_R)
  29.04  977.38 ^ rebuffer442/Y (BUFx2_ASAP7_75t_R)
  13.74  991.12 v _06357_/Y (INVx1_ASAP7_75t_R)
  39.92 1031.05 ^ _10452_/CON (FAx1_ASAP7_75t_R)
  47.75 1078.79 ^ _08190_/Y (XNOR2x1_ASAP7_75t_R)
  35.46 1114.25 ^ _08191_/Y (OA21x2_ASAP7_75t_R)
  56.64 1170.89 ^ _08193_/Y (OA22x2_ASAP7_75t_R)
  22.93 1193.82 v _08262_/Y (NOR2x1_ASAP7_75t_R)
  34.00 1227.82 v _08263_/Y (AO21x1_ASAP7_75t_R)
   0.00 1227.82 v _10829_/D (DFFLQNx2_ASAP7_75t_R)
        1227.82   data arrival time

  10.00   10.00   clock clk' (fall edge)
   0.00   10.00   clock network delay (ideal)
   0.00   10.00   clock reconvergence pessimism
          10.00 v _10829_/CLK (DFFLQNx2_ASAP7_75t_R)
 -17.33   -7.33   library setup time
          -7.33   data required time
---------------------------------------------------------
          -7.33   data required time
        -1227.82   data arrival time
---------------------------------------------------------
        -1235.15   slack (VIOLATED)


Startpoint: _10775_ (falling edge-triggered flip-flop clocked by clk')
Endpoint: _10821_ (falling edge-triggered flip-flop clocked by clk')
Path Group: clk
Path Type: max

  Delay    Time   Description
---------------------------------------------------------
   0.00    0.00   clock clk' (fall edge)
   0.00    0.00   clock network delay (ideal)
   0.00    0.00 v _10775_/CLK (DFFLQNx3_ASAP7_75t_R)
 151.64  151.64 v _10775_/QN (DFFLQNx3_ASAP7_75t_R)
  70.15  221.79 ^ _05526_/Y (NOR2x2_ASAP7_75t_R)
  48.05  269.85 v _05529_/Y (NAND2x2_ASAP7_75t_R)
  61.79  331.64 ^ _05888_/Y (OAI22x1_ASAP7_75t_R)
  33.46  365.09 v _05889_/Y (NOR2x2_ASAP7_75t_R)
  26.60  391.69 ^ _05890_/Y (NAND2x1_ASAP7_75t_R)
  18.80  410.50 v _05901_/Y (NOR2x1_ASAP7_75t_R)
  28.35  438.85 ^ _05902_/Y (NAND2x1_ASAP7_75t_R)
  20.22  459.07 v _05937_/Y (NOR2x2_ASAP7_75t_R)
  42.43  501.50 ^ _05938_/Y (AOI21x1_ASAP7_75t_R)
  38.24  539.74 v _05999_/Y (AOI21x1_ASAP7_75t_R)
  39.72  579.46 ^ _06004_/Y (AOI21x1_ASAP7_75t_R)
  37.75  617.21 ^ rebuffer413/Y (BUFx3_ASAP7_75t_R)
  38.49  655.70 v _06037_/Y (OAI21x1_ASAP7_75t_R)
  47.59  703.30 v load_slew73/Y (BUFx16f_ASAP7_75t_R)
  27.43  730.73 v rebuffer944/Y (BUFx6f_ASAP7_75t_R)
  34.28  765.01 v clone472/Y (BUFx10_ASAP7_75t_R)
  14.86  779.87 ^ _06189_/Y (NAND2x1_ASAP7_75t_R)
  28.52  808.39 ^ _06190_/Y (AO21x1_ASAP7_75t_R)
  35.11  843.49 ^ _06191_/Y (AO21x1_ASAP7_75t_R)
  24.55  868.04 v _06192_/Y (NAND2x2_ASAP7_75t_R)
  36.64  904.68 ^ _10450_/CON (FAx1_ASAP7_75t_R)
  43.65  948.34 ^ rebuffer441/Y (BUFx3_ASAP7_75t_R)
  29.04  977.38 ^ rebuffer442/Y (BUFx2_ASAP7_75t_R)
  13.74  991.12 v _06357_/Y (INVx1_ASAP7_75t_R)
  39.92 1031.05 ^ _10452_/CON (FAx1_ASAP7_75t_R)
  47.75 1078.79 ^ _08190_/Y (XNOR2x1_ASAP7_75t_R)
  35.46 1114.25 ^ _08191_/Y (OA21x2_ASAP7_75t_R)
  56.64 1170.89 ^ _08193_/Y (OA22x2_ASAP7_75t_R)
  22.93 1193.82 v _08243_/Y (NOR2x1_ASAP7_75t_R)
  34.00 1227.82 v _08244_/Y (AO21x1_ASAP7_75t_R)
   0.00 1227.82 v _10821_/D (DFFLQNx2_ASAP7_75t_R)
        1227.82   data arrival time

  10.00   10.00   clock clk' (fall edge)
   0.00   10.00   clock network delay (ideal)
   0.00   10.00   clock reconvergence pessimism
          10.00 v _10821_/CLK (DFFLQNx2_ASAP7_75t_R)
 -17.32   -7.32   library setup time
          -7.32   data required time
---------------------------------------------------------
          -7.32   data required time
        -1227.82   data arrival time
---------------------------------------------------------
        -1235.15   slack (VIOLATED)


Startpoint: _10775_ (falling edge-triggered flip-flop clocked by clk')
Endpoint: _10862_ (falling edge-triggered flip-flop clocked by clk')
Path Group: clk
Path Type: max

  Delay    Time   Description
---------------------------------------------------------
   0.00    0.00   clock clk' (fall edge)
   0.00    0.00   clock network delay (ideal)
   0.00    0.00 v _10775_/CLK (DFFLQNx3_ASAP7_75t_R)
 151.64  151.64 v _10775_/QN (DFFLQNx3_ASAP7_75t_R)
  70.15  221.79 ^ _05526_/Y (NOR2x2_ASAP7_75t_R)
  48.05  269.85 v _05529_/Y (NAND2x2_ASAP7_75t_R)
  61.79  331.64 ^ _05888_/Y (OAI22x1_ASAP7_75t_R)
  33.46  365.09 v _05889_/Y (NOR2x2_ASAP7_75t_R)
  26.60  391.69 ^ _05890_/Y (NAND2x1_ASAP7_75t_R)
  18.80  410.50 v _05901_/Y (NOR2x1_ASAP7_75t_R)
  28.35  438.85 ^ _05902_/Y (NAND2x1_ASAP7_75t_R)
  20.22  459.07 v _05937_/Y (NOR2x2_ASAP7_75t_R)
  42.43  501.50 ^ _05938_/Y (AOI21x1_ASAP7_75t_R)
  38.24  539.74 v _05999_/Y (AOI21x1_ASAP7_75t_R)
  39.72  579.46 ^ _06004_/Y (AOI21x1_ASAP7_75t_R)
  37.75  617.21 ^ rebuffer413/Y (BUFx3_ASAP7_75t_R)
  38.49  655.70 v _06037_/Y (OAI21x1_ASAP7_75t_R)
  47.59  703.30 v load_slew73/Y (BUFx16f_ASAP7_75t_R)
  27.43  730.73 v rebuffer944/Y (BUFx6f_ASAP7_75t_R)
  34.28  765.01 v clone472/Y (BUFx10_ASAP7_75t_R)
  14.86  779.87 ^ _06189_/Y (NAND2x1_ASAP7_75t_R)
  28.52  808.39 ^ _06190_/Y (AO21x1_ASAP7_75t_R)
  35.11  843.49 ^ _06191_/Y (AO21x1_ASAP7_75t_R)
  24.55  868.04 v _06192_/Y (NAND2x2_ASAP7_75t_R)
  36.64  904.68 ^ _10450_/CON (FAx1_ASAP7_75t_R)
  43.65  948.34 ^ rebuffer441/Y (BUFx3_ASAP7_75t_R)
  29.04  977.38 ^ rebuffer442/Y (BUFx2_ASAP7_75t_R)
  13.74  991.12 v _06357_/Y (INVx1_ASAP7_75t_R)
  39.92 1031.05 ^ _10452_/CON (FAx1_ASAP7_75t_R)
  47.75 1078.79 ^ _08190_/Y (XNOR2x1_ASAP7_75t_R)
  35.46 1114.25 ^ _08191_/Y (OA21x2_ASAP7_75t_R)
  56.64 1170.89 ^ _08193_/Y (OA22x2_ASAP7_75t_R)
  22.93 1193.82 v _08344_/Y (NOR2x1_ASAP7_75t_R)
  34.00 1227.82 v _08345_/Y (AO21x1_ASAP7_75t_R)
   0.00 1227.82 v _10862_/D (DFFLQNx2_ASAP7_75t_R)
        1227.82   data arrival time

  10.00   10.00   clock clk' (fall edge)
   0.00   10.00   clock network delay (ideal)
   0.00   10.00   clock reconvergence pessimism
          10.00 v _10862_/CLK (DFFLQNx2_ASAP7_75t_R)
 -17.31   -7.31   library setup time
          -7.31   data required time
---------------------------------------------------------
          -7.31   data required time
        -1227.82   data arrival time
---------------------------------------------------------
        -1235.13   slack (VIOLATED)


Startpoint: _10775_ (falling edge-triggered flip-flop clocked by clk')
Endpoint: _10837_ (falling edge-triggered flip-flop clocked by clk')
Path Group: clk
Path Type: max

  Delay    Time   Description
---------------------------------------------------------
   0.00    0.00   clock clk' (fall edge)
   0.00    0.00   clock network delay (ideal)
   0.00    0.00 v _10775_/CLK (DFFLQNx3_ASAP7_75t_R)
 151.64  151.64 v _10775_/QN (DFFLQNx3_ASAP7_75t_R)
  70.15  221.79 ^ _05526_/Y (NOR2x2_ASAP7_75t_R)
  48.05  269.85 v _05529_/Y (NAND2x2_ASAP7_75t_R)
  61.79  331.64 ^ _05888_/Y (OAI22x1_ASAP7_75t_R)
  33.46  365.09 v _05889_/Y (NOR2x2_ASAP7_75t_R)
  26.60  391.69 ^ _05890_/Y (NAND2x1_ASAP7_75t_R)
  18.80  410.50 v _05901_/Y (NOR2x1_ASAP7_75t_R)
  28.35  438.85 ^ _05902_/Y (NAND2x1_ASAP7_75t_R)
  20.22  459.07 v _05937_/Y (NOR2x2_ASAP7_75t_R)
  42.43  501.50 ^ _05938_/Y (AOI21x1_ASAP7_75t_R)
  38.24  539.74 v _05999_/Y (AOI21x1_ASAP7_75t_R)
  39.72  579.46 ^ _06004_/Y (AOI21x1_ASAP7_75t_R)
  37.75  617.21 ^ rebuffer413/Y (BUFx3_ASAP7_75t_R)
  38.49  655.70 v _06037_/Y (OAI21x1_ASAP7_75t_R)
  47.59  703.30 v load_slew73/Y (BUFx16f_ASAP7_75t_R)
  27.43  730.73 v rebuffer944/Y (BUFx6f_ASAP7_75t_R)
  34.28  765.01 v clone472/Y (BUFx10_ASAP7_75t_R)
  14.86  779.87 ^ _06189_/Y (NAND2x1_ASAP7_75t_R)
  28.52  808.39 ^ _06190_/Y (AO21x1_ASAP7_75t_R)
  35.11  843.49 ^ _06191_/Y (AO21x1_ASAP7_75t_R)
  24.55  868.04 v _06192_/Y (NAND2x2_ASAP7_75t_R)
  36.64  904.68 ^ _10450_/CON (FAx1_ASAP7_75t_R)
  43.65  948.34 ^ rebuffer441/Y (BUFx3_ASAP7_75t_R)
  29.04  977.38 ^ rebuffer442/Y (BUFx2_ASAP7_75t_R)
  13.74  991.12 v _06357_/Y (INVx1_ASAP7_75t_R)
  39.92 1031.05 ^ _10452_/CON (FAx1_ASAP7_75t_R)
  47.75 1078.79 ^ _08190_/Y (XNOR2x1_ASAP7_75t_R)
  35.46 1114.25 ^ _08191_/Y (OA21x2_ASAP7_75t_R)
  56.64 1170.89 ^ _08193_/Y (OA22x2_ASAP7_75t_R)
  22.93 1193.82 v _08281_/Y (NOR2x1_ASAP7_75t_R)
  34.00 1227.82 v _08282_/Y (AO21x1_ASAP7_75t_R)
   0.00 1227.82 v _10837_/D (DFFLQNx2_ASAP7_75t_R)
        1227.82   data arrival time

  10.00   10.00   clock clk' (fall edge)
   0.00   10.00   clock network delay (ideal)
   0.00   10.00   clock reconvergence pessimism
          10.00 v _10837_/CLK (DFFLQNx2_ASAP7_75t_R)
 -17.31   -7.31   library setup time
          -7.31   data required time
---------------------------------------------------------
          -7.31   data required time
        -1227.82   data arrival time
---------------------------------------------------------
        -1235.13   slack (VIOLATED)


Startpoint: _10775_ (falling edge-triggered flip-flop clocked by clk')
Endpoint: _10811_ (falling edge-triggered flip-flop clocked by clk')
Path Group: clk
Path Type: max

  Delay    Time   Description
---------------------------------------------------------
   0.00    0.00   clock clk' (fall edge)
   0.00    0.00   clock network delay (ideal)
   0.00    0.00 v _10775_/CLK (DFFLQNx3_ASAP7_75t_R)
 151.64  151.64 v _10775_/QN (DFFLQNx3_ASAP7_75t_R)
  70.15  221.79 ^ _05526_/Y (NOR2x2_ASAP7_75t_R)
  48.05  269.85 v _05529_/Y (NAND2x2_ASAP7_75t_R)
  61.79  331.64 ^ _05888_/Y (OAI22x1_ASAP7_75t_R)
  33.46  365.09 v _05889_/Y (NOR2x2_ASAP7_75t_R)
  26.60  391.69 ^ _05890_/Y (NAND2x1_ASAP7_75t_R)
  18.80  410.50 v _05901_/Y (NOR2x1_ASAP7_75t_R)
  28.35  438.85 ^ _05902_/Y (NAND2x1_ASAP7_75t_R)
  20.22  459.07 v _05937_/Y (NOR2x2_ASAP7_75t_R)
  42.43  501.50 ^ _05938_/Y (AOI21x1_ASAP7_75t_R)
  38.24  539.74 v _05999_/Y (AOI21x1_ASAP7_75t_R)
  39.72  579.46 ^ _06004_/Y (AOI21x1_ASAP7_75t_R)
  37.75  617.21 ^ rebuffer413/Y (BUFx3_ASAP7_75t_R)
  38.49  655.70 v _06037_/Y (OAI21x1_ASAP7_75t_R)
  47.59  703.30 v load_slew73/Y (BUFx16f_ASAP7_75t_R)
  27.43  730.73 v rebuffer944/Y (BUFx6f_ASAP7_75t_R)
  34.28  765.01 v clone472/Y (BUFx10_ASAP7_75t_R)
  14.86  779.87 ^ _06189_/Y (NAND2x1_ASAP7_75t_R)
  28.52  808.39 ^ _06190_/Y (AO21x1_ASAP7_75t_R)
  35.11  843.49 ^ _06191_/Y (AO21x1_ASAP7_75t_R)
  24.55  868.04 v _06192_/Y (NAND2x2_ASAP7_75t_R)
  36.64  904.68 ^ _10450_/CON (FAx1_ASAP7_75t_R)
  43.65  948.34 ^ rebuffer441/Y (BUFx3_ASAP7_75t_R)
  29.04  977.38 ^ rebuffer442/Y (BUFx2_ASAP7_75t_R)
  13.74  991.12 v _06357_/Y (INVx1_ASAP7_75t_R)
  39.92 1031.05 ^ _10452_/CON (FAx1_ASAP7_75t_R)
  47.75 1078.79 ^ _08190_/Y (XNOR2x1_ASAP7_75t_R)
  35.46 1114.25 ^ _08191_/Y (OA21x2_ASAP7_75t_R)
  56.64 1170.89 ^ _08193_/Y (OA22x2_ASAP7_75t_R)
  22.93 1193.82 v _08195_/Y (NOR2x1_ASAP7_75t_R)
  34.00 1227.82 v _08196_/Y (AO21x1_ASAP7_75t_R)
   0.00 1227.82 v _10811_/D (DFFLQNx2_ASAP7_75t_R)
        1227.82   data arrival time

  10.00   10.00   clock clk' (fall edge)
   0.00   10.00   clock network delay (ideal)
   0.00   10.00   clock reconvergence pessimism
          10.00 v _10811_/CLK (DFFLQNx2_ASAP7_75t_R)
 -17.30   -7.30   library setup time
          -7.30   data required time
---------------------------------------------------------
          -7.30   data required time
        -1227.82   data arrival time
---------------------------------------------------------
        -1235.12   slack (VIOLATED)


Startpoint: _10775_ (falling edge-triggered flip-flop clocked by clk')
Endpoint: _10854_ (falling edge-triggered flip-flop clocked by clk')
Path Group: clk
Path Type: max

  Delay    Time   Description
---------------------------------------------------------
   0.00    0.00   clock clk' (fall edge)
   0.00    0.00   clock network delay (ideal)
   0.00    0.00 v _10775_/CLK (DFFLQNx3_ASAP7_75t_R)
 151.64  151.64 v _10775_/QN (DFFLQNx3_ASAP7_75t_R)
  70.15  221.79 ^ _05526_/Y (NOR2x2_ASAP7_75t_R)
  48.05  269.85 v _05529_/Y (NAND2x2_ASAP7_75t_R)
  61.79  331.64 ^ _05888_/Y (OAI22x1_ASAP7_75t_R)
  33.46  365.09 v _05889_/Y (NOR2x2_ASAP7_75t_R)
  26.60  391.69 ^ _05890_/Y (NAND2x1_ASAP7_75t_R)
  18.80  410.50 v _05901_/Y (NOR2x1_ASAP7_75t_R)
  28.35  438.85 ^ _05902_/Y (NAND2x1_ASAP7_75t_R)
  20.22  459.07 v _05937_/Y (NOR2x2_ASAP7_75t_R)
  42.43  501.50 ^ _05938_/Y (AOI21x1_ASAP7_75t_R)
  38.24  539.74 v _05999_/Y (AOI21x1_ASAP7_75t_R)
  39.72  579.46 ^ _06004_/Y (AOI21x1_ASAP7_75t_R)
  37.75  617.21 ^ rebuffer413/Y (BUFx3_ASAP7_75t_R)
  38.49  655.70 v _06037_/Y (OAI21x1_ASAP7_75t_R)
  47.59  703.30 v load_slew73/Y (BUFx16f_ASAP7_75t_R)
  27.43  730.73 v rebuffer944/Y (BUFx6f_ASAP7_75t_R)
  34.28  765.01 v clone472/Y (BUFx10_ASAP7_75t_R)
  14.86  779.87 ^ _06189_/Y (NAND2x1_ASAP7_75t_R)
  28.52  808.39 ^ _06190_/Y (AO21x1_ASAP7_75t_R)
  35.11  843.49 ^ _06191_/Y (AO21x1_ASAP7_75t_R)
  24.55  868.04 v _06192_/Y (NAND2x2_ASAP7_75t_R)
  36.64  904.68 ^ _10450_/CON (FAx1_ASAP7_75t_R)
  43.65  948.34 ^ rebuffer441/Y (BUFx3_ASAP7_75t_R)
  29.04  977.38 ^ rebuffer442/Y (BUFx2_ASAP7_75t_R)
  13.74  991.12 v _06357_/Y (INVx1_ASAP7_75t_R)
  39.92 1031.05 ^ _10452_/CON (FAx1_ASAP7_75t_R)
  47.75 1078.79 ^ _08190_/Y (XNOR2x1_ASAP7_75t_R)
  35.46 1114.25 ^ _08191_/Y (OA21x2_ASAP7_75t_R)
  56.64 1170.89 ^ _08193_/Y (OA22x2_ASAP7_75t_R)
  22.93 1193.82 v _08325_/Y (NOR2x1_ASAP7_75t_R)
  34.00 1227.82 v _08326_/Y (AO21x1_ASAP7_75t_R)
   0.00 1227.82 v _10854_/D (DFFLQNx2_ASAP7_75t_R)
        1227.82   data arrival time

  10.00   10.00   clock clk' (fall edge)
   0.00   10.00   clock network delay (ideal)
   0.00   10.00   clock reconvergence pessimism
          10.00 v _10854_/CLK (DFFLQNx2_ASAP7_75t_R)
 -17.30   -7.30   library setup time
          -7.30   data required time
---------------------------------------------------------
          -7.30   data required time
        -1227.82   data arrival time
---------------------------------------------------------
        -1235.12   slack (VIOLATED)


Startpoint: _10775_ (falling edge-triggered flip-flop clocked by clk')
Endpoint: _10878_ (falling edge-triggered flip-flop clocked by clk')
Path Group: clk
Path Type: max

  Delay    Time   Description
---------------------------------------------------------
   0.00    0.00   clock clk' (fall edge)
   0.00    0.00   clock network delay (ideal)
   0.00    0.00 v _10775_/CLK (DFFLQNx3_ASAP7_75t_R)
 151.64  151.64 v _10775_/QN (DFFLQNx3_ASAP7_75t_R)
  70.15  221.79 ^ _05526_/Y (NOR2x2_ASAP7_75t_R)
  48.05  269.85 v _05529_/Y (NAND2x2_ASAP7_75t_R)
  61.79  331.64 ^ _05888_/Y (OAI22x1_ASAP7_75t_R)
  33.46  365.09 v _05889_/Y (NOR2x2_ASAP7_75t_R)
  26.60  391.69 ^ _05890_/Y (NAND2x1_ASAP7_75t_R)
  18.80  410.50 v _05901_/Y (NOR2x1_ASAP7_75t_R)
  28.35  438.85 ^ _05902_/Y (NAND2x1_ASAP7_75t_R)
  20.22  459.07 v _05937_/Y (NOR2x2_ASAP7_75t_R)
  42.43  501.50 ^ _05938_/Y (AOI21x1_ASAP7_75t_R)
  38.24  539.74 v _05999_/Y (AOI21x1_ASAP7_75t_R)
  39.72  579.46 ^ _06004_/Y (AOI21x1_ASAP7_75t_R)
  37.75  617.21 ^ rebuffer413/Y (BUFx3_ASAP7_75t_R)
  38.49  655.70 v _06037_/Y (OAI21x1_ASAP7_75t_R)
  47.59  703.30 v load_slew73/Y (BUFx16f_ASAP7_75t_R)
  27.43  730.73 v rebuffer944/Y (BUFx6f_ASAP7_75t_R)
  34.28  765.01 v clone472/Y (BUFx10_ASAP7_75t_R)
  14.86  779.87 ^ _06189_/Y (NAND2x1_ASAP7_75t_R)
  28.52  808.39 ^ _06190_/Y (AO21x1_ASAP7_75t_R)
  35.11  843.49 ^ _06191_/Y (AO21x1_ASAP7_75t_R)
  24.55  868.04 v _06192_/Y (NAND2x2_ASAP7_75t_R)
  36.64  904.68 ^ _10450_/CON (FAx1_ASAP7_75t_R)
  43.65  948.34 ^ rebuffer441/Y (BUFx3_ASAP7_75t_R)
  29.04  977.38 ^ rebuffer442/Y (BUFx2_ASAP7_75t_R)
  13.74  991.12 v _06357_/Y (INVx1_ASAP7_75t_R)
  39.92 1031.05 ^ _10452_/CON (FAx1_ASAP7_75t_R)
  47.75 1078.79 ^ _08190_/Y (XNOR2x1_ASAP7_75t_R)
  35.46 1114.25 ^ _08191_/Y (OA21x2_ASAP7_75t_R)
  56.64 1170.89 ^ _08193_/Y (OA22x2_ASAP7_75t_R)
  22.93 1193.82 v _08382_/Y (NOR2x1_ASAP7_75t_R)
  34.00 1227.82 v _08383_/Y (AO21x1_ASAP7_75t_R)
   0.00 1227.82 v _10878_/D (DFFLQNx2_ASAP7_75t_R)
        1227.82   data arrival time

  10.00   10.00   clock clk' (fall edge)
   0.00   10.00   clock network delay (ideal)
   0.00   10.00   clock reconvergence pessimism
          10.00 v _10878_/CLK (DFFLQNx2_ASAP7_75t_R)
 -17.30   -7.30   library setup time
          -7.30   data required time
---------------------------------------------------------
          -7.30   data required time
        -1227.82   data arrival time
---------------------------------------------------------
        -1235.12   slack (VIOLATED)


Startpoint: _10775_ (falling edge-triggered flip-flop clocked by clk')
Endpoint: _10839_ (falling edge-triggered flip-flop clocked by clk')
Path Group: clk
Path Type: max

  Delay    Time   Description
---------------------------------------------------------
   0.00    0.00   clock clk' (fall edge)
   0.00    0.00   clock network delay (ideal)
   0.00    0.00 v _10775_/CLK (DFFLQNx3_ASAP7_75t_R)
 151.64  151.64 v _10775_/QN (DFFLQNx3_ASAP7_75t_R)
  70.60  222.24 ^ _05584_/Y (NAND2x2_ASAP7_75t_R)
  51.20  273.44 v _05585_/Y (NOR2x2_ASAP7_75t_R)
  31.32  304.76 ^ _05586_/Y (INVx4_ASAP7_75t_R)
  22.28  327.04 v _05761_/Y (NOR2x2_ASAP7_75t_R)
  50.28  377.32 ^ _05881_/Y (AOI211x1_ASAP7_75t_R)
  25.27  402.58 v _05882_/Y (NAND2x1_ASAP7_75t_R)
  20.00  422.58 ^ _05883_/Y (NOR2x1_ASAP7_75t_R)
  20.99  443.57 v _05902_/Y (NAND2x1_ASAP7_75t_R)
  17.61  461.19 ^ _05937_/Y (NOR2x2_ASAP7_75t_R)
  31.40  492.58 v _05938_/Y (AOI21x1_ASAP7_75t_R)
  34.61  527.19 ^ _05999_/Y (AOI21x1_ASAP7_75t_R)
  31.36  558.55 v _06004_/Y (AOI21x1_ASAP7_75t_R)
  38.46  597.01 v rebuffer413/Y (BUFx3_ASAP7_75t_R)
  54.00  651.01 ^ _06037_/Y (OAI21x1_ASAP7_75t_R)
  49.87  700.88 ^ load_slew73/Y (BUFx16f_ASAP7_75t_R)
  25.25  726.13 ^ rebuffer944/Y (BUFx6f_ASAP7_75t_R)
  30.07  756.20 ^ clone472/Y (BUFx10_ASAP7_75t_R)
  11.61  767.81 v _06184_/Y (NAND2x1_ASAP7_75t_R)
  29.66  797.47 v _06185_/Y (AO21x1_ASAP7_75t_R)
  38.25  835.72 v _06191_/Y (AO21x1_ASAP7_75t_R)
  32.10  867.82 ^ _06192_/Y (NAND2x2_ASAP7_75t_R)
  33.65  901.47 v _10450_/CON (FAx1_ASAP7_75t_R)
  41.39  942.86 v rebuffer441/Y (BUFx3_ASAP7_75t_R)
  38.62  981.48 v _06358_/Y (OA21x2_ASAP7_75t_R)
  21.99 1003.47 ^ _06359_/Y (OAI21x1_ASAP7_75t_R)
  37.24 1040.72 ^ rebuffer429/Y (BUFx2_ASAP7_75t_R)
  31.10 1071.81 v _10454_/CON (FAx1_ASAP7_75t_R)
  44.12 1115.94 v _08204_/Y (XOR2x1_ASAP7_75t_R)
  22.02 1137.96 ^ _08205_/Y (INVx1_ASAP7_75t_R)
  17.15 1155.10 v _08206_/Y (OAI21x1_ASAP7_75t_R)
  21.27 1176.38 ^ _08208_/Y (AOI21x1_ASAP7_75t_R)
  34.72 1211.10 ^ rebuffer599/Y (BUFx6f_ASAP7_75t_R)
  14.29 1225.38 v _08286_/Y (AOI21x1_ASAP7_75t_R)
   0.00 1225.38 v _10839_/D (DFFLQNx2_ASAP7_75t_R)
        1225.38   data arrival time

  10.00   10.00   clock clk' (fall edge)
   0.00   10.00   clock network delay (ideal)
   0.00   10.00   clock reconvergence pessimism
          10.00 v _10839_/CLK (DFFLQNx2_ASAP7_75t_R)
 -19.60   -9.60   library setup time
          -9.60   data required time
---------------------------------------------------------
          -9.60   data required time
        -1225.38   data arrival time
---------------------------------------------------------
        -1234.98   slack (VIOLATED)


Startpoint: _10775_ (falling edge-triggered flip-flop clocked by clk')
Endpoint: _10831_ (falling edge-triggered flip-flop clocked by clk')
Path Group: clk
Path Type: max

  Delay    Time   Description
---------------------------------------------------------
   0.00    0.00   clock clk' (fall edge)
   0.00    0.00   clock network delay (ideal)
   0.00    0.00 v _10775_/CLK (DFFLQNx3_ASAP7_75t_R)
 151.64  151.64 v _10775_/QN (DFFLQNx3_ASAP7_75t_R)
  70.60  222.24 ^ _05584_/Y (NAND2x2_ASAP7_75t_R)
  51.20  273.44 v _05585_/Y (NOR2x2_ASAP7_75t_R)
  31.32  304.76 ^ _05586_/Y (INVx4_ASAP7_75t_R)
  22.28  327.04 v _05761_/Y (NOR2x2_ASAP7_75t_R)
  50.28  377.32 ^ _05881_/Y (AOI211x1_ASAP7_75t_R)
  25.27  402.58 v _05882_/Y (NAND2x1_ASAP7_75t_R)
  20.00  422.58 ^ _05883_/Y (NOR2x1_ASAP7_75t_R)
  20.99  443.57 v _05902_/Y (NAND2x1_ASAP7_75t_R)
  17.61  461.19 ^ _05937_/Y (NOR2x2_ASAP7_75t_R)
  31.40  492.58 v _05938_/Y (AOI21x1_ASAP7_75t_R)
  34.61  527.19 ^ _05999_/Y (AOI21x1_ASAP7_75t_R)
  31.36  558.55 v _06004_/Y (AOI21x1_ASAP7_75t_R)
  38.46  597.01 v rebuffer413/Y (BUFx3_ASAP7_75t_R)
  54.00  651.01 ^ _06037_/Y (OAI21x1_ASAP7_75t_R)
  49.87  700.88 ^ load_slew73/Y (BUFx16f_ASAP7_75t_R)
  25.25  726.13 ^ rebuffer944/Y (BUFx6f_ASAP7_75t_R)
  30.07  756.20 ^ clone472/Y (BUFx10_ASAP7_75t_R)
  11.61  767.81 v _06184_/Y (NAND2x1_ASAP7_75t_R)
  29.66  797.47 v _06185_/Y (AO21x1_ASAP7_75t_R)
  38.25  835.72 v _06191_/Y (AO21x1_ASAP7_75t_R)
  32.10  867.82 ^ _06192_/Y (NAND2x2_ASAP7_75t_R)
  33.65  901.47 v _10450_/CON (FAx1_ASAP7_75t_R)
  41.39  942.86 v rebuffer441/Y (BUFx3_ASAP7_75t_R)
  38.62  981.48 v _06358_/Y (OA21x2_ASAP7_75t_R)
  21.99 1003.47 ^ _06359_/Y (OAI21x1_ASAP7_75t_R)
  37.24 1040.72 ^ rebuffer429/Y (BUFx2_ASAP7_75t_R)
  31.10 1071.81 v _10454_/CON (FAx1_ASAP7_75t_R)
  44.12 1115.94 v _08204_/Y (XOR2x1_ASAP7_75t_R)
  22.02 1137.96 ^ _08205_/Y (INVx1_ASAP7_75t_R)
  17.15 1155.10 v _08206_/Y (OAI21x1_ASAP7_75t_R)
  21.27 1176.38 ^ _08208_/Y (AOI21x1_ASAP7_75t_R)
  34.72 1211.10 ^ rebuffer599/Y (BUFx6f_ASAP7_75t_R)
  14.29 1225.38 v _08267_/Y (AOI21x1_ASAP7_75t_R)
   0.00 1225.38 v _10831_/D (DFFLQNx2_ASAP7_75t_R)
        1225.38   data arrival time

  10.00   10.00   clock clk' (fall edge)
   0.00   10.00   clock network delay (ideal)
   0.00   10.00   clock reconvergence pessimism
          10.00 v _10831_/CLK (DFFLQNx2_ASAP7_75t_R)
 -19.57   -9.57   library setup time
          -9.57   data required time
---------------------------------------------------------
          -9.57   data required time
        -1225.38   data arrival time
---------------------------------------------------------
        -1234.95   slack (VIOLATED)


Startpoint: _10775_ (falling edge-triggered flip-flop clocked by clk')
Endpoint: _10813_ (falling edge-triggered flip-flop clocked by clk')
Path Group: clk
Path Type: max

  Delay    Time   Description
---------------------------------------------------------
   0.00    0.00   clock clk' (fall edge)
   0.00    0.00   clock network delay (ideal)
   0.00    0.00 v _10775_/CLK (DFFLQNx3_ASAP7_75t_R)
 151.64  151.64 v _10775_/QN (DFFLQNx3_ASAP7_75t_R)
  70.60  222.24 ^ _05584_/Y (NAND2x2_ASAP7_75t_R)
  51.20  273.44 v _05585_/Y (NOR2x2_ASAP7_75t_R)
  31.32  304.76 ^ _05586_/Y (INVx4_ASAP7_75t_R)
  22.28  327.04 v _05761_/Y (NOR2x2_ASAP7_75t_R)
  50.28  377.32 ^ _05881_/Y (AOI211x1_ASAP7_75t_R)
  25.27  402.58 v _05882_/Y (NAND2x1_ASAP7_75t_R)
  20.00  422.58 ^ _05883_/Y (NOR2x1_ASAP7_75t_R)
  20.99  443.57 v _05902_/Y (NAND2x1_ASAP7_75t_R)
  17.61  461.19 ^ _05937_/Y (NOR2x2_ASAP7_75t_R)
  31.40  492.58 v _05938_/Y (AOI21x1_ASAP7_75t_R)
  34.61  527.19 ^ _05999_/Y (AOI21x1_ASAP7_75t_R)
  31.36  558.55 v _06004_/Y (AOI21x1_ASAP7_75t_R)
  38.46  597.01 v rebuffer413/Y (BUFx3_ASAP7_75t_R)
  54.00  651.01 ^ _06037_/Y (OAI21x1_ASAP7_75t_R)
  49.87  700.88 ^ load_slew73/Y (BUFx16f_ASAP7_75t_R)
  25.25  726.13 ^ rebuffer944/Y (BUFx6f_ASAP7_75t_R)
  30.07  756.20 ^ clone472/Y (BUFx10_ASAP7_75t_R)
  11.61  767.81 v _06184_/Y (NAND2x1_ASAP7_75t_R)
  29.66  797.47 v _06185_/Y (AO21x1_ASAP7_75t_R)
  38.25  835.72 v _06191_/Y (AO21x1_ASAP7_75t_R)
  32.10  867.82 ^ _06192_/Y (NAND2x2_ASAP7_75t_R)
  33.65  901.47 v _10450_/CON (FAx1_ASAP7_75t_R)
  41.39  942.86 v rebuffer441/Y (BUFx3_ASAP7_75t_R)
  38.62  981.48 v _06358_/Y (OA21x2_ASAP7_75t_R)
  21.99 1003.47 ^ _06359_/Y (OAI21x1_ASAP7_75t_R)
  37.24 1040.72 ^ rebuffer429/Y (BUFx2_ASAP7_75t_R)
  31.10 1071.81 v _10454_/CON (FAx1_ASAP7_75t_R)
  44.12 1115.94 v _08204_/Y (XOR2x1_ASAP7_75t_R)
  22.02 1137.96 ^ _08205_/Y (INVx1_ASAP7_75t_R)
  17.15 1155.10 v _08206_/Y (OAI21x1_ASAP7_75t_R)
  21.27 1176.38 ^ _08208_/Y (AOI21x1_ASAP7_75t_R)
  34.72 1211.10 ^ rebuffer599/Y (BUFx6f_ASAP7_75t_R)
  14.29 1225.38 v _08210_/Y (AOI21x1_ASAP7_75t_R)
   0.00 1225.38 v _10813_/D (DFFLQNx2_ASAP7_75t_R)
        1225.38   data arrival time

  10.00   10.00   clock clk' (fall edge)
   0.00   10.00   clock network delay (ideal)
   0.00   10.00   clock reconvergence pessimism
          10.00 v _10813_/CLK (DFFLQNx2_ASAP7_75t_R)
 -17.99   -7.99   library setup time
          -7.99   data required time
---------------------------------------------------------
          -7.99   data required time
        -1225.38   data arrival time
---------------------------------------------------------
        -1233.37   slack (VIOLATED)


Startpoint: _10775_ (falling edge-triggered flip-flop clocked by clk')
Endpoint: _10847_ (falling edge-triggered flip-flop clocked by clk')
Path Group: clk
Path Type: max

  Delay    Time   Description
---------------------------------------------------------
   0.00    0.00   clock clk' (fall edge)
   0.00    0.00   clock network delay (ideal)
   0.00    0.00 v _10775_/CLK (DFFLQNx3_ASAP7_75t_R)
 151.64  151.64 v _10775_/QN (DFFLQNx3_ASAP7_75t_R)
  70.60  222.24 ^ _05584_/Y (NAND2x2_ASAP7_75t_R)
  51.20  273.44 v _05585_/Y (NOR2x2_ASAP7_75t_R)
  31.32  304.76 ^ _05586_/Y (INVx4_ASAP7_75t_R)
  22.28  327.04 v _05761_/Y (NOR2x2_ASAP7_75t_R)
  50.28  377.32 ^ _05881_/Y (AOI211x1_ASAP7_75t_R)
  25.27  402.58 v _05882_/Y (NAND2x1_ASAP7_75t_R)
  20.00  422.58 ^ _05883_/Y (NOR2x1_ASAP7_75t_R)
  20.99  443.57 v _05902_/Y (NAND2x1_ASAP7_75t_R)
  17.61  461.19 ^ _05937_/Y (NOR2x2_ASAP7_75t_R)
  31.40  492.58 v _05938_/Y (AOI21x1_ASAP7_75t_R)
  34.61  527.19 ^ _05999_/Y (AOI21x1_ASAP7_75t_R)
  31.36  558.55 v _06004_/Y (AOI21x1_ASAP7_75t_R)
  38.46  597.01 v rebuffer413/Y (BUFx3_ASAP7_75t_R)
  54.00  651.01 ^ _06037_/Y (OAI21x1_ASAP7_75t_R)
  49.87  700.88 ^ load_slew73/Y (BUFx16f_ASAP7_75t_R)
  25.25  726.13 ^ rebuffer944/Y (BUFx6f_ASAP7_75t_R)
  30.07  756.20 ^ clone472/Y (BUFx10_ASAP7_75t_R)
  11.61  767.81 v _06184_/Y (NAND2x1_ASAP7_75t_R)
  29.66  797.47 v _06185_/Y (AO21x1_ASAP7_75t_R)
  38.25  835.72 v _06191_/Y (AO21x1_ASAP7_75t_R)
  32.10  867.82 ^ _06192_/Y (NAND2x2_ASAP7_75t_R)
  33.65  901.47 v _10450_/CON (FAx1_ASAP7_75t_R)
  41.39  942.86 v rebuffer441/Y (BUFx3_ASAP7_75t_R)
  38.62  981.48 v _06358_/Y (OA21x2_ASAP7_75t_R)
  21.99 1003.47 ^ _06359_/Y (OAI21x1_ASAP7_75t_R)
  37.24 1040.72 ^ rebuffer429/Y (BUFx2_ASAP7_75t_R)
  31.10 1071.81 v _10454_/CON (FAx1_ASAP7_75t_R)
  44.12 1115.94 v _08204_/Y (XOR2x1_ASAP7_75t_R)
  22.02 1137.96 ^ _08205_/Y (INVx1_ASAP7_75t_R)
  17.15 1155.10 v _08206_/Y (OAI21x1_ASAP7_75t_R)
  21.27 1176.38 ^ _08208_/Y (AOI21x1_ASAP7_75t_R)
  34.72 1211.10 ^ rebuffer599/Y (BUFx6f_ASAP7_75t_R)
  14.29 1225.38 v _08306_/Y (AOI21x1_ASAP7_75t_R)
   0.00 1225.38 v _10847_/D (DFFLQNx2_ASAP7_75t_R)
        1225.38   data arrival time

  10.00   10.00   clock clk' (fall edge)
   0.00   10.00   clock network delay (ideal)
   0.00   10.00   clock reconvergence pessimism
          10.00 v _10847_/CLK (DFFLQNx2_ASAP7_75t_R)
 -17.99   -7.99   library setup time
          -7.99   data required time
---------------------------------------------------------
          -7.99   data required time
        -1225.38   data arrival time
---------------------------------------------------------
        -1233.37   slack (VIOLATED)


Startpoint: _10775_ (falling edge-triggered flip-flop clocked by clk')
Endpoint: _10856_ (falling edge-triggered flip-flop clocked by clk')
Path Group: clk
Path Type: max

  Delay    Time   Description
---------------------------------------------------------
   0.00    0.00   clock clk' (fall edge)
   0.00    0.00   clock network delay (ideal)
   0.00    0.00 v _10775_/CLK (DFFLQNx3_ASAP7_75t_R)
 151.64  151.64 v _10775_/QN (DFFLQNx3_ASAP7_75t_R)
  70.60  222.24 ^ _05584_/Y (NAND2x2_ASAP7_75t_R)
  51.20  273.44 v _05585_/Y (NOR2x2_ASAP7_75t_R)
  31.32  304.76 ^ _05586_/Y (INVx4_ASAP7_75t_R)
  22.28  327.04 v _05761_/Y (NOR2x2_ASAP7_75t_R)
  50.28  377.32 ^ _05881_/Y (AOI211x1_ASAP7_75t_R)
  25.27  402.58 v _05882_/Y (NAND2x1_ASAP7_75t_R)
  20.00  422.58 ^ _05883_/Y (NOR2x1_ASAP7_75t_R)
  20.99  443.57 v _05902_/Y (NAND2x1_ASAP7_75t_R)
  17.61  461.19 ^ _05937_/Y (NOR2x2_ASAP7_75t_R)
  31.40  492.58 v _05938_/Y (AOI21x1_ASAP7_75t_R)
  34.61  527.19 ^ _05999_/Y (AOI21x1_ASAP7_75t_R)
  31.36  558.55 v _06004_/Y (AOI21x1_ASAP7_75t_R)
  38.46  597.01 v rebuffer413/Y (BUFx3_ASAP7_75t_R)
  54.00  651.01 ^ _06037_/Y (OAI21x1_ASAP7_75t_R)
  49.87  700.88 ^ load_slew73/Y (BUFx16f_ASAP7_75t_R)
  25.25  726.13 ^ rebuffer944/Y (BUFx6f_ASAP7_75t_R)
  30.07  756.20 ^ clone472/Y (BUFx10_ASAP7_75t_R)
  11.61  767.81 v _06184_/Y (NAND2x1_ASAP7_75t_R)
  29.66  797.47 v _06185_/Y (AO21x1_ASAP7_75t_R)
  38.25  835.72 v _06191_/Y (AO21x1_ASAP7_75t_R)
  32.10  867.82 ^ _06192_/Y (NAND2x2_ASAP7_75t_R)
  33.65  901.47 v _10450_/CON (FAx1_ASAP7_75t_R)
  41.39  942.86 v rebuffer441/Y (BUFx3_ASAP7_75t_R)
  38.62  981.48 v _06358_/Y (OA21x2_ASAP7_75t_R)
  21.99 1003.47 ^ _06359_/Y (OAI21x1_ASAP7_75t_R)
  37.24 1040.72 ^ rebuffer429/Y (BUFx2_ASAP7_75t_R)
  31.10 1071.81 v _10454_/CON (FAx1_ASAP7_75t_R)
  44.12 1115.94 v _08204_/Y (XOR2x1_ASAP7_75t_R)
  22.02 1137.96 ^ _08205_/Y (INVx1_ASAP7_75t_R)
  17.15 1155.10 v _08206_/Y (OAI21x1_ASAP7_75t_R)
  21.27 1176.38 ^ _08208_/Y (AOI21x1_ASAP7_75t_R)
  34.72 1211.10 ^ rebuffer599/Y (BUFx6f_ASAP7_75t_R)
  14.29 1225.38 v _08330_/Y (AOI21x1_ASAP7_75t_R)
   0.00 1225.38 v _10856_/D (DFFLQNx2_ASAP7_75t_R)
        1225.38   data arrival time

  10.00   10.00   clock clk' (fall edge)
   0.00   10.00   clock network delay (ideal)
   0.00   10.00   clock reconvergence pessimism
          10.00 v _10856_/CLK (DFFLQNx2_ASAP7_75t_R)
 -17.99   -7.99   library setup time
          -7.99   data required time
---------------------------------------------------------
          -7.99   data required time
        -1225.38   data arrival time
---------------------------------------------------------
        -1233.37   slack (VIOLATED)


Startpoint: _10775_ (falling edge-triggered flip-flop clocked by clk')
Endpoint: _10880_ (falling edge-triggered flip-flop clocked by clk')
Path Group: clk
Path Type: max

  Delay    Time   Description
---------------------------------------------------------
   0.00    0.00   clock clk' (fall edge)
   0.00    0.00   clock network delay (ideal)
   0.00    0.00 v _10775_/CLK (DFFLQNx3_ASAP7_75t_R)
 151.64  151.64 v _10775_/QN (DFFLQNx3_ASAP7_75t_R)
  70.60  222.24 ^ _05584_/Y (NAND2x2_ASAP7_75t_R)
  51.20  273.44 v _05585_/Y (NOR2x2_ASAP7_75t_R)
  31.32  304.76 ^ _05586_/Y (INVx4_ASAP7_75t_R)
  22.28  327.04 v _05761_/Y (NOR2x2_ASAP7_75t_R)
  50.28  377.32 ^ _05881_/Y (AOI211x1_ASAP7_75t_R)
  25.27  402.58 v _05882_/Y (NAND2x1_ASAP7_75t_R)
  20.00  422.58 ^ _05883_/Y (NOR2x1_ASAP7_75t_R)
  20.99  443.57 v _05902_/Y (NAND2x1_ASAP7_75t_R)
  17.61  461.19 ^ _05937_/Y (NOR2x2_ASAP7_75t_R)
  31.40  492.58 v _05938_/Y (AOI21x1_ASAP7_75t_R)
  34.61  527.19 ^ _05999_/Y (AOI21x1_ASAP7_75t_R)
  31.36  558.55 v _06004_/Y (AOI21x1_ASAP7_75t_R)
  38.46  597.01 v rebuffer413/Y (BUFx3_ASAP7_75t_R)
  54.00  651.01 ^ _06037_/Y (OAI21x1_ASAP7_75t_R)
  49.87  700.88 ^ load_slew73/Y (BUFx16f_ASAP7_75t_R)
  25.25  726.13 ^ rebuffer944/Y (BUFx6f_ASAP7_75t_R)
  30.07  756.20 ^ clone472/Y (BUFx10_ASAP7_75t_R)
  11.61  767.81 v _06184_/Y (NAND2x1_ASAP7_75t_R)
  29.66  797.47 v _06185_/Y (AO21x1_ASAP7_75t_R)
  38.25  835.72 v _06191_/Y (AO21x1_ASAP7_75t_R)
  32.10  867.82 ^ _06192_/Y (NAND2x2_ASAP7_75t_R)
  33.65  901.47 v _10450_/CON (FAx1_ASAP7_75t_R)
  41.39  942.86 v rebuffer441/Y (BUFx3_ASAP7_75t_R)
  38.62  981.48 v _06358_/Y (OA21x2_ASAP7_75t_R)
  21.99 1003.47 ^ _06359_/Y (OAI21x1_ASAP7_75t_R)
  37.24 1040.72 ^ rebuffer429/Y (BUFx2_ASAP7_75t_R)
  31.10 1071.81 v _10454_/CON (FAx1_ASAP7_75t_R)
  44.12 1115.94 v _08204_/Y (XOR2x1_ASAP7_75t_R)
  22.02 1137.96 ^ _08205_/Y (INVx1_ASAP7_75t_R)
  17.15 1155.10 v _08206_/Y (OAI21x1_ASAP7_75t_R)
  21.27 1176.38 ^ _08208_/Y (AOI21x1_ASAP7_75t_R)
  34.72 1211.10 ^ rebuffer599/Y (BUFx6f_ASAP7_75t_R)
  14.29 1225.38 v _08387_/Y (AOI21x1_ASAP7_75t_R)
   0.00 1225.38 v _10880_/D (DFFLQNx2_ASAP7_75t_R)
        1225.38   data arrival time

  10.00   10.00   clock clk' (fall edge)
   0.00   10.00   clock network delay (ideal)
   0.00   10.00   clock reconvergence pessimism
          10.00 v _10880_/CLK (DFFLQNx2_ASAP7_75t_R)
 -17.99   -7.99   library setup time
          -7.99   data required time
---------------------------------------------------------
          -7.99   data required time
        -1225.38   data arrival time
---------------------------------------------------------
        -1233.37   slack (VIOLATED)


Startpoint: _10775_ (falling edge-triggered flip-flop clocked by clk')
Endpoint: _10845_ (falling edge-triggered flip-flop clocked by clk')
Path Group: clk
Path Type: max

  Delay    Time   Description
---------------------------------------------------------
   0.00    0.00   clock clk' (fall edge)
   0.00    0.00   clock network delay (ideal)
   0.00    0.00 v _10775_/CLK (DFFLQNx3_ASAP7_75t_R)
 151.64  151.64 v _10775_/QN (DFFLQNx3_ASAP7_75t_R)
  70.15  221.79 ^ _05526_/Y (NOR2x2_ASAP7_75t_R)
  48.05  269.85 v _05529_/Y (NAND2x2_ASAP7_75t_R)
  61.79  331.64 ^ _05888_/Y (OAI22x1_ASAP7_75t_R)
  33.46  365.09 v _05889_/Y (NOR2x2_ASAP7_75t_R)
  26.60  391.69 ^ _05890_/Y (NAND2x1_ASAP7_75t_R)
  18.80  410.50 v _05901_/Y (NOR2x1_ASAP7_75t_R)
  28.35  438.85 ^ _05902_/Y (NAND2x1_ASAP7_75t_R)
  20.22  459.07 v _05937_/Y (NOR2x2_ASAP7_75t_R)
  42.43  501.50 ^ _05938_/Y (AOI21x1_ASAP7_75t_R)
  38.24  539.74 v _05999_/Y (AOI21x1_ASAP7_75t_R)
  39.72  579.46 ^ _06004_/Y (AOI21x1_ASAP7_75t_R)
  37.75  617.21 ^ rebuffer413/Y (BUFx3_ASAP7_75t_R)
  38.49  655.70 v _06037_/Y (OAI21x1_ASAP7_75t_R)
  47.59  703.30 v load_slew73/Y (BUFx16f_ASAP7_75t_R)
  27.43  730.73 v rebuffer944/Y (BUFx6f_ASAP7_75t_R)
  34.28  765.01 v clone472/Y (BUFx10_ASAP7_75t_R)
  14.86  779.87 ^ _06189_/Y (NAND2x1_ASAP7_75t_R)
  28.52  808.39 ^ _06190_/Y (AO21x1_ASAP7_75t_R)
  35.11  843.49 ^ _06191_/Y (AO21x1_ASAP7_75t_R)
  24.55  868.04 v _06192_/Y (NAND2x2_ASAP7_75t_R)
  36.64  904.68 ^ _10450_/CON (FAx1_ASAP7_75t_R)
  43.65  948.34 ^ rebuffer441/Y (BUFx3_ASAP7_75t_R)
  29.04  977.38 ^ rebuffer442/Y (BUFx2_ASAP7_75t_R)
  13.74  991.12 v _06357_/Y (INVx1_ASAP7_75t_R)
  39.92 1031.05 ^ _10452_/CON (FAx1_ASAP7_75t_R)
  47.75 1078.79 ^ _08190_/Y (XNOR2x1_ASAP7_75t_R)
  35.46 1114.25 ^ _08191_/Y (OA21x2_ASAP7_75t_R)
  56.64 1170.89 ^ _08193_/Y (OA22x2_ASAP7_75t_R)
  19.38 1190.27 v _08302_/Y (OAI21x1_ASAP7_75t_R)
   0.00 1190.27 v _10845_/D (DFFLQNx2_ASAP7_75t_R)
        1190.27   data arrival time

  10.00   10.00   clock clk' (fall edge)
   0.00   10.00   clock network delay (ideal)
   0.00   10.00   clock reconvergence pessimism
          10.00 v _10845_/CLK (DFFLQNx2_ASAP7_75t_R)
 -18.71   -8.71   library setup time
          -8.71   data required time
---------------------------------------------------------
          -8.71   data required time
        -1190.27   data arrival time
---------------------------------------------------------
        -1198.98   slack (VIOLATED)


Startpoint: _10775_ (falling edge-triggered flip-flop clocked by clk')
Endpoint: _10767_ (falling edge-triggered flip-flop clocked by clk')
Path Group: clk
Path Type: max

  Delay    Time   Description
---------------------------------------------------------
   0.00    0.00   clock clk' (fall edge)
   0.00    0.00   clock network delay (ideal)
   0.00    0.00 v _10775_/CLK (DFFLQNx3_ASAP7_75t_R)
 151.64  151.64 v _10775_/QN (DFFLQNx3_ASAP7_75t_R)
  70.60  222.24 ^ _05584_/Y (NAND2x2_ASAP7_75t_R)
  51.20  273.44 v _05585_/Y (NOR2x2_ASAP7_75t_R)
  31.32  304.76 ^ _05586_/Y (INVx4_ASAP7_75t_R)
  22.28  327.04 v _05761_/Y (NOR2x2_ASAP7_75t_R)
  50.28  377.32 ^ _05881_/Y (AOI211x1_ASAP7_75t_R)
  25.27  402.58 v _05882_/Y (NAND2x1_ASAP7_75t_R)
  20.00  422.58 ^ _05883_/Y (NOR2x1_ASAP7_75t_R)
  20.99  443.57 v _05902_/Y (NAND2x1_ASAP7_75t_R)
  17.61  461.19 ^ _05937_/Y (NOR2x2_ASAP7_75t_R)
  26.63  487.82 ^ _06304_/Y (AO21x1_ASAP7_75t_R)
  65.79  553.60 ^ _06306_/Y (OA22x2_ASAP7_75t_R)
  29.94  583.54 v _06308_/Y (CKINVDCx16_ASAP7_75t_R)
  25.85  609.39 ^ _06508_/Y (NOR2x2_ASAP7_75t_R)
  32.13  641.52 ^ rebuffer542/Y (BUFx2_ASAP7_75t_R)
  30.34  671.86 ^ _06509_/Y (AO21x1_ASAP7_75t_R)
  17.82  689.68 v _07026_/Y (INVx1_ASAP7_75t_R)
  40.77  730.45 v _10531_/SN (HAxp5_ASAP7_75t_R)
  38.63  769.08 v _06554_/Y (OA21x2_ASAP7_75t_R)
  16.76  785.84 ^ _06555_/Y (OAI21x1_ASAP7_75t_R)
  24.06  809.90 v _06556_/Y (INVx1_ASAP7_75t_R)
  38.36  848.26 v _06598_/Y (OA21x2_ASAP7_75t_R)
  41.13  889.39 v _06599_/Y (OA21x2_ASAP7_75t_R)
  38.38  927.77 v _06890_/Y (OA21x2_ASAP7_75t_R)
  29.73  957.50 ^ _06891_/Y (OAI21x1_ASAP7_75t_R)
  40.53  998.03 v _10467_/CON (FAx1_ASAP7_75t_R)
  46.90 1044.93 v _09791_/Y (XOR2x1_ASAP7_75t_R)
  37.38 1082.31 v _10161_/Y (AO21x1_ASAP7_75t_R)
  31.52 1113.83 v _10162_/Y (AO21x1_ASAP7_75t_R)
  31.24 1145.07 v _10163_/Y (AO21x1_ASAP7_75t_R)
  38.37 1183.44 v _10165_/Y (AO22x1_ASAP7_75t_R)
   0.00 1183.44 v _10767_/D (DFFLQNx2_ASAP7_75t_R)
        1183.44   data arrival time

  10.00   10.00   clock clk' (fall edge)
   0.00   10.00   clock network delay (ideal)
   0.00   10.00   clock reconvergence pessimism
          10.00 v _10767_/CLK (DFFLQNx2_ASAP7_75t_R)
 -18.59   -8.59   library setup time
          -8.59   data required time
---------------------------------------------------------
          -8.59   data required time
        -1183.44   data arrival time
---------------------------------------------------------
        -1192.04   slack (VIOLATED)


Startpoint: _10775_ (falling edge-triggered flip-flop clocked by clk')
Endpoint: _10734_ (falling edge-triggered flip-flop clocked by clk')
Path Group: clk
Path Type: max

  Delay    Time   Description
---------------------------------------------------------
   0.00    0.00   clock clk' (fall edge)
   0.00    0.00   clock network delay (ideal)
   0.00    0.00 v _10775_/CLK (DFFLQNx3_ASAP7_75t_R)
 151.64  151.64 v _10775_/QN (DFFLQNx3_ASAP7_75t_R)
  70.60  222.24 ^ _05584_/Y (NAND2x2_ASAP7_75t_R)
  51.20  273.44 v _05585_/Y (NOR2x2_ASAP7_75t_R)
  31.32  304.76 ^ _05586_/Y (INVx4_ASAP7_75t_R)
  22.28  327.04 v _05761_/Y (NOR2x2_ASAP7_75t_R)
  50.28  377.32 ^ _05881_/Y (AOI211x1_ASAP7_75t_R)
  25.27  402.58 v _05882_/Y (NAND2x1_ASAP7_75t_R)
  20.00  422.58 ^ _05883_/Y (NOR2x1_ASAP7_75t_R)
  20.99  443.57 v _05902_/Y (NAND2x1_ASAP7_75t_R)
  17.61  461.19 ^ _05937_/Y (NOR2x2_ASAP7_75t_R)
  26.63  487.82 ^ _06304_/Y (AO21x1_ASAP7_75t_R)
  65.79  553.60 ^ _06306_/Y (OA22x2_ASAP7_75t_R)
  29.94  583.54 v _06308_/Y (CKINVDCx16_ASAP7_75t_R)
  25.85  609.39 ^ _06508_/Y (NOR2x2_ASAP7_75t_R)
  32.13  641.52 ^ rebuffer542/Y (BUFx2_ASAP7_75t_R)
  30.34  671.86 ^ _06509_/Y (AO21x1_ASAP7_75t_R)
  17.82  689.68 v _07026_/Y (INVx1_ASAP7_75t_R)
  40.77  730.45 v _10531_/SN (HAxp5_ASAP7_75t_R)
  38.63  769.08 v _06554_/Y (OA21x2_ASAP7_75t_R)
  16.76  785.84 ^ _06555_/Y (OAI21x1_ASAP7_75t_R)
  24.06  809.90 v _06556_/Y (INVx1_ASAP7_75t_R)
  38.36  848.26 v _06598_/Y (OA21x2_ASAP7_75t_R)
  41.13  889.39 v _06599_/Y (OA21x2_ASAP7_75t_R)
  38.38  927.77 v _06890_/Y (OA21x2_ASAP7_75t_R)
  29.73  957.50 ^ _06891_/Y (OAI21x1_ASAP7_75t_R)
  40.53  998.03 v _10467_/CON (FAx1_ASAP7_75t_R)
  46.90 1044.93 v _09791_/Y (XOR2x1_ASAP7_75t_R)
  17.51 1062.44 ^ _09792_/Y (INVx1_ASAP7_75t_R)
  31.04 1093.48 ^ _09793_/Y (AO21x1_ASAP7_75t_R)
  19.10 1112.58 v _09795_/Y (OAI22x1_ASAP7_75t_R)
  16.33 1128.91 ^ _09796_/Y (NAND2x1_ASAP7_75t_R)
  40.06 1168.98 ^ _09797_/Y (AO221x1_ASAP7_75t_R)
  13.38 1182.36 v _09798_/Y (NAND2x1_ASAP7_75t_R)
   0.00 1182.36 v _10734_/D (DFFLQNx2_ASAP7_75t_R)
        1182.36   data arrival time

  10.00   10.00   clock clk' (fall edge)
   0.00   10.00   clock network delay (ideal)
   0.00   10.00   clock reconvergence pessimism
          10.00 v _10734_/CLK (DFFLQNx2_ASAP7_75t_R)
 -17.35   -7.35   library setup time
          -7.35   data required time
---------------------------------------------------------
          -7.35   data required time
        -1182.36   data arrival time
---------------------------------------------------------
        -1189.71   slack (VIOLATED)


Startpoint: _10775_ (falling edge-triggered flip-flop clocked by clk')
Endpoint: _10766_ (falling edge-triggered flip-flop clocked by clk')
Path Group: clk
Path Type: max

  Delay    Time   Description
---------------------------------------------------------
   0.00    0.00   clock clk' (fall edge)
   0.00    0.00   clock network delay (ideal)
   0.00    0.00 v _10775_/CLK (DFFLQNx3_ASAP7_75t_R)
 151.64  151.64 v _10775_/QN (DFFLQNx3_ASAP7_75t_R)
  70.60  222.24 ^ _05584_/Y (NAND2x2_ASAP7_75t_R)
  51.20  273.44 v _05585_/Y (NOR2x2_ASAP7_75t_R)
  31.32  304.76 ^ _05586_/Y (INVx4_ASAP7_75t_R)
  22.28  327.04 v _05761_/Y (NOR2x2_ASAP7_75t_R)
  50.28  377.32 ^ _05881_/Y (AOI211x1_ASAP7_75t_R)
  25.27  402.58 v _05882_/Y (NAND2x1_ASAP7_75t_R)
  20.00  422.58 ^ _05883_/Y (NOR2x1_ASAP7_75t_R)
  20.99  443.57 v _05902_/Y (NAND2x1_ASAP7_75t_R)
  17.61  461.19 ^ _05937_/Y (NOR2x2_ASAP7_75t_R)
  26.63  487.82 ^ _06304_/Y (AO21x1_ASAP7_75t_R)
  65.79  553.60 ^ _06306_/Y (OA22x2_ASAP7_75t_R)
  29.94  583.54 v _06308_/Y (CKINVDCx16_ASAP7_75t_R)
  25.85  609.39 ^ _06508_/Y (NOR2x2_ASAP7_75t_R)
  32.13  641.52 ^ rebuffer542/Y (BUFx2_ASAP7_75t_R)
  30.34  671.86 ^ _06509_/Y (AO21x1_ASAP7_75t_R)
  17.82  689.68 v _07026_/Y (INVx1_ASAP7_75t_R)
  40.77  730.45 v _10531_/SN (HAxp5_ASAP7_75t_R)
  38.63  769.08 v _06554_/Y (OA21x2_ASAP7_75t_R)
  16.76  785.84 ^ _06555_/Y (OAI21x1_ASAP7_75t_R)
  24.06  809.90 v _06556_/Y (INVx1_ASAP7_75t_R)
  38.36  848.26 v _06598_/Y (OA21x2_ASAP7_75t_R)
  41.13  889.39 v _06599_/Y (OA21x2_ASAP7_75t_R)
  38.38  927.77 v _06890_/Y (OA21x2_ASAP7_75t_R)
  29.73  957.50 ^ _06891_/Y (OAI21x1_ASAP7_75t_R)
  80.00 1037.50 v _10467_/SN (FAx1_ASAP7_75t_R)
  41.04 1078.55 v _10146_/Y (AO21x1_ASAP7_75t_R)
  31.52 1110.07 v _10155_/Y (AO21x1_ASAP7_75t_R)
  31.24 1141.31 v _10156_/Y (AO21x1_ASAP7_75t_R)
  38.37 1179.68 v _10159_/Y (AO22x1_ASAP7_75t_R)
   0.00 1179.68 v _10766_/D (DFFLQNx2_ASAP7_75t_R)
        1179.68   data arrival time

  10.00   10.00   clock clk' (fall edge)
   0.00   10.00   clock network delay (ideal)
   0.00   10.00   clock reconvergence pessimism
          10.00 v _10766_/CLK (DFFLQNx2_ASAP7_75t_R)
 -18.59   -8.59   library setup time
          -8.59   data required time
---------------------------------------------------------
          -8.59   data required time
        -1179.68   data arrival time
---------------------------------------------------------
        -1188.27   slack (VIOLATED)


Startpoint: _10775_ (falling edge-triggered flip-flop clocked by clk')
Endpoint: _10733_ (falling edge-triggered flip-flop clocked by clk')
Path Group: clk
Path Type: max

  Delay    Time   Description
---------------------------------------------------------
   0.00    0.00   clock clk' (fall edge)
   0.00    0.00   clock network delay (ideal)
   0.00    0.00 v _10775_/CLK (DFFLQNx3_ASAP7_75t_R)
 151.64  151.64 v _10775_/QN (DFFLQNx3_ASAP7_75t_R)
  70.60  222.24 ^ _05584_/Y (NAND2x2_ASAP7_75t_R)
  51.20  273.44 v _05585_/Y (NOR2x2_ASAP7_75t_R)
  31.32  304.76 ^ _05586_/Y (INVx4_ASAP7_75t_R)
  22.28  327.04 v _05761_/Y (NOR2x2_ASAP7_75t_R)
  50.28  377.32 ^ _05881_/Y (AOI211x1_ASAP7_75t_R)
  25.27  402.58 v _05882_/Y (NAND2x1_ASAP7_75t_R)
  20.00  422.58 ^ _05883_/Y (NOR2x1_ASAP7_75t_R)
  20.99  443.57 v _05902_/Y (NAND2x1_ASAP7_75t_R)
  17.61  461.19 ^ _05937_/Y (NOR2x2_ASAP7_75t_R)
  26.63  487.82 ^ _06304_/Y (AO21x1_ASAP7_75t_R)
  65.79  553.60 ^ _06306_/Y (OA22x2_ASAP7_75t_R)
  29.94  583.54 v _06308_/Y (CKINVDCx16_ASAP7_75t_R)
  25.85  609.39 ^ _06508_/Y (NOR2x2_ASAP7_75t_R)
  32.13  641.52 ^ rebuffer542/Y (BUFx2_ASAP7_75t_R)
  30.34  671.86 ^ _06509_/Y (AO21x1_ASAP7_75t_R)
  17.82  689.68 v _07026_/Y (INVx1_ASAP7_75t_R)
  40.77  730.45 v _10531_/SN (HAxp5_ASAP7_75t_R)
  38.63  769.08 v _06554_/Y (OA21x2_ASAP7_75t_R)
  16.76  785.84 ^ _06555_/Y (OAI21x1_ASAP7_75t_R)
  24.06  809.90 v _06556_/Y (INVx1_ASAP7_75t_R)
  38.36  848.26 v _06598_/Y (OA21x2_ASAP7_75t_R)
  41.13  889.39 v _06599_/Y (OA21x2_ASAP7_75t_R)
  38.38  927.77 v _06890_/Y (OA21x2_ASAP7_75t_R)
  29.73  957.50 ^ _06891_/Y (OAI21x1_ASAP7_75t_R)
  80.00 1037.50 v _10467_/SN (FAx1_ASAP7_75t_R)
  40.11 1077.61 v rebuffer783/Y (BUFx2_ASAP7_75t_R)
  31.33 1108.95 v _09784_/Y (AO21x1_ASAP7_75t_R)
  16.48 1125.43 ^ _09786_/Y (OAI21x1_ASAP7_75t_R)
  39.42 1164.85 ^ _09787_/Y (AO221x1_ASAP7_75t_R)
  13.38 1178.23 v _09788_/Y (NAND2x1_ASAP7_75t_R)
   0.00 1178.23 v _10733_/D (DFFLQNx2_ASAP7_75t_R)
        1178.23   data arrival time

  10.00   10.00   clock clk' (fall edge)
   0.00   10.00   clock network delay (ideal)
   0.00   10.00   clock reconvergence pessimism
          10.00 v _10733_/CLK (DFFLQNx2_ASAP7_75t_R)
 -17.35   -7.35   library setup time
          -7.35   data required time
---------------------------------------------------------
          -7.35   data required time
        -1178.23   data arrival time
---------------------------------------------------------
        -1185.58   slack (VIOLATED)


Startpoint: _10775_ (falling edge-triggered flip-flop clocked by clk')
Endpoint: _10756_ (falling edge-triggered flip-flop clocked by clk')
Path Group: clk
Path Type: max

  Delay    Time   Description
---------------------------------------------------------
   0.00    0.00   clock clk' (fall edge)
   0.00    0.00   clock network delay (ideal)
   0.00    0.00 v _10775_/CLK (DFFLQNx3_ASAP7_75t_R)
 151.64  151.64 v _10775_/QN (DFFLQNx3_ASAP7_75t_R)
  70.60  222.24 ^ _05584_/Y (NAND2x2_ASAP7_75t_R)
  36.77  259.01 v _05618_/Y (INVx4_ASAP7_75t_R)
  38.62  297.63 ^ _05621_/Y (NAND2x2_ASAP7_75t_R)
  38.19  335.82 ^ rebuffer1058/Y (BUFx3_ASAP7_75t_R)
  19.75  355.57 v _05622_/Y (NOR2x2_ASAP7_75t_R)
  26.02  381.59 ^ _06631_/Y (NAND2x1_ASAP7_75t_R)
  25.59  407.18 v _06632_/Y (AOI21x1_ASAP7_75t_R)
  45.72  452.90 v _06633_/Y (AND2x6_ASAP7_75t_R)
  23.69  476.59 ^ _06635_/Y (NOR2x2_ASAP7_75t_R)
  16.39  492.98 v _06958_/Y (INVx2_ASAP7_75t_R)
  27.17  520.15 v _07094_/Y (OA21x2_ASAP7_75t_R)
  66.42  586.57 v _10546_/SN (HAxp5_ASAP7_75t_R)
  46.54  633.11 v _06646_/Y (OA21x2_ASAP7_75t_R)
  39.66  672.77 v _06647_/Y (OR3x1_ASAP7_75t_R)
  54.99  727.76 v _06648_/Y (OA211x2_ASAP7_75t_R)
  17.02  744.78 ^ _06649_/Y (OAI21x1_ASAP7_75t_R)
  23.70  768.48 v _06656_/Y (AOI21x1_ASAP7_75t_R)
  43.34  811.82 v _06660_/Y (OR3x1_ASAP7_75t_R)
  58.58  870.40 v _06661_/Y (OA211x2_ASAP7_75t_R)
  42.44  912.84 v _06666_/Y (OR3x1_ASAP7_75t_R)
  56.06  968.89 v _06667_/Y (OA211x2_ASAP7_75t_R)
  42.25 1011.14 ^ _10474_/CON (FAx1_ASAP7_75t_R)
  46.62 1057.76 ^ _10045_/Y (XNOR2x1_ASAP7_75t_R)
  35.32 1093.09 ^ _10046_/Y (XOR2x1_ASAP7_75t_R)
  30.88 1123.97 ^ _10051_/Y (AO21x1_ASAP7_75t_R)
  13.63 1137.60 v _10053_/Y (AOI21x1_ASAP7_75t_R)
   0.00 1137.60 v _10756_/D (DFFLQNx2_ASAP7_75t_R)
        1137.60   data arrival time

  10.00   10.00   clock clk' (fall edge)
   0.00   10.00   clock network delay (ideal)
   0.00   10.00   clock reconvergence pessimism
          10.00 v _10756_/CLK (DFFLQNx2_ASAP7_75t_R)
 -20.20  -10.20   library setup time
         -10.20   data required time
---------------------------------------------------------
         -10.20   data required time
        -1137.60   data arrival time
---------------------------------------------------------
        -1147.79   slack (VIOLATED)


Startpoint: _10775_ (falling edge-triggered flip-flop clocked by clk')
Endpoint: _10755_ (falling edge-triggered flip-flop clocked by clk')
Path Group: clk
Path Type: max

  Delay    Time   Description
---------------------------------------------------------
   0.00    0.00   clock clk' (fall edge)
   0.00    0.00   clock network delay (ideal)
   0.00    0.00 v _10775_/CLK (DFFLQNx3_ASAP7_75t_R)
 151.64  151.64 v _10775_/QN (DFFLQNx3_ASAP7_75t_R)
  70.60  222.24 ^ _05584_/Y (NAND2x2_ASAP7_75t_R)
  36.77  259.01 v _05618_/Y (INVx4_ASAP7_75t_R)
  38.62  297.63 ^ _05621_/Y (NAND2x2_ASAP7_75t_R)
  38.19  335.82 ^ rebuffer1058/Y (BUFx3_ASAP7_75t_R)
  19.75  355.57 v _05622_/Y (NOR2x2_ASAP7_75t_R)
  26.02  381.59 ^ _06631_/Y (NAND2x1_ASAP7_75t_R)
  25.59  407.18 v _06632_/Y (AOI21x1_ASAP7_75t_R)
  45.72  452.90 v _06633_/Y (AND2x6_ASAP7_75t_R)
  23.69  476.59 ^ _06635_/Y (NOR2x2_ASAP7_75t_R)
  16.39  492.98 v _06958_/Y (INVx2_ASAP7_75t_R)
  27.17  520.15 v _07094_/Y (OA21x2_ASAP7_75t_R)
  66.42  586.57 v _10546_/SN (HAxp5_ASAP7_75t_R)
  46.54  633.11 v _06646_/Y (OA21x2_ASAP7_75t_R)
  39.66  672.77 v _06647_/Y (OR3x1_ASAP7_75t_R)
  54.99  727.76 v _06648_/Y (OA211x2_ASAP7_75t_R)
  17.02  744.78 ^ _06649_/Y (OAI21x1_ASAP7_75t_R)
  23.70  768.48 v _06656_/Y (AOI21x1_ASAP7_75t_R)
  43.34  811.82 v _06660_/Y (OR3x1_ASAP7_75t_R)
  58.58  870.40 v _06661_/Y (OA211x2_ASAP7_75t_R)
  42.44  912.84 v _06666_/Y (OR3x1_ASAP7_75t_R)
  56.06  968.89 v _06667_/Y (OA211x2_ASAP7_75t_R)
  42.25 1011.14 ^ _10474_/CON (FAx1_ASAP7_75t_R)
  29.00 1040.14 v _10474_/SN (FAx1_ASAP7_75t_R)
  36.80 1076.94 v _10042_/Y (AO21x1_ASAP7_75t_R)
  53.08 1130.02 v _10043_/Y (OA211x2_ASAP7_75t_R)
  15.58 1145.60 ^ _10044_/Y (NOR2x1_ASAP7_75t_R)
   0.00 1145.60 ^ _10755_/D (DFFLQNx2_ASAP7_75t_R)
        1145.60   data arrival time

  10.00   10.00   clock clk' (fall edge)
   0.00   10.00   clock network delay (ideal)
   0.00   10.00   clock reconvergence pessimism
          10.00 v _10755_/CLK (DFFLQNx2_ASAP7_75t_R)
  -4.62    5.38   library setup time
           5.38   data required time
---------------------------------------------------------
           5.38   data required time
        -1145.60   data arrival time
---------------------------------------------------------
        -1140.23   slack (VIOLATED)


Startpoint: _10775_ (falling edge-triggered flip-flop clocked by clk')
Endpoint: _10765_ (falling edge-triggered flip-flop clocked by clk')
Path Group: clk
Path Type: max

  Delay    Time   Description
---------------------------------------------------------
   0.00    0.00   clock clk' (fall edge)
   0.00    0.00   clock network delay (ideal)
   0.00    0.00 v _10775_/CLK (DFFLQNx3_ASAP7_75t_R)
 151.64  151.64 v _10775_/QN (DFFLQNx3_ASAP7_75t_R)
  70.15  221.79 ^ _05526_/Y (NOR2x2_ASAP7_75t_R)
  48.05  269.85 v _05529_/Y (NAND2x2_ASAP7_75t_R)
  61.79  331.64 ^ _05888_/Y (OAI22x1_ASAP7_75t_R)
  33.46  365.09 v _05889_/Y (NOR2x2_ASAP7_75t_R)
  26.60  391.69 ^ _05890_/Y (NAND2x1_ASAP7_75t_R)
  18.80  410.50 v _05901_/Y (NOR2x1_ASAP7_75t_R)
  28.35  438.85 ^ _05902_/Y (NAND2x1_ASAP7_75t_R)
  20.22  459.07 v _05937_/Y (NOR2x2_ASAP7_75t_R)
  32.60  491.68 v _06304_/Y (AO21x1_ASAP7_75t_R)
  68.71  560.39 v _06306_/Y (OA22x2_ASAP7_75t_R)
  29.06  589.45 ^ _06308_/Y (CKINVDCx16_ASAP7_75t_R)
  25.14  614.59 v _06508_/Y (NOR2x2_ASAP7_75t_R)
  35.44  650.03 v rebuffer542/Y (BUFx2_ASAP7_75t_R)
  40.37  690.40 v _06509_/Y (AO21x1_ASAP7_75t_R)
  17.76  708.16 ^ _07026_/Y (INVx1_ASAP7_75t_R)
  19.96  728.12 v _10531_/CON (HAxp5_ASAP7_75t_R)
  17.23  745.35 ^ _10531_/SN (HAxp5_ASAP7_75t_R)
  36.20  781.55 ^ _06554_/Y (OA21x2_ASAP7_75t_R)
  13.14  794.69 v _06555_/Y (OAI21x1_ASAP7_75t_R)
  25.57  820.26 ^ _06556_/Y (INVx1_ASAP7_75t_R)
  36.82  857.08 ^ _06598_/Y (OA21x2_ASAP7_75t_R)
  35.87  892.95 ^ _06599_/Y (OA21x2_ASAP7_75t_R)
  28.41  921.36 v _10466_/CON (FAx1_ASAP7_75t_R)
  58.33  979.69 ^ _09771_/Y (XOR2x2_ASAP7_75t_R)
  33.27 1012.96 ^ _10140_/Y (OA21x2_ASAP7_75t_R)
  14.52 1027.48 v _10141_/Y (AOI22x1_ASAP7_75t_R)
  37.30 1064.78 v _10142_/Y (AO21x1_ASAP7_75t_R)
  42.56 1107.34 v _10144_/Y (AO32x1_ASAP7_75t_R)
   0.00 1107.34 v _10765_/D (DFFLQNx2_ASAP7_75t_R)
        1107.34   data arrival time

  10.00   10.00   clock clk' (fall edge)
   0.00   10.00   clock network delay (ideal)
   0.00   10.00   clock reconvergence pessimism
          10.00 v _10765_/CLK (DFFLQNx2_ASAP7_75t_R)
 -18.84   -8.84   library setup time
          -8.84   data required time
---------------------------------------------------------
          -8.84   data required time
        -1107.34   data arrival time
---------------------------------------------------------
        -1116.18   slack (VIOLATED)


Startpoint: _10775_ (falling edge-triggered flip-flop clocked by clk')
Endpoint: _10764_ (falling edge-triggered flip-flop clocked by clk')
Path Group: clk
Path Type: max

  Delay    Time   Description
---------------------------------------------------------
   0.00    0.00   clock clk' (fall edge)
   0.00    0.00   clock network delay (ideal)
   0.00    0.00 v _10775_/CLK (DFFLQNx3_ASAP7_75t_R)
 151.64  151.64 v _10775_/QN (DFFLQNx3_ASAP7_75t_R)
  70.15  221.79 ^ _05526_/Y (NOR2x2_ASAP7_75t_R)
  48.05  269.85 v _05529_/Y (NAND2x2_ASAP7_75t_R)
  61.79  331.64 ^ _05888_/Y (OAI22x1_ASAP7_75t_R)
  33.46  365.09 v _05889_/Y (NOR2x2_ASAP7_75t_R)
  26.60  391.69 ^ _05890_/Y (NAND2x1_ASAP7_75t_R)
  18.80  410.50 v _05901_/Y (NOR2x1_ASAP7_75t_R)
  28.35  438.85 ^ _05902_/Y (NAND2x1_ASAP7_75t_R)
  20.22  459.07 v _05937_/Y (NOR2x2_ASAP7_75t_R)
  32.60  491.68 v _06304_/Y (AO21x1_ASAP7_75t_R)
  68.71  560.39 v _06306_/Y (OA22x2_ASAP7_75t_R)
  29.06  589.45 ^ _06308_/Y (CKINVDCx16_ASAP7_75t_R)
  25.14  614.59 v _06508_/Y (NOR2x2_ASAP7_75t_R)
  35.44  650.03 v rebuffer542/Y (BUFx2_ASAP7_75t_R)
  40.37  690.40 v _06509_/Y (AO21x1_ASAP7_75t_R)
  17.76  708.16 ^ _07026_/Y (INVx1_ASAP7_75t_R)
  19.96  728.12 v _10531_/CON (HAxp5_ASAP7_75t_R)
  17.23  745.35 ^ _10531_/SN (HAxp5_ASAP7_75t_R)
  36.20  781.55 ^ _06554_/Y (OA21x2_ASAP7_75t_R)
  13.14  794.69 v _06555_/Y (OAI21x1_ASAP7_75t_R)
  25.57  820.26 ^ _06556_/Y (INVx1_ASAP7_75t_R)
  36.82  857.08 ^ _06598_/Y (OA21x2_ASAP7_75t_R)
  35.87  892.95 ^ _06599_/Y (OA21x2_ASAP7_75t_R)
  65.46  958.41 ^ _10466_/SN (FAx1_ASAP7_75t_R)
  48.33 1006.74 ^ _10134_/Y (OA21x2_ASAP7_75t_R)
  14.86 1021.60 v _10135_/Y (AOI22x1_ASAP7_75t_R)
  37.30 1058.90 v _10136_/Y (AO21x1_ASAP7_75t_R)
  42.56 1101.46 v _10138_/Y (AO32x1_ASAP7_75t_R)
   0.00 1101.46 v _10764_/D (DFFLQNx2_ASAP7_75t_R)
        1101.46   data arrival time

  10.00   10.00   clock clk' (fall edge)
   0.00   10.00   clock network delay (ideal)
   0.00   10.00   clock reconvergence pessimism
          10.00 v _10764_/CLK (DFFLQNx2_ASAP7_75t_R)
 -18.84   -8.84   library setup time
          -8.84   data required time
---------------------------------------------------------
          -8.84   data required time
        -1101.46   data arrival time
---------------------------------------------------------
        -1110.30   slack (VIOLATED)


Startpoint: _10775_ (falling edge-triggered flip-flop clocked by clk')
Endpoint: _10732_ (falling edge-triggered flip-flop clocked by clk')
Path Group: clk
Path Type: max

  Delay    Time   Description
---------------------------------------------------------
   0.00    0.00   clock clk' (fall edge)
   0.00    0.00   clock network delay (ideal)
   0.00    0.00 v _10775_/CLK (DFFLQNx3_ASAP7_75t_R)
 151.64  151.64 v _10775_/QN (DFFLQNx3_ASAP7_75t_R)
  70.15  221.79 ^ _05526_/Y (NOR2x2_ASAP7_75t_R)
  48.05  269.85 v _05529_/Y (NAND2x2_ASAP7_75t_R)
  61.79  331.64 ^ _05888_/Y (OAI22x1_ASAP7_75t_R)
  33.46  365.09 v _05889_/Y (NOR2x2_ASAP7_75t_R)
  26.60  391.69 ^ _05890_/Y (NAND2x1_ASAP7_75t_R)
  18.80  410.50 v _05901_/Y (NOR2x1_ASAP7_75t_R)
  28.35  438.85 ^ _05902_/Y (NAND2x1_ASAP7_75t_R)
  20.22  459.07 v _05937_/Y (NOR2x2_ASAP7_75t_R)
  32.60  491.68 v _06304_/Y (AO21x1_ASAP7_75t_R)
  68.71  560.39 v _06306_/Y (OA22x2_ASAP7_75t_R)
  29.06  589.45 ^ _06308_/Y (CKINVDCx16_ASAP7_75t_R)
  25.14  614.59 v _06508_/Y (NOR2x2_ASAP7_75t_R)
  35.44  650.03 v rebuffer542/Y (BUFx2_ASAP7_75t_R)
  40.37  690.40 v _06509_/Y (AO21x1_ASAP7_75t_R)
  17.76  708.16 ^ _07026_/Y (INVx1_ASAP7_75t_R)
  19.96  728.12 v _10531_/CON (HAxp5_ASAP7_75t_R)
  17.23  745.35 ^ _10531_/SN (HAxp5_ASAP7_75t_R)
  36.20  781.55 ^ _06554_/Y (OA21x2_ASAP7_75t_R)
  13.14  794.69 v _06555_/Y (OAI21x1_ASAP7_75t_R)
  25.57  820.26 ^ _06556_/Y (INVx1_ASAP7_75t_R)
  36.82  857.08 ^ _06598_/Y (OA21x2_ASAP7_75t_R)
  35.87  892.95 ^ _06599_/Y (OA21x2_ASAP7_75t_R)
  28.41  921.36 v _10466_/CON (FAx1_ASAP7_75t_R)
  58.33  979.69 ^ _09771_/Y (XOR2x2_ASAP7_75t_R)
  30.50 1010.19 ^ _09772_/Y (AO21x1_ASAP7_75t_R)
  17.18 1027.36 v _09774_/Y (OAI22x1_ASAP7_75t_R)
  31.71 1059.08 v _09776_/Y (AO21x1_ASAP7_75t_R)
  42.50 1101.57 v _09777_/Y (AO221x1_ASAP7_75t_R)
   0.00 1101.57 v _10732_/D (DFFLQNx2_ASAP7_75t_R)
        1101.57   data arrival time

  10.00   10.00   clock clk' (fall edge)
   0.00   10.00   clock network delay (ideal)
   0.00   10.00   clock reconvergence pessimism
          10.00 v _10732_/CLK (DFFLQNx2_ASAP7_75t_R)
 -18.23   -8.23   library setup time
          -8.23   data required time
---------------------------------------------------------
          -8.23   data required time
        -1101.57   data arrival time
---------------------------------------------------------
        -1109.80   slack (VIOLATED)


Startpoint: _10775_ (falling edge-triggered flip-flop clocked by clk')
Endpoint: _10731_ (falling edge-triggered flip-flop clocked by clk')
Path Group: clk
Path Type: max

  Delay    Time   Description
---------------------------------------------------------
   0.00    0.00   clock clk' (fall edge)
   0.00    0.00   clock network delay (ideal)
   0.00    0.00 v _10775_/CLK (DFFLQNx3_ASAP7_75t_R)
 151.64  151.64 v _10775_/QN (DFFLQNx3_ASAP7_75t_R)
  70.15  221.79 ^ _05526_/Y (NOR2x2_ASAP7_75t_R)
  48.05  269.85 v _05529_/Y (NAND2x2_ASAP7_75t_R)
  61.79  331.64 ^ _05888_/Y (OAI22x1_ASAP7_75t_R)
  33.46  365.09 v _05889_/Y (NOR2x2_ASAP7_75t_R)
  26.60  391.69 ^ _05890_/Y (NAND2x1_ASAP7_75t_R)
  18.80  410.50 v _05901_/Y (NOR2x1_ASAP7_75t_R)
  28.35  438.85 ^ _05902_/Y (NAND2x1_ASAP7_75t_R)
  20.22  459.07 v _05937_/Y (NOR2x2_ASAP7_75t_R)
  32.60  491.68 v _06304_/Y (AO21x1_ASAP7_75t_R)
  68.71  560.39 v _06306_/Y (OA22x2_ASAP7_75t_R)
  29.06  589.45 ^ _06308_/Y (CKINVDCx16_ASAP7_75t_R)
  25.14  614.59 v _06508_/Y (NOR2x2_ASAP7_75t_R)
  35.44  650.03 v rebuffer542/Y (BUFx2_ASAP7_75t_R)
  40.37  690.40 v _06509_/Y (AO21x1_ASAP7_75t_R)
  17.76  708.16 ^ _07026_/Y (INVx1_ASAP7_75t_R)
  19.96  728.12 v _10531_/CON (HAxp5_ASAP7_75t_R)
  17.23  745.35 ^ _10531_/SN (HAxp5_ASAP7_75t_R)
  36.20  781.55 ^ _06554_/Y (OA21x2_ASAP7_75t_R)
  13.14  794.69 v _06555_/Y (OAI21x1_ASAP7_75t_R)
  25.57  820.26 ^ _06556_/Y (INVx1_ASAP7_75t_R)
  36.82  857.08 ^ _06598_/Y (OA21x2_ASAP7_75t_R)
  35.87  892.95 ^ _06599_/Y (OA21x2_ASAP7_75t_R)
  72.76  965.72 v _10466_/SN (FAx1_ASAP7_75t_R)
  40.12 1005.84 v _09765_/Y (AO21x1_ASAP7_75t_R)
  30.45 1036.30 v _09767_/Y (AO21x1_ASAP7_75t_R)
  45.47 1081.76 v _09768_/Y (AO221x1_ASAP7_75t_R)
  16.66 1098.42 ^ _09769_/Y (NAND2x1_ASAP7_75t_R)
   0.00 1098.42 ^ _10731_/D (DFFLQNx2_ASAP7_75t_R)
        1098.42   data arrival time

  10.00   10.00   clock clk' (fall edge)
   0.00   10.00   clock network delay (ideal)
   0.00   10.00   clock reconvergence pessimism
          10.00 v _10731_/CLK (DFFLQNx2_ASAP7_75t_R)
  -5.00    5.00   library setup time
           5.00   data required time
---------------------------------------------------------
           5.00   data required time
        -1098.42   data arrival time
---------------------------------------------------------
        -1093.42   slack (VIOLATED)


Startpoint: _10775_ (falling edge-triggered flip-flop clocked by clk')
Endpoint: _10639_ (falling edge-triggered flip-flop clocked by clk')
Path Group: clk
Path Type: max

  Delay    Time   Description
---------------------------------------------------------
   0.00    0.00   clock clk' (fall edge)
   0.00    0.00   clock network delay (ideal)
   0.00    0.00 v _10775_/CLK (DFFLQNx3_ASAP7_75t_R)
 151.64  151.64 v _10775_/QN (DFFLQNx3_ASAP7_75t_R)
  70.15  221.79 ^ _05526_/Y (NOR2x2_ASAP7_75t_R)
  48.05  269.85 v _05529_/Y (NAND2x2_ASAP7_75t_R)
  61.79  331.64 ^ _05888_/Y (OAI22x1_ASAP7_75t_R)
  33.46  365.09 v _05889_/Y (NOR2x2_ASAP7_75t_R)
  26.60  391.69 ^ _05890_/Y (NAND2x1_ASAP7_75t_R)
  18.80  410.50 v _05901_/Y (NOR2x1_ASAP7_75t_R)
  28.35  438.85 ^ _05902_/Y (NAND2x1_ASAP7_75t_R)
  20.22  459.07 v _05937_/Y (NOR2x2_ASAP7_75t_R)
  42.43  501.50 ^ _05938_/Y (AOI21x1_ASAP7_75t_R)
  38.24  539.74 v _05999_/Y (AOI21x1_ASAP7_75t_R)
  39.72  579.46 ^ _06004_/Y (AOI21x1_ASAP7_75t_R)
  37.75  617.21 ^ rebuffer413/Y (BUFx3_ASAP7_75t_R)
  38.49  655.70 v _06037_/Y (OAI21x1_ASAP7_75t_R)
  47.59  703.30 v load_slew73/Y (BUFx16f_ASAP7_75t_R)
  27.43  730.73 v rebuffer944/Y (BUFx6f_ASAP7_75t_R)
  27.88  758.61 v clone463/Y (BUFx12f_ASAP7_75t_R)
  26.97  785.58 v rebuffer457/Y (BUFx12f_ASAP7_75t_R)
  13.20  798.77 ^ clone425/Y (INVx8_ASAP7_75t_R)
  33.60  832.37 ^ rebuffer997/Y (BUFx2_ASAP7_75t_R)
  13.60  845.97 v _06040_/Y (NAND2x1_ASAP7_75t_R)
  30.80  876.77 v _06052_/Y (AO21x1_ASAP7_75t_R)
  38.25  915.02 v _06116_/Y (AO21x1_ASAP7_75t_R)
  22.53  937.55 ^ _06128_/Y (NAND2x2_ASAP7_75t_R)
  34.82  972.37 ^ rebuffer987/Y (BUFx2_ASAP7_75t_R)
  28.89 1001.26 ^ rebuffer988/Y (BUFx2_ASAP7_75t_R)
  13.70 1014.96 v _07763_/Y (AOI21x1_ASAP7_75t_R)
  21.27 1036.23 ^ _07768_/Y (AOI21x1_ASAP7_75t_R)
  15.16 1051.39 v _07770_/Y (OAI21x1_ASAP7_75t_R)
   0.00 1051.39 v _10639_/D (DFFLQNx2_ASAP7_75t_R)
        1051.39   data arrival time

  10.00   10.00   clock clk' (fall edge)
   0.00   10.00   clock network delay (ideal)
   0.00   10.00   clock reconvergence pessimism
          10.00 v _10639_/CLK (DFFLQNx2_ASAP7_75t_R)
 -18.60   -8.60   library setup time
          -8.60   data required time
---------------------------------------------------------
          -8.60   data required time
        -1051.39   data arrival time
---------------------------------------------------------
        -1059.99   slack (VIOLATED)


Startpoint: _10775_ (falling edge-triggered flip-flop clocked by clk')
Endpoint: _10763_ (falling edge-triggered flip-flop clocked by clk')
Path Group: clk
Path Type: max

  Delay    Time   Description
---------------------------------------------------------
   0.00    0.00   clock clk' (fall edge)
   0.00    0.00   clock network delay (ideal)
   0.00    0.00 v _10775_/CLK (DFFLQNx3_ASAP7_75t_R)
 151.64  151.64 v _10775_/QN (DFFLQNx3_ASAP7_75t_R)
  70.15  221.79 ^ _05526_/Y (NOR2x2_ASAP7_75t_R)
  48.05  269.85 v _05529_/Y (NAND2x2_ASAP7_75t_R)
  61.79  331.64 ^ _05888_/Y (OAI22x1_ASAP7_75t_R)
  33.46  365.09 v _05889_/Y (NOR2x2_ASAP7_75t_R)
  26.60  391.69 ^ _05890_/Y (NAND2x1_ASAP7_75t_R)
  18.80  410.50 v _05901_/Y (NOR2x1_ASAP7_75t_R)
  28.35  438.85 ^ _05902_/Y (NAND2x1_ASAP7_75t_R)
  20.22  459.07 v _05937_/Y (NOR2x2_ASAP7_75t_R)
  32.60  491.68 v _06304_/Y (AO21x1_ASAP7_75t_R)
  68.71  560.39 v _06306_/Y (OA22x2_ASAP7_75t_R)
  29.06  589.45 ^ _06308_/Y (CKINVDCx16_ASAP7_75t_R)
  25.14  614.59 v _06508_/Y (NOR2x2_ASAP7_75t_R)
  35.44  650.03 v rebuffer542/Y (BUFx2_ASAP7_75t_R)
  40.37  690.40 v _06509_/Y (AO21x1_ASAP7_75t_R)
  17.76  708.16 ^ _07026_/Y (INVx1_ASAP7_75t_R)
  19.96  728.12 v _10531_/CON (HAxp5_ASAP7_75t_R)
  17.23  745.35 ^ _10531_/SN (HAxp5_ASAP7_75t_R)
  36.20  781.55 ^ _06554_/Y (OA21x2_ASAP7_75t_R)
  13.14  794.69 v _06555_/Y (OAI21x1_ASAP7_75t_R)
  25.57  820.26 ^ _06556_/Y (INVx1_ASAP7_75t_R)
  35.98  856.24 v _10465_/CON (FAx1_ASAP7_75t_R)
  38.68  894.92 v _09754_/Y (XNOR2x1_ASAP7_75t_R)
  21.27  916.19 ^ _09755_/Y (INVx1_ASAP7_75t_R)
  36.17  952.36 ^ _10128_/Y (OA21x2_ASAP7_75t_R)
  14.52  966.88 v _10129_/Y (AOI22x1_ASAP7_75t_R)
  37.30 1004.18 v _10130_/Y (AO21x1_ASAP7_75t_R)
  42.56 1046.74 v _10132_/Y (AO32x1_ASAP7_75t_R)
   0.00 1046.74 v _10763_/D (DFFLQNx2_ASAP7_75t_R)
        1046.74   data arrival time

  10.00   10.00   clock clk' (fall edge)
   0.00   10.00   clock network delay (ideal)
   0.00   10.00   clock reconvergence pessimism
          10.00 v _10763_/CLK (DFFLQNx2_ASAP7_75t_R)
 -18.84   -8.84   library setup time
          -8.84   data required time
---------------------------------------------------------
          -8.84   data required time
        -1046.74   data arrival time
---------------------------------------------------------
        -1055.58   slack (VIOLATED)


Startpoint: _10775_ (falling edge-triggered flip-flop clocked by clk')
Endpoint: _10730_ (falling edge-triggered flip-flop clocked by clk')
Path Group: clk
Path Type: max

  Delay    Time   Description
---------------------------------------------------------
   0.00    0.00   clock clk' (fall edge)
   0.00    0.00   clock network delay (ideal)
   0.00    0.00 v _10775_/CLK (DFFLQNx3_ASAP7_75t_R)
 151.64  151.64 v _10775_/QN (DFFLQNx3_ASAP7_75t_R)
  70.15  221.79 ^ _05526_/Y (NOR2x2_ASAP7_75t_R)
  48.05  269.85 v _05529_/Y (NAND2x2_ASAP7_75t_R)
  61.79  331.64 ^ _05888_/Y (OAI22x1_ASAP7_75t_R)
  33.46  365.09 v _05889_/Y (NOR2x2_ASAP7_75t_R)
  26.60  391.69 ^ _05890_/Y (NAND2x1_ASAP7_75t_R)
  18.80  410.50 v _05901_/Y (NOR2x1_ASAP7_75t_R)
  28.35  438.85 ^ _05902_/Y (NAND2x1_ASAP7_75t_R)
  20.22  459.07 v _05937_/Y (NOR2x2_ASAP7_75t_R)
  32.60  491.68 v _06304_/Y (AO21x1_ASAP7_75t_R)
  68.71  560.39 v _06306_/Y (OA22x2_ASAP7_75t_R)
  29.06  589.45 ^ _06308_/Y (CKINVDCx16_ASAP7_75t_R)
  25.14  614.59 v _06508_/Y (NOR2x2_ASAP7_75t_R)
  35.44  650.03 v rebuffer542/Y (BUFx2_ASAP7_75t_R)
  40.37  690.40 v _06509_/Y (AO21x1_ASAP7_75t_R)
  17.76  708.16 ^ _07026_/Y (INVx1_ASAP7_75t_R)
  19.96  728.12 v _10531_/CON (HAxp5_ASAP7_75t_R)
  17.23  745.35 ^ _10531_/SN (HAxp5_ASAP7_75t_R)
  36.20  781.55 ^ _06554_/Y (OA21x2_ASAP7_75t_R)
  13.14  794.69 v _06555_/Y (OAI21x1_ASAP7_75t_R)
  25.57  820.26 ^ _06556_/Y (INVx1_ASAP7_75t_R)
  35.98  856.24 v _10465_/CON (FAx1_ASAP7_75t_R)
  38.68  894.92 v _09754_/Y (XNOR2x1_ASAP7_75t_R)
  21.27  916.19 ^ _09755_/Y (INVx1_ASAP7_75t_R)
  14.40  930.59 v _09756_/Y (NAND2x1_ASAP7_75t_R)
  47.49  978.07 v _09758_/Y (AO32x1_ASAP7_75t_R)
  15.93  994.00 ^ _09759_/Y (NAND2x1_ASAP7_75t_R)
  40.06 1034.07 ^ _09760_/Y (AO221x1_ASAP7_75t_R)
  13.45 1047.52 v _09761_/Y (NAND2x1_ASAP7_75t_R)
   0.00 1047.52 v _10730_/D (DFFLQNx2_ASAP7_75t_R)
        1047.52   data arrival time

  10.00   10.00   clock clk' (fall edge)
   0.00   10.00   clock network delay (ideal)
   0.00   10.00   clock reconvergence pessimism
          10.00 v _10730_/CLK (DFFLQNx2_ASAP7_75t_R)
 -17.37   -7.37   library setup time
          -7.37   data required time
---------------------------------------------------------
          -7.37   data required time
        -1047.52   data arrival time
---------------------------------------------------------
        -1054.89   slack (VIOLATED)


Startpoint: _10775_ (falling edge-triggered flip-flop clocked by clk')
Endpoint: _10762_ (falling edge-triggered flip-flop clocked by clk')
Path Group: clk
Path Type: max

  Delay    Time   Description
---------------------------------------------------------
   0.00    0.00   clock clk' (fall edge)
   0.00    0.00   clock network delay (ideal)
   0.00    0.00 v _10775_/CLK (DFFLQNx3_ASAP7_75t_R)
 151.64  151.64 v _10775_/QN (DFFLQNx3_ASAP7_75t_R)
  70.15  221.79 ^ _05526_/Y (NOR2x2_ASAP7_75t_R)
  48.05  269.85 v _05529_/Y (NAND2x2_ASAP7_75t_R)
  61.79  331.64 ^ _05888_/Y (OAI22x1_ASAP7_75t_R)
  33.46  365.09 v _05889_/Y (NOR2x2_ASAP7_75t_R)
  26.60  391.69 ^ _05890_/Y (NAND2x1_ASAP7_75t_R)
  18.80  410.50 v _05901_/Y (NOR2x1_ASAP7_75t_R)
  28.35  438.85 ^ _05902_/Y (NAND2x1_ASAP7_75t_R)
  20.22  459.07 v _05937_/Y (NOR2x2_ASAP7_75t_R)
  32.60  491.68 v _06304_/Y (AO21x1_ASAP7_75t_R)
  68.71  560.39 v _06306_/Y (OA22x2_ASAP7_75t_R)
  29.06  589.45 ^ _06308_/Y (CKINVDCx16_ASAP7_75t_R)
  25.14  614.59 v _06508_/Y (NOR2x2_ASAP7_75t_R)
  35.44  650.03 v rebuffer542/Y (BUFx2_ASAP7_75t_R)
  40.37  690.40 v _06509_/Y (AO21x1_ASAP7_75t_R)
  17.76  708.16 ^ _07026_/Y (INVx1_ASAP7_75t_R)
  19.96  728.12 v _10531_/CON (HAxp5_ASAP7_75t_R)
  17.23  745.35 ^ _10531_/SN (HAxp5_ASAP7_75t_R)
  36.20  781.55 ^ _06554_/Y (OA21x2_ASAP7_75t_R)
  13.14  794.69 v _06555_/Y (OAI21x1_ASAP7_75t_R)
  25.57  820.26 ^ _06556_/Y (INVx1_ASAP7_75t_R)
  35.98  856.24 v _10465_/CON (FAx1_ASAP7_75t_R)
  32.85  889.09 ^ _10465_/SN (FAx1_ASAP7_75t_R)
  48.48  937.57 ^ _10121_/Y (OA21x2_ASAP7_75t_R)
  14.87  952.45 v _10122_/Y (AOI22x1_ASAP7_75t_R)
  37.30  989.74 v _10123_/Y (AO21x1_ASAP7_75t_R)
  42.56 1032.30 v _10125_/Y (AO32x1_ASAP7_75t_R)
   0.00 1032.30 v _10762_/D (DFFLQNx2_ASAP7_75t_R)
        1032.30   data arrival time

  10.00   10.00   clock clk' (fall edge)
   0.00   10.00   clock network delay (ideal)
   0.00   10.00   clock reconvergence pessimism
          10.00 v _10762_/CLK (DFFLQNx2_ASAP7_75t_R)
 -18.84   -8.84   library setup time
          -8.84   data required time
---------------------------------------------------------
          -8.84   data required time
        -1032.30   data arrival time
---------------------------------------------------------
        -1041.14   slack (VIOLATED)


Startpoint: _10793_ (falling edge-triggered flip-flop clocked by clk')
Endpoint: _10679_ (falling edge-triggered flip-flop clocked by clk')
Path Group: clk
Path Type: max

  Delay    Time   Description
---------------------------------------------------------
   0.00    0.00   clock clk' (fall edge)
   0.00    0.00   clock network delay (ideal)
   0.00    0.00 v _10793_/CLK (DFFLQNx3_ASAP7_75t_R)
 114.51  114.51 v _10793_/QN (DFFLQNx3_ASAP7_75t_R)
  31.55  146.06 ^ _06240_/Y (INVx3_ASAP7_75t_R)
  44.59  190.65 ^ _06242_/Y (AND3x4_ASAP7_75t_R)
  36.78  227.43 ^ _06243_/Y (XOR2x1_ASAP7_75t_R)
  47.94  275.38 v _10448_/CON (FAx1_ASAP7_75t_R)
  46.06  321.43 ^ _10449_/CON (FAx1_ASAP7_75t_R)
  42.70  364.13 ^ rebuffer961/Y (BUFx3_ASAP7_75t_R)
  14.29  378.42 v _06820_/Y (OAI21x1_ASAP7_75t_R)
  46.37  424.79 v _06822_/Y (AO21x2_ASAP7_75t_R)
  33.09  457.88 ^ _10453_/CON (FAx1_ASAP7_75t_R)
  28.59  486.47 v _06823_/Y (INVx1_ASAP7_75t_R)
  34.61  521.08 ^ _10455_/CON (FAx1_ASAP7_75t_R)
  25.32  546.41 v _10455_/SN (FAx1_ASAP7_75t_R)
  36.47  582.88 v _06361_/Y (AO21x1_ASAP7_75t_R)
  55.33  638.21 v _06364_/Y (AO32x2_ASAP7_75t_R)
  64.91  703.12 v _10572_/SN (HAxp5_ASAP7_75t_R)
  44.10  747.22 v _09349_/Y (XOR2x1_ASAP7_75t_R)
  21.21  768.43 ^ _09350_/Y (INVx1_ASAP7_75t_R)
  30.52  798.95 ^ _09352_/Y (AND2x2_ASAP7_75t_R)
  20.09  819.04 ^ _09354_/Y (OR3x1_ASAP7_75t_R)
  32.91  851.95 ^ _09355_/Y (AO221x1_ASAP7_75t_R)
  58.37  910.31 ^ _09365_/Y (AND5x1_ASAP7_75t_R)
  34.61  944.92 ^ _09366_/Y (AO22x2_ASAP7_75t_R)
  15.48  960.40 v _09372_/Y (AOI22x1_ASAP7_75t_R)
  22.97  983.37 ^ _09373_/Y (NOR2x1_ASAP7_75t_R)
  14.38  997.76 v _09380_/Y (OAI21x1_ASAP7_75t_R)
  32.55 1030.30 v _09383_/Y (AO21x1_ASAP7_75t_R)
   0.00 1030.30 v _10679_/D (DFFLQNx2_ASAP7_75t_R)
        1030.30   data arrival time

  10.00   10.00   clock clk' (fall edge)
   0.00   10.00   clock network delay (ideal)
   0.00   10.00   clock reconvergence pessimism
          10.00 v _10679_/CLK (DFFLQNx2_ASAP7_75t_R)
 -17.29   -7.29   library setup time
          -7.29   data required time
---------------------------------------------------------
          -7.29   data required time
        -1030.30   data arrival time
---------------------------------------------------------
        -1037.59   slack (VIOLATED)


Startpoint: _10775_ (falling edge-triggered flip-flop clocked by clk')
Endpoint: _10643_ (falling edge-triggered flip-flop clocked by clk')
Path Group: clk
Path Type: max

  Delay    Time   Description
---------------------------------------------------------
   0.00    0.00   clock clk' (fall edge)
   0.00    0.00   clock network delay (ideal)
   0.00    0.00 v _10775_/CLK (DFFLQNx3_ASAP7_75t_R)
 151.64  151.64 v _10775_/QN (DFFLQNx3_ASAP7_75t_R)
  70.15  221.79 ^ _05526_/Y (NOR2x2_ASAP7_75t_R)
  48.05  269.85 v _05529_/Y (NAND2x2_ASAP7_75t_R)
  61.79  331.64 ^ _05888_/Y (OAI22x1_ASAP7_75t_R)
  33.46  365.09 v _05889_/Y (NOR2x2_ASAP7_75t_R)
  26.60  391.69 ^ _05890_/Y (NAND2x1_ASAP7_75t_R)
  18.80  410.50 v _05901_/Y (NOR2x1_ASAP7_75t_R)
  28.35  438.85 ^ _05902_/Y (NAND2x1_ASAP7_75t_R)
  20.22  459.07 v _05937_/Y (NOR2x2_ASAP7_75t_R)
  42.43  501.50 ^ _05938_/Y (AOI21x1_ASAP7_75t_R)
  38.24  539.74 v _05999_/Y (AOI21x1_ASAP7_75t_R)
  39.72  579.46 ^ _06004_/Y (AOI21x1_ASAP7_75t_R)
  37.75  617.21 ^ rebuffer413/Y (BUFx3_ASAP7_75t_R)
  38.49  655.70 v _06037_/Y (OAI21x1_ASAP7_75t_R)
  47.59  703.30 v load_slew73/Y (BUFx16f_ASAP7_75t_R)
  27.43  730.73 v rebuffer944/Y (BUFx6f_ASAP7_75t_R)
  27.88  758.61 v clone463/Y (BUFx12f_ASAP7_75t_R)
  26.97  785.58 v rebuffer457/Y (BUFx12f_ASAP7_75t_R)
  13.20  798.77 ^ clone425/Y (INVx8_ASAP7_75t_R)
  12.81  811.58 v _06231_/Y (NAND2x1_ASAP7_75t_R)
  31.86  843.44 v _06233_/Y (AO21x1_ASAP7_75t_R)
  37.97  881.40 v _06234_/Y (AO21x1_ASAP7_75t_R)
  20.17  901.57 ^ _06235_/Y (NAND2x2_ASAP7_75t_R)
  34.82  936.40 ^ rebuffer1010/Y (BUFx2_ASAP7_75t_R)
  28.89  965.29 ^ rebuffer1011/Y (BUFx2_ASAP7_75t_R)
  13.70  978.99 v _07800_/Y (AOI21x1_ASAP7_75t_R)
  21.27 1000.26 ^ _07804_/Y (AOI21x1_ASAP7_75t_R)
  15.16 1015.42 v _07806_/Y (OAI21x1_ASAP7_75t_R)
   0.00 1015.42 v _10643_/D (DFFLQNx2_ASAP7_75t_R)
        1015.42   data arrival time

  10.00   10.00   clock clk' (fall edge)
   0.00   10.00   clock network delay (ideal)
   0.00   10.00   clock reconvergence pessimism
          10.00 v _10643_/CLK (DFFLQNx2_ASAP7_75t_R)
 -18.60   -8.60   library setup time
          -8.60   data required time
---------------------------------------------------------
          -8.60   data required time
        -1015.42   data arrival time
---------------------------------------------------------
        -1024.02   slack (VIOLATED)


Startpoint: _10775_ (falling edge-triggered flip-flop clocked by clk')
Endpoint: _10729_ (falling edge-triggered flip-flop clocked by clk')
Path Group: clk
Path Type: max

  Delay    Time   Description
---------------------------------------------------------
   0.00    0.00   clock clk' (fall edge)
   0.00    0.00   clock network delay (ideal)
   0.00    0.00 v _10775_/CLK (DFFLQNx3_ASAP7_75t_R)
 151.64  151.64 v _10775_/QN (DFFLQNx3_ASAP7_75t_R)
  70.15  221.79 ^ _05526_/Y (NOR2x2_ASAP7_75t_R)
  48.05  269.85 v _05529_/Y (NAND2x2_ASAP7_75t_R)
  61.79  331.64 ^ _05888_/Y (OAI22x1_ASAP7_75t_R)
  33.46  365.09 v _05889_/Y (NOR2x2_ASAP7_75t_R)
  26.60  391.69 ^ _05890_/Y (NAND2x1_ASAP7_75t_R)
  18.80  410.50 v _05901_/Y (NOR2x1_ASAP7_75t_R)
  28.35  438.85 ^ _05902_/Y (NAND2x1_ASAP7_75t_R)
  20.22  459.07 v _05937_/Y (NOR2x2_ASAP7_75t_R)
  32.60  491.68 v _06304_/Y (AO21x1_ASAP7_75t_R)
  68.71  560.39 v _06306_/Y (OA22x2_ASAP7_75t_R)
  29.06  589.45 ^ _06308_/Y (CKINVDCx16_ASAP7_75t_R)
  25.14  614.59 v _06508_/Y (NOR2x2_ASAP7_75t_R)
  35.44  650.03 v rebuffer542/Y (BUFx2_ASAP7_75t_R)
  40.37  690.40 v _06509_/Y (AO21x1_ASAP7_75t_R)
  17.76  708.16 ^ _07026_/Y (INVx1_ASAP7_75t_R)
  19.96  728.12 v _10531_/CON (HAxp5_ASAP7_75t_R)
  17.23  745.35 ^ _10531_/SN (HAxp5_ASAP7_75t_R)
  36.20  781.55 ^ _06554_/Y (OA21x2_ASAP7_75t_R)
  13.14  794.69 v _06555_/Y (OAI21x1_ASAP7_75t_R)
  25.57  820.26 ^ _06556_/Y (INVx1_ASAP7_75t_R)
  75.58  895.85 v _10465_/SN (FAx1_ASAP7_75t_R)
  40.36  936.21 v _09747_/Y (AO21x1_ASAP7_75t_R)
  30.47  966.67 v _09749_/Y (AO21x1_ASAP7_75t_R)
  45.46 1012.14 v _09750_/Y (AO221x1_ASAP7_75t_R)
  16.66 1028.80 ^ _09751_/Y (NAND2x1_ASAP7_75t_R)
   0.00 1028.80 ^ _10729_/D (DFFLQNx2_ASAP7_75t_R)
        1028.80   data arrival time

  10.00   10.00   clock clk' (fall edge)
   0.00   10.00   clock network delay (ideal)
   0.00   10.00   clock reconvergence pessimism
          10.00 v _10729_/CLK (DFFLQNx2_ASAP7_75t_R)
  -4.97    5.03   library setup time
           5.03   data required time
---------------------------------------------------------
           5.03   data required time
        -1028.80   data arrival time
---------------------------------------------------------
        -1023.77   slack (VIOLATED)


Startpoint: _10775_ (falling edge-triggered flip-flop clocked by clk')
Endpoint: _10659_ (falling edge-triggered flip-flop clocked by clk')
Path Group: clk
Path Type: max

  Delay    Time   Description
---------------------------------------------------------
   0.00    0.00   clock clk' (fall edge)
   0.00    0.00   clock network delay (ideal)
   0.00    0.00 v _10775_/CLK (DFFLQNx3_ASAP7_75t_R)
 151.64  151.64 v _10775_/QN (DFFLQNx3_ASAP7_75t_R)
  70.15  221.79 ^ _05526_/Y (NOR2x2_ASAP7_75t_R)
  48.05  269.85 v _05529_/Y (NAND2x2_ASAP7_75t_R)
  61.79  331.64 ^ _05888_/Y (OAI22x1_ASAP7_75t_R)
  33.46  365.09 v _05889_/Y (NOR2x2_ASAP7_75t_R)
  26.60  391.69 ^ _05890_/Y (NAND2x1_ASAP7_75t_R)
  18.80  410.50 v _05901_/Y (NOR2x1_ASAP7_75t_R)
  28.35  438.85 ^ _05902_/Y (NAND2x1_ASAP7_75t_R)
  20.22  459.07 v _05937_/Y (NOR2x2_ASAP7_75t_R)
  42.43  501.50 ^ _05938_/Y (AOI21x1_ASAP7_75t_R)
  38.24  539.74 v _05999_/Y (AOI21x1_ASAP7_75t_R)
  39.72  579.46 ^ _06004_/Y (AOI21x1_ASAP7_75t_R)
  37.75  617.21 ^ rebuffer413/Y (BUFx3_ASAP7_75t_R)
  38.49  655.70 v _06037_/Y (OAI21x1_ASAP7_75t_R)
  47.59  703.30 v load_slew73/Y (BUFx16f_ASAP7_75t_R)
  27.43  730.73 v rebuffer944/Y (BUFx6f_ASAP7_75t_R)
  27.88  758.61 v clone463/Y (BUFx12f_ASAP7_75t_R)
  26.97  785.58 v rebuffer457/Y (BUFx12f_ASAP7_75t_R)
  27.79  813.37 v rebuffer998/Y (BUFx6f_ASAP7_75t_R)
  12.84  826.21 ^ clone908/Y (INVx8_ASAP7_75t_R)
  25.33  851.54 ^ rebuffer945/Y (BUFx6f_ASAP7_75t_R)
  12.42  863.96 v _06162_/Y (NAND2x1_ASAP7_75t_R)
  31.73  895.68 v _06164_/Y (AO21x1_ASAP7_75t_R)
  42.20  937.88 v _06168_/Y (AO21x2_ASAP7_75t_R)
  25.40  963.28 ^ _06169_/Y (NAND2x2_ASAP7_75t_R)
  17.22  980.50 v _07867_/Y (NOR2x1_ASAP7_75t_R)
  34.24 1014.74 v _07868_/Y (AO21x1_ASAP7_75t_R)
   0.00 1014.74 v _10659_/D (DFFLQNx3_ASAP7_75t_R)
        1014.74   data arrival time

  10.00   10.00   clock clk' (fall edge)
   0.00   10.00   clock network delay (ideal)
   0.00   10.00   clock reconvergence pessimism
          10.00 v _10659_/CLK (DFFLQNx3_ASAP7_75t_R)
 -17.49   -7.49   library setup time
          -7.49   data required time
---------------------------------------------------------
          -7.49   data required time
        -1014.74   data arrival time
---------------------------------------------------------
        -1022.22   slack (VIOLATED)


Startpoint: _10775_ (falling edge-triggered flip-flop clocked by clk')
Endpoint: _10859_ (falling edge-triggered flip-flop clocked by clk')
Path Group: clk
Path Type: max

  Delay    Time   Description
---------------------------------------------------------
   0.00    0.00   clock clk' (fall edge)
   0.00    0.00   clock network delay (ideal)
   0.00    0.00 v _10775_/CLK (DFFLQNx3_ASAP7_75t_R)
 151.64  151.64 v _10775_/QN (DFFLQNx3_ASAP7_75t_R)
  70.15  221.79 ^ _05526_/Y (NOR2x2_ASAP7_75t_R)
  48.05  269.85 v _05529_/Y (NAND2x2_ASAP7_75t_R)
  61.79  331.64 ^ _05888_/Y (OAI22x1_ASAP7_75t_R)
  33.46  365.09 v _05889_/Y (NOR2x2_ASAP7_75t_R)
  26.60  391.69 ^ _05890_/Y (NAND2x1_ASAP7_75t_R)
  18.80  410.50 v _05901_/Y (NOR2x1_ASAP7_75t_R)
  28.35  438.85 ^ _05902_/Y (NAND2x1_ASAP7_75t_R)
  20.22  459.07 v _05937_/Y (NOR2x2_ASAP7_75t_R)
  42.43  501.50 ^ _05938_/Y (AOI21x1_ASAP7_75t_R)
  38.24  539.74 v _05999_/Y (AOI21x1_ASAP7_75t_R)
  39.72  579.46 ^ _06004_/Y (AOI21x1_ASAP7_75t_R)
  40.76  620.22 ^ rebuffer446/Y (BUFx2_ASAP7_75t_R)
  24.49  644.72 ^ rebuffer427/Y (BUFx6f_ASAP7_75t_R)
  23.97  668.68 ^ rebuffer428/Y (BUFx2_ASAP7_75t_R)
  23.01  691.69 ^ _06112_/Y (AO21x2_ASAP7_75t_R)
  42.43  734.12 ^ _06114_/Y (OA21x2_ASAP7_75t_R)
  32.78  766.90 ^ rebuffer470/Y (BUFx12f_ASAP7_75t_R)
  35.29  802.19 ^ rebuffer471/Y (BUFx2_ASAP7_75t_R)
  18.09  820.28 v clone469/Y (INVx6_ASAP7_75t_R)
  77.89  898.17 v _08335_/Y (OR3x4_ASAP7_75t_R)
  44.88  943.05 ^ _08336_/Y (NOR2x2_ASAP7_75t_R)
  42.75  985.80 ^ rebuffer665/Y (BUFx6f_ASAP7_75t_R)
  16.68 1002.48 v _08337_/Y (NOR2x1_ASAP7_75t_R)
  19.09 1021.57 ^ _08338_/Y (AOI21x1_ASAP7_75t_R)
   0.00 1021.57 ^ _10859_/D (DFFLQNx2_ASAP7_75t_R)
        1021.57   data arrival time

  10.00   10.00   clock clk' (fall edge)
   0.00   10.00   clock network delay (ideal)
   0.00   10.00   clock reconvergence pessimism
          10.00 v _10859_/CLK (DFFLQNx2_ASAP7_75t_R)
  -5.45    4.55   library setup time
           4.55   data required time
---------------------------------------------------------
           4.55   data required time
        -1021.57   data arrival time
---------------------------------------------------------
        -1017.02   slack (VIOLATED)


Startpoint: _10775_ (falling edge-triggered flip-flop clocked by clk')
Endpoint: _10818_ (falling edge-triggered flip-flop clocked by clk')
Path Group: clk
Path Type: max

  Delay    Time   Description
---------------------------------------------------------
   0.00    0.00   clock clk' (fall edge)
   0.00    0.00   clock network delay (ideal)
   0.00    0.00 v _10775_/CLK (DFFLQNx3_ASAP7_75t_R)
 151.64  151.64 v _10775_/QN (DFFLQNx3_ASAP7_75t_R)
  70.15  221.79 ^ _05526_/Y (NOR2x2_ASAP7_75t_R)
  48.05  269.85 v _05529_/Y (NAND2x2_ASAP7_75t_R)
  61.79  331.64 ^ _05888_/Y (OAI22x1_ASAP7_75t_R)
  33.46  365.09 v _05889_/Y (NOR2x2_ASAP7_75t_R)
  26.60  391.69 ^ _05890_/Y (NAND2x1_ASAP7_75t_R)
  18.80  410.50 v _05901_/Y (NOR2x1_ASAP7_75t_R)
  28.35  438.85 ^ _05902_/Y (NAND2x1_ASAP7_75t_R)
  20.22  459.07 v _05937_/Y (NOR2x2_ASAP7_75t_R)
  42.43  501.50 ^ _05938_/Y (AOI21x1_ASAP7_75t_R)
  38.24  539.74 v _05999_/Y (AOI21x1_ASAP7_75t_R)
  39.72  579.46 ^ _06004_/Y (AOI21x1_ASAP7_75t_R)
  40.76  620.22 ^ rebuffer446/Y (BUFx2_ASAP7_75t_R)
  24.49  644.72 ^ rebuffer427/Y (BUFx6f_ASAP7_75t_R)
  23.97  668.68 ^ rebuffer428/Y (BUFx2_ASAP7_75t_R)
  23.01  691.69 ^ _06112_/Y (AO21x2_ASAP7_75t_R)
  42.43  734.12 ^ _06114_/Y (OA21x2_ASAP7_75t_R)
  32.78  766.90 ^ rebuffer470/Y (BUFx12f_ASAP7_75t_R)
  35.29  802.19 ^ rebuffer471/Y (BUFx2_ASAP7_75t_R)
  18.09  820.28 v clone469/Y (INVx6_ASAP7_75t_R)
  77.89  898.17 v _08234_/Y (OR3x4_ASAP7_75t_R)
  41.01  939.18 ^ _08235_/Y (NOR2x2_ASAP7_75t_R)
  40.99  980.17 ^ rebuffer681/Y (BUFx6f_ASAP7_75t_R)
  16.55  996.72 v _08236_/Y (NOR2x1_ASAP7_75t_R)
  19.09 1015.81 ^ _08237_/Y (AOI21x1_ASAP7_75t_R)
   0.00 1015.81 ^ _10818_/D (DFFLQNx2_ASAP7_75t_R)
        1015.81   data arrival time

  10.00   10.00   clock clk' (fall edge)
   0.00   10.00   clock network delay (ideal)
   0.00   10.00   clock reconvergence pessimism
          10.00 v _10818_/CLK (DFFLQNx2_ASAP7_75t_R)
  -5.45    4.55   library setup time
           4.55   data required time
---------------------------------------------------------
           4.55   data required time
        -1015.81   data arrival time
---------------------------------------------------------
        -1011.26   slack (VIOLATED)


Startpoint: _10775_ (falling edge-triggered flip-flop clocked by clk')
Endpoint: _10827_ (falling edge-triggered flip-flop clocked by clk')
Path Group: clk
Path Type: max

  Delay    Time   Description
---------------------------------------------------------
   0.00    0.00   clock clk' (fall edge)
   0.00    0.00   clock network delay (ideal)
   0.00    0.00 v _10775_/CLK (DFFLQNx3_ASAP7_75t_R)
 151.64  151.64 v _10775_/QN (DFFLQNx3_ASAP7_75t_R)
  70.15  221.79 ^ _05526_/Y (NOR2x2_ASAP7_75t_R)
  48.05  269.85 v _05529_/Y (NAND2x2_ASAP7_75t_R)
  61.79  331.64 ^ _05888_/Y (OAI22x1_ASAP7_75t_R)
  33.46  365.09 v _05889_/Y (NOR2x2_ASAP7_75t_R)
  26.60  391.69 ^ _05890_/Y (NAND2x1_ASAP7_75t_R)
  18.80  410.50 v _05901_/Y (NOR2x1_ASAP7_75t_R)
  28.35  438.85 ^ _05902_/Y (NAND2x1_ASAP7_75t_R)
  20.22  459.07 v _05937_/Y (NOR2x2_ASAP7_75t_R)
  42.43  501.50 ^ _05938_/Y (AOI21x1_ASAP7_75t_R)
  38.24  539.74 v _05999_/Y (AOI21x1_ASAP7_75t_R)
  39.72  579.46 ^ _06004_/Y (AOI21x1_ASAP7_75t_R)
  40.76  620.22 ^ rebuffer446/Y (BUFx2_ASAP7_75t_R)
  24.49  644.72 ^ rebuffer427/Y (BUFx6f_ASAP7_75t_R)
  23.97  668.68 ^ rebuffer428/Y (BUFx2_ASAP7_75t_R)
  23.01  691.69 ^ _06112_/Y (AO21x2_ASAP7_75t_R)
  42.43  734.12 ^ _06114_/Y (OA21x2_ASAP7_75t_R)
  32.78  766.90 ^ rebuffer470/Y (BUFx12f_ASAP7_75t_R)
  35.29  802.19 ^ rebuffer471/Y (BUFx2_ASAP7_75t_R)
  18.09  820.28 v clone469/Y (INVx6_ASAP7_75t_R)
  82.68  902.96 v _08253_/Y (OR3x4_ASAP7_75t_R)
  38.49  941.45 ^ _08254_/Y (NOR2x2_ASAP7_75t_R)
  27.82  969.27 v _08257_/Y (INVx4_ASAP7_75t_R)
  34.11 1003.38 v _08259_/Y (AO21x1_ASAP7_75t_R)
   0.00 1003.38 v _10827_/D (DFFLQNx2_ASAP7_75t_R)
        1003.38   data arrival time

  10.00   10.00   clock clk' (fall edge)
   0.00   10.00   clock network delay (ideal)
   0.00   10.00   clock reconvergence pessimism
          10.00 v _10827_/CLK (DFFLQNx2_ASAP7_75t_R)
 -17.33   -7.33   library setup time
          -7.33   data required time
---------------------------------------------------------
          -7.33   data required time
        -1003.38   data arrival time
---------------------------------------------------------
        -1010.71   slack (VIOLATED)


Startpoint: _10775_ (falling edge-triggered flip-flop clocked by clk')
Endpoint: _10819_ (falling edge-triggered flip-flop clocked by clk')
Path Group: clk
Path Type: max

  Delay    Time   Description
---------------------------------------------------------
   0.00    0.00   clock clk' (fall edge)
   0.00    0.00   clock network delay (ideal)
   0.00    0.00 v _10775_/CLK (DFFLQNx3_ASAP7_75t_R)
 151.64  151.64 v _10775_/QN (DFFLQNx3_ASAP7_75t_R)
  70.15  221.79 ^ _05526_/Y (NOR2x2_ASAP7_75t_R)
  48.05  269.85 v _05529_/Y (NAND2x2_ASAP7_75t_R)
  61.79  331.64 ^ _05888_/Y (OAI22x1_ASAP7_75t_R)
  33.46  365.09 v _05889_/Y (NOR2x2_ASAP7_75t_R)
  26.60  391.69 ^ _05890_/Y (NAND2x1_ASAP7_75t_R)
  18.80  410.50 v _05901_/Y (NOR2x1_ASAP7_75t_R)
  28.35  438.85 ^ _05902_/Y (NAND2x1_ASAP7_75t_R)
  20.22  459.07 v _05937_/Y (NOR2x2_ASAP7_75t_R)
  42.43  501.50 ^ _05938_/Y (AOI21x1_ASAP7_75t_R)
  38.24  539.74 v _05999_/Y (AOI21x1_ASAP7_75t_R)
  39.72  579.46 ^ _06004_/Y (AOI21x1_ASAP7_75t_R)
  40.76  620.22 ^ rebuffer446/Y (BUFx2_ASAP7_75t_R)
  24.49  644.72 ^ rebuffer427/Y (BUFx6f_ASAP7_75t_R)
  23.97  668.68 ^ rebuffer428/Y (BUFx2_ASAP7_75t_R)
  23.01  691.69 ^ _06112_/Y (AO21x2_ASAP7_75t_R)
  42.43  734.12 ^ _06114_/Y (OA21x2_ASAP7_75t_R)
  32.78  766.90 ^ rebuffer470/Y (BUFx12f_ASAP7_75t_R)
  35.29  802.19 ^ rebuffer471/Y (BUFx2_ASAP7_75t_R)
  18.09  820.28 v clone469/Y (INVx6_ASAP7_75t_R)
  77.89  898.17 v _08234_/Y (OR3x4_ASAP7_75t_R)
  41.01  939.18 ^ _08235_/Y (NOR2x2_ASAP7_75t_R)
  29.35  968.53 v _08238_/Y (INVx4_ASAP7_75t_R)
  34.61 1003.14 v _08240_/Y (AO21x1_ASAP7_75t_R)
   0.00 1003.14 v _10819_/D (DFFLQNx2_ASAP7_75t_R)
        1003.14   data arrival time

  10.00   10.00   clock clk' (fall edge)
   0.00   10.00   clock network delay (ideal)
   0.00   10.00   clock reconvergence pessimism
          10.00 v _10819_/CLK (DFFLQNx2_ASAP7_75t_R)
 -17.34   -7.34   library setup time
          -7.34   data required time
---------------------------------------------------------
          -7.34   data required time
        -1003.14   data arrival time
---------------------------------------------------------
        -1010.49   slack (VIOLATED)


Startpoint: _10775_ (falling edge-triggered flip-flop clocked by clk')
Endpoint: _10835_ (falling edge-triggered flip-flop clocked by clk')
Path Group: clk
Path Type: max

  Delay    Time   Description
---------------------------------------------------------
   0.00    0.00   clock clk' (fall edge)
   0.00    0.00   clock network delay (ideal)
   0.00    0.00 v _10775_/CLK (DFFLQNx3_ASAP7_75t_R)
 151.64  151.64 v _10775_/QN (DFFLQNx3_ASAP7_75t_R)
  70.15  221.79 ^ _05526_/Y (NOR2x2_ASAP7_75t_R)
  48.05  269.85 v _05529_/Y (NAND2x2_ASAP7_75t_R)
  61.79  331.64 ^ _05888_/Y (OAI22x1_ASAP7_75t_R)
  33.46  365.09 v _05889_/Y (NOR2x2_ASAP7_75t_R)
  26.60  391.69 ^ _05890_/Y (NAND2x1_ASAP7_75t_R)
  18.80  410.50 v _05901_/Y (NOR2x1_ASAP7_75t_R)
  28.35  438.85 ^ _05902_/Y (NAND2x1_ASAP7_75t_R)
  20.22  459.07 v _05937_/Y (NOR2x2_ASAP7_75t_R)
  42.43  501.50 ^ _05938_/Y (AOI21x1_ASAP7_75t_R)
  38.24  539.74 v _05999_/Y (AOI21x1_ASAP7_75t_R)
  39.72  579.46 ^ _06004_/Y (AOI21x1_ASAP7_75t_R)
  40.76  620.22 ^ rebuffer446/Y (BUFx2_ASAP7_75t_R)
  24.49  644.72 ^ rebuffer427/Y (BUFx6f_ASAP7_75t_R)
  23.97  668.68 ^ rebuffer428/Y (BUFx2_ASAP7_75t_R)
  23.01  691.69 ^ _06112_/Y (AO21x2_ASAP7_75t_R)
  42.43  734.12 ^ _06114_/Y (OA21x2_ASAP7_75t_R)
  32.78  766.90 ^ rebuffer470/Y (BUFx12f_ASAP7_75t_R)
  35.29  802.19 ^ rebuffer471/Y (BUFx2_ASAP7_75t_R)
  18.09  820.28 v clone469/Y (INVx6_ASAP7_75t_R)
  82.68  902.96 v _08272_/Y (OR3x4_ASAP7_75t_R)
  38.29  941.24 ^ _08273_/Y (NOR2x2_ASAP7_75t_R)
  27.74  968.98 v _08276_/Y (INVx4_ASAP7_75t_R)
  34.08 1003.06 v _08278_/Y (AO21x1_ASAP7_75t_R)
   0.00 1003.06 v _10835_/D (DFFLQNx2_ASAP7_75t_R)
        1003.06   data arrival time

  10.00   10.00   clock clk' (fall edge)
   0.00   10.00   clock network delay (ideal)
   0.00   10.00   clock reconvergence pessimism
          10.00 v _10835_/CLK (DFFLQNx2_ASAP7_75t_R)
 -17.33   -7.33   library setup time
          -7.33   data required time
---------------------------------------------------------
          -7.33   data required time
        -1003.06   data arrival time
---------------------------------------------------------
        -1010.39   slack (VIOLATED)


Startpoint: _10775_ (falling edge-triggered flip-flop clocked by clk')
Endpoint: _10860_ (falling edge-triggered flip-flop clocked by clk')
Path Group: clk
Path Type: max

  Delay    Time   Description
---------------------------------------------------------
   0.00    0.00   clock clk' (fall edge)
   0.00    0.00   clock network delay (ideal)
   0.00    0.00 v _10775_/CLK (DFFLQNx3_ASAP7_75t_R)
 151.64  151.64 v _10775_/QN (DFFLQNx3_ASAP7_75t_R)
  70.15  221.79 ^ _05526_/Y (NOR2x2_ASAP7_75t_R)
  48.05  269.85 v _05529_/Y (NAND2x2_ASAP7_75t_R)
  61.79  331.64 ^ _05888_/Y (OAI22x1_ASAP7_75t_R)
  33.46  365.09 v _05889_/Y (NOR2x2_ASAP7_75t_R)
  26.60  391.69 ^ _05890_/Y (NAND2x1_ASAP7_75t_R)
  18.80  410.50 v _05901_/Y (NOR2x1_ASAP7_75t_R)
  28.35  438.85 ^ _05902_/Y (NAND2x1_ASAP7_75t_R)
  20.22  459.07 v _05937_/Y (NOR2x2_ASAP7_75t_R)
  42.43  501.50 ^ _05938_/Y (AOI21x1_ASAP7_75t_R)
  38.24  539.74 v _05999_/Y (AOI21x1_ASAP7_75t_R)
  39.72  579.46 ^ _06004_/Y (AOI21x1_ASAP7_75t_R)
  40.76  620.22 ^ rebuffer446/Y (BUFx2_ASAP7_75t_R)
  24.49  644.72 ^ rebuffer427/Y (BUFx6f_ASAP7_75t_R)
  23.97  668.68 ^ rebuffer428/Y (BUFx2_ASAP7_75t_R)
  23.01  691.69 ^ _06112_/Y (AO21x2_ASAP7_75t_R)
  42.43  734.12 ^ _06114_/Y (OA21x2_ASAP7_75t_R)
  32.78  766.90 ^ rebuffer470/Y (BUFx12f_ASAP7_75t_R)
  35.29  802.19 ^ rebuffer471/Y (BUFx2_ASAP7_75t_R)
  18.09  820.28 v clone469/Y (INVx6_ASAP7_75t_R)
  77.89  898.17 v _08335_/Y (OR3x4_ASAP7_75t_R)
  44.88  943.05 ^ _08336_/Y (NOR2x2_ASAP7_75t_R)
  28.76  971.81 v clone666/Y (INVx3_ASAP7_75t_R)
  17.13  988.94 ^ _08340_/Y (NOR2x1_ASAP7_75t_R)
  23.94 1012.88 ^ _08341_/Y (AO21x1_ASAP7_75t_R)
   0.00 1012.88 ^ _10860_/D (DFFLQNx2_ASAP7_75t_R)
        1012.88   data arrival time

  10.00   10.00   clock clk' (fall edge)
   0.00   10.00   clock network delay (ideal)
   0.00   10.00   clock reconvergence pessimism
          10.00 v _10860_/CLK (DFFLQNx2_ASAP7_75t_R)
  -3.89    6.11   library setup time
           6.11   data required time
---------------------------------------------------------
           6.11   data required time
        -1012.88   data arrival time
---------------------------------------------------------
        -1006.77   slack (VIOLATED)


Startpoint: _10775_ (falling edge-triggered flip-flop clocked by clk')
Endpoint: _10753_ (falling edge-triggered flip-flop clocked by clk')
Path Group: clk
Path Type: max

  Delay    Time   Description
---------------------------------------------------------
   0.00    0.00   clock clk' (fall edge)
   0.00    0.00   clock network delay (ideal)
   0.00    0.00 v _10775_/CLK (DFFLQNx3_ASAP7_75t_R)
 151.64  151.64 v _10775_/QN (DFFLQNx3_ASAP7_75t_R)
  70.60  222.24 ^ _05584_/Y (NAND2x2_ASAP7_75t_R)
  36.77  259.01 v _05618_/Y (INVx4_ASAP7_75t_R)
  38.62  297.63 ^ _05621_/Y (NAND2x2_ASAP7_75t_R)
  38.19  335.82 ^ rebuffer1058/Y (BUFx3_ASAP7_75t_R)
  19.75  355.57 v _05622_/Y (NOR2x2_ASAP7_75t_R)
  26.02  381.59 ^ _06631_/Y (NAND2x1_ASAP7_75t_R)
  25.59  407.18 v _06632_/Y (AOI21x1_ASAP7_75t_R)
  45.72  452.90 v _06633_/Y (AND2x6_ASAP7_75t_R)
  23.69  476.59 ^ _06635_/Y (NOR2x2_ASAP7_75t_R)
  16.39  492.98 v _06958_/Y (INVx2_ASAP7_75t_R)
  27.17  520.15 v _07094_/Y (OA21x2_ASAP7_75t_R)
  66.42  586.57 v _10546_/SN (HAxp5_ASAP7_75t_R)
  46.54  633.11 v _06646_/Y (OA21x2_ASAP7_75t_R)
  39.66  672.77 v _06647_/Y (OR3x1_ASAP7_75t_R)
  54.99  727.76 v _06648_/Y (OA211x2_ASAP7_75t_R)
  17.02  744.78 ^ _06649_/Y (OAI21x1_ASAP7_75t_R)
  23.70  768.48 v _06656_/Y (AOI21x1_ASAP7_75t_R)
  43.34  811.82 v _06660_/Y (OR3x1_ASAP7_75t_R)
  58.58  870.40 v _06661_/Y (OA211x2_ASAP7_75t_R)
  65.52  935.92 ^ _10473_/SN (FAx1_ASAP7_75t_R)
  30.41  966.33 v _10025_/Y (AOI21x1_ASAP7_75t_R)
  16.79  983.12 ^ _10026_/Y (OAI21x1_ASAP7_75t_R)
  14.69  997.80 v _10027_/Y (AOI21x1_ASAP7_75t_R)
   0.00  997.80 v _10753_/D (DFFLQNx2_ASAP7_75t_R)
         997.80   data arrival time

  10.00   10.00   clock clk' (fall edge)
   0.00   10.00   clock network delay (ideal)
   0.00   10.00   clock reconvergence pessimism
          10.00 v _10753_/CLK (DFFLQNx2_ASAP7_75t_R)
 -18.67   -8.67   library setup time
          -8.67   data required time
---------------------------------------------------------
          -8.67   data required time
        -997.80   data arrival time
---------------------------------------------------------
        -1006.47   slack (VIOLATED)


Startpoint: _10775_ (falling edge-triggered flip-flop clocked by clk')
Endpoint: _10754_ (falling edge-triggered flip-flop clocked by clk')
Path Group: clk
Path Type: max

  Delay    Time   Description
---------------------------------------------------------
   0.00    0.00   clock clk' (fall edge)
   0.00    0.00   clock network delay (ideal)
   0.00    0.00 v _10775_/CLK (DFFLQNx3_ASAP7_75t_R)
 151.64  151.64 v _10775_/QN (DFFLQNx3_ASAP7_75t_R)
  70.60  222.24 ^ _05584_/Y (NAND2x2_ASAP7_75t_R)
  36.77  259.01 v _05618_/Y (INVx4_ASAP7_75t_R)
  38.62  297.63 ^ _05621_/Y (NAND2x2_ASAP7_75t_R)
  38.19  335.82 ^ rebuffer1058/Y (BUFx3_ASAP7_75t_R)
  19.75  355.57 v _05622_/Y (NOR2x2_ASAP7_75t_R)
  26.02  381.59 ^ _06631_/Y (NAND2x1_ASAP7_75t_R)
  25.59  407.18 v _06632_/Y (AOI21x1_ASAP7_75t_R)
  45.72  452.90 v _06633_/Y (AND2x6_ASAP7_75t_R)
  23.69  476.59 ^ _06635_/Y (NOR2x2_ASAP7_75t_R)
  16.39  492.98 v _06958_/Y (INVx2_ASAP7_75t_R)
  27.17  520.15 v _07094_/Y (OA21x2_ASAP7_75t_R)
  66.42  586.57 v _10546_/SN (HAxp5_ASAP7_75t_R)
  46.54  633.11 v _06646_/Y (OA21x2_ASAP7_75t_R)
  39.66  672.77 v _06647_/Y (OR3x1_ASAP7_75t_R)
  54.99  727.76 v _06648_/Y (OA211x2_ASAP7_75t_R)
  17.02  744.78 ^ _06649_/Y (OAI21x1_ASAP7_75t_R)
  23.70  768.48 v _06656_/Y (AOI21x1_ASAP7_75t_R)
  43.34  811.82 v _06660_/Y (OR3x1_ASAP7_75t_R)
  58.58  870.40 v _06661_/Y (OA211x2_ASAP7_75t_R)
  36.58  906.98 ^ _10473_/CON (FAx1_ASAP7_75t_R)
  43.26  950.24 ^ _10028_/Y (XOR2x2_ASAP7_75t_R)
  28.77  979.01 ^ _10033_/Y (AO21x1_ASAP7_75t_R)
  13.63  992.64 v _10035_/Y (AOI21x1_ASAP7_75t_R)
   0.00  992.64 v _10754_/D (DFFLQNx2_ASAP7_75t_R)
         992.64   data arrival time

  10.00   10.00   clock clk' (fall edge)
   0.00   10.00   clock network delay (ideal)
   0.00   10.00   clock reconvergence pessimism
          10.00 v _10754_/CLK (DFFLQNx2_ASAP7_75t_R)
 -20.20  -10.20   library setup time
         -10.20   data required time
---------------------------------------------------------
         -10.20   data required time
        -992.64   data arrival time
---------------------------------------------------------
        -1002.84   slack (VIOLATED)


Startpoint: _10777_ (falling edge-triggered flip-flop clocked by clk')
Endpoint: _10728_ (falling edge-triggered flip-flop clocked by clk')
Path Group: clk
Path Type: max

  Delay    Time   Description
---------------------------------------------------------
   0.00    0.00   clock clk' (fall edge)
   0.00    0.00   clock network delay (ideal)
   0.00    0.00 v _10777_/CLK (DFFLQNx3_ASAP7_75t_R)
 128.22  128.22 v _10777_/QN (DFFLQNx3_ASAP7_75t_R)
  46.25  174.47 v rebuffer508/Y (BUFx12f_ASAP7_75t_R)
  17.14  191.61 ^ _05607_/Y (CKINVDCx20_ASAP7_75t_R)
  25.16  216.78 v _05608_/Y (NAND2x2_ASAP7_75t_R)
  38.79  255.56 v rebuffer412/Y (BUFx3_ASAP7_75t_R)
  31.19  286.75 ^ _05905_/Y (NOR2x2_ASAP7_75t_R)
  39.80  326.55 v _05906_/Y (OAI21x1_ASAP7_75t_R)
  36.34  362.89 ^ _05910_/Y (NAND3x2_ASAP7_75t_R)
  23.29  386.18 v _05945_/Y (NOR2x1_ASAP7_75t_R)
  25.15  411.33 ^ _05946_/Y (NAND2x1_ASAP7_75t_R)
  23.34  434.67 v _05962_/Y (NOR2x2_ASAP7_75t_R)
  25.35  460.02 ^ _05972_/Y (AOI21x1_ASAP7_75t_R)
  32.64  492.66 ^ _06305_/Y (AND2x2_ASAP7_75t_R)
  63.34  555.99 ^ _06306_/Y (OA22x2_ASAP7_75t_R)
  29.94  585.93 v _06308_/Y (CKINVDCx16_ASAP7_75t_R)
  25.85  611.78 ^ _06508_/Y (NOR2x2_ASAP7_75t_R)
  16.82  628.60 v _06885_/Y (INVx2_ASAP7_75t_R)
  27.51  656.11 v _06887_/Y (OA21x2_ASAP7_75t_R)
  66.99  723.10 v _10532_/SN (HAxp5_ASAP7_75t_R)
  41.33  764.43 v rebuffer476/Y (BUFx2_ASAP7_75t_R)
  28.91  793.34 v _09736_/Y (XNOR2x1_ASAP7_75t_R)
  24.66  818.00 ^ _09737_/Y (INVx1_ASAP7_75t_R)
  15.24  833.24 v _09738_/Y (NAND2x1_ASAP7_75t_R)
  53.14  886.38 v _09739_/Y (OA211x2_ASAP7_75t_R)
  33.49  919.87 v _09740_/Y (AO21x1_ASAP7_75t_R)
  30.41  950.28 v _09742_/Y (AO21x1_ASAP7_75t_R)
  42.50  992.78 v _09743_/Y (AO221x1_ASAP7_75t_R)
   0.00  992.78 v _10728_/D (DFFLQNx2_ASAP7_75t_R)
         992.78   data arrival time

  10.00   10.00   clock clk' (fall edge)
   0.00   10.00   clock network delay (ideal)
   0.00   10.00   clock reconvergence pessimism
          10.00 v _10728_/CLK (DFFLQNx2_ASAP7_75t_R)
 -18.23   -8.23   library setup time
          -8.23   data required time
---------------------------------------------------------
          -8.23   data required time
        -992.78   data arrival time
---------------------------------------------------------
        -1001.01   slack (VIOLATED)


Startpoint: _10775_ (falling edge-triggered flip-flop clocked by clk')
Endpoint: _10637_ (falling edge-triggered flip-flop clocked by clk')
Path Group: clk
Path Type: max

  Delay    Time   Description
---------------------------------------------------------
   0.00    0.00   clock clk' (fall edge)
   0.00    0.00   clock network delay (ideal)
   0.00    0.00 v _10775_/CLK (DFFLQNx3_ASAP7_75t_R)
 151.64  151.64 v _10775_/QN (DFFLQNx3_ASAP7_75t_R)
  70.15  221.79 ^ _05526_/Y (NOR2x2_ASAP7_75t_R)
  48.05  269.85 v _05529_/Y (NAND2x2_ASAP7_75t_R)
  61.79  331.64 ^ _05888_/Y (OAI22x1_ASAP7_75t_R)
  33.46  365.09 v _05889_/Y (NOR2x2_ASAP7_75t_R)
  26.60  391.69 ^ _05890_/Y (NAND2x1_ASAP7_75t_R)
  18.80  410.50 v _05901_/Y (NOR2x1_ASAP7_75t_R)
  28.35  438.85 ^ _05902_/Y (NAND2x1_ASAP7_75t_R)
  20.22  459.07 v _05937_/Y (NOR2x2_ASAP7_75t_R)
  42.43  501.50 ^ _05938_/Y (AOI21x1_ASAP7_75t_R)
  38.24  539.74 v _05999_/Y (AOI21x1_ASAP7_75t_R)
  39.72  579.46 ^ _06004_/Y (AOI21x1_ASAP7_75t_R)
  37.75  617.21 ^ rebuffer413/Y (BUFx3_ASAP7_75t_R)
  38.49  655.70 v _06037_/Y (OAI21x1_ASAP7_75t_R)
  47.59  703.30 v load_slew73/Y (BUFx16f_ASAP7_75t_R)
  27.43  730.73 v rebuffer944/Y (BUFx6f_ASAP7_75t_R)
  27.88  758.61 v clone463/Y (BUFx12f_ASAP7_75t_R)
  26.97  785.58 v rebuffer457/Y (BUFx12f_ASAP7_75t_R)
  13.20  798.77 ^ clone425/Y (INVx8_ASAP7_75t_R)
  12.81  811.58 v _06828_/Y (NAND2x1_ASAP7_75t_R)
  31.72  843.30 v _06830_/Y (AO21x1_ASAP7_75t_R)
  39.23  882.53 v _06834_/Y (AO21x1_ASAP7_75t_R)
  20.27  902.80 ^ _06844_/Y (NAND2x2_ASAP7_75t_R)
  30.17  932.97 ^ rebuffer995/Y (BUFx2_ASAP7_75t_R)
  13.74  946.71 v _07737_/Y (AOI21x1_ASAP7_75t_R)
  21.27  967.98 ^ _07749_/Y (AOI21x1_ASAP7_75t_R)
  15.16  983.14 v _07751_/Y (OAI21x1_ASAP7_75t_R)
   0.00  983.14 v _10637_/D (DFFLQNx2_ASAP7_75t_R)
         983.14   data arrival time

  10.00   10.00   clock clk' (fall edge)
   0.00   10.00   clock network delay (ideal)
   0.00   10.00   clock reconvergence pessimism
          10.00 v _10637_/CLK (DFFLQNx2_ASAP7_75t_R)
 -18.60   -8.60   library setup time
          -8.60   data required time
---------------------------------------------------------
          -8.60   data required time
        -983.14   data arrival time
---------------------------------------------------------
        -991.74   slack (VIOLATED)


Startpoint: _10775_ (falling edge-triggered flip-flop clocked by clk')
Endpoint: _10642_ (falling edge-triggered flip-flop clocked by clk')
Path Group: clk
Path Type: max

  Delay    Time   Description
---------------------------------------------------------
   0.00    0.00   clock clk' (fall edge)
   0.00    0.00   clock network delay (ideal)
   0.00    0.00 v _10775_/CLK (DFFLQNx3_ASAP7_75t_R)
 151.64  151.64 v _10775_/QN (DFFLQNx3_ASAP7_75t_R)
  70.60  222.24 ^ _05584_/Y (NAND2x2_ASAP7_75t_R)
  51.20  273.44 v _05585_/Y (NOR2x2_ASAP7_75t_R)
  31.32  304.76 ^ _05586_/Y (INVx4_ASAP7_75t_R)
  22.28  327.04 v _05761_/Y (NOR2x2_ASAP7_75t_R)
  50.28  377.32 ^ _05881_/Y (AOI211x1_ASAP7_75t_R)
  25.27  402.58 v _05882_/Y (NAND2x1_ASAP7_75t_R)
  20.00  422.58 ^ _05883_/Y (NOR2x1_ASAP7_75t_R)
  20.99  443.57 v _05902_/Y (NAND2x1_ASAP7_75t_R)
  17.61  461.19 ^ _05937_/Y (NOR2x2_ASAP7_75t_R)
  31.40  492.58 v _05938_/Y (AOI21x1_ASAP7_75t_R)
  34.61  527.19 ^ _05999_/Y (AOI21x1_ASAP7_75t_R)
  31.36  558.55 v _06004_/Y (AOI21x1_ASAP7_75t_R)
  38.46  597.01 v rebuffer413/Y (BUFx3_ASAP7_75t_R)
  54.00  651.01 ^ _06037_/Y (OAI21x1_ASAP7_75t_R)
  49.87  700.88 ^ load_slew73/Y (BUFx16f_ASAP7_75t_R)
  31.23  732.11 ^ rebuffer1044/Y (BUFx2_ASAP7_75t_R)
  30.02  762.14 ^ rebuffer423/Y (BUFx12f_ASAP7_75t_R)
  27.94  790.08 ^ rebuffer424/Y (BUFx2_ASAP7_75t_R)
  12.14  802.21 v _06999_/Y (NOR2x1_ASAP7_75t_R)
  33.25  835.46 v _07000_/Y (AO21x1_ASAP7_75t_R)
  31.07  866.53 v _07001_/Y (AND2x2_ASAP7_75t_R)
  25.28  891.81 ^ _07005_/Y (OAI21x1_ASAP7_75t_R)
  18.20  910.01 v _07006_/Y (NAND2x2_ASAP7_75t_R)
  31.02  941.03 v rebuffer1043/Y (BUFx2_ASAP7_75t_R)
  17.91  958.94 ^ _07791_/Y (AOI21x1_ASAP7_75t_R)
  18.19  977.13 v _07795_/Y (AOI21x1_ASAP7_75t_R)
  17.72  994.85 ^ _07797_/Y (OAI21x1_ASAP7_75t_R)
   0.00  994.85 ^ _10642_/D (DFFLQNx2_ASAP7_75t_R)
         994.85   data arrival time

  10.00   10.00   clock clk' (fall edge)
   0.00   10.00   clock network delay (ideal)
   0.00   10.00   clock reconvergence pessimism
          10.00 v _10642_/CLK (DFFLQNx2_ASAP7_75t_R)
  -5.36    4.64   library setup time
           4.64   data required time
---------------------------------------------------------
           4.64   data required time
        -994.85   data arrival time
---------------------------------------------------------
        -990.21   slack (VIOLATED)


Startpoint: _10775_ (falling edge-triggered flip-flop clocked by clk')
Endpoint: _10655_ (falling edge-triggered flip-flop clocked by clk')
Path Group: clk
Path Type: max

  Delay    Time   Description
---------------------------------------------------------
   0.00    0.00   clock clk' (fall edge)
   0.00    0.00   clock network delay (ideal)
   0.00    0.00 v _10775_/CLK (DFFLQNx3_ASAP7_75t_R)
 151.64  151.64 v _10775_/QN (DFFLQNx3_ASAP7_75t_R)
  70.15  221.79 ^ _05526_/Y (NOR2x2_ASAP7_75t_R)
  48.05  269.85 v _05529_/Y (NAND2x2_ASAP7_75t_R)
  61.79  331.64 ^ _05888_/Y (OAI22x1_ASAP7_75t_R)
  33.46  365.09 v _05889_/Y (NOR2x2_ASAP7_75t_R)
  26.60  391.69 ^ _05890_/Y (NAND2x1_ASAP7_75t_R)
  18.80  410.50 v _05901_/Y (NOR2x1_ASAP7_75t_R)
  28.35  438.85 ^ _05902_/Y (NAND2x1_ASAP7_75t_R)
  20.22  459.07 v _05937_/Y (NOR2x2_ASAP7_75t_R)
  42.43  501.50 ^ _05938_/Y (AOI21x1_ASAP7_75t_R)
  38.24  539.74 v _05999_/Y (AOI21x1_ASAP7_75t_R)
  39.72  579.46 ^ _06004_/Y (AOI21x1_ASAP7_75t_R)
  37.75  617.21 ^ rebuffer413/Y (BUFx3_ASAP7_75t_R)
  38.49  655.70 v _06037_/Y (OAI21x1_ASAP7_75t_R)
  47.59  703.30 v load_slew73/Y (BUFx16f_ASAP7_75t_R)
  27.43  730.73 v rebuffer944/Y (BUFx6f_ASAP7_75t_R)
  27.88  758.61 v clone463/Y (BUFx12f_ASAP7_75t_R)
  26.97  785.58 v rebuffer457/Y (BUFx12f_ASAP7_75t_R)
  13.20  798.77 ^ clone425/Y (INVx8_ASAP7_75t_R)
  33.60  832.37 ^ rebuffer997/Y (BUFx2_ASAP7_75t_R)
  13.60  845.97 v _06040_/Y (NAND2x1_ASAP7_75t_R)
  30.80  876.77 v _06052_/Y (AO21x1_ASAP7_75t_R)
  38.25  915.02 v _06116_/Y (AO21x1_ASAP7_75t_R)
  22.53  937.55 ^ _06128_/Y (NAND2x2_ASAP7_75t_R)
  13.62  951.16 v _06846_/Y (INVx2_ASAP7_75t_R)
  30.66  981.83 v _07858_/Y (AO21x1_ASAP7_75t_R)
   0.00  981.83 v _10655_/D (DFFLQNx2_ASAP7_75t_R)
         981.83   data arrival time

  10.00   10.00   clock clk' (fall edge)
   0.00   10.00   clock network delay (ideal)
   0.00   10.00   clock reconvergence pessimism
          10.00 v _10655_/CLK (DFFLQNx2_ASAP7_75t_R)
 -18.00   -8.00   library setup time
          -8.00   data required time
---------------------------------------------------------
          -8.00   data required time
        -981.83   data arrival time
---------------------------------------------------------
        -989.83   slack (VIOLATED)


Startpoint: _10775_ (falling edge-triggered flip-flop clocked by clk')
Endpoint: _10809_ (falling edge-triggered flip-flop clocked by clk')
Path Group: clk
Path Type: max

  Delay    Time   Description
---------------------------------------------------------
   0.00    0.00   clock clk' (fall edge)
   0.00    0.00   clock network delay (ideal)
   0.00    0.00 v _10775_/CLK (DFFLQNx3_ASAP7_75t_R)
 151.64  151.64 v _10775_/QN (DFFLQNx3_ASAP7_75t_R)
  70.60  222.24 ^ _05584_/Y (NAND2x2_ASAP7_75t_R)
  51.20  273.44 v _05585_/Y (NOR2x2_ASAP7_75t_R)
  31.32  304.76 ^ _05586_/Y (INVx4_ASAP7_75t_R)
  22.28  327.04 v _05761_/Y (NOR2x2_ASAP7_75t_R)
  50.28  377.32 ^ _05881_/Y (AOI211x1_ASAP7_75t_R)
  25.27  402.58 v _05882_/Y (NAND2x1_ASAP7_75t_R)
  20.00  422.58 ^ _05883_/Y (NOR2x1_ASAP7_75t_R)
  20.99  443.57 v _05902_/Y (NAND2x1_ASAP7_75t_R)
  17.61  461.19 ^ _05937_/Y (NOR2x2_ASAP7_75t_R)
  31.40  492.58 v _05938_/Y (AOI21x1_ASAP7_75t_R)
  34.61  527.19 ^ _05999_/Y (AOI21x1_ASAP7_75t_R)
  31.36  558.55 v _06004_/Y (AOI21x1_ASAP7_75t_R)
  41.48  600.03 v rebuffer446/Y (BUFx2_ASAP7_75t_R)
  26.66  626.68 v rebuffer427/Y (BUFx6f_ASAP7_75t_R)
  27.11  653.79 v rebuffer428/Y (BUFx2_ASAP7_75t_R)
  38.56  692.36 v _06112_/Y (AO21x2_ASAP7_75t_R)
  47.35  739.70 v _06114_/Y (OA21x2_ASAP7_75t_R)
  33.49  773.20 v rebuffer470/Y (BUFx12f_ASAP7_75t_R)
  36.70  809.90 v rebuffer471/Y (BUFx2_ASAP7_75t_R)
  19.05  828.95 ^ clone469/Y (INVx6_ASAP7_75t_R)
  54.90  883.85 ^ _08159_/Y (AND3x2_ASAP7_75t_R)
  44.49  928.34 ^ _08167_/Y (AND2x6_ASAP7_75t_R)
  18.91  947.25 v _08175_/Y (INVx4_ASAP7_75t_R)
  31.52  978.77 v _08182_/Y (AO21x1_ASAP7_75t_R)
   0.00  978.77 v _10809_/D (DFFLQNx2_ASAP7_75t_R)
         978.77   data arrival time

  10.00   10.00   clock clk' (fall edge)
   0.00   10.00   clock network delay (ideal)
   0.00   10.00   clock reconvergence pessimism
          10.00 v _10809_/CLK (DFFLQNx2_ASAP7_75t_R)
 -17.33   -7.33   library setup time
          -7.33   data required time
---------------------------------------------------------
          -7.33   data required time
        -978.77   data arrival time
---------------------------------------------------------
        -986.10   slack (VIOLATED)


Startpoint: _10775_ (falling edge-triggered flip-flop clocked by clk')
Endpoint: _10641_ (falling edge-triggered flip-flop clocked by clk')
Path Group: clk
Path Type: max

  Delay    Time   Description
---------------------------------------------------------
   0.00    0.00   clock clk' (fall edge)
   0.00    0.00   clock network delay (ideal)
   0.00    0.00 v _10775_/CLK (DFFLQNx3_ASAP7_75t_R)
 151.64  151.64 v _10775_/QN (DFFLQNx3_ASAP7_75t_R)
  70.15  221.79 ^ _05526_/Y (NOR2x2_ASAP7_75t_R)
  48.05  269.85 v _05529_/Y (NAND2x2_ASAP7_75t_R)
  61.79  331.64 ^ _05888_/Y (OAI22x1_ASAP7_75t_R)
  33.46  365.09 v _05889_/Y (NOR2x2_ASAP7_75t_R)
  26.60  391.69 ^ _05890_/Y (NAND2x1_ASAP7_75t_R)
  18.80  410.50 v _05901_/Y (NOR2x1_ASAP7_75t_R)
  28.35  438.85 ^ _05902_/Y (NAND2x1_ASAP7_75t_R)
  20.22  459.07 v _05937_/Y (NOR2x2_ASAP7_75t_R)
  42.43  501.50 ^ _05938_/Y (AOI21x1_ASAP7_75t_R)
  38.24  539.74 v _05999_/Y (AOI21x1_ASAP7_75t_R)
  39.72  579.46 ^ _06004_/Y (AOI21x1_ASAP7_75t_R)
  37.75  617.21 ^ rebuffer413/Y (BUFx3_ASAP7_75t_R)
  38.49  655.70 v _06037_/Y (OAI21x1_ASAP7_75t_R)
  47.59  703.30 v load_slew73/Y (BUFx16f_ASAP7_75t_R)
  27.43  730.73 v rebuffer944/Y (BUFx6f_ASAP7_75t_R)
  27.88  758.61 v clone463/Y (BUFx12f_ASAP7_75t_R)
  26.97  785.58 v rebuffer457/Y (BUFx12f_ASAP7_75t_R)
  27.79  813.37 v rebuffer998/Y (BUFx6f_ASAP7_75t_R)
  12.84  826.21 ^ clone908/Y (INVx8_ASAP7_75t_R)
  12.36  838.57 v _06129_/Y (NAND2x1_ASAP7_75t_R)
  31.72  870.29 v _06131_/Y (AO21x1_ASAP7_75t_R)
  34.50  904.80 v _06135_/Y (AO21x1_ASAP7_75t_R)
  19.42  924.21 ^ _06136_/Y (INVx2_ASAP7_75t_R)
  16.17  940.38 v _07782_/Y (OAI21x1_ASAP7_75t_R)
  20.76  961.14 ^ _07786_/Y (AOI21x1_ASAP7_75t_R)
  15.17  976.32 v _07788_/Y (OAI21x1_ASAP7_75t_R)
   0.00  976.32 v _10641_/D (DFFLQNx2_ASAP7_75t_R)
         976.32   data arrival time

  10.00   10.00   clock clk' (fall edge)
   0.00   10.00   clock network delay (ideal)
   0.00   10.00   clock reconvergence pessimism
          10.00 v _10641_/CLK (DFFLQNx2_ASAP7_75t_R)
 -18.60   -8.60   library setup time
          -8.60   data required time
---------------------------------------------------------
          -8.60   data required time
        -976.32   data arrival time
---------------------------------------------------------
        -984.92   slack (VIOLATED)


Startpoint: _10775_ (falling edge-triggered flip-flop clocked by clk')
Endpoint: _10826_ (falling edge-triggered flip-flop clocked by clk')
Path Group: clk
Path Type: max

  Delay    Time   Description
---------------------------------------------------------
   0.00    0.00   clock clk' (fall edge)
   0.00    0.00   clock network delay (ideal)
   0.00    0.00 v _10775_/CLK (DFFLQNx3_ASAP7_75t_R)
 151.64  151.64 v _10775_/QN (DFFLQNx3_ASAP7_75t_R)
  70.15  221.79 ^ _05526_/Y (NOR2x2_ASAP7_75t_R)
  48.05  269.85 v _05529_/Y (NAND2x2_ASAP7_75t_R)
  61.79  331.64 ^ _05888_/Y (OAI22x1_ASAP7_75t_R)
  33.46  365.09 v _05889_/Y (NOR2x2_ASAP7_75t_R)
  26.60  391.69 ^ _05890_/Y (NAND2x1_ASAP7_75t_R)
  18.80  410.50 v _05901_/Y (NOR2x1_ASAP7_75t_R)
  28.35  438.85 ^ _05902_/Y (NAND2x1_ASAP7_75t_R)
  20.22  459.07 v _05937_/Y (NOR2x2_ASAP7_75t_R)
  42.43  501.50 ^ _05938_/Y (AOI21x1_ASAP7_75t_R)
  38.24  539.74 v _05999_/Y (AOI21x1_ASAP7_75t_R)
  39.72  579.46 ^ _06004_/Y (AOI21x1_ASAP7_75t_R)
  40.76  620.22 ^ rebuffer446/Y (BUFx2_ASAP7_75t_R)
  24.49  644.72 ^ rebuffer427/Y (BUFx6f_ASAP7_75t_R)
  23.97  668.68 ^ rebuffer428/Y (BUFx2_ASAP7_75t_R)
  23.01  691.69 ^ _06112_/Y (AO21x2_ASAP7_75t_R)
  42.43  734.12 ^ _06114_/Y (OA21x2_ASAP7_75t_R)
  32.78  766.90 ^ rebuffer470/Y (BUFx12f_ASAP7_75t_R)
  35.29  802.19 ^ rebuffer471/Y (BUFx2_ASAP7_75t_R)
  18.09  820.28 v clone469/Y (INVx6_ASAP7_75t_R)
  82.68  902.96 v _08253_/Y (OR3x4_ASAP7_75t_R)
  38.49  941.45 ^ _08254_/Y (NOR2x2_ASAP7_75t_R)
  27.71  969.16 v _08255_/Y (NOR2x1_ASAP7_75t_R)
  19.78  988.94 ^ _08256_/Y (AOI21x1_ASAP7_75t_R)
   0.00  988.94 ^ _10826_/D (DFFLQNx2_ASAP7_75t_R)
         988.94   data arrival time

  10.00   10.00   clock clk' (fall edge)
   0.00   10.00   clock network delay (ideal)
   0.00   10.00   clock reconvergence pessimism
          10.00 v _10826_/CLK (DFFLQNx2_ASAP7_75t_R)
  -5.65    4.35   library setup time
           4.35   data required time
---------------------------------------------------------
           4.35   data required time
        -988.94   data arrival time
---------------------------------------------------------
        -984.60   slack (VIOLATED)


Startpoint: _10775_ (falling edge-triggered flip-flop clocked by clk')
Endpoint: _10834_ (falling edge-triggered flip-flop clocked by clk')
Path Group: clk
Path Type: max

  Delay    Time   Description
---------------------------------------------------------
   0.00    0.00   clock clk' (fall edge)
   0.00    0.00   clock network delay (ideal)
   0.00    0.00 v _10775_/CLK (DFFLQNx3_ASAP7_75t_R)
 151.64  151.64 v _10775_/QN (DFFLQNx3_ASAP7_75t_R)
  70.15  221.79 ^ _05526_/Y (NOR2x2_ASAP7_75t_R)
  48.05  269.85 v _05529_/Y (NAND2x2_ASAP7_75t_R)
  61.79  331.64 ^ _05888_/Y (OAI22x1_ASAP7_75t_R)
  33.46  365.09 v _05889_/Y (NOR2x2_ASAP7_75t_R)
  26.60  391.69 ^ _05890_/Y (NAND2x1_ASAP7_75t_R)
  18.80  410.50 v _05901_/Y (NOR2x1_ASAP7_75t_R)
  28.35  438.85 ^ _05902_/Y (NAND2x1_ASAP7_75t_R)
  20.22  459.07 v _05937_/Y (NOR2x2_ASAP7_75t_R)
  42.43  501.50 ^ _05938_/Y (AOI21x1_ASAP7_75t_R)
  38.24  539.74 v _05999_/Y (AOI21x1_ASAP7_75t_R)
  39.72  579.46 ^ _06004_/Y (AOI21x1_ASAP7_75t_R)
  40.76  620.22 ^ rebuffer446/Y (BUFx2_ASAP7_75t_R)
  24.49  644.72 ^ rebuffer427/Y (BUFx6f_ASAP7_75t_R)
  23.97  668.68 ^ rebuffer428/Y (BUFx2_ASAP7_75t_R)
  23.01  691.69 ^ _06112_/Y (AO21x2_ASAP7_75t_R)
  42.43  734.12 ^ _06114_/Y (OA21x2_ASAP7_75t_R)
  32.78  766.90 ^ rebuffer470/Y (BUFx12f_ASAP7_75t_R)
  35.29  802.19 ^ rebuffer471/Y (BUFx2_ASAP7_75t_R)
  18.09  820.28 v clone469/Y (INVx6_ASAP7_75t_R)
  82.68  902.96 v _08272_/Y (OR3x4_ASAP7_75t_R)
  38.29  941.24 ^ _08273_/Y (NOR2x2_ASAP7_75t_R)
  27.63  968.87 v _08274_/Y (NOR2x1_ASAP7_75t_R)
  20.03  988.90 ^ _08275_/Y (AOI21x1_ASAP7_75t_R)
   0.00  988.90 ^ _10834_/D (DFFLQNx2_ASAP7_75t_R)
         988.90   data arrival time

  10.00   10.00   clock clk' (fall edge)
   0.00   10.00   clock network delay (ideal)
   0.00   10.00   clock reconvergence pessimism
          10.00 v _10834_/CLK (DFFLQNx2_ASAP7_75t_R)
  -5.66    4.34   library setup time
           4.34   data required time
---------------------------------------------------------
           4.34   data required time
        -988.90   data arrival time
---------------------------------------------------------
        -984.56   slack (VIOLATED)


Startpoint: _10775_ (falling edge-triggered flip-flop clocked by clk')
Endpoint: _10657_ (falling edge-triggered flip-flop clocked by clk')
Path Group: clk
Path Type: max

  Delay    Time   Description
---------------------------------------------------------
   0.00    0.00   clock clk' (fall edge)
   0.00    0.00   clock network delay (ideal)
   0.00    0.00 v _10775_/CLK (DFFLQNx3_ASAP7_75t_R)
 151.64  151.64 v _10775_/QN (DFFLQNx3_ASAP7_75t_R)
  70.15  221.79 ^ _05526_/Y (NOR2x2_ASAP7_75t_R)
  48.05  269.85 v _05529_/Y (NAND2x2_ASAP7_75t_R)
  61.79  331.64 ^ _05888_/Y (OAI22x1_ASAP7_75t_R)
  33.46  365.09 v _05889_/Y (NOR2x2_ASAP7_75t_R)
  26.60  391.69 ^ _05890_/Y (NAND2x1_ASAP7_75t_R)
  18.80  410.50 v _05901_/Y (NOR2x1_ASAP7_75t_R)
  28.35  438.85 ^ _05902_/Y (NAND2x1_ASAP7_75t_R)
  20.22  459.07 v _05937_/Y (NOR2x2_ASAP7_75t_R)
  42.43  501.50 ^ _05938_/Y (AOI21x1_ASAP7_75t_R)
  38.24  539.74 v _05999_/Y (AOI21x1_ASAP7_75t_R)
  39.72  579.46 ^ _06004_/Y (AOI21x1_ASAP7_75t_R)
  37.75  617.21 ^ rebuffer413/Y (BUFx3_ASAP7_75t_R)
  38.49  655.70 v _06037_/Y (OAI21x1_ASAP7_75t_R)
  47.59  703.30 v load_slew73/Y (BUFx16f_ASAP7_75t_R)
  27.43  730.73 v rebuffer944/Y (BUFx6f_ASAP7_75t_R)
  27.88  758.61 v clone463/Y (BUFx12f_ASAP7_75t_R)
  26.97  785.58 v rebuffer457/Y (BUFx12f_ASAP7_75t_R)
  27.79  813.37 v rebuffer998/Y (BUFx6f_ASAP7_75t_R)
  12.84  826.21 ^ clone908/Y (INVx8_ASAP7_75t_R)
  12.36  838.57 v _06129_/Y (NAND2x1_ASAP7_75t_R)
  31.72  870.29 v _06131_/Y (AO21x1_ASAP7_75t_R)
  34.50  904.80 v _06135_/Y (AO21x1_ASAP7_75t_R)
  19.42  924.21 ^ _06136_/Y (INVx2_ASAP7_75t_R)
  18.56  942.77 v _06151_/Y (NOR2x2_ASAP7_75t_R)
  33.00  975.77 v _07862_/Y (AO21x1_ASAP7_75t_R)
   0.00  975.77 v _10657_/D (DFFLQNx2_ASAP7_75t_R)
         975.77   data arrival time

  10.00   10.00   clock clk' (fall edge)
   0.00   10.00   clock network delay (ideal)
   0.00   10.00   clock reconvergence pessimism
          10.00 v _10657_/CLK (DFFLQNx2_ASAP7_75t_R)
 -18.00   -8.00   library setup time
          -8.00   data required time
---------------------------------------------------------
          -8.00   data required time
        -975.77   data arrival time
---------------------------------------------------------
        -983.78   slack (VIOLATED)


Startpoint: _10775_ (falling edge-triggered flip-flop clocked by clk')
Endpoint: _10843_ (falling edge-triggered flip-flop clocked by clk')
Path Group: clk
Path Type: max

  Delay    Time   Description
---------------------------------------------------------
   0.00    0.00   clock clk' (fall edge)
   0.00    0.00   clock network delay (ideal)
   0.00    0.00 v _10775_/CLK (DFFLQNx3_ASAP7_75t_R)
 151.64  151.64 v _10775_/QN (DFFLQNx3_ASAP7_75t_R)
  70.15  221.79 ^ _05526_/Y (NOR2x2_ASAP7_75t_R)
  48.05  269.85 v _05529_/Y (NAND2x2_ASAP7_75t_R)
  61.79  331.64 ^ _05888_/Y (OAI22x1_ASAP7_75t_R)
  33.46  365.09 v _05889_/Y (NOR2x2_ASAP7_75t_R)
  26.60  391.69 ^ _05890_/Y (NAND2x1_ASAP7_75t_R)
  18.80  410.50 v _05901_/Y (NOR2x1_ASAP7_75t_R)
  28.35  438.85 ^ _05902_/Y (NAND2x1_ASAP7_75t_R)
  20.22  459.07 v _05937_/Y (NOR2x2_ASAP7_75t_R)
  42.43  501.50 ^ _05938_/Y (AOI21x1_ASAP7_75t_R)
  38.24  539.74 v _05999_/Y (AOI21x1_ASAP7_75t_R)
  39.72  579.46 ^ _06004_/Y (AOI21x1_ASAP7_75t_R)
  40.76  620.22 ^ rebuffer446/Y (BUFx2_ASAP7_75t_R)
  24.49  644.72 ^ rebuffer427/Y (BUFx6f_ASAP7_75t_R)
  23.97  668.68 ^ rebuffer428/Y (BUFx2_ASAP7_75t_R)
  23.01  691.69 ^ _06112_/Y (AO21x2_ASAP7_75t_R)
  42.43  734.12 ^ _06114_/Y (OA21x2_ASAP7_75t_R)
  32.78  766.90 ^ rebuffer470/Y (BUFx12f_ASAP7_75t_R)
  35.29  802.19 ^ rebuffer471/Y (BUFx2_ASAP7_75t_R)
  18.09  820.28 v clone469/Y (INVx6_ASAP7_75t_R)
  41.72  861.99 v _08291_/Y (AND3x4_ASAP7_75t_R)
  42.43  904.43 v _08292_/Y (AND2x6_ASAP7_75t_R)
  19.08  923.51 ^ _08296_/Y (INVx4_ASAP7_75t_R)
  15.39  938.89 v _08297_/Y (NOR2x1_ASAP7_75t_R)
  34.65  973.54 v _08298_/Y (AO21x1_ASAP7_75t_R)
   0.00  973.54 v _10843_/D (DFFLQNx2_ASAP7_75t_R)
         973.54   data arrival time

  10.00   10.00   clock clk' (fall edge)
   0.00   10.00   clock network delay (ideal)
   0.00   10.00   clock reconvergence pessimism
          10.00 v _10843_/CLK (DFFLQNx2_ASAP7_75t_R)
 -17.33   -7.33   library setup time
          -7.33   data required time
---------------------------------------------------------
          -7.33   data required time
        -973.54   data arrival time
---------------------------------------------------------
        -980.87   slack (VIOLATED)


Startpoint: _10775_ (falling edge-triggered flip-flop clocked by clk')
Endpoint: _10852_ (falling edge-triggered flip-flop clocked by clk')
Path Group: clk
Path Type: max

  Delay    Time   Description
---------------------------------------------------------
   0.00    0.00   clock clk' (fall edge)
   0.00    0.00   clock network delay (ideal)
   0.00    0.00 v _10775_/CLK (DFFLQNx3_ASAP7_75t_R)
 151.64  151.64 v _10775_/QN (DFFLQNx3_ASAP7_75t_R)
  70.15  221.79 ^ _05526_/Y (NOR2x2_ASAP7_75t_R)
  48.05  269.85 v _05529_/Y (NAND2x2_ASAP7_75t_R)
  61.79  331.64 ^ _05888_/Y (OAI22x1_ASAP7_75t_R)
  33.46  365.09 v _05889_/Y (NOR2x2_ASAP7_75t_R)
  26.60  391.69 ^ _05890_/Y (NAND2x1_ASAP7_75t_R)
  18.80  410.50 v _05901_/Y (NOR2x1_ASAP7_75t_R)
  28.35  438.85 ^ _05902_/Y (NAND2x1_ASAP7_75t_R)
  20.22  459.07 v _05937_/Y (NOR2x2_ASAP7_75t_R)
  42.43  501.50 ^ _05938_/Y (AOI21x1_ASAP7_75t_R)
  38.24  539.74 v _05999_/Y (AOI21x1_ASAP7_75t_R)
  39.72  579.46 ^ _06004_/Y (AOI21x1_ASAP7_75t_R)
  40.76  620.22 ^ rebuffer446/Y (BUFx2_ASAP7_75t_R)
  24.49  644.72 ^ rebuffer427/Y (BUFx6f_ASAP7_75t_R)
  23.97  668.68 ^ rebuffer428/Y (BUFx2_ASAP7_75t_R)
  23.01  691.69 ^ _06112_/Y (AO21x2_ASAP7_75t_R)
  42.43  734.12 ^ _06114_/Y (OA21x2_ASAP7_75t_R)
  32.78  766.90 ^ rebuffer470/Y (BUFx12f_ASAP7_75t_R)
  35.29  802.19 ^ rebuffer471/Y (BUFx2_ASAP7_75t_R)
  18.09  820.28 v clone469/Y (INVx6_ASAP7_75t_R)
  39.88  860.16 v _08315_/Y (AND3x4_ASAP7_75t_R)
  42.47  902.63 v _08316_/Y (AND2x6_ASAP7_75t_R)
  18.52  921.15 ^ _08320_/Y (INVx5_ASAP7_75t_R)
  15.03  936.18 v _08321_/Y (NOR2x1_ASAP7_75t_R)
  34.65  970.82 v _08322_/Y (AO21x1_ASAP7_75t_R)
   0.00  970.82 v _10852_/D (DFFLQNx2_ASAP7_75t_R)
         970.82   data arrival time

  10.00   10.00   clock clk' (fall edge)
   0.00   10.00   clock network delay (ideal)
   0.00   10.00   clock reconvergence pessimism
          10.00 v _10852_/CLK (DFFLQNx2_ASAP7_75t_R)
 -17.37   -7.37   library setup time
          -7.37   data required time
---------------------------------------------------------
          -7.37   data required time
        -970.82   data arrival time
---------------------------------------------------------
        -978.20   slack (VIOLATED)


Startpoint: _10775_ (falling edge-triggered flip-flop clocked by clk')
Endpoint: _10876_ (falling edge-triggered flip-flop clocked by clk')
Path Group: clk
Path Type: max

  Delay    Time   Description
---------------------------------------------------------
   0.00    0.00   clock clk' (fall edge)
   0.00    0.00   clock network delay (ideal)
   0.00    0.00 v _10775_/CLK (DFFLQNx3_ASAP7_75t_R)
 151.64  151.64 v _10775_/QN (DFFLQNx3_ASAP7_75t_R)
  70.15  221.79 ^ _05526_/Y (NOR2x2_ASAP7_75t_R)
  48.05  269.85 v _05529_/Y (NAND2x2_ASAP7_75t_R)
  61.79  331.64 ^ _05888_/Y (OAI22x1_ASAP7_75t_R)
  33.46  365.09 v _05889_/Y (NOR2x2_ASAP7_75t_R)
  26.60  391.69 ^ _05890_/Y (NAND2x1_ASAP7_75t_R)
  18.80  410.50 v _05901_/Y (NOR2x1_ASAP7_75t_R)
  28.35  438.85 ^ _05902_/Y (NAND2x1_ASAP7_75t_R)
  20.22  459.07 v _05937_/Y (NOR2x2_ASAP7_75t_R)
  42.43  501.50 ^ _05938_/Y (AOI21x1_ASAP7_75t_R)
  38.24  539.74 v _05999_/Y (AOI21x1_ASAP7_75t_R)
  39.72  579.46 ^ _06004_/Y (AOI21x1_ASAP7_75t_R)
  40.76  620.22 ^ rebuffer446/Y (BUFx2_ASAP7_75t_R)
  24.49  644.72 ^ rebuffer427/Y (BUFx6f_ASAP7_75t_R)
  23.97  668.68 ^ rebuffer428/Y (BUFx2_ASAP7_75t_R)
  23.01  691.69 ^ _06112_/Y (AO21x2_ASAP7_75t_R)
  42.43  734.12 ^ _06114_/Y (OA21x2_ASAP7_75t_R)
  32.78  766.90 ^ rebuffer470/Y (BUFx12f_ASAP7_75t_R)
  35.29  802.19 ^ rebuffer471/Y (BUFx2_ASAP7_75t_R)
  18.09  820.28 v clone469/Y (INVx6_ASAP7_75t_R)
  39.88  860.16 v _07922_/Y (AND3x4_ASAP7_75t_R)
  42.47  902.63 v _08373_/Y (AND2x6_ASAP7_75t_R)
  18.52  921.15 ^ _08377_/Y (INVx5_ASAP7_75t_R)
  15.03  936.18 v _08378_/Y (NOR2x1_ASAP7_75t_R)
  34.65  970.82 v _08379_/Y (AO21x1_ASAP7_75t_R)
   0.00  970.82 v _10876_/D (DFFLQNx2_ASAP7_75t_R)
         970.82   data arrival time

  10.00   10.00   clock clk' (fall edge)
   0.00   10.00   clock network delay (ideal)
   0.00   10.00   clock reconvergence pessimism
          10.00 v _10876_/CLK (DFFLQNx2_ASAP7_75t_R)
 -17.33   -7.33   library setup time
          -7.33   data required time
---------------------------------------------------------
          -7.33   data required time
        -970.82   data arrival time
---------------------------------------------------------
        -978.15   slack (VIOLATED)


Startpoint: _10775_ (falling edge-triggered flip-flop clocked by clk')
Endpoint: _10808_ (falling edge-triggered flip-flop clocked by clk')
Path Group: clk
Path Type: max

  Delay    Time   Description
---------------------------------------------------------
   0.00    0.00   clock clk' (fall edge)
   0.00    0.00   clock network delay (ideal)
   0.00    0.00 v _10775_/CLK (DFFLQNx3_ASAP7_75t_R)
 151.64  151.64 v _10775_/QN (DFFLQNx3_ASAP7_75t_R)
  70.60  222.24 ^ _05584_/Y (NAND2x2_ASAP7_75t_R)
  51.20  273.44 v _05585_/Y (NOR2x2_ASAP7_75t_R)
  31.32  304.76 ^ _05586_/Y (INVx4_ASAP7_75t_R)
  22.28  327.04 v _05761_/Y (NOR2x2_ASAP7_75t_R)
  50.28  377.32 ^ _05881_/Y (AOI211x1_ASAP7_75t_R)
  25.27  402.58 v _05882_/Y (NAND2x1_ASAP7_75t_R)
  20.00  422.58 ^ _05883_/Y (NOR2x1_ASAP7_75t_R)
  20.99  443.57 v _05902_/Y (NAND2x1_ASAP7_75t_R)
  17.61  461.19 ^ _05937_/Y (NOR2x2_ASAP7_75t_R)
  31.40  492.58 v _05938_/Y (AOI21x1_ASAP7_75t_R)
  34.61  527.19 ^ _05999_/Y (AOI21x1_ASAP7_75t_R)
  31.36  558.55 v _06004_/Y (AOI21x1_ASAP7_75t_R)
  38.46  597.01 v rebuffer413/Y (BUFx3_ASAP7_75t_R)
  54.00  651.01 ^ _06037_/Y (OAI21x1_ASAP7_75t_R)
  49.87  700.88 ^ load_slew73/Y (BUFx16f_ASAP7_75t_R)
  25.25  726.13 ^ rebuffer944/Y (BUFx6f_ASAP7_75t_R)
  30.07  756.20 ^ clone472/Y (BUFx10_ASAP7_75t_R)
  11.61  767.81 v _06184_/Y (NAND2x1_ASAP7_75t_R)
  29.66  797.47 v _06185_/Y (AO21x1_ASAP7_75t_R)
  38.25  835.72 v _06191_/Y (AO21x1_ASAP7_75t_R)
  32.10  867.82 ^ _06192_/Y (NAND2x2_ASAP7_75t_R)
  20.34  888.17 v _08170_/Y (OAI21x1_ASAP7_75t_R)
  21.70  909.86 ^ _08172_/Y (AOI21x1_ASAP7_75t_R)
  34.72  944.58 ^ rebuffer895/Y (BUFx6f_ASAP7_75t_R)
  14.29  958.87 v _08174_/Y (AOI21x1_ASAP7_75t_R)
   0.00  958.87 v _10808_/D (DFFLQNx2_ASAP7_75t_R)
         958.87   data arrival time

  10.00   10.00   clock clk' (fall edge)
   0.00   10.00   clock network delay (ideal)
   0.00   10.00   clock reconvergence pessimism
          10.00 v _10808_/CLK (DFFLQNx2_ASAP7_75t_R)
 -17.99   -7.99   library setup time
          -7.99   data required time
---------------------------------------------------------
          -7.99   data required time
        -958.87   data arrival time
---------------------------------------------------------
        -966.85   slack (VIOLATED)


Startpoint: _10775_ (falling edge-triggered flip-flop clocked by clk')
Endpoint: _10842_ (falling edge-triggered flip-flop clocked by clk')
Path Group: clk
Path Type: max

  Delay    Time   Description
---------------------------------------------------------
   0.00    0.00   clock clk' (fall edge)
   0.00    0.00   clock network delay (ideal)
   0.00    0.00 v _10775_/CLK (DFFLQNx3_ASAP7_75t_R)
 151.64  151.64 v _10775_/QN (DFFLQNx3_ASAP7_75t_R)
  70.60  222.24 ^ _05584_/Y (NAND2x2_ASAP7_75t_R)
  51.20  273.44 v _05585_/Y (NOR2x2_ASAP7_75t_R)
  31.32  304.76 ^ _05586_/Y (INVx4_ASAP7_75t_R)
  22.28  327.04 v _05761_/Y (NOR2x2_ASAP7_75t_R)
  50.28  377.32 ^ _05881_/Y (AOI211x1_ASAP7_75t_R)
  25.27  402.58 v _05882_/Y (NAND2x1_ASAP7_75t_R)
  20.00  422.58 ^ _05883_/Y (NOR2x1_ASAP7_75t_R)
  20.99  443.57 v _05902_/Y (NAND2x1_ASAP7_75t_R)
  17.61  461.19 ^ _05937_/Y (NOR2x2_ASAP7_75t_R)
  31.40  492.58 v _05938_/Y (AOI21x1_ASAP7_75t_R)
  34.61  527.19 ^ _05999_/Y (AOI21x1_ASAP7_75t_R)
  31.36  558.55 v _06004_/Y (AOI21x1_ASAP7_75t_R)
  38.46  597.01 v rebuffer413/Y (BUFx3_ASAP7_75t_R)
  54.00  651.01 ^ _06037_/Y (OAI21x1_ASAP7_75t_R)
  49.87  700.88 ^ load_slew73/Y (BUFx16f_ASAP7_75t_R)
  25.25  726.13 ^ rebuffer944/Y (BUFx6f_ASAP7_75t_R)
  30.07  756.20 ^ clone472/Y (BUFx10_ASAP7_75t_R)
  11.61  767.81 v _06184_/Y (NAND2x1_ASAP7_75t_R)
  29.66  797.47 v _06185_/Y (AO21x1_ASAP7_75t_R)
  38.25  835.72 v _06191_/Y (AO21x1_ASAP7_75t_R)
  32.10  867.82 ^ _06192_/Y (NAND2x2_ASAP7_75t_R)
  20.34  888.17 v _08170_/Y (OAI21x1_ASAP7_75t_R)
  21.70  909.86 ^ _08172_/Y (AOI21x1_ASAP7_75t_R)
  34.72  944.58 ^ rebuffer895/Y (BUFx6f_ASAP7_75t_R)
  14.29  958.87 v _08295_/Y (AOI21x1_ASAP7_75t_R)
   0.00  958.87 v _10842_/D (DFFLQNx2_ASAP7_75t_R)
         958.87   data arrival time

  10.00   10.00   clock clk' (fall edge)
   0.00   10.00   clock network delay (ideal)
   0.00   10.00   clock reconvergence pessimism
          10.00 v _10842_/CLK (DFFLQNx2_ASAP7_75t_R)
 -17.99   -7.99   library setup time
          -7.99   data required time
---------------------------------------------------------
          -7.99   data required time
        -958.87   data arrival time
---------------------------------------------------------
        -966.85   slack (VIOLATED)


Startpoint: _10775_ (falling edge-triggered flip-flop clocked by clk')
Endpoint: _10851_ (falling edge-triggered flip-flop clocked by clk')
Path Group: clk
Path Type: max

  Delay    Time   Description
---------------------------------------------------------
   0.00    0.00   clock clk' (fall edge)
   0.00    0.00   clock network delay (ideal)
   0.00    0.00 v _10775_/CLK (DFFLQNx3_ASAP7_75t_R)
 151.64  151.64 v _10775_/QN (DFFLQNx3_ASAP7_75t_R)
  70.60  222.24 ^ _05584_/Y (NAND2x2_ASAP7_75t_R)
  51.20  273.44 v _05585_/Y (NOR2x2_ASAP7_75t_R)
  31.32  304.76 ^ _05586_/Y (INVx4_ASAP7_75t_R)
  22.28  327.04 v _05761_/Y (NOR2x2_ASAP7_75t_R)
  50.28  377.32 ^ _05881_/Y (AOI211x1_ASAP7_75t_R)
  25.27  402.58 v _05882_/Y (NAND2x1_ASAP7_75t_R)
  20.00  422.58 ^ _05883_/Y (NOR2x1_ASAP7_75t_R)
  20.99  443.57 v _05902_/Y (NAND2x1_ASAP7_75t_R)
  17.61  461.19 ^ _05937_/Y (NOR2x2_ASAP7_75t_R)
  31.40  492.58 v _05938_/Y (AOI21x1_ASAP7_75t_R)
  34.61  527.19 ^ _05999_/Y (AOI21x1_ASAP7_75t_R)
  31.36  558.55 v _06004_/Y (AOI21x1_ASAP7_75t_R)
  38.46  597.01 v rebuffer413/Y (BUFx3_ASAP7_75t_R)
  54.00  651.01 ^ _06037_/Y (OAI21x1_ASAP7_75t_R)
  49.87  700.88 ^ load_slew73/Y (BUFx16f_ASAP7_75t_R)
  25.25  726.13 ^ rebuffer944/Y (BUFx6f_ASAP7_75t_R)
  30.07  756.20 ^ clone472/Y (BUFx10_ASAP7_75t_R)
  11.61  767.81 v _06184_/Y (NAND2x1_ASAP7_75t_R)
  29.66  797.47 v _06185_/Y (AO21x1_ASAP7_75t_R)
  38.25  835.72 v _06191_/Y (AO21x1_ASAP7_75t_R)
  32.10  867.82 ^ _06192_/Y (NAND2x2_ASAP7_75t_R)
  20.34  888.17 v _08170_/Y (OAI21x1_ASAP7_75t_R)
  21.70  909.86 ^ _08172_/Y (AOI21x1_ASAP7_75t_R)
  34.72  944.58 ^ rebuffer895/Y (BUFx6f_ASAP7_75t_R)
  14.29  958.87 v _08319_/Y (AOI21x1_ASAP7_75t_R)
   0.00  958.87 v _10851_/D (DFFLQNx2_ASAP7_75t_R)
         958.87   data arrival time

  10.00   10.00   clock clk' (fall edge)
   0.00   10.00   clock network delay (ideal)
   0.00   10.00   clock reconvergence pessimism
          10.00 v _10851_/CLK (DFFLQNx2_ASAP7_75t_R)
 -17.99   -7.99   library setup time
          -7.99   data required time
---------------------------------------------------------
          -7.99   data required time
        -958.87   data arrival time
---------------------------------------------------------
        -966.85   slack (VIOLATED)


Startpoint: _10775_ (falling edge-triggered flip-flop clocked by clk')
Endpoint: _10875_ (falling edge-triggered flip-flop clocked by clk')
Path Group: clk
Path Type: max

  Delay    Time   Description
---------------------------------------------------------
   0.00    0.00   clock clk' (fall edge)
   0.00    0.00   clock network delay (ideal)
   0.00    0.00 v _10775_/CLK (DFFLQNx3_ASAP7_75t_R)
 151.64  151.64 v _10775_/QN (DFFLQNx3_ASAP7_75t_R)
  70.60  222.24 ^ _05584_/Y (NAND2x2_ASAP7_75t_R)
  51.20  273.44 v _05585_/Y (NOR2x2_ASAP7_75t_R)
  31.32  304.76 ^ _05586_/Y (INVx4_ASAP7_75t_R)
  22.28  327.04 v _05761_/Y (NOR2x2_ASAP7_75t_R)
  50.28  377.32 ^ _05881_/Y (AOI211x1_ASAP7_75t_R)
  25.27  402.58 v _05882_/Y (NAND2x1_ASAP7_75t_R)
  20.00  422.58 ^ _05883_/Y (NOR2x1_ASAP7_75t_R)
  20.99  443.57 v _05902_/Y (NAND2x1_ASAP7_75t_R)
  17.61  461.19 ^ _05937_/Y (NOR2x2_ASAP7_75t_R)
  31.40  492.58 v _05938_/Y (AOI21x1_ASAP7_75t_R)
  34.61  527.19 ^ _05999_/Y (AOI21x1_ASAP7_75t_R)
  31.36  558.55 v _06004_/Y (AOI21x1_ASAP7_75t_R)
  38.46  597.01 v rebuffer413/Y (BUFx3_ASAP7_75t_R)
  54.00  651.01 ^ _06037_/Y (OAI21x1_ASAP7_75t_R)
  49.87  700.88 ^ load_slew73/Y (BUFx16f_ASAP7_75t_R)
  25.25  726.13 ^ rebuffer944/Y (BUFx6f_ASAP7_75t_R)
  30.07  756.20 ^ clone472/Y (BUFx10_ASAP7_75t_R)
  11.61  767.81 v _06184_/Y (NAND2x1_ASAP7_75t_R)
  29.66  797.47 v _06185_/Y (AO21x1_ASAP7_75t_R)
  38.25  835.72 v _06191_/Y (AO21x1_ASAP7_75t_R)
  32.10  867.82 ^ _06192_/Y (NAND2x2_ASAP7_75t_R)
  20.34  888.17 v _08170_/Y (OAI21x1_ASAP7_75t_R)
  21.70  909.86 ^ _08172_/Y (AOI21x1_ASAP7_75t_R)
  34.72  944.58 ^ rebuffer895/Y (BUFx6f_ASAP7_75t_R)
  14.29  958.87 v _08376_/Y (AOI21x1_ASAP7_75t_R)
   0.00  958.87 v _10875_/D (DFFLQNx2_ASAP7_75t_R)
         958.87   data arrival time

  10.00   10.00   clock clk' (fall edge)
   0.00   10.00   clock network delay (ideal)
   0.00   10.00   clock reconvergence pessimism
          10.00 v _10875_/CLK (DFFLQNx2_ASAP7_75t_R)
 -17.99   -7.99   library setup time
          -7.99   data required time
---------------------------------------------------------
          -7.99   data required time
        -958.87   data arrival time
---------------------------------------------------------
        -966.85   slack (VIOLATED)


Startpoint: _10775_ (falling edge-triggered flip-flop clocked by clk')
Endpoint: _10653_ (falling edge-triggered flip-flop clocked by clk')
Path Group: clk
Path Type: max

  Delay    Time   Description
---------------------------------------------------------
   0.00    0.00   clock clk' (fall edge)
   0.00    0.00   clock network delay (ideal)
   0.00    0.00 v _10775_/CLK (DFFLQNx3_ASAP7_75t_R)
 151.64  151.64 v _10775_/QN (DFFLQNx3_ASAP7_75t_R)
  70.15  221.79 ^ _05526_/Y (NOR2x2_ASAP7_75t_R)
  48.05  269.85 v _05529_/Y (NAND2x2_ASAP7_75t_R)
  61.79  331.64 ^ _05888_/Y (OAI22x1_ASAP7_75t_R)
  33.46  365.09 v _05889_/Y (NOR2x2_ASAP7_75t_R)
  26.60  391.69 ^ _05890_/Y (NAND2x1_ASAP7_75t_R)
  18.80  410.50 v _05901_/Y (NOR2x1_ASAP7_75t_R)
  28.35  438.85 ^ _05902_/Y (NAND2x1_ASAP7_75t_R)
  20.22  459.07 v _05937_/Y (NOR2x2_ASAP7_75t_R)
  42.43  501.50 ^ _05938_/Y (AOI21x1_ASAP7_75t_R)
  38.24  539.74 v _05999_/Y (AOI21x1_ASAP7_75t_R)
  39.72  579.46 ^ _06004_/Y (AOI21x1_ASAP7_75t_R)
  37.75  617.21 ^ rebuffer413/Y (BUFx3_ASAP7_75t_R)
  38.49  655.70 v _06037_/Y (OAI21x1_ASAP7_75t_R)
  47.59  703.30 v load_slew73/Y (BUFx16f_ASAP7_75t_R)
  27.43  730.73 v rebuffer944/Y (BUFx6f_ASAP7_75t_R)
  27.88  758.61 v clone463/Y (BUFx12f_ASAP7_75t_R)
  26.97  785.58 v rebuffer457/Y (BUFx12f_ASAP7_75t_R)
  13.20  798.77 ^ clone425/Y (INVx8_ASAP7_75t_R)
  12.81  811.58 v _06828_/Y (NAND2x1_ASAP7_75t_R)
  31.72  843.30 v _06830_/Y (AO21x1_ASAP7_75t_R)
  39.23  882.53 v _06834_/Y (AO21x1_ASAP7_75t_R)
  20.27  902.80 ^ _06844_/Y (NAND2x2_ASAP7_75t_R)
  15.71  918.51 v _06845_/Y (INVx2_ASAP7_75t_R)
  31.45  949.96 v _07854_/Y (AO21x1_ASAP7_75t_R)
   0.00  949.96 v _10653_/D (DFFLQNx2_ASAP7_75t_R)
         949.96   data arrival time

  10.00   10.00   clock clk' (fall edge)
   0.00   10.00   clock network delay (ideal)
   0.00   10.00   clock reconvergence pessimism
          10.00 v _10653_/CLK (DFFLQNx2_ASAP7_75t_R)
 -18.00   -8.00   library setup time
          -8.00   data required time
---------------------------------------------------------
          -8.00   data required time
        -949.96   data arrival time
---------------------------------------------------------
        -957.96   slack (VIOLATED)


Startpoint: _10775_ (falling edge-triggered flip-flop clocked by clk')
Endpoint: _10651_ (falling edge-triggered flip-flop clocked by clk')
Path Group: clk
Path Type: max

  Delay    Time   Description
---------------------------------------------------------
   0.00    0.00   clock clk' (fall edge)
   0.00    0.00   clock network delay (ideal)
   0.00    0.00 v _10775_/CLK (DFFLQNx3_ASAP7_75t_R)
 151.64  151.64 v _10775_/QN (DFFLQNx3_ASAP7_75t_R)
  70.15  221.79 ^ _05526_/Y (NOR2x2_ASAP7_75t_R)
  48.05  269.85 v _05529_/Y (NAND2x2_ASAP7_75t_R)
  61.79  331.64 ^ _05888_/Y (OAI22x1_ASAP7_75t_R)
  33.46  365.09 v _05889_/Y (NOR2x2_ASAP7_75t_R)
  26.60  391.69 ^ _05890_/Y (NAND2x1_ASAP7_75t_R)
  18.80  410.50 v _05901_/Y (NOR2x1_ASAP7_75t_R)
  28.35  438.85 ^ _05902_/Y (NAND2x1_ASAP7_75t_R)
  20.22  459.07 v _05937_/Y (NOR2x2_ASAP7_75t_R)
  42.43  501.50 ^ _05938_/Y (AOI21x1_ASAP7_75t_R)
  38.24  539.74 v _05999_/Y (AOI21x1_ASAP7_75t_R)
  39.72  579.46 ^ _06004_/Y (AOI21x1_ASAP7_75t_R)
  37.75  617.21 ^ rebuffer413/Y (BUFx3_ASAP7_75t_R)
  38.49  655.70 v _06037_/Y (OAI21x1_ASAP7_75t_R)
  47.59  703.30 v load_slew73/Y (BUFx16f_ASAP7_75t_R)
  27.43  730.73 v rebuffer944/Y (BUFx6f_ASAP7_75t_R)
  27.88  758.61 v clone463/Y (BUFx12f_ASAP7_75t_R)
  26.97  785.58 v rebuffer457/Y (BUFx12f_ASAP7_75t_R)
  13.20  798.77 ^ clone425/Y (INVx8_ASAP7_75t_R)
  12.81  811.58 v _06231_/Y (NAND2x1_ASAP7_75t_R)
  31.86  843.44 v _06233_/Y (AO21x1_ASAP7_75t_R)
  37.97  881.40 v _06234_/Y (AO21x1_ASAP7_75t_R)
  20.17  901.57 ^ _06235_/Y (NAND2x2_ASAP7_75t_R)
  13.62  915.19 v _06826_/Y (INVx2_ASAP7_75t_R)
  30.66  945.85 v _07850_/Y (AO21x1_ASAP7_75t_R)
   0.00  945.85 v _10651_/D (DFFLQNx2_ASAP7_75t_R)
         945.85   data arrival time

  10.00   10.00   clock clk' (fall edge)
   0.00   10.00   clock network delay (ideal)
   0.00   10.00   clock reconvergence pessimism
          10.00 v _10651_/CLK (DFFLQNx2_ASAP7_75t_R)
 -18.00   -8.00   library setup time
          -8.00   data required time
---------------------------------------------------------
          -8.00   data required time
        -945.85   data arrival time
---------------------------------------------------------
        -953.86   slack (VIOLATED)


Startpoint: _10775_ (falling edge-triggered flip-flop clocked by clk')
Endpoint: _10650_ (falling edge-triggered flip-flop clocked by clk')
Path Group: clk
Path Type: max

  Delay    Time   Description
---------------------------------------------------------
   0.00    0.00   clock clk' (fall edge)
   0.00    0.00   clock network delay (ideal)
   0.00    0.00 v _10775_/CLK (DFFLQNx3_ASAP7_75t_R)
 151.64  151.64 v _10775_/QN (DFFLQNx3_ASAP7_75t_R)
  70.15  221.79 ^ _05526_/Y (NOR2x2_ASAP7_75t_R)
  48.05  269.85 v _05529_/Y (NAND2x2_ASAP7_75t_R)
  61.79  331.64 ^ _05888_/Y (OAI22x1_ASAP7_75t_R)
  33.46  365.09 v _05889_/Y (NOR2x2_ASAP7_75t_R)
  26.60  391.69 ^ _05890_/Y (NAND2x1_ASAP7_75t_R)
  18.80  410.50 v _05901_/Y (NOR2x1_ASAP7_75t_R)
  28.35  438.85 ^ _05902_/Y (NAND2x1_ASAP7_75t_R)
  20.22  459.07 v _05937_/Y (NOR2x2_ASAP7_75t_R)
  42.43  501.50 ^ _05938_/Y (AOI21x1_ASAP7_75t_R)
  38.24  539.74 v _05999_/Y (AOI21x1_ASAP7_75t_R)
  39.72  579.46 ^ _06004_/Y (AOI21x1_ASAP7_75t_R)
  37.75  617.21 ^ rebuffer413/Y (BUFx3_ASAP7_75t_R)
  38.49  655.70 v _06037_/Y (OAI21x1_ASAP7_75t_R)
  47.59  703.30 v load_slew73/Y (BUFx16f_ASAP7_75t_R)
  33.39  736.69 v rebuffer1044/Y (BUFx2_ASAP7_75t_R)
  31.18  767.86 v rebuffer423/Y (BUFx12f_ASAP7_75t_R)
  30.21  798.07 v rebuffer424/Y (BUFx2_ASAP7_75t_R)
  13.01  811.08 ^ _06999_/Y (NOR2x1_ASAP7_75t_R)
  22.37  833.45 ^ _07000_/Y (AO21x1_ASAP7_75t_R)
  29.24  862.68 ^ _07001_/Y (AND2x2_ASAP7_75t_R)
  18.92  881.61 v _07005_/Y (OAI21x1_ASAP7_75t_R)
  19.97  901.58 ^ _07006_/Y (NAND2x2_ASAP7_75t_R)
  13.44  915.01 v _07007_/Y (INVx2_ASAP7_75t_R)
  30.59  945.60 v _07848_/Y (AO21x1_ASAP7_75t_R)
   0.00  945.60 v _10650_/D (DFFLQNx2_ASAP7_75t_R)
         945.60   data arrival time

  10.00   10.00   clock clk' (fall edge)
   0.00   10.00   clock network delay (ideal)
   0.00   10.00   clock reconvergence pessimism
          10.00 v _10650_/CLK (DFFLQNx2_ASAP7_75t_R)
 -18.00   -8.00   library setup time
          -8.00   data required time
---------------------------------------------------------
          -8.00   data required time
        -945.60   data arrival time
---------------------------------------------------------
        -953.60   slack (VIOLATED)


Startpoint: _10775_ (falling edge-triggered flip-flop clocked by clk')
Endpoint: _10644_ (falling edge-triggered flip-flop clocked by clk')
Path Group: clk
Path Type: max

  Delay    Time   Description
---------------------------------------------------------
   0.00    0.00   clock clk' (fall edge)
   0.00    0.00   clock network delay (ideal)
   0.00    0.00 v _10775_/CLK (DFFLQNx3_ASAP7_75t_R)
 151.64  151.64 v _10775_/QN (DFFLQNx3_ASAP7_75t_R)
  70.60  222.24 ^ _05584_/Y (NAND2x2_ASAP7_75t_R)
  51.20  273.44 v _05585_/Y (NOR2x2_ASAP7_75t_R)
  31.32  304.76 ^ _05586_/Y (INVx4_ASAP7_75t_R)
  22.28  327.04 v _05761_/Y (NOR2x2_ASAP7_75t_R)
  50.28  377.32 ^ _05881_/Y (AOI211x1_ASAP7_75t_R)
  25.27  402.58 v _05882_/Y (NAND2x1_ASAP7_75t_R)
  20.00  422.58 ^ _05883_/Y (NOR2x1_ASAP7_75t_R)
  20.99  443.57 v _05902_/Y (NAND2x1_ASAP7_75t_R)
  17.61  461.19 ^ _05937_/Y (NOR2x2_ASAP7_75t_R)
  31.40  492.58 v _05938_/Y (AOI21x1_ASAP7_75t_R)
  34.61  527.19 ^ _05999_/Y (AOI21x1_ASAP7_75t_R)
  31.36  558.55 v _06004_/Y (AOI21x1_ASAP7_75t_R)
  41.48  600.03 v rebuffer446/Y (BUFx2_ASAP7_75t_R)
  26.66  626.68 v rebuffer427/Y (BUFx6f_ASAP7_75t_R)
  27.11  653.79 v rebuffer428/Y (BUFx2_ASAP7_75t_R)
  38.56  692.36 v _06112_/Y (AO21x2_ASAP7_75t_R)
  47.35  739.70 v _06114_/Y (OA21x2_ASAP7_75t_R)
  33.49  773.20 v rebuffer470/Y (BUFx12f_ASAP7_75t_R)
  36.70  809.90 v rebuffer471/Y (BUFx2_ASAP7_75t_R)
  19.05  828.95 ^ clone469/Y (INVx6_ASAP7_75t_R)
  26.39  855.34 v _07824_/Y (OAI21x1_ASAP7_75t_R)
  30.61  885.95 ^ _07825_/Y (NAND2x1_ASAP7_75t_R)
  20.58  906.53 v _07826_/Y (AOI21x1_ASAP7_75t_R)
  20.58  927.11 ^ _07831_/Y (AOI21x1_ASAP7_75t_R)
  14.92  942.04 v _07833_/Y (OAI21x1_ASAP7_75t_R)
   0.00  942.04 v _10644_/D (DFFLQNx2_ASAP7_75t_R)
         942.04   data arrival time

  10.00   10.00   clock clk' (fall edge)
   0.00   10.00   clock network delay (ideal)
   0.00   10.00   clock reconvergence pessimism
          10.00 v _10644_/CLK (DFFLQNx2_ASAP7_75t_R)
 -18.60   -8.60   library setup time
          -8.60   data required time
---------------------------------------------------------
          -8.60   data required time
        -942.04   data arrival time
---------------------------------------------------------
        -950.64   slack (VIOLATED)


Startpoint: _10775_ (falling edge-triggered flip-flop clocked by clk')
Endpoint: _10660_ (falling edge-triggered flip-flop clocked by clk')
Path Group: clk
Path Type: max

  Delay    Time   Description
---------------------------------------------------------
   0.00    0.00   clock clk' (fall edge)
   0.00    0.00   clock network delay (ideal)
   0.00    0.00 v _10775_/CLK (DFFLQNx3_ASAP7_75t_R)
 151.64  151.64 v _10775_/QN (DFFLQNx3_ASAP7_75t_R)
  70.60  222.24 ^ _05584_/Y (NAND2x2_ASAP7_75t_R)
  51.20  273.44 v _05585_/Y (NOR2x2_ASAP7_75t_R)
  31.32  304.76 ^ _05586_/Y (INVx4_ASAP7_75t_R)
  22.28  327.04 v _05761_/Y (NOR2x2_ASAP7_75t_R)
  50.28  377.32 ^ _05881_/Y (AOI211x1_ASAP7_75t_R)
  25.27  402.58 v _05882_/Y (NAND2x1_ASAP7_75t_R)
  20.00  422.58 ^ _05883_/Y (NOR2x1_ASAP7_75t_R)
  20.99  443.57 v _05902_/Y (NAND2x1_ASAP7_75t_R)
  17.61  461.19 ^ _05937_/Y (NOR2x2_ASAP7_75t_R)
  31.40  492.58 v _05938_/Y (AOI21x1_ASAP7_75t_R)
  34.61  527.19 ^ _05999_/Y (AOI21x1_ASAP7_75t_R)
  31.36  558.55 v _06004_/Y (AOI21x1_ASAP7_75t_R)
  41.48  600.03 v rebuffer446/Y (BUFx2_ASAP7_75t_R)
  26.66  626.68 v rebuffer427/Y (BUFx6f_ASAP7_75t_R)
  27.11  653.79 v rebuffer428/Y (BUFx2_ASAP7_75t_R)
  38.56  692.36 v _06112_/Y (AO21x2_ASAP7_75t_R)
  47.35  739.70 v _06114_/Y (OA21x2_ASAP7_75t_R)
  33.49  773.20 v rebuffer470/Y (BUFx12f_ASAP7_75t_R)
  36.70  809.90 v rebuffer471/Y (BUFx2_ASAP7_75t_R)
  19.05  828.95 ^ clone469/Y (INVx6_ASAP7_75t_R)
  26.39  855.34 v _07824_/Y (OAI21x1_ASAP7_75t_R)
  30.61  885.95 ^ _07825_/Y (NAND2x1_ASAP7_75t_R)
  19.51  905.45 v _07870_/Y (NOR2x1_ASAP7_75t_R)
  34.24  939.69 v _07871_/Y (AO21x1_ASAP7_75t_R)
   0.00  939.69 v _10660_/D (DFFLQNx3_ASAP7_75t_R)
         939.69   data arrival time

  10.00   10.00   clock clk' (fall edge)
   0.00   10.00   clock network delay (ideal)
   0.00   10.00   clock reconvergence pessimism
          10.00 v _10660_/CLK (DFFLQNx3_ASAP7_75t_R)
 -17.49   -7.49   library setup time
          -7.49   data required time
---------------------------------------------------------
          -7.49   data required time
        -939.69   data arrival time
---------------------------------------------------------
        -947.18   slack (VIOLATED)


Startpoint: _10775_ (falling edge-triggered flip-flop clocked by clk')
Endpoint: _10652_ (falling edge-triggered flip-flop clocked by clk')
Path Group: clk
Path Type: max

  Delay    Time   Description
---------------------------------------------------------
   0.00    0.00   clock clk' (fall edge)
   0.00    0.00   clock network delay (ideal)
   0.00    0.00 v _10775_/CLK (DFFLQNx3_ASAP7_75t_R)
 151.64  151.64 v _10775_/QN (DFFLQNx3_ASAP7_75t_R)
  70.15  221.79 ^ _05526_/Y (NOR2x2_ASAP7_75t_R)
  48.05  269.85 v _05529_/Y (NAND2x2_ASAP7_75t_R)
  61.79  331.64 ^ _05888_/Y (OAI22x1_ASAP7_75t_R)
  33.46  365.09 v _05889_/Y (NOR2x2_ASAP7_75t_R)
  26.60  391.69 ^ _05890_/Y (NAND2x1_ASAP7_75t_R)
  18.80  410.50 v _05901_/Y (NOR2x1_ASAP7_75t_R)
  28.35  438.85 ^ _05902_/Y (NAND2x1_ASAP7_75t_R)
  20.22  459.07 v _05937_/Y (NOR2x2_ASAP7_75t_R)
  42.43  501.50 ^ _05938_/Y (AOI21x1_ASAP7_75t_R)
  38.24  539.74 v _05999_/Y (AOI21x1_ASAP7_75t_R)
  39.72  579.46 ^ _06004_/Y (AOI21x1_ASAP7_75t_R)
  37.75  617.21 ^ rebuffer413/Y (BUFx3_ASAP7_75t_R)
  38.49  655.70 v _06037_/Y (OAI21x1_ASAP7_75t_R)
  47.59  703.30 v load_slew73/Y (BUFx16f_ASAP7_75t_R)
  27.43  730.73 v rebuffer944/Y (BUFx6f_ASAP7_75t_R)
  27.88  758.61 v clone463/Y (BUFx12f_ASAP7_75t_R)
  29.50  788.10 v rebuffer462/Y (BUFx2_ASAP7_75t_R)
  13.01  801.11 ^ _07020_/Y (NOR2x1_ASAP7_75t_R)
  22.37  823.48 ^ _07021_/Y (AO21x1_ASAP7_75t_R)
  27.33  850.80 ^ _07022_/Y (AND2x2_ASAP7_75t_R)
  33.54  884.34 ^ _07023_/Y (OA21x2_ASAP7_75t_R)
  19.43  903.78 v _07024_/Y (NOR2x1_ASAP7_75t_R)
  33.62  937.39 v _07852_/Y (AO21x1_ASAP7_75t_R)
   0.00  937.39 v _10652_/D (DFFLQNx2_ASAP7_75t_R)
         937.39   data arrival time

  10.00   10.00   clock clk' (fall edge)
   0.00   10.00   clock network delay (ideal)
   0.00   10.00   clock reconvergence pessimism
          10.00 v _10652_/CLK (DFFLQNx2_ASAP7_75t_R)
 -18.00   -8.00   library setup time
          -8.00   data required time
---------------------------------------------------------
          -8.00   data required time
        -937.39   data arrival time
---------------------------------------------------------
        -945.40   slack (VIOLATED)


Startpoint: _10775_ (falling edge-triggered flip-flop clocked by clk')
Endpoint: _10638_ (falling edge-triggered flip-flop clocked by clk')
Path Group: clk
Path Type: max

  Delay    Time   Description
---------------------------------------------------------
   0.00    0.00   clock clk' (fall edge)
   0.00    0.00   clock network delay (ideal)
   0.00    0.00 v _10775_/CLK (DFFLQNx3_ASAP7_75t_R)
 151.64  151.64 v _10775_/QN (DFFLQNx3_ASAP7_75t_R)
  70.15  221.79 ^ _05526_/Y (NOR2x2_ASAP7_75t_R)
  48.05  269.85 v _05529_/Y (NAND2x2_ASAP7_75t_R)
  61.79  331.64 ^ _05888_/Y (OAI22x1_ASAP7_75t_R)
  33.46  365.09 v _05889_/Y (NOR2x2_ASAP7_75t_R)
  26.60  391.69 ^ _05890_/Y (NAND2x1_ASAP7_75t_R)
  18.80  410.50 v _05901_/Y (NOR2x1_ASAP7_75t_R)
  28.35  438.85 ^ _05902_/Y (NAND2x1_ASAP7_75t_R)
  20.22  459.07 v _05937_/Y (NOR2x2_ASAP7_75t_R)
  42.43  501.50 ^ _05938_/Y (AOI21x1_ASAP7_75t_R)
  38.24  539.74 v _05999_/Y (AOI21x1_ASAP7_75t_R)
  39.72  579.46 ^ _06004_/Y (AOI21x1_ASAP7_75t_R)
  37.75  617.21 ^ rebuffer413/Y (BUFx3_ASAP7_75t_R)
  38.49  655.70 v _06037_/Y (OAI21x1_ASAP7_75t_R)
  47.59  703.30 v load_slew73/Y (BUFx16f_ASAP7_75t_R)
  37.08  740.38 v max_cap72/Y (BUFx16f_ASAP7_75t_R)
  29.75  770.13 v rebuffer458/Y (BUFx6f_ASAP7_75t_R)
  14.25  784.38 ^ _06211_/Y (NAND2x2_ASAP7_75t_R)
  30.71  815.08 ^ _06212_/Y (AO21x1_ASAP7_75t_R)
  21.86  836.94 v _06218_/Y (AOI21x1_ASAP7_75t_R)
  19.13  856.08 ^ _06219_/Y (NOR2x2_ASAP7_75t_R)
  26.97  883.04 ^ rebuffer636/Y (BUFx3_ASAP7_75t_R)
  13.92  896.97 v _07753_/Y (AOI21x1_ASAP7_75t_R)
  20.58  917.55 ^ _07758_/Y (AOI21x1_ASAP7_75t_R)
  15.17  932.72 v _07760_/Y (OAI21x1_ASAP7_75t_R)
   0.00  932.72 v _10638_/D (DFFLQNx2_ASAP7_75t_R)
         932.72   data arrival time

  10.00   10.00   clock clk' (fall edge)
   0.00   10.00   clock network delay (ideal)
   0.00   10.00   clock reconvergence pessimism
          10.00 v _10638_/CLK (DFFLQNx2_ASAP7_75t_R)
 -18.60   -8.60   library setup time
          -8.60   data required time
---------------------------------------------------------
          -8.60   data required time
        -932.72   data arrival time
---------------------------------------------------------
        -941.32   slack (VIOLATED)


Startpoint: _10775_ (falling edge-triggered flip-flop clocked by clk')
Endpoint: _10640_ (falling edge-triggered flip-flop clocked by clk')
Path Group: clk
Path Type: max

  Delay    Time   Description
---------------------------------------------------------
   0.00    0.00   clock clk' (fall edge)
   0.00    0.00   clock network delay (ideal)
   0.00    0.00 v _10775_/CLK (DFFLQNx3_ASAP7_75t_R)
 151.64  151.64 v _10775_/QN (DFFLQNx3_ASAP7_75t_R)
  70.60  222.24 ^ _05584_/Y (NAND2x2_ASAP7_75t_R)
  51.20  273.44 v _05585_/Y (NOR2x2_ASAP7_75t_R)
  31.32  304.76 ^ _05586_/Y (INVx4_ASAP7_75t_R)
  22.28  327.04 v _05761_/Y (NOR2x2_ASAP7_75t_R)
  50.28  377.32 ^ _05881_/Y (AOI211x1_ASAP7_75t_R)
  25.27  402.58 v _05882_/Y (NAND2x1_ASAP7_75t_R)
  20.00  422.58 ^ _05883_/Y (NOR2x1_ASAP7_75t_R)
  20.99  443.57 v _05902_/Y (NAND2x1_ASAP7_75t_R)
  17.61  461.19 ^ _05937_/Y (NOR2x2_ASAP7_75t_R)
  31.40  492.58 v _05938_/Y (AOI21x1_ASAP7_75t_R)
  34.61  527.19 ^ _05999_/Y (AOI21x1_ASAP7_75t_R)
  31.36  558.55 v _06004_/Y (AOI21x1_ASAP7_75t_R)
  38.46  597.01 v rebuffer413/Y (BUFx3_ASAP7_75t_R)
  54.00  651.01 ^ _06037_/Y (OAI21x1_ASAP7_75t_R)
  49.87  700.88 ^ load_slew73/Y (BUFx16f_ASAP7_75t_R)
  31.23  732.11 ^ rebuffer1044/Y (BUFx2_ASAP7_75t_R)
  30.02  762.14 ^ rebuffer423/Y (BUFx12f_ASAP7_75t_R)
  14.26  776.40 v _06810_/Y (NOR2x1_ASAP7_75t_R)
  32.96  809.36 v _06811_/Y (AO21x1_ASAP7_75t_R)
  31.07  840.43 v _06812_/Y (AND2x2_ASAP7_75t_R)
  25.28  865.70 ^ _06817_/Y (OAI21x1_ASAP7_75t_R)
  19.51  885.21 v _06818_/Y (NAND2x2_ASAP7_75t_R)
  20.14  905.35 ^ _07773_/Y (AOI21x1_ASAP7_75t_R)
  18.19  923.55 v _07777_/Y (AOI21x1_ASAP7_75t_R)
  17.72  941.26 ^ _07779_/Y (OAI21x1_ASAP7_75t_R)
   0.00  941.26 ^ _10640_/D (DFFLQNx2_ASAP7_75t_R)
         941.26   data arrival time

  10.00   10.00   clock clk' (fall edge)
   0.00   10.00   clock network delay (ideal)
   0.00   10.00   clock reconvergence pessimism
          10.00 v _10640_/CLK (DFFLQNx2_ASAP7_75t_R)
  -5.36    4.64   library setup time
           4.64   data required time
---------------------------------------------------------
           4.64   data required time
        -941.26   data arrival time
---------------------------------------------------------
        -936.62   slack (VIOLATED)


Startpoint: _10775_ (falling edge-triggered flip-flop clocked by clk')
Endpoint: _10647_ (falling edge-triggered flip-flop clocked by clk')
Path Group: clk
Path Type: max

  Delay    Time   Description
---------------------------------------------------------
   0.00    0.00   clock clk' (fall edge)
   0.00    0.00   clock network delay (ideal)
   0.00    0.00 v _10775_/CLK (DFFLQNx3_ASAP7_75t_R)
 151.64  151.64 v _10775_/QN (DFFLQNx3_ASAP7_75t_R)
  70.15  221.79 ^ _05526_/Y (NOR2x2_ASAP7_75t_R)
  48.05  269.85 v _05529_/Y (NAND2x2_ASAP7_75t_R)
  61.79  331.64 ^ _05888_/Y (OAI22x1_ASAP7_75t_R)
  33.46  365.09 v _05889_/Y (NOR2x2_ASAP7_75t_R)
  26.60  391.69 ^ _05890_/Y (NAND2x1_ASAP7_75t_R)
  18.80  410.50 v _05901_/Y (NOR2x1_ASAP7_75t_R)
  28.35  438.85 ^ _05902_/Y (NAND2x1_ASAP7_75t_R)
  20.22  459.07 v _05937_/Y (NOR2x2_ASAP7_75t_R)
  42.43  501.50 ^ _05938_/Y (AOI21x1_ASAP7_75t_R)
  38.24  539.74 v _05999_/Y (AOI21x1_ASAP7_75t_R)
  39.72  579.46 ^ _06004_/Y (AOI21x1_ASAP7_75t_R)
  37.75  617.21 ^ rebuffer413/Y (BUFx3_ASAP7_75t_R)
  38.49  655.70 v _06037_/Y (OAI21x1_ASAP7_75t_R)
  47.59  703.30 v load_slew73/Y (BUFx16f_ASAP7_75t_R)
  33.39  736.69 v rebuffer1044/Y (BUFx2_ASAP7_75t_R)
  31.18  767.86 v rebuffer423/Y (BUFx12f_ASAP7_75t_R)
  14.25  782.11 ^ _06793_/Y (NOR2x1_ASAP7_75t_R)
  22.11  804.22 ^ _06794_/Y (AO21x1_ASAP7_75t_R)
  27.19  831.41 ^ _06795_/Y (AND2x2_ASAP7_75t_R)
  38.00  869.41 ^ _06800_/Y (OA21x2_ASAP7_75t_R)
  22.72  892.13 v _06801_/Y (NOR2x2_ASAP7_75t_R)
  34.21  926.34 v _07839_/Y (AO21x1_ASAP7_75t_R)
   0.00  926.34 v _10647_/D (DFFLQNx2_ASAP7_75t_R)
         926.34   data arrival time

  10.00   10.00   clock clk' (fall edge)
   0.00   10.00   clock network delay (ideal)
   0.00   10.00   clock reconvergence pessimism
          10.00 v _10647_/CLK (DFFLQNx2_ASAP7_75t_R)
 -18.00   -8.00   library setup time
          -8.00   data required time
---------------------------------------------------------
          -8.00   data required time
        -926.34   data arrival time
---------------------------------------------------------
        -934.34   slack (VIOLATED)


Startpoint: _10775_ (falling edge-triggered flip-flop clocked by clk')
Endpoint: _10649_ (falling edge-triggered flip-flop clocked by clk')
Path Group: clk
Path Type: max

  Delay    Time   Description
---------------------------------------------------------
   0.00    0.00   clock clk' (fall edge)
   0.00    0.00   clock network delay (ideal)
   0.00    0.00 v _10775_/CLK (DFFLQNx3_ASAP7_75t_R)
 151.64  151.64 v _10775_/QN (DFFLQNx3_ASAP7_75t_R)
  70.15  221.79 ^ _05526_/Y (NOR2x2_ASAP7_75t_R)
  48.05  269.85 v _05529_/Y (NAND2x2_ASAP7_75t_R)
  61.79  331.64 ^ _05888_/Y (OAI22x1_ASAP7_75t_R)
  33.46  365.09 v _05889_/Y (NOR2x2_ASAP7_75t_R)
  26.60  391.69 ^ _05890_/Y (NAND2x1_ASAP7_75t_R)
  18.80  410.50 v _05901_/Y (NOR2x1_ASAP7_75t_R)
  28.35  438.85 ^ _05902_/Y (NAND2x1_ASAP7_75t_R)
  20.22  459.07 v _05937_/Y (NOR2x2_ASAP7_75t_R)
  42.43  501.50 ^ _05938_/Y (AOI21x1_ASAP7_75t_R)
  38.24  539.74 v _05999_/Y (AOI21x1_ASAP7_75t_R)
  39.72  579.46 ^ _06004_/Y (AOI21x1_ASAP7_75t_R)
  37.75  617.21 ^ rebuffer413/Y (BUFx3_ASAP7_75t_R)
  38.49  655.70 v _06037_/Y (OAI21x1_ASAP7_75t_R)
  47.59  703.30 v load_slew73/Y (BUFx16f_ASAP7_75t_R)
  37.08  740.38 v max_cap72/Y (BUFx16f_ASAP7_75t_R)
  21.35  761.73 ^ clone444/Y (INVx6_ASAP7_75t_R)
  13.95  775.69 v _06975_/Y (NAND2x1_ASAP7_75t_R)
  30.94  806.63 v _06977_/Y (AO21x1_ASAP7_75t_R)
  38.25  844.88 v _06981_/Y (AO21x1_ASAP7_75t_R)
  23.71  868.59 ^ _06989_/Y (NAND2x2_ASAP7_75t_R)
  18.53  887.12 v _06990_/Y (INVx2_ASAP7_75t_R)
  32.53  919.65 v _07845_/Y (AO21x1_ASAP7_75t_R)
   0.00  919.65 v _10649_/D (DFFLQNx2_ASAP7_75t_R)
         919.65   data arrival time

  10.00   10.00   clock clk' (fall edge)
   0.00   10.00   clock network delay (ideal)
   0.00   10.00   clock reconvergence pessimism
          10.00 v _10649_/CLK (DFFLQNx2_ASAP7_75t_R)
 -18.00   -8.00   library setup time
          -8.00   data required time
---------------------------------------------------------
          -8.00   data required time
        -919.65   data arrival time
---------------------------------------------------------
        -927.65   slack (VIOLATED)


Startpoint: _10775_ (falling edge-triggered flip-flop clocked by clk')
Endpoint: _10648_ (falling edge-triggered flip-flop clocked by clk')
Path Group: clk
Path Type: max

  Delay    Time   Description
---------------------------------------------------------
   0.00    0.00   clock clk' (fall edge)
   0.00    0.00   clock network delay (ideal)
   0.00    0.00 v _10775_/CLK (DFFLQNx3_ASAP7_75t_R)
 151.64  151.64 v _10775_/QN (DFFLQNx3_ASAP7_75t_R)
  70.15  221.79 ^ _05526_/Y (NOR2x2_ASAP7_75t_R)
  48.05  269.85 v _05529_/Y (NAND2x2_ASAP7_75t_R)
  61.79  331.64 ^ _05888_/Y (OAI22x1_ASAP7_75t_R)
  33.46  365.09 v _05889_/Y (NOR2x2_ASAP7_75t_R)
  26.60  391.69 ^ _05890_/Y (NAND2x1_ASAP7_75t_R)
  18.80  410.50 v _05901_/Y (NOR2x1_ASAP7_75t_R)
  28.35  438.85 ^ _05902_/Y (NAND2x1_ASAP7_75t_R)
  20.22  459.07 v _05937_/Y (NOR2x2_ASAP7_75t_R)
  42.43  501.50 ^ _05938_/Y (AOI21x1_ASAP7_75t_R)
  38.24  539.74 v _05999_/Y (AOI21x1_ASAP7_75t_R)
  39.72  579.46 ^ _06004_/Y (AOI21x1_ASAP7_75t_R)
  37.75  617.21 ^ rebuffer413/Y (BUFx3_ASAP7_75t_R)
  38.49  655.70 v _06037_/Y (OAI21x1_ASAP7_75t_R)
  47.59  703.30 v load_slew73/Y (BUFx16f_ASAP7_75t_R)
  33.39  736.69 v rebuffer1044/Y (BUFx2_ASAP7_75t_R)
  31.18  767.86 v rebuffer423/Y (BUFx12f_ASAP7_75t_R)
  14.25  782.11 ^ _06810_/Y (NOR2x1_ASAP7_75t_R)
  22.11  804.22 ^ _06811_/Y (AO21x1_ASAP7_75t_R)
  29.24  833.46 ^ _06812_/Y (AND2x2_ASAP7_75t_R)
  18.92  852.38 v _06817_/Y (OAI21x1_ASAP7_75t_R)
  21.34  873.72 ^ _06818_/Y (NAND2x2_ASAP7_75t_R)
  14.14  887.86 v _06819_/Y (INVx2_ASAP7_75t_R)
  30.83  918.69 v _07843_/Y (AO21x1_ASAP7_75t_R)
   0.00  918.69 v _10648_/D (DFFLQNx2_ASAP7_75t_R)
         918.69   data arrival time

  10.00   10.00   clock clk' (fall edge)
   0.00   10.00   clock network delay (ideal)
   0.00   10.00   clock reconvergence pessimism
          10.00 v _10648_/CLK (DFFLQNx2_ASAP7_75t_R)
 -18.00   -8.00   library setup time
          -8.00   data required time
---------------------------------------------------------
          -8.00   data required time
        -918.69   data arrival time
---------------------------------------------------------
        -926.70   slack (VIOLATED)


Startpoint: _10777_ (falling edge-triggered flip-flop clocked by clk')
Endpoint: _10761_ (falling edge-triggered flip-flop clocked by clk')
Path Group: clk
Path Type: max

  Delay    Time   Description
---------------------------------------------------------
   0.00    0.00   clock clk' (fall edge)
   0.00    0.00   clock network delay (ideal)
   0.00    0.00 v _10777_/CLK (DFFLQNx3_ASAP7_75t_R)
 128.22  128.22 v _10777_/QN (DFFLQNx3_ASAP7_75t_R)
  46.25  174.47 v rebuffer508/Y (BUFx12f_ASAP7_75t_R)
  17.14  191.61 ^ _05607_/Y (CKINVDCx20_ASAP7_75t_R)
  25.16  216.78 v _05608_/Y (NAND2x2_ASAP7_75t_R)
  38.79  255.56 v rebuffer412/Y (BUFx3_ASAP7_75t_R)
  31.19  286.75 ^ _05905_/Y (NOR2x2_ASAP7_75t_R)
  39.80  326.55 v _05906_/Y (OAI21x1_ASAP7_75t_R)
  36.34  362.89 ^ _05910_/Y (NAND3x2_ASAP7_75t_R)
  23.29  386.18 v _05945_/Y (NOR2x1_ASAP7_75t_R)
  25.15  411.33 ^ _05946_/Y (NAND2x1_ASAP7_75t_R)
  23.34  434.67 v _05962_/Y (NOR2x2_ASAP7_75t_R)
  25.35  460.02 ^ _05972_/Y (AOI21x1_ASAP7_75t_R)
  32.64  492.66 ^ _06305_/Y (AND2x2_ASAP7_75t_R)
  63.34  555.99 ^ _06306_/Y (OA22x2_ASAP7_75t_R)
  29.94  585.93 v _06308_/Y (CKINVDCx16_ASAP7_75t_R)
  25.85  611.78 ^ _06508_/Y (NOR2x2_ASAP7_75t_R)
  16.82  628.60 v _06885_/Y (INVx2_ASAP7_75t_R)
  27.51  656.11 v _06887_/Y (OA21x2_ASAP7_75t_R)
  66.99  723.10 v _10532_/SN (HAxp5_ASAP7_75t_R)
  41.33  764.43 v rebuffer476/Y (BUFx2_ASAP7_75t_R)
  28.91  793.34 v _09736_/Y (XNOR2x1_ASAP7_75t_R)
  24.66  818.00 ^ _09737_/Y (INVx1_ASAP7_75t_R)
  15.67  833.67 v _10114_/Y (OAI21x1_ASAP7_75t_R)
  31.29  864.96 v _10116_/Y (AO21x1_ASAP7_75t_R)
  42.44  907.40 v _10118_/Y (AO32x1_ASAP7_75t_R)
   0.00  907.40 v _10761_/D (DFFLQNx2_ASAP7_75t_R)
         907.40   data arrival time

  10.00   10.00   clock clk' (fall edge)
   0.00   10.00   clock network delay (ideal)
   0.00   10.00   clock reconvergence pessimism
          10.00 v _10761_/CLK (DFFLQNx2_ASAP7_75t_R)
 -18.84   -8.84   library setup time
          -8.84   data required time
---------------------------------------------------------
          -8.84   data required time
        -907.40   data arrival time
---------------------------------------------------------
        -916.24   slack (VIOLATED)


Startpoint: _10775_ (falling edge-triggered flip-flop clocked by clk')
Endpoint: _10656_ (falling edge-triggered flip-flop clocked by clk')
Path Group: clk
Path Type: max

  Delay    Time   Description
---------------------------------------------------------
   0.00    0.00   clock clk' (fall edge)
   0.00    0.00   clock network delay (ideal)
   0.00    0.00 v _10775_/CLK (DFFLQNx3_ASAP7_75t_R)
 151.64  151.64 v _10775_/QN (DFFLQNx3_ASAP7_75t_R)
  70.15  221.79 ^ _05526_/Y (NOR2x2_ASAP7_75t_R)
  48.05  269.85 v _05529_/Y (NAND2x2_ASAP7_75t_R)
  61.79  331.64 ^ _05888_/Y (OAI22x1_ASAP7_75t_R)
  33.46  365.09 v _05889_/Y (NOR2x2_ASAP7_75t_R)
  26.60  391.69 ^ _05890_/Y (NAND2x1_ASAP7_75t_R)
  18.80  410.50 v _05901_/Y (NOR2x1_ASAP7_75t_R)
  28.35  438.85 ^ _05902_/Y (NAND2x1_ASAP7_75t_R)
  20.22  459.07 v _05937_/Y (NOR2x2_ASAP7_75t_R)
  42.43  501.50 ^ _05938_/Y (AOI21x1_ASAP7_75t_R)
  38.24  539.74 v _05999_/Y (AOI21x1_ASAP7_75t_R)
  39.72  579.46 ^ _06004_/Y (AOI21x1_ASAP7_75t_R)
  37.75  617.21 ^ rebuffer413/Y (BUFx3_ASAP7_75t_R)
  38.49  655.70 v _06037_/Y (OAI21x1_ASAP7_75t_R)
  52.15  707.85 v rebuffer364/Y (BUFx2_ASAP7_75t_R)
  42.60  750.45 v load_slew74/Y (BUFx16f_ASAP7_75t_R)
  16.66  767.11 ^ _06848_/Y (NOR2x1_ASAP7_75t_R)
  23.13  790.24 ^ _06849_/Y (AO21x1_ASAP7_75t_R)
  27.20  817.45 ^ _06850_/Y (AND2x2_ASAP7_75t_R)
  34.60  852.04 ^ _06855_/Y (OA21x2_ASAP7_75t_R)
  22.15  874.19 v _06865_/Y (NOR2x1_ASAP7_75t_R)
  33.81  908.00 v _07860_/Y (AO21x1_ASAP7_75t_R)
   0.00  908.00 v _10656_/D (DFFLQNx2_ASAP7_75t_R)
         908.00   data arrival time

  10.00   10.00   clock clk' (fall edge)
   0.00   10.00   clock network delay (ideal)
   0.00   10.00   clock reconvergence pessimism
          10.00 v _10656_/CLK (DFFLQNx2_ASAP7_75t_R)
 -18.00   -8.00   library setup time
          -8.00   data required time
---------------------------------------------------------
          -8.00   data required time
        -908.00   data arrival time
---------------------------------------------------------
        -916.00   slack (VIOLATED)


Startpoint: _10775_ (falling edge-triggered flip-flop clocked by clk')
Endpoint: _10654_ (falling edge-triggered flip-flop clocked by clk')
Path Group: clk
Path Type: max

  Delay    Time   Description
---------------------------------------------------------
   0.00    0.00   clock clk' (fall edge)
   0.00    0.00   clock network delay (ideal)
   0.00    0.00 v _10775_/CLK (DFFLQNx3_ASAP7_75t_R)
 151.64  151.64 v _10775_/QN (DFFLQNx3_ASAP7_75t_R)
  70.15  221.79 ^ _05526_/Y (NOR2x2_ASAP7_75t_R)
  48.05  269.85 v _05529_/Y (NAND2x2_ASAP7_75t_R)
  61.79  331.64 ^ _05888_/Y (OAI22x1_ASAP7_75t_R)
  33.46  365.09 v _05889_/Y (NOR2x2_ASAP7_75t_R)
  26.60  391.69 ^ _05890_/Y (NAND2x1_ASAP7_75t_R)
  18.80  410.50 v _05901_/Y (NOR2x1_ASAP7_75t_R)
  28.35  438.85 ^ _05902_/Y (NAND2x1_ASAP7_75t_R)
  20.22  459.07 v _05937_/Y (NOR2x2_ASAP7_75t_R)
  42.43  501.50 ^ _05938_/Y (AOI21x1_ASAP7_75t_R)
  38.24  539.74 v _05999_/Y (AOI21x1_ASAP7_75t_R)
  39.72  579.46 ^ _06004_/Y (AOI21x1_ASAP7_75t_R)
  37.75  617.21 ^ rebuffer413/Y (BUFx3_ASAP7_75t_R)
  38.49  655.70 v _06037_/Y (OAI21x1_ASAP7_75t_R)
  52.15  707.85 v rebuffer364/Y (BUFx2_ASAP7_75t_R)
  42.60  750.45 v load_slew74/Y (BUFx16f_ASAP7_75t_R)
  16.66  767.11 ^ _06717_/Y (NOR2x1_ASAP7_75t_R)
  23.13  790.24 ^ _06718_/Y (AO21x1_ASAP7_75t_R)
  27.20  817.45 ^ _06719_/Y (AND2x2_ASAP7_75t_R)
  34.60  852.04 ^ _06724_/Y (OA21x2_ASAP7_75t_R)
  21.89  873.94 v _06735_/Y (NOR2x1_ASAP7_75t_R)
  33.76  907.69 v _07856_/Y (AO21x1_ASAP7_75t_R)
   0.00  907.69 v _10654_/D (DFFLQNx2_ASAP7_75t_R)
         907.69   data arrival time

  10.00   10.00   clock clk' (fall edge)
   0.00   10.00   clock network delay (ideal)
   0.00   10.00   clock reconvergence pessimism
          10.00 v _10654_/CLK (DFFLQNx2_ASAP7_75t_R)
 -18.00   -8.00   library setup time
          -8.00   data required time
---------------------------------------------------------
          -8.00   data required time
        -907.69   data arrival time
---------------------------------------------------------
        -915.70   slack (VIOLATED)


Startpoint: _10775_ (falling edge-triggered flip-flop clocked by clk')
Endpoint: _10658_ (falling edge-triggered flip-flop clocked by clk')
Path Group: clk
Path Type: max

  Delay    Time   Description
---------------------------------------------------------
   0.00    0.00   clock clk' (fall edge)
   0.00    0.00   clock network delay (ideal)
   0.00    0.00 v _10775_/CLK (DFFLQNx3_ASAP7_75t_R)
 151.64  151.64 v _10775_/QN (DFFLQNx3_ASAP7_75t_R)
  70.15  221.79 ^ _05526_/Y (NOR2x2_ASAP7_75t_R)
  48.05  269.85 v _05529_/Y (NAND2x2_ASAP7_75t_R)
  61.79  331.64 ^ _05888_/Y (OAI22x1_ASAP7_75t_R)
  33.46  365.09 v _05889_/Y (NOR2x2_ASAP7_75t_R)
  26.60  391.69 ^ _05890_/Y (NAND2x1_ASAP7_75t_R)
  18.80  410.50 v _05901_/Y (NOR2x1_ASAP7_75t_R)
  28.35  438.85 ^ _05902_/Y (NAND2x1_ASAP7_75t_R)
  20.22  459.07 v _05937_/Y (NOR2x2_ASAP7_75t_R)
  42.43  501.50 ^ _05938_/Y (AOI21x1_ASAP7_75t_R)
  38.24  539.74 v _05999_/Y (AOI21x1_ASAP7_75t_R)
  39.72  579.46 ^ _06004_/Y (AOI21x1_ASAP7_75t_R)
  37.75  617.21 ^ rebuffer413/Y (BUFx3_ASAP7_75t_R)
  38.49  655.70 v _06037_/Y (OAI21x1_ASAP7_75t_R)
  52.15  707.85 v rebuffer364/Y (BUFx2_ASAP7_75t_R)
  42.60  750.45 v load_slew74/Y (BUFx16f_ASAP7_75t_R)
  16.66  767.11 ^ _06867_/Y (NOR2x1_ASAP7_75t_R)
  23.13  790.24 ^ _06868_/Y (AO21x1_ASAP7_75t_R)
  27.20  817.45 ^ _06869_/Y (AND2x2_ASAP7_75t_R)
  34.51  851.96 ^ _06874_/Y (OA21x2_ASAP7_75t_R)
  21.89  873.85 v _06884_/Y (NOR2x1_ASAP7_75t_R)
  33.76  907.60 v _07864_/Y (AO21x1_ASAP7_75t_R)
   0.00  907.60 v _10658_/D (DFFLQNx2_ASAP7_75t_R)
         907.60   data arrival time

  10.00   10.00   clock clk' (fall edge)
   0.00   10.00   clock network delay (ideal)
   0.00   10.00   clock reconvergence pessimism
          10.00 v _10658_/CLK (DFFLQNx2_ASAP7_75t_R)
 -18.00   -8.00   library setup time
          -8.00   data required time
---------------------------------------------------------
          -8.00   data required time
        -907.60   data arrival time
---------------------------------------------------------
        -915.61   slack (VIOLATED)


Startpoint: _10775_ (falling edge-triggered flip-flop clocked by clk')
Endpoint: _10646_ (falling edge-triggered flip-flop clocked by clk')
Path Group: clk
Path Type: max

  Delay    Time   Description
---------------------------------------------------------
   0.00    0.00   clock clk' (fall edge)
   0.00    0.00   clock network delay (ideal)
   0.00    0.00 v _10775_/CLK (DFFLQNx3_ASAP7_75t_R)
 151.64  151.64 v _10775_/QN (DFFLQNx3_ASAP7_75t_R)
  70.15  221.79 ^ _05526_/Y (NOR2x2_ASAP7_75t_R)
  48.05  269.85 v _05529_/Y (NAND2x2_ASAP7_75t_R)
  61.79  331.64 ^ _05888_/Y (OAI22x1_ASAP7_75t_R)
  33.46  365.09 v _05889_/Y (NOR2x2_ASAP7_75t_R)
  26.60  391.69 ^ _05890_/Y (NAND2x1_ASAP7_75t_R)
  18.80  410.50 v _05901_/Y (NOR2x1_ASAP7_75t_R)
  28.35  438.85 ^ _05902_/Y (NAND2x1_ASAP7_75t_R)
  20.22  459.07 v _05937_/Y (NOR2x2_ASAP7_75t_R)
  42.43  501.50 ^ _05938_/Y (AOI21x1_ASAP7_75t_R)
  38.24  539.74 v _05999_/Y (AOI21x1_ASAP7_75t_R)
  39.72  579.46 ^ _06004_/Y (AOI21x1_ASAP7_75t_R)
  37.75  617.21 ^ rebuffer413/Y (BUFx3_ASAP7_75t_R)
  38.49  655.70 v _06037_/Y (OAI21x1_ASAP7_75t_R)
  47.59  703.30 v load_slew73/Y (BUFx16f_ASAP7_75t_R)
  37.08  740.38 v max_cap72/Y (BUFx16f_ASAP7_75t_R)
  29.75  770.13 v rebuffer458/Y (BUFx6f_ASAP7_75t_R)
  14.25  784.38 ^ _06211_/Y (NAND2x2_ASAP7_75t_R)
  30.71  815.08 ^ _06212_/Y (AO21x1_ASAP7_75t_R)
  21.86  836.94 v _06218_/Y (AOI21x1_ASAP7_75t_R)
  19.13  856.08 ^ _06219_/Y (NOR2x2_ASAP7_75t_R)
  16.49  872.56 v _06220_/Y (INVx2_ASAP7_75t_R)
  31.84  904.40 v _07837_/Y (AO21x1_ASAP7_75t_R)
   0.00  904.40 v _10646_/D (DFFLQNx2_ASAP7_75t_R)
         904.40   data arrival time

  10.00   10.00   clock clk' (fall edge)
   0.00   10.00   clock network delay (ideal)
   0.00   10.00   clock reconvergence pessimism
          10.00 v _10646_/CLK (DFFLQNx2_ASAP7_75t_R)
 -18.00   -8.00   library setup time
          -8.00   data required time
---------------------------------------------------------
          -8.00   data required time
        -904.40   data arrival time
---------------------------------------------------------
        -912.41   slack (VIOLATED)


Startpoint: _10775_ (falling edge-triggered flip-flop clocked by clk')
Endpoint: _10645_ (falling edge-triggered flip-flop clocked by clk')
Path Group: clk
Path Type: max

  Delay    Time   Description
---------------------------------------------------------
   0.00    0.00   clock clk' (fall edge)
   0.00    0.00   clock network delay (ideal)
   0.00    0.00 v _10775_/CLK (DFFLQNx3_ASAP7_75t_R)
 151.64  151.64 v _10775_/QN (DFFLQNx3_ASAP7_75t_R)
  70.15  221.79 ^ _05526_/Y (NOR2x2_ASAP7_75t_R)
  48.05  269.85 v _05529_/Y (NAND2x2_ASAP7_75t_R)
  61.79  331.64 ^ _05888_/Y (OAI22x1_ASAP7_75t_R)
  33.46  365.09 v _05889_/Y (NOR2x2_ASAP7_75t_R)
  26.60  391.69 ^ _05890_/Y (NAND2x1_ASAP7_75t_R)
  18.80  410.50 v _05901_/Y (NOR2x1_ASAP7_75t_R)
  28.35  438.85 ^ _05902_/Y (NAND2x1_ASAP7_75t_R)
  20.22  459.07 v _05937_/Y (NOR2x2_ASAP7_75t_R)
  42.43  501.50 ^ _05938_/Y (AOI21x1_ASAP7_75t_R)
  38.24  539.74 v _05999_/Y (AOI21x1_ASAP7_75t_R)
  39.72  579.46 ^ _06004_/Y (AOI21x1_ASAP7_75t_R)
  37.75  617.21 ^ rebuffer413/Y (BUFx3_ASAP7_75t_R)
  38.49  655.70 v _06037_/Y (OAI21x1_ASAP7_75t_R)
  47.59  703.30 v load_slew73/Y (BUFx16f_ASAP7_75t_R)
  27.43  730.73 v rebuffer944/Y (BUFx6f_ASAP7_75t_R)
  34.28  765.01 v clone472/Y (BUFx10_ASAP7_75t_R)
  14.86  779.87 ^ _06189_/Y (NAND2x1_ASAP7_75t_R)
  28.52  808.39 ^ _06190_/Y (AO21x1_ASAP7_75t_R)
  35.11  843.49 ^ _06191_/Y (AO21x1_ASAP7_75t_R)
  24.55  868.04 v _06192_/Y (NAND2x2_ASAP7_75t_R)
  35.78  903.82 v _07835_/Y (AO21x1_ASAP7_75t_R)
   0.00  903.82 v _10645_/D (DFFLQNx2_ASAP7_75t_R)
         903.82   data arrival time

  10.00   10.00   clock clk' (fall edge)
   0.00   10.00   clock network delay (ideal)
   0.00   10.00   clock reconvergence pessimism
          10.00 v _10645_/CLK (DFFLQNx2_ASAP7_75t_R)
 -18.00   -8.00   library setup time
          -8.00   data required time
---------------------------------------------------------
          -8.00   data required time
        -903.82   data arrival time
---------------------------------------------------------
        -911.82   slack (VIOLATED)


Startpoint: _10775_ (falling edge-triggered flip-flop clocked by clk')
Endpoint: _10746_ (falling edge-triggered flip-flop clocked by clk')
Path Group: clk
Path Type: max

  Delay    Time   Description
---------------------------------------------------------
   0.00    0.00   clock clk' (fall edge)
   0.00    0.00   clock network delay (ideal)
   0.00    0.00 v _10775_/CLK (DFFLQNx3_ASAP7_75t_R)
 151.64  151.64 v _10775_/QN (DFFLQNx3_ASAP7_75t_R)
  70.60  222.24 ^ _05584_/Y (NAND2x2_ASAP7_75t_R)
  36.77  259.01 v _05618_/Y (INVx4_ASAP7_75t_R)
  38.62  297.63 ^ _05621_/Y (NAND2x2_ASAP7_75t_R)
  38.19  335.82 ^ rebuffer1058/Y (BUFx3_ASAP7_75t_R)
  19.75  355.57 v _05622_/Y (NOR2x2_ASAP7_75t_R)
  26.02  381.59 ^ _06631_/Y (NAND2x1_ASAP7_75t_R)
  25.59  407.18 v _06632_/Y (AOI21x1_ASAP7_75t_R)
  45.72  452.90 v _06633_/Y (AND2x6_ASAP7_75t_R)
  31.25  484.15 v rebuffer1307/Y (BUFx4f_ASAP7_75t_R)
  28.37  512.52 v rebuffer1308/Y (BUFx2_ASAP7_75t_R)
  39.93  552.45 v _06639_/Y (AO21x1_ASAP7_75t_R)
  18.63  571.08 ^ _07097_/Y (INVx1_ASAP7_75t_R)
  17.14  588.23 v _10549_/SN (HAxp5_ASAP7_75t_R)
  38.64  626.86 v _06642_/Y (OA21x2_ASAP7_75t_R)
  20.17  647.04 ^ _06643_/Y (OAI21x1_ASAP7_75t_R)
  21.71  668.75 v _06644_/Y (INVx2_ASAP7_75t_R)
  34.68  703.43 ^ _10477_/CON (FAx1_ASAP7_75t_R)
  69.74  773.17 v _09948_/Y (XNOR2x2_ASAP7_75t_R)
  17.25  790.42 ^ _09949_/Y (NAND2x1_ASAP7_75t_R)
  28.10  818.53 ^ _09950_/Y (AO21x1_ASAP7_75t_R)
  31.85  850.38 ^ _09951_/Y (OA21x2_ASAP7_75t_R)
  14.24  864.62 v _09953_/Y (AOI21x1_ASAP7_75t_R)
  19.98  884.60 ^ _09955_/Y (OAI21x1_ASAP7_75t_R)
  17.65  902.25 v _09956_/Y (AOI21x1_ASAP7_75t_R)
   0.00  902.25 v _10746_/D (DFFLQNx2_ASAP7_75t_R)
         902.25   data arrival time

  10.00   10.00   clock clk' (fall edge)
   0.00   10.00   clock network delay (ideal)
   0.00   10.00   clock reconvergence pessimism
          10.00 v _10746_/CLK (DFFLQNx2_ASAP7_75t_R)
 -18.67   -8.67   library setup time
          -8.67   data required time
---------------------------------------------------------
          -8.67   data required time
        -902.25   data arrival time
---------------------------------------------------------
        -910.92   slack (VIOLATED)


Startpoint: _10775_ (falling edge-triggered flip-flop clocked by clk')
Endpoint: _10751_ (falling edge-triggered flip-flop clocked by clk')
Path Group: clk
Path Type: max

  Delay    Time   Description
---------------------------------------------------------
   0.00    0.00   clock clk' (fall edge)
   0.00    0.00   clock network delay (ideal)
   0.00    0.00 v _10775_/CLK (DFFLQNx3_ASAP7_75t_R)
 151.64  151.64 v _10775_/QN (DFFLQNx3_ASAP7_75t_R)
  70.60  222.24 ^ _05584_/Y (NAND2x2_ASAP7_75t_R)
  36.77  259.01 v _05618_/Y (INVx4_ASAP7_75t_R)
  38.62  297.63 ^ _05621_/Y (NAND2x2_ASAP7_75t_R)
  38.19  335.82 ^ rebuffer1058/Y (BUFx3_ASAP7_75t_R)
  19.75  355.57 v _05622_/Y (NOR2x2_ASAP7_75t_R)
  26.02  381.59 ^ _06631_/Y (NAND2x1_ASAP7_75t_R)
  25.59  407.18 v _06632_/Y (AOI21x1_ASAP7_75t_R)
  45.72  452.90 v _06633_/Y (AND2x6_ASAP7_75t_R)
  23.69  476.59 ^ _06635_/Y (NOR2x2_ASAP7_75t_R)
  16.39  492.98 v _06958_/Y (INVx2_ASAP7_75t_R)
  27.17  520.15 v _07094_/Y (OA21x2_ASAP7_75t_R)
  66.42  586.57 v _10546_/SN (HAxp5_ASAP7_75t_R)
  46.54  633.11 v _06646_/Y (OA21x2_ASAP7_75t_R)
  39.66  672.77 v _06647_/Y (OR3x1_ASAP7_75t_R)
  54.99  727.76 v _06648_/Y (OA211x2_ASAP7_75t_R)
  17.02  744.78 ^ _06649_/Y (OAI21x1_ASAP7_75t_R)
  23.70  768.48 v _06656_/Y (AOI21x1_ASAP7_75t_R)
  44.06  812.54 ^ _10472_/CON (FAx1_ASAP7_75t_R)
  34.93  847.48 v _10472_/SN (FAx1_ASAP7_75t_R)
  26.68  874.16 ^ _10004_/Y (AOI21x1_ASAP7_75t_R)
  20.36  894.52 v _10005_/Y (OAI21x1_ASAP7_75t_R)
  17.80  912.32 ^ _10006_/Y (AOI21x1_ASAP7_75t_R)
   0.00  912.32 ^ _10751_/D (DFFLQNx2_ASAP7_75t_R)
         912.32   data arrival time

  10.00   10.00   clock clk' (fall edge)
   0.00   10.00   clock network delay (ideal)
   0.00   10.00   clock reconvergence pessimism
          10.00 v _10751_/CLK (DFFLQNx2_ASAP7_75t_R)
  -6.14    3.86   library setup time
           3.86   data required time
---------------------------------------------------------
           3.86   data required time
        -912.32   data arrival time
---------------------------------------------------------
        -908.46   slack (VIOLATED)


Startpoint: _10775_ (falling edge-triggered flip-flop clocked by clk')
Endpoint: _10760_ (falling edge-triggered flip-flop clocked by clk')
Path Group: clk
Path Type: max

  Delay    Time   Description
---------------------------------------------------------
   0.00    0.00   clock clk' (fall edge)
   0.00    0.00   clock network delay (ideal)
   0.00    0.00 v _10775_/CLK (DFFLQNx3_ASAP7_75t_R)
 151.64  151.64 v _10775_/QN (DFFLQNx3_ASAP7_75t_R)
  70.15  221.79 ^ _05526_/Y (NOR2x2_ASAP7_75t_R)
  48.05  269.85 v _05529_/Y (NAND2x2_ASAP7_75t_R)
  61.79  331.64 ^ _05888_/Y (OAI22x1_ASAP7_75t_R)
  33.46  365.09 v _05889_/Y (NOR2x2_ASAP7_75t_R)
  26.60  391.69 ^ _05890_/Y (NAND2x1_ASAP7_75t_R)
  18.80  410.50 v _05901_/Y (NOR2x1_ASAP7_75t_R)
  28.35  438.85 ^ _05902_/Y (NAND2x1_ASAP7_75t_R)
  20.22  459.07 v _05937_/Y (NOR2x2_ASAP7_75t_R)
  32.60  491.68 v _06304_/Y (AO21x1_ASAP7_75t_R)
  68.71  560.39 v _06306_/Y (OA22x2_ASAP7_75t_R)
  29.06  589.45 ^ _06308_/Y (CKINVDCx16_ASAP7_75t_R)
  25.14  614.59 v _06508_/Y (NOR2x2_ASAP7_75t_R)
  35.44  650.03 v rebuffer542/Y (BUFx2_ASAP7_75t_R)
  40.37  690.40 v _06509_/Y (AO21x1_ASAP7_75t_R)
  65.88  756.28 ^ _10464_/SN (FAx1_ASAP7_75t_R)
  48.34  804.62 ^ _10107_/Y (OA21x2_ASAP7_75t_R)
  14.86  819.48 v _10108_/Y (AOI22x1_ASAP7_75t_R)
  37.30  856.78 v _10109_/Y (AO21x1_ASAP7_75t_R)
  42.56  899.34 v _10111_/Y (AO32x1_ASAP7_75t_R)
   0.00  899.34 v _10760_/D (DFFLQNx2_ASAP7_75t_R)
         899.34   data arrival time

  10.00   10.00   clock clk' (fall edge)
   0.00   10.00   clock network delay (ideal)
   0.00   10.00   clock reconvergence pessimism
          10.00 v _10760_/CLK (DFFLQNx2_ASAP7_75t_R)
 -18.84   -8.84   library setup time
          -8.84   data required time
---------------------------------------------------------
          -8.84   data required time
        -899.34   data arrival time
---------------------------------------------------------
        -908.17   slack (VIOLATED)


Startpoint: _10775_ (falling edge-triggered flip-flop clocked by clk')
Endpoint: _10749_ (falling edge-triggered flip-flop clocked by clk')
Path Group: clk
Path Type: max

  Delay    Time   Description
---------------------------------------------------------
   0.00    0.00   clock clk' (fall edge)
   0.00    0.00   clock network delay (ideal)
   0.00    0.00 v _10775_/CLK (DFFLQNx3_ASAP7_75t_R)
 151.64  151.64 v _10775_/QN (DFFLQNx3_ASAP7_75t_R)
  70.60  222.24 ^ _05584_/Y (NAND2x2_ASAP7_75t_R)
  36.77  259.01 v _05618_/Y (INVx4_ASAP7_75t_R)
  38.62  297.63 ^ _05621_/Y (NAND2x2_ASAP7_75t_R)
  38.19  335.82 ^ rebuffer1058/Y (BUFx3_ASAP7_75t_R)
  19.75  355.57 v _05622_/Y (NOR2x2_ASAP7_75t_R)
  26.02  381.59 ^ _06631_/Y (NAND2x1_ASAP7_75t_R)
  25.59  407.18 v _06632_/Y (AOI21x1_ASAP7_75t_R)
  45.72  452.90 v _06633_/Y (AND2x6_ASAP7_75t_R)
  23.69  476.59 ^ _06635_/Y (NOR2x2_ASAP7_75t_R)
  16.39  492.98 v _06958_/Y (INVx2_ASAP7_75t_R)
  27.17  520.15 v _07094_/Y (OA21x2_ASAP7_75t_R)
  66.42  586.57 v _10546_/SN (HAxp5_ASAP7_75t_R)
  46.54  633.11 v _06646_/Y (OA21x2_ASAP7_75t_R)
  39.66  672.77 v _06647_/Y (OR3x1_ASAP7_75t_R)
  54.99  727.76 v _06648_/Y (OA211x2_ASAP7_75t_R)
  17.02  744.78 ^ _06649_/Y (OAI21x1_ASAP7_75t_R)
  21.47  766.25 v _06650_/Y (INVx1_ASAP7_75t_R)
  41.68  807.93 ^ _10471_/CON (FAx1_ASAP7_75t_R)
  34.83  842.76 v _10471_/SN (FAx1_ASAP7_75t_R)
  26.60  869.36 ^ _09983_/Y (AOI21x1_ASAP7_75t_R)
  20.33  889.69 v _09984_/Y (OAI21x1_ASAP7_75t_R)
  17.79  907.48 ^ _09985_/Y (AOI21x1_ASAP7_75t_R)
   0.00  907.48 ^ _10749_/D (DFFLQNx2_ASAP7_75t_R)
         907.48   data arrival time

  10.00   10.00   clock clk' (fall edge)
   0.00   10.00   clock network delay (ideal)
   0.00   10.00   clock reconvergence pessimism
          10.00 v _10749_/CLK (DFFLQNx2_ASAP7_75t_R)
  -6.14    3.86   library setup time
           3.86   data required time
---------------------------------------------------------
           3.86   data required time
        -907.48   data arrival time
---------------------------------------------------------
        -903.62   slack (VIOLATED)


Startpoint: _10793_ (falling edge-triggered flip-flop clocked by clk')
Endpoint: _10683_ (falling edge-triggered flip-flop clocked by clk')
Path Group: clk
Path Type: max

  Delay    Time   Description
---------------------------------------------------------
   0.00    0.00   clock clk' (fall edge)
   0.00    0.00   clock network delay (ideal)
   0.00    0.00 v _10793_/CLK (DFFLQNx3_ASAP7_75t_R)
 114.51  114.51 v _10793_/QN (DFFLQNx3_ASAP7_75t_R)
  31.55  146.06 ^ _06240_/Y (INVx3_ASAP7_75t_R)
  44.59  190.65 ^ _06242_/Y (AND3x4_ASAP7_75t_R)
  36.78  227.43 ^ _06243_/Y (XOR2x1_ASAP7_75t_R)
  47.94  275.38 v _10448_/CON (FAx1_ASAP7_75t_R)
  46.06  321.43 ^ _10449_/CON (FAx1_ASAP7_75t_R)
  42.70  364.13 ^ rebuffer961/Y (BUFx3_ASAP7_75t_R)
  14.29  378.42 v _06820_/Y (OAI21x1_ASAP7_75t_R)
  46.37  424.79 v _06822_/Y (AO21x2_ASAP7_75t_R)
  33.09  457.88 ^ _10453_/CON (FAx1_ASAP7_75t_R)
  28.59  486.47 v _06823_/Y (INVx1_ASAP7_75t_R)
  52.69  539.16 ^ _10455_/SN (FAx1_ASAP7_75t_R)
  30.64  569.80 ^ _06361_/Y (AO21x1_ASAP7_75t_R)
  42.39  612.19 ^ _06364_/Y (AO32x2_ASAP7_75t_R)
  20.16  632.35 v _10572_/CON (HAxp5_ASAP7_75t_R)
  46.43  678.78 v _08434_/Y (OR3x1_ASAP7_75t_R)
  35.75  714.53 v _08435_/Y (OA21x2_ASAP7_75t_R)
  34.64  749.17 v _08441_/Y (OA21x2_ASAP7_75t_R)
  56.06  805.23 v _08442_/Y (AO32x2_ASAP7_75t_R)
  36.67  841.90 v _09453_/Y (OA21x2_ASAP7_75t_R)
  48.38  890.28 v _09457_/Y (OA211x2_ASAP7_75t_R)
  17.96  908.25 ^ _09460_/Y (OAI21x1_ASAP7_75t_R)
   0.00  908.25 ^ _10683_/D (DFFLQNx2_ASAP7_75t_R)
         908.25   data arrival time

  10.00   10.00   clock clk' (fall edge)
   0.00   10.00   clock network delay (ideal)
   0.00   10.00   clock reconvergence pessimism
          10.00 v _10683_/CLK (DFFLQNx2_ASAP7_75t_R)
  -5.35    4.65   library setup time
           4.65   data required time
---------------------------------------------------------
           4.65   data required time
        -908.25   data arrival time
---------------------------------------------------------
        -903.60   slack (VIOLATED)


Startpoint: _10775_ (falling edge-triggered flip-flop clocked by clk')
Endpoint: _10752_ (falling edge-triggered flip-flop clocked by clk')
Path Group: clk
Path Type: max

  Delay    Time   Description
---------------------------------------------------------
   0.00    0.00   clock clk' (fall edge)
   0.00    0.00   clock network delay (ideal)
   0.00    0.00 v _10775_/CLK (DFFLQNx3_ASAP7_75t_R)
 151.64  151.64 v _10775_/QN (DFFLQNx3_ASAP7_75t_R)
  70.60  222.24 ^ _05584_/Y (NAND2x2_ASAP7_75t_R)
  36.77  259.01 v _05618_/Y (INVx4_ASAP7_75t_R)
  38.62  297.63 ^ _05621_/Y (NAND2x2_ASAP7_75t_R)
  38.19  335.82 ^ rebuffer1058/Y (BUFx3_ASAP7_75t_R)
  19.75  355.57 v _05622_/Y (NOR2x2_ASAP7_75t_R)
  26.02  381.59 ^ _06631_/Y (NAND2x1_ASAP7_75t_R)
  25.59  407.18 v _06632_/Y (AOI21x1_ASAP7_75t_R)
  45.72  452.90 v _06633_/Y (AND2x6_ASAP7_75t_R)
  23.69  476.59 ^ _06635_/Y (NOR2x2_ASAP7_75t_R)
  16.39  492.98 v _06958_/Y (INVx2_ASAP7_75t_R)
  27.17  520.15 v _07094_/Y (OA21x2_ASAP7_75t_R)
  66.42  586.57 v _10546_/SN (HAxp5_ASAP7_75t_R)
  46.54  633.11 v _06646_/Y (OA21x2_ASAP7_75t_R)
  39.66  672.77 v _06647_/Y (OR3x1_ASAP7_75t_R)
  54.99  727.76 v _06648_/Y (OA211x2_ASAP7_75t_R)
  17.02  744.78 ^ _06649_/Y (OAI21x1_ASAP7_75t_R)
  23.70  768.48 v _06656_/Y (AOI21x1_ASAP7_75t_R)
  44.06  812.54 ^ _10472_/CON (FAx1_ASAP7_75t_R)
  48.20  860.75 ^ _10007_/Y (XNOR2x1_ASAP7_75t_R)
  21.65  882.40 v _10008_/Y (AOI21x1_ASAP7_75t_R)
  19.60  902.00 ^ _10017_/Y (AOI21x1_ASAP7_75t_R)
   0.00  902.00 ^ _10752_/D (DFFLQNx2_ASAP7_75t_R)
         902.00   data arrival time

  10.00   10.00   clock clk' (fall edge)
   0.00   10.00   clock network delay (ideal)
   0.00   10.00   clock reconvergence pessimism
          10.00 v _10752_/CLK (DFFLQNx2_ASAP7_75t_R)
  -5.50    4.50   library setup time
           4.50   data required time
---------------------------------------------------------
           4.50   data required time
        -902.00   data arrival time
---------------------------------------------------------
        -897.50   slack (VIOLATED)


Startpoint: _10775_ (falling edge-triggered flip-flop clocked by clk')
Endpoint: _10748_ (falling edge-triggered flip-flop clocked by clk')
Path Group: clk
Path Type: max

  Delay    Time   Description
---------------------------------------------------------
   0.00    0.00   clock clk' (fall edge)
   0.00    0.00   clock network delay (ideal)
   0.00    0.00 v _10775_/CLK (DFFLQNx3_ASAP7_75t_R)
 151.64  151.64 v _10775_/QN (DFFLQNx3_ASAP7_75t_R)
  70.60  222.24 ^ _05584_/Y (NAND2x2_ASAP7_75t_R)
  36.77  259.01 v _05618_/Y (INVx4_ASAP7_75t_R)
  38.62  297.63 ^ _05621_/Y (NAND2x2_ASAP7_75t_R)
  38.19  335.82 ^ rebuffer1058/Y (BUFx3_ASAP7_75t_R)
  19.75  355.57 v _05622_/Y (NOR2x2_ASAP7_75t_R)
  26.02  381.59 ^ _06631_/Y (NAND2x1_ASAP7_75t_R)
  25.59  407.18 v _06632_/Y (AOI21x1_ASAP7_75t_R)
  45.72  452.90 v _06633_/Y (AND2x6_ASAP7_75t_R)
  31.25  484.15 v rebuffer1307/Y (BUFx4f_ASAP7_75t_R)
  28.37  512.52 v rebuffer1308/Y (BUFx2_ASAP7_75t_R)
  39.93  552.45 v _06639_/Y (AO21x1_ASAP7_75t_R)
  18.63  571.08 ^ _07097_/Y (INVx1_ASAP7_75t_R)
  17.14  588.23 v _10549_/SN (HAxp5_ASAP7_75t_R)
  38.64  626.86 v _06642_/Y (OA21x2_ASAP7_75t_R)
  20.17  647.04 ^ _06643_/Y (OAI21x1_ASAP7_75t_R)
  21.71  668.75 v _06644_/Y (INVx2_ASAP7_75t_R)
  41.81  710.56 v _06675_/Y (OR3x1_ASAP7_75t_R)
  34.84  745.40 v _06676_/Y (AND2x2_ASAP7_75t_R)
  36.43  781.83 ^ _10478_/CON (FAx1_ASAP7_75t_R)
  67.11  848.94 v _09965_/Y (XNOR2x2_ASAP7_75t_R)
  20.87  869.80 ^ _09966_/Y (AOI21x1_ASAP7_75t_R)
  18.89  888.69 v _09975_/Y (AOI21x1_ASAP7_75t_R)
   0.00  888.69 v _10748_/D (DFFLQNx2_ASAP7_75t_R)
         888.69   data arrival time

  10.00   10.00   clock clk' (fall edge)
   0.00   10.00   clock network delay (ideal)
   0.00   10.00   clock reconvergence pessimism
          10.00 v _10748_/CLK (DFFLQNx2_ASAP7_75t_R)
 -18.74   -8.74   library setup time
          -8.74   data required time
---------------------------------------------------------
          -8.74   data required time
        -888.69   data arrival time
---------------------------------------------------------
        -897.43   slack (VIOLATED)


Startpoint: _10775_ (falling edge-triggered flip-flop clocked by clk')
Endpoint: _10727_ (falling edge-triggered flip-flop clocked by clk')
Path Group: clk
Path Type: max

  Delay    Time   Description
---------------------------------------------------------
   0.00    0.00   clock clk' (fall edge)
   0.00    0.00   clock network delay (ideal)
   0.00    0.00 v _10775_/CLK (DFFLQNx3_ASAP7_75t_R)
 151.64  151.64 v _10775_/QN (DFFLQNx3_ASAP7_75t_R)
  70.15  221.79 ^ _05526_/Y (NOR2x2_ASAP7_75t_R)
  48.05  269.85 v _05529_/Y (NAND2x2_ASAP7_75t_R)
  61.79  331.64 ^ _05888_/Y (OAI22x1_ASAP7_75t_R)
  33.46  365.09 v _05889_/Y (NOR2x2_ASAP7_75t_R)
  26.60  391.69 ^ _05890_/Y (NAND2x1_ASAP7_75t_R)
  18.80  410.50 v _05901_/Y (NOR2x1_ASAP7_75t_R)
  28.35  438.85 ^ _05902_/Y (NAND2x1_ASAP7_75t_R)
  20.22  459.07 v _05937_/Y (NOR2x2_ASAP7_75t_R)
  32.60  491.68 v _06304_/Y (AO21x1_ASAP7_75t_R)
  68.71  560.39 v _06306_/Y (OA22x2_ASAP7_75t_R)
  29.06  589.45 ^ _06308_/Y (CKINVDCx16_ASAP7_75t_R)
  25.14  614.59 v _06508_/Y (NOR2x2_ASAP7_75t_R)
  35.44  650.03 v rebuffer542/Y (BUFx2_ASAP7_75t_R)
  40.37  690.40 v _06509_/Y (AO21x1_ASAP7_75t_R)
  43.37  733.77 ^ _10464_/CON (FAx1_ASAP7_75t_R)
  33.81  767.58 v _10464_/SN (FAx1_ASAP7_75t_R)
  40.18  807.77 v _09730_/Y (AO21x1_ASAP7_75t_R)
  30.46  838.22 v _09732_/Y (AO21x1_ASAP7_75t_R)
  45.47  883.69 v _09733_/Y (AO221x1_ASAP7_75t_R)
  16.66  900.35 ^ _09734_/Y (NAND2x1_ASAP7_75t_R)
   0.00  900.35 ^ _10727_/D (DFFLQNx2_ASAP7_75t_R)
         900.35   data arrival time

  10.00   10.00   clock clk' (fall edge)
   0.00   10.00   clock network delay (ideal)
   0.00   10.00   clock reconvergence pessimism
          10.00 v _10727_/CLK (DFFLQNx2_ASAP7_75t_R)
  -4.97    5.03   library setup time
           5.03   data required time
---------------------------------------------------------
           5.03   data required time
        -900.35   data arrival time
---------------------------------------------------------
        -895.32   slack (VIOLATED)


Startpoint: _10775_ (falling edge-triggered flip-flop clocked by clk')
Endpoint: _10750_ (falling edge-triggered flip-flop clocked by clk')
Path Group: clk
Path Type: max

  Delay    Time   Description
---------------------------------------------------------
   0.00    0.00   clock clk' (fall edge)
   0.00    0.00   clock network delay (ideal)
   0.00    0.00 v _10775_/CLK (DFFLQNx3_ASAP7_75t_R)
 151.64  151.64 v _10775_/QN (DFFLQNx3_ASAP7_75t_R)
  70.60  222.24 ^ _05584_/Y (NAND2x2_ASAP7_75t_R)
  36.77  259.01 v _05618_/Y (INVx4_ASAP7_75t_R)
  38.62  297.63 ^ _05621_/Y (NAND2x2_ASAP7_75t_R)
  38.19  335.82 ^ rebuffer1058/Y (BUFx3_ASAP7_75t_R)
  19.75  355.57 v _05622_/Y (NOR2x2_ASAP7_75t_R)
  26.02  381.59 ^ _06631_/Y (NAND2x1_ASAP7_75t_R)
  25.59  407.18 v _06632_/Y (AOI21x1_ASAP7_75t_R)
  45.72  452.90 v _06633_/Y (AND2x6_ASAP7_75t_R)
  23.69  476.59 ^ _06635_/Y (NOR2x2_ASAP7_75t_R)
  16.39  492.98 v _06958_/Y (INVx2_ASAP7_75t_R)
  27.17  520.15 v _07094_/Y (OA21x2_ASAP7_75t_R)
  66.42  586.57 v _10546_/SN (HAxp5_ASAP7_75t_R)
  46.54  633.11 v _06646_/Y (OA21x2_ASAP7_75t_R)
  39.66  672.77 v _06647_/Y (OR3x1_ASAP7_75t_R)
  54.99  727.76 v _06648_/Y (OA211x2_ASAP7_75t_R)
  17.02  744.78 ^ _06649_/Y (OAI21x1_ASAP7_75t_R)
  21.47  766.25 v _06650_/Y (INVx1_ASAP7_75t_R)
  41.68  807.93 ^ _10471_/CON (FAx1_ASAP7_75t_R)
  48.12  856.05 ^ _09986_/Y (XNOR2x1_ASAP7_75t_R)
  22.54  878.58 v _09987_/Y (AOI21x1_ASAP7_75t_R)
  19.60  898.18 ^ _09996_/Y (AOI21x1_ASAP7_75t_R)
   0.00  898.18 ^ _10750_/D (DFFLQNx2_ASAP7_75t_R)
         898.18   data arrival time

  10.00   10.00   clock clk' (fall edge)
   0.00   10.00   clock network delay (ideal)
   0.00   10.00   clock reconvergence pessimism
          10.00 v _10750_/CLK (DFFLQNx2_ASAP7_75t_R)
  -5.50    4.50   library setup time
           4.50   data required time
---------------------------------------------------------
           4.50   data required time
        -898.18   data arrival time
---------------------------------------------------------
        -893.68   slack (VIOLATED)


Startpoint: _10775_ (falling edge-triggered flip-flop clocked by clk')
Endpoint: _10608_ (falling edge-triggered flip-flop clocked by clk')
Path Group: clk
Path Type: max

  Delay    Time   Description
---------------------------------------------------------
   0.00    0.00   clock clk' (fall edge)
   0.00    0.00   clock network delay (ideal)
   0.00    0.00 v _10775_/CLK (DFFLQNx3_ASAP7_75t_R)
 151.64  151.64 v _10775_/QN (DFFLQNx3_ASAP7_75t_R)
  36.95  188.59 ^ _05514_/Y (INVx8_ASAP7_75t_R)
  40.84  229.43 v _05515_/Y (NOR2x2_ASAP7_75t_R)
  41.31  270.75 v rebuffer388/Y (BUFx6f_ASAP7_75t_R)
  32.80  303.54 v rebuffer389/Y (BUFx2_ASAP7_75t_R)
  34.36  337.91 ^ clone378/Y (NAND2x2_ASAP7_75t_R)
  26.48  364.39 v _05614_/Y (NOR2x2_ASAP7_75t_R)
  22.36  386.75 ^ _05615_/Y (INVx3_ASAP7_75t_R)
  50.10  436.85 ^ _07659_/Y (AND3x2_ASAP7_75t_R)
  43.81  480.66 ^ _07660_/Y (AO21x1_ASAP7_75t_R)
  20.04  500.71 v _07672_/Y (NAND3x2_ASAP7_75t_R)
  21.14  521.84 ^ _07673_/Y (NOR2x2_ASAP7_75t_R)
  14.46  536.30 v _07677_/Y (NAND3x2_ASAP7_75t_R)
  43.15  579.45 ^ _07694_/Y (AOI21x1_ASAP7_75t_R)
  46.40  625.85 v _08551_/Y (AOI21x1_ASAP7_75t_R)
  48.07  673.92 ^ _08552_/Y (NAND2x2_ASAP7_75t_R)
  16.41  690.34 v _08553_/Y (INVx6_ASAP7_75t_R)
  40.34  730.68 v _08554_/Y (AO21x1_ASAP7_75t_R)
  29.52  760.21 ^ _08555_/Y (NAND2x2_ASAP7_75t_R)
  21.36  781.56 v _08556_/Y (INVx3_ASAP7_75t_R)
  58.23  839.79 v _08595_/Y (OR3x2_ASAP7_75t_R)
  21.57  861.36 ^ _08733_/Y (OAI21x1_ASAP7_75t_R)
  15.02  876.38 v _08734_/Y (AOI21x1_ASAP7_75t_R)
   0.00  876.38 v _10608_/D (DFFLQNx2_ASAP7_75t_R)
         876.38   data arrival time

  10.00   10.00   clock clk' (fall edge)
   0.00   10.00   clock network delay (ideal)
   0.00   10.00   clock reconvergence pessimism
          10.00 v _10608_/CLK (DFFLQNx2_ASAP7_75t_R)
 -18.67   -8.67   library setup time
          -8.67   data required time
---------------------------------------------------------
          -8.67   data required time
        -876.38   data arrival time
---------------------------------------------------------
        -885.04   slack (VIOLATED)


Startpoint: _10775_ (falling edge-triggered flip-flop clocked by clk')
Endpoint: _10612_ (falling edge-triggered flip-flop clocked by clk')
Path Group: clk
Path Type: max

  Delay    Time   Description
---------------------------------------------------------
   0.00    0.00   clock clk' (fall edge)
   0.00    0.00   clock network delay (ideal)
   0.00    0.00 v _10775_/CLK (DFFLQNx3_ASAP7_75t_R)
 151.64  151.64 v _10775_/QN (DFFLQNx3_ASAP7_75t_R)
  36.95  188.59 ^ _05514_/Y (INVx8_ASAP7_75t_R)
  40.84  229.43 v _05515_/Y (NOR2x2_ASAP7_75t_R)
  41.31  270.75 v rebuffer388/Y (BUFx6f_ASAP7_75t_R)
  32.80  303.54 v rebuffer389/Y (BUFx2_ASAP7_75t_R)
  34.36  337.91 ^ clone378/Y (NAND2x2_ASAP7_75t_R)
  26.48  364.39 v _05614_/Y (NOR2x2_ASAP7_75t_R)
  22.36  386.75 ^ _05615_/Y (INVx3_ASAP7_75t_R)
  50.10  436.85 ^ _07659_/Y (AND3x2_ASAP7_75t_R)
  43.81  480.66 ^ _07660_/Y (AO21x1_ASAP7_75t_R)
  20.04  500.71 v _07672_/Y (NAND3x2_ASAP7_75t_R)
  21.14  521.84 ^ _07673_/Y (NOR2x2_ASAP7_75t_R)
  14.46  536.30 v _07677_/Y (NAND3x2_ASAP7_75t_R)
  43.15  579.45 ^ _07694_/Y (AOI21x1_ASAP7_75t_R)
  46.40  625.85 v _08551_/Y (AOI21x1_ASAP7_75t_R)
  48.07  673.92 ^ _08552_/Y (NAND2x2_ASAP7_75t_R)
  16.41  690.34 v _08553_/Y (INVx6_ASAP7_75t_R)
  40.34  730.68 v _08554_/Y (AO21x1_ASAP7_75t_R)
  29.52  760.21 ^ _08555_/Y (NAND2x2_ASAP7_75t_R)
  21.36  781.56 v _08556_/Y (INVx3_ASAP7_75t_R)
  27.06  808.62 ^ _08750_/Y (NAND2x2_ASAP7_75t_R)
  15.07  823.69 v _08751_/Y (NAND2x1_ASAP7_75t_R)
  52.34  876.03 v _08752_/Y (OA211x2_ASAP7_75t_R)
   0.00  876.03 v _10612_/D (DFFLQNx2_ASAP7_75t_R)
         876.03   data arrival time

  10.00   10.00   clock clk' (fall edge)
   0.00   10.00   clock network delay (ideal)
   0.00   10.00   clock reconvergence pessimism
          10.00 v _10612_/CLK (DFFLQNx2_ASAP7_75t_R)
 -18.79   -8.79   library setup time
          -8.79   data required time
---------------------------------------------------------
          -8.79   data required time
        -876.03   data arrival time
---------------------------------------------------------
        -884.82   slack (VIOLATED)


Startpoint: _10775_ (falling edge-triggered flip-flop clocked by clk')
Endpoint: _10614_ (falling edge-triggered flip-flop clocked by clk')
Path Group: clk
Path Type: max

  Delay    Time   Description
---------------------------------------------------------
   0.00    0.00   clock clk' (fall edge)
   0.00    0.00   clock network delay (ideal)
   0.00    0.00 v _10775_/CLK (DFFLQNx3_ASAP7_75t_R)
 151.64  151.64 v _10775_/QN (DFFLQNx3_ASAP7_75t_R)
  36.95  188.59 ^ _05514_/Y (INVx8_ASAP7_75t_R)
  40.84  229.43 v _05515_/Y (NOR2x2_ASAP7_75t_R)
  41.31  270.75 v rebuffer388/Y (BUFx6f_ASAP7_75t_R)
  32.80  303.54 v rebuffer389/Y (BUFx2_ASAP7_75t_R)
  34.36  337.91 ^ clone378/Y (NAND2x2_ASAP7_75t_R)
  26.48  364.39 v _05614_/Y (NOR2x2_ASAP7_75t_R)
  22.36  386.75 ^ _05615_/Y (INVx3_ASAP7_75t_R)
  50.10  436.85 ^ _07659_/Y (AND3x2_ASAP7_75t_R)
  43.81  480.66 ^ _07660_/Y (AO21x1_ASAP7_75t_R)
  20.04  500.71 v _07672_/Y (NAND3x2_ASAP7_75t_R)
  21.14  521.84 ^ _07673_/Y (NOR2x2_ASAP7_75t_R)
  14.46  536.30 v _07677_/Y (NAND3x2_ASAP7_75t_R)
  43.15  579.45 ^ _07694_/Y (AOI21x1_ASAP7_75t_R)
  46.40  625.85 v _08551_/Y (AOI21x1_ASAP7_75t_R)
  48.07  673.92 ^ _08552_/Y (NAND2x2_ASAP7_75t_R)
  16.41  690.34 v _08553_/Y (INVx6_ASAP7_75t_R)
  40.34  730.68 v _08554_/Y (AO21x1_ASAP7_75t_R)
  29.52  760.21 ^ _08555_/Y (NAND2x2_ASAP7_75t_R)
  21.36  781.56 v _08556_/Y (INVx3_ASAP7_75t_R)
  27.06  808.62 ^ _08750_/Y (NAND2x2_ASAP7_75t_R)
  15.07  823.69 v _08755_/Y (NAND2x1_ASAP7_75t_R)
  52.34  876.03 v _08756_/Y (OA211x2_ASAP7_75t_R)
   0.00  876.03 v _10614_/D (DFFLQNx2_ASAP7_75t_R)
         876.03   data arrival time

  10.00   10.00   clock clk' (fall edge)
   0.00   10.00   clock network delay (ideal)
   0.00   10.00   clock reconvergence pessimism
          10.00 v _10614_/CLK (DFFLQNx2_ASAP7_75t_R)
 -18.79   -8.79   library setup time
          -8.79   data required time
---------------------------------------------------------
          -8.79   data required time
        -876.03   data arrival time
---------------------------------------------------------
        -884.82   slack (VIOLATED)


Startpoint: _10775_ (falling edge-triggered flip-flop clocked by clk')
Endpoint: _10609_ (falling edge-triggered flip-flop clocked by clk')
Path Group: clk
Path Type: max

  Delay    Time   Description
---------------------------------------------------------
   0.00    0.00   clock clk' (fall edge)
   0.00    0.00   clock network delay (ideal)
   0.00    0.00 v _10775_/CLK (DFFLQNx3_ASAP7_75t_R)
 151.64  151.64 v _10775_/QN (DFFLQNx3_ASAP7_75t_R)
  36.95  188.59 ^ _05514_/Y (INVx8_ASAP7_75t_R)
  40.84  229.43 v _05515_/Y (NOR2x2_ASAP7_75t_R)
  41.31  270.75 v rebuffer388/Y (BUFx6f_ASAP7_75t_R)
  32.80  303.54 v rebuffer389/Y (BUFx2_ASAP7_75t_R)
  34.36  337.91 ^ clone378/Y (NAND2x2_ASAP7_75t_R)
  26.48  364.39 v _05614_/Y (NOR2x2_ASAP7_75t_R)
  22.36  386.75 ^ _05615_/Y (INVx3_ASAP7_75t_R)
  50.10  436.85 ^ _07659_/Y (AND3x2_ASAP7_75t_R)
  43.81  480.66 ^ _07660_/Y (AO21x1_ASAP7_75t_R)
  20.04  500.71 v _07672_/Y (NAND3x2_ASAP7_75t_R)
  21.14  521.84 ^ _07673_/Y (NOR2x2_ASAP7_75t_R)
  14.46  536.30 v _07677_/Y (NAND3x2_ASAP7_75t_R)
  43.15  579.45 ^ _07694_/Y (AOI21x1_ASAP7_75t_R)
  46.40  625.85 v _08551_/Y (AOI21x1_ASAP7_75t_R)
  48.07  673.92 ^ _08552_/Y (NAND2x2_ASAP7_75t_R)
  16.41  690.34 v _08553_/Y (INVx6_ASAP7_75t_R)
  40.34  730.68 v _08554_/Y (AO21x1_ASAP7_75t_R)
  29.52  760.21 ^ _08555_/Y (NAND2x2_ASAP7_75t_R)
  21.36  781.56 v _08556_/Y (INVx3_ASAP7_75t_R)
  58.23  839.79 v _08595_/Y (OR3x2_ASAP7_75t_R)
  21.57  861.36 ^ _08739_/Y (OAI21x1_ASAP7_75t_R)
  15.09  876.45 v _08742_/Y (AOI21x1_ASAP7_75t_R)
   0.00  876.45 v _10609_/D (DFFLQNx2_ASAP7_75t_R)
         876.45   data arrival time

  10.00   10.00   clock clk' (fall edge)
   0.00   10.00   clock network delay (ideal)
   0.00   10.00   clock reconvergence pessimism
          10.00 v _10609_/CLK (DFFLQNx2_ASAP7_75t_R)
 -18.22   -8.22   library setup time
          -8.22   data required time
---------------------------------------------------------
          -8.22   data required time
        -876.45   data arrival time
---------------------------------------------------------
        -884.66   slack (VIOLATED)


Startpoint: _10793_ (falling edge-triggered flip-flop clocked by clk')
Endpoint: _10677_ (falling edge-triggered flip-flop clocked by clk')
Path Group: clk
Path Type: max

  Delay    Time   Description
---------------------------------------------------------
   0.00    0.00   clock clk' (fall edge)
   0.00    0.00   clock network delay (ideal)
   0.00    0.00 v _10793_/CLK (DFFLQNx3_ASAP7_75t_R)
 114.51  114.51 v _10793_/QN (DFFLQNx3_ASAP7_75t_R)
  31.55  146.06 ^ _06240_/Y (INVx3_ASAP7_75t_R)
  44.59  190.65 ^ _06242_/Y (AND3x4_ASAP7_75t_R)
  36.78  227.43 ^ _06243_/Y (XOR2x1_ASAP7_75t_R)
  47.94  275.38 v _10448_/CON (FAx1_ASAP7_75t_R)
  46.06  321.43 ^ _10449_/CON (FAx1_ASAP7_75t_R)
  42.70  364.13 ^ rebuffer961/Y (BUFx3_ASAP7_75t_R)
  14.29  378.42 v _06820_/Y (OAI21x1_ASAP7_75t_R)
  46.37  424.79 v _06822_/Y (AO21x2_ASAP7_75t_R)
  33.09  457.88 ^ _10453_/CON (FAx1_ASAP7_75t_R)
  28.59  486.47 v _06823_/Y (INVx1_ASAP7_75t_R)
  34.61  521.08 ^ _10455_/CON (FAx1_ASAP7_75t_R)
  28.59  549.68 v _06825_/Y (INVx1_ASAP7_75t_R)
  33.67  583.35 ^ _10456_/CON (FAx1_ASAP7_75t_R)
  35.71  619.06 ^ split970/Y (BUFx2_ASAP7_75t_R)
  11.69  630.75 v _06827_/Y (INVx1_ASAP7_75t_R)
  30.64  661.39 ^ _10458_/CON (FAx1_ASAP7_75t_R)
  35.11  696.49 ^ split956/Y (BUFx2_ASAP7_75t_R)
  23.21  719.70 ^ rebuffer957/Y (BUFx3_ASAP7_75t_R)
  12.68  732.38 v _09278_/Y (AOI21x1_ASAP7_75t_R)
  33.32  765.70 v _09279_/Y (AO21x1_ASAP7_75t_R)
  35.20  800.90 v _09288_/Y (OA21x2_ASAP7_75t_R)
  26.21  827.11 v _09289_/Y (OA21x2_ASAP7_75t_R)
  18.91  846.02 ^ _09292_/Y (AOI21x1_ASAP7_75t_R)
  18.01  864.03 v _09313_/Y (NAND2x1_ASAP7_75t_R)
  20.50  884.53 ^ _09318_/Y (AOI22x1_ASAP7_75t_R)
   0.00  884.53 ^ _10677_/D (DFFLQNx2_ASAP7_75t_R)
         884.53   data arrival time

  10.00   10.00   clock clk' (fall edge)
   0.00   10.00   clock network delay (ideal)
   0.00   10.00   clock reconvergence pessimism
          10.00 v _10677_/CLK (DFFLQNx2_ASAP7_75t_R)
  -8.90    1.10   library setup time
           1.10   data required time
---------------------------------------------------------
           1.10   data required time
        -884.53   data arrival time
---------------------------------------------------------
        -883.43   slack (VIOLATED)


Startpoint: _10775_ (falling edge-triggered flip-flop clocked by clk')
Endpoint: _10593_ (falling edge-triggered flip-flop clocked by clk')
Path Group: clk
Path Type: max

  Delay    Time   Description
---------------------------------------------------------
   0.00    0.00   clock clk' (fall edge)
   0.00    0.00   clock network delay (ideal)
   0.00    0.00 v _10775_/CLK (DFFLQNx3_ASAP7_75t_R)
 151.64  151.64 v _10775_/QN (DFFLQNx3_ASAP7_75t_R)
  36.95  188.59 ^ _05514_/Y (INVx8_ASAP7_75t_R)
  40.84  229.43 v _05515_/Y (NOR2x2_ASAP7_75t_R)
  41.31  270.75 v rebuffer388/Y (BUFx6f_ASAP7_75t_R)
  32.80  303.54 v rebuffer389/Y (BUFx2_ASAP7_75t_R)
  34.36  337.91 ^ clone378/Y (NAND2x2_ASAP7_75t_R)
  26.48  364.39 v _05614_/Y (NOR2x2_ASAP7_75t_R)
  22.36  386.75 ^ _05615_/Y (INVx3_ASAP7_75t_R)
  50.10  436.85 ^ _07659_/Y (AND3x2_ASAP7_75t_R)
  43.81  480.66 ^ _07660_/Y (AO21x1_ASAP7_75t_R)
  20.04  500.71 v _07672_/Y (NAND3x2_ASAP7_75t_R)
  21.14  521.84 ^ _07673_/Y (NOR2x2_ASAP7_75t_R)
  14.46  536.30 v _07677_/Y (NAND3x2_ASAP7_75t_R)
  43.15  579.45 ^ _07694_/Y (AOI21x1_ASAP7_75t_R)
  46.40  625.85 v _08551_/Y (AOI21x1_ASAP7_75t_R)
  48.07  673.92 ^ _08552_/Y (NAND2x2_ASAP7_75t_R)
  16.41  690.34 v _08553_/Y (INVx6_ASAP7_75t_R)
  40.34  730.68 v _08554_/Y (AO21x1_ASAP7_75t_R)
  29.52  760.21 ^ _08555_/Y (NAND2x2_ASAP7_75t_R)
  21.36  781.56 v _08556_/Y (INVx3_ASAP7_75t_R)
  58.23  839.79 v _08595_/Y (OR3x2_ASAP7_75t_R)
  34.90  874.69 v _08600_/Y (AO21x1_ASAP7_75t_R)
   0.00  874.69 v _10593_/D (DFFLQNx3_ASAP7_75t_R)
         874.69   data arrival time

  10.00   10.00   clock clk' (fall edge)
   0.00   10.00   clock network delay (ideal)
   0.00   10.00   clock reconvergence pessimism
          10.00 v _10593_/CLK (DFFLQNx3_ASAP7_75t_R)
 -17.34   -7.34   library setup time
          -7.34   data required time
---------------------------------------------------------
          -7.34   data required time
        -874.69   data arrival time
---------------------------------------------------------
        -882.02   slack (VIOLATED)


Startpoint: _10775_ (falling edge-triggered flip-flop clocked by clk')
Endpoint: _10605_ (falling edge-triggered flip-flop clocked by clk')
Path Group: clk
Path Type: max

  Delay    Time   Description
---------------------------------------------------------
   0.00    0.00   clock clk' (fall edge)
   0.00    0.00   clock network delay (ideal)
   0.00    0.00 v _10775_/CLK (DFFLQNx3_ASAP7_75t_R)
 151.64  151.64 v _10775_/QN (DFFLQNx3_ASAP7_75t_R)
  36.95  188.59 ^ _05514_/Y (INVx8_ASAP7_75t_R)
  40.84  229.43 v _05515_/Y (NOR2x2_ASAP7_75t_R)
  41.31  270.75 v rebuffer388/Y (BUFx6f_ASAP7_75t_R)
  32.80  303.54 v rebuffer389/Y (BUFx2_ASAP7_75t_R)
  34.36  337.91 ^ clone378/Y (NAND2x2_ASAP7_75t_R)
  26.48  364.39 v _05614_/Y (NOR2x2_ASAP7_75t_R)
  22.36  386.75 ^ _05615_/Y (INVx3_ASAP7_75t_R)
  50.10  436.85 ^ _07659_/Y (AND3x2_ASAP7_75t_R)
  43.81  480.66 ^ _07660_/Y (AO21x1_ASAP7_75t_R)
  20.04  500.71 v _07672_/Y (NAND3x2_ASAP7_75t_R)
  21.14  521.84 ^ _07673_/Y (NOR2x2_ASAP7_75t_R)
  14.46  536.30 v _07677_/Y (NAND3x2_ASAP7_75t_R)
  43.15  579.45 ^ _07694_/Y (AOI21x1_ASAP7_75t_R)
  46.40  625.85 v _08551_/Y (AOI21x1_ASAP7_75t_R)
  48.07  673.92 ^ _08552_/Y (NAND2x2_ASAP7_75t_R)
  16.41  690.34 v _08553_/Y (INVx6_ASAP7_75t_R)
  40.34  730.68 v _08554_/Y (AO21x1_ASAP7_75t_R)
  29.52  760.21 ^ _08555_/Y (NAND2x2_ASAP7_75t_R)
  31.68  791.89 ^ rebuffer1084/Y (BUFx6f_ASAP7_75t_R)
  32.79  824.68 ^ _08664_/Y (AND3x1_ASAP7_75t_R)
  30.68  855.36 ^ _08665_/Y (OA21x2_ASAP7_75t_R)
  30.17  885.53 ^ _08666_/Y (OA21x2_ASAP7_75t_R)
   0.00  885.53 ^ _10605_/D (DFFLQNx2_ASAP7_75t_R)
         885.53   data arrival time

  10.00   10.00   clock clk' (fall edge)
   0.00   10.00   clock network delay (ideal)
   0.00   10.00   clock reconvergence pessimism
          10.00 v _10605_/CLK (DFFLQNx2_ASAP7_75t_R)
  -3.81    6.19   library setup time
           6.19   data required time
---------------------------------------------------------
           6.19   data required time
        -885.53   data arrival time
---------------------------------------------------------
        -879.34   slack (VIOLATED)


Startpoint: _10775_ (falling edge-triggered flip-flop clocked by clk')
Endpoint: _10602_ (falling edge-triggered flip-flop clocked by clk')
Path Group: clk
Path Type: max

  Delay    Time   Description
---------------------------------------------------------
   0.00    0.00   clock clk' (fall edge)
   0.00    0.00   clock network delay (ideal)
   0.00    0.00 v _10775_/CLK (DFFLQNx3_ASAP7_75t_R)
 151.64  151.64 v _10775_/QN (DFFLQNx3_ASAP7_75t_R)
  36.95  188.59 ^ _05514_/Y (INVx8_ASAP7_75t_R)
  40.84  229.43 v _05515_/Y (NOR2x2_ASAP7_75t_R)
  41.31  270.75 v rebuffer388/Y (BUFx6f_ASAP7_75t_R)
  32.80  303.54 v rebuffer389/Y (BUFx2_ASAP7_75t_R)
  34.36  337.91 ^ clone378/Y (NAND2x2_ASAP7_75t_R)
  26.48  364.39 v _05614_/Y (NOR2x2_ASAP7_75t_R)
  22.36  386.75 ^ _05615_/Y (INVx3_ASAP7_75t_R)
  50.10  436.85 ^ _07659_/Y (AND3x2_ASAP7_75t_R)
  43.81  480.66 ^ _07660_/Y (AO21x1_ASAP7_75t_R)
  20.04  500.71 v _07672_/Y (NAND3x2_ASAP7_75t_R)
  21.14  521.84 ^ _07673_/Y (NOR2x2_ASAP7_75t_R)
  14.46  536.30 v _07677_/Y (NAND3x2_ASAP7_75t_R)
  43.15  579.45 ^ _07694_/Y (AOI21x1_ASAP7_75t_R)
  46.40  625.85 v _08551_/Y (AOI21x1_ASAP7_75t_R)
  48.07  673.92 ^ _08552_/Y (NAND2x2_ASAP7_75t_R)
  16.41  690.34 v _08553_/Y (INVx6_ASAP7_75t_R)
  40.34  730.68 v _08554_/Y (AO21x1_ASAP7_75t_R)
  29.52  760.21 ^ _08555_/Y (NAND2x2_ASAP7_75t_R)
  31.68  791.89 ^ rebuffer1084/Y (BUFx6f_ASAP7_75t_R)
  32.79  824.68 ^ _08647_/Y (AND3x1_ASAP7_75t_R)
  30.60  855.28 ^ _08650_/Y (OA21x2_ASAP7_75t_R)
  30.17  885.45 ^ _08651_/Y (OA21x2_ASAP7_75t_R)
   0.00  885.45 ^ _10602_/D (DFFLQNx3_ASAP7_75t_R)
         885.45   data arrival time

  10.00   10.00   clock clk' (fall edge)
   0.00   10.00   clock network delay (ideal)
   0.00   10.00   clock reconvergence pessimism
          10.00 v _10602_/CLK (DFFLQNx3_ASAP7_75t_R)
   0.19   10.19   library setup time
          10.19   data required time
---------------------------------------------------------
          10.19   data required time
        -885.45   data arrival time
---------------------------------------------------------
        -875.26   slack (VIOLATED)


Startpoint: _10775_ (falling edge-triggered flip-flop clocked by clk')
Endpoint: _10613_ (falling edge-triggered flip-flop clocked by clk')
Path Group: clk
Path Type: max

  Delay    Time   Description
---------------------------------------------------------
   0.00    0.00   clock clk' (fall edge)
   0.00    0.00   clock network delay (ideal)
   0.00    0.00 v _10775_/CLK (DFFLQNx3_ASAP7_75t_R)
 151.64  151.64 v _10775_/QN (DFFLQNx3_ASAP7_75t_R)
  36.95  188.59 ^ _05514_/Y (INVx8_ASAP7_75t_R)
  40.84  229.43 v _05515_/Y (NOR2x2_ASAP7_75t_R)
  41.31  270.75 v rebuffer388/Y (BUFx6f_ASAP7_75t_R)
  32.80  303.54 v rebuffer389/Y (BUFx2_ASAP7_75t_R)
  34.36  337.91 ^ clone378/Y (NAND2x2_ASAP7_75t_R)
  26.48  364.39 v _05614_/Y (NOR2x2_ASAP7_75t_R)
  22.36  386.75 ^ _05615_/Y (INVx3_ASAP7_75t_R)
  50.10  436.85 ^ _07659_/Y (AND3x2_ASAP7_75t_R)
  43.81  480.66 ^ _07660_/Y (AO21x1_ASAP7_75t_R)
  20.04  500.71 v _07672_/Y (NAND3x2_ASAP7_75t_R)
  21.14  521.84 ^ _07673_/Y (NOR2x2_ASAP7_75t_R)
  14.46  536.30 v _07677_/Y (NAND3x2_ASAP7_75t_R)
  43.15  579.45 ^ _07694_/Y (AOI21x1_ASAP7_75t_R)
  46.40  625.85 v _08551_/Y (AOI21x1_ASAP7_75t_R)
  48.07  673.92 ^ _08552_/Y (NAND2x2_ASAP7_75t_R)
  16.41  690.34 v _08553_/Y (INVx6_ASAP7_75t_R)
  40.34  730.68 v _08554_/Y (AO21x1_ASAP7_75t_R)
  29.52  760.21 ^ _08555_/Y (NAND2x2_ASAP7_75t_R)
  21.36  781.56 v _08556_/Y (INVx3_ASAP7_75t_R)
  31.00  812.56 v _08753_/Y (AO21x1_ASAP7_75t_R)
  51.32  863.88 v _08754_/Y (OA211x2_ASAP7_75t_R)
   0.00  863.88 v _10613_/D (DFFLQNx2_ASAP7_75t_R)
         863.88   data arrival time

  10.00   10.00   clock clk' (fall edge)
   0.00   10.00   clock network delay (ideal)
   0.00   10.00   clock reconvergence pessimism
          10.00 v _10613_/CLK (DFFLQNx2_ASAP7_75t_R)
 -18.79   -8.79   library setup time
          -8.79   data required time
---------------------------------------------------------
          -8.79   data required time
        -863.88   data arrival time
---------------------------------------------------------
        -872.68   slack (VIOLATED)


Startpoint: _10775_ (falling edge-triggered flip-flop clocked by clk')
Endpoint: _10603_ (falling edge-triggered flip-flop clocked by clk')
Path Group: clk
Path Type: max

  Delay    Time   Description
---------------------------------------------------------
   0.00    0.00   clock clk' (fall edge)
   0.00    0.00   clock network delay (ideal)
   0.00    0.00 v _10775_/CLK (DFFLQNx3_ASAP7_75t_R)
 151.64  151.64 v _10775_/QN (DFFLQNx3_ASAP7_75t_R)
  70.60  222.24 ^ _05584_/Y (NAND2x2_ASAP7_75t_R)
  44.63  266.88 v _05771_/Y (NOR2x2_ASAP7_75t_R)
  54.09  320.97 ^ _05773_/Y (OAI21x1_ASAP7_75t_R)
  47.44  368.41 ^ rebuffer538/Y (BUFx2_ASAP7_75t_R)
  28.24  396.65 ^ rebuffer539/Y (BUFx2_ASAP7_75t_R)
  21.73  418.38 ^ _07894_/Y (AO21x1_ASAP7_75t_R)
  43.68  462.06 ^ _07897_/Y (AND3x1_ASAP7_75t_R)
  26.31  488.37 v _07898_/Y (INVx1_ASAP7_75t_R)
  24.62  512.99 ^ _07899_/Y (NOR3x2_ASAP7_75t_R)
  18.19  531.18 v _07900_/Y (NAND3x1_ASAP7_75t_R)
  19.86  551.03 ^ _07906_/Y (AOI21x1_ASAP7_75t_R)
  22.22  573.25 v _07907_/Y (OAI21x1_ASAP7_75t_R)
  48.02  621.27 ^ _08551_/Y (AOI21x1_ASAP7_75t_R)
  38.33  659.60 v _08552_/Y (NAND2x2_ASAP7_75t_R)
  16.33  675.93 ^ _08553_/Y (INVx6_ASAP7_75t_R)
  31.53  707.46 ^ _08554_/Y (AO21x1_ASAP7_75t_R)
  22.49  729.95 v _08555_/Y (NAND2x2_ASAP7_75t_R)
  32.19  762.14 v rebuffer1084/Y (BUFx6f_ASAP7_75t_R)
  50.76  812.91 v _08654_/Y (OA211x2_ASAP7_75t_R)
  48.20  861.10 v _08657_/Y (OA211x2_ASAP7_75t_R)
   0.00  861.10 v _10603_/D (DFFLQNx2_ASAP7_75t_R)
         861.10   data arrival time

  10.00   10.00   clock clk' (fall edge)
   0.00   10.00   clock network delay (ideal)
   0.00   10.00   clock reconvergence pessimism
          10.00 v _10603_/CLK (DFFLQNx2_ASAP7_75t_R)
 -18.76   -8.76   library setup time
          -8.76   data required time
---------------------------------------------------------
          -8.76   data required time
        -861.10   data arrival time
---------------------------------------------------------
        -869.86   slack (VIOLATED)


Startpoint: _10775_ (falling edge-triggered flip-flop clocked by clk')
Endpoint: _10675_ (falling edge-triggered flip-flop clocked by clk')
Path Group: clk
Path Type: max

  Delay    Time   Description
---------------------------------------------------------
   0.00    0.00   clock clk' (fall edge)
   0.00    0.00   clock network delay (ideal)
   0.00    0.00 v _10775_/CLK (DFFLQNx3_ASAP7_75t_R)
 151.64  151.64 v _10775_/QN (DFFLQNx3_ASAP7_75t_R)
  70.60  222.24 ^ _05584_/Y (NAND2x2_ASAP7_75t_R)
  44.63  266.88 v _05771_/Y (NOR2x2_ASAP7_75t_R)
  54.09  320.97 ^ _05773_/Y (OAI21x1_ASAP7_75t_R)
  47.44  368.41 ^ rebuffer538/Y (BUFx2_ASAP7_75t_R)
  28.24  396.65 ^ rebuffer539/Y (BUFx2_ASAP7_75t_R)
  21.73  418.38 ^ _07894_/Y (AO21x1_ASAP7_75t_R)
  43.68  462.06 ^ _07897_/Y (AND3x1_ASAP7_75t_R)
  26.31  488.37 v _07898_/Y (INVx1_ASAP7_75t_R)
  24.62  512.99 ^ _07899_/Y (NOR3x2_ASAP7_75t_R)
  18.19  531.18 v _07900_/Y (NAND3x1_ASAP7_75t_R)
  19.86  551.03 ^ _07906_/Y (AOI21x1_ASAP7_75t_R)
  22.22  573.25 v _07907_/Y (OAI21x1_ASAP7_75t_R)
  37.99  611.25 v rebuffer1110/Y (BUFx3_ASAP7_75t_R)
  32.87  644.12 ^ _08805_/Y (INVx1_ASAP7_75t_R)
  44.16  688.28 v _08808_/Y (NOR2x2_ASAP7_75t_R)
  29.30  717.58 ^ _09220_/Y (NAND2x1_ASAP7_75t_R)
  20.72  738.30 v _09221_/Y (OAI21x1_ASAP7_75t_R)
  18.99  757.29 ^ _09222_/Y (NOR2x1_ASAP7_75t_R)
  17.78  775.07 v _09229_/Y (AOI21x1_ASAP7_75t_R)
  19.81  794.88 ^ _09230_/Y (OAI21x1_ASAP7_75t_R)
  21.44  816.32 v _09231_/Y (AOI21x1_ASAP7_75t_R)
  26.50  842.82 ^ _09232_/Y (OAI21x1_ASAP7_75t_R)
  16.04  858.86 v _09234_/Y (AOI21x1_ASAP7_75t_R)
   0.00  858.86 v _10675_/D (DFFLQNx2_ASAP7_75t_R)
         858.86   data arrival time

  10.00   10.00   clock clk' (fall edge)
   0.00   10.00   clock network delay (ideal)
   0.00   10.00   clock reconvergence pessimism
          10.00 v _10675_/CLK (DFFLQNx2_ASAP7_75t_R)
 -18.05   -8.05   library setup time
          -8.05   data required time
---------------------------------------------------------
          -8.05   data required time
        -858.86   data arrival time
---------------------------------------------------------
        -866.91   slack (VIOLATED)


Startpoint: _10775_ (falling edge-triggered flip-flop clocked by clk')
Endpoint: _10665_ (falling edge-triggered flip-flop clocked by clk')
Path Group: clk
Path Type: max

  Delay    Time   Description
---------------------------------------------------------
   0.00    0.00   clock clk' (fall edge)
   0.00    0.00   clock network delay (ideal)
   0.00    0.00 v _10775_/CLK (DFFLQNx3_ASAP7_75t_R)
 151.64  151.64 v _10775_/QN (DFFLQNx3_ASAP7_75t_R)
  70.60  222.24 ^ _05584_/Y (NAND2x2_ASAP7_75t_R)
  44.63  266.88 v _05771_/Y (NOR2x2_ASAP7_75t_R)
  54.09  320.97 ^ _05773_/Y (OAI21x1_ASAP7_75t_R)
  47.44  368.41 ^ rebuffer538/Y (BUFx2_ASAP7_75t_R)
  28.24  396.65 ^ rebuffer539/Y (BUFx2_ASAP7_75t_R)
  21.73  418.38 ^ _07894_/Y (AO21x1_ASAP7_75t_R)
  43.68  462.06 ^ _07897_/Y (AND3x1_ASAP7_75t_R)
  26.31  488.37 v _07898_/Y (INVx1_ASAP7_75t_R)
  24.62  512.99 ^ _07899_/Y (NOR3x2_ASAP7_75t_R)
  18.19  531.18 v _07900_/Y (NAND3x1_ASAP7_75t_R)
  19.86  551.03 ^ _07906_/Y (AOI21x1_ASAP7_75t_R)
  22.22  573.25 v _07907_/Y (OAI21x1_ASAP7_75t_R)
  37.99  611.25 v rebuffer1110/Y (BUFx3_ASAP7_75t_R)
  32.87  644.12 ^ _08805_/Y (INVx1_ASAP7_75t_R)
  44.16  688.28 v _08808_/Y (NOR2x2_ASAP7_75t_R)
  29.30  717.58 ^ _08970_/Y (NAND2x1_ASAP7_75t_R)
  20.72  738.30 v _08971_/Y (OAI21x1_ASAP7_75t_R)
  18.96  757.26 ^ _08972_/Y (NOR2x1_ASAP7_75t_R)
  17.77  775.03 v _08979_/Y (AOI21x1_ASAP7_75t_R)
  19.81  794.84 ^ _08980_/Y (OAI21x1_ASAP7_75t_R)
  21.44  816.28 v _08981_/Y (AOI21x1_ASAP7_75t_R)
  26.50  842.78 ^ _08982_/Y (OAI21x1_ASAP7_75t_R)
  16.04  858.82 v _08984_/Y (AOI21x1_ASAP7_75t_R)
   0.00  858.82 v _10665_/D (DFFLQNx2_ASAP7_75t_R)
         858.82   data arrival time

  10.00   10.00   clock clk' (fall edge)
   0.00   10.00   clock network delay (ideal)
   0.00   10.00   clock reconvergence pessimism
          10.00 v _10665_/CLK (DFFLQNx2_ASAP7_75t_R)
 -18.05   -8.05   library setup time
          -8.05   data required time
---------------------------------------------------------
          -8.05   data required time
        -858.82   data arrival time
---------------------------------------------------------
        -866.87   slack (VIOLATED)


Startpoint: _10775_ (falling edge-triggered flip-flop clocked by clk')
Endpoint: _10668_ (falling edge-triggered flip-flop clocked by clk')
Path Group: clk
Path Type: max

  Delay    Time   Description
---------------------------------------------------------
   0.00    0.00   clock clk' (fall edge)
   0.00    0.00   clock network delay (ideal)
   0.00    0.00 v _10775_/CLK (DFFLQNx3_ASAP7_75t_R)
 151.64  151.64 v _10775_/QN (DFFLQNx3_ASAP7_75t_R)
  70.60  222.24 ^ _05584_/Y (NAND2x2_ASAP7_75t_R)
  44.63  266.88 v _05771_/Y (NOR2x2_ASAP7_75t_R)
  54.09  320.97 ^ _05773_/Y (OAI21x1_ASAP7_75t_R)
  47.44  368.41 ^ rebuffer538/Y (BUFx2_ASAP7_75t_R)
  28.24  396.65 ^ rebuffer539/Y (BUFx2_ASAP7_75t_R)
  21.73  418.38 ^ _07894_/Y (AO21x1_ASAP7_75t_R)
  43.68  462.06 ^ _07897_/Y (AND3x1_ASAP7_75t_R)
  26.31  488.37 v _07898_/Y (INVx1_ASAP7_75t_R)
  24.62  512.99 ^ _07899_/Y (NOR3x2_ASAP7_75t_R)
  18.19  531.18 v _07900_/Y (NAND3x1_ASAP7_75t_R)
  19.86  551.03 ^ _07906_/Y (AOI21x1_ASAP7_75t_R)
  22.22  573.25 v _07907_/Y (OAI21x1_ASAP7_75t_R)
  37.99  611.25 v rebuffer1110/Y (BUFx3_ASAP7_75t_R)
  32.87  644.12 ^ _08805_/Y (INVx1_ASAP7_75t_R)
  44.16  688.28 v _08808_/Y (NOR2x2_ASAP7_75t_R)
  29.30  717.58 ^ _09043_/Y (NAND2x1_ASAP7_75t_R)
  20.72  738.30 v _09044_/Y (OAI21x1_ASAP7_75t_R)
  18.96  757.26 ^ _09045_/Y (NOR2x1_ASAP7_75t_R)
  17.77  775.03 v _09052_/Y (AOI21x1_ASAP7_75t_R)
  19.81  794.84 ^ _09053_/Y (OAI21x1_ASAP7_75t_R)
  21.44  816.28 v _09054_/Y (AOI21x1_ASAP7_75t_R)
  26.50  842.78 ^ _09055_/Y (OAI21x1_ASAP7_75t_R)
  16.04  858.82 v _09057_/Y (AOI21x1_ASAP7_75t_R)
   0.00  858.82 v _10668_/D (DFFLQNx2_ASAP7_75t_R)
         858.82   data arrival time

  10.00   10.00   clock clk' (fall edge)
   0.00   10.00   clock network delay (ideal)
   0.00   10.00   clock reconvergence pessimism
          10.00 v _10668_/CLK (DFFLQNx2_ASAP7_75t_R)
 -18.05   -8.05   library setup time
          -8.05   data required time
---------------------------------------------------------
          -8.05   data required time
        -858.82   data arrival time
---------------------------------------------------------
        -866.87   slack (VIOLATED)


Startpoint: _10775_ (falling edge-triggered flip-flop clocked by clk')
Endpoint: _10669_ (falling edge-triggered flip-flop clocked by clk')
Path Group: clk
Path Type: max

  Delay    Time   Description
---------------------------------------------------------
   0.00    0.00   clock clk' (fall edge)
   0.00    0.00   clock network delay (ideal)
   0.00    0.00 v _10775_/CLK (DFFLQNx3_ASAP7_75t_R)
 151.64  151.64 v _10775_/QN (DFFLQNx3_ASAP7_75t_R)
  70.60  222.24 ^ _05584_/Y (NAND2x2_ASAP7_75t_R)
  44.63  266.88 v _05771_/Y (NOR2x2_ASAP7_75t_R)
  54.09  320.97 ^ _05773_/Y (OAI21x1_ASAP7_75t_R)
  47.44  368.41 ^ rebuffer538/Y (BUFx2_ASAP7_75t_R)
  28.24  396.65 ^ rebuffer539/Y (BUFx2_ASAP7_75t_R)
  21.73  418.38 ^ _07894_/Y (AO21x1_ASAP7_75t_R)
  43.68  462.06 ^ _07897_/Y (AND3x1_ASAP7_75t_R)
  26.31  488.37 v _07898_/Y (INVx1_ASAP7_75t_R)
  24.62  512.99 ^ _07899_/Y (NOR3x2_ASAP7_75t_R)
  18.19  531.18 v _07900_/Y (NAND3x1_ASAP7_75t_R)
  19.86  551.03 ^ _07906_/Y (AOI21x1_ASAP7_75t_R)
  22.22  573.25 v _07907_/Y (OAI21x1_ASAP7_75t_R)
  37.99  611.25 v rebuffer1110/Y (BUFx3_ASAP7_75t_R)
  32.87  644.12 ^ _08805_/Y (INVx1_ASAP7_75t_R)
  44.16  688.28 v _08808_/Y (NOR2x2_ASAP7_75t_R)
  29.30  717.58 ^ _09069_/Y (NAND2x1_ASAP7_75t_R)
  20.72  738.30 v _09070_/Y (OAI21x1_ASAP7_75t_R)
  18.96  757.26 ^ _09071_/Y (NOR2x1_ASAP7_75t_R)
  17.77  775.03 v _09077_/Y (AOI21x1_ASAP7_75t_R)
  19.81  794.84 ^ _09078_/Y (OAI21x1_ASAP7_75t_R)
  21.44  816.28 v _09079_/Y (AOI21x1_ASAP7_75t_R)
  26.50  842.78 ^ _09080_/Y (OAI21x1_ASAP7_75t_R)
  16.04  858.82 v _09082_/Y (AOI21x1_ASAP7_75t_R)
   0.00  858.82 v _10669_/D (DFFLQNx2_ASAP7_75t_R)
         858.82   data arrival time

  10.00   10.00   clock clk' (fall edge)
   0.00   10.00   clock network delay (ideal)
   0.00   10.00   clock reconvergence pessimism
          10.00 v _10669_/CLK (DFFLQNx2_ASAP7_75t_R)
 -18.05   -8.05   library setup time
          -8.05   data required time
---------------------------------------------------------
          -8.05   data required time
        -858.82   data arrival time
---------------------------------------------------------
        -866.87   slack (VIOLATED)


Startpoint: _10775_ (falling edge-triggered flip-flop clocked by clk')
Endpoint: _10671_ (falling edge-triggered flip-flop clocked by clk')
Path Group: clk
Path Type: max

  Delay    Time   Description
---------------------------------------------------------
   0.00    0.00   clock clk' (fall edge)
   0.00    0.00   clock network delay (ideal)
   0.00    0.00 v _10775_/CLK (DFFLQNx3_ASAP7_75t_R)
 151.64  151.64 v _10775_/QN (DFFLQNx3_ASAP7_75t_R)
  70.60  222.24 ^ _05584_/Y (NAND2x2_ASAP7_75t_R)
  44.63  266.88 v _05771_/Y (NOR2x2_ASAP7_75t_R)
  54.09  320.97 ^ _05773_/Y (OAI21x1_ASAP7_75t_R)
  47.44  368.41 ^ rebuffer538/Y (BUFx2_ASAP7_75t_R)
  28.24  396.65 ^ rebuffer539/Y (BUFx2_ASAP7_75t_R)
  21.73  418.38 ^ _07894_/Y (AO21x1_ASAP7_75t_R)
  43.68  462.06 ^ _07897_/Y (AND3x1_ASAP7_75t_R)
  26.31  488.37 v _07898_/Y (INVx1_ASAP7_75t_R)
  24.62  512.99 ^ _07899_/Y (NOR3x2_ASAP7_75t_R)
  18.19  531.18 v _07900_/Y (NAND3x1_ASAP7_75t_R)
  19.86  551.03 ^ _07906_/Y (AOI21x1_ASAP7_75t_R)
  22.22  573.25 v _07907_/Y (OAI21x1_ASAP7_75t_R)
  37.99  611.25 v rebuffer1110/Y (BUFx3_ASAP7_75t_R)
  32.87  644.12 ^ _08805_/Y (INVx1_ASAP7_75t_R)
  44.16  688.28 v _08808_/Y (NOR2x2_ASAP7_75t_R)
  29.30  717.58 ^ _09118_/Y (NAND2x1_ASAP7_75t_R)
  20.72  738.30 v _09119_/Y (OAI21x1_ASAP7_75t_R)
  18.96  757.26 ^ _09120_/Y (NOR2x1_ASAP7_75t_R)
  17.77  775.03 v _09127_/Y (AOI21x1_ASAP7_75t_R)
  19.81  794.84 ^ _09128_/Y (OAI21x1_ASAP7_75t_R)
  21.44  816.28 v _09129_/Y (AOI21x1_ASAP7_75t_R)
  26.50  842.78 ^ _09130_/Y (OAI21x1_ASAP7_75t_R)
  16.04  858.82 v _09132_/Y (AOI21x1_ASAP7_75t_R)
   0.00  858.82 v _10671_/D (DFFLQNx2_ASAP7_75t_R)
         858.82   data arrival time

  10.00   10.00   clock clk' (fall edge)
   0.00   10.00   clock network delay (ideal)
   0.00   10.00   clock reconvergence pessimism
          10.00 v _10671_/CLK (DFFLQNx2_ASAP7_75t_R)
 -18.05   -8.05   library setup time
          -8.05   data required time
---------------------------------------------------------
          -8.05   data required time
        -858.82   data arrival time
---------------------------------------------------------
        -866.87   slack (VIOLATED)


Startpoint: _10775_ (falling edge-triggered flip-flop clocked by clk')
Endpoint: _10619_ (falling edge-triggered flip-flop clocked by clk')
Path Group: clk
Path Type: max

  Delay    Time   Description
---------------------------------------------------------
   0.00    0.00   clock clk' (fall edge)
   0.00    0.00   clock network delay (ideal)
   0.00    0.00 v _10775_/CLK (DFFLQNx3_ASAP7_75t_R)
 151.64  151.64 v _10775_/QN (DFFLQNx3_ASAP7_75t_R)
  36.95  188.59 ^ _05514_/Y (INVx8_ASAP7_75t_R)
  40.84  229.43 v _05515_/Y (NOR2x2_ASAP7_75t_R)
  41.31  270.75 v rebuffer388/Y (BUFx6f_ASAP7_75t_R)
  32.80  303.54 v rebuffer389/Y (BUFx2_ASAP7_75t_R)
  34.36  337.91 ^ clone378/Y (NAND2x2_ASAP7_75t_R)
  26.48  364.39 v _05614_/Y (NOR2x2_ASAP7_75t_R)
  22.36  386.75 ^ _05615_/Y (INVx3_ASAP7_75t_R)
  50.10  436.85 ^ _07659_/Y (AND3x2_ASAP7_75t_R)
  43.81  480.66 ^ _07660_/Y (AO21x1_ASAP7_75t_R)
  20.04  500.71 v _07672_/Y (NAND3x2_ASAP7_75t_R)
  21.14  521.84 ^ _07673_/Y (NOR2x2_ASAP7_75t_R)
  14.46  536.30 v _07677_/Y (NAND3x2_ASAP7_75t_R)
  43.15  579.45 ^ _07694_/Y (AOI21x1_ASAP7_75t_R)
  46.40  625.85 v _08551_/Y (AOI21x1_ASAP7_75t_R)
  48.07  673.92 ^ _08552_/Y (NAND2x2_ASAP7_75t_R)
  16.41  690.34 v _08553_/Y (INVx6_ASAP7_75t_R)
  40.34  730.68 v _08554_/Y (AO21x1_ASAP7_75t_R)
  29.52  760.21 ^ _08555_/Y (NAND2x2_ASAP7_75t_R)
  48.74  808.95 ^ _08769_/Y (AND3x4_ASAP7_75t_R)
  34.47  843.42 ^ _08774_/Y (OA21x2_ASAP7_75t_R)
  14.03  857.46 v _08775_/Y (NOR2x1_ASAP7_75t_R)
   0.00  857.46 v _10619_/D (DFFLQNx2_ASAP7_75t_R)
         857.46   data arrival time

  10.00   10.00   clock clk' (fall edge)
   0.00   10.00   clock network delay (ideal)
   0.00   10.00   clock reconvergence pessimism
          10.00 v _10619_/CLK (DFFLQNx2_ASAP7_75t_R)
 -18.11   -8.11   library setup time
          -8.11   data required time
---------------------------------------------------------
          -8.11   data required time
        -857.46   data arrival time
---------------------------------------------------------
        -865.57   slack (VIOLATED)


Startpoint: _10775_ (falling edge-triggered flip-flop clocked by clk')
Endpoint: _10747_ (falling edge-triggered flip-flop clocked by clk')
Path Group: clk
Path Type: max

  Delay    Time   Description
---------------------------------------------------------
   0.00    0.00   clock clk' (fall edge)
   0.00    0.00   clock network delay (ideal)
   0.00    0.00 v _10775_/CLK (DFFLQNx3_ASAP7_75t_R)
 151.64  151.64 v _10775_/QN (DFFLQNx3_ASAP7_75t_R)
  70.60  222.24 ^ _05584_/Y (NAND2x2_ASAP7_75t_R)
  36.77  259.01 v _05618_/Y (INVx4_ASAP7_75t_R)
  38.62  297.63 ^ _05621_/Y (NAND2x2_ASAP7_75t_R)
  38.19  335.82 ^ rebuffer1058/Y (BUFx3_ASAP7_75t_R)
  19.75  355.57 v _05622_/Y (NOR2x2_ASAP7_75t_R)
  26.02  381.59 ^ _06631_/Y (NAND2x1_ASAP7_75t_R)
  25.59  407.18 v _06632_/Y (AOI21x1_ASAP7_75t_R)
  45.72  452.90 v _06633_/Y (AND2x6_ASAP7_75t_R)
  31.25  484.15 v rebuffer1307/Y (BUFx4f_ASAP7_75t_R)
  28.37  512.52 v rebuffer1308/Y (BUFx2_ASAP7_75t_R)
  39.93  552.45 v _06639_/Y (AO21x1_ASAP7_75t_R)
  18.63  571.08 ^ _07097_/Y (INVx1_ASAP7_75t_R)
  17.14  588.23 v _10549_/SN (HAxp5_ASAP7_75t_R)
  38.64  626.86 v _06642_/Y (OA21x2_ASAP7_75t_R)
  20.17  647.04 ^ _06643_/Y (OAI21x1_ASAP7_75t_R)
  21.71  668.75 v _06644_/Y (INVx2_ASAP7_75t_R)
  41.81  710.56 v _06675_/Y (OR3x1_ASAP7_75t_R)
  34.84  745.40 v _06676_/Y (AND2x2_ASAP7_75t_R)
  36.43  781.83 ^ _10478_/CON (FAx1_ASAP7_75t_R)
  26.86  808.68 v _10478_/SN (FAx1_ASAP7_75t_R)
  44.10  852.78 v _09962_/Y (OA21x2_ASAP7_75t_R)
  16.32  869.10 ^ _09964_/Y (AOI21x1_ASAP7_75t_R)
   0.00  869.10 ^ _10747_/D (DFFLQNx2_ASAP7_75t_R)
         869.10   data arrival time

  10.00   10.00   clock clk' (fall edge)
   0.00   10.00   clock network delay (ideal)
   0.00   10.00   clock reconvergence pessimism
          10.00 v _10747_/CLK (DFFLQNx2_ASAP7_75t_R)
  -5.79    4.21   library setup time
           4.21   data required time
---------------------------------------------------------
           4.21   data required time
        -869.10   data arrival time
---------------------------------------------------------
        -864.89   slack (VIOLATED)


Startpoint: _10775_ (falling edge-triggered flip-flop clocked by clk')
Endpoint: _10661_ (falling edge-triggered flip-flop clocked by clk')
Path Group: clk
Path Type: max

  Delay    Time   Description
---------------------------------------------------------
   0.00    0.00   clock clk' (fall edge)
   0.00    0.00   clock network delay (ideal)
   0.00    0.00 v _10775_/CLK (DFFLQNx3_ASAP7_75t_R)
 151.64  151.64 v _10775_/QN (DFFLQNx3_ASAP7_75t_R)
  70.60  222.24 ^ _05584_/Y (NAND2x2_ASAP7_75t_R)
  44.63  266.88 v _05771_/Y (NOR2x2_ASAP7_75t_R)
  54.09  320.97 ^ _05773_/Y (OAI21x1_ASAP7_75t_R)
  47.44  368.41 ^ rebuffer538/Y (BUFx2_ASAP7_75t_R)
  28.24  396.65 ^ rebuffer539/Y (BUFx2_ASAP7_75t_R)
  21.73  418.38 ^ _07894_/Y (AO21x1_ASAP7_75t_R)
  43.68  462.06 ^ _07897_/Y (AND3x1_ASAP7_75t_R)
  18.73  480.79 v _08540_/Y (NAND3x1_ASAP7_75t_R)
  22.01  502.80 ^ _08545_/Y (OAI21x1_ASAP7_75t_R)
  17.29  520.10 v _08549_/Y (AOI22x1_ASAP7_75t_R)
  44.38  564.48 ^ _08550_/Y (OAI21x1_ASAP7_75t_R)
  35.93  600.41 v _08806_/Y (INVx3_ASAP7_75t_R)
  38.16  638.57 ^ _08807_/Y (NAND2x2_ASAP7_75t_R)
  35.49  674.06 ^ rebuffer1176/Y (BUFx6f_ASAP7_75t_R)
  22.89  696.96 v clone1170/Y (NOR2x2_ASAP7_75t_R)
  39.01  735.97 v _08810_/Y (AND2x2_ASAP7_75t_R)
  18.50  754.47 ^ _08837_/Y (NOR2x1_ASAP7_75t_R)
  17.79  772.25 v _08859_/Y (AOI21x1_ASAP7_75t_R)
  19.81  792.06 ^ _08867_/Y (OAI21x1_ASAP7_75t_R)
  21.44  813.51 v _08870_/Y (AOI21x1_ASAP7_75t_R)
  26.50  840.00 ^ _08875_/Y (OAI21x1_ASAP7_75t_R)
  16.04  856.04 v _08879_/Y (AOI21x1_ASAP7_75t_R)
   0.00  856.04 v _10661_/D (DFFLQNx2_ASAP7_75t_R)
         856.04   data arrival time

  10.00   10.00   clock clk' (fall edge)
   0.00   10.00   clock network delay (ideal)
   0.00   10.00   clock reconvergence pessimism
          10.00 v _10661_/CLK (DFFLQNx2_ASAP7_75t_R)
 -18.05   -8.05   library setup time
          -8.05   data required time
---------------------------------------------------------
          -8.05   data required time
        -856.04   data arrival time
---------------------------------------------------------
        -864.09   slack (VIOLATED)


Startpoint: _10775_ (falling edge-triggered flip-flop clocked by clk')
Endpoint: _10664_ (falling edge-triggered flip-flop clocked by clk')
Path Group: clk
Path Type: max

  Delay    Time   Description
---------------------------------------------------------
   0.00    0.00   clock clk' (fall edge)
   0.00    0.00   clock network delay (ideal)
   0.00    0.00 v _10775_/CLK (DFFLQNx3_ASAP7_75t_R)
 151.64  151.64 v _10775_/QN (DFFLQNx3_ASAP7_75t_R)
  70.60  222.24 ^ _05584_/Y (NAND2x2_ASAP7_75t_R)
  44.63  266.88 v _05771_/Y (NOR2x2_ASAP7_75t_R)
  54.09  320.97 ^ _05773_/Y (OAI21x1_ASAP7_75t_R)
  47.44  368.41 ^ rebuffer538/Y (BUFx2_ASAP7_75t_R)
  28.24  396.65 ^ rebuffer539/Y (BUFx2_ASAP7_75t_R)
  21.73  418.38 ^ _07894_/Y (AO21x1_ASAP7_75t_R)
  43.68  462.06 ^ _07897_/Y (AND3x1_ASAP7_75t_R)
  18.73  480.79 v _08540_/Y (NAND3x1_ASAP7_75t_R)
  22.01  502.80 ^ _08545_/Y (OAI21x1_ASAP7_75t_R)
  17.29  520.10 v _08549_/Y (AOI22x1_ASAP7_75t_R)
  44.38  564.48 ^ _08550_/Y (OAI21x1_ASAP7_75t_R)
  35.93  600.41 v _08806_/Y (INVx3_ASAP7_75t_R)
  38.16  638.57 ^ _08807_/Y (NAND2x2_ASAP7_75t_R)
  35.49  674.06 ^ rebuffer1176/Y (BUFx6f_ASAP7_75t_R)
  22.89  696.96 v clone1170/Y (NOR2x2_ASAP7_75t_R)
  39.01  735.97 v _08942_/Y (AND2x2_ASAP7_75t_R)
  18.50  754.47 ^ _08947_/Y (NOR2x1_ASAP7_75t_R)
  17.79  772.25 v _08954_/Y (AOI21x1_ASAP7_75t_R)
  19.81  792.06 ^ _08955_/Y (OAI21x1_ASAP7_75t_R)
  21.44  813.51 v _08956_/Y (AOI21x1_ASAP7_75t_R)
  26.50  840.00 ^ _08957_/Y (OAI21x1_ASAP7_75t_R)
  16.04  856.04 v _08959_/Y (AOI21x1_ASAP7_75t_R)
   0.00  856.04 v _10664_/D (DFFLQNx2_ASAP7_75t_R)
         856.04   data arrival time

  10.00   10.00   clock clk' (fall edge)
   0.00   10.00   clock network delay (ideal)
   0.00   10.00   clock reconvergence pessimism
          10.00 v _10664_/CLK (DFFLQNx2_ASAP7_75t_R)
 -18.05   -8.05   library setup time
          -8.05   data required time
---------------------------------------------------------
          -8.05   data required time
        -856.04   data arrival time
---------------------------------------------------------
        -864.09   slack (VIOLATED)


Startpoint: _10775_ (falling edge-triggered flip-flop clocked by clk')
Endpoint: _10673_ (falling edge-triggered flip-flop clocked by clk')
Path Group: clk
Path Type: max

  Delay    Time   Description
---------------------------------------------------------
   0.00    0.00   clock clk' (fall edge)
   0.00    0.00   clock network delay (ideal)
   0.00    0.00 v _10775_/CLK (DFFLQNx3_ASAP7_75t_R)
 151.64  151.64 v _10775_/QN (DFFLQNx3_ASAP7_75t_R)
  70.60  222.24 ^ _05584_/Y (NAND2x2_ASAP7_75t_R)
  44.63  266.88 v _05771_/Y (NOR2x2_ASAP7_75t_R)
  54.09  320.97 ^ _05773_/Y (OAI21x1_ASAP7_75t_R)
  47.44  368.41 ^ rebuffer538/Y (BUFx2_ASAP7_75t_R)
  28.24  396.65 ^ rebuffer539/Y (BUFx2_ASAP7_75t_R)
  21.73  418.38 ^ _07894_/Y (AO21x1_ASAP7_75t_R)
  43.68  462.06 ^ _07897_/Y (AND3x1_ASAP7_75t_R)
  18.73  480.79 v _08540_/Y (NAND3x1_ASAP7_75t_R)
  22.01  502.80 ^ _08545_/Y (OAI21x1_ASAP7_75t_R)
  17.29  520.10 v _08549_/Y (AOI22x1_ASAP7_75t_R)
  44.38  564.48 ^ _08550_/Y (OAI21x1_ASAP7_75t_R)
  35.93  600.41 v _08806_/Y (INVx3_ASAP7_75t_R)
  38.16  638.57 ^ _08807_/Y (NAND2x2_ASAP7_75t_R)
  35.49  674.06 ^ rebuffer1176/Y (BUFx6f_ASAP7_75t_R)
  22.89  696.96 v clone1170/Y (NOR2x2_ASAP7_75t_R)
  39.01  735.97 v _09165_/Y (AND2x2_ASAP7_75t_R)
  18.50  754.47 ^ _09172_/Y (NOR2x1_ASAP7_75t_R)
  17.79  772.25 v _09178_/Y (AOI21x1_ASAP7_75t_R)
  19.81  792.06 ^ _09179_/Y (OAI21x1_ASAP7_75t_R)
  21.44  813.51 v _09180_/Y (AOI21x1_ASAP7_75t_R)
  26.50  840.00 ^ _09181_/Y (OAI21x1_ASAP7_75t_R)
  16.04  856.04 v _09183_/Y (AOI21x1_ASAP7_75t_R)
   0.00  856.04 v _10673_/D (DFFLQNx2_ASAP7_75t_R)
         856.04   data arrival time

  10.00   10.00   clock clk' (fall edge)
   0.00   10.00   clock network delay (ideal)
   0.00   10.00   clock reconvergence pessimism
          10.00 v _10673_/CLK (DFFLQNx2_ASAP7_75t_R)
 -18.05   -8.05   library setup time
          -8.05   data required time
---------------------------------------------------------
          -8.05   data required time
        -856.04   data arrival time
---------------------------------------------------------
        -864.09   slack (VIOLATED)


Startpoint: _10775_ (falling edge-triggered flip-flop clocked by clk')
Endpoint: _10666_ (falling edge-triggered flip-flop clocked by clk')
Path Group: clk
Path Type: max

  Delay    Time   Description
---------------------------------------------------------
   0.00    0.00   clock clk' (fall edge)
   0.00    0.00   clock network delay (ideal)
   0.00    0.00 v _10775_/CLK (DFFLQNx3_ASAP7_75t_R)
 151.64  151.64 v _10775_/QN (DFFLQNx3_ASAP7_75t_R)
  70.60  222.24 ^ _05584_/Y (NAND2x2_ASAP7_75t_R)
  44.63  266.88 v _05771_/Y (NOR2x2_ASAP7_75t_R)
  54.09  320.97 ^ _05773_/Y (OAI21x1_ASAP7_75t_R)
  47.44  368.41 ^ rebuffer538/Y (BUFx2_ASAP7_75t_R)
  28.24  396.65 ^ rebuffer539/Y (BUFx2_ASAP7_75t_R)
  21.73  418.38 ^ _07894_/Y (AO21x1_ASAP7_75t_R)
  43.68  462.06 ^ _07897_/Y (AND3x1_ASAP7_75t_R)
  26.31  488.37 v _07898_/Y (INVx1_ASAP7_75t_R)
  24.62  512.99 ^ _07899_/Y (NOR3x2_ASAP7_75t_R)
  18.19  531.18 v _07900_/Y (NAND3x1_ASAP7_75t_R)
  19.86  551.03 ^ _07906_/Y (AOI21x1_ASAP7_75t_R)
  22.22  573.25 v _07907_/Y (OAI21x1_ASAP7_75t_R)
  37.99  611.25 v rebuffer1110/Y (BUFx3_ASAP7_75t_R)
  32.87  644.12 ^ _08805_/Y (INVx1_ASAP7_75t_R)
  44.16  688.28 v _08808_/Y (NOR2x2_ASAP7_75t_R)
  29.30  717.58 ^ _08993_/Y (NAND2x1_ASAP7_75t_R)
  20.72  738.30 v _08994_/Y (OAI21x1_ASAP7_75t_R)
  18.96  757.26 ^ _08995_/Y (NOR2x1_ASAP7_75t_R)
  19.19  776.45 v _09004_/Y (AOI21x1_ASAP7_75t_R)
  20.13  796.57 ^ _09005_/Y (OAI21x1_ASAP7_75t_R)
  16.86  813.44 v _09006_/Y (AOI21x1_ASAP7_75t_R)
  26.50  839.93 ^ _09007_/Y (OAI21x1_ASAP7_75t_R)
  16.04  855.97 v _09009_/Y (AOI21x1_ASAP7_75t_R)
   0.00  855.97 v _10666_/D (DFFLQNx2_ASAP7_75t_R)
         855.97   data arrival time

  10.00   10.00   clock clk' (fall edge)
   0.00   10.00   clock network delay (ideal)
   0.00   10.00   clock reconvergence pessimism
          10.00 v _10666_/CLK (DFFLQNx2_ASAP7_75t_R)
 -18.05   -8.05   library setup time
          -8.05   data required time
---------------------------------------------------------
          -8.05   data required time
        -855.97   data arrival time
---------------------------------------------------------
        -864.03   slack (VIOLATED)


Startpoint: _10775_ (falling edge-triggered flip-flop clocked by clk')
Endpoint: _10670_ (falling edge-triggered flip-flop clocked by clk')
Path Group: clk
Path Type: max

  Delay    Time   Description
---------------------------------------------------------
   0.00    0.00   clock clk' (fall edge)
   0.00    0.00   clock network delay (ideal)
   0.00    0.00 v _10775_/CLK (DFFLQNx3_ASAP7_75t_R)
 151.64  151.64 v _10775_/QN (DFFLQNx3_ASAP7_75t_R)
  70.60  222.24 ^ _05584_/Y (NAND2x2_ASAP7_75t_R)
  44.63  266.88 v _05771_/Y (NOR2x2_ASAP7_75t_R)
  54.09  320.97 ^ _05773_/Y (OAI21x1_ASAP7_75t_R)
  47.44  368.41 ^ rebuffer538/Y (BUFx2_ASAP7_75t_R)
  28.24  396.65 ^ rebuffer539/Y (BUFx2_ASAP7_75t_R)
  21.73  418.38 ^ _07894_/Y (AO21x1_ASAP7_75t_R)
  43.68  462.06 ^ _07897_/Y (AND3x1_ASAP7_75t_R)
  18.73  480.79 v _08540_/Y (NAND3x1_ASAP7_75t_R)
  22.01  502.80 ^ _08545_/Y (OAI21x1_ASAP7_75t_R)
  17.29  520.10 v _08549_/Y (AOI22x1_ASAP7_75t_R)
  44.38  564.48 ^ _08550_/Y (OAI21x1_ASAP7_75t_R)
  35.93  600.41 v _08806_/Y (INVx3_ASAP7_75t_R)
  38.16  638.57 ^ _08807_/Y (NAND2x2_ASAP7_75t_R)
  35.49  674.06 ^ rebuffer1176/Y (BUFx6f_ASAP7_75t_R)
  22.89  696.96 v clone1170/Y (NOR2x2_ASAP7_75t_R)
  39.01  735.97 v _09089_/Y (AND2x2_ASAP7_75t_R)
  18.50  754.47 ^ _09096_/Y (NOR2x1_ASAP7_75t_R)
  17.70  772.17 v _09103_/Y (AOI21x1_ASAP7_75t_R)
  19.79  791.96 ^ _09104_/Y (OAI21x1_ASAP7_75t_R)
  21.44  813.40 v _09105_/Y (AOI21x1_ASAP7_75t_R)
  26.50  839.90 ^ _09106_/Y (OAI21x1_ASAP7_75t_R)
  16.04  855.94 v _09108_/Y (AOI21x1_ASAP7_75t_R)
   0.00  855.94 v _10670_/D (DFFLQNx2_ASAP7_75t_R)
         855.94   data arrival time

  10.00   10.00   clock clk' (fall edge)
   0.00   10.00   clock network delay (ideal)
   0.00   10.00   clock reconvergence pessimism
          10.00 v _10670_/CLK (DFFLQNx2_ASAP7_75t_R)
 -18.05   -8.05   library setup time
          -8.05   data required time
---------------------------------------------------------
          -8.05   data required time
        -855.94   data arrival time
---------------------------------------------------------
        -863.99   slack (VIOLATED)


Startpoint: _10775_ (falling edge-triggered flip-flop clocked by clk')
Endpoint: _10625_ (falling edge-triggered flip-flop clocked by clk')
Path Group: clk
Path Type: max

  Delay    Time   Description
---------------------------------------------------------
   0.00    0.00   clock clk' (fall edge)
   0.00    0.00   clock network delay (ideal)
   0.00    0.00 v _10775_/CLK (DFFLQNx3_ASAP7_75t_R)
 151.64  151.64 v _10775_/QN (DFFLQNx3_ASAP7_75t_R)
  36.95  188.59 ^ _05514_/Y (INVx8_ASAP7_75t_R)
  40.84  229.43 v _05515_/Y (NOR2x2_ASAP7_75t_R)
  41.31  270.75 v rebuffer388/Y (BUFx6f_ASAP7_75t_R)
  32.80  303.54 v rebuffer389/Y (BUFx2_ASAP7_75t_R)
  34.36  337.91 ^ clone378/Y (NAND2x2_ASAP7_75t_R)
  28.73  366.63 v _05730_/Y (NOR2x2_ASAP7_75t_R)
  40.75  407.39 v rebuffer1068/Y (BUFx2_ASAP7_75t_R)
  32.70  440.08 v rebuffer1069/Y (BUFx2_ASAP7_75t_R)
  22.11  462.19 v _07150_/Y (AND3x1_ASAP7_75t_R)
  42.37  504.56 v _07151_/Y (OR3x1_ASAP7_75t_R)
  74.23  578.79 v _07160_/Y (OR5x1_ASAP7_75t_R)
  24.68  603.48 ^ _07164_/Y (NAND3x1_ASAP7_75t_R)
  39.73  643.20 v _07173_/Y (AOI21x1_ASAP7_75t_R)
  32.72  675.92 ^ _07174_/Y (NOR2x2_ASAP7_75t_R)
  27.14  703.06 v _07261_/Y (INVx1_ASAP7_75t_R)
  65.93  768.99 v _07272_/Y (AO21x2_ASAP7_75t_R)
  20.19  789.18 ^ _07331_/Y (NOR2x1_ASAP7_75t_R)
  38.72  827.90 ^ _07332_/Y (AO21x1_ASAP7_75t_R)
  21.53  849.43 v _07344_/Y (NOR3x2_ASAP7_75t_R)
  18.52  867.95 ^ _07347_/Y (OAI21x1_ASAP7_75t_R)
   0.00  867.95 ^ _10625_/D (DFFLQNx2_ASAP7_75t_R)
         867.95   data arrival time

  10.00   10.00   clock clk' (fall edge)
   0.00   10.00   clock network delay (ideal)
   0.00   10.00   clock reconvergence pessimism
          10.00 v _10625_/CLK (DFFLQNx2_ASAP7_75t_R)
  -5.43    4.57   library setup time
           4.57   data required time
---------------------------------------------------------
           4.57   data required time
        -867.95   data arrival time
---------------------------------------------------------
        -863.38   slack (VIOLATED)


Startpoint: _10775_ (falling edge-triggered flip-flop clocked by clk')
Endpoint: _10631_ (falling edge-triggered flip-flop clocked by clk')
Path Group: clk
Path Type: max

  Delay    Time   Description
---------------------------------------------------------
   0.00    0.00   clock clk' (fall edge)
   0.00    0.00   clock network delay (ideal)
   0.00    0.00 v _10775_/CLK (DFFLQNx3_ASAP7_75t_R)
 151.64  151.64 v _10775_/QN (DFFLQNx3_ASAP7_75t_R)
  36.95  188.59 ^ _05514_/Y (INVx8_ASAP7_75t_R)
  40.84  229.43 v _05515_/Y (NOR2x2_ASAP7_75t_R)
  41.31  270.75 v rebuffer388/Y (BUFx6f_ASAP7_75t_R)
  32.80  303.54 v rebuffer389/Y (BUFx2_ASAP7_75t_R)
  34.36  337.91 ^ clone378/Y (NAND2x2_ASAP7_75t_R)
  28.73  366.63 v _05730_/Y (NOR2x2_ASAP7_75t_R)
  40.75  407.39 v rebuffer1068/Y (BUFx2_ASAP7_75t_R)
  32.70  440.08 v rebuffer1069/Y (BUFx2_ASAP7_75t_R)
  22.11  462.19 v _07150_/Y (AND3x1_ASAP7_75t_R)
  42.37  504.56 v _07151_/Y (OR3x1_ASAP7_75t_R)
  74.23  578.79 v _07160_/Y (OR5x1_ASAP7_75t_R)
  24.68  603.48 ^ _07164_/Y (NAND3x1_ASAP7_75t_R)
  39.73  643.20 v _07173_/Y (AOI21x1_ASAP7_75t_R)
  32.72  675.92 ^ _07174_/Y (NOR2x2_ASAP7_75t_R)
  27.14  703.06 v _07261_/Y (INVx1_ASAP7_75t_R)
  65.93  768.99 v _07272_/Y (AO21x2_ASAP7_75t_R)
  47.03  816.02 ^ _07581_/Y (AOI211x1_ASAP7_75t_R)
  32.11  848.13 v _07587_/Y (NOR3x2_ASAP7_75t_R)
  19.33  867.46 ^ _07590_/Y (OAI21x1_ASAP7_75t_R)
   0.00  867.46 ^ _10631_/D (DFFLQNx2_ASAP7_75t_R)
         867.46   data arrival time

  10.00   10.00   clock clk' (fall edge)
   0.00   10.00   clock network delay (ideal)
   0.00   10.00   clock reconvergence pessimism
          10.00 v _10631_/CLK (DFFLQNx2_ASAP7_75t_R)
  -5.56    4.44   library setup time
           4.44   data required time
---------------------------------------------------------
           4.44   data required time
        -867.46   data arrival time
---------------------------------------------------------
        -863.02   slack (VIOLATED)


Startpoint: _10775_ (falling edge-triggered flip-flop clocked by clk')
Endpoint: _10674_ (falling edge-triggered flip-flop clocked by clk')
Path Group: clk
Path Type: max

  Delay    Time   Description
---------------------------------------------------------
   0.00    0.00   clock clk' (fall edge)
   0.00    0.00   clock network delay (ideal)
   0.00    0.00 v _10775_/CLK (DFFLQNx3_ASAP7_75t_R)
 151.64  151.64 v _10775_/QN (DFFLQNx3_ASAP7_75t_R)
  70.60  222.24 ^ _05584_/Y (NAND2x2_ASAP7_75t_R)
  44.63  266.88 v _05771_/Y (NOR2x2_ASAP7_75t_R)
  54.09  320.97 ^ _05773_/Y (OAI21x1_ASAP7_75t_R)
  47.44  368.41 ^ rebuffer538/Y (BUFx2_ASAP7_75t_R)
  28.24  396.65 ^ rebuffer539/Y (BUFx2_ASAP7_75t_R)
  21.73  418.38 ^ _07894_/Y (AO21x1_ASAP7_75t_R)
  43.68  462.06 ^ _07897_/Y (AND3x1_ASAP7_75t_R)
  18.73  480.79 v _08540_/Y (NAND3x1_ASAP7_75t_R)
  22.01  502.80 ^ _08545_/Y (OAI21x1_ASAP7_75t_R)
  17.29  520.10 v _08549_/Y (AOI22x1_ASAP7_75t_R)
  44.38  564.48 ^ _08550_/Y (OAI21x1_ASAP7_75t_R)
  35.93  600.41 v _08806_/Y (INVx3_ASAP7_75t_R)
  38.16  638.57 ^ _08807_/Y (NAND2x2_ASAP7_75t_R)
  35.49  674.06 ^ rebuffer1176/Y (BUFx6f_ASAP7_75t_R)
  22.89  696.96 v clone1170/Y (NOR2x2_ASAP7_75t_R)
  37.69  734.65 v _09192_/Y (AND2x2_ASAP7_75t_R)
  18.44  753.09 ^ _09199_/Y (NOR2x1_ASAP7_75t_R)
  17.88  770.97 v _09206_/Y (AOI21x1_ASAP7_75t_R)
  19.83  790.80 ^ _09207_/Y (OAI21x1_ASAP7_75t_R)
  21.44  812.25 v _09208_/Y (AOI21x1_ASAP7_75t_R)
  26.50  838.74 ^ _09209_/Y (OAI21x1_ASAP7_75t_R)
  16.04  854.78 v _09211_/Y (AOI21x1_ASAP7_75t_R)
   0.00  854.78 v _10674_/D (DFFLQNx2_ASAP7_75t_R)
         854.78   data arrival time

  10.00   10.00   clock clk' (fall edge)
   0.00   10.00   clock network delay (ideal)
   0.00   10.00   clock reconvergence pessimism
          10.00 v _10674_/CLK (DFFLQNx2_ASAP7_75t_R)
 -18.09   -8.09   library setup time
          -8.09   data required time
---------------------------------------------------------
          -8.09   data required time
        -854.78   data arrival time
---------------------------------------------------------
        -862.87   slack (VIOLATED)


Startpoint: _10775_ (falling edge-triggered flip-flop clocked by clk')
Endpoint: _10628_ (falling edge-triggered flip-flop clocked by clk')
Path Group: clk
Path Type: max

  Delay    Time   Description
---------------------------------------------------------
   0.00    0.00   clock clk' (fall edge)
   0.00    0.00   clock network delay (ideal)
   0.00    0.00 v _10775_/CLK (DFFLQNx3_ASAP7_75t_R)
 151.64  151.64 v _10775_/QN (DFFLQNx3_ASAP7_75t_R)
  36.95  188.59 ^ _05514_/Y (INVx8_ASAP7_75t_R)
  40.84  229.43 v _05515_/Y (NOR2x2_ASAP7_75t_R)
  41.31  270.75 v rebuffer388/Y (BUFx6f_ASAP7_75t_R)
  32.80  303.54 v rebuffer389/Y (BUFx2_ASAP7_75t_R)
  34.36  337.91 ^ clone378/Y (NAND2x2_ASAP7_75t_R)
  28.73  366.63 v _05730_/Y (NOR2x2_ASAP7_75t_R)
  40.75  407.39 v rebuffer1068/Y (BUFx2_ASAP7_75t_R)
  32.70  440.08 v rebuffer1069/Y (BUFx2_ASAP7_75t_R)
  22.11  462.19 v _07150_/Y (AND3x1_ASAP7_75t_R)
  42.37  504.56 v _07151_/Y (OR3x1_ASAP7_75t_R)
  74.23  578.79 v _07160_/Y (OR5x1_ASAP7_75t_R)
  24.68  603.48 ^ _07164_/Y (NAND3x1_ASAP7_75t_R)
  39.73  643.20 v _07173_/Y (AOI21x1_ASAP7_75t_R)
  32.72  675.92 ^ _07174_/Y (NOR2x2_ASAP7_75t_R)
  27.14  703.06 v _07261_/Y (INVx1_ASAP7_75t_R)
  65.93  768.99 v _07272_/Y (AO21x2_ASAP7_75t_R)
  47.03  816.02 ^ _07460_/Y (AOI211x1_ASAP7_75t_R)
  31.65  847.67 v _07466_/Y (NOR3x2_ASAP7_75t_R)
  19.24  866.91 ^ _07469_/Y (OAI21x1_ASAP7_75t_R)
   0.00  866.91 ^ _10628_/D (DFFLQNx2_ASAP7_75t_R)
         866.91   data arrival time

  10.00   10.00   clock clk' (fall edge)
   0.00   10.00   clock network delay (ideal)
   0.00   10.00   clock reconvergence pessimism
          10.00 v _10628_/CLK (DFFLQNx2_ASAP7_75t_R)
  -5.54    4.46   library setup time
           4.46   data required time
---------------------------------------------------------
           4.46   data required time
        -866.91   data arrival time
---------------------------------------------------------
        -862.45   slack (VIOLATED)


Startpoint: _10775_ (falling edge-triggered flip-flop clocked by clk')
Endpoint: _10662_ (falling edge-triggered flip-flop clocked by clk')
Path Group: clk
Path Type: max

  Delay    Time   Description
---------------------------------------------------------
   0.00    0.00   clock clk' (fall edge)
   0.00    0.00   clock network delay (ideal)
   0.00    0.00 v _10775_/CLK (DFFLQNx3_ASAP7_75t_R)
 151.64  151.64 v _10775_/QN (DFFLQNx3_ASAP7_75t_R)
  70.60  222.24 ^ _05584_/Y (NAND2x2_ASAP7_75t_R)
  44.63  266.88 v _05771_/Y (NOR2x2_ASAP7_75t_R)
  54.09  320.97 ^ _05773_/Y (OAI21x1_ASAP7_75t_R)
  47.44  368.41 ^ rebuffer538/Y (BUFx2_ASAP7_75t_R)
  28.24  396.65 ^ rebuffer539/Y (BUFx2_ASAP7_75t_R)
  21.73  418.38 ^ _07894_/Y (AO21x1_ASAP7_75t_R)
  43.68  462.06 ^ _07897_/Y (AND3x1_ASAP7_75t_R)
  26.31  488.37 v _07898_/Y (INVx1_ASAP7_75t_R)
  24.62  512.99 ^ _07899_/Y (NOR3x2_ASAP7_75t_R)
  18.19  531.18 v _07900_/Y (NAND3x1_ASAP7_75t_R)
  19.86  551.03 ^ _07906_/Y (AOI21x1_ASAP7_75t_R)
  22.22  573.25 v _07907_/Y (OAI21x1_ASAP7_75t_R)
  37.99  611.25 v rebuffer1110/Y (BUFx3_ASAP7_75t_R)
  32.87  644.12 ^ _08805_/Y (INVx1_ASAP7_75t_R)
  44.16  688.28 v _08808_/Y (NOR2x2_ASAP7_75t_R)
  29.30  717.58 ^ _08896_/Y (NAND2x1_ASAP7_75t_R)
  20.72  738.30 v _08897_/Y (OAI21x1_ASAP7_75t_R)
  18.96  757.26 ^ _08898_/Y (NOR2x1_ASAP7_75t_R)
  17.77  775.03 v _08906_/Y (AOI21x1_ASAP7_75t_R)
  19.81  794.84 ^ _08907_/Y (OAI21x1_ASAP7_75t_R)
  16.86  811.70 v _08908_/Y (AOI21x1_ASAP7_75t_R)
  26.50  838.20 ^ _08909_/Y (OAI21x1_ASAP7_75t_R)
  16.04  854.24 v _08911_/Y (AOI21x1_ASAP7_75t_R)
   0.00  854.24 v _10662_/D (DFFLQNx2_ASAP7_75t_R)
         854.24   data arrival time

  10.00   10.00   clock clk' (fall edge)
   0.00   10.00   clock network delay (ideal)
   0.00   10.00   clock reconvergence pessimism
          10.00 v _10662_/CLK (DFFLQNx2_ASAP7_75t_R)
 -18.05   -8.05   library setup time
          -8.05   data required time
---------------------------------------------------------
          -8.05   data required time
        -854.24   data arrival time
---------------------------------------------------------
        -862.29   slack (VIOLATED)


Startpoint: _10775_ (falling edge-triggered flip-flop clocked by clk')
Endpoint: _10663_ (falling edge-triggered flip-flop clocked by clk')
Path Group: clk
Path Type: max

  Delay    Time   Description
---------------------------------------------------------
   0.00    0.00   clock clk' (fall edge)
   0.00    0.00   clock network delay (ideal)
   0.00    0.00 v _10775_/CLK (DFFLQNx3_ASAP7_75t_R)
 151.64  151.64 v _10775_/QN (DFFLQNx3_ASAP7_75t_R)
  70.60  222.24 ^ _05584_/Y (NAND2x2_ASAP7_75t_R)
  44.63  266.88 v _05771_/Y (NOR2x2_ASAP7_75t_R)
  54.09  320.97 ^ _05773_/Y (OAI21x1_ASAP7_75t_R)
  47.44  368.41 ^ rebuffer538/Y (BUFx2_ASAP7_75t_R)
  28.24  396.65 ^ rebuffer539/Y (BUFx2_ASAP7_75t_R)
  21.73  418.38 ^ _07894_/Y (AO21x1_ASAP7_75t_R)
  43.68  462.06 ^ _07897_/Y (AND3x1_ASAP7_75t_R)
  26.31  488.37 v _07898_/Y (INVx1_ASAP7_75t_R)
  24.62  512.99 ^ _07899_/Y (NOR3x2_ASAP7_75t_R)
  18.19  531.18 v _07900_/Y (NAND3x1_ASAP7_75t_R)
  19.86  551.03 ^ _07906_/Y (AOI21x1_ASAP7_75t_R)
  22.22  573.25 v _07907_/Y (OAI21x1_ASAP7_75t_R)
  37.99  611.25 v rebuffer1110/Y (BUFx3_ASAP7_75t_R)
  32.87  644.12 ^ _08805_/Y (INVx1_ASAP7_75t_R)
  44.16  688.28 v _08808_/Y (NOR2x2_ASAP7_75t_R)
  29.30  717.58 ^ _08922_/Y (NAND2x1_ASAP7_75t_R)
  20.72  738.30 v _08923_/Y (OAI21x1_ASAP7_75t_R)
  18.96  757.26 ^ _08924_/Y (NOR2x1_ASAP7_75t_R)
  17.77  775.03 v _08930_/Y (AOI21x1_ASAP7_75t_R)
  19.81  794.84 ^ _08931_/Y (OAI21x1_ASAP7_75t_R)
  16.86  811.70 v _08932_/Y (AOI21x1_ASAP7_75t_R)
  26.50  838.20 ^ _08933_/Y (OAI21x1_ASAP7_75t_R)
  16.04  854.24 v _08936_/Y (AOI21x1_ASAP7_75t_R)
   0.00  854.24 v _10663_/D (DFFLQNx2_ASAP7_75t_R)
         854.24   data arrival time

  10.00   10.00   clock clk' (fall edge)
   0.00   10.00   clock network delay (ideal)
   0.00   10.00   clock reconvergence pessimism
          10.00 v _10663_/CLK (DFFLQNx2_ASAP7_75t_R)
 -18.05   -8.05   library setup time
          -8.05   data required time
---------------------------------------------------------
          -8.05   data required time
        -854.24   data arrival time
---------------------------------------------------------
        -862.29   slack (VIOLATED)


Startpoint: _10775_ (falling edge-triggered flip-flop clocked by clk')
Endpoint: _10626_ (falling edge-triggered flip-flop clocked by clk')
Path Group: clk
Path Type: max

  Delay    Time   Description
---------------------------------------------------------
   0.00    0.00   clock clk' (fall edge)
   0.00    0.00   clock network delay (ideal)
   0.00    0.00 v _10775_/CLK (DFFLQNx3_ASAP7_75t_R)
 151.64  151.64 v _10775_/QN (DFFLQNx3_ASAP7_75t_R)
  36.95  188.59 ^ _05514_/Y (INVx8_ASAP7_75t_R)
  40.84  229.43 v _05515_/Y (NOR2x2_ASAP7_75t_R)
  41.31  270.75 v rebuffer388/Y (BUFx6f_ASAP7_75t_R)
  32.80  303.54 v rebuffer389/Y (BUFx2_ASAP7_75t_R)
  34.36  337.91 ^ clone378/Y (NAND2x2_ASAP7_75t_R)
  28.73  366.63 v _05730_/Y (NOR2x2_ASAP7_75t_R)
  40.75  407.39 v rebuffer1068/Y (BUFx2_ASAP7_75t_R)
  32.70  440.08 v rebuffer1069/Y (BUFx2_ASAP7_75t_R)
  22.11  462.19 v _07150_/Y (AND3x1_ASAP7_75t_R)
  42.37  504.56 v _07151_/Y (OR3x1_ASAP7_75t_R)
  74.23  578.79 v _07160_/Y (OR5x1_ASAP7_75t_R)
  24.68  603.48 ^ _07164_/Y (NAND3x1_ASAP7_75t_R)
  39.73  643.20 v _07173_/Y (AOI21x1_ASAP7_75t_R)
  32.72  675.92 ^ _07174_/Y (NOR2x2_ASAP7_75t_R)
  27.14  703.06 v _07261_/Y (INVx1_ASAP7_75t_R)
  65.93  768.99 v _07272_/Y (AO21x2_ASAP7_75t_R)
  28.77  797.76 ^ _07376_/Y (OAI21x1_ASAP7_75t_R)
  20.35  818.11 v _07381_/Y (NOR2x1_ASAP7_75t_R)
  32.41  850.52 v _07385_/Y (AND2x2_ASAP7_75t_R)
  15.83  866.34 ^ _07388_/Y (OAI21x1_ASAP7_75t_R)
   0.00  866.34 ^ _10626_/D (DFFLQNx2_ASAP7_75t_R)
         866.34   data arrival time

  10.00   10.00   clock clk' (fall edge)
   0.00   10.00   clock network delay (ideal)
   0.00   10.00   clock reconvergence pessimism
          10.00 v _10626_/CLK (DFFLQNx2_ASAP7_75t_R)
  -5.35    4.65   library setup time
           4.65   data required time
---------------------------------------------------------
           4.65   data required time
        -866.34   data arrival time
---------------------------------------------------------
        -861.70   slack (VIOLATED)


Startpoint: _10775_ (falling edge-triggered flip-flop clocked by clk')
Endpoint: _10667_ (falling edge-triggered flip-flop clocked by clk')
Path Group: clk
Path Type: max

  Delay    Time   Description
---------------------------------------------------------
   0.00    0.00   clock clk' (fall edge)
   0.00    0.00   clock network delay (ideal)
   0.00    0.00 v _10775_/CLK (DFFLQNx3_ASAP7_75t_R)
 151.64  151.64 v _10775_/QN (DFFLQNx3_ASAP7_75t_R)
  70.60  222.24 ^ _05584_/Y (NAND2x2_ASAP7_75t_R)
  44.63  266.88 v _05771_/Y (NOR2x2_ASAP7_75t_R)
  54.09  320.97 ^ _05773_/Y (OAI21x1_ASAP7_75t_R)
  47.44  368.41 ^ rebuffer538/Y (BUFx2_ASAP7_75t_R)
  28.24  396.65 ^ rebuffer539/Y (BUFx2_ASAP7_75t_R)
  21.73  418.38 ^ _07894_/Y (AO21x1_ASAP7_75t_R)
  43.68  462.06 ^ _07897_/Y (AND3x1_ASAP7_75t_R)
  18.73  480.79 v _08540_/Y (NAND3x1_ASAP7_75t_R)
  22.01  502.80 ^ _08545_/Y (OAI21x1_ASAP7_75t_R)
  17.29  520.10 v _08549_/Y (AOI22x1_ASAP7_75t_R)
  44.38  564.48 ^ _08550_/Y (OAI21x1_ASAP7_75t_R)
  35.93  600.41 v _08806_/Y (INVx3_ASAP7_75t_R)
  38.16  638.57 ^ _08807_/Y (NAND2x2_ASAP7_75t_R)
  35.49  674.06 ^ rebuffer1176/Y (BUFx6f_ASAP7_75t_R)
  22.89  696.96 v clone1170/Y (NOR2x2_ASAP7_75t_R)
  39.01  735.97 v _09016_/Y (AND2x2_ASAP7_75t_R)
  18.50  754.47 ^ _09022_/Y (NOR2x1_ASAP7_75t_R)
  17.79  772.25 v _09028_/Y (AOI21x1_ASAP7_75t_R)
  19.81  792.06 ^ _09029_/Y (OAI21x1_ASAP7_75t_R)
  16.86  808.93 v _09030_/Y (AOI21x1_ASAP7_75t_R)
  26.50  835.42 ^ _09031_/Y (OAI21x1_ASAP7_75t_R)
  16.04  851.46 v _09033_/Y (AOI21x1_ASAP7_75t_R)
   0.00  851.46 v _10667_/D (DFFLQNx2_ASAP7_75t_R)
         851.46   data arrival time

  10.00   10.00   clock clk' (fall edge)
   0.00   10.00   clock network delay (ideal)
   0.00   10.00   clock reconvergence pessimism
          10.00 v _10667_/CLK (DFFLQNx2_ASAP7_75t_R)
 -18.05   -8.05   library setup time
          -8.05   data required time
---------------------------------------------------------
          -8.05   data required time
        -851.46   data arrival time
---------------------------------------------------------
        -859.51   slack (VIOLATED)


Startpoint: _10775_ (falling edge-triggered flip-flop clocked by clk')
Endpoint: _10606_ (falling edge-triggered flip-flop clocked by clk')
Path Group: clk
Path Type: max

  Delay    Time   Description
---------------------------------------------------------
   0.00    0.00   clock clk' (fall edge)
   0.00    0.00   clock network delay (ideal)
   0.00    0.00 v _10775_/CLK (DFFLQNx3_ASAP7_75t_R)
 151.64  151.64 v _10775_/QN (DFFLQNx3_ASAP7_75t_R)
  36.95  188.59 ^ _05514_/Y (INVx8_ASAP7_75t_R)
  40.84  229.43 v _05515_/Y (NOR2x2_ASAP7_75t_R)
  41.31  270.75 v rebuffer388/Y (BUFx6f_ASAP7_75t_R)
  32.80  303.54 v rebuffer389/Y (BUFx2_ASAP7_75t_R)
  34.36  337.91 ^ clone378/Y (NAND2x2_ASAP7_75t_R)
  26.48  364.39 v _05614_/Y (NOR2x2_ASAP7_75t_R)
  22.36  386.75 ^ _05615_/Y (INVx3_ASAP7_75t_R)
  50.10  436.85 ^ _07659_/Y (AND3x2_ASAP7_75t_R)
  43.81  480.66 ^ _07660_/Y (AO21x1_ASAP7_75t_R)
  20.04  500.71 v _07672_/Y (NAND3x2_ASAP7_75t_R)
  21.14  521.84 ^ _07673_/Y (NOR2x2_ASAP7_75t_R)
  14.46  536.30 v _07677_/Y (NAND3x2_ASAP7_75t_R)
  43.15  579.45 ^ _07694_/Y (AOI21x1_ASAP7_75t_R)
  46.40  625.85 v _08551_/Y (AOI21x1_ASAP7_75t_R)
  48.07  673.92 ^ _08552_/Y (NAND2x2_ASAP7_75t_R)
  16.41  690.34 v _08553_/Y (INVx6_ASAP7_75t_R)
  40.34  730.68 v _08554_/Y (AO21x1_ASAP7_75t_R)
  29.52  760.21 ^ _08555_/Y (NAND2x2_ASAP7_75t_R)
  21.36  781.56 v _08556_/Y (INVx3_ASAP7_75t_R)
  44.75  826.31 v _08668_/Y (OR3x1_ASAP7_75t_R)
  23.52  849.83 v _08670_/Y (AND3x1_ASAP7_75t_R)
   0.00  849.83 v _10606_/D (DFFLQNx2_ASAP7_75t_R)
         849.83   data arrival time

  10.00   10.00   clock clk' (fall edge)
   0.00   10.00   clock network delay (ideal)
   0.00   10.00   clock reconvergence pessimism
          10.00 v _10606_/CLK (DFFLQNx2_ASAP7_75t_R)
 -16.98   -6.98   library setup time
          -6.98   data required time
---------------------------------------------------------
          -6.98   data required time
        -849.83   data arrival time
---------------------------------------------------------
        -856.81   slack (VIOLATED)


Startpoint: _10775_ (falling edge-triggered flip-flop clocked by clk')
Endpoint: _10604_ (falling edge-triggered flip-flop clocked by clk')
Path Group: clk
Path Type: max

  Delay    Time   Description
---------------------------------------------------------
   0.00    0.00   clock clk' (fall edge)
   0.00    0.00   clock network delay (ideal)
   0.00    0.00 v _10775_/CLK (DFFLQNx3_ASAP7_75t_R)
 151.64  151.64 v _10775_/QN (DFFLQNx3_ASAP7_75t_R)
  36.95  188.59 ^ _05514_/Y (INVx8_ASAP7_75t_R)
  40.84  229.43 v _05515_/Y (NOR2x2_ASAP7_75t_R)
  41.31  270.75 v rebuffer388/Y (BUFx6f_ASAP7_75t_R)
  32.80  303.54 v rebuffer389/Y (BUFx2_ASAP7_75t_R)
  34.36  337.91 ^ clone378/Y (NAND2x2_ASAP7_75t_R)
  26.48  364.39 v _05614_/Y (NOR2x2_ASAP7_75t_R)
  22.36  386.75 ^ _05615_/Y (INVx3_ASAP7_75t_R)
  50.10  436.85 ^ _07659_/Y (AND3x2_ASAP7_75t_R)
  43.81  480.66 ^ _07660_/Y (AO21x1_ASAP7_75t_R)
  20.04  500.71 v _07672_/Y (NAND3x2_ASAP7_75t_R)
  21.14  521.84 ^ _07673_/Y (NOR2x2_ASAP7_75t_R)
  14.46  536.30 v _07677_/Y (NAND3x2_ASAP7_75t_R)
  43.15  579.45 ^ _07694_/Y (AOI21x1_ASAP7_75t_R)
  46.40  625.85 v _08551_/Y (AOI21x1_ASAP7_75t_R)
  48.07  673.92 ^ _08552_/Y (NAND2x2_ASAP7_75t_R)
  16.41  690.34 v _08553_/Y (INVx6_ASAP7_75t_R)
  40.34  730.68 v _08554_/Y (AO21x1_ASAP7_75t_R)
  29.52  760.21 ^ _08555_/Y (NAND2x2_ASAP7_75t_R)
  31.68  791.89 ^ rebuffer1084/Y (BUFx6f_ASAP7_75t_R)
  32.79  824.68 ^ _08659_/Y (AND3x1_ASAP7_75t_R)
  30.67  855.35 ^ _08661_/Y (OA21x2_ASAP7_75t_R)
   0.00  855.35 ^ _10604_/D (DFFLQNx2_ASAP7_75t_R)
         855.35   data arrival time

  10.00   10.00   clock clk' (fall edge)
   0.00   10.00   clock network delay (ideal)
   0.00   10.00   clock reconvergence pessimism
          10.00 v _10604_/CLK (DFFLQNx2_ASAP7_75t_R)
  -3.41    6.59   library setup time
           6.59   data required time
---------------------------------------------------------
           6.59   data required time
        -855.35   data arrival time
---------------------------------------------------------
        -848.76   slack (VIOLATED)


Startpoint: _10775_ (falling edge-triggered flip-flop clocked by clk')
Endpoint: _10630_ (falling edge-triggered flip-flop clocked by clk')
Path Group: clk
Path Type: max

  Delay    Time   Description
---------------------------------------------------------
   0.00    0.00   clock clk' (fall edge)
   0.00    0.00   clock network delay (ideal)
   0.00    0.00 v _10775_/CLK (DFFLQNx3_ASAP7_75t_R)
 151.64  151.64 v _10775_/QN (DFFLQNx3_ASAP7_75t_R)
  36.95  188.59 ^ _05514_/Y (INVx8_ASAP7_75t_R)
  40.84  229.43 v _05515_/Y (NOR2x2_ASAP7_75t_R)
  41.31  270.75 v rebuffer388/Y (BUFx6f_ASAP7_75t_R)
  32.80  303.54 v rebuffer389/Y (BUFx2_ASAP7_75t_R)
  34.36  337.91 ^ clone378/Y (NAND2x2_ASAP7_75t_R)
  28.73  366.63 v _05730_/Y (NOR2x2_ASAP7_75t_R)
  40.75  407.39 v rebuffer1068/Y (BUFx2_ASAP7_75t_R)
  32.70  440.08 v rebuffer1069/Y (BUFx2_ASAP7_75t_R)
  22.11  462.19 v _07150_/Y (AND3x1_ASAP7_75t_R)
  42.37  504.56 v _07151_/Y (OR3x1_ASAP7_75t_R)
  74.23  578.79 v _07160_/Y (OR5x1_ASAP7_75t_R)
  24.68  603.48 ^ _07164_/Y (NAND3x1_ASAP7_75t_R)
  39.73  643.20 v _07173_/Y (AOI21x1_ASAP7_75t_R)
  34.94  678.15 ^ _07287_/Y (INVx1_ASAP7_75t_R)
  33.00  711.14 v _07288_/Y (NAND2x2_ASAP7_75t_R)
  43.07  754.21 ^ _07289_/Y (NOR2x2_ASAP7_75t_R)
  31.22  785.44 v _07546_/Y (AOI22x1_ASAP7_75t_R)
  25.70  811.13 ^ _07547_/Y (NAND2x2_ASAP7_75t_R)
  23.56  834.69 v _07548_/Y (NOR3x2_ASAP7_75t_R)
  18.17  852.85 ^ _07551_/Y (OAI21x1_ASAP7_75t_R)
   0.00  852.85 ^ _10630_/D (DFFLQNx2_ASAP7_75t_R)
         852.85   data arrival time

  10.00   10.00   clock clk' (fall edge)
   0.00   10.00   clock network delay (ideal)
   0.00   10.00   clock reconvergence pessimism
          10.00 v _10630_/CLK (DFFLQNx2_ASAP7_75t_R)
  -5.37    4.63   library setup time
           4.63   data required time
---------------------------------------------------------
           4.63   data required time
        -852.85   data arrival time
---------------------------------------------------------
        -848.22   slack (VIOLATED)


Startpoint: _10775_ (falling edge-triggered flip-flop clocked by clk')
Endpoint: _10627_ (falling edge-triggered flip-flop clocked by clk')
Path Group: clk
Path Type: max

  Delay    Time   Description
---------------------------------------------------------
   0.00    0.00   clock clk' (fall edge)
   0.00    0.00   clock network delay (ideal)
   0.00    0.00 v _10775_/CLK (DFFLQNx3_ASAP7_75t_R)
 151.64  151.64 v _10775_/QN (DFFLQNx3_ASAP7_75t_R)
  36.95  188.59 ^ _05514_/Y (INVx8_ASAP7_75t_R)
  40.84  229.43 v _05515_/Y (NOR2x2_ASAP7_75t_R)
  41.31  270.75 v rebuffer388/Y (BUFx6f_ASAP7_75t_R)
  32.80  303.54 v rebuffer389/Y (BUFx2_ASAP7_75t_R)
  34.36  337.91 ^ clone378/Y (NAND2x2_ASAP7_75t_R)
  28.73  366.63 v _05730_/Y (NOR2x2_ASAP7_75t_R)
  40.75  407.39 v rebuffer1068/Y (BUFx2_ASAP7_75t_R)
  32.70  440.08 v rebuffer1069/Y (BUFx2_ASAP7_75t_R)
  22.11  462.19 v _07150_/Y (AND3x1_ASAP7_75t_R)
  42.37  504.56 v _07151_/Y (OR3x1_ASAP7_75t_R)
  74.23  578.79 v _07160_/Y (OR5x1_ASAP7_75t_R)
  24.68  603.48 ^ _07164_/Y (NAND3x1_ASAP7_75t_R)
  39.73  643.20 v _07173_/Y (AOI21x1_ASAP7_75t_R)
  32.72  675.92 ^ _07174_/Y (NOR2x2_ASAP7_75t_R)
  27.14  703.06 v _07261_/Y (INVx1_ASAP7_75t_R)
  65.93  768.99 v _07272_/Y (AO21x2_ASAP7_75t_R)
  27.70  796.69 ^ _07417_/Y (AOI21x1_ASAP7_75t_R)
  32.19  828.88 v _07427_/Y (AOI211x1_ASAP7_75t_R)
  20.96  849.84 ^ _07430_/Y (OAI21x1_ASAP7_75t_R)
   0.00  849.84 ^ _10627_/D (DFFLQNx2_ASAP7_75t_R)
         849.84   data arrival time

  10.00   10.00   clock clk' (fall edge)
   0.00   10.00   clock network delay (ideal)
   0.00   10.00   clock reconvergence pessimism
          10.00 v _10627_/CLK (DFFLQNx2_ASAP7_75t_R)
  -5.82    4.18   library setup time
           4.18   data required time
---------------------------------------------------------
           4.18   data required time
        -849.84   data arrival time
---------------------------------------------------------
        -845.67   slack (VIOLATED)


Startpoint: _10775_ (falling edge-triggered flip-flop clocked by clk')
Endpoint: _10629_ (falling edge-triggered flip-flop clocked by clk')
Path Group: clk
Path Type: max

  Delay    Time   Description
---------------------------------------------------------
   0.00    0.00   clock clk' (fall edge)
   0.00    0.00   clock network delay (ideal)
   0.00    0.00 v _10775_/CLK (DFFLQNx3_ASAP7_75t_R)
 151.64  151.64 v _10775_/QN (DFFLQNx3_ASAP7_75t_R)
  36.95  188.59 ^ _05514_/Y (INVx8_ASAP7_75t_R)
  40.84  229.43 v _05515_/Y (NOR2x2_ASAP7_75t_R)
  41.31  270.75 v rebuffer388/Y (BUFx6f_ASAP7_75t_R)
  32.80  303.54 v rebuffer389/Y (BUFx2_ASAP7_75t_R)
  34.36  337.91 ^ clone378/Y (NAND2x2_ASAP7_75t_R)
  28.73  366.63 v _05730_/Y (NOR2x2_ASAP7_75t_R)
  40.75  407.39 v rebuffer1068/Y (BUFx2_ASAP7_75t_R)
  32.70  440.08 v rebuffer1069/Y (BUFx2_ASAP7_75t_R)
  22.11  462.19 v _07150_/Y (AND3x1_ASAP7_75t_R)
  42.37  504.56 v _07151_/Y (OR3x1_ASAP7_75t_R)
  74.23  578.79 v _07160_/Y (OR5x1_ASAP7_75t_R)
  24.68  603.48 ^ _07164_/Y (NAND3x1_ASAP7_75t_R)
  39.73  643.20 v _07173_/Y (AOI21x1_ASAP7_75t_R)
  32.72  675.92 ^ _07174_/Y (NOR2x2_ASAP7_75t_R)
  27.14  703.06 v _07261_/Y (INVx1_ASAP7_75t_R)
  65.93  768.99 v _07272_/Y (AO21x2_ASAP7_75t_R)
  27.70  796.69 ^ _07495_/Y (AOI21x1_ASAP7_75t_R)
  32.19  828.88 v _07505_/Y (AOI211x1_ASAP7_75t_R)
  20.96  849.84 ^ _07508_/Y (OAI21x1_ASAP7_75t_R)
   0.00  849.84 ^ _10629_/D (DFFLQNx2_ASAP7_75t_R)
         849.84   data arrival time

  10.00   10.00   clock clk' (fall edge)
   0.00   10.00   clock network delay (ideal)
   0.00   10.00   clock reconvergence pessimism
          10.00 v _10629_/CLK (DFFLQNx2_ASAP7_75t_R)
  -5.82    4.18   library setup time
           4.18   data required time
---------------------------------------------------------
           4.18   data required time
        -849.84   data arrival time
---------------------------------------------------------
        -845.67   slack (VIOLATED)


Startpoint: _10775_ (falling edge-triggered flip-flop clocked by clk')
Endpoint: _10624_ (falling edge-triggered flip-flop clocked by clk')
Path Group: clk
Path Type: max

  Delay    Time   Description
---------------------------------------------------------
   0.00    0.00   clock clk' (fall edge)
   0.00    0.00   clock network delay (ideal)
   0.00    0.00 v _10775_/CLK (DFFLQNx3_ASAP7_75t_R)
 151.64  151.64 v _10775_/QN (DFFLQNx3_ASAP7_75t_R)
  36.95  188.59 ^ _05514_/Y (INVx8_ASAP7_75t_R)
  40.84  229.43 v _05515_/Y (NOR2x2_ASAP7_75t_R)
  41.31  270.75 v rebuffer388/Y (BUFx6f_ASAP7_75t_R)
  32.80  303.54 v rebuffer389/Y (BUFx2_ASAP7_75t_R)
  34.36  337.91 ^ clone378/Y (NAND2x2_ASAP7_75t_R)
  28.73  366.63 v _05730_/Y (NOR2x2_ASAP7_75t_R)
  40.75  407.39 v rebuffer1068/Y (BUFx2_ASAP7_75t_R)
  32.70  440.08 v rebuffer1069/Y (BUFx2_ASAP7_75t_R)
  22.11  462.19 v _07150_/Y (AND3x1_ASAP7_75t_R)
  42.37  504.56 v _07151_/Y (OR3x1_ASAP7_75t_R)
  74.23  578.79 v _07160_/Y (OR5x1_ASAP7_75t_R)
  24.68  603.48 ^ _07164_/Y (NAND3x1_ASAP7_75t_R)
  39.73  643.20 v _07173_/Y (AOI21x1_ASAP7_75t_R)
  32.72  675.92 ^ _07174_/Y (NOR2x2_ASAP7_75t_R)
  27.14  703.06 v _07261_/Y (INVx1_ASAP7_75t_R)
  65.93  768.99 v _07272_/Y (AO21x2_ASAP7_75t_R)
  27.70  796.69 ^ _07274_/Y (AOI21x1_ASAP7_75t_R)
  31.39  828.09 v _07298_/Y (AOI211x1_ASAP7_75t_R)
  20.90  848.98 ^ _07302_/Y (OAI21x1_ASAP7_75t_R)
   0.00  848.98 ^ _10624_/D (DFFLQNx2_ASAP7_75t_R)
         848.98   data arrival time

  10.00   10.00   clock clk' (fall edge)
   0.00   10.00   clock network delay (ideal)
   0.00   10.00   clock reconvergence pessimism
          10.00 v _10624_/CLK (DFFLQNx2_ASAP7_75t_R)
  -5.81    4.19   library setup time
           4.19   data required time
---------------------------------------------------------
           4.19   data required time
        -848.98   data arrival time
---------------------------------------------------------
        -844.80   slack (VIOLATED)


Startpoint: _10775_ (falling edge-triggered flip-flop clocked by clk')
Endpoint: _10618_ (falling edge-triggered flip-flop clocked by clk')
Path Group: clk
Path Type: max

  Delay    Time   Description
---------------------------------------------------------
   0.00    0.00   clock clk' (fall edge)
   0.00    0.00   clock network delay (ideal)
   0.00    0.00 v _10775_/CLK (DFFLQNx3_ASAP7_75t_R)
 151.64  151.64 v _10775_/QN (DFFLQNx3_ASAP7_75t_R)
  36.95  188.59 ^ _05514_/Y (INVx8_ASAP7_75t_R)
  40.84  229.43 v _05515_/Y (NOR2x2_ASAP7_75t_R)
  41.31  270.75 v rebuffer388/Y (BUFx6f_ASAP7_75t_R)
  32.80  303.54 v rebuffer389/Y (BUFx2_ASAP7_75t_R)
  34.36  337.91 ^ clone378/Y (NAND2x2_ASAP7_75t_R)
  26.48  364.39 v _05614_/Y (NOR2x2_ASAP7_75t_R)
  22.36  386.75 ^ _05615_/Y (INVx3_ASAP7_75t_R)
  50.10  436.85 ^ _07659_/Y (AND3x2_ASAP7_75t_R)
  43.81  480.66 ^ _07660_/Y (AO21x1_ASAP7_75t_R)
  20.04  500.71 v _07672_/Y (NAND3x2_ASAP7_75t_R)
  21.14  521.84 ^ _07673_/Y (NOR2x2_ASAP7_75t_R)
  14.46  536.30 v _07677_/Y (NAND3x2_ASAP7_75t_R)
  43.15  579.45 ^ _07694_/Y (AOI21x1_ASAP7_75t_R)
  46.40  625.85 v _08551_/Y (AOI21x1_ASAP7_75t_R)
  48.07  673.92 ^ _08552_/Y (NAND2x2_ASAP7_75t_R)
  16.41  690.34 v _08553_/Y (INVx6_ASAP7_75t_R)
  40.34  730.68 v _08554_/Y (AO21x1_ASAP7_75t_R)
  29.52  760.21 ^ _08555_/Y (NAND2x2_ASAP7_75t_R)
  48.74  808.95 ^ _08769_/Y (AND3x4_ASAP7_75t_R)
  17.52  826.47 v _08771_/Y (OAI21x1_ASAP7_75t_R)
  20.82  847.29 ^ _08772_/Y (AOI21x1_ASAP7_75t_R)
   0.00  847.29 ^ _10618_/D (DFFLQNx2_ASAP7_75t_R)
         847.29   data arrival time

  10.00   10.00   clock clk' (fall edge)
   0.00   10.00   clock network delay (ideal)
   0.00   10.00   clock reconvergence pessimism
          10.00 v _10618_/CLK (DFFLQNx2_ASAP7_75t_R)
  -5.79    4.21   library setup time
           4.21   data required time
---------------------------------------------------------
           4.21   data required time
        -847.29   data arrival time
---------------------------------------------------------
        -843.07   slack (VIOLATED)


Startpoint: _10793_ (falling edge-triggered flip-flop clocked by clk')
Endpoint: _10706_ (falling edge-triggered flip-flop clocked by clk')
Path Group: clk
Path Type: max

  Delay    Time   Description
---------------------------------------------------------
   0.00    0.00   clock clk' (fall edge)
   0.00    0.00   clock network delay (ideal)
   0.00    0.00 v _10793_/CLK (DFFLQNx3_ASAP7_75t_R)
 114.51  114.51 v _10793_/QN (DFFLQNx3_ASAP7_75t_R)
  31.55  146.06 ^ _06240_/Y (INVx3_ASAP7_75t_R)
  44.59  190.65 ^ _06242_/Y (AND3x4_ASAP7_75t_R)
  36.78  227.43 ^ _06243_/Y (XOR2x1_ASAP7_75t_R)
  47.94  275.38 v _10448_/CON (FAx1_ASAP7_75t_R)
  46.06  321.43 ^ _10449_/CON (FAx1_ASAP7_75t_R)
  42.70  364.13 ^ rebuffer961/Y (BUFx3_ASAP7_75t_R)
  14.29  378.42 v _06820_/Y (OAI21x1_ASAP7_75t_R)
  46.37  424.79 v _06822_/Y (AO21x2_ASAP7_75t_R)
  33.09  457.88 ^ _10453_/CON (FAx1_ASAP7_75t_R)
  28.59  486.47 v _06823_/Y (INVx1_ASAP7_75t_R)
  52.69  539.16 ^ _10455_/SN (FAx1_ASAP7_75t_R)
  30.64  569.80 ^ _06361_/Y (AO21x1_ASAP7_75t_R)
  42.39  612.19 ^ _06364_/Y (AO32x2_ASAP7_75t_R)
  28.76  640.95 ^ rebuffer1252/Y (BUFx3_ASAP7_75t_R)
  12.32  653.28 v _08101_/Y (NOR2x1_ASAP7_75t_R)
  58.35  711.63 v _08102_/Y (OR4x1_ASAP7_75t_R)
  48.57  760.20 v _08104_/Y (AO22x2_ASAP7_75t_R)
  15.47  775.66 ^ _08105_/Y (INVx4_ASAP7_75t_R)
  32.95  808.61 ^ _09637_/Y (OA21x2_ASAP7_75t_R)
  15.04  823.65 v _09638_/Y (AOI22x1_ASAP7_75t_R)
   0.00  823.65 v _10706_/D (DFFLQNx2_ASAP7_75t_R)
         823.65   data arrival time

  10.00   10.00   clock clk' (fall edge)
   0.00   10.00   clock network delay (ideal)
   0.00   10.00   clock reconvergence pessimism
          10.00 v _10706_/CLK (DFFLQNx2_ASAP7_75t_R)
 -26.92  -16.92   library setup time
         -16.92   data required time
---------------------------------------------------------
         -16.92   data required time
        -823.65   data arrival time
---------------------------------------------------------
        -840.58   slack (VIOLATED)


Startpoint: _10775_ (falling edge-triggered flip-flop clocked by clk')
Endpoint: _10672_ (falling edge-triggered flip-flop clocked by clk')
Path Group: clk
Path Type: max

  Delay    Time   Description
---------------------------------------------------------
   0.00    0.00   clock clk' (fall edge)
   0.00    0.00   clock network delay (ideal)
   0.00    0.00 v _10775_/CLK (DFFLQNx3_ASAP7_75t_R)
 151.64  151.64 v _10775_/QN (DFFLQNx3_ASAP7_75t_R)
  70.60  222.24 ^ _05584_/Y (NAND2x2_ASAP7_75t_R)
  44.63  266.88 v _05771_/Y (NOR2x2_ASAP7_75t_R)
  54.09  320.97 ^ _05773_/Y (OAI21x1_ASAP7_75t_R)
  47.44  368.41 ^ rebuffer538/Y (BUFx2_ASAP7_75t_R)
  28.24  396.65 ^ rebuffer539/Y (BUFx2_ASAP7_75t_R)
  24.40  421.05 ^ rebuffer540/Y (BUFx2_ASAP7_75t_R)
  43.08  464.13 ^ _08541_/Y (AND4x1_ASAP7_75t_R)
  37.91  502.04 ^ _08544_/Y (AND3x1_ASAP7_75t_R)
  16.62  518.66 v _08545_/Y (OAI21x1_ASAP7_75t_R)
  23.12  541.78 ^ _08549_/Y (AOI22x1_ASAP7_75t_R)
  34.53  576.31 v _08550_/Y (OAI21x1_ASAP7_75t_R)
  34.11  610.43 ^ _08806_/Y (INVx3_ASAP7_75t_R)
  27.55  637.98 v _08807_/Y (NAND2x2_ASAP7_75t_R)
  37.11  675.09 v rebuffer1176/Y (BUFx6f_ASAP7_75t_R)
  25.82  700.91 ^ clone1170/Y (NOR2x2_ASAP7_75t_R)
  32.70  733.61 v _09150_/Y (AOI221x1_ASAP7_75t_R)
  24.08  757.68 ^ _09152_/Y (AOI21x1_ASAP7_75t_R)
  17.45  775.13 v _09153_/Y (OAI21x1_ASAP7_75t_R)
  27.12  802.24 ^ _09154_/Y (AOI21x1_ASAP7_75t_R)
  22.84  825.08 v _09155_/Y (OAI21x1_ASAP7_75t_R)
  19.86  844.94 ^ _09157_/Y (AOI21x1_ASAP7_75t_R)
   0.00  844.94 ^ _10672_/D (DFFLQNx2_ASAP7_75t_R)
         844.94   data arrival time

  10.00   10.00   clock clk' (fall edge)
   0.00   10.00   clock network delay (ideal)
   0.00   10.00   clock reconvergence pessimism
          10.00 v _10672_/CLK (DFFLQNx2_ASAP7_75t_R)
  -5.57    4.43   library setup time
           4.43   data required time
---------------------------------------------------------
           4.43   data required time
        -844.94   data arrival time
---------------------------------------------------------
        -840.51   slack (VIOLATED)


Startpoint: _10775_ (falling edge-triggered flip-flop clocked by clk')
Endpoint: _10676_ (falling edge-triggered flip-flop clocked by clk')
Path Group: clk
Path Type: max

  Delay    Time   Description
---------------------------------------------------------
   0.00    0.00   clock clk' (fall edge)
   0.00    0.00   clock network delay (ideal)
   0.00    0.00 v _10775_/CLK (DFFLQNx3_ASAP7_75t_R)
 151.64  151.64 v _10775_/QN (DFFLQNx3_ASAP7_75t_R)
  70.60  222.24 ^ _05584_/Y (NAND2x2_ASAP7_75t_R)
  44.63  266.88 v _05771_/Y (NOR2x2_ASAP7_75t_R)
  54.09  320.97 ^ _05773_/Y (OAI21x1_ASAP7_75t_R)
  47.44  368.41 ^ rebuffer538/Y (BUFx2_ASAP7_75t_R)
  28.24  396.65 ^ rebuffer539/Y (BUFx2_ASAP7_75t_R)
  24.40  421.05 ^ rebuffer540/Y (BUFx2_ASAP7_75t_R)
  43.08  464.13 ^ _08541_/Y (AND4x1_ASAP7_75t_R)
  37.91  502.04 ^ _08544_/Y (AND3x1_ASAP7_75t_R)
  16.62  518.66 v _08545_/Y (OAI21x1_ASAP7_75t_R)
  23.12  541.78 ^ _08549_/Y (AOI22x1_ASAP7_75t_R)
  34.53  576.31 v _08550_/Y (OAI21x1_ASAP7_75t_R)
  34.11  610.43 ^ _08806_/Y (INVx3_ASAP7_75t_R)
  27.55  637.98 v _08807_/Y (NAND2x2_ASAP7_75t_R)
  37.11  675.09 v rebuffer1176/Y (BUFx6f_ASAP7_75t_R)
  25.82  700.91 ^ clone1170/Y (NOR2x2_ASAP7_75t_R)
  32.70  733.61 v _09265_/Y (AOI221x1_ASAP7_75t_R)
  24.08  757.68 ^ _09267_/Y (AOI21x1_ASAP7_75t_R)
  17.45  775.13 v _09268_/Y (OAI21x1_ASAP7_75t_R)
  27.12  802.24 ^ _09269_/Y (AOI21x1_ASAP7_75t_R)
  22.84  825.08 v _09270_/Y (OAI21x1_ASAP7_75t_R)
  19.86  844.94 ^ _09272_/Y (AOI21x1_ASAP7_75t_R)
   0.00  844.94 ^ _10676_/D (DFFLQNx2_ASAP7_75t_R)
         844.94   data arrival time

  10.00   10.00   clock clk' (fall edge)
   0.00   10.00   clock network delay (ideal)
   0.00   10.00   clock reconvergence pessimism
          10.00 v _10676_/CLK (DFFLQNx2_ASAP7_75t_R)
  -5.57    4.43   library setup time
           4.43   data required time
---------------------------------------------------------
           4.43   data required time
        -844.94   data arrival time
---------------------------------------------------------
        -840.51   slack (VIOLATED)


Startpoint: _10775_ (falling edge-triggered flip-flop clocked by clk')
Endpoint: _10607_ (falling edge-triggered flip-flop clocked by clk')
Path Group: clk
Path Type: max

  Delay    Time   Description
---------------------------------------------------------
   0.00    0.00   clock clk' (fall edge)
   0.00    0.00   clock network delay (ideal)
   0.00    0.00 v _10775_/CLK (DFFLQNx3_ASAP7_75t_R)
 151.64  151.64 v _10775_/QN (DFFLQNx3_ASAP7_75t_R)
  36.95  188.59 ^ _05514_/Y (INVx8_ASAP7_75t_R)
  40.84  229.43 v _05515_/Y (NOR2x2_ASAP7_75t_R)
  41.31  270.75 v rebuffer388/Y (BUFx6f_ASAP7_75t_R)
  32.80  303.54 v rebuffer389/Y (BUFx2_ASAP7_75t_R)
  34.36  337.91 ^ clone378/Y (NAND2x2_ASAP7_75t_R)
  26.48  364.39 v _05614_/Y (NOR2x2_ASAP7_75t_R)
  22.36  386.75 ^ _05615_/Y (INVx3_ASAP7_75t_R)
  50.10  436.85 ^ _07659_/Y (AND3x2_ASAP7_75t_R)
  43.81  480.66 ^ _07660_/Y (AO21x1_ASAP7_75t_R)
  20.04  500.71 v _07672_/Y (NAND3x2_ASAP7_75t_R)
  21.14  521.84 ^ _07673_/Y (NOR2x2_ASAP7_75t_R)
  14.46  536.30 v _07677_/Y (NAND3x2_ASAP7_75t_R)
  43.15  579.45 ^ _07694_/Y (AOI21x1_ASAP7_75t_R)
  46.40  625.85 v _08551_/Y (AOI21x1_ASAP7_75t_R)
  48.07  673.92 ^ _08552_/Y (NAND2x2_ASAP7_75t_R)
  16.41  690.34 v _08553_/Y (INVx6_ASAP7_75t_R)
  40.34  730.68 v _08554_/Y (AO21x1_ASAP7_75t_R)
  29.52  760.21 ^ _08555_/Y (NAND2x2_ASAP7_75t_R)
  21.36  781.56 v _08556_/Y (INVx3_ASAP7_75t_R)
  45.04  826.60 v _08674_/Y (OR3x1_ASAP7_75t_R)
  17.61  844.22 ^ _08676_/Y (AOI21x1_ASAP7_75t_R)
   0.00  844.22 ^ _10607_/D (DFFLQNx2_ASAP7_75t_R)
         844.22   data arrival time

  10.00   10.00   clock clk' (fall edge)
   0.00   10.00   clock network delay (ideal)
   0.00   10.00   clock reconvergence pessimism
          10.00 v _10607_/CLK (DFFLQNx2_ASAP7_75t_R)
  -5.95    4.05   library setup time
           4.05   data required time
---------------------------------------------------------
           4.05   data required time
        -844.22   data arrival time
---------------------------------------------------------
        -840.16   slack (VIOLATED)


Startpoint: _10793_ (falling edge-triggered flip-flop clocked by clk')
Endpoint: _10698_ (falling edge-triggered flip-flop clocked by clk')
Path Group: clk
Path Type: max

  Delay    Time   Description
---------------------------------------------------------
   0.00    0.00   clock clk' (fall edge)
   0.00    0.00   clock network delay (ideal)
   0.00    0.00 v _10793_/CLK (DFFLQNx3_ASAP7_75t_R)
 114.51  114.51 v _10793_/QN (DFFLQNx3_ASAP7_75t_R)
  31.55  146.06 ^ _06240_/Y (INVx3_ASAP7_75t_R)
  44.59  190.65 ^ _06242_/Y (AND3x4_ASAP7_75t_R)
  36.78  227.43 ^ _06243_/Y (XOR2x1_ASAP7_75t_R)
  47.94  275.38 v _10448_/CON (FAx1_ASAP7_75t_R)
  46.06  321.43 ^ _10449_/CON (FAx1_ASAP7_75t_R)
  42.70  364.13 ^ rebuffer961/Y (BUFx3_ASAP7_75t_R)
  14.29  378.42 v _06820_/Y (OAI21x1_ASAP7_75t_R)
  46.37  424.79 v _06822_/Y (AO21x2_ASAP7_75t_R)
  33.09  457.88 ^ _10453_/CON (FAx1_ASAP7_75t_R)
  28.59  486.47 v _06823_/Y (INVx1_ASAP7_75t_R)
  52.69  539.16 ^ _10455_/SN (FAx1_ASAP7_75t_R)
  30.64  569.80 ^ _06361_/Y (AO21x1_ASAP7_75t_R)
  42.39  612.19 ^ _06364_/Y (AO32x2_ASAP7_75t_R)
  28.76  640.95 ^ rebuffer1252/Y (BUFx3_ASAP7_75t_R)
  12.32  653.28 v _08101_/Y (NOR2x1_ASAP7_75t_R)
  58.35  711.63 v _08102_/Y (OR4x1_ASAP7_75t_R)
  48.57  760.20 v _08104_/Y (AO22x2_ASAP7_75t_R)
  15.47  775.66 ^ _08105_/Y (INVx4_ASAP7_75t_R)
  11.16  786.82 v _09549_/Y (NAND2x1_ASAP7_75t_R)
  43.83  830.65 v _09556_/Y (AO32x1_ASAP7_75t_R)
   0.00  830.65 v _10698_/D (DFFLQNx3_ASAP7_75t_R)
         830.65   data arrival time

  10.00   10.00   clock clk' (fall edge)
   0.00   10.00   clock network delay (ideal)
   0.00   10.00   clock reconvergence pessimism
          10.00 v _10698_/CLK (DFFLQNx3_ASAP7_75t_R)
 -18.84   -8.84   library setup time
          -8.84   data required time
---------------------------------------------------------
          -8.84   data required time
        -830.65   data arrival time
---------------------------------------------------------
        -839.49   slack (VIOLATED)


Startpoint: _10775_ (falling edge-triggered flip-flop clocked by clk')
Endpoint: _10601_ (falling edge-triggered flip-flop clocked by clk')
Path Group: clk
Path Type: max

  Delay    Time   Description
---------------------------------------------------------
   0.00    0.00   clock clk' (fall edge)
   0.00    0.00   clock network delay (ideal)
   0.00    0.00 v _10775_/CLK (DFFLQNx3_ASAP7_75t_R)
 151.64  151.64 v _10775_/QN (DFFLQNx3_ASAP7_75t_R)
  36.95  188.59 ^ _05514_/Y (INVx8_ASAP7_75t_R)
  40.84  229.43 v _05515_/Y (NOR2x2_ASAP7_75t_R)
  41.31  270.75 v rebuffer388/Y (BUFx6f_ASAP7_75t_R)
  32.80  303.54 v rebuffer389/Y (BUFx2_ASAP7_75t_R)
  34.36  337.91 ^ clone378/Y (NAND2x2_ASAP7_75t_R)
  26.48  364.39 v _05614_/Y (NOR2x2_ASAP7_75t_R)
  22.36  386.75 ^ _05615_/Y (INVx3_ASAP7_75t_R)
  50.10  436.85 ^ _07659_/Y (AND3x2_ASAP7_75t_R)
  43.81  480.66 ^ _07660_/Y (AO21x1_ASAP7_75t_R)
  20.04  500.71 v _07672_/Y (NAND3x2_ASAP7_75t_R)
  21.14  521.84 ^ _07673_/Y (NOR2x2_ASAP7_75t_R)
  14.46  536.30 v _07677_/Y (NAND3x2_ASAP7_75t_R)
  43.15  579.45 ^ _07694_/Y (AOI21x1_ASAP7_75t_R)
  46.40  625.85 v _08551_/Y (AOI21x1_ASAP7_75t_R)
  48.07  673.92 ^ _08552_/Y (NAND2x2_ASAP7_75t_R)
  16.41  690.34 v _08553_/Y (INVx6_ASAP7_75t_R)
  40.34  730.68 v _08554_/Y (AO21x1_ASAP7_75t_R)
  29.52  760.21 ^ _08555_/Y (NAND2x2_ASAP7_75t_R)
  31.68  791.89 ^ rebuffer1084/Y (BUFx6f_ASAP7_75t_R)
  34.34  826.23 ^ _08639_/Y (AND3x1_ASAP7_75t_R)
  22.95  849.18 ^ _08641_/Y (OR3x1_ASAP7_75t_R)
   0.00  849.18 ^ _10601_/D (DFFLQNx3_ASAP7_75t_R)
         849.18   data arrival time

  10.00   10.00   clock clk' (fall edge)
   0.00   10.00   clock network delay (ideal)
   0.00   10.00   clock reconvergence pessimism
          10.00 v _10601_/CLK (DFFLQNx3_ASAP7_75t_R)
   0.46   10.46   library setup time
          10.46   data required time
---------------------------------------------------------
          10.46   data required time
        -849.18   data arrival time
---------------------------------------------------------
        -838.72   slack (VIOLATED)


Startpoint: _10793_ (falling edge-triggered flip-flop clocked by clk')
Endpoint: _10682_ (falling edge-triggered flip-flop clocked by clk')
Path Group: clk
Path Type: max

  Delay    Time   Description
---------------------------------------------------------
   0.00    0.00   clock clk' (fall edge)
   0.00    0.00   clock network delay (ideal)
   0.00    0.00 v _10793_/CLK (DFFLQNx3_ASAP7_75t_R)
 114.51  114.51 v _10793_/QN (DFFLQNx3_ASAP7_75t_R)
  31.55  146.06 ^ _06240_/Y (INVx3_ASAP7_75t_R)
  44.59  190.65 ^ _06242_/Y (AND3x4_ASAP7_75t_R)
  36.78  227.43 ^ _06243_/Y (XOR2x1_ASAP7_75t_R)
  47.94  275.38 v _10448_/CON (FAx1_ASAP7_75t_R)
  46.06  321.43 ^ _10449_/CON (FAx1_ASAP7_75t_R)
  42.70  364.13 ^ rebuffer961/Y (BUFx3_ASAP7_75t_R)
  14.29  378.42 v _06820_/Y (OAI21x1_ASAP7_75t_R)
  46.37  424.79 v _06822_/Y (AO21x2_ASAP7_75t_R)
  33.09  457.88 ^ _10453_/CON (FAx1_ASAP7_75t_R)
  28.59  486.47 v _06823_/Y (INVx1_ASAP7_75t_R)
  52.69  539.16 ^ _10455_/SN (FAx1_ASAP7_75t_R)
  30.64  569.80 ^ _06361_/Y (AO21x1_ASAP7_75t_R)
  42.39  612.19 ^ _06364_/Y (AO32x2_ASAP7_75t_R)
  28.76  640.95 ^ rebuffer1252/Y (BUFx3_ASAP7_75t_R)
  12.32  653.28 v _08101_/Y (NOR2x1_ASAP7_75t_R)
  58.35  711.63 v _08102_/Y (OR4x1_ASAP7_75t_R)
  48.57  760.20 v _08104_/Y (AO22x2_ASAP7_75t_R)
  37.60  797.79 v _09445_/Y (OA21x2_ASAP7_75t_R)
  29.67  827.46 v _09447_/Y (AO21x1_ASAP7_75t_R)
   0.00  827.46 v _10682_/D (DFFLQNx2_ASAP7_75t_R)
         827.46   data arrival time

  10.00   10.00   clock clk' (fall edge)
   0.00   10.00   clock network delay (ideal)
   0.00   10.00   clock reconvergence pessimism
          10.00 v _10682_/CLK (DFFLQNx2_ASAP7_75t_R)
 -17.30   -7.30   library setup time
          -7.30   data required time
---------------------------------------------------------
          -7.30   data required time
        -827.46   data arrival time
---------------------------------------------------------
        -834.76   slack (VIOLATED)


Startpoint: _10779_ (falling edge-triggered flip-flop clocked by clk')
Endpoint: _10597_ (falling edge-triggered flip-flop clocked by clk')
Path Group: clk
Path Type: max

  Delay    Time   Description
---------------------------------------------------------
   0.00    0.00   clock clk' (fall edge)
   0.00    0.00   clock network delay (ideal)
   0.00    0.00 v _10779_/CLK (DFFLQNx3_ASAP7_75t_R)
 125.83  125.83 v _10779_/QN (DFFLQNx3_ASAP7_75t_R)
  55.42  181.25 v rebuffer383/Y (BUFx2_ASAP7_75t_R)
  37.60  218.85 ^ _05712_/Y (NOR2x2_ASAP7_75t_R)
  40.99  259.84 v _05759_/Y (NAND2x2_ASAP7_75t_R)
  46.59  306.43 ^ _05872_/Y (OAI22x1_ASAP7_75t_R)
  39.88  346.31 v _05874_/Y (NOR2x2_ASAP7_75t_R)
  45.95  392.25 v _08572_/Y (AND3x4_ASAP7_75t_R)
  22.76  415.02 v _08573_/Y (AND4x1_ASAP7_75t_R)
  52.03  467.05 v _08574_/Y (OA211x2_ASAP7_75t_R)
  20.58  487.62 ^ _08580_/Y (OAI21x1_ASAP7_75t_R)
  19.66  507.28 v _08581_/Y (NAND2x1_ASAP7_75t_R)
  84.48  591.76 v _08585_/Y (OR3x4_ASAP7_75t_R)
  29.06  620.82 ^ _08606_/Y (NAND2x2_ASAP7_75t_R)
  43.53  664.35 ^ rebuffer1225/Y (BUFx6f_ASAP7_75t_R)
  30.82  695.17 ^ rebuffer1226/Y (BUFx6f_ASAP7_75t_R)
  11.52  706.69 v _08608_/Y (AOI21x1_ASAP7_75t_R)
  52.66  759.35 v _08609_/Y (AO21x2_ASAP7_75t_R)
  35.25  794.60 v _08622_/Y (AO21x1_ASAP7_75t_R)
  28.64  823.24 v _08623_/Y (AND2x2_ASAP7_75t_R)
   0.00  823.24 v _10597_/D (DFFLQNx2_ASAP7_75t_R)
         823.24   data arrival time

  10.00   10.00   clock clk' (fall edge)
   0.00   10.00   clock network delay (ideal)
   0.00   10.00   clock reconvergence pessimism
          10.00 v _10597_/CLK (DFFLQNx2_ASAP7_75t_R)
 -17.06   -7.06   library setup time
          -7.06   data required time
---------------------------------------------------------
          -7.06   data required time
        -823.24   data arrival time
---------------------------------------------------------
        -830.30   slack (VIOLATED)


Startpoint: _10779_ (falling edge-triggered flip-flop clocked by clk')
Endpoint: _10596_ (falling edge-triggered flip-flop clocked by clk')
Path Group: clk
Path Type: max

  Delay    Time   Description
---------------------------------------------------------
   0.00    0.00   clock clk' (fall edge)
   0.00    0.00   clock network delay (ideal)
   0.00    0.00 v _10779_/CLK (DFFLQNx3_ASAP7_75t_R)
 125.83  125.83 v _10779_/QN (DFFLQNx3_ASAP7_75t_R)
  55.42  181.25 v rebuffer383/Y (BUFx2_ASAP7_75t_R)
  37.60  218.85 ^ _05712_/Y (NOR2x2_ASAP7_75t_R)
  40.99  259.84 v _05759_/Y (NAND2x2_ASAP7_75t_R)
  46.59  306.43 ^ _05872_/Y (OAI22x1_ASAP7_75t_R)
  39.88  346.31 v _05874_/Y (NOR2x2_ASAP7_75t_R)
  45.95  392.25 v _08572_/Y (AND3x4_ASAP7_75t_R)
  22.76  415.02 v _08573_/Y (AND4x1_ASAP7_75t_R)
  52.03  467.05 v _08574_/Y (OA211x2_ASAP7_75t_R)
  20.58  487.62 ^ _08580_/Y (OAI21x1_ASAP7_75t_R)
  19.66  507.28 v _08581_/Y (NAND2x1_ASAP7_75t_R)
  84.48  591.76 v _08585_/Y (OR3x4_ASAP7_75t_R)
  29.06  620.82 ^ _08606_/Y (NAND2x2_ASAP7_75t_R)
  43.53  664.35 ^ rebuffer1225/Y (BUFx6f_ASAP7_75t_R)
  30.82  695.17 ^ rebuffer1226/Y (BUFx6f_ASAP7_75t_R)
  11.52  706.69 v _08608_/Y (AOI21x1_ASAP7_75t_R)
  52.66  759.35 v _08609_/Y (AO21x2_ASAP7_75t_R)
  35.25  794.60 v _08618_/Y (AO21x1_ASAP7_75t_R)
  28.31  822.91 v _08620_/Y (AND2x2_ASAP7_75t_R)
   0.00  822.91 v _10596_/D (DFFLQNx2_ASAP7_75t_R)
         822.91   data arrival time

  10.00   10.00   clock clk' (fall edge)
   0.00   10.00   clock network delay (ideal)
   0.00   10.00   clock reconvergence pessimism
          10.00 v _10596_/CLK (DFFLQNx2_ASAP7_75t_R)
 -17.06   -7.06   library setup time
          -7.06   data required time
---------------------------------------------------------
          -7.06   data required time
        -822.91   data arrival time
---------------------------------------------------------
        -829.98   slack (VIOLATED)


Startpoint: _10779_ (falling edge-triggered flip-flop clocked by clk')
Endpoint: _10598_ (falling edge-triggered flip-flop clocked by clk')
Path Group: clk
Path Type: max

  Delay    Time   Description
---------------------------------------------------------
   0.00    0.00   clock clk' (fall edge)
   0.00    0.00   clock network delay (ideal)
   0.00    0.00 v _10779_/CLK (DFFLQNx3_ASAP7_75t_R)
 125.83  125.83 v _10779_/QN (DFFLQNx3_ASAP7_75t_R)
  55.42  181.25 v rebuffer383/Y (BUFx2_ASAP7_75t_R)
  37.60  218.85 ^ _05712_/Y (NOR2x2_ASAP7_75t_R)
  40.99  259.84 v _05759_/Y (NAND2x2_ASAP7_75t_R)
  46.59  306.43 ^ _05872_/Y (OAI22x1_ASAP7_75t_R)
  39.88  346.31 v _05874_/Y (NOR2x2_ASAP7_75t_R)
  45.95  392.25 v _08572_/Y (AND3x4_ASAP7_75t_R)
  22.76  415.02 v _08573_/Y (AND4x1_ASAP7_75t_R)
  52.03  467.05 v _08574_/Y (OA211x2_ASAP7_75t_R)
  20.58  487.62 ^ _08580_/Y (OAI21x1_ASAP7_75t_R)
  19.66  507.28 v _08581_/Y (NAND2x1_ASAP7_75t_R)
  84.48  591.76 v _08585_/Y (OR3x4_ASAP7_75t_R)
  29.06  620.82 ^ _08606_/Y (NAND2x2_ASAP7_75t_R)
  43.53  664.35 ^ rebuffer1225/Y (BUFx6f_ASAP7_75t_R)
  30.82  695.17 ^ rebuffer1226/Y (BUFx6f_ASAP7_75t_R)
  11.52  706.69 v _08608_/Y (AOI21x1_ASAP7_75t_R)
  52.66  759.35 v _08609_/Y (AO21x2_ASAP7_75t_R)
  35.25  794.60 v _08625_/Y (AO21x1_ASAP7_75t_R)
  28.31  822.91 v _08626_/Y (AND2x2_ASAP7_75t_R)
   0.00  822.91 v _10598_/D (DFFLQNx2_ASAP7_75t_R)
         822.91   data arrival time

  10.00   10.00   clock clk' (fall edge)
   0.00   10.00   clock network delay (ideal)
   0.00   10.00   clock reconvergence pessimism
          10.00 v _10598_/CLK (DFFLQNx2_ASAP7_75t_R)
 -17.06   -7.06   library setup time
          -7.06   data required time
---------------------------------------------------------
          -7.06   data required time
        -822.91   data arrival time
---------------------------------------------------------
        -829.98   slack (VIOLATED)


Startpoint: _10779_ (falling edge-triggered flip-flop clocked by clk')
Endpoint: _10599_ (falling edge-triggered flip-flop clocked by clk')
Path Group: clk
Path Type: max

  Delay    Time   Description
---------------------------------------------------------
   0.00    0.00   clock clk' (fall edge)
   0.00    0.00   clock network delay (ideal)
   0.00    0.00 v _10779_/CLK (DFFLQNx3_ASAP7_75t_R)
 125.83  125.83 v _10779_/QN (DFFLQNx3_ASAP7_75t_R)
  55.42  181.25 v rebuffer383/Y (BUFx2_ASAP7_75t_R)
  37.60  218.85 ^ _05712_/Y (NOR2x2_ASAP7_75t_R)
  40.99  259.84 v _05759_/Y (NAND2x2_ASAP7_75t_R)
  46.59  306.43 ^ _05872_/Y (OAI22x1_ASAP7_75t_R)
  39.88  346.31 v _05874_/Y (NOR2x2_ASAP7_75t_R)
  45.95  392.25 v _08572_/Y (AND3x4_ASAP7_75t_R)
  22.76  415.02 v _08573_/Y (AND4x1_ASAP7_75t_R)
  52.03  467.05 v _08574_/Y (OA211x2_ASAP7_75t_R)
  20.58  487.62 ^ _08580_/Y (OAI21x1_ASAP7_75t_R)
  19.66  507.28 v _08581_/Y (NAND2x1_ASAP7_75t_R)
  84.48  591.76 v _08585_/Y (OR3x4_ASAP7_75t_R)
  29.06  620.82 ^ _08606_/Y (NAND2x2_ASAP7_75t_R)
  43.53  664.35 ^ rebuffer1225/Y (BUFx6f_ASAP7_75t_R)
  30.82  695.17 ^ rebuffer1226/Y (BUFx6f_ASAP7_75t_R)
  11.52  706.69 v _08608_/Y (AOI21x1_ASAP7_75t_R)
  52.66  759.35 v _08609_/Y (AO21x2_ASAP7_75t_R)
  35.25  794.60 v _08628_/Y (AO21x1_ASAP7_75t_R)
  28.31  822.91 v _08629_/Y (AND2x2_ASAP7_75t_R)
   0.00  822.91 v _10599_/D (DFFLQNx2_ASAP7_75t_R)
         822.91   data arrival time

  10.00   10.00   clock clk' (fall edge)
   0.00   10.00   clock network delay (ideal)
   0.00   10.00   clock reconvergence pessimism
          10.00 v _10599_/CLK (DFFLQNx2_ASAP7_75t_R)
 -17.06   -7.06   library setup time
          -7.06   data required time
---------------------------------------------------------
          -7.06   data required time
        -822.91   data arrival time
---------------------------------------------------------
        -829.98   slack (VIOLATED)


Startpoint: _10779_ (falling edge-triggered flip-flop clocked by clk')
Endpoint: _10600_ (falling edge-triggered flip-flop clocked by clk')
Path Group: clk
Path Type: max

  Delay    Time   Description
---------------------------------------------------------
   0.00    0.00   clock clk' (fall edge)
   0.00    0.00   clock network delay (ideal)
   0.00    0.00 v _10779_/CLK (DFFLQNx3_ASAP7_75t_R)
 125.83  125.83 v _10779_/QN (DFFLQNx3_ASAP7_75t_R)
  55.42  181.25 v rebuffer383/Y (BUFx2_ASAP7_75t_R)
  37.60  218.85 ^ _05712_/Y (NOR2x2_ASAP7_75t_R)
  40.99  259.84 v _05759_/Y (NAND2x2_ASAP7_75t_R)
  46.59  306.43 ^ _05872_/Y (OAI22x1_ASAP7_75t_R)
  39.88  346.31 v _05874_/Y (NOR2x2_ASAP7_75t_R)
  45.95  392.25 v _08572_/Y (AND3x4_ASAP7_75t_R)
  22.76  415.02 v _08573_/Y (AND4x1_ASAP7_75t_R)
  52.03  467.05 v _08574_/Y (OA211x2_ASAP7_75t_R)
  20.58  487.62 ^ _08580_/Y (OAI21x1_ASAP7_75t_R)
  19.66  507.28 v _08581_/Y (NAND2x1_ASAP7_75t_R)
  84.48  591.76 v _08585_/Y (OR3x4_ASAP7_75t_R)
  29.06  620.82 ^ _08606_/Y (NAND2x2_ASAP7_75t_R)
  43.53  664.35 ^ rebuffer1225/Y (BUFx6f_ASAP7_75t_R)
  30.82  695.17 ^ rebuffer1226/Y (BUFx6f_ASAP7_75t_R)
  11.52  706.69 v _08608_/Y (AOI21x1_ASAP7_75t_R)
  52.66  759.35 v _08609_/Y (AO21x2_ASAP7_75t_R)
  35.25  794.60 v _08631_/Y (AO21x1_ASAP7_75t_R)
  28.31  822.91 v _08632_/Y (AND2x2_ASAP7_75t_R)
   0.00  822.91 v _10600_/D (DFFLQNx2_ASAP7_75t_R)
         822.91   data arrival time

  10.00   10.00   clock clk' (fall edge)
   0.00   10.00   clock network delay (ideal)
   0.00   10.00   clock reconvergence pessimism
          10.00 v _10600_/CLK (DFFLQNx2_ASAP7_75t_R)
 -17.06   -7.06   library setup time
          -7.06   data required time
---------------------------------------------------------
          -7.06   data required time
        -822.91   data arrival time
---------------------------------------------------------
        -829.98   slack (VIOLATED)


Startpoint: _10775_ (falling edge-triggered flip-flop clocked by clk')
Endpoint: _10725_ (falling edge-triggered flip-flop clocked by clk')
Path Group: clk
Path Type: max

  Delay    Time   Description
---------------------------------------------------------
   0.00    0.00   clock clk' (fall edge)
   0.00    0.00   clock network delay (ideal)
   0.00    0.00 v _10775_/CLK (DFFLQNx3_ASAP7_75t_R)
 151.64  151.64 v _10775_/QN (DFFLQNx3_ASAP7_75t_R)
  70.15  221.79 ^ _05526_/Y (NOR2x2_ASAP7_75t_R)
  48.05  269.85 v _05529_/Y (NAND2x2_ASAP7_75t_R)
  61.79  331.64 ^ _05888_/Y (OAI22x1_ASAP7_75t_R)
  33.46  365.09 v _05889_/Y (NOR2x2_ASAP7_75t_R)
  26.60  391.69 ^ _05890_/Y (NAND2x1_ASAP7_75t_R)
  18.80  410.50 v _05901_/Y (NOR2x1_ASAP7_75t_R)
  28.35  438.85 ^ _05902_/Y (NAND2x1_ASAP7_75t_R)
  20.22  459.07 v _05937_/Y (NOR2x2_ASAP7_75t_R)
  42.43  501.50 ^ _05938_/Y (AOI21x1_ASAP7_75t_R)
  40.60  542.10 v _06018_/Y (OAI21x1_ASAP7_75t_R)
  31.28  573.38 ^ _06019_/Y (NAND2x2_ASAP7_75t_R)
  41.44  614.82 ^ rebuffer399/Y (BUFx3_ASAP7_75t_R)
  64.84  679.66 ^ _09704_/Y (AND3x4_ASAP7_75t_R)
  21.67  701.33 v _09707_/Y (NOR2x1_ASAP7_75t_R)
  33.59  734.92 v _09708_/Y (AO21x1_ASAP7_75t_R)
  30.33  765.26 v _09712_/Y (AO21x1_ASAP7_75t_R)
  45.47  810.72 v _09714_/Y (AO221x1_ASAP7_75t_R)
  16.66  827.38 ^ _09715_/Y (NAND2x1_ASAP7_75t_R)
   0.00  827.38 ^ _10725_/D (DFFLQNx2_ASAP7_75t_R)
         827.38   data arrival time

  10.00   10.00   clock clk' (fall edge)
   0.00   10.00   clock network delay (ideal)
   0.00   10.00   clock reconvergence pessimism
          10.00 v _10725_/CLK (DFFLQNx2_ASAP7_75t_R)
  -5.00    5.00   library setup time
           5.00   data required time
---------------------------------------------------------
           5.00   data required time
        -827.38   data arrival time
---------------------------------------------------------
        -822.38   slack (VIOLATED)


Startpoint: _10775_ (falling edge-triggered flip-flop clocked by clk')
Endpoint: _10745_ (falling edge-triggered flip-flop clocked by clk')
Path Group: clk
Path Type: max

  Delay    Time   Description
---------------------------------------------------------
   0.00    0.00   clock clk' (fall edge)
   0.00    0.00   clock network delay (ideal)
   0.00    0.00 v _10775_/CLK (DFFLQNx3_ASAP7_75t_R)
 151.64  151.64 v _10775_/QN (DFFLQNx3_ASAP7_75t_R)
  70.60  222.24 ^ _05584_/Y (NAND2x2_ASAP7_75t_R)
  36.77  259.01 v _05618_/Y (INVx4_ASAP7_75t_R)
  38.62  297.63 ^ _05621_/Y (NAND2x2_ASAP7_75t_R)
  38.19  335.82 ^ rebuffer1058/Y (BUFx3_ASAP7_75t_R)
  19.75  355.57 v _05622_/Y (NOR2x2_ASAP7_75t_R)
  26.02  381.59 ^ _06631_/Y (NAND2x1_ASAP7_75t_R)
  25.59  407.18 v _06632_/Y (AOI21x1_ASAP7_75t_R)
  45.72  452.90 v _06633_/Y (AND2x6_ASAP7_75t_R)
  31.25  484.15 v rebuffer1307/Y (BUFx4f_ASAP7_75t_R)
  28.37  512.52 v rebuffer1308/Y (BUFx2_ASAP7_75t_R)
  39.93  552.45 v _06639_/Y (AO21x1_ASAP7_75t_R)
  18.63  571.08 ^ _07097_/Y (INVx1_ASAP7_75t_R)
  20.28  591.36 v _10549_/CON (HAxp5_ASAP7_75t_R)
  17.49  608.85 ^ _10549_/SN (HAxp5_ASAP7_75t_R)
  36.39  645.24 ^ _06642_/Y (OA21x2_ASAP7_75t_R)
  15.56  660.79 v _06643_/Y (OAI21x1_ASAP7_75t_R)
  21.76  682.55 ^ _06644_/Y (INVx2_ASAP7_75t_R)
  65.52  748.08 ^ _10477_/SN (FAx1_ASAP7_75t_R)
  30.51  778.58 v _09939_/Y (AOI21x1_ASAP7_75t_R)
  16.81  795.40 ^ _09940_/Y (OAI21x1_ASAP7_75t_R)
  14.69  810.08 v _09941_/Y (AOI21x1_ASAP7_75t_R)
   0.00  810.08 v _10745_/D (DFFLQNx2_ASAP7_75t_R)
         810.08   data arrival time

  10.00   10.00   clock clk' (fall edge)
   0.00   10.00   clock network delay (ideal)
   0.00   10.00   clock reconvergence pessimism
          10.00 v _10745_/CLK (DFFLQNx2_ASAP7_75t_R)
 -18.67   -8.67   library setup time
          -8.67   data required time
---------------------------------------------------------
          -8.67   data required time
        -810.08   data arrival time
---------------------------------------------------------
        -818.75   slack (VIOLATED)


Startpoint: _10779_ (falling edge-triggered flip-flop clocked by clk')
Endpoint: _10681_ (falling edge-triggered flip-flop clocked by clk')
Path Group: clk
Path Type: max

  Delay    Time   Description
---------------------------------------------------------
   0.00    0.00   clock clk' (fall edge)
   0.00    0.00   clock network delay (ideal)
   0.00    0.00 v _10779_/CLK (DFFLQNx3_ASAP7_75t_R)
 125.83  125.83 v _10779_/QN (DFFLQNx3_ASAP7_75t_R)
  55.42  181.25 v rebuffer383/Y (BUFx2_ASAP7_75t_R)
  37.60  218.85 ^ _05712_/Y (NOR2x2_ASAP7_75t_R)
  40.99  259.84 v _05759_/Y (NAND2x2_ASAP7_75t_R)
  46.59  306.43 ^ _05872_/Y (OAI22x1_ASAP7_75t_R)
  39.88  346.31 v _05874_/Y (NOR2x2_ASAP7_75t_R)
  45.95  392.25 v _08572_/Y (AND3x4_ASAP7_75t_R)
  22.76  415.02 v _08573_/Y (AND4x1_ASAP7_75t_R)
  52.03  467.05 v _08574_/Y (OA211x2_ASAP7_75t_R)
  20.58  487.62 ^ _08580_/Y (OAI21x1_ASAP7_75t_R)
  19.66  507.28 v _08581_/Y (NAND2x1_ASAP7_75t_R)
  84.48  591.76 v _08585_/Y (OR3x4_ASAP7_75t_R)
  33.33  625.09 v rebuffer1370/Y (BUFx6f_ASAP7_75t_R)
  23.60  648.70 v rebuffer1342/Y (BUFx6f_ASAP7_75t_R)
  24.26  672.96 v rebuffer1338/Y (BUFx6f_ASAP7_75t_R)
  24.60  697.56 v rebuffer1336/Y (BUFx12f_ASAP7_75t_R)
  21.83  719.39 ^ clone1162/Y (NAND2x2_ASAP7_75t_R)
  29.09  748.47 ^ _09418_/Y (AO21x1_ASAP7_75t_R)
  31.13  779.60 ^ _09422_/Y (OA21x2_ASAP7_75t_R)
  14.97  794.58 v _09423_/Y (OAI21x1_ASAP7_75t_R)
  21.35  815.93 ^ _09426_/Y (AOI22x1_ASAP7_75t_R)
   0.00  815.93 ^ _10681_/D (DFFLQNx2_ASAP7_75t_R)
         815.93   data arrival time

  10.00   10.00   clock clk' (fall edge)
   0.00   10.00   clock network delay (ideal)
   0.00   10.00   clock reconvergence pessimism
          10.00 v _10681_/CLK (DFFLQNx2_ASAP7_75t_R)
  -8.90    1.10   library setup time
           1.10   data required time
---------------------------------------------------------
           1.10   data required time
        -815.93   data arrival time
---------------------------------------------------------
        -814.83   slack (VIOLATED)


Startpoint: _10779_ (falling edge-triggered flip-flop clocked by clk')
Endpoint: _10594_ (falling edge-triggered flip-flop clocked by clk')
Path Group: clk
Path Type: max

  Delay    Time   Description
---------------------------------------------------------
   0.00    0.00   clock clk' (fall edge)
   0.00    0.00   clock network delay (ideal)
   0.00    0.00 v _10779_/CLK (DFFLQNx3_ASAP7_75t_R)
 125.83  125.83 v _10779_/QN (DFFLQNx3_ASAP7_75t_R)
  55.42  181.25 v rebuffer383/Y (BUFx2_ASAP7_75t_R)
  37.60  218.85 ^ _05712_/Y (NOR2x2_ASAP7_75t_R)
  40.99  259.84 v _05759_/Y (NAND2x2_ASAP7_75t_R)
  46.59  306.43 ^ _05872_/Y (OAI22x1_ASAP7_75t_R)
  39.88  346.31 v _05874_/Y (NOR2x2_ASAP7_75t_R)
  45.95  392.25 v _08572_/Y (AND3x4_ASAP7_75t_R)
  22.76  415.02 v _08573_/Y (AND4x1_ASAP7_75t_R)
  52.03  467.05 v _08574_/Y (OA211x2_ASAP7_75t_R)
  20.58  487.62 ^ _08580_/Y (OAI21x1_ASAP7_75t_R)
  19.66  507.28 v _08581_/Y (NAND2x1_ASAP7_75t_R)
  84.48  591.76 v _08585_/Y (OR3x4_ASAP7_75t_R)
  29.06  620.82 ^ _08606_/Y (NAND2x2_ASAP7_75t_R)
  43.53  664.35 ^ rebuffer1225/Y (BUFx6f_ASAP7_75t_R)
  30.82  695.17 ^ rebuffer1226/Y (BUFx6f_ASAP7_75t_R)
  11.52  706.69 v _08608_/Y (AOI21x1_ASAP7_75t_R)
  52.66  759.35 v _08609_/Y (AO21x2_ASAP7_75t_R)
  46.62  805.96 v _08611_/Y (AO221x1_ASAP7_75t_R)
   0.00  805.96 v _10594_/D (DFFLQNx2_ASAP7_75t_R)
         805.96   data arrival time

  10.00   10.00   clock clk' (fall edge)
   0.00   10.00   clock network delay (ideal)
   0.00   10.00   clock reconvergence pessimism
          10.00 v _10594_/CLK (DFFLQNx2_ASAP7_75t_R)
 -18.18   -8.18   library setup time
          -8.18   data required time
---------------------------------------------------------
          -8.18   data required time
        -805.96   data arrival time
---------------------------------------------------------
        -814.14   slack (VIOLATED)


Startpoint: _10779_ (falling edge-triggered flip-flop clocked by clk')
Endpoint: _10744_ (falling edge-triggered flip-flop clocked by clk')
Path Group: clk
Path Type: max

  Delay    Time   Description
---------------------------------------------------------
   0.00    0.00   clock clk' (fall edge)
   0.00    0.00   clock network delay (ideal)
   0.00    0.00 v _10779_/CLK (DFFLQNx3_ASAP7_75t_R)
 125.83  125.83 v _10779_/QN (DFFLQNx3_ASAP7_75t_R)
  55.42  181.25 v rebuffer383/Y (BUFx2_ASAP7_75t_R)
  37.60  218.85 ^ _05712_/Y (NOR2x2_ASAP7_75t_R)
  40.99  259.84 v _05759_/Y (NAND2x2_ASAP7_75t_R)
  46.59  306.43 ^ _05872_/Y (OAI22x1_ASAP7_75t_R)
  39.88  346.31 v _05874_/Y (NOR2x2_ASAP7_75t_R)
  45.95  392.25 v _08572_/Y (AND3x4_ASAP7_75t_R)
  22.76  415.02 v _08573_/Y (AND4x1_ASAP7_75t_R)
  52.03  467.05 v _08574_/Y (OA211x2_ASAP7_75t_R)
  20.58  487.62 ^ _08580_/Y (OAI21x1_ASAP7_75t_R)
  19.66  507.28 v _08581_/Y (NAND2x1_ASAP7_75t_R)
  84.48  591.76 v _08585_/Y (OR3x4_ASAP7_75t_R)
  33.33  625.09 v rebuffer1370/Y (BUFx6f_ASAP7_75t_R)
  23.60  648.70 v rebuffer1342/Y (BUFx6f_ASAP7_75t_R)
  24.26  672.96 v rebuffer1338/Y (BUFx6f_ASAP7_75t_R)
  24.60  697.56 v rebuffer1336/Y (BUFx12f_ASAP7_75t_R)
  21.83  719.39 ^ clone1162/Y (NAND2x2_ASAP7_75t_R)
  31.25  750.63 ^ rebuffer1339/Y (BUFx6f_ASAP7_75t_R)
  30.57  781.20 ^ _09928_/Y (AO21x1_ASAP7_75t_R)
  17.92  799.12 v _09929_/Y (OAI21x1_ASAP7_75t_R)
  17.75  816.87 ^ _09931_/Y (AOI21x1_ASAP7_75t_R)
   0.00  816.87 ^ _10744_/D (DFFLQNx2_ASAP7_75t_R)
         816.87   data arrival time

  10.00   10.00   clock clk' (fall edge)
   0.00   10.00   clock network delay (ideal)
   0.00   10.00   clock reconvergence pessimism
          10.00 v _10744_/CLK (DFFLQNx2_ASAP7_75t_R)
  -5.50    4.50   library setup time
           4.50   data required time
---------------------------------------------------------
           4.50   data required time
        -816.87   data arrival time
---------------------------------------------------------
        -812.37   slack (VIOLATED)


Startpoint: _10775_ (falling edge-triggered flip-flop clocked by clk')
Endpoint: _10758_ (falling edge-triggered flip-flop clocked by clk')
Path Group: clk
Path Type: max

  Delay    Time   Description
---------------------------------------------------------
   0.00    0.00   clock clk' (fall edge)
   0.00    0.00   clock network delay (ideal)
   0.00    0.00 v _10775_/CLK (DFFLQNx3_ASAP7_75t_R)
 151.64  151.64 v _10775_/QN (DFFLQNx3_ASAP7_75t_R)
  36.95  188.59 ^ _05514_/Y (INVx8_ASAP7_75t_R)
  40.84  229.43 v _05515_/Y (NOR2x2_ASAP7_75t_R)
  41.31  270.75 v rebuffer388/Y (BUFx6f_ASAP7_75t_R)
  32.80  303.54 v rebuffer389/Y (BUFx2_ASAP7_75t_R)
  34.36  337.91 ^ clone378/Y (NAND2x2_ASAP7_75t_R)
  28.73  366.63 v _05730_/Y (NOR2x2_ASAP7_75t_R)
  40.75  407.39 v rebuffer1068/Y (BUFx2_ASAP7_75t_R)
  17.67  425.06 ^ _07127_/Y (INVx2_ASAP7_75t_R)
  35.56  460.62 ^ _10074_/Y (AND3x1_ASAP7_75t_R)
  11.37  471.99 v _10075_/Y (INVx1_ASAP7_75t_R)
  69.00  540.99 v _10076_/Y (OR5x1_ASAP7_75t_R)
  69.13  610.12 v _10084_/Y (OR4x2_ASAP7_75t_R)
  29.68  639.80 ^ _10085_/Y (NOR2x2_ASAP7_75t_R)
  39.08  678.89 ^ rebuffer1216/Y (BUFx2_ASAP7_75t_R)
  26.93  705.82 ^ _10088_/Y (OR3x1_ASAP7_75t_R)
  14.38  720.21 v _10092_/Y (AOI22x1_ASAP7_75t_R)
  37.30  757.50 v _10093_/Y (AO21x1_ASAP7_75t_R)
  42.56  800.06 v _10096_/Y (AO32x1_ASAP7_75t_R)
   0.00  800.06 v _10758_/D (DFFLQNx2_ASAP7_75t_R)
         800.06   data arrival time

  10.00   10.00   clock clk' (fall edge)
   0.00   10.00   clock network delay (ideal)
   0.00   10.00   clock reconvergence pessimism
          10.00 v _10758_/CLK (DFFLQNx2_ASAP7_75t_R)
 -18.84   -8.84   library setup time
          -8.84   data required time
---------------------------------------------------------
          -8.84   data required time
        -800.06   data arrival time
---------------------------------------------------------
        -808.90   slack (VIOLATED)


Startpoint: _10775_ (falling edge-triggered flip-flop clocked by clk')
Endpoint: _10850_ (falling edge-triggered flip-flop clocked by clk')
Path Group: clk
Path Type: max

  Delay    Time   Description
---------------------------------------------------------
   0.00    0.00   clock clk' (fall edge)
   0.00    0.00   clock network delay (ideal)
   0.00    0.00 v _10775_/CLK (DFFLQNx3_ASAP7_75t_R)
 151.64  151.64 v _10775_/QN (DFFLQNx3_ASAP7_75t_R)
  36.95  188.59 ^ _05514_/Y (INVx8_ASAP7_75t_R)
  40.84  229.43 v _05515_/Y (NOR2x2_ASAP7_75t_R)
  41.31  270.75 v rebuffer388/Y (BUFx6f_ASAP7_75t_R)
  32.80  303.54 v rebuffer389/Y (BUFx2_ASAP7_75t_R)
  34.36  337.91 ^ clone378/Y (NAND2x2_ASAP7_75t_R)
  28.73  366.63 v _05730_/Y (NOR2x2_ASAP7_75t_R)
  40.75  407.39 v rebuffer1068/Y (BUFx2_ASAP7_75t_R)
  32.70  440.08 v rebuffer1069/Y (BUFx2_ASAP7_75t_R)
  22.11  462.19 v _07150_/Y (AND3x1_ASAP7_75t_R)
  42.37  504.56 v _07151_/Y (OR3x1_ASAP7_75t_R)
  74.23  578.79 v _07160_/Y (OR5x1_ASAP7_75t_R)
  24.68  603.48 ^ _07164_/Y (NAND3x1_ASAP7_75t_R)
  39.73  643.20 v _07173_/Y (AOI21x1_ASAP7_75t_R)
  32.72  675.92 ^ _07174_/Y (NOR2x2_ASAP7_75t_R)
  27.14  703.06 v _07261_/Y (INVx1_ASAP7_75t_R)
  25.77  728.83 ^ _07643_/Y (NAND2x1_ASAP7_75t_R)
  25.01  753.84 v _08311_/Y (NOR2x1_ASAP7_75t_R)
  37.60  791.45 v _08312_/Y (AO21x1_ASAP7_75t_R)
  17.48  808.93 ^ _08314_/Y (OAI22x1_ASAP7_75t_R)
   0.00  808.93 ^ _10850_/D (DFFLQNx2_ASAP7_75t_R)
         808.93   data arrival time

  10.00   10.00   clock clk' (fall edge)
   0.00   10.00   clock network delay (ideal)
   0.00   10.00   clock reconvergence pessimism
          10.00 v _10850_/CLK (DFFLQNx2_ASAP7_75t_R)
  -9.80    0.20   library setup time
           0.20   data required time
---------------------------------------------------------
           0.20   data required time
        -808.93   data arrival time
---------------------------------------------------------
        -808.73   slack (VIOLATED)


Startpoint: _10775_ (falling edge-triggered flip-flop clocked by clk')
Endpoint: _10759_ (falling edge-triggered flip-flop clocked by clk')
Path Group: clk
Path Type: max

  Delay    Time   Description
---------------------------------------------------------
   0.00    0.00   clock clk' (fall edge)
   0.00    0.00   clock network delay (ideal)
   0.00    0.00 v _10775_/CLK (DFFLQNx3_ASAP7_75t_R)
 151.64  151.64 v _10775_/QN (DFFLQNx3_ASAP7_75t_R)
  36.95  188.59 ^ _05514_/Y (INVx8_ASAP7_75t_R)
  40.84  229.43 v _05515_/Y (NOR2x2_ASAP7_75t_R)
  41.31  270.75 v rebuffer388/Y (BUFx6f_ASAP7_75t_R)
  32.80  303.54 v rebuffer389/Y (BUFx2_ASAP7_75t_R)
  34.36  337.91 ^ clone378/Y (NAND2x2_ASAP7_75t_R)
  28.73  366.63 v _05730_/Y (NOR2x2_ASAP7_75t_R)
  40.75  407.39 v rebuffer1068/Y (BUFx2_ASAP7_75t_R)
  17.67  425.06 ^ _07127_/Y (INVx2_ASAP7_75t_R)
  35.56  460.62 ^ _10074_/Y (AND3x1_ASAP7_75t_R)
  11.37  471.99 v _10075_/Y (INVx1_ASAP7_75t_R)
  69.00  540.99 v _10076_/Y (OR5x1_ASAP7_75t_R)
  69.13  610.12 v _10084_/Y (OR4x2_ASAP7_75t_R)
  29.68  639.80 ^ _10085_/Y (NOR2x2_ASAP7_75t_R)
  22.95  662.75 v _10098_/Y (INVx4_ASAP7_75t_R)
  25.29  688.04 v _10100_/Y (AND3x1_ASAP7_75t_R)
  37.49  725.53 v _10102_/Y (OA22x2_ASAP7_75t_R)
  31.37  756.91 v _10103_/Y (AO21x1_ASAP7_75t_R)
  42.56  799.47 v _10105_/Y (AO32x1_ASAP7_75t_R)
   0.00  799.47 v _10759_/D (DFFLQNx2_ASAP7_75t_R)
         799.47   data arrival time

  10.00   10.00   clock clk' (fall edge)
   0.00   10.00   clock network delay (ideal)
   0.00   10.00   clock reconvergence pessimism
          10.00 v _10759_/CLK (DFFLQNx2_ASAP7_75t_R)
 -18.84   -8.84   library setup time
          -8.84   data required time
---------------------------------------------------------
          -8.84   data required time
        -799.47   data arrival time
---------------------------------------------------------
        -808.31   slack (VIOLATED)


Startpoint: _10779_ (falling edge-triggered flip-flop clocked by clk')
Endpoint: _10785_ (falling edge-triggered flip-flop clocked by clk')
Path Group: clk
Path Type: max

  Delay    Time   Description
---------------------------------------------------------
   0.00    0.00   clock clk' (fall edge)
   0.00    0.00   clock network delay (ideal)
   0.00    0.00 v _10779_/CLK (DFFLQNx3_ASAP7_75t_R)
 125.83  125.83 v _10779_/QN (DFFLQNx3_ASAP7_75t_R)
  55.42  181.25 v rebuffer383/Y (BUFx2_ASAP7_75t_R)
  37.60  218.85 ^ _05712_/Y (NOR2x2_ASAP7_75t_R)
  40.99  259.84 v _05759_/Y (NAND2x2_ASAP7_75t_R)
  46.59  306.43 ^ _05872_/Y (OAI22x1_ASAP7_75t_R)
  39.88  346.31 v _05874_/Y (NOR2x2_ASAP7_75t_R)
  45.95  392.25 v _08572_/Y (AND3x4_ASAP7_75t_R)
  22.76  415.02 v _08573_/Y (AND4x1_ASAP7_75t_R)
  52.03  467.05 v _08574_/Y (OA211x2_ASAP7_75t_R)
  20.58  487.62 ^ _08580_/Y (OAI21x1_ASAP7_75t_R)
  19.66  507.28 v _08581_/Y (NAND2x1_ASAP7_75t_R)
  84.48  591.76 v _08585_/Y (OR3x4_ASAP7_75t_R)
  29.06  620.82 ^ _08606_/Y (NAND2x2_ASAP7_75t_R)
  43.53  664.35 ^ rebuffer1225/Y (BUFx6f_ASAP7_75t_R)
  15.62  679.97 v _08614_/Y (CKINVDCx14_ASAP7_75t_R)
  26.25  706.22 ^ _08786_/Y (NOR2x2_ASAP7_75t_R)
  41.34  747.56 ^ rebuffer1171/Y (BUFx12f_ASAP7_75t_R)
  16.52  764.08 v clone1229/Y (INVx11_ASAP7_75t_R)
  35.80  799.88 v _10241_/Y (OA21x2_ASAP7_75t_R)
   0.00  799.88 v _10785_/D (DFFLQNx2_ASAP7_75t_R)
         799.88   data arrival time

  10.00   10.00   clock clk' (fall edge)
   0.00   10.00   clock network delay (ideal)
   0.00   10.00   clock reconvergence pessimism
          10.00 v _10785_/CLK (DFFLQNx2_ASAP7_75t_R)
 -17.28   -7.28   library setup time
          -7.28   data required time
---------------------------------------------------------
          -7.28   data required time
        -799.88   data arrival time
---------------------------------------------------------
        -807.15   slack (VIOLATED)


Startpoint: _10775_ (falling edge-triggered flip-flop clocked by clk')
Endpoint: _10680_ (falling edge-triggered flip-flop clocked by clk')
Path Group: clk
Path Type: max

  Delay    Time   Description
---------------------------------------------------------
   0.00    0.00   clock clk' (fall edge)
   0.00    0.00   clock network delay (ideal)
   0.00    0.00 v _10775_/CLK (DFFLQNx3_ASAP7_75t_R)
 151.64  151.64 v _10775_/QN (DFFLQNx3_ASAP7_75t_R)
  70.60  222.24 ^ _05584_/Y (NAND2x2_ASAP7_75t_R)
  36.77  259.01 v _05618_/Y (INVx4_ASAP7_75t_R)
  38.62  297.63 ^ _05621_/Y (NAND2x2_ASAP7_75t_R)
  38.19  335.82 ^ rebuffer1058/Y (BUFx3_ASAP7_75t_R)
  19.75  355.57 v _05622_/Y (NOR2x2_ASAP7_75t_R)
  20.88  376.45 ^ _05745_/Y (INVx3_ASAP7_75t_R)
  41.62  418.07 ^ _08572_/Y (AND3x4_ASAP7_75t_R)
  39.17  457.24 ^ _08573_/Y (AND4x1_ASAP7_75t_R)
  39.98  497.22 ^ _08574_/Y (OA211x2_ASAP7_75t_R)
  15.74  512.97 v _08580_/Y (OAI21x1_ASAP7_75t_R)
  24.53  537.50 ^ _08581_/Y (NAND2x1_ASAP7_75t_R)
  46.46  583.95 ^ _08585_/Y (OR3x4_ASAP7_75t_R)
  17.35  601.30 v _08606_/Y (NAND2x2_ASAP7_75t_R)
  43.14  644.44 v rebuffer1225/Y (BUFx6f_ASAP7_75t_R)
  34.60  679.04 v rebuffer1227/Y (BUFx12f_ASAP7_75t_R)
  11.26  690.29 ^ clone1224/Y (INVx8_ASAP7_75t_R)
  11.43  701.72 v _09384_/Y (NAND2x1_ASAP7_75t_R)
  32.26  733.99 v _09393_/Y (AO21x1_ASAP7_75t_R)
  30.62  764.61 v _09402_/Y (AO21x1_ASAP7_75t_R)
  30.70  795.31 v _09406_/Y (AO21x1_ASAP7_75t_R)
   0.00  795.31 v _10680_/D (DFFLQNx2_ASAP7_75t_R)
         795.31   data arrival time

  10.00   10.00   clock clk' (fall edge)
   0.00   10.00   clock network delay (ideal)
   0.00   10.00   clock reconvergence pessimism
          10.00 v _10680_/CLK (DFFLQNx2_ASAP7_75t_R)
 -17.30   -7.30   library setup time
          -7.30   data required time
---------------------------------------------------------
          -7.30   data required time
        -795.31   data arrival time
---------------------------------------------------------
        -802.60   slack (VIOLATED)


Startpoint: _10779_ (falling edge-triggered flip-flop clocked by clk')
Endpoint: _10616_ (falling edge-triggered flip-flop clocked by clk')
Path Group: clk
Path Type: max

  Delay    Time   Description
---------------------------------------------------------
   0.00    0.00   clock clk' (fall edge)
   0.00    0.00   clock network delay (ideal)
   0.00    0.00 v _10779_/CLK (DFFLQNx3_ASAP7_75t_R)
 125.83  125.83 v _10779_/QN (DFFLQNx3_ASAP7_75t_R)
  55.42  181.25 v rebuffer383/Y (BUFx2_ASAP7_75t_R)
  37.60  218.85 ^ _05712_/Y (NOR2x2_ASAP7_75t_R)
  40.99  259.84 v _05759_/Y (NAND2x2_ASAP7_75t_R)
  46.59  306.43 ^ _05872_/Y (OAI22x1_ASAP7_75t_R)
  39.88  346.31 v _05874_/Y (NOR2x2_ASAP7_75t_R)
  45.95  392.25 v _08572_/Y (AND3x4_ASAP7_75t_R)
  22.76  415.02 v _08573_/Y (AND4x1_ASAP7_75t_R)
  52.03  467.05 v _08574_/Y (OA211x2_ASAP7_75t_R)
  20.58  487.62 ^ _08580_/Y (OAI21x1_ASAP7_75t_R)
  19.66  507.28 v _08581_/Y (NAND2x1_ASAP7_75t_R)
  84.48  591.76 v _08585_/Y (OR3x4_ASAP7_75t_R)
  29.06  620.82 ^ _08606_/Y (NAND2x2_ASAP7_75t_R)
  43.53  664.35 ^ rebuffer1225/Y (BUFx6f_ASAP7_75t_R)
  15.62  679.97 v _08614_/Y (CKINVDCx14_ASAP7_75t_R)
  51.78  731.75 v _08764_/Y (OA211x2_ASAP7_75t_R)
  33.04  764.79 v _08765_/Y (AO21x1_ASAP7_75t_R)
  29.31  794.10 v _08766_/Y (AND2x2_ASAP7_75t_R)
   0.00  794.10 v _10616_/D (DFFLQNx2_ASAP7_75t_R)
         794.10   data arrival time

  10.00   10.00   clock clk' (fall edge)
   0.00   10.00   clock network delay (ideal)
   0.00   10.00   clock reconvergence pessimism
          10.00 v _10616_/CLK (DFFLQNx2_ASAP7_75t_R)
 -17.03   -7.03   library setup time
          -7.03   data required time
---------------------------------------------------------
          -7.03   data required time
        -794.10   data arrival time
---------------------------------------------------------
        -801.14   slack (VIOLATED)


Startpoint: _10779_ (falling edge-triggered flip-flop clocked by clk')
Endpoint: _10707_ (falling edge-triggered flip-flop clocked by clk')
Path Group: clk
Path Type: max

  Delay    Time   Description
---------------------------------------------------------
   0.00    0.00   clock clk' (fall edge)
   0.00    0.00   clock network delay (ideal)
   0.00    0.00 v _10779_/CLK (DFFLQNx3_ASAP7_75t_R)
 125.83  125.83 v _10779_/QN (DFFLQNx3_ASAP7_75t_R)
  55.42  181.25 v rebuffer383/Y (BUFx2_ASAP7_75t_R)
  37.60  218.85 ^ _05712_/Y (NOR2x2_ASAP7_75t_R)
  40.99  259.84 v _05759_/Y (NAND2x2_ASAP7_75t_R)
  46.59  306.43 ^ _05872_/Y (OAI22x1_ASAP7_75t_R)
  39.88  346.31 v _05874_/Y (NOR2x2_ASAP7_75t_R)
  45.95  392.25 v _08572_/Y (AND3x4_ASAP7_75t_R)
  22.76  415.02 v _08573_/Y (AND4x1_ASAP7_75t_R)
  52.03  467.05 v _08574_/Y (OA211x2_ASAP7_75t_R)
  20.58  487.62 ^ _08580_/Y (OAI21x1_ASAP7_75t_R)
  19.66  507.28 v _08581_/Y (NAND2x1_ASAP7_75t_R)
  84.48  591.76 v _08585_/Y (OR3x4_ASAP7_75t_R)
  33.33  625.09 v rebuffer1370/Y (BUFx6f_ASAP7_75t_R)
  50.94  676.03 v clone1369/Y (AO21x2_ASAP7_75t_R)
  41.47  717.50 v _09641_/Y (XOR2x1_ASAP7_75t_R)
  38.65  756.15 v _09644_/Y (OA21x2_ASAP7_75t_R)
  19.47  775.62 ^ _09646_/Y (OAI21x1_ASAP7_75t_R)
  14.86  790.48 v _09648_/Y (AOI21x1_ASAP7_75t_R)
   0.00  790.48 v _10707_/D (DFFLQNx2_ASAP7_75t_R)
         790.48   data arrival time

  10.00   10.00   clock clk' (fall edge)
   0.00   10.00   clock network delay (ideal)
   0.00   10.00   clock reconvergence pessimism
          10.00 v _10707_/CLK (DFFLQNx2_ASAP7_75t_R)
 -17.92   -7.92   library setup time
          -7.92   data required time
---------------------------------------------------------
          -7.92   data required time
        -790.48   data arrival time
---------------------------------------------------------
        -798.40   slack (VIOLATED)


Startpoint: _10779_ (falling edge-triggered flip-flop clocked by clk')
Endpoint: _10705_ (falling edge-triggered flip-flop clocked by clk')
Path Group: clk
Path Type: max

  Delay    Time   Description
---------------------------------------------------------
   0.00    0.00   clock clk' (fall edge)
   0.00    0.00   clock network delay (ideal)
   0.00    0.00 v _10779_/CLK (DFFLQNx3_ASAP7_75t_R)
 125.83  125.83 v _10779_/QN (DFFLQNx3_ASAP7_75t_R)
  55.42  181.25 v rebuffer383/Y (BUFx2_ASAP7_75t_R)
  37.60  218.85 ^ _05712_/Y (NOR2x2_ASAP7_75t_R)
  40.99  259.84 v _05759_/Y (NAND2x2_ASAP7_75t_R)
  46.59  306.43 ^ _05872_/Y (OAI22x1_ASAP7_75t_R)
  39.88  346.31 v _05874_/Y (NOR2x2_ASAP7_75t_R)
  45.95  392.25 v _08572_/Y (AND3x4_ASAP7_75t_R)
  22.76  415.02 v _08573_/Y (AND4x1_ASAP7_75t_R)
  52.03  467.05 v _08574_/Y (OA211x2_ASAP7_75t_R)
  20.58  487.62 ^ _08580_/Y (OAI21x1_ASAP7_75t_R)
  19.66  507.28 v _08581_/Y (NAND2x1_ASAP7_75t_R)
  84.48  591.76 v _08585_/Y (OR3x4_ASAP7_75t_R)
  33.33  625.09 v rebuffer1370/Y (BUFx6f_ASAP7_75t_R)
  50.94  676.03 v clone1369/Y (AO21x2_ASAP7_75t_R)
  41.47  717.50 v _09622_/Y (XOR2x1_ASAP7_75t_R)
  38.49  756.00 v _09626_/Y (OA21x2_ASAP7_75t_R)
  19.47  775.46 ^ _09628_/Y (OAI21x1_ASAP7_75t_R)
  14.86  790.33 v _09630_/Y (AOI21x1_ASAP7_75t_R)
   0.00  790.33 v _10705_/D (DFFLQNx2_ASAP7_75t_R)
         790.33   data arrival time

  10.00   10.00   clock clk' (fall edge)
   0.00   10.00   clock network delay (ideal)
   0.00   10.00   clock reconvergence pessimism
          10.00 v _10705_/CLK (DFFLQNx2_ASAP7_75t_R)
 -17.92   -7.92   library setup time
          -7.92   data required time
---------------------------------------------------------
          -7.92   data required time
        -790.33   data arrival time
---------------------------------------------------------
        -798.25   slack (VIOLATED)


Startpoint: _10779_ (falling edge-triggered flip-flop clocked by clk')
Endpoint: _10678_ (falling edge-triggered flip-flop clocked by clk')
Path Group: clk
Path Type: max

  Delay    Time   Description
---------------------------------------------------------
   0.00    0.00   clock clk' (fall edge)
   0.00    0.00   clock network delay (ideal)
   0.00    0.00 v _10779_/CLK (DFFLQNx3_ASAP7_75t_R)
 125.83  125.83 v _10779_/QN (DFFLQNx3_ASAP7_75t_R)
  55.42  181.25 v rebuffer383/Y (BUFx2_ASAP7_75t_R)
  37.60  218.85 ^ _05712_/Y (NOR2x2_ASAP7_75t_R)
  40.99  259.84 v _05759_/Y (NAND2x2_ASAP7_75t_R)
  46.59  306.43 ^ _05872_/Y (OAI22x1_ASAP7_75t_R)
  39.88  346.31 v _05874_/Y (NOR2x2_ASAP7_75t_R)
  45.95  392.25 v _08572_/Y (AND3x4_ASAP7_75t_R)
  22.76  415.02 v _08573_/Y (AND4x1_ASAP7_75t_R)
  52.03  467.05 v _08574_/Y (OA211x2_ASAP7_75t_R)
  20.58  487.62 ^ _08580_/Y (OAI21x1_ASAP7_75t_R)
  19.66  507.28 v _08581_/Y (NAND2x1_ASAP7_75t_R)
  84.48  591.76 v _08585_/Y (OR3x4_ASAP7_75t_R)
  29.06  620.82 ^ _08606_/Y (NAND2x2_ASAP7_75t_R)
  43.53  664.35 ^ rebuffer1225/Y (BUFx6f_ASAP7_75t_R)
  15.62  679.97 v _08614_/Y (CKINVDCx14_ASAP7_75t_R)
  35.13  715.10 v _09321_/Y (OA21x2_ASAP7_75t_R)
  35.13  750.23 v _09329_/Y (AO21x1_ASAP7_75t_R)
  20.45  770.68 ^ _09337_/Y (NAND3x1_ASAP7_75t_R)
  15.95  786.62 v _09339_/Y (AOI21x1_ASAP7_75t_R)
   0.00  786.62 v _10678_/D (DFFLQNx2_ASAP7_75t_R)
         786.62   data arrival time

  10.00   10.00   clock clk' (fall edge)
   0.00   10.00   clock network delay (ideal)
   0.00   10.00   clock reconvergence pessimism
          10.00 v _10678_/CLK (DFFLQNx2_ASAP7_75t_R)
 -18.03   -8.03   library setup time
          -8.03   data required time
---------------------------------------------------------
          -8.03   data required time
        -786.62   data arrival time
---------------------------------------------------------
        -794.66   slack (VIOLATED)


Startpoint: _10775_ (falling edge-triggered flip-flop clocked by clk')
Endpoint: _10634_ (falling edge-triggered flip-flop clocked by clk')
Path Group: clk
Path Type: max

  Delay    Time   Description
---------------------------------------------------------
   0.00    0.00   clock clk' (fall edge)
   0.00    0.00   clock network delay (ideal)
   0.00    0.00 v _10775_/CLK (DFFLQNx3_ASAP7_75t_R)
 151.64  151.64 v _10775_/QN (DFFLQNx3_ASAP7_75t_R)
  36.95  188.59 ^ _05514_/Y (INVx8_ASAP7_75t_R)
  40.84  229.43 v _05515_/Y (NOR2x2_ASAP7_75t_R)
  41.31  270.75 v rebuffer388/Y (BUFx6f_ASAP7_75t_R)
  32.80  303.54 v rebuffer389/Y (BUFx2_ASAP7_75t_R)
  34.36  337.91 ^ clone378/Y (NAND2x2_ASAP7_75t_R)
  28.73  366.63 v _05730_/Y (NOR2x2_ASAP7_75t_R)
  40.75  407.39 v rebuffer1068/Y (BUFx2_ASAP7_75t_R)
  32.70  440.08 v rebuffer1069/Y (BUFx2_ASAP7_75t_R)
  22.11  462.19 v _07150_/Y (AND3x1_ASAP7_75t_R)
  42.37  504.56 v _07151_/Y (OR3x1_ASAP7_75t_R)
  74.23  578.79 v _07160_/Y (OR5x1_ASAP7_75t_R)
  24.68  603.48 ^ _07164_/Y (NAND3x1_ASAP7_75t_R)
  39.73  643.20 v _07173_/Y (AOI21x1_ASAP7_75t_R)
  32.72  675.92 ^ _07174_/Y (NOR2x2_ASAP7_75t_R)
  27.14  703.06 v _07261_/Y (INVx1_ASAP7_75t_R)
  25.77  728.83 ^ _07643_/Y (NAND2x1_ASAP7_75t_R)
  35.22  764.05 ^ _07644_/Y (AO21x1_ASAP7_75t_R)
  16.38  780.42 v _07645_/Y (OAI21x1_ASAP7_75t_R)
   0.00  780.42 v _10634_/D (DFFLQNx2_ASAP7_75t_R)
         780.42   data arrival time

  10.00   10.00   clock clk' (fall edge)
   0.00   10.00   clock network delay (ideal)
   0.00   10.00   clock reconvergence pessimism
          10.00 v _10634_/CLK (DFFLQNx2_ASAP7_75t_R)
 -23.96  -13.96   library setup time
         -13.96   data required time
---------------------------------------------------------
         -13.96   data required time
        -780.42   data arrival time
---------------------------------------------------------
        -794.39   slack (VIOLATED)


Startpoint: _10779_ (falling edge-triggered flip-flop clocked by clk')
Endpoint: _10701_ (falling edge-triggered flip-flop clocked by clk')
Path Group: clk
Path Type: max

  Delay    Time   Description
---------------------------------------------------------
   0.00    0.00   clock clk' (fall edge)
   0.00    0.00   clock network delay (ideal)
   0.00    0.00 v _10779_/CLK (DFFLQNx3_ASAP7_75t_R)
 125.83  125.83 v _10779_/QN (DFFLQNx3_ASAP7_75t_R)
  55.42  181.25 v rebuffer383/Y (BUFx2_ASAP7_75t_R)
  37.60  218.85 ^ _05712_/Y (NOR2x2_ASAP7_75t_R)
  40.99  259.84 v _05759_/Y (NAND2x2_ASAP7_75t_R)
  46.59  306.43 ^ _05872_/Y (OAI22x1_ASAP7_75t_R)
  39.88  346.31 v _05874_/Y (NOR2x2_ASAP7_75t_R)
  45.95  392.25 v _08572_/Y (AND3x4_ASAP7_75t_R)
  22.76  415.02 v _08573_/Y (AND4x1_ASAP7_75t_R)
  52.03  467.05 v _08574_/Y (OA211x2_ASAP7_75t_R)
  20.58  487.62 ^ _08580_/Y (OAI21x1_ASAP7_75t_R)
  19.66  507.28 v _08581_/Y (NAND2x1_ASAP7_75t_R)
  84.48  591.76 v _08585_/Y (OR3x4_ASAP7_75t_R)
  33.33  625.09 v rebuffer1370/Y (BUFx6f_ASAP7_75t_R)
  50.94  676.03 v clone1369/Y (AO21x2_ASAP7_75t_R)
  40.30  716.33 v _09579_/Y (AO21x1_ASAP7_75t_R)
  17.45  733.78 ^ _09580_/Y (NOR2x1_ASAP7_75t_R)
  16.02  749.80 v _09584_/Y (OAI21x1_ASAP7_75t_R)
  19.25  769.05 ^ _09585_/Y (AOI21x1_ASAP7_75t_R)
  15.12  784.18 v _09588_/Y (OAI21x1_ASAP7_75t_R)
   0.00  784.18 v _10701_/D (DFFLQNx2_ASAP7_75t_R)
         784.18   data arrival time

  10.00   10.00   clock clk' (fall edge)
   0.00   10.00   clock network delay (ideal)
   0.00   10.00   clock reconvergence pessimism
          10.00 v _10701_/CLK (DFFLQNx2_ASAP7_75t_R)
 -17.84   -7.84   library setup time
          -7.84   data required time
---------------------------------------------------------
          -7.84   data required time
        -784.18   data arrival time
---------------------------------------------------------
        -792.01   slack (VIOLATED)


Startpoint: _10779_ (falling edge-triggered flip-flop clocked by clk')
Endpoint: _10703_ (falling edge-triggered flip-flop clocked by clk')
Path Group: clk
Path Type: max

  Delay    Time   Description
---------------------------------------------------------
   0.00    0.00   clock clk' (fall edge)
   0.00    0.00   clock network delay (ideal)
   0.00    0.00 v _10779_/CLK (DFFLQNx3_ASAP7_75t_R)
 125.83  125.83 v _10779_/QN (DFFLQNx3_ASAP7_75t_R)
  55.42  181.25 v rebuffer383/Y (BUFx2_ASAP7_75t_R)
  37.60  218.85 ^ _05712_/Y (NOR2x2_ASAP7_75t_R)
  40.99  259.84 v _05759_/Y (NAND2x2_ASAP7_75t_R)
  46.59  306.43 ^ _05872_/Y (OAI22x1_ASAP7_75t_R)
  39.88  346.31 v _05874_/Y (NOR2x2_ASAP7_75t_R)
  45.95  392.25 v _08572_/Y (AND3x4_ASAP7_75t_R)
  22.76  415.02 v _08573_/Y (AND4x1_ASAP7_75t_R)
  52.03  467.05 v _08574_/Y (OA211x2_ASAP7_75t_R)
  20.58  487.62 ^ _08580_/Y (OAI21x1_ASAP7_75t_R)
  19.66  507.28 v _08581_/Y (NAND2x1_ASAP7_75t_R)
  84.48  591.76 v _08585_/Y (OR3x4_ASAP7_75t_R)
  33.33  625.09 v rebuffer1370/Y (BUFx6f_ASAP7_75t_R)
  50.94  676.03 v clone1369/Y (AO21x2_ASAP7_75t_R)
  40.30  716.33 v _09604_/Y (AO21x1_ASAP7_75t_R)
  17.45  733.78 ^ _09605_/Y (NOR2x1_ASAP7_75t_R)
  16.02  749.80 v _09607_/Y (OAI21x1_ASAP7_75t_R)
  19.24  769.04 ^ _09608_/Y (AOI21x1_ASAP7_75t_R)
  15.12  784.17 v _09610_/Y (OAI21x1_ASAP7_75t_R)
   0.00  784.17 v _10703_/D (DFFLQNx2_ASAP7_75t_R)
         784.17   data arrival time

  10.00   10.00   clock clk' (fall edge)
   0.00   10.00   clock network delay (ideal)
   0.00   10.00   clock reconvergence pessimism
          10.00 v _10703_/CLK (DFFLQNx2_ASAP7_75t_R)
 -17.84   -7.84   library setup time
          -7.84   data required time
---------------------------------------------------------
          -7.84   data required time
        -784.17   data arrival time
---------------------------------------------------------
        -792.00   slack (VIOLATED)


Startpoint: _10779_ (falling edge-triggered flip-flop clocked by clk')
Endpoint: _10702_ (falling edge-triggered flip-flop clocked by clk')
Path Group: clk
Path Type: max

  Delay    Time   Description
---------------------------------------------------------
   0.00    0.00   clock clk' (fall edge)
   0.00    0.00   clock network delay (ideal)
   0.00    0.00 v _10779_/CLK (DFFLQNx3_ASAP7_75t_R)
 125.83  125.83 v _10779_/QN (DFFLQNx3_ASAP7_75t_R)
  55.42  181.25 v rebuffer383/Y (BUFx2_ASAP7_75t_R)
  37.60  218.85 ^ _05712_/Y (NOR2x2_ASAP7_75t_R)
  40.99  259.84 v _05759_/Y (NAND2x2_ASAP7_75t_R)
  46.59  306.43 ^ _05872_/Y (OAI22x1_ASAP7_75t_R)
  39.88  346.31 v _05874_/Y (NOR2x2_ASAP7_75t_R)
  45.95  392.25 v _08572_/Y (AND3x4_ASAP7_75t_R)
  22.76  415.02 v _08573_/Y (AND4x1_ASAP7_75t_R)
  52.03  467.05 v _08574_/Y (OA211x2_ASAP7_75t_R)
  20.58  487.62 ^ _08580_/Y (OAI21x1_ASAP7_75t_R)
  19.66  507.28 v _08581_/Y (NAND2x1_ASAP7_75t_R)
  84.48  591.76 v _08585_/Y (OR3x4_ASAP7_75t_R)
  33.33  625.09 v rebuffer1370/Y (BUFx6f_ASAP7_75t_R)
  50.94  676.03 v clone1369/Y (AO21x2_ASAP7_75t_R)
  40.30  716.33 v _09593_/Y (AO21x1_ASAP7_75t_R)
  17.45  733.78 ^ _09594_/Y (NOR2x1_ASAP7_75t_R)
  16.02  749.80 v _09596_/Y (OAI21x1_ASAP7_75t_R)
  19.23  769.04 ^ _09597_/Y (AOI21x1_ASAP7_75t_R)
  15.12  784.16 v _09599_/Y (OAI21x1_ASAP7_75t_R)
   0.00  784.16 v _10702_/D (DFFLQNx2_ASAP7_75t_R)
         784.16   data arrival time

  10.00   10.00   clock clk' (fall edge)
   0.00   10.00   clock network delay (ideal)
   0.00   10.00   clock reconvergence pessimism
          10.00 v _10702_/CLK (DFFLQNx2_ASAP7_75t_R)
 -17.84   -7.84   library setup time
          -7.84   data required time
---------------------------------------------------------
          -7.84   data required time
        -784.16   data arrival time
---------------------------------------------------------
        -792.00   slack (VIOLATED)


Startpoint: _10779_ (falling edge-triggered flip-flop clocked by clk')
Endpoint: _10743_ (falling edge-triggered flip-flop clocked by clk')
Path Group: clk
Path Type: max

  Delay    Time   Description
---------------------------------------------------------
   0.00    0.00   clock clk' (fall edge)
   0.00    0.00   clock network delay (ideal)
   0.00    0.00 v _10779_/CLK (DFFLQNx3_ASAP7_75t_R)
 125.83  125.83 v _10779_/QN (DFFLQNx3_ASAP7_75t_R)
  55.42  181.25 v rebuffer383/Y (BUFx2_ASAP7_75t_R)
  37.60  218.85 ^ _05712_/Y (NOR2x2_ASAP7_75t_R)
  40.99  259.84 v _05759_/Y (NAND2x2_ASAP7_75t_R)
  45.65  305.48 v _05760_/Y (AO21x1_ASAP7_75t_R)
  65.46  370.94 v _05763_/Y (OA211x2_ASAP7_75t_R)
  38.71  409.65 v _08788_/Y (AND2x2_ASAP7_75t_R)
  34.89  444.55 v _08789_/Y (OA21x2_ASAP7_75t_R)
  46.84  491.39 v _08791_/Y (OA211x2_ASAP7_75t_R)
  81.33  572.72 v _08793_/Y (OR3x4_ASAP7_75t_R)
  47.13  619.85 v _08871_/Y (AND2x6_ASAP7_75t_R)
  18.77  638.62 ^ _09858_/Y (NAND2x2_ASAP7_75t_R)
  40.33  678.95 ^ _09859_/Y (AND2x6_ASAP7_75t_R)
  15.03  693.98 v _09906_/Y (INVx3_ASAP7_75t_R)
  44.54  738.52 v _09907_/Y (OA21x2_ASAP7_75t_R)
  25.35  763.87 ^ _09911_/Y (OAI21x1_ASAP7_75t_R)
  19.69  783.56 v _09919_/Y (NOR2x1_ASAP7_75t_R)
   0.00  783.56 v _10743_/D (DFFLQNx2_ASAP7_75t_R)
         783.56   data arrival time

  10.00   10.00   clock clk' (fall edge)
   0.00   10.00   clock network delay (ideal)
   0.00   10.00   clock reconvergence pessimism
          10.00 v _10743_/CLK (DFFLQNx2_ASAP7_75t_R)
 -18.33   -8.33   library setup time
          -8.33   data required time
---------------------------------------------------------
          -8.33   data required time
        -783.56   data arrival time
---------------------------------------------------------
        -791.89   slack (VIOLATED)


Startpoint: _10779_ (falling edge-triggered flip-flop clocked by clk')
Endpoint: _10793_ (falling edge-triggered flip-flop clocked by clk')
Path Group: clk
Path Type: max

  Delay    Time   Description
---------------------------------------------------------
   0.00    0.00   clock clk' (fall edge)
   0.00    0.00   clock network delay (ideal)
   0.00    0.00 v _10779_/CLK (DFFLQNx3_ASAP7_75t_R)
 125.83  125.83 v _10779_/QN (DFFLQNx3_ASAP7_75t_R)
  55.42  181.25 v rebuffer383/Y (BUFx2_ASAP7_75t_R)
  37.60  218.85 ^ _05712_/Y (NOR2x2_ASAP7_75t_R)
  40.99  259.84 v _05759_/Y (NAND2x2_ASAP7_75t_R)
  46.59  306.43 ^ _05872_/Y (OAI22x1_ASAP7_75t_R)
  39.88  346.31 v _05874_/Y (NOR2x2_ASAP7_75t_R)
  45.95  392.25 v _08572_/Y (AND3x4_ASAP7_75t_R)
  22.76  415.02 v _08573_/Y (AND4x1_ASAP7_75t_R)
  52.03  467.05 v _08574_/Y (OA211x2_ASAP7_75t_R)
  20.58  487.62 ^ _08580_/Y (OAI21x1_ASAP7_75t_R)
  19.66  507.28 v _08581_/Y (NAND2x1_ASAP7_75t_R)
  84.48  591.76 v _08585_/Y (OR3x4_ASAP7_75t_R)
  29.06  620.82 ^ _08606_/Y (NAND2x2_ASAP7_75t_R)
  43.53  664.35 ^ rebuffer1225/Y (BUFx6f_ASAP7_75t_R)
  15.62  679.97 v _08614_/Y (CKINVDCx14_ASAP7_75t_R)
  26.25  706.22 ^ _08786_/Y (NOR2x2_ASAP7_75t_R)
  33.36  739.58 ^ rebuffer1163/Y (BUFx6f_ASAP7_75t_R)
  29.34  768.93 ^ _10407_/Y (OA21x2_ASAP7_75t_R)
  29.95  798.88 ^ _10408_/Y (AO22x1_ASAP7_75t_R)
   0.00  798.88 ^ _10793_/D (DFFLQNx3_ASAP7_75t_R)
         798.88   data arrival time

  10.00   10.00   clock clk' (fall edge)
   0.00   10.00   clock network delay (ideal)
   0.00   10.00   clock reconvergence pessimism
          10.00 v _10793_/CLK (DFFLQNx3_ASAP7_75t_R)
  -2.16    7.84   library setup time
           7.84   data required time
---------------------------------------------------------
           7.84   data required time
        -798.88   data arrival time
---------------------------------------------------------
        -791.03   slack (VIOLATED)


Startpoint: _10775_ (falling edge-triggered flip-flop clocked by clk')
Endpoint: _10796_ (falling edge-triggered flip-flop clocked by clk')
Path Group: clk
Path Type: max

  Delay    Time   Description
---------------------------------------------------------
   0.00    0.00   clock clk' (fall edge)
   0.00    0.00   clock network delay (ideal)
   0.00    0.00 v _10775_/CLK (DFFLQNx3_ASAP7_75t_R)
 151.64  151.64 v _10775_/QN (DFFLQNx3_ASAP7_75t_R)
  70.60  222.24 ^ _05584_/Y (NAND2x2_ASAP7_75t_R)
  36.77  259.01 v _05618_/Y (INVx4_ASAP7_75t_R)
  38.62  297.63 ^ _05621_/Y (NAND2x2_ASAP7_75t_R)
  38.19  335.82 ^ rebuffer1058/Y (BUFx3_ASAP7_75t_R)
  19.75  355.57 v _05622_/Y (NOR2x2_ASAP7_75t_R)
  20.88  376.45 ^ _05745_/Y (INVx3_ASAP7_75t_R)
  41.62  418.07 ^ _08572_/Y (AND3x4_ASAP7_75t_R)
  39.17  457.24 ^ _08573_/Y (AND4x1_ASAP7_75t_R)
  39.98  497.22 ^ _08574_/Y (OA211x2_ASAP7_75t_R)
  15.74  512.97 v _08580_/Y (OAI21x1_ASAP7_75t_R)
  24.53  537.50 ^ _08581_/Y (NAND2x1_ASAP7_75t_R)
  46.46  583.95 ^ _08585_/Y (OR3x4_ASAP7_75t_R)
  17.35  601.30 v _08606_/Y (NAND2x2_ASAP7_75t_R)
  43.14  644.44 v rebuffer1225/Y (BUFx6f_ASAP7_75t_R)
  15.28  659.71 ^ _08614_/Y (CKINVDCx14_ASAP7_75t_R)
  23.00  682.71 v _08786_/Y (NOR2x2_ASAP7_75t_R)
  33.86  716.57 v rebuffer1163/Y (BUFx6f_ASAP7_75t_R)
  23.21  739.78 v rebuffer1164/Y (BUFx6f_ASAP7_75t_R)
  41.22  781.00 v _10434_/Y (AO32x1_ASAP7_75t_R)
   0.00  781.00 v _10796_/D (DFFLQNx2_ASAP7_75t_R)
         781.00   data arrival time

  10.00   10.00   clock clk' (fall edge)
   0.00   10.00   clock network delay (ideal)
   0.00   10.00   clock reconvergence pessimism
          10.00 v _10796_/CLK (DFFLQNx2_ASAP7_75t_R)
 -18.84   -8.84   library setup time
          -8.84   data required time
---------------------------------------------------------
          -8.84   data required time
        -781.00   data arrival time
---------------------------------------------------------
        -789.84   slack (VIOLATED)


Startpoint: _10779_ (falling edge-triggered flip-flop clocked by clk')
Endpoint: _10742_ (falling edge-triggered flip-flop clocked by clk')
Path Group: clk
Path Type: max

  Delay    Time   Description
---------------------------------------------------------
   0.00    0.00   clock clk' (fall edge)
   0.00    0.00   clock network delay (ideal)
   0.00    0.00 v _10779_/CLK (DFFLQNx3_ASAP7_75t_R)
 125.83  125.83 v _10779_/QN (DFFLQNx3_ASAP7_75t_R)
  55.42  181.25 v rebuffer383/Y (BUFx2_ASAP7_75t_R)
  37.60  218.85 ^ _05712_/Y (NOR2x2_ASAP7_75t_R)
  40.99  259.84 v _05759_/Y (NAND2x2_ASAP7_75t_R)
  45.65  305.48 v _05760_/Y (AO21x1_ASAP7_75t_R)
  65.46  370.94 v _05763_/Y (OA211x2_ASAP7_75t_R)
  38.71  409.65 v _08788_/Y (AND2x2_ASAP7_75t_R)
  34.89  444.55 v _08789_/Y (OA21x2_ASAP7_75t_R)
  46.84  491.39 v _08791_/Y (OA211x2_ASAP7_75t_R)
  81.33  572.72 v _08793_/Y (OR3x4_ASAP7_75t_R)
  47.13  619.85 v _08871_/Y (AND2x6_ASAP7_75t_R)
  18.77  638.62 ^ _09858_/Y (NAND2x2_ASAP7_75t_R)
  40.33  678.95 ^ _09859_/Y (AND2x6_ASAP7_75t_R)
  15.03  693.98 v _09906_/Y (INVx3_ASAP7_75t_R)
  44.54  738.52 v _09907_/Y (OA21x2_ASAP7_75t_R)
  26.51  765.03 ^ _09909_/Y (OAI21x1_ASAP7_75t_R)
  16.11  781.14 v _09910_/Y (AOI21x1_ASAP7_75t_R)
   0.00  781.14 v _10742_/D (DFFLQNx2_ASAP7_75t_R)
         781.14   data arrival time

  10.00   10.00   clock clk' (fall edge)
   0.00   10.00   clock network delay (ideal)
   0.00   10.00   clock reconvergence pessimism
          10.00 v _10742_/CLK (DFFLQNx2_ASAP7_75t_R)
 -18.39   -8.39   library setup time
          -8.39   data required time
---------------------------------------------------------
          -8.39   data required time
        -781.14   data arrival time
---------------------------------------------------------
        -789.53   slack (VIOLATED)


Startpoint: _10779_ (falling edge-triggered flip-flop clocked by clk')
Endpoint: _10741_ (falling edge-triggered flip-flop clocked by clk')
Path Group: clk
Path Type: max

  Delay    Time   Description
---------------------------------------------------------
   0.00    0.00   clock clk' (fall edge)
   0.00    0.00   clock network delay (ideal)
   0.00    0.00 v _10779_/CLK (DFFLQNx3_ASAP7_75t_R)
 125.83  125.83 v _10779_/QN (DFFLQNx3_ASAP7_75t_R)
  55.42  181.25 v rebuffer383/Y (BUFx2_ASAP7_75t_R)
  37.60  218.85 ^ _05712_/Y (NOR2x2_ASAP7_75t_R)
  40.99  259.84 v _05759_/Y (NAND2x2_ASAP7_75t_R)
  46.59  306.43 ^ _05872_/Y (OAI22x1_ASAP7_75t_R)
  39.88  346.31 v _05874_/Y (NOR2x2_ASAP7_75t_R)
  45.95  392.25 v _08572_/Y (AND3x4_ASAP7_75t_R)
  22.76  415.02 v _08573_/Y (AND4x1_ASAP7_75t_R)
  52.03  467.05 v _08574_/Y (OA211x2_ASAP7_75t_R)
  20.58  487.62 ^ _08580_/Y (OAI21x1_ASAP7_75t_R)
  19.66  507.28 v _08581_/Y (NAND2x1_ASAP7_75t_R)
  84.48  591.76 v _08585_/Y (OR3x4_ASAP7_75t_R)
  29.06  620.82 ^ _08606_/Y (NAND2x2_ASAP7_75t_R)
  43.53  664.35 ^ rebuffer1225/Y (BUFx6f_ASAP7_75t_R)
  34.90  699.25 ^ rebuffer1227/Y (BUFx12f_ASAP7_75t_R)
  10.76  710.02 v clone1224/Y (INVx8_ASAP7_75t_R)
  34.11  744.12 v _09893_/Y (OA21x2_ASAP7_75t_R)
  31.82  775.94 v _09896_/Y (AO21x1_ASAP7_75t_R)
  16.76  792.70 ^ _09897_/Y (AOI21x1_ASAP7_75t_R)
   0.00  792.70 ^ _10741_/D (DFFLQNx2_ASAP7_75t_R)
         792.70   data arrival time

  10.00   10.00   clock clk' (fall edge)
   0.00   10.00   clock network delay (ideal)
   0.00   10.00   clock reconvergence pessimism
          10.00 v _10741_/CLK (DFFLQNx2_ASAP7_75t_R)
  -6.14    3.86   library setup time
           3.86   data required time
---------------------------------------------------------
           3.86   data required time
        -792.70   data arrival time
---------------------------------------------------------
        -788.84   slack (VIOLATED)


Startpoint: _10779_ (falling edge-triggered flip-flop clocked by clk')
Endpoint: _10684_ (falling edge-triggered flip-flop clocked by clk')
Path Group: clk
Path Type: max

  Delay    Time   Description
---------------------------------------------------------
   0.00    0.00   clock clk' (fall edge)
   0.00    0.00   clock network delay (ideal)
   0.00    0.00 v _10779_/CLK (DFFLQNx3_ASAP7_75t_R)
 125.83  125.83 v _10779_/QN (DFFLQNx3_ASAP7_75t_R)
  55.42  181.25 v rebuffer383/Y (BUFx2_ASAP7_75t_R)
  37.60  218.85 ^ _05712_/Y (NOR2x2_ASAP7_75t_R)
  40.99  259.84 v _05759_/Y (NAND2x2_ASAP7_75t_R)
  46.59  306.43 ^ _05872_/Y (OAI22x1_ASAP7_75t_R)
  39.88  346.31 v _05874_/Y (NOR2x2_ASAP7_75t_R)
  45.95  392.25 v _08572_/Y (AND3x4_ASAP7_75t_R)
  22.76  415.02 v _08573_/Y (AND4x1_ASAP7_75t_R)
  52.03  467.05 v _08574_/Y (OA211x2_ASAP7_75t_R)
  20.58  487.62 ^ _08580_/Y (OAI21x1_ASAP7_75t_R)
  19.66  507.28 v _08581_/Y (NAND2x1_ASAP7_75t_R)
  84.48  591.76 v _08585_/Y (OR3x4_ASAP7_75t_R)
  29.06  620.82 ^ _08606_/Y (NAND2x2_ASAP7_75t_R)
  30.92  651.74 ^ rebuffer1166/Y (BUFx6f_ASAP7_75t_R)
  47.82  699.56 ^ _09330_/Y (AND3x4_ASAP7_75t_R)
  14.56  714.11 v _09473_/Y (NAND2x1_ASAP7_75t_R)
  53.63  767.74 v _09474_/Y (OA211x2_ASAP7_75t_R)
  17.96  785.71 ^ _09476_/Y (OAI21x1_ASAP7_75t_R)
   0.00  785.71 ^ _10684_/D (DFFLQNx2_ASAP7_75t_R)
         785.71   data arrival time

  10.00   10.00   clock clk' (fall edge)
   0.00   10.00   clock network delay (ideal)
   0.00   10.00   clock reconvergence pessimism
          10.00 v _10684_/CLK (DFFLQNx2_ASAP7_75t_R)
  -5.35    4.65   library setup time
           4.65   data required time
---------------------------------------------------------
           4.65   data required time
        -785.71   data arrival time
---------------------------------------------------------
        -781.05   slack (VIOLATED)


Startpoint: _10779_ (falling edge-triggered flip-flop clocked by clk')
Endpoint: _10595_ (falling edge-triggered flip-flop clocked by clk')
Path Group: clk
Path Type: max

  Delay    Time   Description
---------------------------------------------------------
   0.00    0.00   clock clk' (fall edge)
   0.00    0.00   clock network delay (ideal)
   0.00    0.00 v _10779_/CLK (DFFLQNx3_ASAP7_75t_R)
 125.83  125.83 v _10779_/QN (DFFLQNx3_ASAP7_75t_R)
  55.42  181.25 v rebuffer383/Y (BUFx2_ASAP7_75t_R)
  37.60  218.85 ^ _05712_/Y (NOR2x2_ASAP7_75t_R)
  40.99  259.84 v _05759_/Y (NAND2x2_ASAP7_75t_R)
  46.59  306.43 ^ _05872_/Y (OAI22x1_ASAP7_75t_R)
  39.88  346.31 v _05874_/Y (NOR2x2_ASAP7_75t_R)
  45.95  392.25 v _08572_/Y (AND3x4_ASAP7_75t_R)
  22.76  415.02 v _08573_/Y (AND4x1_ASAP7_75t_R)
  52.03  467.05 v _08574_/Y (OA211x2_ASAP7_75t_R)
  20.58  487.62 ^ _08580_/Y (OAI21x1_ASAP7_75t_R)
  19.66  507.28 v _08581_/Y (NAND2x1_ASAP7_75t_R)
  84.48  591.76 v _08585_/Y (OR3x4_ASAP7_75t_R)
  29.06  620.82 ^ _08606_/Y (NAND2x2_ASAP7_75t_R)
  43.53  664.35 ^ rebuffer1225/Y (BUFx6f_ASAP7_75t_R)
  30.82  695.17 ^ rebuffer1226/Y (BUFx6f_ASAP7_75t_R)
  11.52  706.69 v _08608_/Y (AOI21x1_ASAP7_75t_R)
  52.66  759.35 v _08609_/Y (AO21x2_ASAP7_75t_R)
  23.61  782.95 ^ _08613_/Y (AOI221x1_ASAP7_75t_R)
   0.00  782.95 ^ _10595_/D (DFFLQNx2_ASAP7_75t_R)
         782.95   data arrival time

  10.00   10.00   clock clk' (fall edge)
   0.00   10.00   clock network delay (ideal)
   0.00   10.00   clock reconvergence pessimism
          10.00 v _10595_/CLK (DFFLQNx2_ASAP7_75t_R)
  -7.21    2.79   library setup time
           2.79   data required time
---------------------------------------------------------
           2.79   data required time
        -782.95   data arrival time
---------------------------------------------------------
        -780.16   slack (VIOLATED)


Startpoint: _10779_ (falling edge-triggered flip-flop clocked by clk')
Endpoint: _10797_ (falling edge-triggered flip-flop clocked by clk')
Path Group: clk
Path Type: max

  Delay    Time   Description
---------------------------------------------------------
   0.00    0.00   clock clk' (fall edge)
   0.00    0.00   clock network delay (ideal)
   0.00    0.00 v _10779_/CLK (DFFLQNx3_ASAP7_75t_R)
 125.83  125.83 v _10779_/QN (DFFLQNx3_ASAP7_75t_R)
  55.42  181.25 v rebuffer383/Y (BUFx2_ASAP7_75t_R)
  37.60  218.85 ^ _05712_/Y (NOR2x2_ASAP7_75t_R)
  40.99  259.84 v _05759_/Y (NAND2x2_ASAP7_75t_R)
  46.59  306.43 ^ _05872_/Y (OAI22x1_ASAP7_75t_R)
  39.88  346.31 v _05874_/Y (NOR2x2_ASAP7_75t_R)
  45.95  392.25 v _08572_/Y (AND3x4_ASAP7_75t_R)
  22.76  415.02 v _08573_/Y (AND4x1_ASAP7_75t_R)
  52.03  467.05 v _08574_/Y (OA211x2_ASAP7_75t_R)
  20.58  487.62 ^ _08580_/Y (OAI21x1_ASAP7_75t_R)
  19.66  507.28 v _08581_/Y (NAND2x1_ASAP7_75t_R)
  84.48  591.76 v _08585_/Y (OR3x4_ASAP7_75t_R)
  29.06  620.82 ^ _08606_/Y (NAND2x2_ASAP7_75t_R)
  43.53  664.35 ^ rebuffer1225/Y (BUFx6f_ASAP7_75t_R)
  15.62  679.97 v _08614_/Y (CKINVDCx14_ASAP7_75t_R)
  26.25  706.22 ^ _08786_/Y (NOR2x2_ASAP7_75t_R)
  41.34  747.56 ^ rebuffer1171/Y (BUFx12f_ASAP7_75t_R)
  16.52  764.08 v clone1229/Y (INVx11_ASAP7_75t_R)
  17.53  781.60 ^ _10442_/Y (OAI22x1_ASAP7_75t_R)
   0.00  781.60 ^ _10797_/D (DFFLQNx2_ASAP7_75t_R)
         781.60   data arrival time

  10.00   10.00   clock clk' (fall edge)
   0.00   10.00   clock network delay (ideal)
   0.00   10.00   clock reconvergence pessimism
          10.00 v _10797_/CLK (DFFLQNx2_ASAP7_75t_R)
  -8.35    1.65   library setup time
           1.65   data required time
---------------------------------------------------------
           1.65   data required time
        -781.60   data arrival time
---------------------------------------------------------
        -779.95   slack (VIOLATED)


Startpoint: _10779_ (falling edge-triggered flip-flop clocked by clk')
Endpoint: _10611_ (falling edge-triggered flip-flop clocked by clk')
Path Group: clk
Path Type: max

  Delay    Time   Description
---------------------------------------------------------
   0.00    0.00   clock clk' (fall edge)
   0.00    0.00   clock network delay (ideal)
   0.00    0.00 v _10779_/CLK (DFFLQNx3_ASAP7_75t_R)
 125.83  125.83 v _10779_/QN (DFFLQNx3_ASAP7_75t_R)
  55.42  181.25 v rebuffer383/Y (BUFx2_ASAP7_75t_R)
  37.60  218.85 ^ _05712_/Y (NOR2x2_ASAP7_75t_R)
  40.99  259.84 v _05759_/Y (NAND2x2_ASAP7_75t_R)
  46.59  306.43 ^ _05872_/Y (OAI22x1_ASAP7_75t_R)
  39.88  346.31 v _05874_/Y (NOR2x2_ASAP7_75t_R)
  45.95  392.25 v _08572_/Y (AND3x4_ASAP7_75t_R)
  22.76  415.02 v _08573_/Y (AND4x1_ASAP7_75t_R)
  52.03  467.05 v _08574_/Y (OA211x2_ASAP7_75t_R)
  20.58  487.62 ^ _08580_/Y (OAI21x1_ASAP7_75t_R)
  19.66  507.28 v _08581_/Y (NAND2x1_ASAP7_75t_R)
  84.48  591.76 v _08585_/Y (OR3x4_ASAP7_75t_R)
  33.33  625.09 v rebuffer1370/Y (BUFx6f_ASAP7_75t_R)
  23.60  648.70 v rebuffer1342/Y (BUFx6f_ASAP7_75t_R)
  24.26  672.96 v rebuffer1338/Y (BUFx6f_ASAP7_75t_R)
  24.60  697.56 v rebuffer1336/Y (BUFx12f_ASAP7_75t_R)
  21.83  719.39 ^ clone1162/Y (NAND2x2_ASAP7_75t_R)
  37.41  756.80 ^ _08748_/Y (AO32x1_ASAP7_75t_R)
  28.89  785.69 ^ _08749_/Y (AND2x2_ASAP7_75t_R)
   0.00  785.69 ^ _10611_/D (DFFLQNx2_ASAP7_75t_R)
         785.69   data arrival time

  10.00   10.00   clock clk' (fall edge)
   0.00   10.00   clock network delay (ideal)
   0.00   10.00   clock reconvergence pessimism
          10.00 v _10611_/CLK (DFFLQNx2_ASAP7_75t_R)
  -3.58    6.42   library setup time
           6.42   data required time
---------------------------------------------------------
           6.42   data required time
        -785.69   data arrival time
---------------------------------------------------------
        -779.27   slack (VIOLATED)


Startpoint: _10775_ (falling edge-triggered flip-flop clocked by clk')
Endpoint: _10726_ (falling edge-triggered flip-flop clocked by clk')
Path Group: clk
Path Type: max

  Delay    Time   Description
---------------------------------------------------------
   0.00    0.00   clock clk' (fall edge)
   0.00    0.00   clock network delay (ideal)
   0.00    0.00 v _10775_/CLK (DFFLQNx3_ASAP7_75t_R)
 151.64  151.64 v _10775_/QN (DFFLQNx3_ASAP7_75t_R)
  70.15  221.79 ^ _05526_/Y (NOR2x2_ASAP7_75t_R)
  48.05  269.85 v _05529_/Y (NAND2x2_ASAP7_75t_R)
  61.79  331.64 ^ _05888_/Y (OAI22x1_ASAP7_75t_R)
  33.46  365.09 v _05889_/Y (NOR2x2_ASAP7_75t_R)
  26.60  391.69 ^ _05890_/Y (NAND2x1_ASAP7_75t_R)
  18.80  410.50 v _05901_/Y (NOR2x1_ASAP7_75t_R)
  28.35  438.85 ^ _05902_/Y (NAND2x1_ASAP7_75t_R)
  20.22  459.07 v _05937_/Y (NOR2x2_ASAP7_75t_R)
  42.43  501.50 ^ _05938_/Y (AOI21x1_ASAP7_75t_R)
  40.60  542.10 v _06018_/Y (OAI21x1_ASAP7_75t_R)
  31.28  573.38 ^ _06019_/Y (NAND2x2_ASAP7_75t_R)
  41.44  614.82 ^ rebuffer399/Y (BUFx3_ASAP7_75t_R)
  54.12  668.94 ^ clone1253/Y (AND3x4_ASAP7_75t_R)
  21.38  690.32 v _09719_/Y (NOR2x1_ASAP7_75t_R)
  19.96  710.28 ^ _09724_/Y (OAI21x1_ASAP7_75t_R)
  39.48  749.76 ^ _09725_/Y (AO221x1_ASAP7_75t_R)
  13.45  763.22 v _09726_/Y (NAND2x1_ASAP7_75t_R)
   0.00  763.22 v _10726_/D (DFFLQNx2_ASAP7_75t_R)
         763.22   data arrival time

  10.00   10.00   clock clk' (fall edge)
   0.00   10.00   clock network delay (ideal)
   0.00   10.00   clock reconvergence pessimism
          10.00 v _10726_/CLK (DFFLQNx2_ASAP7_75t_R)
 -17.37   -7.37   library setup time
          -7.37   data required time
---------------------------------------------------------
          -7.37   data required time
        -763.22   data arrival time
---------------------------------------------------------
        -770.59   slack (VIOLATED)


Startpoint: _10775_ (falling edge-triggered flip-flop clocked by clk')
Endpoint: _10794_ (falling edge-triggered flip-flop clocked by clk')
Path Group: clk
Path Type: max

  Delay    Time   Description
---------------------------------------------------------
   0.00    0.00   clock clk' (fall edge)
   0.00    0.00   clock network delay (ideal)
   0.00    0.00 v _10775_/CLK (DFFLQNx3_ASAP7_75t_R)
 151.64  151.64 v _10775_/QN (DFFLQNx3_ASAP7_75t_R)
  70.60  222.24 ^ _05584_/Y (NAND2x2_ASAP7_75t_R)
  36.77  259.01 v _05618_/Y (INVx4_ASAP7_75t_R)
  38.62  297.63 ^ _05621_/Y (NAND2x2_ASAP7_75t_R)
  38.19  335.82 ^ rebuffer1058/Y (BUFx3_ASAP7_75t_R)
  19.75  355.57 v _05622_/Y (NOR2x2_ASAP7_75t_R)
  20.88  376.45 ^ _05745_/Y (INVx3_ASAP7_75t_R)
  41.62  418.07 ^ _08572_/Y (AND3x4_ASAP7_75t_R)
  39.17  457.24 ^ _08573_/Y (AND4x1_ASAP7_75t_R)
  39.98  497.22 ^ _08574_/Y (OA211x2_ASAP7_75t_R)
  15.74  512.97 v _08580_/Y (OAI21x1_ASAP7_75t_R)
  24.53  537.50 ^ _08581_/Y (NAND2x1_ASAP7_75t_R)
  46.46  583.95 ^ _08585_/Y (OR3x4_ASAP7_75t_R)
  17.35  601.30 v _08606_/Y (NAND2x2_ASAP7_75t_R)
  43.14  644.44 v rebuffer1225/Y (BUFx6f_ASAP7_75t_R)
  15.28  659.71 ^ _08614_/Y (CKINVDCx14_ASAP7_75t_R)
  23.00  682.71 v _08786_/Y (NOR2x2_ASAP7_75t_R)
  33.86  716.57 v rebuffer1163/Y (BUFx6f_ASAP7_75t_R)
  45.03  761.60 v _10427_/Y (AO32x1_ASAP7_75t_R)
   0.00  761.60 v _10794_/D (DFFLQNx3_ASAP7_75t_R)
         761.60   data arrival time

  10.00   10.00   clock clk' (fall edge)
   0.00   10.00   clock network delay (ideal)
   0.00   10.00   clock reconvergence pessimism
          10.00 v _10794_/CLK (DFFLQNx3_ASAP7_75t_R)
 -18.84   -8.84   library setup time
          -8.84   data required time
---------------------------------------------------------
          -8.84   data required time
        -761.60   data arrival time
---------------------------------------------------------
        -770.43   slack (VIOLATED)


Startpoint: _10775_ (falling edge-triggered flip-flop clocked by clk')
Endpoint: _10795_ (falling edge-triggered flip-flop clocked by clk')
Path Group: clk
Path Type: max

  Delay    Time   Description
---------------------------------------------------------
   0.00    0.00   clock clk' (fall edge)
   0.00    0.00   clock network delay (ideal)
   0.00    0.00 v _10775_/CLK (DFFLQNx3_ASAP7_75t_R)
 151.64  151.64 v _10775_/QN (DFFLQNx3_ASAP7_75t_R)
  70.60  222.24 ^ _05584_/Y (NAND2x2_ASAP7_75t_R)
  36.77  259.01 v _05618_/Y (INVx4_ASAP7_75t_R)
  38.62  297.63 ^ _05621_/Y (NAND2x2_ASAP7_75t_R)
  38.19  335.82 ^ rebuffer1058/Y (BUFx3_ASAP7_75t_R)
  19.75  355.57 v _05622_/Y (NOR2x2_ASAP7_75t_R)
  20.88  376.45 ^ _05745_/Y (INVx3_ASAP7_75t_R)
  41.62  418.07 ^ _08572_/Y (AND3x4_ASAP7_75t_R)
  39.17  457.24 ^ _08573_/Y (AND4x1_ASAP7_75t_R)
  39.98  497.22 ^ _08574_/Y (OA211x2_ASAP7_75t_R)
  15.74  512.97 v _08580_/Y (OAI21x1_ASAP7_75t_R)
  24.53  537.50 ^ _08581_/Y (NAND2x1_ASAP7_75t_R)
  46.46  583.95 ^ _08585_/Y (OR3x4_ASAP7_75t_R)
  17.35  601.30 v _08606_/Y (NAND2x2_ASAP7_75t_R)
  43.14  644.44 v rebuffer1225/Y (BUFx6f_ASAP7_75t_R)
  15.28  659.71 ^ _08614_/Y (CKINVDCx14_ASAP7_75t_R)
  23.00  682.71 v _08786_/Y (NOR2x2_ASAP7_75t_R)
  33.86  716.57 v rebuffer1163/Y (BUFx6f_ASAP7_75t_R)
  45.03  761.59 v _10428_/Y (AO32x1_ASAP7_75t_R)
   0.00  761.59 v _10795_/D (DFFLQNx2_ASAP7_75t_R)
         761.59   data arrival time

  10.00   10.00   clock clk' (fall edge)
   0.00   10.00   clock network delay (ideal)
   0.00   10.00   clock reconvergence pessimism
          10.00 v _10795_/CLK (DFFLQNx2_ASAP7_75t_R)
 -18.84   -8.84   library setup time
          -8.84   data required time
---------------------------------------------------------
          -8.84   data required time
        -761.59   data arrival time
---------------------------------------------------------
        -770.43   slack (VIOLATED)


Startpoint: _10775_ (falling edge-triggered flip-flop clocked by clk')
Endpoint: _10790_ (falling edge-triggered flip-flop clocked by clk')
Path Group: clk
Path Type: max

  Delay    Time   Description
---------------------------------------------------------
   0.00    0.00   clock clk' (fall edge)
   0.00    0.00   clock network delay (ideal)
   0.00    0.00 v _10775_/CLK (DFFLQNx3_ASAP7_75t_R)
 151.64  151.64 v _10775_/QN (DFFLQNx3_ASAP7_75t_R)
  36.95  188.59 ^ _05514_/Y (INVx8_ASAP7_75t_R)
  40.84  229.43 v _05515_/Y (NOR2x2_ASAP7_75t_R)
  41.31  270.75 v rebuffer388/Y (BUFx6f_ASAP7_75t_R)
  32.80  303.54 v rebuffer389/Y (BUFx2_ASAP7_75t_R)
  34.36  337.91 ^ clone378/Y (NAND2x2_ASAP7_75t_R)
  28.73  366.63 v _05730_/Y (NOR2x2_ASAP7_75t_R)
  40.75  407.39 v rebuffer1068/Y (BUFx2_ASAP7_75t_R)
  32.70  440.08 v rebuffer1069/Y (BUFx2_ASAP7_75t_R)
  32.22  472.30 v rebuffer1070/Y (BUFx2_ASAP7_75t_R)
  29.07  501.37 v rebuffer1071/Y (BUFx2_ASAP7_75t_R)
  34.28  535.65 v _10323_/Y (OA21x2_ASAP7_75t_R)
  54.31  589.96 v _10325_/Y (OR4x1_ASAP7_75t_R)
  54.02  643.97 v _10326_/Y (OA211x2_ASAP7_75t_R)
  41.89  685.86 v _10329_/Y (OR3x1_ASAP7_75t_R)
  35.50  721.36 v _10330_/Y (OA21x2_ASAP7_75t_R)
  37.91  759.27 v _10331_/Y (AO22x1_ASAP7_75t_R)
   0.00  759.27 v _10790_/D (DFFLQNx2_ASAP7_75t_R)
         759.27   data arrival time

  10.00   10.00   clock clk' (fall edge)
   0.00   10.00   clock network delay (ideal)
   0.00   10.00   clock reconvergence pessimism
          10.00 v _10790_/CLK (DFFLQNx2_ASAP7_75t_R)
 -18.59   -8.59   library setup time
          -8.59   data required time
---------------------------------------------------------
          -8.59   data required time
        -759.27   data arrival time
---------------------------------------------------------
        -767.86   slack (VIOLATED)


Startpoint: _10779_ (falling edge-triggered flip-flop clocked by clk')
Endpoint: _10610_ (falling edge-triggered flip-flop clocked by clk')
Path Group: clk
Path Type: max

  Delay    Time   Description
---------------------------------------------------------
   0.00    0.00   clock clk' (fall edge)
   0.00    0.00   clock network delay (ideal)
   0.00    0.00 v _10779_/CLK (DFFLQNx3_ASAP7_75t_R)
 125.83  125.83 v _10779_/QN (DFFLQNx3_ASAP7_75t_R)
  55.42  181.25 v rebuffer383/Y (BUFx2_ASAP7_75t_R)
  37.60  218.85 ^ _05712_/Y (NOR2x2_ASAP7_75t_R)
  40.99  259.84 v _05759_/Y (NAND2x2_ASAP7_75t_R)
  46.59  306.43 ^ _05872_/Y (OAI22x1_ASAP7_75t_R)
  39.88  346.31 v _05874_/Y (NOR2x2_ASAP7_75t_R)
  45.95  392.25 v _08572_/Y (AND3x4_ASAP7_75t_R)
  22.76  415.02 v _08573_/Y (AND4x1_ASAP7_75t_R)
  52.03  467.05 v _08574_/Y (OA211x2_ASAP7_75t_R)
  20.58  487.62 ^ _08580_/Y (OAI21x1_ASAP7_75t_R)
  19.66  507.28 v _08581_/Y (NAND2x1_ASAP7_75t_R)
  84.48  591.76 v _08585_/Y (OR3x4_ASAP7_75t_R)
  29.06  620.82 ^ _08606_/Y (NAND2x2_ASAP7_75t_R)
  43.53  664.35 ^ rebuffer1225/Y (BUFx6f_ASAP7_75t_R)
  34.90  699.25 ^ rebuffer1227/Y (BUFx12f_ASAP7_75t_R)
  10.62  709.87 v clone1372/Y (INVx8_ASAP7_75t_R)
  42.15  752.01 v _08745_/Y (OR3x1_ASAP7_75t_R)
  17.62  769.63 ^ _08746_/Y (AOI21x1_ASAP7_75t_R)
   0.00  769.63 ^ _10610_/D (DFFLQNx2_ASAP7_75t_R)
         769.63   data arrival time

  10.00   10.00   clock clk' (fall edge)
   0.00   10.00   clock network delay (ideal)
   0.00   10.00   clock reconvergence pessimism
          10.00 v _10610_/CLK (DFFLQNx2_ASAP7_75t_R)
  -6.14    3.86   library setup time
           3.86   data required time
---------------------------------------------------------
           3.86   data required time
        -769.63   data arrival time
---------------------------------------------------------
        -765.78   slack (VIOLATED)


Startpoint: _10779_ (falling edge-triggered flip-flop clocked by clk')
Endpoint: _10704_ (falling edge-triggered flip-flop clocked by clk')
Path Group: clk
Path Type: max

  Delay    Time   Description
---------------------------------------------------------
   0.00    0.00   clock clk' (fall edge)
   0.00    0.00   clock network delay (ideal)
   0.00    0.00 v _10779_/CLK (DFFLQNx3_ASAP7_75t_R)
 125.83  125.83 v _10779_/QN (DFFLQNx3_ASAP7_75t_R)
  55.42  181.25 v rebuffer383/Y (BUFx2_ASAP7_75t_R)
  37.60  218.85 ^ _05712_/Y (NOR2x2_ASAP7_75t_R)
  40.99  259.84 v _05759_/Y (NAND2x2_ASAP7_75t_R)
  46.59  306.43 ^ _05872_/Y (OAI22x1_ASAP7_75t_R)
  39.88  346.31 v _05874_/Y (NOR2x2_ASAP7_75t_R)
  45.95  392.25 v _08572_/Y (AND3x4_ASAP7_75t_R)
  22.76  415.02 v _08573_/Y (AND4x1_ASAP7_75t_R)
  52.03  467.05 v _08574_/Y (OA211x2_ASAP7_75t_R)
  20.58  487.62 ^ _08580_/Y (OAI21x1_ASAP7_75t_R)
  19.66  507.28 v _08581_/Y (NAND2x1_ASAP7_75t_R)
  84.48  591.76 v _08585_/Y (OR3x4_ASAP7_75t_R)
  63.92  655.68 v _09324_/Y (AO21x2_ASAP7_75t_R)
  45.27  700.95 v _09613_/Y (XOR2x1_ASAP7_75t_R)
  18.60  719.55 ^ _09614_/Y (NOR2x1_ASAP7_75t_R)
  16.77  736.32 v _09617_/Y (OAI21x1_ASAP7_75t_R)
  20.21  756.53 ^ _09619_/Y (AOI22x1_ASAP7_75t_R)
   0.00  756.53 ^ _10704_/D (DFFLQNx2_ASAP7_75t_R)
         756.53   data arrival time

  10.00   10.00   clock clk' (fall edge)
   0.00   10.00   clock network delay (ideal)
   0.00   10.00   clock reconvergence pessimism
          10.00 v _10704_/CLK (DFFLQNx2_ASAP7_75t_R)
  -8.90    1.10   library setup time
           1.10   data required time
---------------------------------------------------------
           1.10   data required time
        -756.53   data arrival time
---------------------------------------------------------
        -755.43   slack (VIOLATED)


Startpoint: _10779_ (falling edge-triggered flip-flop clocked by clk')
Endpoint: _10708_ (falling edge-triggered flip-flop clocked by clk')
Path Group: clk
Path Type: max

  Delay    Time   Description
---------------------------------------------------------
   0.00    0.00   clock clk' (fall edge)
   0.00    0.00   clock network delay (ideal)
   0.00    0.00 v _10779_/CLK (DFFLQNx3_ASAP7_75t_R)
 125.83  125.83 v _10779_/QN (DFFLQNx3_ASAP7_75t_R)
  55.42  181.25 v rebuffer383/Y (BUFx2_ASAP7_75t_R)
  37.60  218.85 ^ _05712_/Y (NOR2x2_ASAP7_75t_R)
  40.99  259.84 v _05759_/Y (NAND2x2_ASAP7_75t_R)
  46.59  306.43 ^ _05872_/Y (OAI22x1_ASAP7_75t_R)
  39.88  346.31 v _05874_/Y (NOR2x2_ASAP7_75t_R)
  45.95  392.25 v _08572_/Y (AND3x4_ASAP7_75t_R)
  22.76  415.02 v _08573_/Y (AND4x1_ASAP7_75t_R)
  52.03  467.05 v _08574_/Y (OA211x2_ASAP7_75t_R)
  20.58  487.62 ^ _08580_/Y (OAI21x1_ASAP7_75t_R)
  19.66  507.28 v _08581_/Y (NAND2x1_ASAP7_75t_R)
  84.48  591.76 v _08585_/Y (OR3x4_ASAP7_75t_R)
  63.92  655.68 v _09324_/Y (AO21x2_ASAP7_75t_R)
  45.27  700.95 v _09651_/Y (XOR2x1_ASAP7_75t_R)
  18.60  719.55 ^ _09652_/Y (NOR2x1_ASAP7_75t_R)
  16.77  736.32 v _09654_/Y (OAI21x1_ASAP7_75t_R)
  20.21  756.53 ^ _09656_/Y (AOI22x1_ASAP7_75t_R)
   0.00  756.53 ^ _10708_/D (DFFLQNx2_ASAP7_75t_R)
         756.53   data arrival time

  10.00   10.00   clock clk' (fall edge)
   0.00   10.00   clock network delay (ideal)
   0.00   10.00   clock reconvergence pessimism
          10.00 v _10708_/CLK (DFFLQNx2_ASAP7_75t_R)
  -8.90    1.10   library setup time
           1.10   data required time
---------------------------------------------------------
           1.10   data required time
        -756.53   data arrival time
---------------------------------------------------------
        -755.43   slack (VIOLATED)


Startpoint: _10779_ (falling edge-triggered flip-flop clocked by clk')
Endpoint: _10789_ (falling edge-triggered flip-flop clocked by clk')
Path Group: clk
Path Type: max

  Delay    Time   Description
---------------------------------------------------------
   0.00    0.00   clock clk' (fall edge)
   0.00    0.00   clock network delay (ideal)
   0.00    0.00 v _10779_/CLK (DFFLQNx3_ASAP7_75t_R)
 125.83  125.83 v _10779_/QN (DFFLQNx3_ASAP7_75t_R)
  55.42  181.25 v rebuffer383/Y (BUFx2_ASAP7_75t_R)
  37.60  218.85 ^ _05712_/Y (NOR2x2_ASAP7_75t_R)
  40.99  259.84 v _05759_/Y (NAND2x2_ASAP7_75t_R)
  46.59  306.43 ^ _05872_/Y (OAI22x1_ASAP7_75t_R)
  39.88  346.31 v _05874_/Y (NOR2x2_ASAP7_75t_R)
  45.95  392.25 v _08572_/Y (AND3x4_ASAP7_75t_R)
  22.76  415.02 v _08573_/Y (AND4x1_ASAP7_75t_R)
  52.03  467.05 v _08574_/Y (OA211x2_ASAP7_75t_R)
  20.58  487.62 ^ _08580_/Y (OAI21x1_ASAP7_75t_R)
  19.66  507.28 v _08581_/Y (NAND2x1_ASAP7_75t_R)
  84.48  591.76 v _08585_/Y (OR3x4_ASAP7_75t_R)
  33.33  625.09 v rebuffer1370/Y (BUFx6f_ASAP7_75t_R)
  23.60  648.70 v rebuffer1342/Y (BUFx6f_ASAP7_75t_R)
  24.26  672.96 v rebuffer1338/Y (BUFx6f_ASAP7_75t_R)
  24.60  697.56 v rebuffer1336/Y (BUFx12f_ASAP7_75t_R)
  21.83  719.39 ^ clone1162/Y (NAND2x2_ASAP7_75t_R)
  37.69  757.08 ^ _10255_/Y (AO32x1_ASAP7_75t_R)
   0.00  757.08 ^ _10789_/D (DFFLQNx2_ASAP7_75t_R)
         757.08   data arrival time

  10.00   10.00   clock clk' (fall edge)
   0.00   10.00   clock network delay (ideal)
   0.00   10.00   clock reconvergence pessimism
          10.00 v _10789_/CLK (DFFLQNx2_ASAP7_75t_R)
  -5.77    4.23   library setup time
           4.23   data required time
---------------------------------------------------------
           4.23   data required time
        -757.08   data arrival time
---------------------------------------------------------
        -752.85   slack (VIOLATED)


Startpoint: _10775_ (falling edge-triggered flip-flop clocked by clk')
Endpoint: _10635_ (falling edge-triggered flip-flop clocked by clk')
Path Group: clk
Path Type: max

  Delay    Time   Description
---------------------------------------------------------
   0.00    0.00   clock clk' (fall edge)
   0.00    0.00   clock network delay (ideal)
   0.00    0.00 v _10775_/CLK (DFFLQNx3_ASAP7_75t_R)
 151.64  151.64 v _10775_/QN (DFFLQNx3_ASAP7_75t_R)
  36.95  188.59 ^ _05514_/Y (INVx8_ASAP7_75t_R)
  40.84  229.43 v _05515_/Y (NOR2x2_ASAP7_75t_R)
  41.31  270.75 v rebuffer388/Y (BUFx6f_ASAP7_75t_R)
  32.80  303.54 v rebuffer389/Y (BUFx2_ASAP7_75t_R)
  34.36  337.91 ^ clone378/Y (NAND2x2_ASAP7_75t_R)
  28.73  366.63 v _05730_/Y (NOR2x2_ASAP7_75t_R)
  40.75  407.39 v rebuffer1068/Y (BUFx2_ASAP7_75t_R)
  32.70  440.08 v rebuffer1069/Y (BUFx2_ASAP7_75t_R)
  22.11  462.19 v _07150_/Y (AND3x1_ASAP7_75t_R)
  42.37  504.56 v _07151_/Y (OR3x1_ASAP7_75t_R)
  74.23  578.79 v _07160_/Y (OR5x1_ASAP7_75t_R)
  24.68  603.48 ^ _07164_/Y (NAND3x1_ASAP7_75t_R)
  39.73  643.20 v _07173_/Y (AOI21x1_ASAP7_75t_R)
  32.72  675.92 ^ _07174_/Y (NOR2x2_ASAP7_75t_R)
  27.14  703.06 v _07261_/Y (INVx1_ASAP7_75t_R)
  35.40  738.46 v _07647_/Y (AO21x1_ASAP7_75t_R)
   0.00  738.46 v _10635_/D (DFFLQNx2_ASAP7_75t_R)
         738.46   data arrival time

  10.00   10.00   clock clk' (fall edge)
   0.00   10.00   clock network delay (ideal)
   0.00   10.00   clock reconvergence pessimism
          10.00 v _10635_/CLK (DFFLQNx2_ASAP7_75t_R)
 -18.00   -8.00   library setup time
          -8.00   data required time
---------------------------------------------------------
          -8.00   data required time
        -738.46   data arrival time
---------------------------------------------------------
        -746.47   slack (VIOLATED)


Startpoint: _10779_ (falling edge-triggered flip-flop clocked by clk')
Endpoint: _10786_ (falling edge-triggered flip-flop clocked by clk')
Path Group: clk
Path Type: max

  Delay    Time   Description
---------------------------------------------------------
   0.00    0.00   clock clk' (fall edge)
   0.00    0.00   clock network delay (ideal)
   0.00    0.00 v _10779_/CLK (DFFLQNx3_ASAP7_75t_R)
 125.83  125.83 v _10779_/QN (DFFLQNx3_ASAP7_75t_R)
  55.42  181.25 v rebuffer383/Y (BUFx2_ASAP7_75t_R)
  37.60  218.85 ^ _05712_/Y (NOR2x2_ASAP7_75t_R)
  40.99  259.84 v _05759_/Y (NAND2x2_ASAP7_75t_R)
  46.59  306.43 ^ _05872_/Y (OAI22x1_ASAP7_75t_R)
  39.88  346.31 v _05874_/Y (NOR2x2_ASAP7_75t_R)
  45.95  392.25 v _08572_/Y (AND3x4_ASAP7_75t_R)
  22.76  415.02 v _08573_/Y (AND4x1_ASAP7_75t_R)
  52.03  467.05 v _08574_/Y (OA211x2_ASAP7_75t_R)
  20.58  487.62 ^ _08580_/Y (OAI21x1_ASAP7_75t_R)
  19.66  507.28 v _08581_/Y (NAND2x1_ASAP7_75t_R)
  84.48  591.76 v _08585_/Y (OR3x4_ASAP7_75t_R)
  33.33  625.09 v rebuffer1370/Y (BUFx6f_ASAP7_75t_R)
  23.60  648.70 v rebuffer1342/Y (BUFx6f_ASAP7_75t_R)
  24.26  672.96 v rebuffer1338/Y (BUFx6f_ASAP7_75t_R)
  24.60  697.56 v rebuffer1336/Y (BUFx12f_ASAP7_75t_R)
  14.89  712.45 ^ clone1341/Y (NAND2x2_ASAP7_75t_R)
  36.03  748.48 ^ _10248_/Y (AO32x1_ASAP7_75t_R)
   0.00  748.48 ^ _10786_/D (DFFLQNx2_ASAP7_75t_R)
         748.48   data arrival time

  10.00   10.00   clock clk' (fall edge)
   0.00   10.00   clock network delay (ideal)
   0.00   10.00   clock reconvergence pessimism
          10.00 v _10786_/CLK (DFFLQNx2_ASAP7_75t_R)
  -5.77    4.23   library setup time
           4.23   data required time
---------------------------------------------------------
           4.23   data required time
        -748.48   data arrival time
---------------------------------------------------------
        -744.25   slack (VIOLATED)


Startpoint: _10779_ (falling edge-triggered flip-flop clocked by clk')
Endpoint: _10787_ (falling edge-triggered flip-flop clocked by clk')
Path Group: clk
Path Type: max

  Delay    Time   Description
---------------------------------------------------------
   0.00    0.00   clock clk' (fall edge)
   0.00    0.00   clock network delay (ideal)
   0.00    0.00 v _10779_/CLK (DFFLQNx3_ASAP7_75t_R)
 125.83  125.83 v _10779_/QN (DFFLQNx3_ASAP7_75t_R)
  55.42  181.25 v rebuffer383/Y (BUFx2_ASAP7_75t_R)
  37.60  218.85 ^ _05712_/Y (NOR2x2_ASAP7_75t_R)
  40.99  259.84 v _05759_/Y (NAND2x2_ASAP7_75t_R)
  46.59  306.43 ^ _05872_/Y (OAI22x1_ASAP7_75t_R)
  39.88  346.31 v _05874_/Y (NOR2x2_ASAP7_75t_R)
  45.95  392.25 v _08572_/Y (AND3x4_ASAP7_75t_R)
  22.76  415.02 v _08573_/Y (AND4x1_ASAP7_75t_R)
  52.03  467.05 v _08574_/Y (OA211x2_ASAP7_75t_R)
  20.58  487.62 ^ _08580_/Y (OAI21x1_ASAP7_75t_R)
  19.66  507.28 v _08581_/Y (NAND2x1_ASAP7_75t_R)
  84.48  591.76 v _08585_/Y (OR3x4_ASAP7_75t_R)
  33.33  625.09 v rebuffer1370/Y (BUFx6f_ASAP7_75t_R)
  23.60  648.70 v rebuffer1342/Y (BUFx6f_ASAP7_75t_R)
  24.26  672.96 v rebuffer1338/Y (BUFx6f_ASAP7_75t_R)
  24.60  697.56 v rebuffer1336/Y (BUFx12f_ASAP7_75t_R)
  14.89  712.45 ^ clone1341/Y (NAND2x2_ASAP7_75t_R)
  36.03  748.48 ^ _10250_/Y (AO32x1_ASAP7_75t_R)
   0.00  748.48 ^ _10787_/D (DFFLQNx2_ASAP7_75t_R)
         748.48   data arrival time

  10.00   10.00   clock clk' (fall edge)
   0.00   10.00   clock network delay (ideal)
   0.00   10.00   clock reconvergence pessimism
          10.00 v _10787_/CLK (DFFLQNx2_ASAP7_75t_R)
  -5.77    4.23   library setup time
           4.23   data required time
---------------------------------------------------------
           4.23   data required time
        -748.48   data arrival time
---------------------------------------------------------
        -744.25   slack (VIOLATED)


Startpoint: _10779_ (falling edge-triggered flip-flop clocked by clk')
Endpoint: _10788_ (falling edge-triggered flip-flop clocked by clk')
Path Group: clk
Path Type: max

  Delay    Time   Description
---------------------------------------------------------
   0.00    0.00   clock clk' (fall edge)
   0.00    0.00   clock network delay (ideal)
   0.00    0.00 v _10779_/CLK (DFFLQNx3_ASAP7_75t_R)
 125.83  125.83 v _10779_/QN (DFFLQNx3_ASAP7_75t_R)
  55.42  181.25 v rebuffer383/Y (BUFx2_ASAP7_75t_R)
  37.60  218.85 ^ _05712_/Y (NOR2x2_ASAP7_75t_R)
  40.99  259.84 v _05759_/Y (NAND2x2_ASAP7_75t_R)
  46.59  306.43 ^ _05872_/Y (OAI22x1_ASAP7_75t_R)
  39.88  346.31 v _05874_/Y (NOR2x2_ASAP7_75t_R)
  45.95  392.25 v _08572_/Y (AND3x4_ASAP7_75t_R)
  22.76  415.02 v _08573_/Y (AND4x1_ASAP7_75t_R)
  52.03  467.05 v _08574_/Y (OA211x2_ASAP7_75t_R)
  20.58  487.62 ^ _08580_/Y (OAI21x1_ASAP7_75t_R)
  19.66  507.28 v _08581_/Y (NAND2x1_ASAP7_75t_R)
  84.48  591.76 v _08585_/Y (OR3x4_ASAP7_75t_R)
  33.33  625.09 v rebuffer1370/Y (BUFx6f_ASAP7_75t_R)
  23.60  648.70 v rebuffer1342/Y (BUFx6f_ASAP7_75t_R)
  24.26  672.96 v rebuffer1338/Y (BUFx6f_ASAP7_75t_R)
  24.60  697.56 v rebuffer1336/Y (BUFx12f_ASAP7_75t_R)
  14.89  712.45 ^ clone1341/Y (NAND2x2_ASAP7_75t_R)
  36.03  748.48 ^ _10253_/Y (AO32x1_ASAP7_75t_R)
   0.00  748.48 ^ _10788_/D (DFFLQNx2_ASAP7_75t_R)
         748.48   data arrival time

  10.00   10.00   clock clk' (fall edge)
   0.00   10.00   clock network delay (ideal)
   0.00   10.00   clock reconvergence pessimism
          10.00 v _10788_/CLK (DFFLQNx2_ASAP7_75t_R)
  -5.77    4.23   library setup time
           4.23   data required time
---------------------------------------------------------
           4.23   data required time
        -748.48   data arrival time
---------------------------------------------------------
        -744.25   slack (VIOLATED)


Startpoint: _10793_ (falling edge-triggered flip-flop clocked by clk')
Endpoint: _10697_ (falling edge-triggered flip-flop clocked by clk')
Path Group: clk
Path Type: max

  Delay    Time   Description
---------------------------------------------------------
   0.00    0.00   clock clk' (fall edge)
   0.00    0.00   clock network delay (ideal)
   0.00    0.00 v _10793_/CLK (DFFLQNx3_ASAP7_75t_R)
 114.51  114.51 v _10793_/QN (DFFLQNx3_ASAP7_75t_R)
  31.55  146.06 ^ _06240_/Y (INVx3_ASAP7_75t_R)
  44.59  190.65 ^ _06242_/Y (AND3x4_ASAP7_75t_R)
  36.78  227.43 ^ _06243_/Y (XOR2x1_ASAP7_75t_R)
  47.94  275.38 v _10448_/CON (FAx1_ASAP7_75t_R)
  46.06  321.43 ^ _10449_/CON (FAx1_ASAP7_75t_R)
  42.70  364.13 ^ rebuffer961/Y (BUFx3_ASAP7_75t_R)
  14.29  378.42 v _06820_/Y (OAI21x1_ASAP7_75t_R)
  46.37  424.79 v _06822_/Y (AO21x2_ASAP7_75t_R)
  33.09  457.88 ^ _10453_/CON (FAx1_ASAP7_75t_R)
  25.32  483.20 v _10453_/SN (FAx1_ASAP7_75t_R)
  36.47  519.68 v _06344_/Y (AO21x1_ASAP7_75t_R)
  56.39  576.07 v _06347_/Y (AO32x2_ASAP7_75t_R)
  18.16  594.23 ^ _08074_/Y (AOI21x1_ASAP7_75t_R)
  41.64  635.87 ^ _08083_/Y (AO221x1_ASAP7_75t_R)
  38.38  674.25 ^ _08084_/Y (OA21x2_ASAP7_75t_R)
  15.35  689.60 v _09424_/Y (INVx3_ASAP7_75t_R)
  13.62  703.22 ^ _09542_/Y (NAND2x1_ASAP7_75t_R)
  37.33  740.55 ^ _09548_/Y (AO32x1_ASAP7_75t_R)
   0.00  740.55 ^ _10697_/D (DFFLQNx3_ASAP7_75t_R)
         740.55   data arrival time

  10.00   10.00   clock clk' (fall edge)
   0.00   10.00   clock network delay (ideal)
   0.00   10.00   clock reconvergence pessimism
          10.00 v _10697_/CLK (DFFLQNx3_ASAP7_75t_R)
  -2.59    7.41   library setup time
           7.41   data required time
---------------------------------------------------------
           7.41   data required time
        -740.55   data arrival time
---------------------------------------------------------
        -733.13   slack (VIOLATED)


Startpoint: _10638_ (falling edge-triggered flip-flop clocked by clk')
Endpoint: _10699_ (falling edge-triggered flip-flop clocked by clk')
Path Group: clk
Path Type: max

  Delay    Time   Description
---------------------------------------------------------
   0.00    0.00   clock clk' (fall edge)
   0.00    0.00   clock network delay (ideal)
   0.00    0.00 v _10638_/CLK (DFFLQNx2_ASAP7_75t_R)
 125.36  125.36 v _10638_/QN (DFFLQNx2_ASAP7_75t_R)
  36.26  161.62 ^ _06292_/Y (INVx3_ASAP7_75t_R)
  41.16  202.78 ^ _06294_/Y (OA21x2_ASAP7_75t_R)
  20.94  223.72 v _06295_/Y (INVx1_ASAP7_75t_R)
  45.17  268.89 ^ _06296_/Y (NAND2x2_ASAP7_75t_R)
  32.41  301.29 v _06370_/Y (NOR2x1_ASAP7_75t_R)
  51.05  352.34 v _06371_/Y (AO21x2_ASAP7_75t_R)
  28.90  381.24 ^ _10515_/CON (HAxp5_ASAP7_75t_R)
  28.38  409.62 v _06382_/Y (AOI21x1_ASAP7_75t_R)
  33.39  443.01 ^ _06383_/Y (NAND2x2_ASAP7_75t_R)
  39.56  482.58 ^ _06401_/Y (OA21x2_ASAP7_75t_R)
  32.81  515.39 ^ _06407_/Y (AO21x1_ASAP7_75t_R)
  36.34  551.72 ^ _08118_/Y (OA21x2_ASAP7_75t_R)
  14.48  566.21 v _08119_/Y (OAI21x1_ASAP7_75t_R)
  36.59  602.79 v _08122_/Y (OA21x2_ASAP7_75t_R)
  45.49  648.28 v _08123_/Y (AO21x1_ASAP7_75t_R)
  17.31  665.59 ^ _08124_/Y (INVx5_ASAP7_75t_R)
  11.84  677.44 v _09557_/Y (NAND2x1_ASAP7_75t_R)
  43.83  721.26 v _09562_/Y (AO32x1_ASAP7_75t_R)
   0.00  721.26 v _10699_/D (DFFLQNx3_ASAP7_75t_R)
         721.26   data arrival time

  10.00   10.00   clock clk' (fall edge)
   0.00   10.00   clock network delay (ideal)
   0.00   10.00   clock reconvergence pessimism
          10.00 v _10699_/CLK (DFFLQNx3_ASAP7_75t_R)
 -18.84   -8.84   library setup time
          -8.84   data required time
---------------------------------------------------------
          -8.84   data required time
        -721.26   data arrival time
---------------------------------------------------------
        -730.10   slack (VIOLATED)


Startpoint: _10774_ (falling edge-triggered flip-flop clocked by clk')
Endpoint: _10817_ (falling edge-triggered flip-flop clocked by clk')
Path Group: clk
Path Type: max

  Delay    Time   Description
---------------------------------------------------------
   0.00    0.00   clock clk' (fall edge)
   0.00    0.00   clock network delay (ideal)
   0.00    0.00 v _10774_/CLK (DFFLQNx3_ASAP7_75t_R)
 137.71  137.71 v _10774_/QN (DFFLQNx3_ASAP7_75t_R)
  47.10  184.82 v rebuffer1140/Y (BUFx6f_ASAP7_75t_R)
  14.79  199.60 ^ _05592_/Y (INVx8_ASAP7_75t_R)
  31.11  230.72 v _05593_/Y (NOR2x2_ASAP7_75t_R)
  57.73  288.45 ^ _05665_/Y (NAND2x2_ASAP7_75t_R)
  28.74  317.19 v _05666_/Y (INVx8_ASAP7_75t_R)
  35.72  352.90 ^ _05903_/Y (NAND2x2_ASAP7_75t_R)
  25.21  378.12 v _07119_/Y (INVx1_ASAP7_75t_R)
  48.40  426.51 v _07122_/Y (AO21x2_ASAP7_75t_R)
  70.91  497.42 v _07599_/Y (OR5x1_ASAP7_75t_R)
  40.89  538.31 v _07604_/Y (OA22x2_ASAP7_75t_R)
  42.68  581.00 v _07605_/Y (AO21x2_ASAP7_75t_R)
  39.05  620.05 v _07612_/Y (AND2x4_ASAP7_75t_R)
  20.26  640.30 ^ _08230_/Y (NAND3x2_ASAP7_75t_R)
  34.82  675.12 ^ _08231_/Y (AO21x1_ASAP7_75t_R)
  17.27  692.39 v _08233_/Y (OAI22x1_ASAP7_75t_R)
   0.00  692.39 v _10817_/D (DFFLQNx2_ASAP7_75t_R)
         692.39   data arrival time

  10.00   10.00   clock clk' (fall edge)
   0.00   10.00   clock network delay (ideal)
   0.00   10.00   clock reconvergence pessimism
          10.00 v _10817_/CLK (DFFLQNx2_ASAP7_75t_R)
 -24.28  -14.28   library setup time
         -14.28   data required time
---------------------------------------------------------
         -14.28   data required time
        -692.39   data arrival time
---------------------------------------------------------
        -706.67   slack (VIOLATED)


Startpoint: _10775_ (falling edge-triggered flip-flop clocked by clk')
Endpoint: _10799_ (falling edge-triggered flip-flop clocked by clk')
Path Group: clk
Path Type: max

  Delay    Time   Description
---------------------------------------------------------
   0.00    0.00   clock clk' (fall edge)
   0.00    0.00   clock network delay (ideal)
   0.00    0.00 v _10775_/CLK (DFFLQNx3_ASAP7_75t_R)
 151.64  151.64 v _10775_/QN (DFFLQNx3_ASAP7_75t_R)
  70.60  222.24 ^ _05584_/Y (NAND2x2_ASAP7_75t_R)
  44.63  266.88 v _05771_/Y (NOR2x2_ASAP7_75t_R)
  54.09  320.97 ^ _05773_/Y (OAI21x1_ASAP7_75t_R)
  47.44  368.41 ^ rebuffer538/Y (BUFx2_ASAP7_75t_R)
  28.24  396.65 ^ rebuffer539/Y (BUFx2_ASAP7_75t_R)
  21.73  418.38 ^ _07894_/Y (AO21x1_ASAP7_75t_R)
  43.68  462.06 ^ _07897_/Y (AND3x1_ASAP7_75t_R)
  26.31  488.37 v _07898_/Y (INVx1_ASAP7_75t_R)
  24.62  512.99 ^ _07899_/Y (NOR3x2_ASAP7_75t_R)
  18.19  531.18 v _07900_/Y (NAND3x1_ASAP7_75t_R)
  19.86  551.03 ^ _07906_/Y (AOI21x1_ASAP7_75t_R)
  22.22  573.25 v _07907_/Y (OAI21x1_ASAP7_75t_R)
  43.41  616.66 v rebuffer1082/Y (BUFx2_ASAP7_75t_R)
  20.50  637.16 ^ _07908_/Y (NAND2x2_ASAP7_75t_R)
  29.55  666.70 ^ _07916_/Y (OR3x1_ASAP7_75t_R)
  13.95  680.65 v _07921_/Y (AOI22x1_ASAP7_75t_R)
   0.00  680.65 v _10799_/D (DFFLQNx2_ASAP7_75t_R)
         680.65   data arrival time

  10.00   10.00   clock clk' (fall edge)
   0.00   10.00   clock network delay (ideal)
   0.00   10.00   clock reconvergence pessimism
          10.00 v _10799_/CLK (DFFLQNx2_ASAP7_75t_R)
 -28.99  -18.99   library setup time
         -18.99   data required time
---------------------------------------------------------
         -18.99   data required time
        -680.65   data arrival time
---------------------------------------------------------
        -699.65   slack (VIOLATED)


Startpoint: _10774_ (falling edge-triggered flip-flop clocked by clk')
Endpoint: _10632_ (falling edge-triggered flip-flop clocked by clk')
Path Group: clk
Path Type: max

  Delay    Time   Description
---------------------------------------------------------
   0.00    0.00   clock clk' (fall edge)
   0.00    0.00   clock network delay (ideal)
   0.00    0.00 v _10774_/CLK (DFFLQNx3_ASAP7_75t_R)
 137.71  137.71 v _10774_/QN (DFFLQNx3_ASAP7_75t_R)
  47.10  184.82 v rebuffer1140/Y (BUFx6f_ASAP7_75t_R)
  14.79  199.60 ^ _05592_/Y (INVx8_ASAP7_75t_R)
  31.11  230.72 v _05593_/Y (NOR2x2_ASAP7_75t_R)
  57.73  288.45 ^ _05665_/Y (NAND2x2_ASAP7_75t_R)
  28.74  317.19 v _05666_/Y (INVx8_ASAP7_75t_R)
  35.72  352.90 ^ _05903_/Y (NAND2x2_ASAP7_75t_R)
  25.21  378.12 v _07119_/Y (INVx1_ASAP7_75t_R)
  48.40  426.51 v _07122_/Y (AO21x2_ASAP7_75t_R)
  70.91  497.42 v _07599_/Y (OR5x1_ASAP7_75t_R)
  40.89  538.31 v _07604_/Y (OA22x2_ASAP7_75t_R)
  42.68  581.00 v _07605_/Y (AO21x2_ASAP7_75t_R)
  39.05  620.05 v _07612_/Y (AND2x4_ASAP7_75t_R)
  32.95  653.00 v _07636_/Y (AO21x1_ASAP7_75t_R)
  30.85  683.85 v _07640_/Y (AO21x1_ASAP7_75t_R)
   0.00  683.85 v _10632_/D (DFFLQNx2_ASAP7_75t_R)
         683.85   data arrival time

  10.00   10.00   clock clk' (fall edge)
   0.00   10.00   clock network delay (ideal)
   0.00   10.00   clock reconvergence pessimism
          10.00 v _10632_/CLK (DFFLQNx2_ASAP7_75t_R)
 -18.00   -8.00   library setup time
          -8.00   data required time
---------------------------------------------------------
          -8.00   data required time
        -683.85   data arrival time
---------------------------------------------------------
        -691.85   slack (VIOLATED)


Startpoint: _10775_ (falling edge-triggered flip-flop clocked by clk')
Endpoint: _10636_ (falling edge-triggered flip-flop clocked by clk')
Path Group: clk
Path Type: max

  Delay    Time   Description
---------------------------------------------------------
   0.00    0.00   clock clk' (fall edge)
   0.00    0.00   clock network delay (ideal)
   0.00    0.00 v _10775_/CLK (DFFLQNx3_ASAP7_75t_R)
 151.64  151.64 v _10775_/QN (DFFLQNx3_ASAP7_75t_R)
  36.95  188.59 ^ _05514_/Y (INVx8_ASAP7_75t_R)
  40.84  229.43 v _05515_/Y (NOR2x2_ASAP7_75t_R)
  41.31  270.75 v rebuffer388/Y (BUFx6f_ASAP7_75t_R)
  32.80  303.54 v rebuffer389/Y (BUFx2_ASAP7_75t_R)
  34.36  337.91 ^ clone378/Y (NAND2x2_ASAP7_75t_R)
  26.48  364.39 v _05614_/Y (NOR2x2_ASAP7_75t_R)
  22.36  386.75 ^ _05615_/Y (INVx3_ASAP7_75t_R)
  50.10  436.85 ^ _07659_/Y (AND3x2_ASAP7_75t_R)
  43.81  480.66 ^ _07660_/Y (AO21x1_ASAP7_75t_R)
  20.04  500.71 v _07672_/Y (NAND3x2_ASAP7_75t_R)
  21.14  521.84 ^ _07673_/Y (NOR2x2_ASAP7_75t_R)
  14.46  536.30 v _07677_/Y (NAND3x2_ASAP7_75t_R)
  43.15  579.45 ^ _07694_/Y (AOI21x1_ASAP7_75t_R)
  50.29  629.74 ^ rebuffer1075/Y (BUFx3_ASAP7_75t_R)
  17.50  647.24 v _07695_/Y (CKINVDCx8_ASAP7_75t_R)
  32.05  679.30 v _07698_/Y (AO21x1_ASAP7_75t_R)
   0.00  679.30 v _10636_/D (DFFLQNx2_ASAP7_75t_R)
         679.30   data arrival time

  10.00   10.00   clock clk' (fall edge)
   0.00   10.00   clock network delay (ideal)
   0.00   10.00   clock reconvergence pessimism
          10.00 v _10636_/CLK (DFFLQNx2_ASAP7_75t_R)
 -18.00   -8.00   library setup time
          -8.00   data required time
---------------------------------------------------------
          -8.00   data required time
        -679.30   data arrival time
---------------------------------------------------------
        -687.30   slack (VIOLATED)


Startpoint: _10638_ (falling edge-triggered flip-flop clocked by clk')
Endpoint: _10700_ (falling edge-triggered flip-flop clocked by clk')
Path Group: clk
Path Type: max

  Delay    Time   Description
---------------------------------------------------------
   0.00    0.00   clock clk' (fall edge)
   0.00    0.00   clock network delay (ideal)
   0.00    0.00 v _10638_/CLK (DFFLQNx2_ASAP7_75t_R)
 125.36  125.36 v _10638_/QN (DFFLQNx2_ASAP7_75t_R)
  36.26  161.62 ^ _06292_/Y (INVx3_ASAP7_75t_R)
  41.16  202.78 ^ _06294_/Y (OA21x2_ASAP7_75t_R)
  20.94  223.72 v _06295_/Y (INVx1_ASAP7_75t_R)
  45.17  268.89 ^ _06296_/Y (NAND2x2_ASAP7_75t_R)
  32.41  301.29 v _06370_/Y (NOR2x1_ASAP7_75t_R)
  51.05  352.34 v _06371_/Y (AO21x2_ASAP7_75t_R)
  26.63  378.97 ^ _10516_/CON (HAxp5_ASAP7_75t_R)
  34.07  413.04 v _10521_/CON (HAxp5_ASAP7_75t_R)
  21.78  434.81 ^ _10521_/SN (HAxp5_ASAP7_75t_R)
  15.62  450.44 v _06421_/Y (INVx1_ASAP7_75t_R)
  30.02  480.46 v _06422_/Y (AO21x1_ASAP7_75t_R)
  38.85  519.31 v _06426_/Y (OA21x2_ASAP7_75t_R)
  26.00  545.30 ^ _08145_/Y (AOI22x1_ASAP7_75t_R)
  17.53  562.83 v _08147_/Y (AOI21x1_ASAP7_75t_R)
  13.16  575.99 ^ _08148_/Y (INVx1_ASAP7_75t_R)
  42.35  618.34 ^ _08151_/Y (AO22x2_ASAP7_75t_R)
  14.76  633.11 v _09563_/Y (NAND2x1_ASAP7_75t_R)
  43.83  676.93 v _09569_/Y (AO32x1_ASAP7_75t_R)
   0.00  676.93 v _10700_/D (DFFLQNx3_ASAP7_75t_R)
         676.93   data arrival time

  10.00   10.00   clock clk' (fall edge)
   0.00   10.00   clock network delay (ideal)
   0.00   10.00   clock reconvergence pessimism
          10.00 v _10700_/CLK (DFFLQNx3_ASAP7_75t_R)
 -18.84   -8.84   library setup time
          -8.84   data required time
---------------------------------------------------------
          -8.84   data required time
        -676.93   data arrival time
---------------------------------------------------------
        -685.77   slack (VIOLATED)


Startpoint: _10775_ (falling edge-triggered flip-flop clocked by clk')
Endpoint: _10792_ (falling edge-triggered flip-flop clocked by clk')
Path Group: clk
Path Type: max

  Delay    Time   Description
---------------------------------------------------------
   0.00    0.00   clock clk' (fall edge)
   0.00    0.00   clock network delay (ideal)
   0.00    0.00 v _10775_/CLK (DFFLQNx3_ASAP7_75t_R)
 151.64  151.64 v _10775_/QN (DFFLQNx3_ASAP7_75t_R)
  36.95  188.59 ^ _05514_/Y (INVx8_ASAP7_75t_R)
  40.84  229.43 v _05515_/Y (NOR2x2_ASAP7_75t_R)
  41.31  270.75 v rebuffer388/Y (BUFx6f_ASAP7_75t_R)
  34.15  304.90 ^ _05539_/Y (NAND2x2_ASAP7_75t_R)
  32.77  337.67 v _07655_/Y (NOR2x2_ASAP7_75t_R)
  16.46  354.13 ^ _08680_/Y (INVx1_ASAP7_75t_R)
  46.40  400.53 ^ _08682_/Y (AND3x2_ASAP7_75t_R)
  39.90  440.42 ^ _10302_/Y (AND3x1_ASAP7_75t_R)
  56.88  497.31 ^ _10334_/Y (AND5x1_ASAP7_75t_R)
  44.69  542.00 ^ _10339_/Y (AND3x2_ASAP7_75t_R)
  27.58  569.58 ^ _10342_/Y (AO21x1_ASAP7_75t_R)
  37.00  606.58 ^ _10363_/Y (AND3x1_ASAP7_75t_R)
  20.98  627.56 v _10364_/Y (NOR2x1_ASAP7_75t_R)
  27.23  654.79 ^ _10391_/Y (OAI21x1_ASAP7_75t_R)
  20.31  675.10 v _10406_/Y (OAI22x1_ASAP7_75t_R)
   0.00  675.10 v _10792_/D (DFFLQNx2_ASAP7_75t_R)
         675.10   data arrival time

  10.00   10.00   clock clk' (fall edge)
   0.00   10.00   clock network delay (ideal)
   0.00   10.00   clock reconvergence pessimism
          10.00 v _10792_/CLK (DFFLQNx2_ASAP7_75t_R)
 -19.26   -9.26   library setup time
          -9.26   data required time
---------------------------------------------------------
          -9.26   data required time
        -675.10   data arrival time
---------------------------------------------------------
        -684.36   slack (VIOLATED)


Startpoint: _10774_ (falling edge-triggered flip-flop clocked by clk')
Endpoint: _10633_ (falling edge-triggered flip-flop clocked by clk')
Path Group: clk
Path Type: max

  Delay    Time   Description
---------------------------------------------------------
   0.00    0.00   clock clk' (fall edge)
   0.00    0.00   clock network delay (ideal)
   0.00    0.00 v _10774_/CLK (DFFLQNx3_ASAP7_75t_R)
 137.71  137.71 v _10774_/QN (DFFLQNx3_ASAP7_75t_R)
  47.10  184.82 v rebuffer1140/Y (BUFx6f_ASAP7_75t_R)
  14.79  199.60 ^ _05592_/Y (INVx8_ASAP7_75t_R)
  31.11  230.72 v _05593_/Y (NOR2x2_ASAP7_75t_R)
  57.73  288.45 ^ _05665_/Y (NAND2x2_ASAP7_75t_R)
  28.74  317.19 v _05666_/Y (INVx8_ASAP7_75t_R)
  35.72  352.90 ^ _05903_/Y (NAND2x2_ASAP7_75t_R)
  25.21  378.12 v _07119_/Y (INVx1_ASAP7_75t_R)
  48.40  426.51 v _07122_/Y (AO21x2_ASAP7_75t_R)
  70.91  497.42 v _07599_/Y (OR5x1_ASAP7_75t_R)
  40.89  538.31 v _07604_/Y (OA22x2_ASAP7_75t_R)
  42.68  581.00 v _07605_/Y (AO21x2_ASAP7_75t_R)
  39.05  620.05 v _07612_/Y (AND2x4_ASAP7_75t_R)
  33.02  653.07 v _07642_/Y (AO21x1_ASAP7_75t_R)
   0.00  653.07 v _10633_/D (DFFLQNx2_ASAP7_75t_R)
         653.07   data arrival time

  10.00   10.00   clock clk' (fall edge)
   0.00   10.00   clock network delay (ideal)
   0.00   10.00   clock reconvergence pessimism
          10.00 v _10633_/CLK (DFFLQNx2_ASAP7_75t_R)
 -18.00   -8.00   library setup time
          -8.00   data required time
---------------------------------------------------------
          -8.00   data required time
        -653.07   data arrival time
---------------------------------------------------------
        -661.07   slack (VIOLATED)


Startpoint: _10778_ (falling edge-triggered flip-flop clocked by clk')
Endpoint: _10694_ (falling edge-triggered flip-flop clocked by clk')
Path Group: clk
Path Type: max

  Delay    Time   Description
---------------------------------------------------------
   0.00    0.00   clock clk' (fall edge)
   0.00    0.00   clock network delay (ideal)
   0.00    0.00 v _10778_/CLK (DFFLQNx3_ASAP7_75t_R)
 120.88  120.88 v _10778_/QN (DFFLQNx3_ASAP7_75t_R)
  47.66  168.54 v rebuffer415/Y (BUFx12f_ASAP7_75t_R)
  36.97  205.50 ^ _05701_/Y (NAND2x2_ASAP7_75t_R)
  44.11  249.61 ^ rebuffer369/Y (BUFx3_ASAP7_75t_R)
  30.54  280.15 ^ rebuffer370/Y (BUFx2_ASAP7_75t_R)
  17.55  297.70 v _07099_/Y (NOR2x1_ASAP7_75t_R)
  21.96  319.67 ^ _08001_/Y (INVx1_ASAP7_75t_R)
  18.68  338.35 v _08002_/Y (NOR2x1_ASAP7_75t_R)
  41.92  380.27 v _08003_/Y (AO22x1_ASAP7_75t_R)
  63.34  443.60 v _08007_/Y (OR5x1_ASAP7_75t_R)
  40.42  484.03 v _08008_/Y (AO21x1_ASAP7_75t_R)
  16.84  500.87 ^ _08009_/Y (NAND2x1_ASAP7_75t_R)
  32.44  533.30 ^ _08010_/Y (OA21x2_ASAP7_75t_R)
  40.04  573.35 ^ _08012_/Y (AO21x2_ASAP7_75t_R)
  14.28  587.63 v _09520_/Y (NAND2x1_ASAP7_75t_R)
  43.83  631.46 v _09526_/Y (AO32x1_ASAP7_75t_R)
   0.00  631.46 v _10694_/D (DFFLQNx3_ASAP7_75t_R)
         631.46   data arrival time

  10.00   10.00   clock clk' (fall edge)
   0.00   10.00   clock network delay (ideal)
   0.00   10.00   clock reconvergence pessimism
          10.00 v _10694_/CLK (DFFLQNx3_ASAP7_75t_R)
 -18.84   -8.84   library setup time
          -8.84   data required time
---------------------------------------------------------
          -8.84   data required time
        -631.46   data arrival time
---------------------------------------------------------
        -640.30   slack (VIOLATED)


Startpoint: _10781_ (falling edge-triggered flip-flop clocked by clk')
Endpoint: _10816_ (falling edge-triggered flip-flop clocked by clk')
Path Group: clk
Path Type: max

  Delay    Time   Description
---------------------------------------------------------
   0.00    0.00   clock clk' (fall edge)
   0.00    0.00   clock network delay (ideal)
   0.00    0.00 v _10781_/CLK (DFFLQNx2_ASAP7_75t_R)
 133.03  133.03 v _10781_/QN (DFFLQNx2_ASAP7_75t_R)
  34.69  167.72 ^ _05540_/Y (INVx5_ASAP7_75t_R)
  20.73  188.46 v _05542_/Y (NAND2x2_ASAP7_75t_R)
  34.32  222.77 v rebuffer393/Y (BUFx12f_ASAP7_75t_R)
  30.51  253.28 ^ _05862_/Y (NOR2x2_ASAP7_75t_R)
  44.13  297.41 ^ rebuffer380/Y (BUFx2_ASAP7_75t_R)
  20.87  318.28 v _06063_/Y (NAND2x2_ASAP7_75t_R)
 114.01  432.29 ^ _07909_/Y (NOR2x2_ASAP7_75t_R)
  43.74  476.03 v _07910_/Y (CKINVDCx16_ASAP7_75t_R)
  32.90  508.93 ^ _07915_/Y (NAND2x1_ASAP7_75t_R)
  37.18  546.11 ^ _07919_/Y (AO21x1_ASAP7_75t_R)
  22.44  568.55 v _07920_/Y (NOR2x1_ASAP7_75t_R)
  48.81  617.36 v _08229_/Y (AO221x1_ASAP7_75t_R)
   0.00  617.36 v _10816_/D (DFFLQNx2_ASAP7_75t_R)
         617.36   data arrival time

  10.00   10.00   clock clk' (fall edge)
   0.00   10.00   clock network delay (ideal)
   0.00   10.00   clock reconvergence pessimism
          10.00 v _10816_/CLK (DFFLQNx2_ASAP7_75t_R)
 -18.26   -8.26   library setup time
          -8.26   data required time
---------------------------------------------------------
          -8.26   data required time
        -617.36   data arrival time
---------------------------------------------------------
        -625.61   slack (VIOLATED)


Startpoint: _10775_ (falling edge-triggered flip-flop clocked by clk')
Endpoint: _10892_ (falling edge-triggered flip-flop clocked by clk')
Path Group: clk
Path Type: max

  Delay    Time   Description
---------------------------------------------------------
   0.00    0.00   clock clk' (fall edge)
   0.00    0.00   clock network delay (ideal)
   0.00    0.00 v _10775_/CLK (DFFLQNx3_ASAP7_75t_R)
 151.64  151.64 v _10775_/QN (DFFLQNx3_ASAP7_75t_R)
  36.95  188.59 ^ _05514_/Y (INVx8_ASAP7_75t_R)
  40.84  229.43 v _05515_/Y (NOR2x2_ASAP7_75t_R)
  41.31  270.75 v rebuffer388/Y (BUFx6f_ASAP7_75t_R)
  34.15  304.90 ^ _05539_/Y (NAND2x2_ASAP7_75t_R)
  48.06  352.96 ^ _05544_/Y (OR3x4_ASAP7_75t_R)
  20.43  373.40 v _05545_/Y (NOR2x2_ASAP7_75t_R)
  37.34  410.74 ^ _06782_/Y (INVx1_ASAP7_75t_R)
  56.96  467.69 v _10480_/CON (HAxp5_ASAP7_75t_R)
  44.16  511.85 v _05560_/Y (AND3x1_ASAP7_75t_R)
  32.79  544.64 v _05647_/Y (AND5x1_ASAP7_75t_R)
  66.93  611.56 v _05653_/Y (OR5x1_ASAP7_75t_R)
   0.00  611.56 v _10892_/D (DFFLQNx2_ASAP7_75t_R)
         611.56   data arrival time

  10.00   10.00   clock clk' (fall edge)
   0.00   10.00   clock network delay (ideal)
   0.00   10.00   clock reconvergence pessimism
          10.00 v _10892_/CLK (DFFLQNx2_ASAP7_75t_R)
 -20.16  -10.16   library setup time
         -10.16   data required time
---------------------------------------------------------
         -10.16   data required time
        -611.56   data arrival time
---------------------------------------------------------
        -621.72   slack (VIOLATED)


Startpoint: _10775_ (falling edge-triggered flip-flop clocked by clk')
Endpoint: _10893_ (falling edge-triggered flip-flop clocked by clk')
Path Group: clk
Path Type: max

  Delay    Time   Description
---------------------------------------------------------
   0.00    0.00   clock clk' (fall edge)
   0.00    0.00   clock network delay (ideal)
   0.00    0.00 v _10775_/CLK (DFFLQNx3_ASAP7_75t_R)
 134.92  134.92 ^ _10775_/QN (DFFLQNx3_ASAP7_75t_R)
  34.32  169.24 v _05514_/Y (INVx8_ASAP7_75t_R)
  41.11  210.35 ^ _05515_/Y (NOR2x2_ASAP7_75t_R)
  42.45  252.80 ^ rebuffer388/Y (BUFx6f_ASAP7_75t_R)
  26.24  279.04 v _05539_/Y (NAND2x2_ASAP7_75t_R)
  81.85  360.89 v _05544_/Y (OR3x4_ASAP7_75t_R)
  26.53  387.42 ^ _05545_/Y (NOR2x2_ASAP7_75t_R)
  30.48  417.90 v _06782_/Y (INVx1_ASAP7_75t_R)
  61.50  479.40 ^ _10480_/CON (HAxp5_ASAP7_75t_R)
  55.66  535.06 ^ _05560_/Y (AND3x1_ASAP7_75t_R)
  44.65  579.71 ^ _05566_/Y (AND4x1_ASAP7_75t_R)
  36.42  616.13 ^ _05863_/Y (AO32x1_ASAP7_75t_R)
   0.00  616.13 ^ _10893_/D (DFFLQNx2_ASAP7_75t_R)
         616.13   data arrival time

  10.00   10.00   clock clk' (fall edge)
   0.00   10.00   clock network delay (ideal)
   0.00   10.00   clock reconvergence pessimism
          10.00 v _10893_/CLK (DFFLQNx2_ASAP7_75t_R)
  -4.91    5.09   library setup time
           5.09   data required time
---------------------------------------------------------
           5.09   data required time
        -616.13   data arrival time
---------------------------------------------------------
        -611.03   slack (VIOLATED)


Startpoint: _10775_ (falling edge-triggered flip-flop clocked by clk')
Endpoint: _10895_ (falling edge-triggered flip-flop clocked by clk')
Path Group: clk
Path Type: max

  Delay    Time   Description
---------------------------------------------------------
   0.00    0.00   clock clk' (fall edge)
   0.00    0.00   clock network delay (ideal)
   0.00    0.00 v _10775_/CLK (DFFLQNx3_ASAP7_75t_R)
 134.92  134.92 ^ _10775_/QN (DFFLQNx3_ASAP7_75t_R)
  34.32  169.24 v _05514_/Y (INVx8_ASAP7_75t_R)
  41.11  210.35 ^ _05515_/Y (NOR2x2_ASAP7_75t_R)
  42.45  252.80 ^ rebuffer388/Y (BUFx6f_ASAP7_75t_R)
  26.24  279.04 v _05539_/Y (NAND2x2_ASAP7_75t_R)
  81.85  360.89 v _05544_/Y (OR3x4_ASAP7_75t_R)
  26.53  387.42 ^ _05545_/Y (NOR2x2_ASAP7_75t_R)
  30.48  417.90 v _06782_/Y (INVx1_ASAP7_75t_R)
  61.50  479.40 ^ _10480_/CON (HAxp5_ASAP7_75t_R)
  55.66  535.06 ^ _05560_/Y (AND3x1_ASAP7_75t_R)
  44.65  579.71 ^ _05566_/Y (AND4x1_ASAP7_75t_R)
  36.32  616.03 ^ _05567_/Y (AO32x1_ASAP7_75t_R)
   0.00  616.03 ^ _10895_/D (DFFLQNx2_ASAP7_75t_R)
         616.03   data arrival time

  10.00   10.00   clock clk' (fall edge)
   0.00   10.00   clock network delay (ideal)
   0.00   10.00   clock reconvergence pessimism
          10.00 v _10895_/CLK (DFFLQNx2_ASAP7_75t_R)
  -4.94    5.06   library setup time
           5.06   data required time
---------------------------------------------------------
           5.06   data required time
        -616.03   data arrival time
---------------------------------------------------------
        -610.97   slack (VIOLATED)


Startpoint: _10780_ (falling edge-triggered flip-flop clocked by clk')
Endpoint: _10757_ (falling edge-triggered flip-flop clocked by clk')
Path Group: clk
Path Type: max

  Delay    Time   Description
---------------------------------------------------------
   0.00    0.00   clock clk' (fall edge)
   0.00    0.00   clock network delay (ideal)
   0.00    0.00 v _10780_/CLK (DFFLQNx2_ASAP7_75t_R)
 130.11  130.11 v _10780_/QN (DFFLQNx2_ASAP7_75t_R)
  40.17  170.27 ^ _05603_/Y (NAND2x2_ASAP7_75t_R)
  42.98  213.25 ^ rebuffer353/Y (BUFx12f_ASAP7_75t_R)
  38.10  251.36 ^ rebuffer355/Y (BUFx3_ASAP7_75t_R)
  24.15  275.51 v _05832_/Y (NOR2x2_ASAP7_75t_R)
  23.06  298.57 ^ _05897_/Y (INVx3_ASAP7_75t_R)
  27.55  326.12 v _05931_/Y (AOI21x1_ASAP7_75t_R)
  22.57  348.68 ^ _05957_/Y (INVx2_ASAP7_75t_R)
  50.05  398.73 ^ _06065_/Y (AND3x2_ASAP7_75t_R)
  20.22  418.96 v _06066_/Y (NAND2x2_ASAP7_75t_R)
  22.41  441.36 ^ _06067_/Y (NOR2x1_ASAP7_75t_R)
  52.31  493.67 ^ _06070_/Y (AND3x2_ASAP7_75t_R)
  20.31  513.98 v _06071_/Y (NAND2x2_ASAP7_75t_R)
  45.58  559.56 v _10059_/Y (OR3x1_ASAP7_75t_R)
  16.64  576.21 ^ _10060_/Y (NAND2x1_ASAP7_75t_R)
  37.56  613.76 ^ _10062_/Y (AND3x1_ASAP7_75t_R)
   0.00  613.76 ^ _10757_/D (DFFLQNx2_ASAP7_75t_R)
         613.76   data arrival time

  10.00   10.00   clock clk' (fall edge)
   0.00   10.00   clock network delay (ideal)
   0.00   10.00   clock reconvergence pessimism
          10.00 v _10757_/CLK (DFFLQNx2_ASAP7_75t_R)
  -4.87    5.13   library setup time
           5.13   data required time
---------------------------------------------------------
           5.13   data required time
        -613.76   data arrival time
---------------------------------------------------------
        -608.63   slack (VIOLATED)


Startpoint: _10794_ (falling edge-triggered flip-flop clocked by clk')
Endpoint: _10696_ (falling edge-triggered flip-flop clocked by clk')
Path Group: clk
Path Type: max

  Delay    Time   Description
---------------------------------------------------------
   0.00    0.00   clock clk' (fall edge)
   0.00    0.00   clock network delay (ideal)
   0.00    0.00 v _10794_/CLK (DFFLQNx3_ASAP7_75t_R)
 155.88  155.88 v _10794_/QN (DFFLQNx3_ASAP7_75t_R)
  58.75  214.62 v _06802_/Y (XOR2x1_ASAP7_75t_R)
  29.42  244.05 ^ _10499_/CON (HAxp5_ASAP7_75t_R)
  20.35  264.39 v _10499_/SN (HAxp5_ASAP7_75t_R)
  25.35  289.74 ^ _06325_/Y (INVx1_ASAP7_75t_R)
  33.72  323.45 ^ _06326_/Y (AND2x2_ASAP7_75t_R)
  20.35  343.80 ^ _06328_/Y (OR3x1_ASAP7_75t_R)
  45.43  389.23 ^ _06331_/Y (AO32x2_ASAP7_75t_R)
  16.91  406.14 v _08050_/Y (NOR2x1_ASAP7_75t_R)
  46.57  452.71 v _08060_/Y (OR3x1_ASAP7_75t_R)
  33.59  486.30 v _08062_/Y (AO21x1_ASAP7_75t_R)
  14.26  500.57 ^ _08063_/Y (INVx1_ASAP7_75t_R)
  22.81  523.38 v _08065_/Y (AOI21x1_ASAP7_75t_R)
  17.72  541.11 ^ _08066_/Y (INVx3_ASAP7_75t_R)
  11.97  553.07 v _09534_/Y (NAND2x1_ASAP7_75t_R)
  43.83  596.90 v _09541_/Y (AO32x1_ASAP7_75t_R)
   0.00  596.90 v _10696_/D (DFFLQNx3_ASAP7_75t_R)
         596.90   data arrival time

  10.00   10.00   clock clk' (fall edge)
   0.00   10.00   clock network delay (ideal)
   0.00   10.00   clock reconvergence pessimism
          10.00 v _10696_/CLK (DFFLQNx3_ASAP7_75t_R)
 -18.84   -8.84   library setup time
          -8.84   data required time
---------------------------------------------------------
          -8.84   data required time
        -596.90   data arrival time
---------------------------------------------------------
        -605.74   slack (VIOLATED)


Startpoint: _10638_ (falling edge-triggered flip-flop clocked by clk')
Endpoint: _10695_ (falling edge-triggered flip-flop clocked by clk')
Path Group: clk
Path Type: max

  Delay    Time   Description
---------------------------------------------------------
   0.00    0.00   clock clk' (fall edge)
   0.00    0.00   clock network delay (ideal)
   0.00    0.00 v _10638_/CLK (DFFLQNx2_ASAP7_75t_R)
 125.36  125.36 v _10638_/QN (DFFLQNx2_ASAP7_75t_R)
  36.26  161.62 ^ _06292_/Y (INVx3_ASAP7_75t_R)
  41.16  202.78 ^ _06294_/Y (OA21x2_ASAP7_75t_R)
  20.94  223.72 v _06295_/Y (INVx1_ASAP7_75t_R)
  45.17  268.89 ^ _06296_/Y (NAND2x2_ASAP7_75t_R)
  33.68  302.57 v _06317_/Y (INVx3_ASAP7_75t_R)
  18.06  320.63 ^ _06320_/Y (NOR2x1_ASAP7_75t_R)
  30.19  350.82 ^ _06321_/Y (AO21x1_ASAP7_75t_R)
  34.41  385.23 ^ _08034_/Y (OA22x2_ASAP7_75t_R)
  43.37  428.59 ^ _08035_/Y (AND4x1_ASAP7_75t_R)
  26.77  455.36 ^ _08036_/Y (AO21x1_ASAP7_75t_R)
  15.05  470.41 v _08037_/Y (NOR2x1_ASAP7_75t_R)
  46.55  516.96 v _08038_/Y (AO21x2_ASAP7_75t_R)
  15.36  532.32 ^ _08039_/Y (INVx4_ASAP7_75t_R)
  11.12  543.45 v _09527_/Y (NAND2x1_ASAP7_75t_R)
  43.83  587.27 v _09533_/Y (AO32x1_ASAP7_75t_R)
   0.00  587.27 v _10695_/D (DFFLQNx3_ASAP7_75t_R)
         587.27   data arrival time

  10.00   10.00   clock clk' (fall edge)
   0.00   10.00   clock network delay (ideal)
   0.00   10.00   clock reconvergence pessimism
          10.00 v _10695_/CLK (DFFLQNx3_ASAP7_75t_R)
 -18.84   -8.84   library setup time
          -8.84   data required time
---------------------------------------------------------
          -8.84   data required time
        -587.27   data arrival time
---------------------------------------------------------
        -596.11   slack (VIOLATED)


Startpoint: _10781_ (falling edge-triggered flip-flop clocked by clk')
Endpoint: _10784_ (falling edge-triggered flip-flop clocked by clk')
Path Group: clk
Path Type: max

  Delay    Time   Description
---------------------------------------------------------
   0.00    0.00   clock clk' (fall edge)
   0.00    0.00   clock network delay (ideal)
   0.00    0.00 v _10781_/CLK (DFFLQNx2_ASAP7_75t_R)
 119.65  119.65 ^ _10781_/QN (DFFLQNx2_ASAP7_75t_R)
  72.35  192.00 v clone390/Y (NOR2x1_ASAP7_75t_R)
  90.50  282.49 ^ clone379/Y (NAND2xp67_ASAP7_75t_R)
  41.51  324.00 v _05533_/Y (NOR2x2_ASAP7_75t_R)
  22.85  346.85 ^ _05534_/Y (INVx1_ASAP7_75t_R)
  41.14  387.98 ^ _05538_/Y (AO21x1_ASAP7_75t_R)
  29.97  417.96 v _06973_/Y (INVx1_ASAP7_75t_R)
  72.54  490.50 v _10479_/SN (HAxp5_ASAP7_75t_R)
  20.57  511.07 ^ _10235_/Y (AOI21x1_ASAP7_75t_R)
  32.17  543.24 ^ _10236_/Y (OA21x2_ASAP7_75t_R)
  27.70  570.94 ^ _10237_/Y (AO21x1_ASAP7_75t_R)
  13.90  584.83 v _10238_/Y (AOI21x1_ASAP7_75t_R)
   0.00  584.83 v _10784_/D (DFFLQNx2_ASAP7_75t_R)
         584.83   data arrival time

  10.00   10.00   clock clk' (fall edge)
   0.00   10.00   clock network delay (ideal)
   0.00   10.00   clock reconvergence pessimism
          10.00 v _10784_/CLK (DFFLQNx2_ASAP7_75t_R)
 -18.67   -8.67   library setup time
          -8.67   data required time
---------------------------------------------------------
          -8.67   data required time
        -584.83   data arrival time
---------------------------------------------------------
        -593.50   slack (VIOLATED)


Startpoint: _10781_ (falling edge-triggered flip-flop clocked by clk')
Endpoint: _10782_ (falling edge-triggered flip-flop clocked by clk')
Path Group: clk
Path Type: max

  Delay    Time   Description
---------------------------------------------------------
   0.00    0.00   clock clk' (fall edge)
   0.00    0.00   clock network delay (ideal)
   0.00    0.00 v _10781_/CLK (DFFLQNx2_ASAP7_75t_R)
 133.03  133.03 v _10781_/QN (DFFLQNx2_ASAP7_75t_R)
  76.83  209.85 ^ clone390/Y (NOR2x1_ASAP7_75t_R)
  77.10  286.96 v clone379/Y (NAND2xp67_ASAP7_75t_R)
  33.62  320.58 ^ _05533_/Y (NOR2x2_ASAP7_75t_R)
  20.71  341.29 v _05534_/Y (INVx1_ASAP7_75t_R)
  42.23  383.52 v _05538_/Y (AO21x1_ASAP7_75t_R)
  31.23  414.75 ^ _06973_/Y (INVx1_ASAP7_75t_R)
  26.86  441.61 v _10479_/CON (HAxp5_ASAP7_75t_R)
  27.71  469.32 ^ _05631_/Y (INVx1_ASAP7_75t_R)
  24.41  493.73 v _10224_/Y (NOR2x1_ASAP7_75t_R)
  24.42  518.15 ^ _10225_/Y (INVx1_ASAP7_75t_R)
  13.95  532.10 v _10227_/Y (NAND2x1_ASAP7_75t_R)
  51.81  583.90 v _10228_/Y (OA211x2_ASAP7_75t_R)
   0.00  583.90 v _10782_/D (DFFLQNx2_ASAP7_75t_R)
         583.90   data arrival time

  10.00   10.00   clock clk' (fall edge)
   0.00   10.00   clock network delay (ideal)
   0.00   10.00   clock reconvergence pessimism
          10.00 v _10782_/CLK (DFFLQNx2_ASAP7_75t_R)
 -18.79   -8.79   library setup time
          -8.79   data required time
---------------------------------------------------------
          -8.79   data required time
        -583.90   data arrival time
---------------------------------------------------------
        -592.69   slack (VIOLATED)


Startpoint: _10779_ (falling edge-triggered flip-flop clocked by clk')
Endpoint: _10693_ (falling edge-triggered flip-flop clocked by clk')
Path Group: clk
Path Type: max

  Delay    Time   Description
---------------------------------------------------------
   0.00    0.00   clock clk' (fall edge)
   0.00    0.00   clock network delay (ideal)
   0.00    0.00 v _10779_/CLK (DFFLQNx3_ASAP7_75t_R)
 125.83  125.83 v _10779_/QN (DFFLQNx3_ASAP7_75t_R)
  55.42  181.25 v rebuffer383/Y (BUFx2_ASAP7_75t_R)
  45.92  227.17 ^ _05605_/Y (NAND2x2_ASAP7_75t_R)
  49.81  276.98 ^ rebuffer1413/Y (BUFx2_ASAP7_75t_R)
  20.96  297.94 v _06263_/Y (NOR2x2_ASAP7_75t_R)
  17.82  315.76 ^ _06264_/Y (INVx1_ASAP7_75t_R)
  31.24  347.01 ^ _06266_/Y (OA21x2_ASAP7_75t_R)
  30.26  377.26 ^ _06267_/Y (AO21x1_ASAP7_75t_R)
  17.59  394.85 v _07960_/Y (NOR2x1_ASAP7_75t_R)
  62.88  457.73 v _07977_/Y (OR5x1_ASAP7_75t_R)
  19.46  477.19 ^ _07980_/Y (OAI22x1_ASAP7_75t_R)
  44.46  521.65 ^ _07985_/Y (AO21x2_ASAP7_75t_R)
  14.28  535.93 v _09505_/Y (NAND2x1_ASAP7_75t_R)
  43.83  579.76 v _09519_/Y (AO32x1_ASAP7_75t_R)
   0.00  579.76 v _10693_/D (DFFLQNx3_ASAP7_75t_R)
         579.76   data arrival time

  10.00   10.00   clock clk' (fall edge)
   0.00   10.00   clock network delay (ideal)
   0.00   10.00   clock reconvergence pessimism
          10.00 v _10693_/CLK (DFFLQNx3_ASAP7_75t_R)
 -18.84   -8.84   library setup time
          -8.84   data required time
---------------------------------------------------------
          -8.84   data required time
        -579.76   data arrival time
---------------------------------------------------------
        -588.60   slack (VIOLATED)


Startpoint: _10775_ (falling edge-triggered flip-flop clocked by clk')
Endpoint: _10712_ (falling edge-triggered flip-flop clocked by clk')
Path Group: clk
Path Type: max

  Delay    Time   Description
---------------------------------------------------------
   0.00    0.00   clock clk' (fall edge)
   0.00    0.00   clock network delay (ideal)
   0.00    0.00 v _10775_/CLK (DFFLQNx3_ASAP7_75t_R)
 151.64  151.64 v _10775_/QN (DFFLQNx3_ASAP7_75t_R)
  70.60  222.24 ^ _05584_/Y (NAND2x2_ASAP7_75t_R)
  52.21  274.45 v _05609_/Y (NOR2x2_ASAP7_75t_R)
  34.16  308.61 ^ _05891_/Y (NAND2x2_ASAP7_75t_R)
  36.34  344.96 ^ rebuffer405/Y (BUFx2_ASAP7_75t_R)
  31.14  376.10 ^ rebuffer406/Y (BUFx2_ASAP7_75t_R)
  30.19  406.29 v _09304_/Y (NOR2x2_ASAP7_75t_R)
  44.74  451.03 ^ _09308_/Y (INVx2_ASAP7_75t_R)
  51.88  502.91 v _09657_/Y (NOR2x2_ASAP7_75t_R)
  44.75  547.66 v _09667_/Y (AO21x1_ASAP7_75t_R)
  32.44  580.10 v _09668_/Y (AO21x1_ASAP7_75t_R)
   0.00  580.10 v _10712_/D (DFFLQNx3_ASAP7_75t_R)
         580.10   data arrival time

  10.00   10.00   clock clk' (fall edge)
   0.00   10.00   clock network delay (ideal)
   0.00   10.00   clock reconvergence pessimism
          10.00 v _10712_/CLK (DFFLQNx3_ASAP7_75t_R)
 -17.57   -7.57   library setup time
          -7.57   data required time
---------------------------------------------------------
          -7.57   data required time
        -580.10   data arrival time
---------------------------------------------------------
        -587.68   slack (VIOLATED)


Startpoint: _10775_ (falling edge-triggered flip-flop clocked by clk')
Endpoint: _10713_ (falling edge-triggered flip-flop clocked by clk')
Path Group: clk
Path Type: max

  Delay    Time   Description
---------------------------------------------------------
   0.00    0.00   clock clk' (fall edge)
   0.00    0.00   clock network delay (ideal)
   0.00    0.00 v _10775_/CLK (DFFLQNx3_ASAP7_75t_R)
 151.64  151.64 v _10775_/QN (DFFLQNx3_ASAP7_75t_R)
  70.60  222.24 ^ _05584_/Y (NAND2x2_ASAP7_75t_R)
  52.21  274.45 v _05609_/Y (NOR2x2_ASAP7_75t_R)
  34.16  308.61 ^ _05891_/Y (NAND2x2_ASAP7_75t_R)
  36.34  344.96 ^ rebuffer405/Y (BUFx2_ASAP7_75t_R)
  31.14  376.10 ^ rebuffer406/Y (BUFx2_ASAP7_75t_R)
  30.19  406.29 v _09304_/Y (NOR2x2_ASAP7_75t_R)
  44.74  451.03 ^ _09308_/Y (INVx2_ASAP7_75t_R)
  51.88  502.91 v _09657_/Y (NOR2x2_ASAP7_75t_R)
  44.75  547.66 v _09669_/Y (AO21x1_ASAP7_75t_R)
  32.44  580.10 v _09670_/Y (AO21x1_ASAP7_75t_R)
   0.00  580.10 v _10713_/D (DFFLQNx3_ASAP7_75t_R)
         580.10   data arrival time

  10.00   10.00   clock clk' (fall edge)
   0.00   10.00   clock network delay (ideal)
   0.00   10.00   clock reconvergence pessimism
          10.00 v _10713_/CLK (DFFLQNx3_ASAP7_75t_R)
 -17.57   -7.57   library setup time
          -7.57   data required time
---------------------------------------------------------
          -7.57   data required time
        -580.10   data arrival time
---------------------------------------------------------
        -587.68   slack (VIOLATED)


Startpoint: _10775_ (falling edge-triggered flip-flop clocked by clk')
Endpoint: _10714_ (falling edge-triggered flip-flop clocked by clk')
Path Group: clk
Path Type: max

  Delay    Time   Description
---------------------------------------------------------
   0.00    0.00   clock clk' (fall edge)
   0.00    0.00   clock network delay (ideal)
   0.00    0.00 v _10775_/CLK (DFFLQNx3_ASAP7_75t_R)
 151.64  151.64 v _10775_/QN (DFFLQNx3_ASAP7_75t_R)
  70.60  222.24 ^ _05584_/Y (NAND2x2_ASAP7_75t_R)
  52.21  274.45 v _05609_/Y (NOR2x2_ASAP7_75t_R)
  34.16  308.61 ^ _05891_/Y (NAND2x2_ASAP7_75t_R)
  36.34  344.96 ^ rebuffer405/Y (BUFx2_ASAP7_75t_R)
  31.14  376.10 ^ rebuffer406/Y (BUFx2_ASAP7_75t_R)
  30.19  406.29 v _09304_/Y (NOR2x2_ASAP7_75t_R)
  44.74  451.03 ^ _09308_/Y (INVx2_ASAP7_75t_R)
  51.88  502.91 v _09657_/Y (NOR2x2_ASAP7_75t_R)
  44.75  547.66 v _09671_/Y (AO21x1_ASAP7_75t_R)
  32.44  580.10 v _09672_/Y (AO21x1_ASAP7_75t_R)
   0.00  580.10 v _10714_/D (DFFLQNx3_ASAP7_75t_R)
         580.10   data arrival time

  10.00   10.00   clock clk' (fall edge)
   0.00   10.00   clock network delay (ideal)
   0.00   10.00   clock reconvergence pessimism
          10.00 v _10714_/CLK (DFFLQNx3_ASAP7_75t_R)
 -17.57   -7.57   library setup time
          -7.57   data required time
---------------------------------------------------------
          -7.57   data required time
        -580.10   data arrival time
---------------------------------------------------------
        -587.68   slack (VIOLATED)


Startpoint: _10775_ (falling edge-triggered flip-flop clocked by clk')
Endpoint: _10715_ (falling edge-triggered flip-flop clocked by clk')
Path Group: clk
Path Type: max

  Delay    Time   Description
---------------------------------------------------------
   0.00    0.00   clock clk' (fall edge)
   0.00    0.00   clock network delay (ideal)
   0.00    0.00 v _10775_/CLK (DFFLQNx3_ASAP7_75t_R)
 151.64  151.64 v _10775_/QN (DFFLQNx3_ASAP7_75t_R)
  70.60  222.24 ^ _05584_/Y (NAND2x2_ASAP7_75t_R)
  52.21  274.45 v _05609_/Y (NOR2x2_ASAP7_75t_R)
  34.16  308.61 ^ _05891_/Y (NAND2x2_ASAP7_75t_R)
  36.34  344.96 ^ rebuffer405/Y (BUFx2_ASAP7_75t_R)
  31.14  376.10 ^ rebuffer406/Y (BUFx2_ASAP7_75t_R)
  30.19  406.29 v _09304_/Y (NOR2x2_ASAP7_75t_R)
  44.74  451.03 ^ _09308_/Y (INVx2_ASAP7_75t_R)
  51.88  502.91 v _09657_/Y (NOR2x2_ASAP7_75t_R)
  44.75  547.66 v _09673_/Y (AO21x1_ASAP7_75t_R)
  32.44  580.10 v _09674_/Y (AO21x1_ASAP7_75t_R)
   0.00  580.10 v _10715_/D (DFFLQNx3_ASAP7_75t_R)
         580.10   data arrival time

  10.00   10.00   clock clk' (fall edge)
   0.00   10.00   clock network delay (ideal)
   0.00   10.00   clock reconvergence pessimism
          10.00 v _10715_/CLK (DFFLQNx3_ASAP7_75t_R)
 -17.57   -7.57   library setup time
          -7.57   data required time
---------------------------------------------------------
          -7.57   data required time
        -580.10   data arrival time
---------------------------------------------------------
        -587.68   slack (VIOLATED)


Startpoint: _10775_ (falling edge-triggered flip-flop clocked by clk')
Endpoint: _10716_ (falling edge-triggered flip-flop clocked by clk')
Path Group: clk
Path Type: max

  Delay    Time   Description
---------------------------------------------------------
   0.00    0.00   clock clk' (fall edge)
   0.00    0.00   clock network delay (ideal)
   0.00    0.00 v _10775_/CLK (DFFLQNx3_ASAP7_75t_R)
 151.64  151.64 v _10775_/QN (DFFLQNx3_ASAP7_75t_R)
  70.60  222.24 ^ _05584_/Y (NAND2x2_ASAP7_75t_R)
  52.21  274.45 v _05609_/Y (NOR2x2_ASAP7_75t_R)
  34.16  308.61 ^ _05891_/Y (NAND2x2_ASAP7_75t_R)
  36.34  344.96 ^ rebuffer405/Y (BUFx2_ASAP7_75t_R)
  31.14  376.10 ^ rebuffer406/Y (BUFx2_ASAP7_75t_R)
  30.19  406.29 v _09304_/Y (NOR2x2_ASAP7_75t_R)
  44.74  451.03 ^ _09308_/Y (INVx2_ASAP7_75t_R)
  51.88  502.91 v _09657_/Y (NOR2x2_ASAP7_75t_R)
  44.75  547.66 v _09675_/Y (AO21x1_ASAP7_75t_R)
  32.44  580.10 v _09676_/Y (AO21x1_ASAP7_75t_R)
   0.00  580.10 v _10716_/D (DFFLQNx3_ASAP7_75t_R)
         580.10   data arrival time

  10.00   10.00   clock clk' (fall edge)
   0.00   10.00   clock network delay (ideal)
   0.00   10.00   clock reconvergence pessimism
          10.00 v _10716_/CLK (DFFLQNx3_ASAP7_75t_R)
 -17.57   -7.57   library setup time
          -7.57   data required time
---------------------------------------------------------
          -7.57   data required time
        -580.10   data arrival time
---------------------------------------------------------
        -587.68   slack (VIOLATED)


Startpoint: _10775_ (falling edge-triggered flip-flop clocked by clk')
Endpoint: _10717_ (falling edge-triggered flip-flop clocked by clk')
Path Group: clk
Path Type: max

  Delay    Time   Description
---------------------------------------------------------
   0.00    0.00   clock clk' (fall edge)
   0.00    0.00   clock network delay (ideal)
   0.00    0.00 v _10775_/CLK (DFFLQNx3_ASAP7_75t_R)
 151.64  151.64 v _10775_/QN (DFFLQNx3_ASAP7_75t_R)
  70.60  222.24 ^ _05584_/Y (NAND2x2_ASAP7_75t_R)
  52.21  274.45 v _05609_/Y (NOR2x2_ASAP7_75t_R)
  34.16  308.61 ^ _05891_/Y (NAND2x2_ASAP7_75t_R)
  36.34  344.96 ^ rebuffer405/Y (BUFx2_ASAP7_75t_R)
  31.14  376.10 ^ rebuffer406/Y (BUFx2_ASAP7_75t_R)
  30.19  406.29 v _09304_/Y (NOR2x2_ASAP7_75t_R)
  44.74  451.03 ^ _09308_/Y (INVx2_ASAP7_75t_R)
  51.88  502.91 v _09657_/Y (NOR2x2_ASAP7_75t_R)
  44.75  547.66 v _09677_/Y (AO21x1_ASAP7_75t_R)
  32.44  580.10 v _09678_/Y (AO21x1_ASAP7_75t_R)
   0.00  580.10 v _10717_/D (DFFLQNx3_ASAP7_75t_R)
         580.10   data arrival time

  10.00   10.00   clock clk' (fall edge)
   0.00   10.00   clock network delay (ideal)
   0.00   10.00   clock reconvergence pessimism
          10.00 v _10717_/CLK (DFFLQNx3_ASAP7_75t_R)
 -17.57   -7.57   library setup time
          -7.57   data required time
---------------------------------------------------------
          -7.57   data required time
        -580.10   data arrival time
---------------------------------------------------------
        -587.68   slack (VIOLATED)


Startpoint: _10775_ (falling edge-triggered flip-flop clocked by clk')
Endpoint: _10718_ (falling edge-triggered flip-flop clocked by clk')
Path Group: clk
Path Type: max

  Delay    Time   Description
---------------------------------------------------------
   0.00    0.00   clock clk' (fall edge)
   0.00    0.00   clock network delay (ideal)
   0.00    0.00 v _10775_/CLK (DFFLQNx3_ASAP7_75t_R)
 151.64  151.64 v _10775_/QN (DFFLQNx3_ASAP7_75t_R)
  70.60  222.24 ^ _05584_/Y (NAND2x2_ASAP7_75t_R)
  52.21  274.45 v _05609_/Y (NOR2x2_ASAP7_75t_R)
  34.16  308.61 ^ _05891_/Y (NAND2x2_ASAP7_75t_R)
  36.34  344.96 ^ rebuffer405/Y (BUFx2_ASAP7_75t_R)
  31.14  376.10 ^ rebuffer406/Y (BUFx2_ASAP7_75t_R)
  30.19  406.29 v _09304_/Y (NOR2x2_ASAP7_75t_R)
  44.74  451.03 ^ _09308_/Y (INVx2_ASAP7_75t_R)
  51.88  502.91 v _09657_/Y (NOR2x2_ASAP7_75t_R)
  44.75  547.66 v _09679_/Y (AO21x1_ASAP7_75t_R)
  32.44  580.10 v _09680_/Y (AO21x1_ASAP7_75t_R)
   0.00  580.10 v _10718_/D (DFFLQNx3_ASAP7_75t_R)
         580.10   data arrival time

  10.00   10.00   clock clk' (fall edge)
   0.00   10.00   clock network delay (ideal)
   0.00   10.00   clock reconvergence pessimism
          10.00 v _10718_/CLK (DFFLQNx3_ASAP7_75t_R)
 -17.57   -7.57   library setup time
          -7.57   data required time
---------------------------------------------------------
          -7.57   data required time
        -580.10   data arrival time
---------------------------------------------------------
        -587.68   slack (VIOLATED)


Startpoint: _10775_ (falling edge-triggered flip-flop clocked by clk')
Endpoint: _10720_ (falling edge-triggered flip-flop clocked by clk')
Path Group: clk
Path Type: max

  Delay    Time   Description
---------------------------------------------------------
   0.00    0.00   clock clk' (fall edge)
   0.00    0.00   clock network delay (ideal)
   0.00    0.00 v _10775_/CLK (DFFLQNx3_ASAP7_75t_R)
 151.64  151.64 v _10775_/QN (DFFLQNx3_ASAP7_75t_R)
  70.60  222.24 ^ _05584_/Y (NAND2x2_ASAP7_75t_R)
  52.21  274.45 v _05609_/Y (NOR2x2_ASAP7_75t_R)
  34.16  308.61 ^ _05891_/Y (NAND2x2_ASAP7_75t_R)
  36.34  344.96 ^ rebuffer405/Y (BUFx2_ASAP7_75t_R)
  31.14  376.10 ^ rebuffer406/Y (BUFx2_ASAP7_75t_R)
  30.19  406.29 v _09304_/Y (NOR2x2_ASAP7_75t_R)
  44.74  451.03 ^ _09308_/Y (INVx2_ASAP7_75t_R)
  51.88  502.91 v _09657_/Y (NOR2x2_ASAP7_75t_R)
  44.75  547.66 v _09684_/Y (AO21x1_ASAP7_75t_R)
  32.44  580.10 v _09685_/Y (AO21x1_ASAP7_75t_R)
   0.00  580.10 v _10720_/D (DFFLQNx3_ASAP7_75t_R)
         580.10   data arrival time

  10.00   10.00   clock clk' (fall edge)
   0.00   10.00   clock network delay (ideal)
   0.00   10.00   clock reconvergence pessimism
          10.00 v _10720_/CLK (DFFLQNx3_ASAP7_75t_R)
 -17.57   -7.57   library setup time
          -7.57   data required time
---------------------------------------------------------
          -7.57   data required time
        -580.10   data arrival time
---------------------------------------------------------
        -587.68   slack (VIOLATED)


Startpoint: _10775_ (falling edge-triggered flip-flop clocked by clk')
Endpoint: _10722_ (falling edge-triggered flip-flop clocked by clk')
Path Group: clk
Path Type: max

  Delay    Time   Description
---------------------------------------------------------
   0.00    0.00   clock clk' (fall edge)
   0.00    0.00   clock network delay (ideal)
   0.00    0.00 v _10775_/CLK (DFFLQNx3_ASAP7_75t_R)
 151.64  151.64 v _10775_/QN (DFFLQNx3_ASAP7_75t_R)
  70.60  222.24 ^ _05584_/Y (NAND2x2_ASAP7_75t_R)
  52.21  274.45 v _05609_/Y (NOR2x2_ASAP7_75t_R)
  34.16  308.61 ^ _05891_/Y (NAND2x2_ASAP7_75t_R)
  36.34  344.96 ^ rebuffer405/Y (BUFx2_ASAP7_75t_R)
  31.14  376.10 ^ rebuffer406/Y (BUFx2_ASAP7_75t_R)
  30.19  406.29 v _09304_/Y (NOR2x2_ASAP7_75t_R)
  44.74  451.03 ^ _09308_/Y (INVx2_ASAP7_75t_R)
  51.88  502.91 v _09657_/Y (NOR2x2_ASAP7_75t_R)
  44.75  547.66 v _09689_/Y (AO21x1_ASAP7_75t_R)
  32.44  580.10 v _09690_/Y (AO21x1_ASAP7_75t_R)
   0.00  580.10 v _10722_/D (DFFLQNx3_ASAP7_75t_R)
         580.10   data arrival time

  10.00   10.00   clock clk' (fall edge)
   0.00   10.00   clock network delay (ideal)
   0.00   10.00   clock reconvergence pessimism
          10.00 v _10722_/CLK (DFFLQNx3_ASAP7_75t_R)
 -17.57   -7.57   library setup time
          -7.57   data required time
---------------------------------------------------------
          -7.57   data required time
        -580.10   data arrival time
---------------------------------------------------------
        -587.68   slack (VIOLATED)


Startpoint: _10775_ (falling edge-triggered flip-flop clocked by clk')
Endpoint: _10723_ (falling edge-triggered flip-flop clocked by clk')
Path Group: clk
Path Type: max

  Delay    Time   Description
---------------------------------------------------------
   0.00    0.00   clock clk' (fall edge)
   0.00    0.00   clock network delay (ideal)
   0.00    0.00 v _10775_/CLK (DFFLQNx3_ASAP7_75t_R)
 151.64  151.64 v _10775_/QN (DFFLQNx3_ASAP7_75t_R)
  70.60  222.24 ^ _05584_/Y (NAND2x2_ASAP7_75t_R)
  52.21  274.45 v _05609_/Y (NOR2x2_ASAP7_75t_R)
  34.16  308.61 ^ _05891_/Y (NAND2x2_ASAP7_75t_R)
  36.34  344.96 ^ rebuffer405/Y (BUFx2_ASAP7_75t_R)
  31.14  376.10 ^ rebuffer406/Y (BUFx2_ASAP7_75t_R)
  30.19  406.29 v _09304_/Y (NOR2x2_ASAP7_75t_R)
  44.74  451.03 ^ _09308_/Y (INVx2_ASAP7_75t_R)
  51.88  502.91 v _09657_/Y (NOR2x2_ASAP7_75t_R)
  44.75  547.66 v _09691_/Y (AO21x1_ASAP7_75t_R)
  32.44  580.10 v _09692_/Y (AO21x1_ASAP7_75t_R)
   0.00  580.10 v _10723_/D (DFFLQNx3_ASAP7_75t_R)
         580.10   data arrival time

  10.00   10.00   clock clk' (fall edge)
   0.00   10.00   clock network delay (ideal)
   0.00   10.00   clock reconvergence pessimism
          10.00 v _10723_/CLK (DFFLQNx3_ASAP7_75t_R)
 -17.57   -7.57   library setup time
          -7.57   data required time
---------------------------------------------------------
          -7.57   data required time
        -580.10   data arrival time
---------------------------------------------------------
        -587.68   slack (VIOLATED)


Startpoint: _10775_ (falling edge-triggered flip-flop clocked by clk')
Endpoint: _10719_ (falling edge-triggered flip-flop clocked by clk')
Path Group: clk
Path Type: max

  Delay    Time   Description
---------------------------------------------------------
   0.00    0.00   clock clk' (fall edge)
   0.00    0.00   clock network delay (ideal)
   0.00    0.00 v _10775_/CLK (DFFLQNx3_ASAP7_75t_R)
 151.64  151.64 v _10775_/QN (DFFLQNx3_ASAP7_75t_R)
  70.60  222.24 ^ _05584_/Y (NAND2x2_ASAP7_75t_R)
  52.21  274.45 v _05609_/Y (NOR2x2_ASAP7_75t_R)
  34.16  308.61 ^ _05891_/Y (NAND2x2_ASAP7_75t_R)
  36.34  344.96 ^ rebuffer405/Y (BUFx2_ASAP7_75t_R)
  31.14  376.10 ^ rebuffer406/Y (BUFx2_ASAP7_75t_R)
  30.19  406.29 v _09304_/Y (NOR2x2_ASAP7_75t_R)
  44.74  451.03 ^ _09308_/Y (INVx2_ASAP7_75t_R)
  51.88  502.91 v _09657_/Y (NOR2x2_ASAP7_75t_R)
  44.75  547.66 v _09682_/Y (AO21x1_ASAP7_75t_R)
  32.44  580.10 v _09683_/Y (AO21x1_ASAP7_75t_R)
   0.00  580.10 v _10719_/D (DFFLQNx2_ASAP7_75t_R)
         580.10   data arrival time

  10.00   10.00   clock clk' (fall edge)
   0.00   10.00   clock network delay (ideal)
   0.00   10.00   clock reconvergence pessimism
          10.00 v _10719_/CLK (DFFLQNx2_ASAP7_75t_R)
 -17.57   -7.57   library setup time
          -7.57   data required time
---------------------------------------------------------
          -7.57   data required time
        -580.10   data arrival time
---------------------------------------------------------
        -587.68   slack (VIOLATED)


Startpoint: _10775_ (falling edge-triggered flip-flop clocked by clk')
Endpoint: _10721_ (falling edge-triggered flip-flop clocked by clk')
Path Group: clk
Path Type: max

  Delay    Time   Description
---------------------------------------------------------
   0.00    0.00   clock clk' (fall edge)
   0.00    0.00   clock network delay (ideal)
   0.00    0.00 v _10775_/CLK (DFFLQNx3_ASAP7_75t_R)
 151.64  151.64 v _10775_/QN (DFFLQNx3_ASAP7_75t_R)
  70.60  222.24 ^ _05584_/Y (NAND2x2_ASAP7_75t_R)
  52.21  274.45 v _05609_/Y (NOR2x2_ASAP7_75t_R)
  34.16  308.61 ^ _05891_/Y (NAND2x2_ASAP7_75t_R)
  36.34  344.96 ^ rebuffer405/Y (BUFx2_ASAP7_75t_R)
  31.14  376.10 ^ rebuffer406/Y (BUFx2_ASAP7_75t_R)
  30.19  406.29 v _09304_/Y (NOR2x2_ASAP7_75t_R)
  44.74  451.03 ^ _09308_/Y (INVx2_ASAP7_75t_R)
  51.88  502.91 v _09657_/Y (NOR2x2_ASAP7_75t_R)
  44.75  547.66 v _09687_/Y (AO21x1_ASAP7_75t_R)
  32.44  580.10 v _09688_/Y (AO21x1_ASAP7_75t_R)
   0.00  580.10 v _10721_/D (DFFLQNx2_ASAP7_75t_R)
         580.10   data arrival time

  10.00   10.00   clock clk' (fall edge)
   0.00   10.00   clock network delay (ideal)
   0.00   10.00   clock reconvergence pessimism
          10.00 v _10721_/CLK (DFFLQNx2_ASAP7_75t_R)
 -17.57   -7.57   library setup time
          -7.57   data required time
---------------------------------------------------------
          -7.57   data required time
        -580.10   data arrival time
---------------------------------------------------------
        -587.68   slack (VIOLATED)


Startpoint: _10775_ (falling edge-triggered flip-flop clocked by clk')
Endpoint: _10724_ (falling edge-triggered flip-flop clocked by clk')
Path Group: clk
Path Type: max

  Delay    Time   Description
---------------------------------------------------------
   0.00    0.00   clock clk' (fall edge)
   0.00    0.00   clock network delay (ideal)
   0.00    0.00 v _10775_/CLK (DFFLQNx3_ASAP7_75t_R)
 151.64  151.64 v _10775_/QN (DFFLQNx3_ASAP7_75t_R)
  70.60  222.24 ^ _05584_/Y (NAND2x2_ASAP7_75t_R)
  52.21  274.45 v _05609_/Y (NOR2x2_ASAP7_75t_R)
  34.16  308.61 ^ _05891_/Y (NAND2x2_ASAP7_75t_R)
  36.34  344.96 ^ rebuffer405/Y (BUFx2_ASAP7_75t_R)
  31.14  376.10 ^ rebuffer406/Y (BUFx2_ASAP7_75t_R)
  30.19  406.29 v _09304_/Y (NOR2x2_ASAP7_75t_R)
  44.74  451.03 ^ _09308_/Y (INVx2_ASAP7_75t_R)
  51.88  502.91 v _09657_/Y (NOR2x2_ASAP7_75t_R)
  44.75  547.66 v _09694_/Y (AO21x1_ASAP7_75t_R)
  32.44  580.10 v _09695_/Y (AO21x1_ASAP7_75t_R)
   0.00  580.10 v _10724_/D (DFFLQNx2_ASAP7_75t_R)
         580.10   data arrival time

  10.00   10.00   clock clk' (fall edge)
   0.00   10.00   clock network delay (ideal)
   0.00   10.00   clock reconvergence pessimism
          10.00 v _10724_/CLK (DFFLQNx2_ASAP7_75t_R)
 -17.57   -7.57   library setup time
          -7.57   data required time
---------------------------------------------------------
          -7.57   data required time
        -580.10   data arrival time
---------------------------------------------------------
        -587.68   slack (VIOLATED)


Startpoint: _10781_ (falling edge-triggered flip-flop clocked by clk')
Endpoint: _10894_ (falling edge-triggered flip-flop clocked by clk')
Path Group: clk
Path Type: max

  Delay    Time   Description
---------------------------------------------------------
   0.00    0.00   clock clk' (fall edge)
   0.00    0.00   clock network delay (ideal)
   0.00    0.00 v _10781_/CLK (DFFLQNx2_ASAP7_75t_R)
 119.65  119.65 ^ _10781_/QN (DFFLQNx2_ASAP7_75t_R)
  72.35  192.00 v clone390/Y (NOR2x1_ASAP7_75t_R)
  90.50  282.49 ^ clone379/Y (NAND2xp67_ASAP7_75t_R)
  41.51  324.00 v _05533_/Y (NOR2x2_ASAP7_75t_R)
  22.85  346.85 ^ _05534_/Y (INVx1_ASAP7_75t_R)
  41.14  387.98 ^ _05538_/Y (AO21x1_ASAP7_75t_R)
  29.97  417.96 v _06973_/Y (INVx1_ASAP7_75t_R)
  72.54  490.50 v _10479_/SN (HAxp5_ASAP7_75t_R)
  32.51  523.00 v _05687_/Y (AND3x1_ASAP7_75t_R)
  41.97  564.98 v _05692_/Y (AO221x1_ASAP7_75t_R)
   0.00  564.98 v _10894_/D (DFFLQNx2_ASAP7_75t_R)
         564.98   data arrival time

  10.00   10.00   clock clk' (fall edge)
   0.00   10.00   clock network delay (ideal)
   0.00   10.00   clock reconvergence pessimism
          10.00 v _10894_/CLK (DFFLQNx2_ASAP7_75t_R)
 -18.18   -8.18   library setup time
          -8.18   data required time
---------------------------------------------------------
          -8.18   data required time
        -564.98   data arrival time
---------------------------------------------------------
        -573.16   slack (VIOLATED)


Startpoint: _10775_ (falling edge-triggered flip-flop clocked by clk')
Endpoint: _10590_ (falling edge-triggered flip-flop clocked by clk')
Path Group: clk
Path Type: max

  Delay    Time   Description
---------------------------------------------------------
   0.00    0.00   clock clk' (fall edge)
   0.00    0.00   clock network delay (ideal)
   0.00    0.00 v _10775_/CLK (DFFLQNx3_ASAP7_75t_R)
 151.64  151.64 v _10775_/QN (DFFLQNx3_ASAP7_75t_R)
  36.95  188.59 ^ _05514_/Y (INVx8_ASAP7_75t_R)
  40.84  229.43 v _05515_/Y (NOR2x2_ASAP7_75t_R)
  41.31  270.75 v rebuffer388/Y (BUFx6f_ASAP7_75t_R)
  32.80  303.54 v rebuffer389/Y (BUFx2_ASAP7_75t_R)
  34.36  337.91 ^ clone378/Y (NAND2x2_ASAP7_75t_R)
  28.73  366.63 v _05730_/Y (NOR2x2_ASAP7_75t_R)
  22.55  389.18 ^ _05736_/Y (NOR2x1_ASAP7_75t_R)
  42.12  431.30 ^ _05744_/Y (AND4x1_ASAP7_75t_R)
  55.80  487.09 ^ _05757_/Y (AND5x1_ASAP7_75t_R)
  27.43  514.52 ^ _05766_/Y (AO21x1_ASAP7_75t_R)
  31.69  546.21 ^ _05767_/Y (OA21x2_ASAP7_75t_R)
  13.07  559.28 v _05808_/Y (OAI21x1_ASAP7_75t_R)
   0.00  559.28 v _10590_/D (DFFLQNx2_ASAP7_75t_R)
         559.28   data arrival time

  10.00   10.00   clock clk' (fall edge)
   0.00   10.00   clock network delay (ideal)
   0.00   10.00   clock reconvergence pessimism
          10.00 v _10590_/CLK (DFFLQNx2_ASAP7_75t_R)
 -18.42   -8.42   library setup time
          -8.42   data required time
---------------------------------------------------------
          -8.42   data required time
        -559.28   data arrival time
---------------------------------------------------------
        -567.69   slack (VIOLATED)


Startpoint: _10781_ (falling edge-triggered flip-flop clocked by clk')
Endpoint: _10783_ (falling edge-triggered flip-flop clocked by clk')
Path Group: clk
Path Type: max

  Delay    Time   Description
---------------------------------------------------------
   0.00    0.00   clock clk' (fall edge)
   0.00    0.00   clock network delay (ideal)
   0.00    0.00 v _10781_/CLK (DFFLQNx2_ASAP7_75t_R)
 133.03  133.03 v _10781_/QN (DFFLQNx2_ASAP7_75t_R)
  76.83  209.85 ^ clone390/Y (NOR2x1_ASAP7_75t_R)
  77.10  286.96 v clone379/Y (NAND2xp67_ASAP7_75t_R)
  33.62  320.58 ^ _05533_/Y (NOR2x2_ASAP7_75t_R)
  20.71  341.29 v _05534_/Y (INVx1_ASAP7_75t_R)
  42.23  383.52 v _05538_/Y (AO21x1_ASAP7_75t_R)
  31.23  414.75 ^ _06973_/Y (INVx1_ASAP7_75t_R)
  26.86  441.61 v _10479_/CON (HAxp5_ASAP7_75t_R)
  27.71  469.32 ^ _05631_/Y (INVx1_ASAP7_75t_R)
  24.41  493.73 v _10224_/Y (NOR2x1_ASAP7_75t_R)
  37.56  531.29 v _10230_/Y (OA21x2_ASAP7_75t_R)
  25.05  556.33 v _10231_/Y (OA21x2_ASAP7_75t_R)
   0.00  556.33 v _10783_/D (DFFLQNx2_ASAP7_75t_R)
         556.33   data arrival time

  10.00   10.00   clock clk' (fall edge)
   0.00   10.00   clock network delay (ideal)
   0.00   10.00   clock reconvergence pessimism
          10.00 v _10783_/CLK (DFFLQNx2_ASAP7_75t_R)
 -17.29   -7.29   library setup time
          -7.29   data required time
---------------------------------------------------------
          -7.29   data required time
        -556.33   data arrival time
---------------------------------------------------------
        -563.63   slack (VIOLATED)


Startpoint: _10597_ (falling edge-triggered flip-flop clocked by clk')
Endpoint: _10774_ (falling edge-triggered flip-flop clocked by clk')
Path Group: clk
Path Type: max

  Delay    Time   Description
---------------------------------------------------------
   0.00    0.00   clock clk' (fall edge)
   0.00    0.00   clock network delay (ideal)
   0.00    0.00 v _10597_/CLK (DFFLQNx2_ASAP7_75t_R)
 148.99  148.99 ^ _10597_/QN (DFFLQNx2_ASAP7_75t_R)
  49.59  198.58 v _05507_/Y (CKINVDCx20_ASAP7_75t_R)
  84.44  283.02 v _05555_/Y (OR3x4_ASAP7_75t_R)
  81.06  364.08 v _05556_/Y (AND2x6_ASAP7_75t_R)
  39.33  403.40 ^ _05688_/Y (CKINVDCx20_ASAP7_75t_R)
  41.56  444.97 ^ _10206_/Y (OR3x4_ASAP7_75t_R)
  19.59  464.56 v _10207_/Y (NAND2x2_ASAP7_75t_R)
  34.78  499.35 v _10208_/Y (AO21x1_ASAP7_75t_R)
  51.51  550.85 v _10209_/Y (OA211x2_ASAP7_75t_R)
   0.00  550.85 v _10774_/D (DFFLQNx3_ASAP7_75t_R)
         550.85   data arrival time

  10.00   10.00   clock clk' (fall edge)
   0.00   10.00   clock network delay (ideal)
   0.00   10.00   clock reconvergence pessimism
          10.00 v _10774_/CLK (DFFLQNx3_ASAP7_75t_R)
 -18.79   -8.79   library setup time
          -8.79   data required time
---------------------------------------------------------
          -8.79   data required time
        -550.85   data arrival time
---------------------------------------------------------
        -559.65   slack (VIOLATED)


Startpoint: _10597_ (falling edge-triggered flip-flop clocked by clk')
Endpoint: _10775_ (falling edge-triggered flip-flop clocked by clk')
Path Group: clk
Path Type: max

  Delay    Time   Description
---------------------------------------------------------
   0.00    0.00   clock clk' (fall edge)
   0.00    0.00   clock network delay (ideal)
   0.00    0.00 v _10597_/CLK (DFFLQNx2_ASAP7_75t_R)
 148.99  148.99 ^ _10597_/QN (DFFLQNx2_ASAP7_75t_R)
  49.59  198.58 v _05507_/Y (CKINVDCx20_ASAP7_75t_R)
  84.44  283.02 v _05555_/Y (OR3x4_ASAP7_75t_R)
  81.06  364.08 v _05556_/Y (AND2x6_ASAP7_75t_R)
  39.33  403.40 ^ _05688_/Y (CKINVDCx20_ASAP7_75t_R)
  41.56  444.97 ^ _10206_/Y (OR3x4_ASAP7_75t_R)
  19.59  464.56 v _10207_/Y (NAND2x2_ASAP7_75t_R)
  34.78  499.35 v _10210_/Y (AO21x1_ASAP7_75t_R)
  51.51  550.85 v _10211_/Y (OA211x2_ASAP7_75t_R)
   0.00  550.85 v _10775_/D (DFFLQNx3_ASAP7_75t_R)
         550.85   data arrival time

  10.00   10.00   clock clk' (fall edge)
   0.00   10.00   clock network delay (ideal)
   0.00   10.00   clock reconvergence pessimism
          10.00 v _10775_/CLK (DFFLQNx3_ASAP7_75t_R)
 -18.79   -8.79   library setup time
          -8.79   data required time
---------------------------------------------------------
          -8.79   data required time
        -550.85   data arrival time
---------------------------------------------------------
        -559.65   slack (VIOLATED)


Startpoint: _10597_ (falling edge-triggered flip-flop clocked by clk')
Endpoint: _10776_ (falling edge-triggered flip-flop clocked by clk')
Path Group: clk
Path Type: max

  Delay    Time   Description
---------------------------------------------------------
   0.00    0.00   clock clk' (fall edge)
   0.00    0.00   clock network delay (ideal)
   0.00    0.00 v _10597_/CLK (DFFLQNx2_ASAP7_75t_R)
 148.99  148.99 ^ _10597_/QN (DFFLQNx2_ASAP7_75t_R)
  49.59  198.58 v _05507_/Y (CKINVDCx20_ASAP7_75t_R)
  84.44  283.02 v _05555_/Y (OR3x4_ASAP7_75t_R)
  81.06  364.08 v _05556_/Y (AND2x6_ASAP7_75t_R)
  39.33  403.40 ^ _05688_/Y (CKINVDCx20_ASAP7_75t_R)
  41.56  444.97 ^ _10206_/Y (OR3x4_ASAP7_75t_R)
  19.59  464.56 v _10207_/Y (NAND2x2_ASAP7_75t_R)
  34.78  499.35 v _10212_/Y (AO21x1_ASAP7_75t_R)
  51.51  550.85 v _10213_/Y (OA211x2_ASAP7_75t_R)
   0.00  550.85 v _10776_/D (DFFLQNx3_ASAP7_75t_R)
         550.85   data arrival time

  10.00   10.00   clock clk' (fall edge)
   0.00   10.00   clock network delay (ideal)
   0.00   10.00   clock reconvergence pessimism
          10.00 v _10776_/CLK (DFFLQNx3_ASAP7_75t_R)
 -18.79   -8.79   library setup time
          -8.79   data required time
---------------------------------------------------------
          -8.79   data required time
        -550.85   data arrival time
---------------------------------------------------------
        -559.65   slack (VIOLATED)


Startpoint: _10597_ (falling edge-triggered flip-flop clocked by clk')
Endpoint: _10777_ (falling edge-triggered flip-flop clocked by clk')
Path Group: clk
Path Type: max

  Delay    Time   Description
---------------------------------------------------------
   0.00    0.00   clock clk' (fall edge)
   0.00    0.00   clock network delay (ideal)
   0.00    0.00 v _10597_/CLK (DFFLQNx2_ASAP7_75t_R)
 148.99  148.99 ^ _10597_/QN (DFFLQNx2_ASAP7_75t_R)
  49.59  198.58 v _05507_/Y (CKINVDCx20_ASAP7_75t_R)
  84.44  283.02 v _05555_/Y (OR3x4_ASAP7_75t_R)
  81.06  364.08 v _05556_/Y (AND2x6_ASAP7_75t_R)
  39.33  403.40 ^ _05688_/Y (CKINVDCx20_ASAP7_75t_R)
  41.56  444.97 ^ _10206_/Y (OR3x4_ASAP7_75t_R)
  19.59  464.56 v _10207_/Y (NAND2x2_ASAP7_75t_R)
  34.78  499.35 v _10214_/Y (AO21x1_ASAP7_75t_R)
  51.51  550.85 v _10215_/Y (OA211x2_ASAP7_75t_R)
   0.00  550.85 v _10777_/D (DFFLQNx3_ASAP7_75t_R)
         550.85   data arrival time

  10.00   10.00   clock clk' (fall edge)
   0.00   10.00   clock network delay (ideal)
   0.00   10.00   clock reconvergence pessimism
          10.00 v _10777_/CLK (DFFLQNx3_ASAP7_75t_R)
 -18.79   -8.79   library setup time
          -8.79   data required time
---------------------------------------------------------
          -8.79   data required time
        -550.85   data arrival time
---------------------------------------------------------
        -559.65   slack (VIOLATED)


Startpoint: _10597_ (falling edge-triggered flip-flop clocked by clk')
Endpoint: _10778_ (falling edge-triggered flip-flop clocked by clk')
Path Group: clk
Path Type: max

  Delay    Time   Description
---------------------------------------------------------
   0.00    0.00   clock clk' (fall edge)
   0.00    0.00   clock network delay (ideal)
   0.00    0.00 v _10597_/CLK (DFFLQNx2_ASAP7_75t_R)
 148.99  148.99 ^ _10597_/QN (DFFLQNx2_ASAP7_75t_R)
  49.59  198.58 v _05507_/Y (CKINVDCx20_ASAP7_75t_R)
  84.44  283.02 v _05555_/Y (OR3x4_ASAP7_75t_R)
  81.06  364.08 v _05556_/Y (AND2x6_ASAP7_75t_R)
  39.33  403.40 ^ _05688_/Y (CKINVDCx20_ASAP7_75t_R)
  41.56  444.97 ^ _10206_/Y (OR3x4_ASAP7_75t_R)
  19.59  464.56 v _10207_/Y (NAND2x2_ASAP7_75t_R)
  34.78  499.35 v _10216_/Y (AO21x1_ASAP7_75t_R)
  51.51  550.85 v _10217_/Y (OA211x2_ASAP7_75t_R)
   0.00  550.85 v _10778_/D (DFFLQNx3_ASAP7_75t_R)
         550.85   data arrival time

  10.00   10.00   clock clk' (fall edge)
   0.00   10.00   clock network delay (ideal)
   0.00   10.00   clock reconvergence pessimism
          10.00 v _10778_/CLK (DFFLQNx3_ASAP7_75t_R)
 -18.79   -8.79   library setup time
          -8.79   data required time
---------------------------------------------------------
          -8.79   data required time
        -550.85   data arrival time
---------------------------------------------------------
        -559.65   slack (VIOLATED)


Startpoint: _10597_ (falling edge-triggered flip-flop clocked by clk')
Endpoint: _10779_ (falling edge-triggered flip-flop clocked by clk')
Path Group: clk
Path Type: max

  Delay    Time   Description
---------------------------------------------------------
   0.00    0.00   clock clk' (fall edge)
   0.00    0.00   clock network delay (ideal)
   0.00    0.00 v _10597_/CLK (DFFLQNx2_ASAP7_75t_R)
 148.99  148.99 ^ _10597_/QN (DFFLQNx2_ASAP7_75t_R)
  49.59  198.58 v _05507_/Y (CKINVDCx20_ASAP7_75t_R)
  84.44  283.02 v _05555_/Y (OR3x4_ASAP7_75t_R)
  81.06  364.08 v _05556_/Y (AND2x6_ASAP7_75t_R)
  39.33  403.40 ^ _05688_/Y (CKINVDCx20_ASAP7_75t_R)
  41.56  444.97 ^ _10206_/Y (OR3x4_ASAP7_75t_R)
  19.59  464.56 v _10207_/Y (NAND2x2_ASAP7_75t_R)
  34.78  499.35 v _10218_/Y (AO21x1_ASAP7_75t_R)
  51.51  550.85 v _10219_/Y (OA211x2_ASAP7_75t_R)
   0.00  550.85 v _10779_/D (DFFLQNx3_ASAP7_75t_R)
         550.85   data arrival time

  10.00   10.00   clock clk' (fall edge)
   0.00   10.00   clock network delay (ideal)
   0.00   10.00   clock reconvergence pessimism
          10.00 v _10779_/CLK (DFFLQNx3_ASAP7_75t_R)
 -18.79   -8.79   library setup time
          -8.79   data required time
---------------------------------------------------------
          -8.79   data required time
        -550.85   data arrival time
---------------------------------------------------------
        -559.65   slack (VIOLATED)


Startpoint: _10597_ (falling edge-triggered flip-flop clocked by clk')
Endpoint: _10780_ (falling edge-triggered flip-flop clocked by clk')
Path Group: clk
Path Type: max

  Delay    Time   Description
---------------------------------------------------------
   0.00    0.00   clock clk' (fall edge)
   0.00    0.00   clock network delay (ideal)
   0.00    0.00 v _10597_/CLK (DFFLQNx2_ASAP7_75t_R)
 148.99  148.99 ^ _10597_/QN (DFFLQNx2_ASAP7_75t_R)
  49.59  198.58 v _05507_/Y (CKINVDCx20_ASAP7_75t_R)
  84.44  283.02 v _05555_/Y (OR3x4_ASAP7_75t_R)
  81.06  364.08 v _05556_/Y (AND2x6_ASAP7_75t_R)
  39.33  403.40 ^ _05688_/Y (CKINVDCx20_ASAP7_75t_R)
  41.56  444.97 ^ _10206_/Y (OR3x4_ASAP7_75t_R)
  19.59  464.56 v _10207_/Y (NAND2x2_ASAP7_75t_R)
  34.78  499.35 v _10220_/Y (AO21x1_ASAP7_75t_R)
  51.51  550.85 v _10221_/Y (OA211x2_ASAP7_75t_R)
   0.00  550.85 v _10780_/D (DFFLQNx2_ASAP7_75t_R)
         550.85   data arrival time

  10.00   10.00   clock clk' (fall edge)
   0.00   10.00   clock network delay (ideal)
   0.00   10.00   clock reconvergence pessimism
          10.00 v _10780_/CLK (DFFLQNx2_ASAP7_75t_R)
 -18.79   -8.79   library setup time
          -8.79   data required time
---------------------------------------------------------
          -8.79   data required time
        -550.85   data arrival time
---------------------------------------------------------
        -559.64   slack (VIOLATED)


Startpoint: _10597_ (falling edge-triggered flip-flop clocked by clk')
Endpoint: _10781_ (falling edge-triggered flip-flop clocked by clk')
Path Group: clk
Path Type: max

  Delay    Time   Description
---------------------------------------------------------
   0.00    0.00   clock clk' (fall edge)
   0.00    0.00   clock network delay (ideal)
   0.00    0.00 v _10597_/CLK (DFFLQNx2_ASAP7_75t_R)
 148.99  148.99 ^ _10597_/QN (DFFLQNx2_ASAP7_75t_R)
  49.59  198.58 v _05507_/Y (CKINVDCx20_ASAP7_75t_R)
  84.44  283.02 v _05555_/Y (OR3x4_ASAP7_75t_R)
  81.06  364.08 v _05556_/Y (AND2x6_ASAP7_75t_R)
  39.33  403.40 ^ _05688_/Y (CKINVDCx20_ASAP7_75t_R)
  41.56  444.97 ^ _10206_/Y (OR3x4_ASAP7_75t_R)
  19.59  464.56 v _10207_/Y (NAND2x2_ASAP7_75t_R)
  34.78  499.35 v _10222_/Y (AO21x1_ASAP7_75t_R)
  51.51  550.85 v _10223_/Y (OA211x2_ASAP7_75t_R)
   0.00  550.85 v _10781_/D (DFFLQNx2_ASAP7_75t_R)
         550.85   data arrival time

  10.00   10.00   clock clk' (fall edge)
   0.00   10.00   clock network delay (ideal)
   0.00   10.00   clock reconvergence pessimism
          10.00 v _10781_/CLK (DFFLQNx2_ASAP7_75t_R)
 -18.79   -8.79   library setup time
          -8.79   data required time
---------------------------------------------------------
          -8.79   data required time
        -550.85   data arrival time
---------------------------------------------------------
        -559.64   slack (VIOLATED)


Startpoint: _10775_ (falling edge-triggered flip-flop clocked by clk')
Endpoint: _10685_ (falling edge-triggered flip-flop clocked by clk')
Path Group: clk
Path Type: max

  Delay    Time   Description
---------------------------------------------------------
   0.00    0.00   clock clk' (fall edge)
   0.00    0.00   clock network delay (ideal)
   0.00    0.00 v _10775_/CLK (DFFLQNx3_ASAP7_75t_R)
 151.64  151.64 v _10775_/QN (DFFLQNx3_ASAP7_75t_R)
  70.15  221.79 ^ _05526_/Y (NOR2x2_ASAP7_75t_R)
  28.96  250.76 v _05737_/Y (NAND2x2_ASAP7_75t_R)
  38.88  289.63 v rebuffer1138/Y (BUFx4f_ASAP7_75t_R)
  17.75  307.38 ^ _07137_/Y (INVx3_ASAP7_75t_R)
  36.53  343.91 ^ _08577_/Y (AND3x1_ASAP7_75t_R)
  13.48  357.39 v _08578_/Y (INVx1_ASAP7_75t_R)
 120.47  477.86 v _09478_/Y (OR5x2_ASAP7_75t_R)
  67.71  545.57 v _09482_/Y (OA211x2_ASAP7_75t_R)
   0.00  545.57 v _10685_/D (DFFLQNx2_ASAP7_75t_R)
         545.57   data arrival time

  10.00   10.00   clock clk' (fall edge)
   0.00   10.00   clock network delay (ideal)
   0.00   10.00   clock reconvergence pessimism
          10.00 v _10685_/CLK (DFFLQNx2_ASAP7_75t_R)
 -18.79   -8.79   library setup time
          -8.79   data required time
---------------------------------------------------------
          -8.79   data required time
        -545.57   data arrival time
---------------------------------------------------------
        -554.36   slack (VIOLATED)


Startpoint: _10775_ (falling edge-triggered flip-flop clocked by clk')
Endpoint: _10686_ (falling edge-triggered flip-flop clocked by clk')
Path Group: clk
Path Type: max

  Delay    Time   Description
---------------------------------------------------------
   0.00    0.00   clock clk' (fall edge)
   0.00    0.00   clock network delay (ideal)
   0.00    0.00 v _10775_/CLK (DFFLQNx3_ASAP7_75t_R)
 151.64  151.64 v _10775_/QN (DFFLQNx3_ASAP7_75t_R)
  70.15  221.79 ^ _05526_/Y (NOR2x2_ASAP7_75t_R)
  28.96  250.76 v _05737_/Y (NAND2x2_ASAP7_75t_R)
  38.88  289.63 v rebuffer1138/Y (BUFx4f_ASAP7_75t_R)
  17.75  307.38 ^ _07137_/Y (INVx3_ASAP7_75t_R)
  36.53  343.91 ^ _08577_/Y (AND3x1_ASAP7_75t_R)
  13.48  357.39 v _08578_/Y (INVx1_ASAP7_75t_R)
 120.47  477.86 v _09478_/Y (OR5x2_ASAP7_75t_R)
  67.71  545.57 v _09484_/Y (OA211x2_ASAP7_75t_R)
   0.00  545.57 v _10686_/D (DFFLQNx2_ASAP7_75t_R)
         545.57   data arrival time

  10.00   10.00   clock clk' (fall edge)
   0.00   10.00   clock network delay (ideal)
   0.00   10.00   clock reconvergence pessimism
          10.00 v _10686_/CLK (DFFLQNx2_ASAP7_75t_R)
 -18.79   -8.79   library setup time
          -8.79   data required time
---------------------------------------------------------
          -8.79   data required time
        -545.57   data arrival time
---------------------------------------------------------
        -554.36   slack (VIOLATED)


Startpoint: _10775_ (falling edge-triggered flip-flop clocked by clk')
Endpoint: _10687_ (falling edge-triggered flip-flop clocked by clk')
Path Group: clk
Path Type: max

  Delay    Time   Description
---------------------------------------------------------
   0.00    0.00   clock clk' (fall edge)
   0.00    0.00   clock network delay (ideal)
   0.00    0.00 v _10775_/CLK (DFFLQNx3_ASAP7_75t_R)
 151.64  151.64 v _10775_/QN (DFFLQNx3_ASAP7_75t_R)
  70.15  221.79 ^ _05526_/Y (NOR2x2_ASAP7_75t_R)
  28.96  250.76 v _05737_/Y (NAND2x2_ASAP7_75t_R)
  38.88  289.63 v rebuffer1138/Y (BUFx4f_ASAP7_75t_R)
  17.75  307.38 ^ _07137_/Y (INVx3_ASAP7_75t_R)
  36.53  343.91 ^ _08577_/Y (AND3x1_ASAP7_75t_R)
  13.48  357.39 v _08578_/Y (INVx1_ASAP7_75t_R)
 120.47  477.86 v _09478_/Y (OR5x2_ASAP7_75t_R)
  67.71  545.57 v _09488_/Y (OA211x2_ASAP7_75t_R)
   0.00  545.57 v _10687_/D (DFFLQNx2_ASAP7_75t_R)
         545.57   data arrival time

  10.00   10.00   clock clk' (fall edge)
   0.00   10.00   clock network delay (ideal)
   0.00   10.00   clock reconvergence pessimism
          10.00 v _10687_/CLK (DFFLQNx2_ASAP7_75t_R)
 -18.79   -8.79   library setup time
          -8.79   data required time
---------------------------------------------------------
          -8.79   data required time
        -545.57   data arrival time
---------------------------------------------------------
        -554.36   slack (VIOLATED)


Startpoint: _10775_ (falling edge-triggered flip-flop clocked by clk')
Endpoint: _10688_ (falling edge-triggered flip-flop clocked by clk')
Path Group: clk
Path Type: max

  Delay    Time   Description
---------------------------------------------------------
   0.00    0.00   clock clk' (fall edge)
   0.00    0.00   clock network delay (ideal)
   0.00    0.00 v _10775_/CLK (DFFLQNx3_ASAP7_75t_R)
 151.64  151.64 v _10775_/QN (DFFLQNx3_ASAP7_75t_R)
  70.15  221.79 ^ _05526_/Y (NOR2x2_ASAP7_75t_R)
  28.96  250.76 v _05737_/Y (NAND2x2_ASAP7_75t_R)
  38.88  289.63 v rebuffer1138/Y (BUFx4f_ASAP7_75t_R)
  17.75  307.38 ^ _07137_/Y (INVx3_ASAP7_75t_R)
  36.53  343.91 ^ _08577_/Y (AND3x1_ASAP7_75t_R)
  13.48  357.39 v _08578_/Y (INVx1_ASAP7_75t_R)
 120.47  477.86 v _09478_/Y (OR5x2_ASAP7_75t_R)
  67.71  545.57 v _09490_/Y (OA211x2_ASAP7_75t_R)
   0.00  545.57 v _10688_/D (DFFLQNx2_ASAP7_75t_R)
         545.57   data arrival time

  10.00   10.00   clock clk' (fall edge)
   0.00   10.00   clock network delay (ideal)
   0.00   10.00   clock reconvergence pessimism
          10.00 v _10688_/CLK (DFFLQNx2_ASAP7_75t_R)
 -18.79   -8.79   library setup time
          -8.79   data required time
---------------------------------------------------------
          -8.79   data required time
        -545.57   data arrival time
---------------------------------------------------------
        -554.36   slack (VIOLATED)


Startpoint: _10775_ (falling edge-triggered flip-flop clocked by clk')
Endpoint: _10689_ (falling edge-triggered flip-flop clocked by clk')
Path Group: clk
Path Type: max

  Delay    Time   Description
---------------------------------------------------------
   0.00    0.00   clock clk' (fall edge)
   0.00    0.00   clock network delay (ideal)
   0.00    0.00 v _10775_/CLK (DFFLQNx3_ASAP7_75t_R)
 151.64  151.64 v _10775_/QN (DFFLQNx3_ASAP7_75t_R)
  70.15  221.79 ^ _05526_/Y (NOR2x2_ASAP7_75t_R)
  28.96  250.76 v _05737_/Y (NAND2x2_ASAP7_75t_R)
  38.88  289.63 v rebuffer1138/Y (BUFx4f_ASAP7_75t_R)
  17.75  307.38 ^ _07137_/Y (INVx3_ASAP7_75t_R)
  36.53  343.91 ^ _08577_/Y (AND3x1_ASAP7_75t_R)
  13.48  357.39 v _08578_/Y (INVx1_ASAP7_75t_R)
 120.47  477.86 v _09478_/Y (OR5x2_ASAP7_75t_R)
  67.71  545.57 v _09492_/Y (OA211x2_ASAP7_75t_R)
   0.00  545.57 v _10689_/D (DFFLQNx2_ASAP7_75t_R)
         545.57   data arrival time

  10.00   10.00   clock clk' (fall edge)
   0.00   10.00   clock network delay (ideal)
   0.00   10.00   clock reconvergence pessimism
          10.00 v _10689_/CLK (DFFLQNx2_ASAP7_75t_R)
 -18.79   -8.79   library setup time
          -8.79   data required time
---------------------------------------------------------
          -8.79   data required time
        -545.57   data arrival time
---------------------------------------------------------
        -554.36   slack (VIOLATED)


Startpoint: _10775_ (falling edge-triggered flip-flop clocked by clk')
Endpoint: _10690_ (falling edge-triggered flip-flop clocked by clk')
Path Group: clk
Path Type: max

  Delay    Time   Description
---------------------------------------------------------
   0.00    0.00   clock clk' (fall edge)
   0.00    0.00   clock network delay (ideal)
   0.00    0.00 v _10775_/CLK (DFFLQNx3_ASAP7_75t_R)
 151.64  151.64 v _10775_/QN (DFFLQNx3_ASAP7_75t_R)
  70.15  221.79 ^ _05526_/Y (NOR2x2_ASAP7_75t_R)
  28.96  250.76 v _05737_/Y (NAND2x2_ASAP7_75t_R)
  38.88  289.63 v rebuffer1138/Y (BUFx4f_ASAP7_75t_R)
  17.75  307.38 ^ _07137_/Y (INVx3_ASAP7_75t_R)
  36.53  343.91 ^ _08577_/Y (AND3x1_ASAP7_75t_R)
  13.48  357.39 v _08578_/Y (INVx1_ASAP7_75t_R)
 120.47  477.86 v _09478_/Y (OR5x2_ASAP7_75t_R)
  67.71  545.57 v _09494_/Y (OA211x2_ASAP7_75t_R)
   0.00  545.57 v _10690_/D (DFFLQNx2_ASAP7_75t_R)
         545.57   data arrival time

  10.00   10.00   clock clk' (fall edge)
   0.00   10.00   clock network delay (ideal)
   0.00   10.00   clock reconvergence pessimism
          10.00 v _10690_/CLK (DFFLQNx2_ASAP7_75t_R)
 -18.79   -8.79   library setup time
          -8.79   data required time
---------------------------------------------------------
          -8.79   data required time
        -545.57   data arrival time
---------------------------------------------------------
        -554.36   slack (VIOLATED)


Startpoint: _10775_ (falling edge-triggered flip-flop clocked by clk')
Endpoint: _10691_ (falling edge-triggered flip-flop clocked by clk')
Path Group: clk
Path Type: max

  Delay    Time   Description
---------------------------------------------------------
   0.00    0.00   clock clk' (fall edge)
   0.00    0.00   clock network delay (ideal)
   0.00    0.00 v _10775_/CLK (DFFLQNx3_ASAP7_75t_R)
 151.64  151.64 v _10775_/QN (DFFLQNx3_ASAP7_75t_R)
  70.15  221.79 ^ _05526_/Y (NOR2x2_ASAP7_75t_R)
  28.96  250.76 v _05737_/Y (NAND2x2_ASAP7_75t_R)
  38.88  289.63 v rebuffer1138/Y (BUFx4f_ASAP7_75t_R)
  17.75  307.38 ^ _07137_/Y (INVx3_ASAP7_75t_R)
  36.53  343.91 ^ _08577_/Y (AND3x1_ASAP7_75t_R)
  13.48  357.39 v _08578_/Y (INVx1_ASAP7_75t_R)
 120.47  477.86 v _09478_/Y (OR5x2_ASAP7_75t_R)
  67.71  545.57 v _09497_/Y (OA211x2_ASAP7_75t_R)
   0.00  545.57 v _10691_/D (DFFLQNx2_ASAP7_75t_R)
         545.57   data arrival time

  10.00   10.00   clock clk' (fall edge)
   0.00   10.00   clock network delay (ideal)
   0.00   10.00   clock reconvergence pessimism
          10.00 v _10691_/CLK (DFFLQNx2_ASAP7_75t_R)
 -18.79   -8.79   library setup time
          -8.79   data required time
---------------------------------------------------------
          -8.79   data required time
        -545.57   data arrival time
---------------------------------------------------------
        -554.36   slack (VIOLATED)


Startpoint: _10775_ (falling edge-triggered flip-flop clocked by clk')
Endpoint: _10692_ (falling edge-triggered flip-flop clocked by clk')
Path Group: clk
Path Type: max

  Delay    Time   Description
---------------------------------------------------------
   0.00    0.00   clock clk' (fall edge)
   0.00    0.00   clock network delay (ideal)
   0.00    0.00 v _10775_/CLK (DFFLQNx3_ASAP7_75t_R)
 151.64  151.64 v _10775_/QN (DFFLQNx3_ASAP7_75t_R)
  70.15  221.79 ^ _05526_/Y (NOR2x2_ASAP7_75t_R)
  28.96  250.76 v _05737_/Y (NAND2x2_ASAP7_75t_R)
  38.88  289.63 v rebuffer1138/Y (BUFx4f_ASAP7_75t_R)
  17.75  307.38 ^ _07137_/Y (INVx3_ASAP7_75t_R)
  36.53  343.91 ^ _08577_/Y (AND3x1_ASAP7_75t_R)
  13.48  357.39 v _08578_/Y (INVx1_ASAP7_75t_R)
 120.47  477.86 v _09478_/Y (OR5x2_ASAP7_75t_R)
  67.71  545.57 v _09499_/Y (OA211x2_ASAP7_75t_R)
   0.00  545.57 v _10692_/D (DFFLQNx2_ASAP7_75t_R)
         545.57   data arrival time

  10.00   10.00   clock clk' (fall edge)
   0.00   10.00   clock network delay (ideal)
   0.00   10.00   clock reconvergence pessimism
          10.00 v _10692_/CLK (DFFLQNx2_ASAP7_75t_R)
 -18.79   -8.79   library setup time
          -8.79   data required time
---------------------------------------------------------
          -8.79   data required time
        -545.57   data arrival time
---------------------------------------------------------
        -554.36   slack (VIOLATED)


Startpoint: _10775_ (falling edge-triggered flip-flop clocked by clk')
Endpoint: _10709_ (falling edge-triggered flip-flop clocked by clk')
Path Group: clk
Path Type: max

  Delay    Time   Description
---------------------------------------------------------
   0.00    0.00   clock clk' (fall edge)
   0.00    0.00   clock network delay (ideal)
   0.00    0.00 v _10775_/CLK (DFFLQNx3_ASAP7_75t_R)
 151.64  151.64 v _10775_/QN (DFFLQNx3_ASAP7_75t_R)
  70.60  222.24 ^ _05584_/Y (NAND2x2_ASAP7_75t_R)
  52.21  274.45 v _05609_/Y (NOR2x2_ASAP7_75t_R)
  34.16  308.61 ^ _05891_/Y (NAND2x2_ASAP7_75t_R)
  36.34  344.96 ^ rebuffer405/Y (BUFx2_ASAP7_75t_R)
  31.14  376.10 ^ rebuffer406/Y (BUFx2_ASAP7_75t_R)
  30.19  406.29 v _09304_/Y (NOR2x2_ASAP7_75t_R)
  44.74  451.03 ^ _09308_/Y (INVx2_ASAP7_75t_R)
  51.88  502.91 v _09657_/Y (NOR2x2_ASAP7_75t_R)
  42.50  545.41 v _09660_/Y (AO21x1_ASAP7_75t_R)
   0.00  545.41 v _10709_/D (DFFLQNx2_ASAP7_75t_R)
         545.41   data arrival time

  10.00   10.00   clock clk' (fall edge)
   0.00   10.00   clock network delay (ideal)
   0.00   10.00   clock reconvergence pessimism
          10.00 v _10709_/CLK (DFFLQNx2_ASAP7_75t_R)
 -17.66   -7.66   library setup time
          -7.66   data required time
---------------------------------------------------------
          -7.66   data required time
        -545.41   data arrival time
---------------------------------------------------------
        -553.07   slack (VIOLATED)


Startpoint: _10775_ (falling edge-triggered flip-flop clocked by clk')
Endpoint: _10710_ (falling edge-triggered flip-flop clocked by clk')
Path Group: clk
Path Type: max

  Delay    Time   Description
---------------------------------------------------------
   0.00    0.00   clock clk' (fall edge)
   0.00    0.00   clock network delay (ideal)
   0.00    0.00 v _10775_/CLK (DFFLQNx3_ASAP7_75t_R)
 151.64  151.64 v _10775_/QN (DFFLQNx3_ASAP7_75t_R)
  70.60  222.24 ^ _05584_/Y (NAND2x2_ASAP7_75t_R)
  52.21  274.45 v _05609_/Y (NOR2x2_ASAP7_75t_R)
  34.16  308.61 ^ _05891_/Y (NAND2x2_ASAP7_75t_R)
  36.34  344.96 ^ rebuffer405/Y (BUFx2_ASAP7_75t_R)
  31.14  376.10 ^ rebuffer406/Y (BUFx2_ASAP7_75t_R)
  30.19  406.29 v _09304_/Y (NOR2x2_ASAP7_75t_R)
  44.74  451.03 ^ _09308_/Y (INVx2_ASAP7_75t_R)
  51.88  502.91 v _09657_/Y (NOR2x2_ASAP7_75t_R)
  42.50  545.41 v _09662_/Y (AO21x1_ASAP7_75t_R)
   0.00  545.41 v _10710_/D (DFFLQNx2_ASAP7_75t_R)
         545.41   data arrival time

  10.00   10.00   clock clk' (fall edge)
   0.00   10.00   clock network delay (ideal)
   0.00   10.00   clock reconvergence pessimism
          10.00 v _10710_/CLK (DFFLQNx2_ASAP7_75t_R)
 -17.66   -7.66   library setup time
          -7.66   data required time
---------------------------------------------------------
          -7.66   data required time
        -545.41   data arrival time
---------------------------------------------------------
        -553.07   slack (VIOLATED)


Startpoint: _10775_ (falling edge-triggered flip-flop clocked by clk')
Endpoint: _10711_ (falling edge-triggered flip-flop clocked by clk')
Path Group: clk
Path Type: max

  Delay    Time   Description
---------------------------------------------------------
   0.00    0.00   clock clk' (fall edge)
   0.00    0.00   clock network delay (ideal)
   0.00    0.00 v _10775_/CLK (DFFLQNx3_ASAP7_75t_R)
 151.64  151.64 v _10775_/QN (DFFLQNx3_ASAP7_75t_R)
  70.60  222.24 ^ _05584_/Y (NAND2x2_ASAP7_75t_R)
  52.21  274.45 v _05609_/Y (NOR2x2_ASAP7_75t_R)
  34.16  308.61 ^ _05891_/Y (NAND2x2_ASAP7_75t_R)
  36.34  344.96 ^ rebuffer405/Y (BUFx2_ASAP7_75t_R)
  31.14  376.10 ^ rebuffer406/Y (BUFx2_ASAP7_75t_R)
  30.19  406.29 v _09304_/Y (NOR2x2_ASAP7_75t_R)
  44.74  451.03 ^ _09308_/Y (INVx2_ASAP7_75t_R)
  51.88  502.91 v _09657_/Y (NOR2x2_ASAP7_75t_R)
  42.50  545.41 v _09664_/Y (AO21x1_ASAP7_75t_R)
   0.00  545.41 v _10711_/D (DFFLQNx2_ASAP7_75t_R)
         545.41   data arrival time

  10.00   10.00   clock clk' (fall edge)
   0.00   10.00   clock network delay (ideal)
   0.00   10.00   clock reconvergence pessimism
          10.00 v _10711_/CLK (DFFLQNx2_ASAP7_75t_R)
 -17.66   -7.66   library setup time
          -7.66   data required time
---------------------------------------------------------
          -7.66   data required time
        -545.41   data arrival time
---------------------------------------------------------
        -553.07   slack (VIOLATED)


Startpoint: _10775_ (falling edge-triggered flip-flop clocked by clk')
Endpoint: _10791_ (falling edge-triggered flip-flop clocked by clk')
Path Group: clk
Path Type: max

  Delay    Time   Description
---------------------------------------------------------
   0.00    0.00   clock clk' (fall edge)
   0.00    0.00   clock network delay (ideal)
   0.00    0.00 v _10775_/CLK (DFFLQNx3_ASAP7_75t_R)
 151.64  151.64 v _10775_/QN (DFFLQNx3_ASAP7_75t_R)
  36.95  188.59 ^ _05514_/Y (INVx8_ASAP7_75t_R)
  40.84  229.43 v _05515_/Y (NOR2x2_ASAP7_75t_R)
  41.31  270.75 v rebuffer388/Y (BUFx6f_ASAP7_75t_R)
  32.80  303.54 v rebuffer389/Y (BUFx2_ASAP7_75t_R)
  34.36  337.91 ^ clone378/Y (NAND2x2_ASAP7_75t_R)
  28.73  366.63 v _05730_/Y (NOR2x2_ASAP7_75t_R)
  40.75  407.39 v rebuffer1068/Y (BUFx2_ASAP7_75t_R)
  36.69  444.08 v rebuffer1072/Y (BUFx2_ASAP7_75t_R)
  29.49  473.57 v rebuffer1073/Y (BUFx2_ASAP7_75t_R)
  40.34  513.91 v _10332_/Y (AO32x1_ASAP7_75t_R)
   0.00  513.91 v _10791_/D (DFFLQNx2_ASAP7_75t_R)
         513.91   data arrival time

  10.00   10.00   clock clk' (fall edge)
   0.00   10.00   clock network delay (ideal)
   0.00   10.00   clock reconvergence pessimism
          10.00 v _10791_/CLK (DFFLQNx2_ASAP7_75t_R)
 -18.84   -8.84   library setup time
          -8.84   data required time
---------------------------------------------------------
          -8.84   data required time
        -513.91   data arrival time
---------------------------------------------------------
        -522.75   slack (VIOLATED)


Startpoint: _10892_ (falling edge-triggered flip-flop clocked by clk')
Endpoint: _10615_ (falling edge-triggered flip-flop clocked by clk')
Path Group: clk
Path Type: max

  Delay    Time   Description
---------------------------------------------------------
   0.00    0.00   clock clk' (fall edge)
   0.00    0.00   clock network delay (ideal)
   0.00    0.00 v _10892_/CLK (DFFLQNx2_ASAP7_75t_R)
 196.72  196.72 v _10892_/QN (DFFLQNx2_ASAP7_75t_R)
 104.46  301.18 v _05577_/Y (AND2x6_ASAP7_75t_R)
  36.49  337.66 ^ _08720_/Y (NAND2x1_ASAP7_75t_R)
  31.36  369.02 v _08721_/Y (NOR2x2_ASAP7_75t_R)
  60.27  429.30 v _08757_/Y (OA211x2_ASAP7_75t_R)
  48.17  477.47 v _08759_/Y (OA211x2_ASAP7_75t_R)
  36.43  513.91 v _08763_/Y (OA21x2_ASAP7_75t_R)
   0.00  513.91 v _10615_/D (DFFLQNx2_ASAP7_75t_R)
         513.91   data arrival time

  10.00   10.00   clock clk' (fall edge)
   0.00   10.00   clock network delay (ideal)
   0.00   10.00   clock reconvergence pessimism
          10.00 v _10615_/CLK (DFFLQNx2_ASAP7_75t_R)
 -17.27   -7.27   library setup time
          -7.27   data required time
---------------------------------------------------------
          -7.27   data required time
        -513.91   data arrival time
---------------------------------------------------------
        -521.18   slack (VIOLATED)


Startpoint: _10774_ (falling edge-triggered flip-flop clocked by clk')
Endpoint: _10592_ (falling edge-triggered flip-flop clocked by clk')
Path Group: clk
Path Type: max

  Delay    Time   Description
---------------------------------------------------------
   0.00    0.00   clock clk' (fall edge)
   0.00    0.00   clock network delay (ideal)
   0.00    0.00 v _10774_/CLK (DFFLQNx3_ASAP7_75t_R)
 137.71  137.71 v _10774_/QN (DFFLQNx3_ASAP7_75t_R)
  47.10  184.82 v rebuffer1140/Y (BUFx6f_ASAP7_75t_R)
  14.79  199.60 ^ _05592_/Y (INVx8_ASAP7_75t_R)
  31.11  230.72 v _05593_/Y (NOR2x2_ASAP7_75t_R)
  57.73  288.45 ^ _05665_/Y (NAND2x2_ASAP7_75t_R)
  28.74  317.19 v _05666_/Y (INVx8_ASAP7_75t_R)
  33.32  350.50 v _05668_/Y (AND3x2_ASAP7_75t_R)
  14.76  365.27 ^ _05669_/Y (INVx1_ASAP7_75t_R)
  16.54  381.81 v _05670_/Y (NOR2x1_ASAP7_75t_R)
  51.38  433.19 v _05675_/Y (OR3x1_ASAP7_75t_R)
  20.32  453.50 ^ _05679_/Y (NAND2x1_ASAP7_75t_R)
  42.39  495.89 ^ _05694_/Y (OA211x2_ASAP7_75t_R)
  22.77  518.66 ^ _05695_/Y (AO21x1_ASAP7_75t_R)
   0.00  518.66 ^ _10592_/D (DFFLQNx2_ASAP7_75t_R)
         518.66   data arrival time

  10.00   10.00   clock clk' (fall edge)
   0.00   10.00   clock network delay (ideal)
   0.00   10.00   clock reconvergence pessimism
          10.00 v _10592_/CLK (DFFLQNx2_ASAP7_75t_R)
  -3.82    6.18   library setup time
           6.18   data required time
---------------------------------------------------------
           6.18   data required time
        -518.66   data arrival time
---------------------------------------------------------
        -512.48   slack (VIOLATED)


Startpoint: _10774_ (falling edge-triggered flip-flop clocked by clk')
Endpoint: _10591_ (falling edge-triggered flip-flop clocked by clk')
Path Group: clk
Path Type: max

  Delay    Time   Description
---------------------------------------------------------
   0.00    0.00   clock clk' (fall edge)
   0.00    0.00   clock network delay (ideal)
   0.00    0.00 v _10774_/CLK (DFFLQNx3_ASAP7_75t_R)
 137.71  137.71 v _10774_/QN (DFFLQNx3_ASAP7_75t_R)
  47.10  184.82 v rebuffer1140/Y (BUFx6f_ASAP7_75t_R)
  14.79  199.60 ^ _05592_/Y (INVx8_ASAP7_75t_R)
  31.11  230.72 v _05593_/Y (NOR2x2_ASAP7_75t_R)
  57.73  288.45 ^ _05665_/Y (NAND2x2_ASAP7_75t_R)
  28.74  317.19 v _05666_/Y (INVx8_ASAP7_75t_R)
  33.32  350.50 v _05668_/Y (AND3x2_ASAP7_75t_R)
  14.76  365.27 ^ _05669_/Y (INVx1_ASAP7_75t_R)
  16.54  381.81 v _05670_/Y (NOR2x1_ASAP7_75t_R)
  51.38  433.19 v _05675_/Y (OR3x1_ASAP7_75t_R)
  20.32  453.50 ^ _05679_/Y (NAND2x1_ASAP7_75t_R)
  42.39  495.89 ^ _05682_/Y (OA211x2_ASAP7_75t_R)
  22.77  518.66 ^ _05683_/Y (AO21x1_ASAP7_75t_R)
   0.00  518.66 ^ _10591_/D (DFFLQNx2_ASAP7_75t_R)
         518.66   data arrival time

  10.00   10.00   clock clk' (fall edge)
   0.00   10.00   clock network delay (ideal)
   0.00   10.00   clock reconvergence pessimism
          10.00 v _10591_/CLK (DFFLQNx2_ASAP7_75t_R)
  -3.81    6.19   library setup time
           6.19   data required time
---------------------------------------------------------
           6.19   data required time
        -518.66   data arrival time
---------------------------------------------------------
        -512.48   slack (VIOLATED)


Startpoint: _10775_ (falling edge-triggered flip-flop clocked by clk')
Endpoint: _10589_ (falling edge-triggered flip-flop clocked by clk')
Path Group: clk
Path Type: max

  Delay    Time   Description
---------------------------------------------------------
   0.00    0.00   clock clk' (fall edge)
   0.00    0.00   clock network delay (ideal)
   0.00    0.00 v _10775_/CLK (DFFLQNx3_ASAP7_75t_R)
 134.92  134.92 ^ _10775_/QN (DFFLQNx3_ASAP7_75t_R)
  67.43  202.35 v _05526_/Y (NOR2x2_ASAP7_75t_R)
  59.08  261.42 ^ _05572_/Y (NAND2x2_ASAP7_75t_R)
  40.22  301.64 ^ rebuffer1078/Y (BUFx6f_ASAP7_75t_R)
  30.14  331.78 ^ rebuffer1079/Y (BUFx2_ASAP7_75t_R)
  20.73  352.50 v _05821_/Y (NOR2x2_ASAP7_75t_R)
  41.33  393.83 v _05822_/Y (AO21x1_ASAP7_75t_R)
  56.98  450.82 v _05823_/Y (OA211x2_ASAP7_75t_R)
  46.26  497.08 v _05824_/Y (AO221x1_ASAP7_75t_R)
   0.00  497.08 v _10589_/D (DFFLQNx2_ASAP7_75t_R)
         497.08   data arrival time

  10.00   10.00   clock clk' (fall edge)
   0.00   10.00   clock network delay (ideal)
   0.00   10.00   clock reconvergence pessimism
          10.00 v _10589_/CLK (DFFLQNx2_ASAP7_75t_R)
 -18.75   -8.75   library setup time
          -8.75   data required time
---------------------------------------------------------
          -8.75   data required time
        -497.08   data arrival time
---------------------------------------------------------
        -505.83   slack (VIOLATED)


Startpoint: _10775_ (falling edge-triggered flip-flop clocked by clk')
Endpoint: _10588_ (falling edge-triggered flip-flop clocked by clk')
Path Group: clk
Path Type: max

  Delay    Time   Description
---------------------------------------------------------
   0.00    0.00   clock clk' (fall edge)
   0.00    0.00   clock network delay (ideal)
   0.00    0.00 v _10775_/CLK (DFFLQNx3_ASAP7_75t_R)
 151.64  151.64 v _10775_/QN (DFFLQNx3_ASAP7_75t_R)
  36.95  188.59 ^ _05514_/Y (INVx8_ASAP7_75t_R)
  40.84  229.43 v _05515_/Y (NOR2x2_ASAP7_75t_R)
  45.04  274.47 v rebuffer536/Y (BUFx2_ASAP7_75t_R)
  29.90  304.38 ^ _05587_/Y (NAND2x2_ASAP7_75t_R)
  39.11  343.49 ^ _05590_/Y (AO21x1_ASAP7_75t_R)
  15.01  358.50 v _05591_/Y (INVx1_ASAP7_75t_R)
  44.39  402.89 v _05843_/Y (AO32x1_ASAP7_75t_R)
  32.63  435.52 v _05844_/Y (AO21x1_ASAP7_75t_R)
  45.68  481.20 v _05845_/Y (AO221x1_ASAP7_75t_R)
   0.00  481.20 v _10588_/D (DFFLQNx2_ASAP7_75t_R)
         481.20   data arrival time

  10.00   10.00   clock clk' (fall edge)
   0.00   10.00   clock network delay (ideal)
   0.00   10.00   clock reconvergence pessimism
          10.00 v _10588_/CLK (DFFLQNx2_ASAP7_75t_R)
 -18.18   -8.18   library setup time
          -8.18   data required time
---------------------------------------------------------
          -8.18   data required time
        -481.20   data arrival time
---------------------------------------------------------
        -489.37   slack (VIOLATED)


Startpoint: _10775_ (falling edge-triggered flip-flop clocked by clk')
Endpoint: _10798_ (falling edge-triggered flip-flop clocked by clk')
Path Group: clk
Path Type: max

  Delay    Time   Description
---------------------------------------------------------
   0.00    0.00   clock clk' (fall edge)
   0.00    0.00   clock network delay (ideal)
   0.00    0.00 v _10775_/CLK (DFFLQNx3_ASAP7_75t_R)
 151.64  151.64 v _10775_/QN (DFFLQNx3_ASAP7_75t_R)
  70.60  222.24 ^ _05584_/Y (NAND2x2_ASAP7_75t_R)
  44.63  266.88 v _05771_/Y (NOR2x2_ASAP7_75t_R)
  54.09  320.97 ^ _05773_/Y (OAI21x1_ASAP7_75t_R)
  48.62  369.59 ^ rebuffer537/Y (BUFx2_ASAP7_75t_R)
  18.88  388.48 v _07110_/Y (NOR2x2_ASAP7_75t_R)
  44.59  433.06 v _10443_/Y (AO32x1_ASAP7_75t_R)
  39.00  472.06 v _10444_/Y (AO22x1_ASAP7_75t_R)
   0.00  472.06 v _10798_/D (DFFLQNx3_ASAP7_75t_R)
         472.06   data arrival time

  10.00   10.00   clock clk' (fall edge)
   0.00   10.00   clock network delay (ideal)
   0.00   10.00   clock reconvergence pessimism
          10.00 v _10798_/CLK (DFFLQNx3_ASAP7_75t_R)
 -18.59   -8.59   library setup time
          -8.59   data required time
---------------------------------------------------------
          -8.59   data required time
        -472.06   data arrival time
---------------------------------------------------------
        -480.66   slack (VIOLATED)


Startpoint: _10775_ (falling edge-triggered flip-flop clocked by clk')
Endpoint: _10587_ (falling edge-triggered flip-flop clocked by clk')
Path Group: clk
Path Type: max

  Delay    Time   Description
---------------------------------------------------------
   0.00    0.00   clock clk' (fall edge)
   0.00    0.00   clock network delay (ideal)
   0.00    0.00 v _10775_/CLK (DFFLQNx3_ASAP7_75t_R)
 151.64  151.64 v _10775_/QN (DFFLQNx3_ASAP7_75t_R)
  70.60  222.24 ^ _05584_/Y (NAND2x2_ASAP7_75t_R)
  51.20  273.44 v _05585_/Y (NOR2x2_ASAP7_75t_R)
  31.32  304.76 ^ _05586_/Y (INVx4_ASAP7_75t_R)
  28.34  333.10 v _05852_/Y (NOR2x2_ASAP7_75t_R)
  27.44  360.54 ^ _05853_/Y (INVx2_ASAP7_75t_R)
  20.33  380.87 v _05855_/Y (NAND2x2_ASAP7_75t_R)
  22.02  402.89 ^ _05856_/Y (NOR2x2_ASAP7_75t_R)
  14.02  416.91 v _05857_/Y (NAND2x1_ASAP7_75t_R)
  42.75  459.66 v _05860_/Y (AO221x1_ASAP7_75t_R)
   0.00  459.66 v _10587_/D (DFFLQNx2_ASAP7_75t_R)
         459.66   data arrival time

  10.00   10.00   clock clk' (fall edge)
   0.00   10.00   clock network delay (ideal)
   0.00   10.00   clock reconvergence pessimism
          10.00 v _10587_/CLK (DFFLQNx2_ASAP7_75t_R)
 -18.75   -8.75   library setup time
          -8.75   data required time
---------------------------------------------------------
          -8.75   data required time
        -459.66   data arrival time
---------------------------------------------------------
        -468.42   slack (VIOLATED)


Startpoint: _10621_ (falling edge-triggered flip-flop clocked by clk')
Endpoint: _10621_ (falling edge-triggered flip-flop clocked by clk')
Path Group: clk
Path Type: max

  Delay    Time   Description
---------------------------------------------------------
   0.00    0.00   clock clk' (fall edge)
   0.00    0.00   clock network delay (ideal)
   0.00    0.00 v _10621_/CLK (DFFLQNx2_ASAP7_75t_R)
  81.78   81.78 ^ _10621_/QN (DFFLQNx2_ASAP7_75t_R)
  22.39  104.17 v _08736_/Y (INVx1_ASAP7_75t_R)
  33.39  137.56 v _08780_/Y (AO21x1_ASAP7_75t_R)
  51.00  188.56 v _08781_/Y (OA211x2_ASAP7_75t_R)
   0.00  188.56 v _10621_/D (DFFLQNx2_ASAP7_75t_R)
         188.56   data arrival time

  10.00   10.00   clock clk' (fall edge)
   0.00   10.00   clock network delay (ideal)
   0.00   10.00   clock reconvergence pessimism
          10.00 v _10621_/CLK (DFFLQNx2_ASAP7_75t_R)
 -18.79   -8.79   library setup time
          -8.79   data required time
---------------------------------------------------------
          -8.79   data required time
        -188.56   data arrival time
---------------------------------------------------------
        -197.35   slack (VIOLATED)


Startpoint: _10623_ (falling edge-triggered flip-flop clocked by clk')
Endpoint: _10623_ (falling edge-triggered flip-flop clocked by clk')
Path Group: clk
Path Type: max

  Delay    Time   Description
---------------------------------------------------------
   0.00    0.00   clock clk' (fall edge)
   0.00    0.00   clock network delay (ideal)
   0.00    0.00 v _10623_/CLK (DFFLQNx3_ASAP7_75t_R)
  84.81   84.81 ^ _10623_/QN (DFFLQNx3_ASAP7_75t_R)
  17.80  102.61 v _08779_/Y (INVx1_ASAP7_75t_R)
  48.09  150.70 v _08785_/Y (OA211x2_ASAP7_75t_R)
   0.00  150.70 v _10623_/D (DFFLQNx3_ASAP7_75t_R)
         150.70   data arrival time

  10.00   10.00   clock clk' (fall edge)
   0.00   10.00   clock network delay (ideal)
   0.00   10.00   clock reconvergence pessimism
          10.00 v _10623_/CLK (DFFLQNx3_ASAP7_75t_R)
 -18.79   -8.79   library setup time
          -8.79   data required time
---------------------------------------------------------
          -8.79   data required time
        -150.70   data arrival time
---------------------------------------------------------
        -159.49   slack (VIOLATED)


Startpoint: _10616_ (falling edge-triggered flip-flop clocked by clk')
Endpoint: _10617_ (falling edge-triggered flip-flop clocked by clk')
Path Group: clk
Path Type: max

  Delay    Time   Description
---------------------------------------------------------
   0.00    0.00   clock clk' (fall edge)
   0.00    0.00   clock network delay (ideal)
   0.00    0.00 v _10616_/CLK (DFFLQNx2_ASAP7_75t_R)
  96.97   96.97 v _10616_/QN (DFFLQNx2_ASAP7_75t_R)
  41.10  138.07 v _08767_/Y (AO21x1_ASAP7_75t_R)
  17.87  155.94 ^ _08768_/Y (AOI21x1_ASAP7_75t_R)
   0.00  155.94 ^ _10617_/D (DFFLQNx2_ASAP7_75t_R)
         155.94   data arrival time

  10.00   10.00   clock clk' (fall edge)
   0.00   10.00   clock network delay (ideal)
   0.00   10.00   clock reconvergence pessimism
          10.00 v _10617_/CLK (DFFLQNx2_ASAP7_75t_R)
  -5.83    4.17   library setup time
           4.17   data required time
---------------------------------------------------------
           4.17   data required time
        -155.94   data arrival time
---------------------------------------------------------
        -151.77   slack (VIOLATED)


Startpoint: _10620_ (falling edge-triggered flip-flop clocked by clk')
Endpoint: _10620_ (falling edge-triggered flip-flop clocked by clk')
Path Group: clk
Path Type: max

  Delay    Time   Description
---------------------------------------------------------
   0.00    0.00   clock clk' (fall edge)
   0.00    0.00   clock network delay (ideal)
   0.00    0.00 v _10620_/CLK (DFFLQNx2_ASAP7_75t_R)
  97.38   97.38 v _10620_/QN (DFFLQNx2_ASAP7_75t_R)
  21.64  119.02 ^ _08777_/Y (AOI21x1_ASAP7_75t_R)
   0.00  119.02 ^ _10620_/D (DFFLQNx2_ASAP7_75t_R)
         119.02   data arrival time

  10.00   10.00   clock clk' (fall edge)
   0.00   10.00   clock network delay (ideal)
   0.00   10.00   clock reconvergence pessimism
          10.00 v _10620_/CLK (DFFLQNx2_ASAP7_75t_R)
  -5.89    4.11   library setup time
           4.11   data required time
---------------------------------------------------------
           4.11   data required time
        -119.02   data arrival time
---------------------------------------------------------
        -114.91   slack (VIOLATED)


Startpoint: _10622_ (falling edge-triggered flip-flop clocked by clk')
Endpoint: _10622_ (falling edge-triggered flip-flop clocked by clk')
Path Group: clk
Path Type: max

  Delay    Time   Description
---------------------------------------------------------
   0.00    0.00   clock clk' (fall edge)
   0.00    0.00   clock network delay (ideal)
   0.00    0.00 v _10622_/CLK (DFFLQNx2_ASAP7_75t_R)
  93.55   93.55 v _10622_/QN (DFFLQNx2_ASAP7_75t_R)
  21.04  114.59 ^ _08783_/Y (AOI21x1_ASAP7_75t_R)
   0.00  114.59 ^ _10622_/D (DFFLQNx2_ASAP7_75t_R)
         114.59   data arrival time

  10.00   10.00   clock clk' (fall edge)
   0.00   10.00   clock network delay (ideal)
   0.00   10.00   clock reconvergence pessimism
          10.00 v _10622_/CLK (DFFLQNx2_ASAP7_75t_R)
  -5.77    4.23   library setup time
           4.23   data required time
---------------------------------------------------------
           4.23   data required time
        -114.59   data arrival time
---------------------------------------------------------
        -110.36   slack (VIOLATED)


